{
"type": "FeatureCollection",
"name": "AQ",
"crs": { "type": "name", "properties": { "name": "urn:ogc:def:crs:OGC:1.3:CRS84" } },
"features": [
{ "type": "Feature", "properties": { "geogrid_id": "2959386677082522178", "seqnum": 16646.0, "lat_c": -59.386677098905757, "lon_c": 82.522177794050805, "res": 7.0, "count_Birds": 9, "count_Mammals": 1, "count_Molluscs": 1, "count_Mosses": 0, "count_Insects": 0, "count_Sac Fungi": 0, "count_Flowering Plants": 0, "count_Arachnids": 0, "count_Basidiomycota": 0, "count_Amphibians": 0, "unique_species_count": 11.0, "countryCode": "AQ" }, "geometry": { "type": "MultiPolygon", "coordinates": [ [ [ [ 82.086326109688144, -58.54606285183187 ], [ 83.686754816498862, -58.83990572160203 ], [ 84.16538123728219, -59.673572062440506 ], [ 82.97914685037378, -60.225702689597441 ], [ 81.322971083029771, -59.925838785464876 ], [ 80.909915613395029, -59.080159704507359 ], [ 82.086326109688144, -58.54606285183187 ] ] ] ] } },
{ "type": "Feature", "properties": { "geogrid_id": "2959386677119977822", "seqnum": 17213.0, "lat_c": -59.386677099328253, "lon_c": 119.97782220954527, "res": 7.0, "count_Birds": 2, "count_Mammals": 2, "count_Molluscs": 0, "count_Mosses": 0, "count_Insects": 0, "count_Sac Fungi": 0, "count_Flowering Plants": 0, "count_Arachnids": 0, "count_Basidiomycota": 0, "count_Amphibians": 0, "unique_species_count": 4.0, "countryCode": "AQ" }, "geometry": { "type": "MultiPolygon", "coordinates": [ [ [ [ 118.813245187282078, -58.839905721911698 ], [ 120.41367389409082, -58.546062852236219 ], [ 121.590084390209157, -59.080159705024684 ], [ 121.177028920383265, -59.925838786001343 ], [ 119.520853153029677, -60.22570269003706 ], [ 118.334618766315273, -59.673572062766262 ], [ 118.813245187282078, -58.839905721911698 ] ] ] ] } },
{ "type": "Feature", "properties": { "geogrid_id": "2959406832002787608", "seqnum": 15174.0, "lat_c": -59.406832119671115, "lon_c": 2.7876080929728269, "res": 7.0, "count_Birds": 1, "count_Mammals": 0, "count_Molluscs": 0, "count_Mosses": 0, "count_Insects": 0, "count_Sac Fungi": 0, "count_Flowering Plants": 0, "count_Arachnids": 0, "count_Basidiomycota": 0, "count_Amphibians": 0, "unique_species_count": 1.0, "countryCode": "AQ" }, "geometry": { "type": "MultiPolygon", "coordinates": [ [ [ [ 3.165115183598489, -58.523523906103819 ], [ 4.246359278642798, -59.257043889342022 ], [ 3.806395955106443, -60.15194744833191 ], [ 2.310131157867852, -60.293490397281261 ], [ 1.312036868687036, -59.540597507844261 ], [ 1.738597065367968, -58.663594342010697 ], [ 3.165115183598489, -58.523523906103819 ] ] ] ] } },
{ "type": "Feature", "properties": { "geogrid_id": "2959427336093165691", "seqnum": 16836.0, "lat_c": -59.427336372740342, "lon_c": 93.165690638372254, "res": 7.0, "count_Birds": 9, "count_Mammals": 0, "count_Molluscs": 0, "count_Mosses": 0, "count_Insects": 0, "count_Sac Fungi": 0, "count_Flowering Plants": 0, "count_Arachnids": 0, "count_Basidiomycota": 0, "count_Amphibians": 0, "unique_species_count": 9.0, "countryCode": "AQ" }, "geometry": { "type": "MultiPolygon", "coordinates": [ [ [ [ 92.47640607683644, -58.636662316882138 ], [ 94.179852681588912, -58.826811630281782 ], [ 94.914788515727253, -59.609832890831335 ], [ 93.888000150865111, -60.213857968478663 ], [ 92.118404412135263, -60.027299717554648 ], [ 91.442953246593248, -59.232229064121725 ], [ 92.47640607683644, -58.636662316882138 ] ] ] ] } },
{ "type": "Feature", "properties": { "geogrid_id": "2959427336109334309", "seqnum": 17079.0, "lat_c": -59.427336372405101, "lon_c": 109.3343093658016, "res": 7.0, "count_Birds": 1, "count_Mammals": 0, "count_Molluscs": 1, "count_Mosses": 0, "count_Insects": 0, "count_Sac Fungi": 0, "count_Flowering Plants": 0, "count_Arachnids": 0, "count_Basidiomycota": 0, "count_Amphibians": 0, "unique_species_count": 2.0, "countryCode": "AQ" }, "geometry": { "type": "MultiPolygon", "coordinates": [ [ [ [ 108.320147322806449, -58.826811629822977 ], [ 110.023593927489969, -58.636662316548581 ], [ 111.057046757517213, -59.232229063906367 ], [ 110.381595591811703, -60.02729971734113 ], [ 108.611999853151104, -60.213857968138662 ], [ 107.585211488521495, -59.609832890362547 ], [ 108.320147322806449, -58.826811629822977 ] ] ] ] } },
{ "type": "Feature", "properties": { "geogrid_id": "2959470887059830964", "seqnum": 16212.0, "lat_c": -59.470886824593073, "lon_c": 59.830963613752552, "res": 7.0, "count_Birds": 3, "count_Mammals": 0, "count_Molluscs": 1, "count_Mosses": 0, "count_Insects": 0, "count_Sac Fungi": 0, "count_Flowering Plants": 0, "count_Arachnids": 0, "count_Basidiomycota": 0, "count_Amphibians": 0, "unique_species_count": 4.0, "countryCode": "AQ" }, "geometry": { "type": "MultiPolygon", "coordinates": [ [ [ [ 59.946222479803779, -58.586566012168021 ], [ 61.260818719625959, -59.138263071225026 ], [ 61.176212336478457, -60.02344704913105 ], [ 59.708233397526683, -60.356163576252762 ], [ 58.375651650041917, -59.787899788618724 ], [ 58.528371991768743, -58.903950968280526 ], [ 59.946222479803779, -58.586566012168021 ] ] ] ] } },
{ "type": "Feature", "properties": { "geogrid_id": "2959470887142669036", "seqnum": 17427.0, "lat_c": -59.470886826690446, "lon_c": 142.66903638954432, "res": 7.0, "count_Birds": 2, "count_Mammals": 1, "count_Molluscs": 0, "count_Mosses": 0, "count_Insects": 0, "count_Sac Fungi": 0, "count_Flowering Plants": 0, "count_Arachnids": 0, "count_Basidiomycota": 0, "count_Amphibians": 0, "unique_species_count": 3.0, "countryCode": "AQ" }, "geometry": { "type": "MultiPolygon", "coordinates": [ [ [ [ 141.23918128370542, -59.138263073200271 ], [ 142.553777523648449, -58.586566014224886 ], [ 143.971628011657799, -58.903950970458752 ], [ 144.12434835323316, -59.787899790838424 ], [ 142.79176660560816, -60.356163578390351 ], [ 141.323787666687565, -60.023447051145482 ], [ 141.23918128370542, -59.138263073200271 ] ] ] ] } },
{ "type": "Feature", "properties": { "geogrid_id": "2959564350101250000", "seqnum": 16971.0, "lat_c": -59.56435048790366, "lon_c": 101.25000000274395, "res": 7.0, "count_Birds": 4, "count_Mammals": 0, "count_Molluscs": 0, "count_Mosses": 0, "count_Insects": 0, "count_Sac Fungi": 0, "count_Flowering Plants": 0, "count_Arachnids": 0, "count_Basidiomycota": 0, "count_Amphibians": 0, "unique_species_count": 4.0, "countryCode": "AQ" }, "geometry": { "type": "MultiPolygon", "coordinates": [ [ [ [ 100.36187405419598, -58.777092200664477 ], [ 102.138125950668851, -58.777092199511763 ], [ 103.056506295161597, -59.363573219421262 ], [ 102.175611185489032, -60.142820676232802 ], [ 100.324388819031014, -60.142820677299383 ], [ 99.443493709490426, -59.363573220401086 ], [ 100.36187405419598, -58.777092200664477 ] ] ] ] } },
{ "type": "Feature", "properties": { "geogrid_id": "2959572233159758123", "seqnum": 19118.0, "lat_c": -59.572233350755425, "lon_c": 159.75812302285388, "res": 7.0, "count_Birds": 0, "count_Mammals": 1, "count_Molluscs": 0, "count_Mosses": 0, "count_Insects": 0, "count_Sac Fungi": 0, "count_Flowering Plants": 0, "count_Arachnids": 0, "count_Basidiomycota": 0, "count_Amphibians": 0, "unique_species_count": 1.0, "countryCode": "AQ" }, "geometry": { "type": "MultiPolygon", "coordinates": [ [ [ [ 159.271893586202566, -58.723701957007371 ], [ 160.774799895694542, -58.844512732182324 ], [ 161.299873041124073, -59.688595353527703 ], [ 160.309156702598784, -60.423412194572521 ], [ 158.737133836216714, -60.293723393672835 ], [ 158.225043961385268, -59.437624587152627 ], [ 159.271893586202566, -58.723701957007371 ] ] ] ] } },
{ "type": "Feature", "properties": { "geogrid_id": "2959592026049932589", "seqnum": 16021.0, "lat_c": -59.592025772988521, "lon_c": 49.932588867564462, "res": 7.0, "count_Birds": 8, "count_Mammals": 0, "count_Molluscs": 0, "count_Mosses": 0, "count_Insects": 0, "count_Sac Fungi": 0, "count_Flowering Plants": 0, "count_Arachnids": 0, "count_Basidiomycota": 0, "count_Amphibians": 0, "unique_species_count": 8.0, "countryCode": "AQ" }, "geometry": { "type": "MultiPolygon", "coordinates": [ [ [ [ 50.288485017444359, -58.720357396360647 ], [ 51.437465260633331, -59.372042687173625 ], [ 51.102205284028628, -60.247099568411329 ], [ 49.557062125045348, -60.464191600739674 ], [ 48.411199225109364, -59.794455141503008 ], [ 48.80592024347974, -58.926050433185203 ], [ 50.288485017444359, -58.720357396360647 ] ] ] ] } },
{ "type": "Feature", "properties": { "geogrid_id": "2959592026152567411", "seqnum": 17479.0, "lat_c": -59.592025775842622, "lon_c": 152.56741113609166, "res": 7.0, "count_Birds": 0, "count_Mammals": 1, "count_Molluscs": 0, "count_Mosses": 0, "count_Insects": 0, "count_Sac Fungi": 0, "count_Flowering Plants": 0, "count_Arachnids": 0, "count_Basidiomycota": 0, "count_Amphibians": 0, "unique_species_count": 1.0, "countryCode": "AQ" }, "geometry": { "type": "MultiPolygon", "coordinates": [ [ [ [ 151.062534742975686, -59.372042689909819 ], [ 152.211514986314796, -58.72035739916884 ], [ 153.694079760330936, -58.926050436109826 ], [ 154.088800778607833, -59.794455144473766 ], [ 152.942937878506768, -60.46419160363935 ], [ 151.397794719466816, -60.24709957119277 ], [ 151.062534742975686, -59.372042689909819 ] ] ] ] } },
{ "type": "Feature", "properties": { "geogrid_id": "2959605940079699518", "seqnum": 16592.0, "lat_c": -59.605940352029045, "lon_c": 79.699518468957905, "res": 7.0, "count_Birds": 11, "count_Mammals": 0, "count_Molluscs": 1, "count_Mosses": 0, "count_Insects": 0, "count_Sac Fungi": 0, "count_Flowering Plants": 0, "count_Arachnids": 0, "count_Basidiomycota": 0, "count_Amphibians": 0, "unique_species_count": 12.0, "countryCode": "AQ" }, "geometry": { "type": "MultiPolygon", "coordinates": [ [ [ [ 79.329095654716895, -58.754270803325248 ], [ 80.909915613395029, -59.080159704507359 ], [ 81.322971083029771, -59.925838785464876 ], [ 80.08812850271778, -60.456704571176722 ], [ 78.454239948283202, -60.12274405827872 ], [ 78.10929003060464, -59.266370693115483 ], [ 79.329095654716895, -58.754270803325248 ] ] ] ] } },
{ "type": "Feature", "properties": { "geogrid_id": "2959605940122800482", "seqnum": 17240.0, "lat_c": -59.605940352660625, "lon_c": 122.80048153447419, "res": 7.0, "count_Birds": 9, "count_Mammals": 0, "count_Molluscs": 1, "count_Mosses": 0, "count_Insects": 0, "count_Sac Fungi": 0, "count_Flowering Plants": 0, "count_Arachnids": 0, "count_Basidiomycota": 0, "count_Amphibians": 0, "unique_species_count": 10.0, "countryCode": "AQ" }, "geometry": { "type": "MultiPolygon", "coordinates": [ [ [ [ 121.590084390209157, -59.080159705024684 ], [ 123.170904348904074, -58.754270803935739 ], [ 124.390709972855106, -59.266370693840614 ], [ 124.045760054980434, -60.122744059025912 ], [ 122.411871500514977, -60.456704571828411 ], [ 121.177028920383265, -59.925838786001343 ], [ 121.590084390209157, -59.080159705024684 ] ] ] ] } },
{ "type": "Feature", "properties": { "geogrid_id": "2959675229062616875", "seqnum": 16266.0, "lat_c": -59.675228820813864, "lon_c": 62.616875072386357, "res": 7.0, "count_Birds": 12, "count_Mammals": 0, "count_Molluscs": 0, "count_Mosses": 0, "count_Insects": 0, "count_Sac Fungi": 0, "count_Flowering Plants": 0, "count_Arachnids": 0, "count_Basidiomycota": 0, "count_Amphibians": 0, "unique_species_count": 12.0, "countryCode": "AQ" }, "geometry": { "type": "MultiPolygon", "coordinates": [ [ [ [ 62.664605277672891, -58.790513901477254 ], [ 64.029687421735218, -59.312026453717465 ], [ 64.01548070430664, -60.196791987916598 ], [ 62.56538499103165, -60.560950155477009 ], [ 61.176212336478457, -60.02344704913105 ], [ 61.260818719625959, -59.138263071225026 ], [ 62.664605277672891, -58.790513901477254 ] ] ] ] } },
{ "type": "Feature", "properties": { "geogrid_id": "2959675229139883125", "seqnum": 17400.0, "lat_c": -59.675228822705499, "lon_c": 139.88312493082381, "res": 7.0, "count_Birds": 11, "count_Mammals": 0, "count_Molluscs": 4, "count_Mosses": 0, "count_Insects": 0, "count_Sac Fungi": 0, "count_Flowering Plants": 0, "count_Arachnids": 0, "count_Basidiomycota": 0, "count_Amphibians": 0, "unique_species_count": 15.0, "countryCode": "AQ" }, "geometry": { "type": "MultiPolygon", "coordinates": [ [ [ [ 138.470312581531232, -59.31202645548683 ], [ 139.83539472570493, -58.790513903330769 ], [ 141.23918128370542, -59.138263073200271 ], [ 141.323787666687565, -60.023447051145482 ], [ 139.934615012002865, -60.560950157406374 ], [ 138.484519298782601, -60.196791989722584 ], [ 138.470312581531232, -59.31202645548683 ] ] ] ] } },
{ "type": "Feature", "properties": { "geogrid_id": "2959758557178315713", "seqnum": 19442.0, "lat_c": -59.758556913079403, "lon_c": 178.31571341760664, "res": 7.0, "count_Birds": 0, "count_Mammals": 1, "count_Molluscs": 1, "count_Mosses": 0, "count_Insects": 0, "count_Sac Fungi": 0, "count_Flowering Plants": 0, "count_Arachnids": 0, "count_Basidiomycota": 0, "count_Amphibians": 0, "unique_species_count": 2.0, "countryCode": "AQ" }, "geometry": { "type": "MultiPolygon", "coordinates": [ [ [ [ 177.369242853014498, -58.987953687007092 ], [ 178.839368229582703, -58.896165447172393 ], [ 179.820940247137628, -59.657958117115754 ], [ 179.267116292722875, -60.527168495347205 ], [ 177.723309785690674, -60.618535091452628 ], [ 176.797845898927079, -59.842064366701507 ], [ 177.369242853014498, -58.987953687007092 ] ] ] ] } },
{ "type": "Feature", "properties": { "geogrid_id": "2959768886076855474", "seqnum": 16538.0, "lat_c": -59.768885866539563, "lon_c": 76.855473754332621, "res": 7.0, "count_Birds": 16, "count_Mammals": 2, "count_Molluscs": 1, "count_Mosses": 0, "count_Insects": 0, "count_Sac Fungi": 0, "count_Flowering Plants": 0, "count_Arachnids": 0, "count_Basidiomycota": 0, "count_Amphibians": 0, "unique_species_count": 19.0, "countryCode": "AQ" }, "geometry": { "type": "MultiPolygon", "coordinates": [ [ [ [ 76.552684794058436, -58.907561013422409 ], [ 78.10929003060464, -59.266370693115483 ], [ 78.454239948283202, -60.12274405827872 ], [ 77.173231864721458, -60.629895741436677 ], [ 75.566922426697104, -60.261166214202397 ], [ 75.292188740752337, -59.395643515488622 ], [ 76.552684794058436, -58.907561013422409 ] ] ] ] } },
{ "type": "Feature", "properties": { "geogrid_id": "2959768886125644526", "seqnum": 17267.0, "lat_c": -59.768885867380725, "lon_c": 125.64452624897029, "res": 7.0, "count_Birds": 10, "count_Mammals": 0, "count_Molluscs": 0, "count_Mosses": 0, "count_Insects": 0, "count_Sac Fungi": 0, "count_Flowering Plants": 0, "count_Arachnids": 0, "count_Basidiomycota": 0, "count_Amphibians": 0, "unique_species_count": 10.0, "countryCode": "AQ" }, "geometry": { "type": "MultiPolygon", "coordinates": [ [ [ [ 124.390709972855106, -59.266370693840614 ], [ 125.947315209436709, -58.907561014239597 ], [ 127.207811262597332, -59.395643516422261 ], [ 126.933077576454352, -60.261166215161033 ], [ 125.32676813837837, -60.629895742300889 ], [ 124.045760054980434, -60.122744059025912 ], [ 124.390709972855106, -59.266370693840614 ] ] ] ] } },
{ "type": "Feature", "properties": { "geogrid_id": "2959817830065435903", "seqnum": 16320.0, "lat_c": -59.817829682085552, "lon_c": 65.435903061929025, "res": 7.0, "count_Birds": 9, "count_Mammals": 0, "count_Molluscs": 0, "count_Mosses": 0, "count_Insects": 0, "count_Sac Fungi": 0, "count_Flowering Plants": 0, "count_Arachnids": 0, "count_Basidiomycota": 0, "count_Amphibians": 0, "unique_species_count": 9.0, "countryCode": "AQ" }, "geometry": { "type": "MultiPolygon", "coordinates": [ [ [ [ 65.414252598558122, -58.934366969774651 ], [ 66.826353079950692, -59.424621603487303 ], [ 66.884077821435213, -60.307240065094192 ], [ 65.457635433409777, -60.702251125880821 ], [ 64.01548070430664, -60.196791987916598 ], [ 64.029687421735218, -59.312026453717465 ], [ 65.414252598558122, -58.934366969774651 ] ] ] ] } },
{ "type": "Feature", "properties": { "geogrid_id": "2959817830137064097", "seqnum": 17373.0, "lat_c": -59.817829683768842, "lon_c": 137.06409694122715, "res": 7.0, "count_Birds": 7, "count_Mammals": 1, "count_Molluscs": 0, "count_Mosses": 0, "count_Insects": 0, "count_Sac Fungi": 0, "count_Flowering Plants": 0, "count_Arachnids": 0, "count_Basidiomycota": 0, "count_Amphibians": 0, "unique_species_count": 8.0, "countryCode": "AQ" }, "geometry": { "type": "MultiPolygon", "coordinates": [ [ [ [ 135.673646923283627, -59.424621605048742 ], [ 137.085747404775844, -58.934366971422449 ], [ 138.470312581531232, -59.31202645548683 ], [ 138.484519298782601, -60.196791989722584 ], [ 137.042364569559453, -60.702251127599105 ], [ 135.615922181612461, -60.307240066689474 ], [ 135.673646923283627, -59.424621605048742 ] ] ] ] } },
{ "type": "Feature", "properties": { "geogrid_id": "2959825709090376283", "seqnum": 16782.0, "lat_c": -59.8257090511973, "lon_c": 90.376282868764292, "res": 7.0, "count_Birds": 16, "count_Mammals": 2, "count_Molluscs": 0, "count_Mosses": 0, "count_Insects": 0, "count_Sac Fungi": 0, "count_Flowering Plants": 0, "count_Arachnids": 0, "count_Basidiomycota": 0, "count_Amphibians": 0, "unique_species_count": 18.0, "countryCode": "AQ" }, "geometry": { "type": "MultiPolygon", "coordinates": [ [ [ [ 89.746531859112338, -59.021856222038792 ], [ 91.442953246593248, -59.232229064121725 ], [ 92.118404412135263, -60.027299717554648 ], [ 91.036653851729142, -60.62585943369178 ], [ 89.275080888328205, -60.416313948557971 ], [ 88.661700595195214, -59.607081563849228 ], [ 89.746531859112338, -59.021856222038792 ] ] ] ] } },
{ "type": "Feature", "properties": { "geogrid_id": "2959825709112123717", "seqnum": 17106.0, "lat_c": -59.825709051099231, "lon_c": 112.12371713512621, "res": 7.0, "count_Birds": 12, "count_Mammals": 1, "count_Molluscs": 0, "count_Mosses": 0, "count_Insects": 0, "count_Sac Fungi": 0, "count_Flowering Plants": 0, "count_Arachnids": 0, "count_Basidiomycota": 0, "count_Amphibians": 0, "unique_species_count": 13.0, "countryCode": "AQ" }, "geometry": { "type": "MultiPolygon", "coordinates": [ [ [ [ 111.057046757517213, -59.232229063906367 ], [ 112.753468144946169, -59.021856221934328 ], [ 113.838299408651167, -59.607081563859325 ], [ 113.224919115338949, -60.416313948576523 ], [ 111.463346151986045, -60.625859433598436 ], [ 110.381595591811703, -60.02729971734113 ], [ 111.057046757517213, -59.232229063906367 ] ] ] ] } },
{ "type": "Feature", "properties": { "geogrid_id": "2959866143038097585", "seqnum": 15803.0, "lat_c": -59.866143481656799, "lon_c": 38.097585145066276, "res": 7.0, "count_Birds": 7, "count_Mammals": 0, "count_Molluscs": 0, "count_Mosses": 0, "count_Insects": 0, "count_Sac Fungi": 0, "count_Flowering Plants": 0, "count_Arachnids": 0, "count_Basidiomycota": 0, "count_Amphibians": 0, "unique_species_count": 7.0, "countryCode": "AQ" }, "geometry": { "type": "MultiPolygon", "coordinates": [ [ [ [ 38.701059429580368, -59.032070778453388 ], [ 39.651435324760968, -59.786592073816351 ], [ 39.023683631522609, -60.626776446263705 ], [ 37.432363293689342, -60.70028956858868 ], [ 36.540400505568527, -59.927208994567415 ], [ 37.183213843075706, -59.098705201287892 ], [ 38.701059429580368, -59.032070778453388 ] ] ] ] } },
{ "type": "Feature", "properties": { "geogrid_id": "2959866143164402415", "seqnum": 19199.0, "lat_c": -59.866143486544516, "lon_c": 164.40241486828273, "res": 7.0, "count_Birds": 0, "count_Mammals": 1, "count_Molluscs": 0, "count_Mosses": 0, "count_Insects": 0, "count_Sac Fungi": 0, "count_Flowering Plants": 0, "count_Arachnids": 0, "count_Basidiomycota": 0, "count_Amphibians": 0, "unique_species_count": 1.0, "countryCode": "AQ" }, "geometry": { "type": "MultiPolygon", "coordinates": [ [ [ [ 163.79894058738779, -59.032070784307074 ], [ 165.316786174196693, -59.098705206899226 ], [ 165.959599508025747, -59.927208999347044 ], [ 165.067636710844994, -60.700289572317864 ], [ 163.476316372855024, -60.626776449892695 ], [ 162.848564688335756, -59.786592078807921 ], [ 163.79894058738779, -59.032070784307074 ] ] ] ] } },
{ "type": "Feature", "properties": { "geogrid_id": "2959872972073998051", "seqnum": 16483.0, "lat_c": -59.872971705718079, "lon_c": 73.998051317250074, "res": 7.0, "count_Birds": 17, "count_Mammals": 3, "count_Molluscs": 0, "count_Mosses": 0, "count_Insects": 0, "count_Sac Fungi": 0, "count_Flowering Plants": 0, "count_Arachnids": 0, "count_Basidiomycota": 0, "count_Amphibians": 0, "unique_species_count": 20.0, "countryCode": "AQ" }, "geometry": { "type": "MultiPolygon", "coordinates": [ [ [ [ 73.764610060741504, -59.003563039210327 ], [ 75.292188740752337, -59.395643515488622 ], [ 75.566922426697104, -60.261166214202397 ], [ 74.242980138115698, -60.742550106884025 ], [ 72.669747269805328, -60.338909457567013 ], [ 72.466764701501077, -59.465920340259132 ], [ 73.764610060741504, -59.003563039210327 ] ] ] ] } },
{ "type": "Feature", "properties": { "geogrid_id": "2959872972128501949", "seqnum": 17293.0, "lat_c": -59.872971706769597, "lon_c": 128.50194868596017, "res": 7.0, "count_Birds": 5, "count_Mammals": 0, "count_Molluscs": 0, "count_Mosses": 0, "count_Insects": 0, "count_Sac Fungi": 0, "count_Flowering Plants": 0, "count_Arachnids": 0, "count_Basidiomycota": 0, "count_Amphibians": 0, "unique_species_count": 5.0, "countryCode": "AQ" }, "geometry": { "type": "MultiPolygon", "coordinates": [ [ [ [ 127.207811262597332, -59.395643516422261 ], [ 128.735389942661527, -59.003563040234958 ], [ 130.033235301774141, -59.465920341401976 ], [ 129.830252733272573, -60.338909458737817 ], [ 128.257019864890793, -60.742550107961577 ], [ 126.933077576454352, -60.261166215161033 ], [ 127.207811262597332, -59.395643516422261 ] ] ] ] } },
{ "type": "Feature", "properties": { "geogrid_id": "2959898237068278810", "seqnum": 16375.0, "lat_c": -59.898237467332265, "lon_c": 68.278810217551353, "res": 7.0, "count_Birds": 9, "count_Mammals": 0, "count_Molluscs": 1, "count_Mosses": 0, "count_Insects": 0, "count_Sac Fungi": 0, "count_Flowering Plants": 0, "count_Arachnids": 0, "count_Basidiomycota": 0, "count_Amphibians": 0, "unique_species_count": 10.0, "countryCode": "AQ" }, "geometry": { "type": "MultiPolygon", "coordinates": [ [ [ [ 68.186664448583031, -59.017730917411434 ], [ 69.641780639883223, -59.475836487268722 ], [ 69.772170172154262, -60.354533433980038 ], [ 68.374920071687285, -60.779550031030084 ], [ 66.884077821435213, -60.307240065094192 ], [ 66.826353079950692, -59.424621603487303 ], [ 68.186664448583031, -59.017730917411434 ] ] ] ] } },
{ "type": "Feature", "properties": { "geogrid_id": "2959898237134221190", "seqnum": 17347.0, "lat_c": -59.898237468805519, "lon_c": 134.22118978558589, "res": 7.0, "count_Birds": 6, "count_Mammals": 0, "count_Molluscs": 0, "count_Mosses": 0, "count_Insects": 0, "count_Sac Fungi": 0, "count_Flowering Plants": 0, "count_Arachnids": 0, "count_Basidiomycota": 0, "count_Amphibians": 0, "unique_species_count": 6.0, "countryCode": "AQ" }, "geometry": { "type": "MultiPolygon", "coordinates": [ [ [ [ 132.858219363353669, -59.475836488621049 ], [ 134.313335554739695, -59.017730918852003 ], [ 135.673646923283627, -59.424621605048742 ], [ 135.615922181612461, -60.307240066689474 ], [ 134.12507993125439, -60.779550032535411 ], [ 132.727829830889192, -60.354533435363294 ], [ 132.858219363353669, -59.475836488621049 ] ] ] ] } },
{ "type": "Feature", "properties": { "geogrid_id": "2959916450071136053", "seqnum": 16429.0, "lat_c": -59.916449639724604, "lon_c": 71.136052881846851, "res": 7.0, "count_Birds": 8, "count_Mammals": 2, "count_Molluscs": 0, "count_Mosses": 0, "count_Insects": 0, "count_Sac Fungi": 0, "count_Flowering Plants": 0, "count_Arachnids": 0, "count_Basidiomycota": 0, "count_Amphibians": 0, "unique_species_count": 10.0, "countryCode": "AQ" }, "geometry": { "type": "MultiPolygon", "coordinates": [ [ [ [ 70.973059773254931, -59.040630458691311 ], [ 72.466764701501077, -59.465920340259132 ], [ 72.669747269805328, -60.338909457567013 ], [ 71.306840783199974, -60.79281251881789 ], [ 69.772170172154262, -60.354533433980038 ], [ 69.641780639883223, -59.475836487268722 ], [ 70.973059773254931, -59.040630458691311 ] ] ] ] } },
{ "type": "Feature", "properties": { "geogrid_id": "2959916450131363947", "seqnum": 17320.0, "lat_c": -59.916449640987004, "lon_c": 131.36394712130814, "res": 7.0, "count_Birds": 4, "count_Mammals": 1, "count_Molluscs": 0, "count_Mosses": 0, "count_Insects": 0, "count_Sac Fungi": 0, "count_Flowering Plants": 0, "count_Arachnids": 0, "count_Basidiomycota": 0, "count_Amphibians": 0, "unique_species_count": 5.0, "countryCode": "AQ" }, "geometry": { "type": "MultiPolygon", "coordinates": [ [ [ [ 130.033235301774141, -59.465920341401976 ], [ 131.526940230090588, -59.040630459923911 ], [ 132.858219363353669, -59.475836488621049 ], [ 132.727829830889192, -60.354533435363294 ], [ 131.193159219753824, -60.792812520109358 ], [ 129.830252733272573, -60.338909458737817 ], [ 130.033235301774141, -59.465920341401976 ] ] ] ] } },
{ "type": "Feature", "properties": { "geogrid_id": "2959956639028769429", "seqnum": 15639.0, "lat_c": -59.956639451175555, "lon_c": 28.769428788214803, "res": 7.0, "count_Birds": 5, "count_Mammals": 0, "count_Molluscs": 0, "count_Mosses": 0, "count_Insects": 0, "count_Sac Fungi": 0, "count_Flowering Plants": 0, "count_Arachnids": 0, "count_Basidiomycota": 0, "count_Amphibians": 0, "unique_species_count": 5.0, "countryCode": "AQ" }, "geometry": { "type": "MultiPolygon", "coordinates": [ [ [ [ 29.605888078068983, -59.161615249106312 ], [ 30.315461241847572, -59.987207043183936 ], [ 29.477529700932497, -60.78676598806905 ], [ 27.900773485855062, -60.748623772548051 ], [ 27.231086109392717, -59.908180949164006 ], [ 28.104920970826715, -59.120951271498946 ], [ 29.605888078068983, -59.161615249106312 ] ] ] ] } },
{ "type": "Feature", "properties": { "geogrid_id": "2959956639173730571", "seqnum": 19361.0, "lat_c": -59.956639455357355, "lon_c": 173.73057122646603, "res": 7.0, "count_Birds": 0, "count_Mammals": 1, "count_Molluscs": 0, "count_Mosses": 0, "count_Insects": 0, "count_Sac Fungi": 0, "count_Flowering Plants": 0, "count_Arachnids": 0, "count_Basidiomycota": 0, "count_Amphibians": 0, "unique_species_count": 1.0, "countryCode": "AQ" }, "geometry": { "type": "MultiPolygon", "coordinates": [ [ [ [ 172.894111940420629, -59.161615253460901 ], [ 174.395079047840824, -59.120951275596212 ], [ 175.268913905471607, -59.908180953216231 ], [ 174.599226519841693, -60.748623776798951 ], [ 173.022470304548619, -60.786765992243467 ], [ 172.184538772637524, -59.987207047492284 ], [ 172.894111940420629, -59.161615253460901 ] ] ] ] } },
{ "type": "Feature", "properties": { "geogrid_id": "2959957515098493621", "seqnum": 16917.0, "lat_c": -59.957515389763842, "lon_c": 98.493620699805149, "res": 7.0, "count_Birds": 17, "count_Mammals": 1, "count_Molluscs": 2, "count_Mosses": 0, "count_Insects": 0, "count_Sac Fungi": 0, "count_Flowering Plants": 0, "count_Arachnids": 0, "count_Basidiomycota": 0, "count_Amphibians": 0, "unique_species_count": 20.0, "countryCode": "AQ" }, "geometry": { "type": "MultiPolygon", "coordinates": [ [ [ [ 97.663009613089429, -59.182987892610974 ], [ 99.443493709490426, -59.363573220401086 ], [ 100.324388819031014, -60.142820677299383 ], [ 99.365838562962082, -60.731505358733848 ], [ 97.510996190187981, -60.557921444180593 ], [ 96.690574614873313, -59.784104214675587 ], [ 97.663009613089429, -59.182987892610974 ] ] ] ] } },
{ "type": "Feature", "properties": { "geogrid_id": "2959957515104006379", "seqnum": 16998.0, "lat_c": -59.957515388949261, "lon_c": 104.00637930462234, "res": 7.0, "count_Birds": 18, "count_Mammals": 2, "count_Molluscs": 1, "count_Mosses": 0, "count_Insects": 0, "count_Sac Fungi": 0, "count_Flowering Plants": 0, "count_Arachnids": 0, "count_Basidiomycota": 0, "count_Amphibians": 0, "unique_species_count": 21.0, "countryCode": "AQ" }, "geometry": { "type": "MultiPolygon", "coordinates": [ [ [ [ 103.056506295161597, -59.363573219421262 ], [ 104.836990391471915, -59.18298789184216 ], [ 105.809425389460984, -59.784104214051673 ], [ 104.989003814003382, -60.557921443523881 ], [ 103.134161441328203, -60.731505357854118 ], [ 102.175611185489032, -60.142820676232802 ], [ 103.056506295161597, -59.363573219421262 ] ] ] ] } },
{ "type": "Feature", "properties": { "geogrid_id": "2959993921169076553", "seqnum": 19280.0, "lat_c": -59.993920793681724, "lon_c": 169.07655286650848, "res": 7.0, "count_Birds": 1, "count_Mammals": 1, "count_Molluscs": 0, "count_Mosses": 0, "count_Insects": 0, "count_Sac Fungi": 0, "count_Flowering Plants": 0, "count_Arachnids": 0, "count_Basidiomycota": 0, "count_Amphibians": 0, "unique_species_count": 2.0, "countryCode": "AQ" }, "geometry": { "type": "MultiPolygon", "coordinates": [ [ [ [ 168.355342272831393, -59.177688866603454 ], [ 169.872546097297686, -59.190155210131962 ], [ 170.632592924800321, -59.999687117890112 ], [ 169.848865830229784, -60.808074426802847 ], [ 168.255910035004035, -60.790891083853261 ], [ 167.518267116978109, -59.969788138503354 ], [ 168.355342272831393, -59.177688866603454 ] ] ] ] } },
{ "type": "Feature", "properties": { "geogrid_id": "2959994490005284057", "seqnum": 15228.0, "lat_c": -59.99449014861613, "lon_c": 5.2840568053102173, "res": 7.0, "count_Birds": 1, "count_Mammals": 0, "count_Molluscs": 0, "count_Mosses": 0, "count_Insects": 0, "count_Sac Fungi": 0, "count_Flowering Plants": 0, "count_Arachnids": 0, "count_Basidiomycota": 0, "count_Amphibians": 0, "unique_species_count": 1.0, "countryCode": "AQ" }, "geometry": { "type": "MultiPolygon", "coordinates": [ [ [ [ 5.687100943368158, -59.091636928968818 ], [ 6.741928948177802, -59.821562072496938 ], [ 6.356347460871426, -60.732928203413763 ], [ 4.8604492352477, -60.897718340314711 ], [ 3.806395955106443, -60.15194744833191 ], [ 4.246359278642798, -59.257043889342022 ], [ 5.687100943368158, -59.091636928968818 ] ] ] ] } },
{ "type": "Feature", "properties": { "geogrid_id": "2960012338052629023", "seqnum": 16075.0, "lat_c": -60.012337582865939, "lon_c": 52.629022661836721, "res": 7.0, "count_Birds": 9, "count_Mammals": 0, "count_Molluscs": 0, "count_Mosses": 0, "count_Insects": 0, "count_Sac Fungi": 0, "count_Flowering Plants": 0, "count_Arachnids": 0, "count_Basidiomycota": 0, "count_Amphibians": 0, "unique_species_count": 9.0, "countryCode": "AQ" }, "geometry": { "type": "MultiPolygon", "coordinates": [ [ [ [ 52.924503210747801, -59.134822010415114 ], [ 54.136182038710594, -59.760254162281242 ], [ 53.865170206390502, -60.640648402432973 ], [ 52.316946008607928, -60.89069146102387 ], [ 51.102205284028628, -60.247099568411329 ], [ 51.437465260633331, -59.372042687173625 ], [ 52.924503210747801, -59.134822010415114 ] ] ] ] } },
{ "type": "Feature", "properties": { "geogrid_id": "2960012338149870977", "seqnum": 17452.0, "lat_c": -60.012337585528002, "lon_c": 149.87097734161685, "res": 7.0, "count_Birds": 3, "count_Mammals": 1, "count_Molluscs": 0, "count_Mosses": 0, "count_Insects": 0, "count_Sac Fungi": 0, "count_Flowering Plants": 0, "count_Arachnids": 0, "count_Basidiomycota": 0, "count_Amphibians": 0, "unique_species_count": 4.0, "countryCode": "AQ" }, "geometry": { "type": "MultiPolygon", "coordinates": [ [ [ [ 148.363817964715622, -59.760254164823046 ], [ 149.575496792827863, -59.134822013032398 ], [ 151.062534742975686, -59.372042689909819 ], [ 151.397794719466816, -60.24709957119277 ], [ 150.183053994720751, -60.890691463730384 ], [ 148.634829796902437, -60.640648405018659 ], [ 148.363817964715622, -59.760254164823046 ] ] ] ] } },
{ "type": "Feature", "properties": { "geogrid_id": "2960145540157175258", "seqnum": 17478.0, "lat_c": -60.145540260249589, "lon_c": 157.1752579833134, "res": 7.0, "count_Birds": 0, "count_Mammals": 1, "count_Molluscs": 0, "count_Mosses": 0, "count_Insects": 0, "count_Sac Fungi": 0, "count_Flowering Plants": 0, "count_Arachnids": 0, "count_Basidiomycota": 0, "count_Amphibians": 0, "unique_species_count": 1.0, "countryCode": "AQ" }, "geometry": { "type": "MultiPolygon", "coordinates": [ [ [ [ 155.625265066978017, -59.97904455807214 ], [ 156.702299604447006, -59.284924741155848 ], [ 158.225043953120888, -59.437624585140952 ], [ 158.737133836216714, -60.293723393672835 ], [ 157.673110465236249, -61.006434919413053 ], [ 156.082236821400016, -60.844126229542645 ], [ 155.625265066978017, -59.97904455807214 ] ] ] ] } },
{ "type": "Feature", "properties": { "geogrid_id": "2960188189087542382", "seqnum": 16727.0, "lat_c": -60.188189002578419, "lon_c": 87.542381806012472, "res": 7.0, "count_Birds": 12, "count_Mammals": 1, "count_Molluscs": 3, "count_Mosses": 0, "count_Insects": 0, "count_Sac Fungi": 0, "count_Flowering Plants": 0, "count_Arachnids": 0, "count_Basidiomycota": 0, "count_Amphibians": 0, "unique_species_count": 16.0, "countryCode": "AQ" }, "geometry": { "type": "MultiPolygon", "coordinates": [ [ [ [ 86.974951080747545, -59.370261054662386 ], [ 88.661700595195214, -59.607081563849228 ], [ 89.275080888328205, -60.416313948557971 ], [ 88.138012976807843, -61.003230861707458 ], [ 86.387294217765515, -60.764412168777874 ], [ 85.838972133396226, -59.940721638917921 ], [ 86.974951080747545, -59.370261054662386 ] ] ] ] } },
{ "type": "Feature", "properties": { "geogrid_id": "2960188189114957618", "seqnum": 17132.0, "lat_c": -60.188189002703069, "lon_c": 114.95761819761964, "res": 7.0, "count_Birds": 22, "count_Mammals": 1, "count_Molluscs": 0, "count_Mosses": 0, "count_Insects": 0, "count_Sac Fungi": 0, "count_Flowering Plants": 0, "count_Arachnids": 0, "count_Basidiomycota": 0, "count_Amphibians": 0, "unique_species_count": 23.0, "countryCode": "AQ" }, "geometry": { "type": "MultiPolygon", "coordinates": [ [ [ [ 113.838299408651167, -59.607081563859325 ], [ 115.525048923066365, -59.370261054775654 ], [ 116.661027870212962, -59.940721639144613 ], [ 116.112705785650945, -60.764412169017284 ], [ 114.361987026633258, -61.003230861842248 ], [ 113.224919115338949, -60.416313948576523 ], [ 113.838299408651167, -59.607081563859325 ] ] ] ] } },
{ "type": "Feature", "properties": { "geogrid_id": "2960373225055391792", "seqnum": 16130.0, "lat_c": -60.373224705430488, "lon_c": 55.391792479852668, "res": 7.0, "count_Birds": 2, "count_Mammals": 0, "count_Molluscs": 0, "count_Mosses": 0, "count_Insects": 0, "count_Sac Fungi": 0, "count_Flowering Plants": 0, "count_Arachnids": 0, "count_Basidiomycota": 0, "count_Amphibians": 0, "unique_species_count": 2.0, "countryCode": "AQ" }, "geometry": { "type": "MultiPolygon", "coordinates": [ [ [ [ 55.62248283938866, -59.491225096059409 ], [ 56.895631271285531, -60.08883052515435 ], [ 56.693196032664112, -60.973087755091449 ], [ 55.147956764419959, -61.256336991900852 ], [ 53.865170206390502, -60.640648402432973 ], [ 54.136182038710594, -59.760254162281242 ], [ 55.62248283938866, -59.491225096059409 ] ] ] ] } },
{ "type": "Feature", "properties": { "geogrid_id": "2960373225147108208", "seqnum": 17426.0, "lat_c": -60.373224707894586, "lon_c": 147.10820752341982, "res": 7.0, "count_Birds": 8, "count_Mammals": 1, "count_Molluscs": 1, "count_Mosses": 0, "count_Insects": 0, "count_Sac Fungi": 0, "count_Flowering Plants": 0, "count_Arachnids": 0, "count_Basidiomycota": 0, "count_Amphibians": 0, "unique_species_count": 10.0, "countryCode": "AQ" }, "geometry": { "type": "MultiPolygon", "coordinates": [ [ [ [ 145.604368731981197, -60.08883052749637 ], [ 146.877517164024283, -59.491225098480321 ], [ 148.363817964715622, -59.760254164823046 ], [ 148.634829796902437, -60.640648405018659 ], [ 147.352043238707353, -61.256336994407796 ], [ 145.806803970450602, -60.973087757475533 ], [ 145.604368731981197, -60.08883052749637 ] ] ] ] } },
{ "type": "Feature", "properties": { "geogrid_id": "2960388789095685324", "seqnum": 16863.0, "lat_c": -60.388788962555324, "lon_c": 95.685324411358295, "res": 7.0, "count_Birds": 24, "count_Mammals": 3, "count_Molluscs": 2, "count_Mosses": 0, "count_Insects": 0, "count_Sac Fungi": 0, "count_Flowering Plants": 0, "count_Arachnids": 0, "count_Basidiomycota": 0, "count_Amphibians": 0, "unique_species_count": 29.0, "countryCode": "AQ" }, "geometry": { "type": "MultiPolygon", "coordinates": [ [ [ [ 94.914788515727253, -59.609832890831335 ], [ 96.690574614873313, -59.784104214675587 ], [ 97.510996190187981, -60.557921444180593 ], [ 96.494345987784243, -61.163721543541868 ], [ 94.645937510018001, -60.996056675528592 ], [ 93.888000150865111, -60.213857968478663 ], [ 94.914788515727253, -59.609832890831335 ] ] ] ] } },
{ "type": "Feature", "properties": { "geogrid_id": "2960388789106814676", "seqnum": 17025.0, "lat_c": -60.388788962071402, "lon_c": 106.8146755927399, "res": 7.0, "count_Birds": 12, "count_Mammals": 2, "count_Molluscs": 1, "count_Mosses": 0, "count_Insects": 0, "count_Sac Fungi": 0, "count_Flowering Plants": 0, "count_Arachnids": 0, "count_Basidiomycota": 0, "count_Amphibians": 0, "unique_species_count": 15.0, "countryCode": "AQ" }, "geometry": { "type": "MultiPolygon", "coordinates": [ [ [ [ 105.809425389460984, -59.784104214051673 ], [ 107.585211488521495, -59.609832890362547 ], [ 108.611999853151104, -60.213857968138662 ], [ 107.854062493835457, -60.996056675180128 ], [ 106.00565401615971, -61.163721543036004 ], [ 104.989003814003382, -60.557921443523881 ], [ 105.809425389460984, -59.784104214051673 ] ] ] ] } },
{ "type": "Feature", "properties": { "geogrid_id": "2960418697000796565", "seqnum": 15146.0, "lat_c": -60.418696724513943, "lon_c": 0.79656546936055905, "res": 7.0, "count_Birds": 4, "count_Mammals": 3, "count_Molluscs": 0, "count_Mosses": 0, "count_Insects": 0, "count_Sac Fungi": 0, "count_Flowering Plants": 0, "count_Arachnids": 0, "count_Basidiomycota": 0, "count_Amphibians": 0, "unique_species_count": 7.0, "countryCode": "AQ" }, "geometry": { "type": "MultiPolygon", "coordinates": [ [ [ [ 1.312036868687036, -59.540597507844261 ], [ 2.310131157867852, -60.293490397281261 ], [ 1.808438323688269, -61.179570844303079 ], [ 0.255056298841103, -61.295727310682025 ], [ -0.732883689159308, -60.527168497822238 ], [ -0.179059744234264, -59.657958120338122 ], [ 1.312036868687036, -59.540597507844261 ] ] ] ] } },
{ "type": "Feature", "properties": { "geogrid_id": "2960418697021703435", "seqnum": 15529.0, "lat_c": -60.418696717799229, "lon_c": 21.703434555383811, "res": 7.0, "count_Birds": 0, "count_Mammals": 1, "count_Molluscs": 0, "count_Mosses": 0, "count_Insects": 0, "count_Sac Fungi": 0, "count_Flowering Plants": 0, "count_Arachnids": 0, "count_Basidiomycota": 0, "count_Amphibians": 0, "unique_species_count": 1.0, "countryCode": "AQ" }, "geometry": { "type": "MultiPolygon", "coordinates": [ [ [ [ 22.679059768198954, -59.657958113467991 ], [ 23.232883713654484, -60.527168490894674 ], [ 22.244943726478123, -61.29572730391137 ], [ 20.691561701878395, -61.179570837753829 ], [ 20.18986886710027, -60.293490390781663 ], [ 21.187963155503887, -59.540597501181104 ], [ 22.679059768198954, -59.657958113467991 ] ] ] ] } },
{ "type": "Feature", "properties": { "geogrid_id": "2960505267084667464", "seqnum": 16673.0, "lat_c": -60.50526735450115, "lon_c": 84.667464056067786, "res": 7.0, "count_Birds": 20, "count_Mammals": 4, "count_Molluscs": 1, "count_Mosses": 0, "count_Insects": 0, "count_Sac Fungi": 0, "count_Flowering Plants": 0, "count_Arachnids": 0, "count_Basidiomycota": 0, "count_Amphibians": 0, "unique_species_count": 25.0, "countryCode": "AQ" }, "geometry": { "type": "MultiPolygon", "coordinates": [ [ [ [ 84.16538123728219, -59.673572062440506 ], [ 85.838972133396226, -59.940721638917921 ], [ 86.387294217765515, -60.764412168777874 ], [ 85.195151750806261, -61.334963778867071 ], [ 83.459221093563471, -61.063150450799839 ], [ 82.97914685037378, -60.225702689597441 ], [ 84.16538123728219, -59.673572062440506 ] ] ] ] } },
{ "type": "Feature", "properties": { "geogrid_id": "2960505267117832536", "seqnum": 17159.0, "lat_c": -60.505267354841905, "lon_c": 117.83253594733648, "res": 7.0, "count_Birds": 18, "count_Mammals": 1, "count_Molluscs": 0, "count_Mosses": 0, "count_Insects": 0, "count_Sac Fungi": 0, "count_Flowering Plants": 0, "count_Arachnids": 0, "count_Basidiomycota": 0, "count_Amphibians": 0, "unique_species_count": 19.0, "countryCode": "AQ" }, "geometry": { "type": "MultiPolygon", "coordinates": [ [ [ [ 116.661027870212962, -59.940721639144613 ], [ 118.334618766315273, -59.673572062766262 ], [ 119.520853153029677, -60.22570269003706 ], [ 119.040778909636586, -61.063150451255467 ], [ 117.304848252394066, -61.33496377922166 ], [ 116.112705785650945, -60.764412169017284 ], [ 116.661027870212962, -59.940721639144613 ] ] ] ] } },
{ "type": "Feature", "properties": { "geogrid_id": "2960534464161889511", "seqnum": 17477.0, "lat_c": -60.534463917816289, "lon_c": 161.88951147559624, "res": 7.0, "count_Birds": 1, "count_Mammals": 1, "count_Molluscs": 0, "count_Mosses": 0, "count_Insects": 0, "count_Sac Fungi": 0, "count_Flowering Plants": 0, "count_Arachnids": 0, "count_Basidiomycota": 0, "count_Amphibians": 0, "unique_species_count": 2.0, "countryCode": "AQ" }, "geometry": { "type": "MultiPolygon", "coordinates": [ [ [ [ 160.309156702598784, -60.423412194572521 ], [ 161.299873032551375, -59.688595351918089 ], [ 162.848564679634421, -59.78659207740229 ], [ 163.476316372855024, -60.626776449892695 ], [ 162.508720784325732, -61.38033111228026 ], [ 160.888292936160241, -61.274685475400574 ], [ 160.309156702598784, -60.423412194572521 ] ] ] ] } },
{ "type": "Feature", "properties": { "geogrid_id": "2960552868007830572", "seqnum": 15282.0, "lat_c": -60.5528683799212, "lon_c": 7.8305721552585146, "res": 7.0, "count_Birds": 3, "count_Mammals": 0, "count_Molluscs": 0, "count_Mosses": 0, "count_Insects": 0, "count_Sac Fungi": 0, "count_Flowering Plants": 0, "count_Arachnids": 0, "count_Basidiomycota": 0, "count_Amphibians": 0, "unique_species_count": 3.0, "countryCode": "AQ" }, "geometry": { "type": "MultiPolygon", "coordinates": [ [ [ [ 8.178948169208653, -59.633625044920045 ], [ 9.562771032031321, -60.176579471444292 ], [ 9.529309816464036, -60.924781607248612 ], [ 7.762374648927883, -61.296945638890989 ], [ 6.356347460871426, -60.732928203413763 ], [ 6.741928948177802, -59.821562072496938 ], [ 8.178948169208653, -59.633625044920045 ] ] ] ] } },
{ "type": "Feature", "properties": { "geogrid_id": "2960552868014669428", "seqnum": 15419.0, "lat_c": -60.552868377022584, "lon_c": 14.669427875545786, "res": 7.0, "count_Birds": 1, "count_Mammals": 1, "count_Molluscs": 0, "count_Mosses": 0, "count_Insects": 0, "count_Sac Fungi": 0, "count_Flowering Plants": 0, "count_Arachnids": 0, "count_Basidiomycota": 0, "count_Amphibians": 0, "unique_species_count": 2.0, "countryCode": "AQ" }, "geometry": { "type": "MultiPolygon", "coordinates": [ [ [ [ 15.758071077309284, -59.82156206665136 ], [ 16.14365256527282, -60.732928197538527 ], [ 14.73762538246609, -61.296945635974694 ], [ 12.970690214804135, -60.924781604751708 ], [ 12.937228998649308, -60.17657946895882 ], [ 14.32105185640169, -59.633625039293783 ], [ 15.758071077309284, -59.82156206665136 ] ] ] ] } },
{ "type": "Feature", "properties": { "geogrid_id": "2960663295047995054", "seqnum": 15993.0, "lat_c": -60.663295473584327, "lon_c": 47.995053647544758, "res": 7.0, "count_Birds": 1, "count_Mammals": 0, "count_Molluscs": 0, "count_Mosses": 0, "count_Insects": 0, "count_Sac Fungi": 0, "count_Flowering Plants": 0, "count_Arachnids": 0, "count_Basidiomycota": 0, "count_Amphibians": 0, "unique_species_count": 1.0, "countryCode": "AQ" }, "geometry": { "type": "MultiPolygon", "coordinates": [ [ [ [ 48.411199225109364, -59.794455141503008 ], [ 49.557062125045348, -60.464191600739674 ], [ 49.161148032597211, -61.337134285635031 ], [ 47.556658367335956, -61.532863040801793 ], [ 46.417763182310757, -60.844126226411134 ], [ 46.874734936814406, -59.979044554986253 ], [ 48.411199225109364, -59.794455141503008 ] ] ] ] } },
{ "type": "Feature", "properties": { "geogrid_id": "2960663295154504946", "seqnum": 17451.0, "lat_c": -60.66329547660078, "lon_c": 154.5049463560791, "res": 7.0, "count_Birds": 5, "count_Mammals": 1, "count_Molluscs": 0, "count_Mosses": 0, "count_Insects": 0, "count_Sac Fungi": 0, "count_Flowering Plants": 0, "count_Arachnids": 0, "count_Basidiomycota": 0, "count_Amphibians": 0, "unique_species_count": 6.0, "countryCode": "AQ" }, "geometry": { "type": "MultiPolygon", "coordinates": [ [ [ [ 152.942937878506768, -60.46419160363935 ], [ 154.088800778607833, -59.794455144473766 ], [ 155.625265066978017, -59.97904455807214 ], [ 156.082236821400016, -60.844126229542645 ], [ 154.943341636195157, -61.53286304386333 ], [ 153.338851970850271, -61.337134288579769 ], [ 152.942937878506768, -60.46419160363935 ] ] ] ] } },
{ "type": "Feature", "properties": { "geogrid_id": "2960672873058213618", "seqnum": 16184.0, "lat_c": -60.672873463923921, "lon_c": 58.213617594407552, "res": 7.0, "count_Birds": 15, "count_Mammals": 0, "count_Molluscs": 1, "count_Mosses": 0, "count_Insects": 0, "count_Sac Fungi": 0, "count_Flowering Plants": 0, "count_Arachnids": 0, "count_Basidiomycota": 0, "count_Amphibians": 0, "unique_species_count": 16.0, "countryCode": "AQ" }, "geometry": { "type": "MultiPolygon", "coordinates": [ [ [ [ 58.375651650041917, -59.787899788618724 ], [ 59.708233397526683, -60.356163576252762 ], [ 59.578094600580471, -61.242663036128597 ], [ 58.042251072405854, -61.559153530731095 ], [ 56.693196032664112, -60.973087755091449 ], [ 56.895631271285531, -60.08883052515435 ], [ 58.375651650041917, -59.787899788618724 ] ] ] ] } },
{ "type": "Feature", "properties": { "geogrid_id": "2960672873144286382", "seqnum": 17399.0, "lat_c": -60.672873466184804, "lon_c": 144.28638240870993, "res": 7.0, "count_Birds": 4, "count_Mammals": 1, "count_Molluscs": 0, "count_Mosses": 0, "count_Insects": 0, "count_Sac Fungi": 0, "count_Flowering Plants": 7, "count_Arachnids": 0, "count_Basidiomycota": 0, "count_Amphibians": 0, "unique_species_count": 12.0, "countryCode": "AQ" }, "geometry": { "type": "MultiPolygon", "coordinates": [ [ [ [ 142.79176660560816, -60.356163578390351 ], [ 144.12434835323316, -59.787899790838424 ], [ 145.604368731981197, -60.08883052749637 ], [ 145.806803970450602, -60.973087757475533 ], [ 144.457748930547439, -61.559153533032763 ], [ 142.921905402385136, -61.24266303830602 ], [ 142.79176660560816, -60.356163578390351 ] ] ] ] } },
{ "type": "Feature", "properties": { "geogrid_id": "2960692456026333227", "seqnum": 15611.0, "lat_c": -60.692456048372598, "lon_c": 26.333226667441266, "res": 7.0, "count_Birds": 1, "count_Mammals": 0, "count_Molluscs": 0, "count_Mosses": 0, "count_Insects": 0, "count_Sac Fungi": 0, "count_Flowering Plants": 0, "count_Arachnids": 0, "count_Basidiomycota": 0, "count_Amphibians": 0, "unique_species_count": 1.0, "countryCode": "AQ" }, "geometry": { "type": "MultiPolygon", "coordinates": [ [ [ [ 27.231086109392717, -59.908180949164006 ], [ 27.900773485855062, -60.748623772548051 ], [ 26.995614425602987, -61.540243040649976 ], [ 25.398696152974608, -61.476431370649088 ], [ 24.77669022045529, -60.618535087062568 ], [ 25.702154116107963, -59.842064362781649 ], [ 27.231086109392717, -59.908180949164006 ] ] ] ] } },
{ "type": "Feature", "properties": { "geogrid_id": "2960692456176166773", "seqnum": 17474.0, "lat_c": -60.69245605269542, "lon_c": 176.16677333847747, "res": 7.0, "count_Birds": 1, "count_Mammals": 1, "count_Molluscs": 1, "count_Mosses": 0, "count_Insects": 0, "count_Sac Fungi": 0, "count_Flowering Plants": 0, "count_Arachnids": 0, "count_Basidiomycota": 0, "count_Amphibians": 0, "unique_species_count": 3.0, "countryCode": "AQ" }, "geometry": { "type": "MultiPolygon", "coordinates": [ [ [ [ 174.599226519841693, -60.748623776798951 ], [ 175.268913896417047, -59.908180953463535 ], [ 176.79784588991356, -59.842064367152254 ], [ 177.723309785690674, -60.618535091452628 ], [ 177.101303853071641, -61.476431374990646 ], [ 175.504385580204399, -61.540243044923621 ], [ 174.599226519841693, -60.748623776798951 ] ] ] ] } },
{ "type": "Feature", "properties": { "geogrid_id": "2960754986035838500", "seqnum": 15775.0, "lat_c": -60.75498584078197, "lon_c": 35.838500297673917, "res": 7.0, "count_Birds": 0, "count_Mammals": 1, "count_Molluscs": 0, "count_Mosses": 0, "count_Insects": 0, "count_Sac Fungi": 0, "count_Flowering Plants": 0, "count_Arachnids": 0, "count_Basidiomycota": 0, "count_Amphibians": 0, "unique_species_count": 1.0, "countryCode": "AQ" }, "geometry": { "type": "MultiPolygon", "coordinates": [ [ [ [ 36.540400505568527, -59.927208994567415 ], [ 37.432363293689342, -60.70028956858868 ], [ 36.734975509711496, -61.534252701628922 ], [ 35.10333168420329, -61.582501472743424 ], [ 34.244089969878857, -60.79089107993417 ], [ 34.981732896853373, -59.969788133835891 ], [ 36.540400505568527, -59.927208994567415 ] ] ] ] } },
{ "type": "Feature", "properties": { "geogrid_id": "2960754986166661500", "seqnum": 17476.0, "lat_c": -60.754985844607937, "lon_c": 166.66149970702909, "res": 7.0, "count_Birds": 4, "count_Mammals": 1, "count_Molluscs": 0, "count_Mosses": 0, "count_Insects": 0, "count_Sac Fungi": 0, "count_Flowering Plants": 0, "count_Arachnids": 0, "count_Basidiomycota": 0, "count_Amphibians": 0, "unique_species_count": 5.0, "countryCode": "AQ" }, "geometry": { "type": "MultiPolygon", "coordinates": [ [ [ [ 165.067636710844994, -60.700289572317864 ], [ 165.95959949912168, -59.927208998353443 ], [ 167.518267108000856, -59.969788137717046 ], [ 168.255910035004035, -60.790891083853261 ], [ 167.396668320523474, -61.582501476607192 ], [ 165.765024494829646, -61.534252705397925 ], [ 165.067636710844994, -60.700289572317864 ] ] ] ] } },
{ "type": "Feature", "properties": { "geogrid_id": "2960770303081756654", "seqnum": 16619.0, "lat_c": -60.770303480136342, "lon_c": 81.756654115684924, "res": 7.0, "count_Birds": 24, "count_Mammals": 7, "count_Molluscs": 1, "count_Mosses": 0, "count_Insects": 0, "count_Sac Fungi": 0, "count_Flowering Plants": 0, "count_Arachnids": 0, "count_Basidiomycota": 0, "count_Amphibians": 0, "unique_species_count": 32.0, "countryCode": "AQ" }, "geometry": { "type": "MultiPolygon", "coordinates": [ [ [ [ 81.322971083029771, -59.925838785464876 ], [ 82.97914685037378, -60.225702689597441 ], [ 83.459221093563471, -61.063150450799839 ], [ 82.213052774872992, -61.613604918378392 ], [ 80.496818029456051, -61.30664270642783 ], [ 80.08812850271778, -60.456704571176722 ], [ 81.322971083029771, -59.925838785464876 ] ] ] ] } },
{ "type": "Feature", "properties": { "geogrid_id": "2960770303120743346", "seqnum": 17186.0, "lat_c": -60.770303480690906, "lon_c": 120.74334588752629, "res": 7.0, "count_Birds": 9, "count_Mammals": 0, "count_Molluscs": 0, "count_Mosses": 0, "count_Insects": 0, "count_Sac Fungi": 0, "count_Flowering Plants": 0, "count_Arachnids": 0, "count_Basidiomycota": 0, "count_Amphibians": 0, "unique_species_count": 9.0, "countryCode": "AQ" }, "geometry": { "type": "MultiPolygon", "coordinates": [ [ [ [ 119.520853153029677, -60.22570269003706 ], [ 121.177028920383265, -59.925838786001343 ], [ 122.411871500514977, -60.456704571828411 ], [ 122.003181973565759, -61.306642707098526 ], [ 120.286947228124561, -61.613604918949868 ], [ 119.040778909636586, -61.063150451255467 ], [ 119.520853153029677, -60.22570269003706 ] ] ] ] } },
{ "type": "Feature", "properties": { "geogrid_id": "2960806648031061625", "seqnum": 15693.0, "lat_c": -60.80664796577932, "lon_c": 31.061625178004302, "res": 7.0, "count_Birds": 11, "count_Mammals": 1, "count_Molluscs": 1, "count_Mosses": 0, "count_Insects": 0, "count_Sac Fungi": 0, "count_Flowering Plants": 0, "count_Arachnids": 0, "count_Basidiomycota": 0, "count_Amphibians": 0, "unique_species_count": 13.0, "countryCode": "AQ" }, "geometry": { "type": "MultiPolygon", "coordinates": [ [ [ [ 31.867407089477453, -59.999687113458492 ], [ 32.651134174843399, -60.808074422794505 ], [ 31.843786274259596, -61.621855424058381 ], [ 30.220157765735284, -61.613211301650558 ], [ 29.477529700932497, -60.78676598806905 ], [ 30.315461241847572, -59.987207043183936 ], [ 31.867407089477453, -59.999687113458492 ] ] ] ] } },
{ "type": "Feature", "properties": { "geogrid_id": "2960806648171438375", "seqnum": 17475.0, "lat_c": -60.806647969872827, "lon_c": 171.4383748272686, "res": 7.0, "count_Birds": 1, "count_Mammals": 1, "count_Molluscs": 0, "count_Mosses": 0, "count_Insects": 0, "count_Sac Fungi": 0, "count_Flowering Plants": 0, "count_Arachnids": 0, "count_Basidiomycota": 0, "count_Amphibians": 0, "unique_species_count": 2.0, "countryCode": "AQ" }, "geometry": { "type": "MultiPolygon", "coordinates": [ [ [ [ 169.848865830229784, -60.808074426802847 ], [ 170.632592915734506, -59.999687117519002 ], [ 172.184538763556418, -59.987207047328283 ], [ 173.022470304548619, -60.786765992243467 ], [ 172.279842239613629, -61.613211305773838 ], [ 170.656213730872082, -61.621855428099501 ], [ 169.848865830229784, -60.808074426802847 ] ] ] ] } },
{ "type": "Feature", "properties": { "geogrid_id": "2960818259092826897", "seqnum": 16808.0, "lat_c": -60.818259269372653, "lon_c": 92.826897073589492, "res": 7.0, "count_Birds": 19, "count_Mammals": 5, "count_Molluscs": 1, "count_Mosses": 0, "count_Insects": 0, "count_Sac Fungi": 0, "count_Flowering Plants": 0, "count_Arachnids": 0, "count_Basidiomycota": 0, "count_Amphibians": 0, "unique_species_count": 25.0, "countryCode": "AQ" }, "geometry": { "type": "MultiPolygon", "coordinates": [ [ [ [ 92.118404412135263, -60.027299717554648 ], [ 93.888000150865111, -60.213857968478663 ], [ 94.645937510018001, -60.996056675528592 ], [ 93.571070303905628, -61.604874910694512 ], [ 91.73010933007383, -61.422093611774692 ], [ 91.036653851729142, -60.62585943369178 ], [ 92.118404412135263, -60.027299717554648 ] ] ] ] } },
{ "type": "Feature", "properties": { "geogrid_id": "2960818259109673103", "seqnum": 17051.0, "lat_c": -60.818259269158652, "lon_c": 109.67310293018762, "res": 7.0, "count_Birds": 16, "count_Mammals": 4, "count_Molluscs": 0, "count_Mosses": 1, "count_Insects": 0, "count_Sac Fungi": 0, "count_Flowering Plants": 0, "count_Arachnids": 0, "count_Basidiomycota": 0, "count_Amphibians": 0, "unique_species_count": 21.0, "countryCode": "AQ" }, "geometry": { "type": "MultiPolygon", "coordinates": [ [ [ [ 108.611999853151104, -60.213857968138662 ], [ 110.381595591811703, -60.02729971734113 ], [ 111.463346151986045, -60.625859433598436 ], [ 110.769890673458235, -61.422093611684282 ], [ 108.928929699695033, -61.604874910477399 ], [ 107.854062493835457, -60.996056675180128 ], [ 108.611999853151104, -60.213857968138662 ] ] ] ] } },
{ "type": "Feature", "properties": { "geogrid_id": "2960909754061086058", "seqnum": 16238.0, "lat_c": -60.909753646856942, "lon_c": 61.086058002179499, "res": 7.0, "count_Birds": 16, "count_Mammals": 1, "count_Molluscs": 1, "count_Mosses": 0, "count_Insects": 0, "count_Sac Fungi": 0, "count_Flowering Plants": 0, "count_Arachnids": 0, "count_Basidiomycota": 0, "count_Amphibians": 0, "unique_species_count": 18.0, "countryCode": "AQ" }, "geometry": { "type": "MultiPolygon", "coordinates": [ [ [ [ 61.176212336478457, -60.02344704913105 ], [ 62.56538499103165, -60.560950155477009 ], [ 62.51051702915062, -61.447943875257693 ], [ 60.990669783704675, -61.79746665087611 ], [ 59.578094600580471, -61.242663036128597 ], [ 59.708233397526683, -60.356163576252762 ], [ 61.176212336478457, -60.02344704913105 ] ] ] ] } },
{ "type": "Feature", "properties": { "geogrid_id": "2960909754141413942", "seqnum": 17372.0, "lat_c": -60.90975364891019, "lon_c": 141.41394200081351, "res": 7.0, "count_Birds": 15, "count_Mammals": 1, "count_Molluscs": 4, "count_Mosses": 0, "count_Insects": 0, "count_Sac Fungi": 0, "count_Flowering Plants": 0, "count_Arachnids": 0, "count_Basidiomycota": 0, "count_Amphibians": 0, "unique_species_count": 20.0, "countryCode": "AQ" }, "geometry": { "type": "MultiPolygon", "coordinates": [ [ [ [ 139.934615012002865, -60.560950157406374 ], [ 141.323787666687565, -60.023447051145482 ], [ 142.79176660560816, -60.356163578390351 ], [ 142.921905402385136, -61.24266303830602 ], [ 141.509330219106971, -61.797466652967664 ], [ 139.989482973699523, -61.447943877224297 ], [ 139.934615012002865, -60.560950157406374 ] ] ] ] } },
{ "type": "Feature", "properties": { "geogrid_id": "2960928353101250000", "seqnum": 16944.0, "lat_c": -60.928352772242945, "lon_c": 101.25000000252629, "res": 7.0, "count_Birds": 20, "count_Mammals": 3, "count_Molluscs": 1, "count_Mosses": 0, "count_Insects": 0, "count_Sac Fungi": 0, "count_Flowering Plants": 0, "count_Arachnids": 0, "count_Basidiomycota": 0, "count_Amphibians": 0, "unique_species_count": 24.0, "countryCode": "AQ" }, "geometry": { "type": "MultiPolygon", "coordinates": [ [ [ [ 100.324388819031014, -60.142820677299383 ], [ 102.175611185489032, -60.142820676232802 ], [ 103.134161441328203, -60.731505357854118 ], [ 102.216687767393566, -61.507628291863178 ], [ 100.283312236754469, -61.507628292839101 ], [ 99.365838562962082, -60.731505358733848 ], [ 100.324388819031014, -60.142820677299383 ] ] ] ] } },
{ "type": "Feature", "properties": { "geogrid_id": "2960978573078816681", "seqnum": 16564.0, "lat_c": -60.978572527391044, "lon_c": 78.816680511275308, "res": 7.0, "count_Birds": 21, "count_Mammals": 3, "count_Molluscs": 2, "count_Mosses": 0, "count_Insects": 0, "count_Sac Fungi": 0, "count_Flowering Plants": 0, "count_Arachnids": 0, "count_Basidiomycota": 0, "count_Amphibians": 0, "unique_species_count": 26.0, "countryCode": "AQ" }, "geometry": { "type": "MultiPolygon", "coordinates": [ [ [ [ 78.454239948283202, -60.12274405827872 ], [ 80.08812850271778, -60.456704571176722 ], [ 80.496818029456051, -61.30664270642783 ], [ 79.198592503098467, -61.833972845928315 ], [ 77.507707363745084, -61.490726217755601 ], [ 77.173231864721458, -60.629895741436677 ], [ 78.454239948283202, -60.12274405827872 ] ] ] ] } },
{ "type": "Feature", "properties": { "geogrid_id": "2960978573123683319", "seqnum": 17212.0, "lat_c": -60.97857252815929, "lon_c": 123.68331949178095, "res": 7.0, "count_Birds": 17, "count_Mammals": 1, "count_Molluscs": 1, "count_Mosses": 0, "count_Insects": 0, "count_Sac Fungi": 0, "count_Flowering Plants": 0, "count_Arachnids": 0, "count_Basidiomycota": 0, "count_Amphibians": 0, "unique_species_count": 19.0, "countryCode": "AQ" }, "geometry": { "type": "MultiPolygon", "coordinates": [ [ [ [ 122.411871500514977, -60.456704571828411 ], [ 124.045760054980434, -60.122744059025912 ], [ 125.32676813837837, -60.629895742300889 ], [ 124.992292639139592, -61.490726218641804 ], [ 123.301407499737877, -61.833972846716442 ], [ 122.003181973565759, -61.306642707098526 ], [ 122.411871500514977, -60.456704571828411 ] ] ] ] } },
{ "type": "Feature", "properties": { "geogrid_id": "2961046754003344046", "seqnum": 15200.0, "lat_c": -61.046754104457321, "lon_c": 3.3440459574156489, "res": 7.0, "count_Birds": 2, "count_Mammals": 2, "count_Molluscs": 0, "count_Mosses": 0, "count_Insects": 0, "count_Sac Fungi": 0, "count_Flowering Plants": 0, "count_Arachnids": 0, "count_Basidiomycota": 0, "count_Amphibians": 0, "unique_species_count": 4.0, "countryCode": "AQ" }, "geometry": { "type": "MultiPolygon", "coordinates": [ [ [ [ 3.806395955106443, -60.15194744833191 ], [ 4.8604492352477, -60.897718340314711 ], [ 4.413431902051199, -61.801636959985771 ], [ 2.856368396571709, -61.941721166778301 ], [ 1.808438323688269, -61.179570844303079 ], [ 2.310131157867852, -60.293490397281261 ], [ 3.806395955106443, -60.15194744833191 ] ] ] ] } },
{ "type": "Feature", "properties": { "geogrid_id": "2961046754019155954", "seqnum": 15501.0, "lat_c": -61.046754098131466, "lon_c": 19.1559540683709, "res": 7.0, "count_Birds": 1, "count_Mammals": 0, "count_Molluscs": 0, "count_Mosses": 0, "count_Insects": 0, "count_Sac Fungi": 0, "count_Flowering Plants": 0, "count_Arachnids": 0, "count_Basidiomycota": 0, "count_Amphibians": 0, "unique_species_count": 1.0, "countryCode": "AQ" }, "geometry": { "type": "MultiPolygon", "coordinates": [ [ [ [ 20.18986886710027, -60.293490390781663 ], [ 20.691561701878395, -61.179570837753829 ], [ 19.643631629863332, -61.941721160404889 ], [ 18.086568124598362, -61.801636953844124 ], [ 17.639550790731274, -60.897718334213693 ], [ 18.693604070059926, -60.151947442049192 ], [ 20.18986886710027, -60.293490390781663 ] ] ] ] } },
{ "type": "Feature", "properties": { "geogrid_id": "2961082680063999670", "seqnum": 16293.0, "lat_c": -61.082680450445864, "lon_c": 63.999670257099744, "res": 7.0, "count_Birds": 18, "count_Mammals": 2, "count_Molluscs": 1, "count_Mosses": 0, "count_Insects": 0, "count_Sac Fungi": 0, "count_Flowering Plants": 0, "count_Arachnids": 0, "count_Basidiomycota": 0, "count_Amphibians": 0, "unique_species_count": 21.0, "countryCode": "AQ" }, "geometry": { "type": "MultiPolygon", "coordinates": [ [ [ [ 64.01548070430664, -60.196791987916598 ], [ 65.457635433409777, -60.702251125880821 ], [ 65.480155393783321, -61.587888867807948 ], [ 63.982914238775948, -61.96997036172511 ], [ 62.51051702915062, -61.447943875257693 ], [ 62.56538499103165, -60.560950155477009 ], [ 64.01548070430664, -60.196791987916598 ] ] ] ] } },
{ "type": "Feature", "properties": { "geogrid_id": "2961082680138500330", "seqnum": 17346.0, "lat_c": -61.082680452287981, "lon_c": 138.50032974580327, "res": 7.0, "count_Birds": 20, "count_Mammals": 1, "count_Molluscs": 1, "count_Mosses": 0, "count_Insects": 0, "count_Sac Fungi": 0, "count_Flowering Plants": 0, "count_Arachnids": 0, "count_Basidiomycota": 0, "count_Amphibians": 0, "unique_species_count": 22.0, "countryCode": "AQ" }, "geometry": { "type": "MultiPolygon", "coordinates": [ [ [ [ 137.042364569559453, -60.702251127599105 ], [ 138.484519298782601, -60.196791989722584 ], [ 139.934615012002865, -60.560950157406374 ], [ 139.989482973699523, -61.447943877224297 ], [ 138.517085763930993, -61.969970363602734 ], [ 137.019844608988905, -61.587888869560608 ], [ 137.042364569559453, -60.702251127599105 ] ] ] ] } },
{ "type": "Feature", "properties": { "geogrid_id": "2961122971151751552", "seqnum": 17425.0, "lat_c": -61.122970901765378, "lon_c": 151.75155211654729, "res": 7.0, "count_Birds": 11, "count_Mammals": 4, "count_Molluscs": 0, "count_Mosses": 0, "count_Insects": 0, "count_Sac Fungi": 0, "count_Flowering Plants": 0, "count_Arachnids": 0, "count_Basidiomycota": 0, "count_Amphibians": 0, "unique_species_count": 15.0, "countryCode": "AQ" }, "geometry": { "type": "MultiPolygon", "coordinates": [ [ [ [ 150.183053994720751, -60.890691463730384 ], [ 151.397794719466816, -60.24709957119277 ], [ 152.942937878506768, -60.46419160363935 ], [ 153.338851970850271, -61.337134288579769 ], [ 152.124373970889422, -61.999969165839602 ], [ 150.512219154877329, -61.770181877687776 ], [ 150.183053994720751, -60.890691463730384 ] ] ] ] } },
{ "type": "Feature", "properties": { "geogrid_id": "2961126707075855706", "seqnum": 16510.0, "lat_c": -61.126707240158872, "lon_c": 75.855705791705219, "res": 7.0, "count_Birds": 24, "count_Mammals": 4, "count_Molluscs": 5, "count_Mosses": 0, "count_Insects": 0, "count_Sac Fungi": 0, "count_Flowering Plants": 0, "count_Arachnids": 0, "count_Basidiomycota": 0, "count_Amphibians": 0, "unique_species_count": 33.0, "countryCode": "AQ" }, "geometry": { "type": "MultiPolygon", "coordinates": [ [ [ [ 75.566922426697104, -60.261166214202397 ], [ 77.173231864721458, -60.629895741436677 ], [ 77.507707363745084, -61.490726217755601 ], [ 76.160353905299871, -61.992436186467408 ], [ 74.50094771709395, -61.612478864243407 ], [ 74.242980138115698, -60.742550106884025 ], [ 75.566922426697104, -60.261166214202397 ] ] ] ] } },
{ "type": "Feature", "properties": { "geogrid_id": "2961126707126644294", "seqnum": 17239.0, "lat_c": -61.126707241141546, "lon_c": 126.64429421123654, "res": 7.0, "count_Birds": 12, "count_Mammals": 0, "count_Molluscs": 1, "count_Mosses": 0, "count_Insects": 0, "count_Sac Fungi": 0, "count_Flowering Plants": 0, "count_Arachnids": 0, "count_Basidiomycota": 0, "count_Amphibians": 0, "unique_species_count": 13.0, "countryCode": "AQ" }, "geometry": { "type": "MultiPolygon", "coordinates": [ [ [ [ 125.32676813837837, -60.629895742300889 ], [ 126.933077576454352, -60.261166215161033 ], [ 128.257019864890793, -60.742550107961577 ], [ 127.99905228569672, -61.612478865346013 ], [ 126.339646097419404, -61.992436187473011 ], [ 124.992292639139592, -61.490726218641804 ], [ 125.32676813837837, -60.629895742300889 ] ] ] ] } },
{ "type": "Feature", "properties": { "geogrid_id": "2961150011043224238", "seqnum": 15911.0, "lat_c": -61.150011171105035, "lon_c": 43.224237612683844, "res": 7.0, "count_Birds": 0, "count_Mammals": 1, "count_Molluscs": 0, "count_Mosses": 0, "count_Insects": 0, "count_Sac Fungi": 0, "count_Flowering Plants": 0, "count_Arachnids": 0, "count_Basidiomycota": 0, "count_Amphibians": 0, "unique_species_count": 1.0, "countryCode": "AQ" }, "geometry": { "type": "MultiPolygon", "coordinates": [ [ [ [ 43.762866167768536, -60.293723390362366 ], [ 44.826889538576566, -61.006434916168502 ], [ 44.303213032949401, -61.867930317484941 ], [ 42.658107376524754, -62.006828239947033 ], [ 41.61170706790147, -61.274685471937225 ], [ 42.190843301503826, -60.423412191153162 ], [ 43.762866167768536, -60.293723390362366 ] ] ] ] } },
{ "type": "Feature", "properties": { "geogrid_id": "2961150011159275762", "seqnum": 17450.0, "lat_c": -61.150011174460289, "lon_c": 159.27576239124605, "res": 7.0, "count_Birds": 0, "count_Mammals": 4, "count_Molluscs": 0, "count_Mosses": 0, "count_Insects": 0, "count_Sac Fungi": 0, "count_Flowering Plants": 0, "count_Arachnids": 0, "count_Basidiomycota": 0, "count_Amphibians": 0, "unique_species_count": 4.0, "countryCode": "AQ" }, "geometry": { "type": "MultiPolygon", "coordinates": [ [ [ [ 157.673110465236249, -61.006434919413053 ], [ 158.737133836216714, -60.293723393672835 ], [ 160.309156702598784, -60.423412194572521 ], [ 160.888292936160241, -61.274685475400574 ], [ 159.841892627354611, -62.00682824334595 ], [ 158.196786970797774, -61.867930320773887 ], [ 157.673110465236249, -61.006434919413053 ] ] ] ] } },
{ "type": "Feature", "properties": { "geogrid_id": "2961190876066944228", "seqnum": 16347.0, "lat_c": -61.190875986152285, "lon_c": 66.944227971854716, "res": 7.0, "count_Birds": 19, "count_Mammals": 3, "count_Molluscs": 1, "count_Mosses": 0, "count_Insects": 0, "count_Sac Fungi": 0, "count_Flowering Plants": 0, "count_Arachnids": 0, "count_Basidiomycota": 0, "count_Amphibians": 0, "unique_species_count": 23.0, "countryCode": "AQ" }, "geometry": { "type": "MultiPolygon", "coordinates": [ [ [ [ 66.884077821435213, -60.307240065094192 ], [ 68.374920071687285, -60.779550031030084 ], [ 68.476012393052486, -61.661909517658302 ], [ 67.007800472421735, -62.075794389789387 ], [ 65.480155393783321, -61.587888867807948 ], [ 65.457635433409777, -60.702251125880821 ], [ 66.884077821435213, -60.307240065094192 ] ] ] ] } },
{ "type": "Feature", "properties": { "geogrid_id": "2961190876135555772", "seqnum": 17319.0, "lat_c": -61.190875987780785, "lon_c": 135.55577203099617, "res": 7.0, "count_Birds": 7, "count_Mammals": 1, "count_Molluscs": 0, "count_Mosses": 0, "count_Insects": 0, "count_Sac Fungi": 0, "count_Flowering Plants": 0, "count_Arachnids": 0, "count_Basidiomycota": 0, "count_Amphibians": 0, "unique_species_count": 8.0, "countryCode": "AQ" }, "geometry": { "type": "MultiPolygon", "coordinates": [ [ [ [ 134.12507993125439, -60.779550032535411 ], [ 135.615922181612461, -60.307240066689474 ], [ 137.042364569559453, -60.702251127599105 ], [ 137.019844608988905, -61.587888869560608 ], [ 135.492199530221257, -62.075794391450351 ], [ 134.023987609682592, -61.661909519194957 ], [ 134.12507993125439, -60.779550032535411 ] ] ] ] } },
{ "type": "Feature", "properties": { "geogrid_id": "2961212366072883074", "seqnum": 16456.0, "lat_c": -61.212366033016316, "lon_c": 72.883073726249478, "res": 7.0, "count_Birds": 21, "count_Mammals": 3, "count_Molluscs": 2, "count_Mosses": 0, "count_Insects": 0, "count_Sac Fungi": 0, "count_Flowering Plants": 0, "count_Arachnids": 0, "count_Basidiomycota": 0, "count_Amphibians": 0, "unique_species_count": 26.0, "countryCode": "AQ" }, "geometry": { "type": "MultiPolygon", "coordinates": [ [ [ [ 72.669747269805328, -60.338909457567013 ], [ 74.242980138115698, -60.742550106884025 ], [ 74.50094771709395, -61.612478864243407 ], [ 73.10833411685536, -62.086501263663045 ], [ 71.486728193179573, -61.66993455340603 ], [ 71.306840783199974, -60.79281251881789 ], [ 72.669747269805328, -60.338909457567013 ] ] ] ] } },
{ "type": "Feature", "properties": { "geogrid_id": "2961212366129616926", "seqnum": 17266.0, "lat_c": -61.21236603421422, "lon_c": 129.61692627661972, "res": 7.0, "count_Birds": 14, "count_Mammals": 0, "count_Molluscs": 1, "count_Mosses": 0, "count_Insects": 0, "count_Sac Fungi": 0, "count_Flowering Plants": 0, "count_Arachnids": 0, "count_Basidiomycota": 0, "count_Amphibians": 0, "unique_species_count": 15.0, "countryCode": "AQ" }, "geometry": { "type": "MultiPolygon", "coordinates": [ [ [ [ 128.257019864890793, -60.742550107961577 ], [ 129.830252733272573, -60.338909458737817 ], [ 131.193159219753824, -60.792812520109358 ], [ 131.013271809561246, -61.669934554725685 ], [ 129.39166588579252, -62.086501264887033 ], [ 127.99905228569672, -61.612478865346013 ], [ 128.257019864890793, -60.742550107961577 ] ] ] ] } },
{ "type": "Feature", "properties": { "geogrid_id": "2961222145089919074", "seqnum": 16754.0, "lat_c": -61.22214471293745, "lon_c": 89.919073561159294, "res": 7.0, "count_Birds": 26, "count_Mammals": 2, "count_Molluscs": 5, "count_Mosses": 0, "count_Insects": 0, "count_Sac Fungi": 0, "count_Flowering Plants": 0, "count_Arachnids": 0, "count_Basidiomycota": 0, "count_Amphibians": 0, "unique_species_count": 33.0, "countryCode": "AQ" }, "geometry": { "type": "MultiPolygon", "coordinates": [ [ [ [ 89.275080888328205, -60.416313948557971 ], [ 91.036653851729142, -60.62585943369178 ], [ 91.73010933007383, -61.422093611774692 ], [ 90.596246599503743, -62.024385521265117 ], [ 88.764279477805729, -61.815258257430315 ], [ 88.138012976807843, -61.003230861707458 ], [ 89.275080888328205, -60.416313948557971 ] ] ] ] } },
{ "type": "Feature", "properties": { "geogrid_id": "2961222145112580926", "seqnum": 17078.0, "lat_c": -61.222144712963036, "lon_c": 112.58092644231995, "res": 7.0, "count_Birds": 18, "count_Mammals": 7, "count_Molluscs": 0, "count_Mosses": 0, "count_Insects": 0, "count_Sac Fungi": 0, "count_Flowering Plants": 0, "count_Arachnids": 0, "count_Basidiomycota": 0, "count_Amphibians": 0, "unique_species_count": 25.0, "countryCode": "AQ" }, "geometry": { "type": "MultiPolygon", "coordinates": [ [ [ [ 111.463346151986045, -60.625859433598436 ], [ 113.224919115338949, -60.416313948576523 ], [ 114.361987026633258, -61.003230861842248 ], [ 113.735720525434161, -61.815258257573944 ], [ 111.903753403778111, -62.024385521296274 ], [ 110.769890673458235, -61.422093611684282 ], [ 111.463346151986045, -60.625859433598436 ] ] ] ] } },
{ "type": "Feature", "properties": { "geogrid_id": "2961234031069909000", "seqnum": 16401.0, "lat_c": -61.234030553460613, "lon_c": 69.909000015564473, "res": 7.0, "count_Birds": 17, "count_Mammals": 1, "count_Molluscs": 2, "count_Mosses": 0, "count_Insects": 0, "count_Sac Fungi": 0, "count_Flowering Plants": 0, "count_Arachnids": 1, "count_Basidiomycota": 0, "count_Amphibians": 0, "unique_species_count": 21.0, "countryCode": "AQ" }, "geometry": { "type": "MultiPolygon", "coordinates": [ [ [ [ 69.772170172154262, -60.354533433980038 ], [ 71.306840783199974, -60.79281251881789 ], [ 71.486728193179573, -61.66993455340603 ], [ 70.053583176424411, -62.114570602136482 ], [ 68.476012393052486, -61.661909517658302 ], [ 68.374920071687285, -60.779550031030084 ], [ 69.772170172154262, -60.354533433980038 ] ] ] ] } },
{ "type": "Feature", "properties": { "geogrid_id": "2961234031132591000", "seqnum": 17292.0, "lat_c": -61.23403055487406, "lon_c": 132.59099998727461, "res": 7.0, "count_Birds": 15, "count_Mammals": 0, "count_Molluscs": 0, "count_Mosses": 0, "count_Insects": 0, "count_Sac Fungi": 0, "count_Flowering Plants": 0, "count_Arachnids": 0, "count_Basidiomycota": 0, "count_Amphibians": 0, "unique_species_count": 15.0, "countryCode": "AQ" }, "geometry": { "type": "MultiPolygon", "coordinates": [ [ [ [ 131.193159219753824, -60.792812520109358 ], [ 132.727829830889192, -60.354533435363294 ], [ 134.12507993125439, -60.779550032535411 ], [ 134.023987609682592, -61.661909519194957 ], [ 132.446416826198288, -62.114570603579217 ], [ 131.013271809561246, -61.669934554725685 ], [ 131.193159219753824, -60.792812520109358 ] ] ] ] } },
{ "type": "Feature", "properties": { "geogrid_id": "2961329263098373141", "seqnum": 16889.0, "lat_c": -61.329263400530451, "lon_c": 98.373140804214856, "res": 7.0, "count_Birds": 25, "count_Mammals": 4, "count_Molluscs": 2, "count_Mosses": 0, "count_Insects": 0, "count_Sac Fungi": 0, "count_Flowering Plants": 0, "count_Arachnids": 0, "count_Basidiomycota": 0, "count_Amphibians": 0, "unique_species_count": 31.0, "countryCode": "AQ" }, "geometry": { "type": "MultiPolygon", "coordinates": [ [ [ [ 97.510996190187981, -60.557921444180593 ], [ 99.365838562962082, -60.731505358733848 ], [ 100.283312236754469, -61.507628292839101 ], [ 99.280751951057766, -62.099586797793215 ], [ 97.345104583045341, -61.934848547910306 ], [ 96.494345987784243, -61.163721543541868 ], [ 97.510996190187981, -60.557921444180593 ] ] ] ] } },
{ "type": "Feature", "properties": { "geogrid_id": "2961329263104126859", "seqnum": 16970.0, "lat_c": -61.329263399827006, "lon_c": 104.12685919983079, "res": 7.0, "count_Birds": 18, "count_Mammals": 1, "count_Molluscs": 2, "count_Mosses": 0, "count_Insects": 0, "count_Sac Fungi": 0, "count_Flowering Plants": 0, "count_Arachnids": 0, "count_Basidiomycota": 0, "count_Amphibians": 0, "unique_species_count": 21.0, "countryCode": "AQ" }, "geometry": { "type": "MultiPolygon", "coordinates": [ [ [ [ 103.134161441328203, -60.731505357854118 ], [ 104.989003814003382, -60.557921443523881 ], [ 106.00565401615971, -61.163721543036004 ], [ 105.154895420741141, -61.93484854737298 ], [ 103.219248052839291, -62.099586797021239 ], [ 102.216687767393566, -61.507628291863178 ], [ 103.134161441328203, -60.731505357854118 ] ] ] ] } },
{ "type": "Feature", "properties": { "geogrid_id": "2961394809023814546", "seqnum": 15583.0, "lat_c": -61.394808987164204, "lon_c": 23.814545808214397, "res": 7.0, "count_Birds": 1, "count_Mammals": 0, "count_Molluscs": 0, "count_Mosses": 0, "count_Insects": 0, "count_Sac Fungi": 0, "count_Flowering Plants": 0, "count_Arachnids": 0, "count_Basidiomycota": 0, "count_Amphibians": 0, "unique_species_count": 1.0, "countryCode": "AQ" }, "geometry": { "type": "MultiPolygon", "coordinates": [ [ [ [ 24.77669022045529, -60.618535087062568 ], [ 25.398696152974608, -61.476431370649088 ], [ 24.427230388049043, -62.260967645225755 ], [ 22.815602302010969, -62.171832845965348 ], [ 22.244943726478123, -61.29572730391137 ], [ 23.232883713654484, -60.527168490894674 ], [ 24.77669022045529, -60.618535087062568 ] ] ] ] } },
{ "type": "Feature", "properties": { "geogrid_id": "2961394809178685454", "seqnum": 17446.0, "lat_c": -61.394808991568688, "lon_c": 178.68545419807549, "res": 7.0, "count_Birds": 5, "count_Mammals": 1, "count_Molluscs": 1, "count_Mosses": 0, "count_Insects": 0, "count_Sac Fungi": 0, "count_Flowering Plants": 0, "count_Arachnids": 0, "count_Basidiomycota": 0, "count_Amphibians": 0, "unique_species_count": 7.0, "countryCode": "AQ" }, "geometry": { "type": "MultiPolygon", "coordinates": [ [ [ [ 179.684397704444933, -62.171832850378287 ], [ 178.072769618145799, -62.260967649580621 ], [ 177.101303853071641, -61.476431374990646 ], [ 177.723309785690674, -60.618535091452628 ], [ 179.267116292722875, -60.527168495347205 ], [ 180.0, -61.097308624678497 ], [ 180.0, -61.687303340053077 ], [ 179.684397704444933, -62.171832850378287 ] ] ], [ [ [ -179.744943719941006, -61.295727308373706 ], [ -180.0, -61.687303340053077 ], [ -180.0, -61.097308624678497 ], [ -179.744943719941006, -61.295727308373706 ] ] ] ] } },
{ "type": "Feature", "properties": { "geogrid_id": "2961466866038365002", "seqnum": 15829.0, "lat_c": -61.466865766712303, "lon_c": 38.365002323017322, "res": 7.0, "count_Birds": 10, "count_Mammals": 1, "count_Molluscs": 3, "count_Mosses": 0, "count_Insects": 0, "count_Sac Fungi": 0, "count_Flowering Plants": 0, "count_Arachnids": 0, "count_Basidiomycota": 0, "count_Amphibians": 0, "unique_species_count": 14.0, "countryCode": "AQ" }, "geometry": { "type": "MultiPolygon", "coordinates": [ [ [ [ 39.023683631522609, -60.626776446263705 ], [ 39.991279219882166, -61.380331108711736 ], [ 39.341515380149254, -62.226584619728591 ], [ 37.674422170778392, -62.307277422169506 ], [ 36.734975509711496, -61.534252701628922 ], [ 37.432363293689342, -60.70028956858868 ], [ 39.023683631522609, -60.626776446263705 ] ] ] ] } },
{ "type": "Feature", "properties": { "geogrid_id": "2961466866164134998", "seqnum": 17449.0, "lat_c": -61.466865770382803, "lon_c": 164.1349976813506, "res": 7.0, "count_Birds": 1, "count_Mammals": 1, "count_Molluscs": 0, "count_Mosses": 0, "count_Insects": 0, "count_Sac Fungi": 0, "count_Flowering Plants": 0, "count_Arachnids": 0, "count_Basidiomycota": 0, "count_Amphibians": 0, "unique_species_count": 2.0, "countryCode": "AQ" }, "geometry": { "type": "MultiPolygon", "coordinates": [ [ [ [ 162.508720784325732, -61.38033111228026 ], [ 163.476316372855024, -60.626776449892695 ], [ 165.067636710844994, -60.700289572317864 ], [ 165.765024494829646, -61.534252705397925 ], [ 164.825577833589477, -62.307277425879583 ], [ 163.158484624041023, -62.226584623338375 ], [ 162.508720784325732, -61.38033111228026 ] ] ] ] } },
{ "type": "Feature", "properties": { "geogrid_id": "2961522175053579048", "seqnum": 16102.0, "lat_c": -61.522174854843151, "lon_c": 53.57904825271487, "res": 7.0, "count_Birds": 18, "count_Mammals": 1, "count_Molluscs": 0, "count_Mosses": 0, "count_Insects": 0, "count_Sac Fungi": 0, "count_Flowering Plants": 0, "count_Arachnids": 0, "count_Basidiomycota": 0, "count_Amphibians": 0, "unique_species_count": 19.0, "countryCode": "AQ" }, "geometry": { "type": "MultiPolygon", "coordinates": [ [ [ [ 53.865170206390502, -60.640648402432973 ], [ 55.147956764419959, -61.256336991900852 ], [ 54.890797768108754, -62.140874381176516 ], [ 53.277564144397694, -62.40516268897106 ], [ 51.987780848323681, -61.770181874937286 ], [ 52.316946008607928, -60.89069146102387 ], [ 53.865170206390502, -60.640648402432973 ] ] ] ] } },
{ "type": "Feature", "properties": { "geogrid_id": "2961522175148920952", "seqnum": 17398.0, "lat_c": -61.522174857472322, "lon_c": 148.92095175044102, "res": 7.0, "count_Birds": 4, "count_Mammals": 1, "count_Molluscs": 1, "count_Mosses": 0, "count_Insects": 0, "count_Sac Fungi": 0, "count_Flowering Plants": 0, "count_Arachnids": 0, "count_Basidiomycota": 0, "count_Amphibians": 0, "unique_species_count": 6.0, "countryCode": "AQ" }, "geometry": { "type": "MultiPolygon", "coordinates": [ [ [ [ 147.352043238707353, -61.256336994407796 ], [ 148.634829796902437, -60.640648405018659 ], [ 150.183053994720751, -60.890691463730384 ], [ 150.512219154877329, -61.770181877687776 ], [ 149.222435858617303, -62.405162691643149 ], [ 147.609202234868491, -62.140874383725802 ], [ 147.352043238707353, -61.256336994407796 ] ] ] ] } },
{ "type": "Feature", "properties": { "geogrid_id": "2961585624086963732", "seqnum": 16700.0, "lat_c": -61.585623807437997, "lon_c": 86.963731830233186, "res": 7.0, "count_Birds": 21, "count_Mammals": 5, "count_Molluscs": 2, "count_Mosses": 0, "count_Insects": 2, "count_Sac Fungi": 0, "count_Flowering Plants": 0, "count_Arachnids": 0, "count_Basidiomycota": 0, "count_Amphibians": 0, "unique_species_count": 30.0, "countryCode": "AQ" }, "geometry": { "type": "MultiPolygon", "coordinates": [ [ [ [ 86.387294217765515, -60.764412168777874 ], [ 88.138012976807843, -61.003230861707458 ], [ 88.764279477805729, -61.815258257430315 ], [ 87.570877010640615, -62.404278618410288 ], [ 85.750886084603451, -62.162635395884287 ], [ 85.195151750806261, -61.334963778867071 ], [ 86.387294217765515, -60.764412168777874 ] ] ] ] } },
{ "type": "Feature", "properties": { "geogrid_id": "2961585624115536268", "seqnum": 17105.0, "lat_c": -61.585623807688904, "lon_c": 115.53626817297999, "res": 7.0, "count_Birds": 23, "count_Mammals": 3, "count_Molluscs": 1, "count_Mosses": 0, "count_Insects": 0, "count_Sac Fungi": 0, "count_Flowering Plants": 0, "count_Arachnids": 0, "count_Basidiomycota": 0, "count_Amphibians": 0, "unique_species_count": 27.0, "countryCode": "AQ" }, "geometry": { "type": "MultiPolygon", "coordinates": [ [ [ [ 114.361987026633258, -61.003230861842248 ], [ 116.112705785650945, -60.764412169017284 ], [ 117.304848252394066, -61.33496377922166 ], [ 116.749113918380942, -62.162635396251453 ], [ 114.929122992357506, -62.404278618671391 ], [ 113.735720525434161, -61.815258257573944 ], [ 114.361987026633258, -61.003230861842248 ] ] ] ] } },
{ "type": "Feature", "properties": { "geogrid_id": "2961585929028603423", "seqnum": 15665.0, "lat_c": -61.585928596386196, "lon_c": 28.603422620756113, "res": 7.0, "count_Birds": 9, "count_Mammals": 2, "count_Molluscs": 0, "count_Mosses": 0, "count_Insects": 0, "count_Sac Fungi": 0, "count_Flowering Plants": 0, "count_Arachnids": 0, "count_Basidiomycota": 0, "count_Amphibians": 0, "unique_species_count": 11.0, "countryCode": "AQ" }, "geometry": { "type": "MultiPolygon", "coordinates": [ [ [ [ 29.477529700932497, -60.78676598806905 ], [ 30.220157765735284, -61.613211301650558 ], [ 29.342364929502185, -62.420022901676532 ], [ 27.692613200372204, -62.385405226054814 ], [ 26.995614425602987, -61.540243040649976 ], [ 27.900773485855062, -60.748623772548051 ], [ 29.477529700932497, -60.78676598806905 ] ] ] ] } },
{ "type": "Feature", "properties": { "geogrid_id": "2961585929173896577", "seqnum": 17447.0, "lat_c": -61.585928600587032, "lon_c": 173.89657738481841, "res": 7.0, "count_Birds": 5, "count_Mammals": 1, "count_Molluscs": 0, "count_Mosses": 0, "count_Insects": 0, "count_Sac Fungi": 0, "count_Flowering Plants": 0, "count_Arachnids": 0, "count_Basidiomycota": 0, "count_Amphibians": 0, "unique_species_count": 6.0, "countryCode": "AQ" }, "geometry": { "type": "MultiPolygon", "coordinates": [ [ [ [ 172.279842239613629, -61.613211305773838 ], [ 173.022470304548619, -60.786765992243467 ], [ 174.599226519841693, -60.748623776798951 ], [ 175.504385580204399, -61.540243044923621 ], [ 174.807386805314479, -62.385405230277669 ], [ 173.157635075940078, -62.420022905825661 ], [ 172.279842239613629, -61.613211305773838 ] ] ] ] } },
{ "type": "Feature", "properties": { "geogrid_id": "2961611668033472220", "seqnum": 15747.0, "lat_c": -61.611668212792509, "lon_c": 33.472219712136479, "res": 7.0, "count_Birds": 7, "count_Mammals": 0, "count_Molluscs": 3, "count_Mosses": 0, "count_Insects": 0, "count_Sac Fungi": 0, "count_Flowering Plants": 0, "count_Arachnids": 0, "count_Basidiomycota": 0, "count_Amphibians": 0, "unique_species_count": 10.0, "countryCode": "AQ" }, "geometry": { "type": "MultiPolygon", "coordinates": [ [ [ [ 34.244089969878857, -60.79089107993417 ], [ 35.10333168420329, -61.582501472743424 ], [ 34.334006407635066, -62.410247267816544 ], [ 32.665300330150579, -62.43265616527853 ], [ 31.843786274259596, -61.621855424058381 ], [ 32.651134174843399, -60.808074422794505 ], [ 34.244089969878857, -60.79089107993417 ] ] ] ] } },
{ "type": "Feature", "properties": { "geogrid_id": "2961611668169027780", "seqnum": 17448.0, "lat_c": -61.611668216747056, "lon_c": 169.02778029278747, "res": 7.0, "count_Birds": 1, "count_Mammals": 1, "count_Molluscs": 0, "count_Mosses": 0, "count_Insects": 0, "count_Sac Fungi": 0, "count_Flowering Plants": 0, "count_Arachnids": 0, "count_Basidiomycota": 0, "count_Amphibians": 0, "unique_species_count": 2.0, "countryCode": "AQ" }, "geometry": { "type": "MultiPolygon", "coordinates": [ [ [ [ 167.396668320523474, -61.582501476607192 ], [ 168.255910035004035, -60.790891083853261 ], [ 169.848865830229784, -60.808074426802847 ], [ 170.656213730872082, -61.621855428099501 ], [ 169.834699674828812, -62.432656169265506 ], [ 168.165993597128335, -62.410247271715477 ], [ 167.396668320523474, -61.582501476607192 ] ] ] ] } },
{ "type": "Feature", "properties": { "geogrid_id": "2961645508005949260", "seqnum": 15255.0, "lat_c": -61.645507638021542, "lon_c": 5.9492595768409409, "res": 7.0, "count_Birds": 2, "count_Mammals": 1, "count_Molluscs": 0, "count_Mosses": 0, "count_Insects": 0, "count_Sac Fungi": 0, "count_Flowering Plants": 0, "count_Arachnids": 0, "count_Basidiomycota": 0, "count_Amphibians": 0, "unique_species_count": 3.0, "countryCode": "AQ" }, "geometry": { "type": "MultiPolygon", "coordinates": [ [ [ [ 6.356347460871426, -60.732928203413763 ], [ 7.762374648927883, -61.296945638890989 ], [ 7.689564781645324, -62.043950807089679 ], [ 5.838094337336107, -62.387783441044249 ], [ 4.413431902051199, -61.801636959985771 ], [ 4.8604492352477, -60.897718340314711 ], [ 6.356347460871426, -60.732928203413763 ] ] ] ] } },
{ "type": "Feature", "properties": { "geogrid_id": "2961645508016550740", "seqnum": 15474.0, "lat_c": -61.64550763468101, "lon_c": 16.550740454627277, "res": 7.0, "count_Birds": 0, "count_Mammals": 0, "count_Molluscs": 0, "count_Mosses": 0, "count_Insects": 12, "count_Sac Fungi": 0, "count_Flowering Plants": 0, "count_Arachnids": 0, "count_Basidiomycota": 0, "count_Amphibians": 0, "unique_species_count": 12.0, "countryCode": "AQ" }, "geometry": { "type": "MultiPolygon", "coordinates": [ [ [ [ 17.639550790731274, -60.897718334213693 ], [ 18.086568124598362, -61.801636953844124 ], [ 16.661905694750903, -62.38778343767838 ], [ 14.810435250368871, -62.043950804154832 ], [ 14.73762538246609, -61.296945635974694 ], [ 16.14365256527282, -60.732928197538527 ], [ 17.639550790731274, -60.897718334213693 ] ] ] ] } },
{ "type": "Feature", "properties": { "geogrid_id": "2961675708009493619", "seqnum": 15309.0, "lat_c": -61.67570771613493, "lon_c": 9.4936195102291592, "res": 7.0, "count_Birds": 1, "count_Mammals": 1, "count_Molluscs": 0, "count_Mosses": 0, "count_Insects": 0, "count_Sac Fungi": 0, "count_Flowering Plants": 0, "count_Arachnids": 0, "count_Basidiomycota": 0, "count_Amphibians": 0, "unique_species_count": 2.0, "countryCode": "AQ" }, "geometry": { "type": "MultiPolygon", "coordinates": [ [ [ [ 9.529309816464036, -60.924781607248612 ], [ 11.250000016529652, -61.283706454331501 ], [ 11.250000016856779, -62.040268175330176 ], [ 9.455512503754894, -62.429301476711842 ], [ 7.689564781645324, -62.043950807089679 ], [ 7.762374648927883, -61.296945638890989 ], [ 9.529309816464036, -60.924781607248612 ] ] ] ] } },
{ "type": "Feature", "properties": { "geogrid_id": "2961675708013006381", "seqnum": 15446.0, "lat_c": -61.675707713626174, "lon_c": 13.006380521656867, "res": 7.0, "count_Birds": 1, "count_Mammals": 1, "count_Molluscs": 0, "count_Mosses": 0, "count_Insects": 0, "count_Sac Fungi": 0, "count_Flowering Plants": 0, "count_Arachnids": 0, "count_Basidiomycota": 0, "count_Amphibians": 0, "unique_species_count": 2.0, "countryCode": "AQ" }, "geometry": { "type": "MultiPolygon", "coordinates": [ [ [ [ 14.73762538246609, -61.296945635974694 ], [ 14.810435250368871, -62.043950804154832 ], [ 13.044487528781877, -62.429301474190787 ], [ 11.250000015494741, -62.040268173236456 ], [ 11.250000015177521, -61.283706452243067 ], [ 12.970690214804135, -60.924781604751708 ], [ 14.73762538246609, -61.296945635974694 ] ] ] ] } },
{ "type": "Feature", "properties": { "geogrid_id": "2961709876045936724", "seqnum": 15966.0, "lat_c": -61.709875590582278, "lon_c": 45.936723779918459, "res": 7.0, "count_Birds": 6, "count_Mammals": 0, "count_Molluscs": 0, "count_Mosses": 0, "count_Insects": 0, "count_Sac Fungi": 0, "count_Flowering Plants": 0, "count_Arachnids": 0, "count_Basidiomycota": 0, "count_Amphibians": 0, "unique_species_count": 6.0, "countryCode": "AQ" }, "geometry": { "type": "MultiPolygon", "coordinates": [ [ [ [ 46.417763182310757, -60.844126226411134 ], [ 47.556658367335956, -61.532863040801793 ], [ 47.095323951065524, -62.403503870320733 ], [ 45.43088343838712, -62.57665891508389 ], [ 44.303213032949401, -61.867930317484941 ], [ 44.826889538576566, -61.006434916168502 ], [ 46.417763182310757, -60.844126226411134 ] ] ] ] } },
{ "type": "Feature", "properties": { "geogrid_id": "2961709876156563276", "seqnum": 17424.0, "lat_c": -61.70987559375866, "lon_c": 156.56327622371256, "res": 7.0, "count_Birds": 0, "count_Mammals": 1, "count_Molluscs": 0, "count_Mosses": 0, "count_Insects": 0, "count_Sac Fungi": 0, "count_Flowering Plants": 0, "count_Arachnids": 0, "count_Basidiomycota": 0, "count_Amphibians": 0, "unique_species_count": 1.0, "countryCode": "AQ" }, "geometry": { "type": "MultiPolygon", "coordinates": [ [ [ [ 154.943341636195157, -61.53286304386333 ], [ 156.082236821400016, -60.844126229542645 ], [ 157.673110465236249, -61.006434919413053 ], [ 158.196786970797774, -61.867930320773887 ], [ 157.069116565166894, -62.576658918304126 ], [ 155.404676052374015, -62.403503873426523 ], [ 154.943341636195157, -61.53286304386333 ] ] ] ] } },
{ "type": "Feature", "properties": { "geogrid_id": "2961773778095442387", "seqnum": 16835.0, "lat_c": -61.773778088727511, "lon_c": 95.442386811642777, "res": 7.0, "count_Birds": 24, "count_Mammals": 5, "count_Molluscs": 1, "count_Mosses": 0, "count_Insects": 0, "count_Sac Fungi": 0, "count_Flowering Plants": 0, "count_Arachnids": 0, "count_Basidiomycota": 0, "count_Amphibians": 0, "unique_species_count": 30.0, "countryCode": "AQ" }, "geometry": { "type": "MultiPolygon", "coordinates": [ [ [ [ 94.645937510018001, -60.996056675528592 ], [ 96.494345987784243, -61.163721543541868 ], [ 97.345104583045341, -61.934848547910306 ], [ 96.280567152229182, -62.546916849133616 ], [ 94.353833748625433, -62.386891653104712 ], [ 93.571070303905628, -61.604874910694512 ], [ 94.645937510018001, -60.996056675528592 ] ] ] ] } },
{ "type": "Feature", "properties": { "geogrid_id": "2961773778107057613", "seqnum": 16997.0, "lat_c": -61.773778088365937, "lon_c": 107.05761319204295, "res": 7.0, "count_Birds": 18, "count_Mammals": 3, "count_Molluscs": 0, "count_Mosses": 0, "count_Insects": 0, "count_Sac Fungi": 0, "count_Flowering Plants": 0, "count_Arachnids": 0, "count_Basidiomycota": 0, "count_Amphibians": 0, "unique_species_count": 21.0, "countryCode": "AQ" }, "geometry": { "type": "MultiPolygon", "coordinates": [ [ [ [ 106.00565401615971, -61.163721543036004 ], [ 107.854062493835457, -60.996056675180128 ], [ 108.928929699695033, -61.604874910477399 ], [ 108.146166254792007, -62.386891652881395 ], [ 106.219432851284239, -62.546916848752787 ], [ 105.154895420741141, -61.93484854737298 ], [ 106.00565401615971, -61.163721543036004 ] ] ] ] } },
{ "type": "Feature", "properties": { "geogrid_id": "2961858719056479452", "seqnum": 16156.0, "lat_c": -61.858718701227474, "lon_c": 56.479452391545685, "res": 7.0, "count_Birds": 20, "count_Mammals": 1, "count_Molluscs": 1, "count_Mosses": 0, "count_Insects": 0, "count_Sac Fungi": 0, "count_Flowering Plants": 0, "count_Arachnids": 0, "count_Basidiomycota": 0, "count_Amphibians": 0, "unique_species_count": 22.0, "countryCode": "AQ" }, "geometry": { "type": "MultiPolygon", "coordinates": [ [ [ [ 56.693196032664112, -60.973087755091449 ], [ 58.042251072405854, -61.559153530731095 ], [ 57.861729860236736, -62.447060557955119 ], [ 56.254512919882522, -62.746063478972658 ], [ 54.890797768108754, -62.140874381176516 ], [ 55.147956764419959, -61.256336991900852 ], [ 56.693196032664112, -60.973087755091449 ] ] ] ] } },
{ "type": "Feature", "properties": { "geogrid_id": "2961858719146020548", "seqnum": 17371.0, "lat_c": -61.858718703653189, "lon_c": 146.02054761141122, "res": 7.0, "count_Birds": 4, "count_Mammals": 2, "count_Molluscs": 0, "count_Mosses": 0, "count_Insects": 0, "count_Sac Fungi": 0, "count_Flowering Plants": 0, "count_Arachnids": 0, "count_Basidiomycota": 0, "count_Amphibians": 0, "unique_species_count": 6.0, "countryCode": "AQ" }, "geometry": { "type": "MultiPolygon", "coordinates": [ [ [ [ 144.457748930547439, -61.559153533032763 ], [ 145.806803970450602, -60.973087757475533 ], [ 147.352043238707353, -61.256336994407796 ], [ 147.609202234868491, -62.140874383725802 ], [ 146.245487082910472, -62.746063481439371 ], [ 144.638270142545366, -62.447060560296997 ], [ 144.457748930547439, -61.559153533032763 ] ] ] ] } },
{ "type": "Feature", "properties": { "geogrid_id": "2961899037083964673", "seqnum": 16645.0, "lat_c": -61.899036919526424, "lon_c": 83.964673273543127, "res": 7.0, "count_Birds": 23, "count_Mammals": 7, "count_Molluscs": 1, "count_Mosses": 0, "count_Insects": 0, "count_Sac Fungi": 0, "count_Flowering Plants": 0, "count_Arachnids": 0, "count_Basidiomycota": 0, "count_Amphibians": 0, "unique_species_count": 31.0, "countryCode": "AQ" }, "geometry": { "type": "MultiPolygon", "coordinates": [ [ [ [ 83.459221093563471, -61.063150450799839 ], [ 85.195151750806261, -61.334963778867071 ], [ 85.750886084603451, -62.162635395884287 ], [ 84.498131050419673, -62.733388737316545 ], [ 82.694594181706378, -62.455806549025624 ], [ 82.213052774872992, -61.613604918378392 ], [ 83.459221093563471, -61.063150450799839 ] ] ] ] } },
{ "type": "Feature", "properties": { "geogrid_id": "2961899037118535327", "seqnum": 17131.0, "lat_c": -61.899036919996838, "lon_c": 118.53532672944154, "res": 7.0, "count_Birds": 20, "count_Mammals": 1, "count_Molluscs": 1, "count_Mosses": 0, "count_Insects": 0, "count_Sac Fungi": 0, "count_Flowering Plants": 0, "count_Arachnids": 0, "count_Basidiomycota": 0, "count_Amphibians": 0, "unique_species_count": 22.0, "countryCode": "AQ" }, "geometry": { "type": "MultiPolygon", "coordinates": [ [ [ [ 117.304848252394066, -61.33496377922166 ], [ 119.040778909636586, -61.063150451255467 ], [ 120.286947228124561, -61.613604918949868 ], [ 119.805405821064298, -62.455806549612696 ], [ 118.001868952336224, -62.733388737800368 ], [ 116.749113918380942, -62.162635396251453 ], [ 117.304848252394066, -61.33496377922166 ] ] ] ] } },
{ "type": "Feature", "properties": { "geogrid_id": "2962065273001279500", "seqnum": 15173.0, "lat_c": -62.06527347910577, "lon_c": 1.279499691094681, "res": 7.0, "count_Birds": 5, "count_Mammals": 2, "count_Molluscs": 0, "count_Mosses": 0, "count_Insects": 0, "count_Sac Fungi": 0, "count_Flowering Plants": 0, "count_Arachnids": 0, "count_Basidiomycota": 0, "count_Amphibians": 0, "unique_species_count": 7.0, "countryCode": "AQ" }, "geometry": { "type": "MultiPolygon", "coordinates": [ [ [ [ 1.808438323688269, -61.179570844303079 ], [ 2.856368396571709, -61.941721166778301 ], [ 2.339879151596119, -62.837132222233848 ], [ 0.719748809036585, -62.950815985113614 ], [ -0.315602276094267, -62.171832852796769 ], [ 0.255056298841103, -61.295727310682025 ], [ 1.808438323688269, -61.179570844303079 ] ] ] ] } },
{ "type": "Feature", "properties": { "geogrid_id": "2962065273021220500", "seqnum": 15556.0, "lat_c": -62.065273472502241, "lon_c": 21.220500335096087, "res": 7.0, "count_Birds": 0, "count_Mammals": 1, "count_Molluscs": 0, "count_Mosses": 0, "count_Insects": 0, "count_Sac Fungi": 0, "count_Flowering Plants": 0, "count_Arachnids": 0, "count_Basidiomycota": 0, "count_Amphibians": 0, "unique_species_count": 1.0, "countryCode": "AQ" }, "geometry": { "type": "MultiPolygon", "coordinates": [ [ [ [ 22.244943726478123, -61.29572730391137 ], [ 22.815602302010969, -62.171832845965348 ], [ 21.780251217805528, -62.950815978450656 ], [ 20.160120875517869, -62.837132215807955 ], [ 19.643631629863332, -61.941721160404889 ], [ 20.691561701878395, -61.179570837753829 ], [ 22.244943726478123, -61.29572730391137 ] ] ] ] } },
{ "type": "Feature", "properties": { "geogrid_id": "2962126415041003487", "seqnum": 15884.0, "lat_c": -62.126415359711373, "lon_c": 41.003486981627127, "res": 7.0, "count_Birds": 10, "count_Mammals": 1, "count_Molluscs": 3, "count_Mosses": 0, "count_Insects": 0, "count_Sac Fungi": 0, "count_Flowering Plants": 0, "count_Arachnids": 1, "count_Basidiomycota": 0, "count_Amphibians": 0, "unique_species_count": 15.0, "countryCode": "AQ" }, "geometry": { "type": "MultiPolygon", "coordinates": [ [ [ [ 41.61170706790147, -61.274685471937225 ], [ 42.658107376524754, -62.006828239947033 ], [ 42.063698104686253, -62.864590945036895 ], [ 40.365408469321707, -62.979049186133878 ], [ 39.341515380149254, -62.226584619728591 ], [ 39.991279219882166, -61.380331108711736 ], [ 41.61170706790147, -61.274685471937225 ] ] ] ] } },
{ "type": "Feature", "properties": { "geogrid_id": "2962126415161496513", "seqnum": 17423.0, "lat_c": -62.126415363217333, "lon_c": 161.49651302240011, "res": 7.0, "count_Birds": 9, "count_Mammals": 4, "count_Molluscs": 0, "count_Mosses": 0, "count_Insects": 0, "count_Sac Fungi": 0, "count_Flowering Plants": 0, "count_Arachnids": 0, "count_Basidiomycota": 0, "count_Amphibians": 0, "unique_species_count": 13.0, "countryCode": "AQ" }, "geometry": { "type": "MultiPolygon", "coordinates": [ [ [ [ 159.841892627354611, -62.00682824334595 ], [ 160.888292936160241, -61.274685475400574 ], [ 162.508720784325732, -61.38033111228026 ], [ 163.158484624041023, -62.226584623338375 ], [ 162.134591534678918, -62.979049189680694 ], [ 160.436301899148674, -62.864590948477982 ], [ 159.841892627354611, -62.00682824334595 ] ] ] ] } },
{ "type": "Feature", "properties": { "geogrid_id": "2962130687059440793", "seqnum": 16211.0, "lat_c": -62.130687103878678, "lon_c": 59.440792728660192, "res": 7.0, "count_Birds": 22, "count_Mammals": 1, "count_Molluscs": 3, "count_Mosses": 0, "count_Insects": 0, "count_Sac Fungi": 2, "count_Flowering Plants": 0, "count_Arachnids": 1, "count_Basidiomycota": 0, "count_Amphibians": 0, "unique_species_count": 29.0, "countryCode": "AQ" }, "geometry": { "type": "MultiPolygon", "coordinates": [ [ [ [ 59.578094600580471, -61.242663036128597 ], [ 60.990669783704675, -61.79746665087611 ], [ 60.890608734356206, -62.686907503599379 ], [ 59.296841890855795, -63.020579729850347 ], [ 57.861729860236736, -62.447060557955119 ], [ 58.042251072405854, -61.559153530731095 ], [ 59.578094600580471, -61.242663036128597 ] ] ] ] } },
{ "type": "Feature", "properties": { "geogrid_id": "2962130687143059207", "seqnum": 17345.0, "lat_c": -62.130687106095401, "lon_c": 143.05920727412845, "res": 7.0, "count_Birds": 16, "count_Mammals": 1, "count_Molluscs": 0, "count_Mosses": 0, "count_Insects": 0, "count_Sac Fungi": 0, "count_Flowering Plants": 0, "count_Arachnids": 0, "count_Basidiomycota": 0, "count_Amphibians": 0, "unique_species_count": 17.0, "countryCode": "AQ" }, "geometry": { "type": "MultiPolygon", "coordinates": [ [ [ [ 141.509330219106971, -61.797466652967664 ], [ 142.921905402385136, -61.24266303830602 ], [ 144.457748930547439, -61.559153533032763 ], [ 144.638270142545366, -62.447060560296997 ], [ 143.20315811174757, -63.020579732105674 ], [ 141.609391268265114, -62.68690750572857 ], [ 141.509330219106971, -61.797466652967664 ] ] ] ] } },
{ "type": "Feature", "properties": { "geogrid_id": "2962155848080927796", "seqnum": 16591.0, "lat_c": -62.155847778641281, "lon_c": 80.927796224353102, "res": 7.0, "count_Birds": 22, "count_Mammals": 4, "count_Molluscs": 2, "count_Mosses": 0, "count_Insects": 0, "count_Sac Fungi": 0, "count_Flowering Plants": 0, "count_Arachnids": 1, "count_Basidiomycota": 0, "count_Amphibians": 0, "unique_species_count": 29.0, "countryCode": "AQ" }, "geometry": { "type": "MultiPolygon", "coordinates": [ [ [ [ 80.496818029456051, -61.30664270642783 ], [ 82.213052774872992, -61.613604918378392 ], [ 82.694594181706378, -62.455806549025624 ], [ 81.383679982145182, -63.004431244844028 ], [ 79.602330402599108, -62.68908062876006 ], [ 79.198592503098467, -61.833972845928315 ], [ 80.496818029456051, -61.30664270642783 ] ] ] ] } },
{ "type": "Feature", "properties": { "geogrid_id": "2962155848121572204", "seqnum": 17158.0, "lat_c": -62.155847779329726, "lon_c": 121.57220377844483, "res": 7.0, "count_Birds": 18, "count_Mammals": 4, "count_Molluscs": 1, "count_Mosses": 0, "count_Insects": 0, "count_Sac Fungi": 0, "count_Flowering Plants": 0, "count_Arachnids": 0, "count_Basidiomycota": 0, "count_Amphibians": 0, "unique_species_count": 23.0, "countryCode": "AQ" }, "geometry": { "type": "MultiPolygon", "coordinates": [ [ [ [ 120.286947228124561, -61.613604918949868 ], [ 122.003181973565759, -61.306642707098526 ], [ 123.301407499737877, -61.833972846716442 ], [ 122.897669600003383, -62.689080629566725 ], [ 121.116320020414463, -63.004431245548773 ], [ 119.805405821064298, -62.455806549612696 ], [ 120.286947228124561, -61.613604918949868 ] ] ] ] } },
{ "type": "Feature", "properties": { "geogrid_id": "2962211182048744213", "seqnum": 16020.0, "lat_c": -62.211182092824899, "lon_c": 48.744213217209037, "res": 7.0, "count_Birds": 10, "count_Mammals": 1, "count_Molluscs": 3, "count_Mosses": 0, "count_Insects": 0, "count_Sac Fungi": 0, "count_Flowering Plants": 0, "count_Arachnids": 1, "count_Basidiomycota": 0, "count_Amphibians": 0, "unique_species_count": 15.0, "countryCode": "AQ" }, "geometry": { "type": "MultiPolygon", "coordinates": [ [ [ [ 49.161148032597211, -61.337134285635031 ], [ 50.375626032373702, -61.99996916296903 ], [ 49.983360418314213, -62.878461598577879 ], [ 48.305829471596603, -63.086724545719683 ], [ 47.095323951065524, -62.403503870320733 ], [ 47.556658367335956, -61.532863040801793 ], [ 49.161148032597211, -61.337134285635031 ] ] ] ] } },
{ "type": "Feature", "properties": { "geogrid_id": "2962211182153755787", "seqnum": 17397.0, "lat_c": -62.211182095814024, "lon_c": 153.75578678613354, "res": 7.0, "count_Birds": 1, "count_Mammals": 1, "count_Molluscs": 0, "count_Mosses": 0, "count_Insects": 0, "count_Sac Fungi": 0, "count_Flowering Plants": 0, "count_Arachnids": 0, "count_Basidiomycota": 0, "count_Amphibians": 0, "unique_species_count": 2.0, "countryCode": "AQ" }, "geometry": { "type": "MultiPolygon", "coordinates": [ [ [ [ 152.124373970889422, -61.999969165839602 ], [ 153.338851970850271, -61.337134288579769 ], [ 154.943341636195157, -61.53286304386333 ], [ 155.404676052374015, -62.403503873426523 ], [ 154.19417053164139, -63.086724548752244 ], [ 152.516639584830784, -62.878461601491942 ], [ 152.124373970889422, -61.999969165839602 ] ] ] ] } },
{ "type": "Feature", "properties": { "geogrid_id": "2962214169092459363", "seqnum": 16781.0, "lat_c": -62.214168537711174, "lon_c": 92.45936333163155, "res": 7.0, "count_Birds": 24, "count_Mammals": 5, "count_Molluscs": 4, "count_Mosses": 0, "count_Insects": 0, "count_Sac Fungi": 0, "count_Flowering Plants": 0, "count_Arachnids": 0, "count_Basidiomycota": 0, "count_Amphibians": 0, "unique_species_count": 33.0, "countryCode": "AQ" }, "geometry": { "type": "MultiPolygon", "coordinates": [ [ [ [ 91.73010933007383, -61.422093611774692 ], [ 93.571070303905628, -61.604874910694512 ], [ 94.353833748625433, -62.386891653104712 ], [ 93.227409023781789, -63.001807994382929 ], [ 91.309448929989301, -62.822824621531481 ], [ 90.596246599503743, -62.024385521265117 ], [ 91.73010933007383, -61.422093611774692 ] ] ] ] } },
{ "type": "Feature", "properties": { "geogrid_id": "2962214169110040637", "seqnum": 17024.0, "lat_c": -62.214168537621781, "lon_c": 110.04063667170898, "res": 7.0, "count_Birds": 19, "count_Mammals": 4, "count_Molluscs": 0, "count_Mosses": 1, "count_Insects": 0, "count_Sac Fungi": 0, "count_Flowering Plants": 0, "count_Arachnids": 0, "count_Basidiomycota": 0, "count_Amphibians": 0, "unique_species_count": 24.0, "countryCode": "AQ" }, "geometry": { "type": "MultiPolygon", "coordinates": [ [ [ [ 108.928929699695033, -61.604874910477399 ], [ 110.769890673458235, -61.422093611684282 ], [ 111.903753403778111, -62.024385521296274 ], [ 111.19055107308472, -62.822824621566674 ], [ 109.272590979358213, -63.001807994292477 ], [ 108.146166254792007, -62.386891652881395 ], [ 108.928929699695033, -61.604874910477399 ] ] ] ] } },
{ "type": "Feature", "properties": { "geogrid_id": "2962291197101250000", "seqnum": 16916.0, "lat_c": -62.291196937148442, "lon_c": 101.25000000229089, "res": 7.0, "count_Birds": 22, "count_Mammals": 5, "count_Molluscs": 4, "count_Mosses": 0, "count_Insects": 0, "count_Sac Fungi": 0, "count_Flowering Plants": 0, "count_Arachnids": 0, "count_Basidiomycota": 0, "count_Amphibians": 0, "unique_species_count": 31.0, "countryCode": "AQ" }, "geometry": { "type": "MultiPolygon", "coordinates": [ [ [ [ 100.283312236754469, -61.507628292839101 ], [ 102.216687767393566, -61.507628291863178 ], [ 103.219248052839291, -62.099586797021239 ], [ 102.261869710872745, -62.87192414054585 ], [ 100.238130292871162, -62.87192414142401 ], [ 99.280751951057766, -62.099586797793215 ], [ 100.283312236754469, -61.507628292839101 ] ] ] ] } },
{ "type": "Feature", "properties": { "geogrid_id": "2962332279026053551", "seqnum": 15638.0, "lat_c": -62.332279206708492, "lon_c": 26.053550673626301, "res": 7.0, "count_Birds": 1, "count_Mammals": 0, "count_Molluscs": 0, "count_Mosses": 0, "count_Insects": 0, "count_Sac Fungi": 0, "count_Flowering Plants": 0, "count_Arachnids": 0, "count_Basidiomycota": 0, "count_Amphibians": 0, "unique_species_count": 1.0, "countryCode": "AQ" }, "geometry": { "type": "MultiPolygon", "coordinates": [ [ [ [ 26.995614425602987, -61.540243040649976 ], [ 27.692613200372204, -62.385405226054814 ], [ 26.745003008968919, -63.18610655430939 ], [ 25.074638348322729, -63.125734269943564 ], [ 24.427230388049043, -62.260967645225755 ], [ 25.398696152974608, -61.476431370649088 ], [ 26.995614425602987, -61.540243040649976 ] ] ] ] } },
{ "type": "Feature", "properties": { "geogrid_id": "2962332279176446449", "seqnum": 17420.0, "lat_c": -62.332279210999971, "lon_c": 176.44644933231169, "res": 7.0, "count_Birds": 2, "count_Mammals": 2, "count_Molluscs": 1, "count_Mosses": 0, "count_Insects": 0, "count_Sac Fungi": 0, "count_Flowering Plants": 0, "count_Arachnids": 0, "count_Basidiomycota": 0, "count_Amphibians": 0, "unique_species_count": 5.0, "countryCode": "AQ" }, "geometry": { "type": "MultiPolygon", "coordinates": [ [ [ [ 174.807386805314479, -62.385405230277669 ], [ 175.504385580204399, -61.540243044923621 ], [ 177.101303853071641, -61.476431374990646 ], [ 178.072769618145799, -62.260967649580621 ], [ 177.425361657768804, -63.125734274247009 ], [ 175.754996996851503, -63.186106558548971 ], [ 174.807386805314479, -62.385405230277669 ] ] ] ] } },
{ "type": "Feature", "properties": { "geogrid_id": "2962336510062452881", "seqnum": 16265.0, "lat_c": -62.336509713799259, "lon_c": 62.452880737716605, "res": 7.0, "count_Birds": 22, "count_Mammals": 4, "count_Molluscs": 2, "count_Mosses": 0, "count_Insects": 3, "count_Sac Fungi": 0, "count_Flowering Plants": 0, "count_Arachnids": 0, "count_Basidiomycota": 0, "count_Amphibians": 0, "unique_species_count": 31.0, "countryCode": "AQ" }, "geometry": { "type": "MultiPolygon", "coordinates": [ [ [ [ 62.51051702915062, -61.447943875257693 ], [ 63.982914238775948, -61.96997036172511 ], [ 63.966166696347429, -62.858975853518871 ], [ 62.393410858264218, -63.22698728836982 ], [ 60.890608734356206, -62.686907503599379 ], [ 60.990669783704675, -61.79746665087611 ], [ 62.51051702915062, -61.447943875257693 ] ] ] ] } },
{ "type": "Feature", "properties": { "geogrid_id": "2962336510140047119", "seqnum": 17318.0, "lat_c": -62.336509715802471, "lon_c": 140.04711926493962, "res": 7.0, "count_Birds": 17, "count_Mammals": 1, "count_Molluscs": 3, "count_Mosses": 0, "count_Insects": 0, "count_Sac Fungi": 0, "count_Flowering Plants": 0, "count_Arachnids": 0, "count_Basidiomycota": 0, "count_Amphibians": 0, "unique_species_count": 21.0, "countryCode": "AQ" }, "geometry": { "type": "MultiPolygon", "coordinates": [ [ [ [ 138.517085763930993, -61.969970363602734 ], [ 139.989482973699523, -61.447943877224297 ], [ 141.509330219106971, -61.797466652967664 ], [ 141.609391268265114, -62.68690750572857 ], [ 140.106589144187808, -63.2269872904088 ], [ 138.533833306152673, -62.858975855431197 ], [ 138.517085763930993, -61.969970363602734 ] ] ] ] } },
{ "type": "Feature", "properties": { "geogrid_id": "2962351532077860985", "seqnum": 16537.0, "lat_c": -62.351532055992827, "lon_c": 77.860985017986437, "res": 7.0, "count_Birds": 17, "count_Mammals": 2, "count_Molluscs": 2, "count_Mosses": 0, "count_Insects": 0, "count_Sac Fungi": 0, "count_Flowering Plants": 0, "count_Arachnids": 0, "count_Basidiomycota": 0, "count_Amphibians": 0, "unique_species_count": 21.0, "countryCode": "AQ" }, "geometry": { "type": "MultiPolygon", "coordinates": [ [ [ [ 77.507707363745084, -61.490726217755601 ], [ 79.198592503098467, -61.833972845928315 ], [ 79.602330402599108, -62.68908062876006 ], [ 78.235592401402783, -63.212491478525408 ], [ 76.483073161284139, -62.85854595322499 ], [ 76.160353905299871, -61.992436186467408 ], [ 77.507707363745084, -61.490726217755601 ] ] ] ] } },
{ "type": "Feature", "properties": { "geogrid_id": "2962351532124639015", "seqnum": 17185.0, "lat_c": -62.351532056899785, "lon_c": 124.6390149846697, "res": 7.0, "count_Birds": 17, "count_Mammals": 0, "count_Molluscs": 1, "count_Mosses": 0, "count_Insects": 0, "count_Sac Fungi": 0, "count_Flowering Plants": 0, "count_Arachnids": 0, "count_Basidiomycota": 0, "count_Amphibians": 0, "unique_species_count": 18.0, "countryCode": "AQ" }, "geometry": { "type": "MultiPolygon", "coordinates": [ [ [ [ 123.301407499737877, -61.833972846716442 ], [ 124.992292639139592, -61.490726218641804 ], [ 126.339646097419404, -61.992436187473011 ], [ 126.01692684119844, -62.858545954252207 ], [ 124.264407601009907, -63.212491479451643 ], [ 122.897669600003383, -62.689080629566725 ], [ 123.301407499737877, -61.833972846716442 ] ] ] ] } },
{ "type": "Feature", "properties": { "geogrid_id": "2962368485036004484", "seqnum": 15802.0, "lat_c": -62.368484665167998, "lon_c": 36.004484315623408, "res": 7.0, "count_Birds": 12, "count_Mammals": 1, "count_Molluscs": 1, "count_Mosses": 0, "count_Insects": 0, "count_Sac Fungi": 0, "count_Flowering Plants": 0, "count_Arachnids": 0, "count_Basidiomycota": 0, "count_Amphibians": 0, "unique_species_count": 14.0, "countryCode": "AQ" }, "geometry": { "type": "MultiPolygon", "coordinates": [ [ [ [ 36.734975509711496, -61.534252701628922 ], [ 37.674422170778392, -62.307277422169506 ], [ 36.951228988021846, -63.148535523649301 ], [ 35.240234085017946, -63.203556510065653 ], [ 34.334006407635066, -62.410247267816544 ], [ 35.10333168420329, -61.582501472743424 ], [ 36.734975509711496, -61.534252701628922 ] ] ] ] } },
{ "type": "Feature", "properties": { "geogrid_id": "2962368485166495516", "seqnum": 17422.0, "lat_c": -62.368484668974553, "lon_c": 166.4955156889358, "res": 7.0, "count_Birds": 0, "count_Mammals": 2, "count_Molluscs": 0, "count_Mosses": 0, "count_Insects": 0, "count_Sac Fungi": 0, "count_Flowering Plants": 0, "count_Arachnids": 0, "count_Basidiomycota": 0, "count_Amphibians": 0, "unique_species_count": 2.0, "countryCode": "AQ" }, "geometry": { "type": "MultiPolygon", "coordinates": [ [ [ [ 164.825577833589477, -62.307277425879583 ], [ 165.765024494829646, -61.534252705397925 ], [ 167.396668320523474, -61.582501476607192 ], [ 168.165993597128335, -62.410247271715477 ], [ 167.259765919572658, -63.203556513906925 ], [ 165.548771016357449, -63.148535527396518 ], [ 164.825577833589477, -62.307277425879583 ] ] ] ] } },
{ "type": "Feature", "properties": { "geogrid_id": "2962435852031000665", "seqnum": 15720.0, "lat_c": -62.435851769137415, "lon_c": 31.000664754656551, "res": 7.0, "count_Birds": 13, "count_Mammals": 0, "count_Molluscs": 3, "count_Mosses": 0, "count_Insects": 0, "count_Sac Fungi": 0, "count_Flowering Plants": 0, "count_Arachnids": 1, "count_Basidiomycota": 0, "count_Amphibians": 0, "unique_species_count": 17.0, "countryCode": "AQ" }, "geometry": { "type": "MultiPolygon", "coordinates": [ [ [ [ 31.843786274259596, -61.621855424058381 ], [ 32.665300330150579, -62.43265616527853 ], [ 31.82284924769888, -63.254539599009696 ], [ 30.12139990068081, -63.25081569497425 ], [ 29.342364929502185, -62.420022901676532 ], [ 30.220157765735284, -61.613211301650558 ], [ 31.843786274259596, -61.621855424058381 ] ] ] ] } },
{ "type": "Feature", "properties": { "geogrid_id": "2962435852171499335", "seqnum": 17421.0, "lat_c": -62.435851773207858, "lon_c": 171.49933525054954, "res": 7.0, "count_Birds": 0, "count_Mammals": 1, "count_Molluscs": 0, "count_Mosses": 0, "count_Insects": 0, "count_Sac Fungi": 0, "count_Flowering Plants": 0, "count_Arachnids": 0, "count_Basidiomycota": 0, "count_Amphibians": 0, "unique_species_count": 1.0, "countryCode": "AQ" }, "geometry": { "type": "MultiPolygon", "coordinates": [ [ [ [ 169.834699674828812, -62.432656169265506 ], [ 170.656213730872082, -61.621855428099501 ], [ 172.279842239613629, -61.613211305773838 ], [ 173.157635075940078, -62.420022905825661 ], [ 172.378600104618243, -63.250815699069797 ], [ 170.677150757352848, -63.254539603025378 ], [ 169.834699674828812, -62.432656169265506 ] ] ] ] } },
{ "type": "Feature", "properties": { "geogrid_id": "2962475032065504438", "seqnum": 16319.0, "lat_c": -62.475032269459618, "lon_c": 65.504438120474816, "res": 7.0, "count_Birds": 17, "count_Mammals": 3, "count_Molluscs": 0, "count_Mosses": 0, "count_Insects": 0, "count_Sac Fungi": 0, "count_Flowering Plants": 0, "count_Arachnids": 0, "count_Basidiomycota": 0, "count_Amphibians": 0, "unique_species_count": 20.0, "countryCode": "AQ" }, "geometry": { "type": "MultiPolygon", "coordinates": [ [ [ [ 65.480155393783321, -61.587888867807948 ], [ 67.007800472421735, -62.075794389789387 ], [ 67.076131252983743, -62.962293322581147 ], [ 65.531836067108046, -63.364007778973793 ], [ 63.966166696347429, -62.858975853518871 ], [ 63.982914238775948, -61.96997036172511 ], [ 65.480155393783321, -61.587888867807948 ] ] ] ] } },
{ "type": "Feature", "properties": { "geogrid_id": "2962475032136995562", "seqnum": 17291.0, "lat_c": -62.475032271245873, "lon_c": 136.99556188208939, "res": 7.0, "count_Birds": 13, "count_Mammals": 0, "count_Molluscs": 0, "count_Mosses": 0, "count_Insects": 0, "count_Sac Fungi": 0, "count_Flowering Plants": 0, "count_Arachnids": 0, "count_Basidiomycota": 0, "count_Amphibians": 0, "unique_species_count": 13.0, "countryCode": "AQ" }, "geometry": { "type": "MultiPolygon", "coordinates": [ [ [ [ 135.492199530221257, -62.075794391450351 ], [ 137.019844608988905, -61.587888869560608 ], [ 138.517085763930993, -61.969970363602734 ], [ 138.533833306152673, -62.858975855431197 ], [ 136.968163935236106, -63.364007780792669 ], [ 135.423868749439123, -62.962293324273638 ], [ 135.492199530221257, -62.075794391450351 ] ] ] ] } },
{ "type": "Feature", "properties": { "geogrid_id": "2962482962074773846", "seqnum": 16482.0, "lat_c": -62.482961760434094, "lon_c": 74.773846029099175, "res": 7.0, "count_Birds": 26, "count_Mammals": 6, "count_Molluscs": 0, "count_Mosses": 0, "count_Insects": 0, "count_Sac Fungi": 0, "count_Flowering Plants": 0, "count_Arachnids": 0, "count_Basidiomycota": 0, "count_Amphibians": 0, "unique_species_count": 32.0, "countryCode": "AQ" }, "geometry": { "type": "MultiPolygon", "coordinates": [ [ [ [ 74.50094771709395, -61.612478864243407 ], [ 76.160353905299871, -61.992436186467408 ], [ 76.483073161284139, -62.85854595322499 ], [ 75.064023080318634, -63.354229736960001 ], [ 73.34750878304078, -62.961553202802037 ], [ 73.10833411685536, -62.086501263663045 ], [ 74.50094771709395, -61.612478864243407 ] ] ] ] } },
{ "type": "Feature", "properties": { "geogrid_id": "2962482962127726154", "seqnum": 17211.0, "lat_c": -62.482961761560581, "lon_c": 127.72615397346223, "res": 7.0, "count_Birds": 13, "count_Mammals": 1, "count_Molluscs": 0, "count_Mosses": 0, "count_Insects": 0, "count_Sac Fungi": 0, "count_Flowering Plants": 0, "count_Arachnids": 0, "count_Basidiomycota": 0, "count_Amphibians": 0, "unique_species_count": 14.0, "countryCode": "AQ" }, "geometry": { "type": "MultiPolygon", "coordinates": [ [ [ [ 126.339646097419404, -61.992436187473011 ], [ 127.99905228569672, -61.612478865346013 ], [ 129.39166588579252, -62.086501264887033 ], [ 129.152491219371825, -62.96155320405088 ], [ 127.435976921998645, -63.354229738108963 ], [ 126.01692684119844, -62.858545954252207 ], [ 126.339646097419404, -61.992436187473011 ] ] ] ] } },
{ "type": "Feature", "properties": { "geogrid_id": "2962545586068583410", "seqnum": 16374.0, "lat_c": -62.5455861599998, "lon_c": 68.583410310839284, "res": 7.0, "count_Birds": 22, "count_Mammals": 4, "count_Molluscs": 2, "count_Mosses": 0, "count_Insects": 0, "count_Sac Fungi": 0, "count_Flowering Plants": 0, "count_Arachnids": 0, "count_Basidiomycota": 0, "count_Amphibians": 0, "unique_species_count": 28.0, "countryCode": "AQ" }, "geometry": { "type": "MultiPolygon", "coordinates": [ [ [ [ 68.476012393052486, -61.661909517658302 ], [ 70.053583176424411, -62.114570602136482 ], [ 70.207604487973668, -62.996426400399827 ], [ 68.698856676929879, -63.430884079614536 ], [ 67.076131252983743, -62.962293322581147 ], [ 67.007800472421735, -62.075794389789387 ], [ 68.476012393052486, -61.661909517658302 ] ] ] ] } },
{ "type": "Feature", "properties": { "geogrid_id": "2962545586133916590", "seqnum": 17265.0, "lat_c": -62.54558616156686, "lon_c": 133.91658969167693, "res": 7.0, "count_Birds": 14, "count_Mammals": 0, "count_Molluscs": 3, "count_Mosses": 0, "count_Insects": 0, "count_Sac Fungi": 0, "count_Flowering Plants": 0, "count_Arachnids": 0, "count_Basidiomycota": 0, "count_Amphibians": 0, "unique_species_count": 17.0, "countryCode": "AQ" }, "geometry": { "type": "MultiPolygon", "coordinates": [ [ [ [ 132.446416826198288, -62.114570603579217 ], [ 134.023987609682592, -61.661909519194957 ], [ 135.492199530221257, -62.075794391450351 ], [ 135.423868749439123, -62.962293324273638 ], [ 133.801143325354047, -63.430884081210856 ], [ 132.292395514419326, -62.996426401870757 ], [ 132.446416826198288, -62.114570603579217 ] ] ] ] } },
{ "type": "Feature", "properties": { "geogrid_id": "2962548058071677349", "seqnum": 16428.0, "lat_c": -62.548057649693703, "lon_c": 71.677349383754091, "res": 7.0, "count_Birds": 20, "count_Mammals": 5, "count_Molluscs": 6, "count_Mosses": 0, "count_Insects": 0, "count_Sac Fungi": 0, "count_Flowering Plants": 0, "count_Arachnids": 0, "count_Basidiomycota": 0, "count_Amphibians": 0, "unique_species_count": 31.0, "countryCode": "AQ" }, "geometry": { "type": "MultiPolygon", "coordinates": [ [ [ [ 71.486728193179573, -61.66993455340603 ], [ 73.10833411685536, -62.086501263663045 ], [ 73.34750878304078, -62.961553202802037 ], [ 71.880786052050169, -63.427454255053597 ], [ 70.207604487973668, -62.996426400399827 ], [ 70.053583176424411, -62.114570602136482 ], [ 71.486728193179573, -61.66993455340603 ] ] ] ] } },
{ "type": "Feature", "properties": { "geogrid_id": "2962548058130822651", "seqnum": 17238.0, "lat_c": -62.548057651040487, "lon_c": 130.82265061876075, "res": 7.0, "count_Birds": 8, "count_Mammals": 0, "count_Molluscs": 0, "count_Mosses": 0, "count_Insects": 0, "count_Sac Fungi": 0, "count_Flowering Plants": 0, "count_Arachnids": 0, "count_Basidiomycota": 0, "count_Amphibians": 0, "unique_species_count": 8.0, "countryCode": "AQ" }, "geometry": { "type": "MultiPolygon", "coordinates": [ [ [ [ 129.39166588579252, -62.086501264887033 ], [ 131.013271809561246, -61.669934554725685 ], [ 132.446416826198288, -62.114570603579217 ], [ 132.292395514419326, -62.996426401870757 ], [ 130.619213950224264, -63.427454256426216 ], [ 129.152491219371825, -62.96155320405088 ], [ 129.39166588579252, -62.086501264887033 ] ] ] ] } },
{ "type": "Feature", "properties": { "geogrid_id": "2962624131089423906", "seqnum": 16726.0, "lat_c": -62.624130591955307, "lon_c": 89.423905809912114, "res": 7.0, "count_Birds": 26, "count_Mammals": 6, "count_Molluscs": 3, "count_Mosses": 0, "count_Insects": 0, "count_Sac Fungi": 0, "count_Flowering Plants": 0, "count_Arachnids": 0, "count_Basidiomycota": 0, "count_Amphibians": 0, "unique_species_count": 35.0, "countryCode": "AQ" }, "geometry": { "type": "MultiPolygon", "coordinates": [ [ [ [ 88.764279477805729, -61.815258257430315 ], [ 90.596246599503743, -62.024385521265117 ], [ 91.309448929989301, -62.822824621531481 ], [ 90.119960457482051, -63.429697862404211 ], [ 88.211680436131317, -63.220299198017365 ], [ 87.570877010640615, -62.404278618410288 ], [ 88.764279477805729, -61.815258257430315 ] ] ] ] } },
{ "type": "Feature", "properties": { "geogrid_id": "2962624131113076094", "seqnum": 17050.0, "lat_c": -62.624130592106425, "lon_c": 113.0760941931153, "res": 7.0, "count_Birds": 21, "count_Mammals": 7, "count_Molluscs": 2, "count_Mosses": 0, "count_Insects": 0, "count_Sac Fungi": 0, "count_Flowering Plants": 0, "count_Arachnids": 0, "count_Basidiomycota": 0, "count_Amphibians": 0, "unique_species_count": 30.0, "countryCode": "AQ" }, "geometry": { "type": "MultiPolygon", "coordinates": [ [ [ [ 111.903753403778111, -62.024385521296274 ], [ 113.735720525434161, -61.815258257573944 ], [ 114.929122992357506, -62.404278618671391 ], [ 114.288319566638592, -63.220299198287265 ], [ 112.380039545320258, -63.429697862561412 ], [ 111.19055107308472, -62.822824621566674 ], [ 111.903753403778111, -62.024385521296274 ] ] ] ] } },
{ "type": "Feature", "properties": { "geogrid_id": "2962651156051641207", "seqnum": 16074.0, "lat_c": -62.6511561137686, "lon_c": 51.641207319538395, "res": 7.0, "count_Birds": 19, "count_Mammals": 0, "count_Molluscs": 0, "count_Mosses": 0, "count_Insects": 0, "count_Sac Fungi": 0, "count_Flowering Plants": 0, "count_Arachnids": 0, "count_Basidiomycota": 0, "count_Amphibians": 0, "unique_species_count": 19.0, "countryCode": "AQ" }, "geometry": { "type": "MultiPolygon", "coordinates": [ [ [ [ 51.987780848323681, -61.770181874937286 ], [ 53.277564144397694, -62.40516268897106 ], [ 52.96071541564082, -63.289995349371793 ], [ 51.277177420827726, -63.53402236781168 ], [ 49.983360418314213, -62.878461598577879 ], [ 50.375626032373702, -61.99996916296903 ], [ 51.987780848323681, -61.770181874937286 ] ] ] ] } },
{ "type": "Feature", "properties": { "geogrid_id": "2962651156150858793", "seqnum": 17370.0, "lat_c": -62.651156116562397, "lon_c": 150.85879268353236, "res": 7.0, "count_Birds": 10, "count_Mammals": 1, "count_Molluscs": 0, "count_Mosses": 0, "count_Insects": 0, "count_Sac Fungi": 0, "count_Flowering Plants": 0, "count_Arachnids": 0, "count_Basidiomycota": 0, "count_Amphibians": 0, "unique_species_count": 11.0, "countryCode": "AQ" }, "geometry": { "type": "MultiPolygon", "coordinates": [ [ [ [ 149.222435858617303, -62.405162691643149 ], [ 150.512219154877329, -61.770181877687776 ], [ 152.124373970889422, -61.999969165839602 ], [ 152.516639584830784, -62.878461601491942 ], [ 151.222822582110496, -63.534022370647868 ], [ 149.539284587229531, -63.289995352086009 ], [ 149.222435858617303, -62.405162691643149 ] ] ] ] } },
{ "type": "Feature", "properties": { "geogrid_id": "2962702751098241318", "seqnum": 16862.0, "lat_c": -62.702750810697054, "lon_c": 98.241317950224428, "res": 7.0, "count_Birds": 24, "count_Mammals": 5, "count_Molluscs": 1, "count_Mosses": 1, "count_Insects": 4, "count_Sac Fungi": 0, "count_Flowering Plants": 0, "count_Arachnids": 0, "count_Basidiomycota": 0, "count_Amphibians": 0, "unique_species_count": 35.0, "countryCode": "AQ" }, "geometry": { "type": "MultiPolygon", "coordinates": [ [ [ [ 97.345104583045341, -61.934848547910306 ], [ 99.280751951057766, -62.099586797793215 ], [ 100.238130292871162, -62.87192414142401 ], [ 99.187321806452019, -63.468804906708336 ], [ 97.16411306364239, -63.315488433715522 ], [ 96.280567152229182, -62.546916849133616 ], [ 97.345104583045341, -61.934848547910306 ] ] ] ] } },
{ "type": "Feature", "properties": { "geogrid_id": "2962702751104258682", "seqnum": 16943.0, "lat_c": -62.702750810113905, "lon_c": 104.2586820534021, "res": 7.0, "count_Birds": 22, "count_Mammals": 7, "count_Molluscs": 4, "count_Mosses": 0, "count_Insects": 0, "count_Sac Fungi": 0, "count_Flowering Plants": 0, "count_Arachnids": 0, "count_Basidiomycota": 0, "count_Amphibians": 0, "unique_species_count": 33.0, "countryCode": "AQ" }, "geometry": { "type": "MultiPolygon", "coordinates": [ [ [ [ 103.219248052839291, -62.099586797021239 ], [ 105.154895420741141, -61.93484854737298 ], [ 106.219432851284239, -62.546916848752787 ], [ 105.335886939694944, -63.315488433306726 ], [ 103.312678197012872, -63.468804906055418 ], [ 102.261869710872745, -62.87192414054585 ], [ 103.219248052839291, -62.099586797021239 ] ] ] ] } },
{ "type": "Feature", "properties": { "geogrid_id": "2962706597003939611", "seqnum": 15227.0, "lat_c": -62.706596768979274, "lon_c": 3.9396105327172428, "res": 7.0, "count_Birds": 1, "count_Mammals": 3, "count_Molluscs": 0, "count_Mosses": 0, "count_Insects": 0, "count_Sac Fungi": 0, "count_Flowering Plants": 0, "count_Arachnids": 0, "count_Basidiomycota": 0, "count_Amphibians": 0, "unique_species_count": 4.0, "countryCode": "AQ" }, "geometry": { "type": "MultiPolygon", "coordinates": [ [ [ [ 4.413431902051199, -61.801636959985771 ], [ 5.838094337336107, -62.387783441044249 ], [ 5.719176711795057, -63.13310055199576 ], [ 3.778455282277493, -63.446468695973898 ], [ 2.339879151596119, -62.837132222233848 ], [ 2.856368396571709, -61.941721166778301 ], [ 4.413431902051199, -61.801636959985771 ] ] ] ] } },
{ "type": "Feature", "properties": { "geogrid_id": "2962706597018560389", "seqnum": 15528.0, "lat_c": -62.706596765178389, "lon_c": 18.560389499382705, "res": 7.0, "count_Birds": 10, "count_Mammals": 0, "count_Molluscs": 0, "count_Mosses": 0, "count_Insects": 0, "count_Sac Fungi": 0, "count_Flowering Plants": 0, "count_Arachnids": 0, "count_Basidiomycota": 0, "count_Amphibians": 0, "unique_species_count": 10.0, "countryCode": "AQ" }, "geometry": { "type": "MultiPolygon", "coordinates": [ [ [ [ 19.643631629863332, -61.941721160404889 ], [ 20.160120875517869, -62.837132215807955 ], [ 18.721544750468023, -63.446468692138936 ], [ 16.780823320943711, -63.13310054860311 ], [ 16.661905694750903, -62.38778343767838 ], [ 18.086568124598362, -61.801636953844124 ], [ 19.643631629863332, -61.941721160404889 ] ] ] ] } },
{ "type": "Feature", "properties": { "geogrid_id": "2962730416043752949", "seqnum": 15938.0, "lat_c": -62.73041598142219, "lon_c": 43.752949365172888, "res": 7.0, "count_Birds": 11, "count_Mammals": 2, "count_Molluscs": 3, "count_Mosses": 0, "count_Insects": 0, "count_Sac Fungi": 0, "count_Flowering Plants": 0, "count_Arachnids": 0, "count_Basidiomycota": 0, "count_Amphibians": 0, "unique_species_count": 16.0, "countryCode": "AQ" }, "geometry": { "type": "MultiPolygon", "coordinates": [ [ [ [ 44.303213032949401, -61.867930317484941 ], [ 45.43088343838712, -62.57665891508389 ], [ 44.899756136977615, -63.444919571829587 ], [ 43.17560746759878, -63.594368074537037 ], [ 42.063698104686253, -62.864590945036895 ], [ 42.658107376524754, -62.006828239947033 ], [ 44.303213032949401, -61.867930317484941 ] ] ] ] } },
{ "type": "Feature", "properties": { "geogrid_id": "2962730416158747051", "seqnum": 17396.0, "lat_c": -62.730415984754309, "lon_c": 158.74705063851303, "res": 7.0, "count_Birds": 13, "count_Mammals": 1, "count_Molluscs": 2, "count_Mosses": 0, "count_Insects": 0, "count_Sac Fungi": 0, "count_Flowering Plants": 0, "count_Arachnids": 0, "count_Basidiomycota": 0, "count_Amphibians": 0, "unique_species_count": 16.0, "countryCode": "AQ" }, "geometry": { "type": "MultiPolygon", "coordinates": [ [ [ [ 157.069116565166894, -62.576658918304126 ], [ 158.196786970797774, -61.867930320773887 ], [ 159.841892627354611, -62.00682824334595 ], [ 160.436301899148674, -62.864590948477982 ], [ 159.324392536031525, -63.594368077910715 ], [ 157.600243866503149, -63.444919575092321 ], [ 157.069116565166894, -62.576658918304126 ] ] ] ] } },
{ "type": "Feature", "properties": { "geogrid_id": "2962793819007611750", "seqnum": 15281.0, "lat_c": -62.793818775622817, "lon_c": 7.6117497023115286, "res": 7.0, "count_Birds": 1, "count_Mammals": 2, "count_Molluscs": 0, "count_Mosses": 0, "count_Insects": 0, "count_Sac Fungi": 0, "count_Flowering Plants": 0, "count_Arachnids": 0, "count_Basidiomycota": 0, "count_Amphibians": 0, "unique_species_count": 3.0, "countryCode": "AQ" }, "geometry": { "type": "MultiPolygon", "coordinates": [ [ [ [ 7.689564781645324, -62.043950807089679 ], [ 9.455512503754894, -62.429301476711842 ], [ 9.414779055446411, -63.185505044450451 ], [ 7.528489725306287, -63.546482178541893 ], [ 5.719176711795057, -63.13310055199576 ], [ 5.838094337336107, -62.387783441044249 ], [ 7.689564781645324, -62.043950807089679 ] ] ] ] } },
{ "type": "Feature", "properties": { "geogrid_id": "2962793819014888250", "seqnum": 15500.0, "lat_c": -62.793818772668473, "lon_c": 14.888250330356025, "res": 7.0, "count_Birds": 1, "count_Mammals": 0, "count_Molluscs": 0, "count_Mosses": 0, "count_Insects": 0, "count_Sac Fungi": 0, "count_Flowering Plants": 0, "count_Arachnids": 0, "count_Basidiomycota": 0, "count_Amphibians": 0, "unique_species_count": 1.0, "countryCode": "AQ" }, "geometry": { "type": "MultiPolygon", "coordinates": [ [ [ [ 16.661905694750903, -62.38778343767838 ], [ 16.780823320943711, -63.13310054860311 ], [ 14.971510308050647, -63.546482175567036 ], [ 13.085220977776871, -63.185505041916606 ], [ 13.044487528781877, -62.429301474190787 ], [ 14.810435250368871, -62.043950804154832 ], [ 16.661905694750903, -62.38778343767838 ] ] ] ] } },
{ "type": "Feature", "properties": { "geogrid_id": "2962799235011250000", "seqnum": 15473.0, "lat_c": -62.799234840017469, "lon_c": 11.250000015828794, "res": 7.0, "count_Birds": 1, "count_Mammals": 0, "count_Molluscs": 0, "count_Mosses": 0, "count_Insects": 0, "count_Sac Fungi": 0, "count_Flowering Plants": 0, "count_Arachnids": 0, "count_Basidiomycota": 0, "count_Amphibians": 0, "unique_species_count": 1.0, "countryCode": "AQ" }, "geometry": { "type": "MultiPolygon", "coordinates": [ [ [ [ 13.044487528781877, -62.429301474190787 ], [ 13.085220977776871, -63.185505041916606 ], [ 11.250000016181191, -63.56055358656814 ], [ 9.414779055446411, -63.185505044450451 ], [ 9.455512503754894, -62.429301476711842 ], [ 11.250000015494741, -62.040268173236456 ], [ 13.044487528781877, -62.429301474190787 ] ] ] ] } },
{ "type": "Feature", "properties": { "geogrid_id": "2962988263086337471", "seqnum": 16672.0, "lat_c": -62.988262794686364, "lon_c": 86.337470947060439, "res": 7.0, "count_Birds": 26, "count_Mammals": 8, "count_Molluscs": 4, "count_Mosses": 0, "count_Insects": 2, "count_Sac Fungi": 0, "count_Flowering Plants": 0, "count_Arachnids": 0, "count_Basidiomycota": 0, "count_Amphibians": 0, "unique_species_count": 40.0, "countryCode": "AQ" }, "geometry": { "type": "MultiPolygon", "coordinates": [ [ [ [ 85.750886084603451, -62.162635395884287 ], [ 87.570877010640615, -62.404278618410288 ], [ 88.211680436131317, -63.220299198017365 ], [ 86.958171689756142, -63.811840547257937 ], [ 85.06267734345063, -63.566249101398903 ], [ 84.498131050419673, -62.733388737316545 ], [ 85.750886084603451, -62.162635395884287 ] ] ] ] } },
{ "type": "Feature", "properties": { "geogrid_id": "2962988263116162529", "seqnum": 17077.0, "lat_c": -62.988262795064699, "lon_c": 116.16252905569465, "res": 7.0, "count_Birds": 23, "count_Mammals": 4, "count_Molluscs": 2, "count_Mosses": 0, "count_Insects": 0, "count_Sac Fungi": 0, "count_Flowering Plants": 0, "count_Arachnids": 0, "count_Basidiomycota": 0, "count_Amphibians": 0, "unique_species_count": 29.0, "countryCode": "AQ" }, "geometry": { "type": "MultiPolygon", "coordinates": [ [ [ [ 114.929122992357506, -62.404278618671391 ], [ 116.749113918380942, -62.162635396251453 ], [ 118.001868952336224, -62.733388737800368 ], [ 117.437322659061493, -63.566249101894563 ], [ 115.541828312754575, -63.811840547645872 ], [ 114.288319566638592, -63.220299198287265 ], [ 114.929122992357506, -62.404278618671391 ] ] ] ] } },
{ "type": "Feature", "properties": { "geogrid_id": "2963027198054620367", "seqnum": 16129.0, "lat_c": -63.027197797346957, "lon_c": 54.620367288005269, "res": 7.0, "count_Birds": 17, "count_Mammals": 4, "count_Molluscs": 0, "count_Mosses": 0, "count_Insects": 0, "count_Sac Fungi": 0, "count_Flowering Plants": 0, "count_Arachnids": 0, "count_Basidiomycota": 0, "count_Amphibians": 0, "unique_species_count": 21.0, "countryCode": "AQ" }, "geometry": { "type": "MultiPolygon", "coordinates": [ [ [ [ 54.890797768108754, -62.140874381176516 ], [ 56.254512919882522, -62.746063478972658 ], [ 56.018809488748381, -63.63551502257252 ], [ 54.337065948072841, -63.915727618996257 ], [ 52.96071541564082, -63.289995349371793 ], [ 53.277564144397694, -62.40516268897106 ], [ 54.890797768108754, -62.140874381176516 ] ] ] ] } },
{ "type": "Feature", "properties": { "geogrid_id": "2963027198147879633", "seqnum": 17344.0, "lat_c": -63.027197799937895, "lon_c": 147.87963271481689, "res": 7.0, "count_Birds": 18, "count_Mammals": 4, "count_Molluscs": 0, "count_Mosses": 0, "count_Insects": 0, "count_Sac Fungi": 0, "count_Flowering Plants": 0, "count_Arachnids": 0, "count_Basidiomycota": 0, "count_Amphibians": 0, "unique_species_count": 22.0, "countryCode": "AQ" }, "geometry": { "type": "MultiPolygon", "coordinates": [ [ [ [ 146.245487082910472, -62.746063481439371 ], [ 147.609202234868491, -62.140874383725802 ], [ 149.222435858617303, -62.405162691643149 ], [ 149.539284587229531, -63.289995352086009 ], [ 148.162934054589215, -63.915727621627909 ], [ 146.481190513874367, -63.635515025079407 ], [ 146.245487082910472, -62.746063481439371 ] ] ] ] } },
{ "type": "Feature", "properties": { "geogrid_id": "2963047166023419050", "seqnum": 15610.0, "lat_c": -63.047166416863533, "lon_c": 23.419049631440313, "res": 7.0, "count_Birds": 0, "count_Mammals": 1, "count_Molluscs": 0, "count_Mosses": 0, "count_Insects": 0, "count_Sac Fungi": 0, "count_Flowering Plants": 0, "count_Arachnids": 0, "count_Basidiomycota": 0, "count_Amphibians": 0, "unique_species_count": 1.0, "countryCode": "AQ" }, "geometry": { "type": "MultiPolygon", "coordinates": [ [ [ [ 24.427230388049043, -62.260967645225755 ], [ 25.074638348322729, -63.125734269943564 ], [ 24.05957626753349, -63.921891439226343 ], [ 22.3750476981171, -63.836436064956608 ], [ 21.780251217805528, -62.950815978450656 ], [ 22.815602302010969, -62.171832845965348 ], [ 24.427230388049043, -62.260967645225755 ] ] ] ] } },
{ "type": "Feature", "properties": { "geogrid_id": "2963047166179080950", "seqnum": 17392.0, "lat_c": -63.047166421225235, "lon_c": 179.08095037492731, "res": 7.0, "count_Birds": 1, "count_Mammals": 1, "count_Molluscs": 1, "count_Mosses": 0, "count_Insects": 0, "count_Sac Fungi": 0, "count_Flowering Plants": 0, "count_Arachnids": 0, "count_Basidiomycota": 0, "count_Amphibians": 0, "unique_species_count": 3.0, "countryCode": "AQ" }, "geometry": { "type": "MultiPolygon", "coordinates": [ [ [ [ 178.440423738738247, -63.921891443534676 ], [ 177.425361657768804, -63.125734274247009 ], [ 178.072769618145799, -62.260967649580621 ], [ 179.684397704444933, -62.171832850378287 ], [ 180.0, -62.409287438021572 ], [ 180.0, -63.842774843541804 ], [ 178.440423738738247, -63.921891443534676 ] ] ], [ [ [ -179.280251211158287, -62.950815982864938 ], [ -179.875047691548701, -63.836436069317372 ], [ -180.0, -63.842774843541804 ], [ -180.0, -62.409287438021572 ], [ -179.280251211158287, -62.950815982864938 ] ] ] ] } },
{ "type": "Feature", "properties": { "geogrid_id": "2963073708038660443", "seqnum": 15856.0, "lat_c": -63.073707506030395, "lon_c": 38.660443264793628, "res": 7.0, "count_Birds": 11, "count_Mammals": 0, "count_Molluscs": 2, "count_Mosses": 0, "count_Insects": 0, "count_Sac Fungi": 0, "count_Flowering Plants": 0, "count_Arachnids": 1, "count_Basidiomycota": 0, "count_Amphibians": 0, "unique_species_count": 14.0, "countryCode": "AQ" }, "geometry": { "type": "MultiPolygon", "coordinates": [ [ [ [ 39.341515380149254, -62.226584619728591 ], [ 40.365408469321707, -62.979049186133878 ], [ 39.697025915558903, -63.833143708194335 ], [ 37.947669846047674, -63.92230564240743 ], [ 36.951228988021846, -63.148535523649301 ], [ 37.674422170778392, -62.307277422169506 ], [ 39.341515380149254, -62.226584619728591 ] ] ] ] } },
{ "type": "Feature", "properties": { "geogrid_id": "2963073708163839557", "seqnum": 17395.0, "lat_c": -63.073707509679359, "lon_c": 163.83955673938871, "res": 7.0, "count_Birds": 6, "count_Mammals": 4, "count_Molluscs": 0, "count_Mosses": 0, "count_Insects": 0, "count_Sac Fungi": 0, "count_Flowering Plants": 0, "count_Arachnids": 0, "count_Basidiomycota": 0, "count_Amphibians": 0, "unique_species_count": 10.0, "countryCode": "AQ" }, "geometry": { "type": "MultiPolygon", "coordinates": [ [ [ [ 162.134591534678918, -62.979049189680694 ], [ 163.158484624041023, -62.226584623338375 ], [ 164.825577833589477, -62.307277425879583 ], [ 165.548771016357449, -63.148535527396518 ], [ 164.55233015813846, -63.922305646092958 ], [ 162.802974088424776, -63.833143711779762 ], [ 162.134591534678918, -62.979049189680694 ] ] ] ] } },
{ "type": "Feature", "properties": { "geogrid_id": "2963164036095178406", "seqnum": 16807.0, "lat_c": -63.164036225249625, "lon_c": 95.178405981686026, "res": 7.0, "count_Birds": 19, "count_Mammals": 7, "count_Molluscs": 4, "count_Mosses": 0, "count_Insects": 1, "count_Sac Fungi": 0, "count_Flowering Plants": 0, "count_Arachnids": 0, "count_Basidiomycota": 0, "count_Amphibians": 0, "unique_species_count": 31.0, "countryCode": "AQ" }, "geometry": { "type": "MultiPolygon", "coordinates": [ [ [ [ 94.353833748625433, -62.386891653104712 ], [ 96.280567152229182, -62.546916849133616 ], [ 97.16411306364239, -63.315488433715522 ], [ 96.048365003619708, -63.936028841295133 ], [ 94.037552045535506, -63.784698109669101 ], [ 93.227409023781789, -63.001807994382929 ], [ 94.353833748625433, -62.386891653104712 ] ] ] ] } },
{ "type": "Feature", "properties": { "geogrid_id": "2963164036107321594", "seqnum": 16969.0, "lat_c": -63.164036225016368, "lon_c": 107.3215940215414, "res": 7.0, "count_Birds": 22, "count_Mammals": 6, "count_Molluscs": 0, "count_Mosses": 0, "count_Insects": 0, "count_Sac Fungi": 0, "count_Flowering Plants": 0, "count_Arachnids": 0, "count_Basidiomycota": 0, "count_Amphibians": 0, "unique_species_count": 28.0, "countryCode": "AQ" }, "geometry": { "type": "MultiPolygon", "coordinates": [ [ [ [ 106.219432851284239, -62.546916848752787 ], [ 108.146166254792007, -62.386891652881395 ], [ 109.272590979358213, -63.001807994292477 ], [ 108.462447957394303, -63.784698109575345 ], [ 106.451634999411212, -63.936028841047161 ], [ 105.335886939694944, -63.315488433306726 ], [ 106.219432851284239, -62.546916848752787 ] ] ] ] } },
{ "type": "Feature", "properties": { "geogrid_id": "2963227910028428006", "seqnum": 15692.0, "lat_c": -63.227910250702564, "lon_c": 28.428005598305429, "res": 7.0, "count_Birds": 3, "count_Mammals": 1, "count_Molluscs": 3, "count_Mosses": 0, "count_Insects": 0, "count_Sac Fungi": 0, "count_Flowering Plants": 0, "count_Arachnids": 1, "count_Basidiomycota": 0, "count_Amphibians": 0, "unique_species_count": 8.0, "countryCode": "AQ" }, "geometry": { "type": "MultiPolygon", "coordinates": [ [ [ [ 29.342364929502185, -62.420022901676532 ], [ 30.12139990068081, -63.25081569497425 ], [ 29.206160753629458, -64.067710824797672 ], [ 27.477413464182867, -64.037934216065196 ], [ 26.745003008968919, -63.18610655430939 ], [ 27.692613200372204, -62.385405226054814 ], [ 29.342364929502185, -62.420022901676532 ] ] ] ] } },
{ "type": "Feature", "properties": { "geogrid_id": "2963227910174071994", "seqnum": 17393.0, "lat_c": -63.227910254872796, "lon_c": 174.07199440725034, "res": 7.0, "count_Birds": 8, "count_Mammals": 3, "count_Molluscs": 1, "count_Mosses": 0, "count_Insects": 0, "count_Sac Fungi": 0, "count_Flowering Plants": 0, "count_Arachnids": 0, "count_Basidiomycota": 0, "count_Amphibians": 0, "unique_species_count": 12.0, "countryCode": "AQ" }, "geometry": { "type": "MultiPolygon", "coordinates": [ [ [ [ 172.378600104618243, -63.250815699069797 ], [ 173.157635075940078, -62.420022905825661 ], [ 174.807386805314479, -62.385405230277669 ], [ 175.754996996851503, -63.186106558548971 ], [ 175.022586541509924, -64.03793422025079 ], [ 173.293839251784334, -64.067710828913178 ], [ 172.378600104618243, -63.250815699069797 ] ] ] ] } },
{ "type": "Feature", "properties": { "geogrid_id": "2963238848033529946", "seqnum": 15774.0, "lat_c": -63.23884763307634, "lon_c": 33.529946244976017, "res": 7.0, "count_Birds": 13, "count_Mammals": 1, "count_Molluscs": 1, "count_Mosses": 0, "count_Insects": 0, "count_Sac Fungi": 0, "count_Flowering Plants": 0, "count_Arachnids": 0, "count_Basidiomycota": 0, "count_Amphibians": 0, "unique_species_count": 15.0, "countryCode": "AQ" }, "geometry": { "type": "MultiPolygon", "coordinates": [ [ [ [ 34.334006407635066, -62.410247267816544 ], [ 35.240234085017946, -63.203556510065653 ], [ 34.441998599034903, -64.040193159769302 ], [ 32.691038491646104, -64.069098567573903 ], [ 31.82284924769888, -63.254539599009696 ], [ 32.665300330150579, -62.43265616527853 ], [ 34.334006407635066, -62.410247267816544 ] ] ] ] } },
{ "type": "Feature", "properties": { "geogrid_id": "2963238848168970054", "seqnum": 17394.0, "lat_c": -63.23884763700719, "lon_c": 168.97005375983912, "res": 7.0, "count_Birds": 0, "count_Mammals": 1, "count_Molluscs": 0, "count_Mosses": 0, "count_Insects": 0, "count_Sac Fungi": 0, "count_Flowering Plants": 0, "count_Arachnids": 0, "count_Basidiomycota": 0, "count_Amphibians": 0, "unique_species_count": 1.0, "countryCode": "AQ" }, "geometry": { "type": "MultiPolygon", "coordinates": [ [ [ [ 167.259765919572658, -63.203556513906925 ], [ 168.165993597128335, -62.410247271715477 ], [ 169.834699674828812, -62.432656169265506 ], [ 170.677150757352848, -63.254539603025378 ], [ 169.808961513238728, -64.069098571532649 ], [ 168.058001405602994, -64.040193163641788 ], [ 167.259765919572658, -63.203556513906925 ] ] ] ] } },
{ "type": "Feature", "properties": { "geogrid_id": "2963275633046610586", "seqnum": 15992.0, "lat_c": -63.275632663825526, "lon_c": 46.610585944936474, "res": 7.0, "count_Birds": 10, "count_Mammals": 2, "count_Molluscs": 0, "count_Mosses": 0, "count_Insects": 0, "count_Sac Fungi": 0, "count_Flowering Plants": 0, "count_Arachnids": 0, "count_Basidiomycota": 0, "count_Amphibians": 0, "unique_species_count": 12.0, "countryCode": "AQ" }, "geometry": { "type": "MultiPolygon", "coordinates": [ [ [ [ 47.095323951065524, -62.403503870320733 ], [ 48.305829471596603, -63.086724545719683 ], [ 47.845893058905027, -63.964228356456836 ], [ 46.102334908502307, -64.149751219541244 ], [ 44.899756136977615, -63.444919571829587 ], [ 45.43088343838712, -62.57665891508389 ], [ 47.095323951065524, -62.403503870320733 ] ] ] ] } },
{ "type": "Feature", "properties": { "geogrid_id": "2963275633155889414", "seqnum": 17369.0, "lat_c": -63.275632666974438, "lon_c": 155.88941405841345, "res": 7.0, "count_Birds": 16, "count_Mammals": 2, "count_Molluscs": 0, "count_Mosses": 0, "count_Insects": 0, "count_Sac Fungi": 0, "count_Flowering Plants": 0, "count_Arachnids": 0, "count_Basidiomycota": 0, "count_Amphibians": 0, "unique_species_count": 18.0, "countryCode": "AQ" }, "geometry": { "type": "MultiPolygon", "coordinates": [ [ [ [ 154.19417053164139, -63.086724548752244 ], [ 155.404676052374015, -62.403503873426523 ], [ 157.069116565166894, -62.576658918304126 ], [ 157.600243866503149, -63.444919575092321 ], [ 156.397665094761123, -64.149751222731766 ], [ 154.65410694422954, -63.964228359531567 ], [ 154.19417053164139, -63.086724548752244 ] ] ] ] } },
{ "type": "Feature", "properties": { "geogrid_id": "2963296990083204141", "seqnum": 16618.0, "lat_c": -63.2969895959246, "lon_c": 83.204141469938733, "res": 7.0, "count_Birds": 26, "count_Mammals": 10, "count_Molluscs": 7, "count_Mosses": 0, "count_Insects": 0, "count_Sac Fungi": 0, "count_Flowering Plants": 0, "count_Arachnids": 0, "count_Basidiomycota": 0, "count_Amphibians": 0, "unique_species_count": 43.0, "countryCode": "AQ" }, "geometry": { "type": "MultiPolygon", "coordinates": [ [ [ [ 82.694594181706378, -62.455806549025624 ], [ 84.498131050419673, -62.733388737316545 ], [ 85.06267734345063, -63.566249101398903 ], [ 83.745137614267676, -64.137260322107849 ], [ 81.867626494977458, -63.852528816353178 ], [ 81.383679982145182, -63.004431244844028 ], [ 82.694594181706378, -62.455806549025624 ] ] ] ] } },
{ "type": "Feature", "properties": { "geogrid_id": "2963296990119295859", "seqnum": 17104.0, "lat_c": -63.296989596525734, "lon_c": 119.29585853259027, "res": 7.0, "count_Birds": 13, "count_Mammals": 4, "count_Molluscs": 2, "count_Mosses": 0, "count_Insects": 0, "count_Sac Fungi": 0, "count_Flowering Plants": 0, "count_Arachnids": 0, "count_Basidiomycota": 0, "count_Amphibians": 0, "unique_species_count": 19.0, "countryCode": "AQ" }, "geometry": { "type": "MultiPolygon", "coordinates": [ [ [ [ 118.001868952336224, -62.733388737800368 ], [ 119.805405821064298, -62.455806549612696 ], [ 121.116320020414463, -63.004431245548773 ], [ 120.632373507327799, -63.852528817072489 ], [ 118.754862388003104, -64.137260322721218 ], [ 117.437322659061493, -63.566249101894563 ], [ 118.001868952336224, -62.733388737800368 ] ] ] ] } },
{ "type": "Feature", "properties": { "geogrid_id": "2963336962057672524", "seqnum": 16183.0, "lat_c": -63.33696217744199, "lon_c": 57.672524365745019, "res": 7.0, "count_Birds": 16, "count_Mammals": 0, "count_Molluscs": 4, "count_Mosses": 0, "count_Insects": 0, "count_Sac Fungi": 0, "count_Flowering Plants": 0, "count_Arachnids": 0, "count_Basidiomycota": 0, "count_Amphibians": 0, "unique_species_count": 20.0, "countryCode": "AQ" }, "geometry": { "type": "MultiPolygon", "coordinates": [ [ [ [ 57.861729860236736, -62.447060557955119 ], [ 59.296841890855795, -63.020579729850347 ], [ 59.147149697401268, -63.912735188026808 ], [ 57.475537989820275, -64.229282814939182 ], [ 56.018809488748381, -63.63551502257252 ], [ 56.254512919882522, -62.746063478972658 ], [ 57.861729860236736, -62.447060557955119 ] ] ] ] } },
{ "type": "Feature", "properties": { "geogrid_id": "2963336962144827476", "seqnum": 17317.0, "lat_c": -63.336962179823317, "lon_c": 144.82747563685848, "res": 7.0, "count_Birds": 17, "count_Mammals": 4, "count_Molluscs": 3, "count_Mosses": 0, "count_Insects": 0, "count_Sac Fungi": 0, "count_Flowering Plants": 0, "count_Arachnids": 0, "count_Basidiomycota": 0, "count_Amphibians": 0, "unique_species_count": 24.0, "countryCode": "AQ" }, "geometry": { "type": "MultiPolygon", "coordinates": [ [ [ [ 143.20315811174757, -63.020579732105674 ], [ 144.638270142545366, -62.447060560296997 ], [ 146.245487082910472, -62.746063481439371 ], [ 146.481190513874367, -63.635515025079407 ], [ 145.024462012596899, -64.229282817358936 ], [ 143.352850305008019, -63.9127351903198 ], [ 143.20315811174757, -63.020579732105674 ] ] ] ] } },
{ "type": "Feature", "properties": { "geogrid_id": "2963544055080030742", "seqnum": 16563.0, "lat_c": -63.544055230630342, "lon_c": 80.030742047226312, "res": 7.0, "count_Birds": 22, "count_Mammals": 7, "count_Molluscs": 5, "count_Mosses": 0, "count_Insects": 0, "count_Sac Fungi": 0, "count_Flowering Plants": 0, "count_Arachnids": 1, "count_Basidiomycota": 0, "count_Amphibians": 0, "unique_species_count": 35.0, "countryCode": "AQ" }, "geometry": { "type": "MultiPolygon", "coordinates": [ [ [ [ 79.602330402599108, -62.68908062876006 ], [ 81.383679982145182, -63.004431244844028 ], [ 81.867626494977458, -63.852528816353178 ], [ 80.487347066688571, -64.399085052238263 ], [ 78.634655681278588, -64.073810718985115 ], [ 78.235592401402783, -63.212491478525408 ], [ 79.602330402599108, -62.68908062876006 ] ] ] ] } },
{ "type": "Feature", "properties": { "geogrid_id": "2963544055122469258", "seqnum": 17130.0, "lat_c": -63.544055231453932, "lon_c": 122.46925795512678, "res": 7.0, "count_Birds": 13, "count_Mammals": 2, "count_Molluscs": 0, "count_Mosses": 0, "count_Insects": 0, "count_Sac Fungi": 0, "count_Flowering Plants": 0, "count_Arachnids": 0, "count_Basidiomycota": 0, "count_Amphibians": 0, "unique_species_count": 15.0, "countryCode": "AQ" }, "geometry": { "type": "MultiPolygon", "coordinates": [ [ [ [ 121.116320020414463, -63.004431245548773 ], [ 122.897669600003383, -62.689080629566725 ], [ 124.264407601009907, -63.212491479451643 ], [ 123.865344320874073, -64.073810719928858 ], [ 122.012652935397782, -64.399085053076817 ], [ 120.632373507327799, -63.852528817072489 ], [ 121.116320020414463, -63.004431245548773 ] ] ] ] } },
{ "type": "Feature", "properties": { "geogrid_id": "2963578442060786794", "seqnum": 16237.0, "lat_c": -63.578442387175343, "lon_c": 60.786793553933968, "res": 7.0, "count_Birds": 17, "count_Mammals": 4, "count_Molluscs": 4, "count_Mosses": 0, "count_Insects": 0, "count_Sac Fungi": 0, "count_Flowering Plants": 0, "count_Arachnids": 2, "count_Basidiomycota": 0, "count_Amphibians": 0, "unique_species_count": 27.0, "countryCode": "AQ" }, "geometry": { "type": "MultiPolygon", "coordinates": [ [ [ [ 60.890608734356206, -62.686907503599379 ], [ 62.393410858264218, -63.22698728836982 ], [ 62.333509350251219, -64.119763094877683 ], [ 60.680662411146379, -64.472490435205998 ], [ 59.147149697401268, -63.912735188026808 ], [ 59.296841890855795, -63.020579729850347 ], [ 60.890608734356206, -62.686907503599379 ] ] ] ] } },
{ "type": "Feature", "properties": { "geogrid_id": "2963578442141713206", "seqnum": 17290.0, "lat_c": -63.578442389341305, "lon_c": 141.71320644848734, "res": 7.0, "count_Birds": 15, "count_Mammals": 3, "count_Molluscs": 0, "count_Mosses": 0, "count_Insects": 0, "count_Sac Fungi": 0, "count_Flowering Plants": 0, "count_Arachnids": 0, "count_Basidiomycota": 0, "count_Amphibians": 0, "unique_species_count": 18.0, "countryCode": "AQ" }, "geometry": { "type": "MultiPolygon", "coordinates": [ [ [ [ 140.106589144187808, -63.2269872904088 ], [ 141.609391268265114, -62.68690750572857 ], [ 143.20315811174757, -63.020579732105674 ], [ 143.352850305008019, -63.9127351903198 ], [ 141.819337591064595, -64.472490437407558 ], [ 140.166490651985441, -64.119763096951345 ], [ 140.106589144187808, -63.2269872904088 ] ] ] ] } },
{ "type": "Feature", "properties": { "geogrid_id": "2963617226092061852", "seqnum": 16753.0, "lat_c": -63.617226085778732, "lon_c": 92.061852213131687, "res": 7.0, "count_Birds": 21, "count_Mammals": 6, "count_Molluscs": 4, "count_Mosses": 0, "count_Insects": 0, "count_Sac Fungi": 0, "count_Flowering Plants": 0, "count_Arachnids": 0, "count_Basidiomycota": 0, "count_Amphibians": 0, "unique_species_count": 31.0, "countryCode": "AQ" }, "geometry": { "type": "MultiPolygon", "coordinates": [ [ [ [ 91.309448929989301, -62.822824621531481 ], [ 93.227409023781789, -63.001807994382929 ], [ 94.037552045535506, -63.784698109669101 ], [ 92.857004384839243, -64.407331009831765 ], [ 90.855932021462763, -64.231807079702548 ], [ 90.119960457482051, -63.429697862404211 ], [ 91.309448929989301, -62.822824621531481 ] ] ] ] } },
{ "type": "Feature", "properties": { "geogrid_id": "2963617226110438148", "seqnum": 16996.0, "lat_c": -63.617226085816419, "lon_c": 110.43814778972298, "res": 7.0, "count_Birds": 21, "count_Mammals": 9, "count_Molluscs": 4, "count_Mosses": 0, "count_Insects": 0, "count_Sac Fungi": 2, "count_Flowering Plants": 0, "count_Arachnids": 0, "count_Basidiomycota": 0, "count_Amphibians": 0, "unique_species_count": 36.0, "countryCode": "AQ" }, "geometry": { "type": "MultiPolygon", "coordinates": [ [ [ [ 109.272590979358213, -63.001807994292477 ], [ 111.19055107308472, -62.822824621566674 ], [ 112.380039545320258, -63.429697862561412 ], [ 111.644067981100179, -64.231807079864382 ], [ 109.6429956177831, -64.407331009870418 ], [ 108.462447957394303, -63.784698109575345 ], [ 109.272590979358213, -63.001807994292477 ] ] ] ] } },
{ "type": "Feature", "properties": { "geogrid_id": "2963653078101250000", "seqnum": 16888.0, "lat_c": -63.653078252766662, "lon_c": 101.25000000203494, "res": 7.0, "count_Birds": 25, "count_Mammals": 6, "count_Molluscs": 0, "count_Mosses": 0, "count_Insects": 0, "count_Sac Fungi": 0, "count_Flowering Plants": 0, "count_Arachnids": 0, "count_Basidiomycota": 0, "count_Amphibians": 0, "unique_species_count": 31.0, "countryCode": "AQ" }, "geometry": { "type": "MultiPolygon", "coordinates": [ [ [ [ 100.238130292871162, -62.87192414142401 ], [ 102.261869710872745, -62.87192414054585 ], [ 103.312678197012872, -63.468804906055418 ], [ 102.311735980579343, -64.236325050063257 ], [ 100.188264022721469, -64.236325050831724 ], [ 99.187321806452019, -63.468804906708336 ], [ 100.238130292871162, -62.87192414142401 ] ] ] ] } },
{ "type": "Feature", "properties": { "geogrid_id": "2963723813041440532", "seqnum": 15910.0, "lat_c": -63.723813026688219, "lon_c": 41.440531782954942, "res": 7.0, "count_Birds": 14, "count_Mammals": 1, "count_Molluscs": 0, "count_Mosses": 0, "count_Insects": 0, "count_Sac Fungi": 0, "count_Flowering Plants": 0, "count_Arachnids": 0, "count_Basidiomycota": 0, "count_Amphibians": 0, "unique_species_count": 15.0, "countryCode": "AQ" }, "geometry": { "type": "MultiPolygon", "coordinates": [ [ [ [ 42.063698104686253, -62.864590945036895 ], [ 43.17560746759878, -63.594368074537037 ], [ 42.57112090598293, -64.460373793558077 ], [ 40.788593876373632, -64.585133491872085 ], [ 39.697025915558903, -63.833143708194335 ], [ 40.365408469321707, -62.979049186133878 ], [ 42.063698104686253, -62.864590945036895 ] ] ] ] } },
{ "type": "Feature", "properties": { "geogrid_id": "2963723813161059468", "seqnum": 17368.0, "lat_c": -63.723813030169588, "lon_c": 161.0594682208432, "res": 7.0, "count_Birds": 9, "count_Mammals": 6, "count_Molluscs": 0, "count_Mosses": 0, "count_Insects": 0, "count_Sac Fungi": 0, "count_Flowering Plants": 0, "count_Arachnids": 0, "count_Basidiomycota": 0, "count_Amphibians": 0, "unique_species_count": 15.0, "countryCode": "AQ" }, "geometry": { "type": "MultiPolygon", "coordinates": [ [ [ [ 159.324392536031525, -63.594368077910715 ], [ 160.436301899148674, -62.864590948477982 ], [ 162.134591534678918, -62.979049189680694 ], [ 162.802974088424776, -63.833143711779762 ], [ 161.711406127397368, -64.585133495391261 ], [ 159.92887909759915, -64.460373796971226 ], [ 159.324392536031525, -63.594368077910715 ] ] ] ] } },
{ "type": "Feature", "properties": { "geogrid_id": "2963725257076826596", "seqnum": 16509.0, "lat_c": -63.725256918659611, "lon_c": 76.826595884332946, "res": 7.0, "count_Birds": 18, "count_Mammals": 5, "count_Molluscs": 3, "count_Mosses": 0, "count_Insects": 0, "count_Sac Fungi": 0, "count_Flowering Plants": 0, "count_Arachnids": 0, "count_Basidiomycota": 0, "count_Amphibians": 0, "unique_species_count": 26.0, "countryCode": "AQ" }, "geometry": { "type": "MultiPolygon", "coordinates": [ [ [ [ 76.483073161284139, -62.85854595322499 ], [ 78.235592401402783, -63.212491478525408 ], [ 78.634655681278588, -64.073810718985115 ], [ 77.194380601519669, -64.592820609422517 ], [ 75.37445171714991, -64.22654466218529 ], [ 75.064023080318634, -63.354229736960001 ], [ 76.483073161284139, -62.85854595322499 ] ] ] ] } },
{ "type": "Feature", "properties": { "geogrid_id": "2963725257125673404", "seqnum": 17157.0, "lat_c": -63.725256919706851, "lon_c": 125.67340411789719, "res": 7.0, "count_Birds": 17, "count_Mammals": 4, "count_Molluscs": 3, "count_Mosses": 0, "count_Insects": 0, "count_Sac Fungi": 0, "count_Flowering Plants": 0, "count_Arachnids": 0, "count_Basidiomycota": 0, "count_Amphibians": 0, "unique_species_count": 24.0, "countryCode": "AQ" }, "geometry": { "type": "MultiPolygon", "coordinates": [ [ [ [ 124.264407601009907, -63.212491479451643 ], [ 126.01692684119844, -62.858545954252207 ], [ 127.435976921998645, -63.354229738108963 ], [ 127.125548284906714, -64.226544663355 ], [ 125.305619400440548, -64.592820610487806 ], [ 123.865344320874073, -64.073810719928858 ], [ 124.264407601009907, -63.212491479451643 ] ] ] ] } },
{ "type": "Feature", "properties": { "geogrid_id": "2963733301001790414", "seqnum": 15199.0, "lat_c": -63.733301140119487, "lon_c": 1.7904142578174289, "res": 7.0, "count_Birds": 1, "count_Mammals": 0, "count_Molluscs": 0, "count_Mosses": 0, "count_Insects": 0, "count_Sac Fungi": 0, "count_Flowering Plants": 0, "count_Arachnids": 0, "count_Basidiomycota": 0, "count_Amphibians": 0, "unique_species_count": 1.0, "countryCode": "AQ" }, "geometry": { "type": "MultiPolygon", "coordinates": [ [ [ [ 2.339879151596119, -62.837132222233848 ], [ 3.778455282277493, -63.446468695973898 ], [ 3.605708331656702, -64.189445596074265 ], [ 1.571329731595541, -64.469991185169974 ], [ 0.124952329405316, -63.836436071684737 ], [ 0.719748809036585, -62.950815985113614 ], [ 2.339879151596119, -62.837132222233848 ] ] ] ] } },
{ "type": "Feature", "properties": { "geogrid_id": "2963750053063950802", "seqnum": 16292.0, "lat_c": -63.750052708828015, "lon_c": 63.950801594649867, "res": 7.0, "count_Birds": 20, "count_Mammals": 5, "count_Molluscs": 6, "count_Mosses": 0, "count_Insects": 0, "count_Sac Fungi": 0, "count_Flowering Plants": 0, "count_Arachnids": 0, "count_Basidiomycota": 0, "count_Amphibians": 0, "unique_species_count": 31.0, "countryCode": "AQ" }, "geometry": { "type": "MultiPolygon", "coordinates": [ [ [ [ 63.966166696347429, -62.858975853518871 ], [ 65.531836067108046, -63.364007778973793 ], [ 65.564235887508957, -64.255184600850555 ], [ 63.938794555412144, -64.643604885044695 ], [ 62.333509350251219, -64.119763094877683 ], [ 62.393410858264218, -63.22698728836982 ], [ 63.966166696347429, -62.858975853518871 ] ] ] ] } },
{ "type": "Feature", "properties": { "geogrid_id": "2963750053138549198", "seqnum": 17264.0, "lat_c": -63.750052710774021, "lon_c": 138.54919840763168, "res": 7.0, "count_Birds": 15, "count_Mammals": 3, "count_Molluscs": 4, "count_Mosses": 0, "count_Insects": 0, "count_Sac Fungi": 0, "count_Flowering Plants": 0, "count_Arachnids": 0, "count_Basidiomycota": 0, "count_Amphibians": 0, "unique_species_count": 22.0, "countryCode": "AQ" }, "geometry": { "type": "MultiPolygon", "coordinates": [ [ [ [ 136.968163935236106, -63.364007780792669 ], [ 138.533833306152673, -62.858975855431197 ], [ 140.106589144187808, -63.2269872904088 ], [ 140.166490651985441, -64.119763096951345 ], [ 138.56120544663824, -64.643604887023059 ], [ 136.935764114601994, -64.255184602700794 ], [ 136.968163935236106, -63.364007780792669 ] ] ] ] } },
{ "type": "Feature", "properties": { "geogrid_id": "2963758884049571569", "seqnum": 16047.0, "lat_c": -63.758883941684829, "lon_c": 49.5715685231851, "res": 7.0, "count_Birds": 21, "count_Mammals": 3, "count_Molluscs": 2, "count_Mosses": 0, "count_Insects": 0, "count_Sac Fungi": 0, "count_Flowering Plants": 0, "count_Arachnids": 1, "count_Basidiomycota": 0, "count_Amphibians": 0, "unique_species_count": 27.0, "countryCode": "AQ" }, "geometry": { "type": "MultiPolygon", "coordinates": [ [ [ [ 49.983360418314213, -62.878461598577879 ], [ 51.277177420827726, -63.53402236781168 ], [ 50.896060390213854, -64.41926477423516 ], [ 49.140624239307506, -64.641758033386353 ], [ 47.845893058905027, -63.964228356456836 ], [ 48.305829471596603, -63.086724545719683 ], [ 49.983360418314213, -62.878461598577879 ] ] ] ] } },
{ "type": "Feature", "properties": { "geogrid_id": "2963758884152928431", "seqnum": 17343.0, "lat_c": -63.758883944641319, "lon_c": 152.92843147984107, "res": 7.0, "count_Birds": 11, "count_Mammals": 0, "count_Molluscs": 0, "count_Mosses": 0, "count_Insects": 0, "count_Sac Fungi": 0, "count_Flowering Plants": 0, "count_Arachnids": 0, "count_Basidiomycota": 0, "count_Amphibians": 0, "unique_species_count": 11.0, "countryCode": "AQ" }, "geometry": { "type": "MultiPolygon", "coordinates": [ [ [ [ 151.222822582110496, -63.534022370647868 ], [ 152.516639584830784, -62.878461601491942 ], [ 154.19417053164139, -63.086724548752244 ], [ 154.65410694422954, -63.964228359531567 ], [ 153.359375763600013, -64.641758036383806 ], [ 151.60393961259004, -64.419264777112502 ], [ 151.222822582110496, -63.534022370647868 ] ] ] ] } },
{ "type": "Feature", "properties": { "geogrid_id": "2963837791073603110", "seqnum": 16455.0, "lat_c": -63.837790697441505, "lon_c": 73.603109839242052, "res": 7.0, "count_Birds": 21, "count_Mammals": 8, "count_Molluscs": 4, "count_Mosses": 0, "count_Insects": 0, "count_Sac Fungi": 0, "count_Flowering Plants": 0, "count_Arachnids": 0, "count_Basidiomycota": 0, "count_Amphibians": 0, "unique_species_count": 33.0, "countryCode": "AQ" }, "geometry": { "type": "MultiPolygon", "coordinates": [ [ [ [ 73.34750878304078, -62.961553202802037 ], [ 75.064023080318634, -63.354229736960001 ], [ 75.37445171714991, -64.22654466218529 ], [ 73.878390768090469, -64.715516501286203 ], [ 72.099739592471082, -64.308431148783626 ], [ 71.880786052050169, -63.427454255053597 ], [ 73.34750878304078, -62.961553202802037 ] ] ] ] } },
{ "type": "Feature", "properties": { "geogrid_id": "2963837791128896890", "seqnum": 17184.0, "lat_c": -63.837790698713697, "lon_c": 128.89689016291982, "res": 7.0, "count_Birds": 15, "count_Mammals": 5, "count_Molluscs": 3, "count_Mosses": 0, "count_Insects": 0, "count_Sac Fungi": 0, "count_Flowering Plants": 0, "count_Arachnids": 0, "count_Basidiomycota": 0, "count_Amphibians": 0, "unique_species_count": 23.0, "countryCode": "AQ" }, "geometry": { "type": "MultiPolygon", "coordinates": [ [ [ [ 127.435976921998645, -63.354229738108963 ], [ 129.152491219371825, -62.96155320405088 ], [ 130.619213950224264, -63.427454256426216 ], [ 130.400260409547087, -64.308431150180482 ], [ 128.621609233803582, -64.715516502579888 ], [ 127.125548284906714, -64.226544663355 ], [ 127.435976921998645, -63.354229738108963 ] ] ] ] } },
{ "type": "Feature", "properties": { "geogrid_id": "2963850709067151030", "seqnum": 16346.0, "lat_c": -63.850708893437705, "lon_c": 67.151029941543484, "res": 7.0, "count_Birds": 25, "count_Mammals": 5, "count_Molluscs": 3, "count_Mosses": 0, "count_Insects": 0, "count_Sac Fungi": 0, "count_Flowering Plants": 0, "count_Arachnids": 0, "count_Basidiomycota": 0, "count_Amphibians": 0, "unique_species_count": 33.0, "countryCode": "AQ" }, "geometry": { "type": "MultiPolygon", "coordinates": [ [ [ [ 67.076131252983743, -62.962293322581147 ], [ 68.698856676929879, -63.430884079614536 ], [ 68.824681742429519, -64.318145798491614 ], [ 67.234977822355916, -64.74142016134158 ], [ 65.564235887508957, -64.255184600850555 ], [ 65.531836067108046, -63.364007778973793 ], [ 67.076131252983743, -62.962293322581147 ] ] ] ] } },
{ "type": "Feature", "properties": { "geogrid_id": "2963850709135348970", "seqnum": 17237.0, "lat_c": -63.850708895160516, "lon_c": 135.34897006064588, "res": 7.0, "count_Birds": 15, "count_Mammals": 3, "count_Molluscs": 1, "count_Mosses": 0, "count_Insects": 0, "count_Sac Fungi": 0, "count_Flowering Plants": 0, "count_Arachnids": 0, "count_Basidiomycota": 0, "count_Amphibians": 0, "unique_species_count": 19.0, "countryCode": "AQ" }, "geometry": { "type": "MultiPolygon", "coordinates": [ [ [ [ 133.801143325354047, -63.430884081210856 ], [ 135.423868749439123, -62.962293324273638 ], [ 136.968163935236106, -63.364007780792669 ], [ 136.935764114601994, -64.255184602700794 ], [ 135.265022179585344, -64.74142016309321 ], [ 133.675318259607423, -64.318145800115758 ], [ 133.801143325354047, -63.430884081210856 ] ] ] ] } },
{ "type": "Feature", "properties": { "geogrid_id": "2963879905070373262", "seqnum": 16400.0, "lat_c": -63.879905103039619, "lon_c": 70.373261671474438, "res": 7.0, "count_Birds": 22, "count_Mammals": 4, "count_Molluscs": 3, "count_Mosses": 0, "count_Insects": 0, "count_Sac Fungi": 0, "count_Flowering Plants": 0, "count_Arachnids": 1, "count_Basidiomycota": 0, "count_Amphibians": 0, "unique_species_count": 30.0, "countryCode": "AQ" }, "geometry": { "type": "MultiPolygon", "coordinates": [ [ [ [ 70.207604487973668, -62.996426400399827 ], [ 71.880786052050169, -63.427454255053597 ], [ 72.099739592471082, -64.308431148783626 ], [ 70.553473403524634, -64.765351824453973 ], [ 68.824681742429519, -64.318145798491614 ], [ 68.698856676929879, -63.430884079614536 ], [ 70.207604487973668, -62.996426400399827 ] ] ] ] } },
{ "type": "Feature", "properties": { "geogrid_id": "2963879905132126738", "seqnum": 17210.0, "lat_c": -63.879905104537379, "lon_c": 132.12673833067419, "res": 7.0, "count_Birds": 7, "count_Mammals": 1, "count_Molluscs": 0, "count_Mosses": 0, "count_Insects": 0, "count_Sac Fungi": 0, "count_Flowering Plants": 0, "count_Arachnids": 0, "count_Basidiomycota": 0, "count_Amphibians": 0, "unique_species_count": 8.0, "countryCode": "AQ" }, "geometry": { "type": "MultiPolygon", "coordinates": [ [ [ [ 130.619213950224264, -63.427454256426216 ], [ 132.292395514419326, -62.996426401870757 ], [ 133.801143325354047, -63.430884081210856 ], [ 133.675318259607423, -64.318145800115758 ], [ 131.946526598363533, -64.765351825976865 ], [ 130.400260409547087, -64.308431150180482 ], [ 130.619213950224264, -63.427454256426216 ] ] ] ] } },
{ "type": "Feature", "properties": { "geogrid_id": "2963881378016908181", "seqnum": 15555.0, "lat_c": -63.881378294569387, "lon_c": 16.908181161906604, "res": 7.0, "count_Birds": 1, "count_Mammals": 1, "count_Molluscs": 0, "count_Mosses": 0, "count_Insects": 0, "count_Sac Fungi": 0, "count_Flowering Plants": 0, "count_Arachnids": 0, "count_Basidiomycota": 0, "count_Amphibians": 0, "unique_species_count": 2.0, "countryCode": "AQ" }, "geometry": { "type": "MultiPolygon", "coordinates": [ [ [ [ 18.721544750468023, -63.446468692138936 ], [ 18.894291701769447, -64.1894455922031 ], [ 17.044752183696492, -64.632532351754051 ], [ 15.060708862308795, -64.301871307142321 ], [ 14.971510308050647, -63.546482175567036 ], [ 16.780823320943711, -63.13310054860311 ], [ 18.721544750468023, -63.446468692138936 ] ] ] ] } },
{ "type": "Feature", "properties": { "geogrid_id": "2963944259009371184", "seqnum": 15308.0, "lat_c": -63.944259043034528, "lon_c": 9.371183943502146, "res": 7.0, "count_Birds": 1, "count_Mammals": 1, "count_Molluscs": 0, "count_Mosses": 0, "count_Insects": 0, "count_Sac Fungi": 0, "count_Flowering Plants": 0, "count_Arachnids": 0, "count_Basidiomycota": 0, "count_Amphibians": 0, "unique_species_count": 2.0, "countryCode": "AQ" }, "geometry": { "type": "MultiPolygon", "coordinates": [ [ [ [ 9.414779055446411, -63.185505044450451 ], [ 11.250000017567421, -63.560553588672313 ], [ 11.250000017954401, -64.324170406139558 ], [ 9.324462491195067, -64.705502553002646 ], [ 7.439291171776778, -64.301871310138793 ], [ 7.528489725306287, -63.546482178541893 ], [ 9.414779055446411, -63.185505044450451 ] ] ] ] } },
{ "type": "Feature", "properties": { "geogrid_id": "2963944259013128816", "seqnum": 15527.0, "lat_c": -63.944259040487395, "lon_c": 13.128816090446628, "res": 7.0, "count_Birds": 1, "count_Mammals": 0, "count_Molluscs": 0, "count_Mosses": 0, "count_Insects": 0, "count_Sac Fungi": 0, "count_Flowering Plants": 0, "count_Arachnids": 0, "count_Basidiomycota": 0, "count_Amphibians": 0, "unique_species_count": 1.0, "countryCode": "AQ" }, "geometry": { "type": "MultiPolygon", "coordinates": [ [ [ [ 14.971510308050647, -63.546482175567036 ], [ 15.060708862308795, -64.301871307142321 ], [ 13.175537543521802, -64.705502550441665 ], [ 11.25000001655363, -64.324170404030227 ], [ 11.250000016181191, -63.56055358656814 ], [ 13.085220977776871, -63.185505041916606 ], [ 14.971510308050647, -63.546482175567036 ] ] ] ] } },
{ "type": "Feature", "properties": { "geogrid_id": "2963989200025761103", "seqnum": 15664.0, "lat_c": -63.989199946558891, "lon_c": 25.761103211620501, "res": 7.0, "count_Birds": 0, "count_Mammals": 2, "count_Molluscs": 0, "count_Mosses": 0, "count_Insects": 0, "count_Sac Fungi": 0, "count_Flowering Plants": 0, "count_Arachnids": 0, "count_Basidiomycota": 0, "count_Amphibians": 0, "unique_species_count": 2.0, "countryCode": "AQ" }, "geometry": { "type": "MultiPolygon", "coordinates": [ [ [ [ 26.745003008968919, -63.18610655430939 ], [ 27.477413464182867, -64.037934216065196 ], [ 26.491740914077937, -64.851455919089531 ], [ 24.742284535165641, -64.796182165917415 ], [ 24.05957626753349, -63.921891439226343 ], [ 25.074638348322729, -63.125734269943564 ], [ 26.745003008968919, -63.18610655430939 ] ] ] ] } },
{ "type": "Feature", "properties": { "geogrid_id": "2963989200176738897", "seqnum": 17365.0, "lat_c": -63.989199950808796, "lon_c": 176.73889679435882, "res": 7.0, "count_Birds": 1, "count_Mammals": 1, "count_Molluscs": 1, "count_Mosses": 0, "count_Insects": 0, "count_Sac Fungi": 0, "count_Flowering Plants": 0, "count_Arachnids": 0, "count_Basidiomycota": 0, "count_Amphibians": 0, "unique_species_count": 3.0, "countryCode": "AQ" }, "geometry": { "type": "MultiPolygon", "coordinates": [ [ [ [ 175.022586541509924, -64.03793422025079 ], [ 175.754996996851503, -63.186106558548971 ], [ 177.425361657768804, -63.125734274247009 ], [ 178.440423738738247, -63.921891443534676 ], [ 177.757715471002086, -64.796182170169885 ], [ 176.008259091779593, -64.851455923283453 ], [ 175.022586541509924, -64.03793422025079 ] ] ] ] } },
{ "type": "Feature", "properties": { "geogrid_id": "2963991302036195103", "seqnum": 15828.0, "lat_c": -63.991301801694014, "lon_c": 36.195102912735265, "res": 7.0, "count_Birds": 14, "count_Mammals": 2, "count_Molluscs": 0, "count_Mosses": 0, "count_Insects": 0, "count_Sac Fungi": 0, "count_Flowering Plants": 0, "count_Arachnids": 0, "count_Basidiomycota": 0, "count_Amphibians": 0, "unique_species_count": 16.0, "countryCode": "AQ" }, "geometry": { "type": "MultiPolygon", "coordinates": [ [ [ [ 36.951228988021846, -63.148535523649301 ], [ 37.947669846047674, -63.92230564240743 ], [ 37.203350027101216, -64.77314360044457 ], [ 35.406316796626726, -64.836415985611723 ], [ 34.441998599034903, -64.040193159769302 ], [ 35.240234085017946, -63.203556510065653 ], [ 36.951228988021846, -63.148535523649301 ] ] ] ] } },
{ "type": "Feature", "properties": { "geogrid_id": "2963991302166304897", "seqnum": 17367.0, "lat_c": -63.991301805475331, "lon_c": 166.30489709166932, "res": 7.0, "count_Birds": 0, "count_Mammals": 2, "count_Molluscs": 1, "count_Mosses": 0, "count_Insects": 0, "count_Sac Fungi": 0, "count_Flowering Plants": 0, "count_Arachnids": 0, "count_Basidiomycota": 0, "count_Amphibians": 0, "unique_species_count": 3.0, "countryCode": "AQ" }, "geometry": { "type": "MultiPolygon", "coordinates": [ [ [ [ 164.55233015813846, -63.922305646092958 ], [ 165.548771016357449, -63.148535527396518 ], [ 167.259765919572658, -63.203556513906925 ], [ 168.058001405602994, -64.040193163641788 ], [ 167.093683207819936, -64.836415989423287 ], [ 165.296649977103129, -64.773143604163323 ], [ 164.55233015813846, -63.922305646092958 ] ] ] ] } },
{ "type": "Feature", "properties": { "geogrid_id": "2964033617088889543", "seqnum": 16699.0, "lat_c": -64.033616554345386, "lon_c": 88.889543271636427, "res": 7.0, "count_Birds": 18, "count_Mammals": 9, "count_Molluscs": 6, "count_Mosses": 0, "count_Insects": 0, "count_Sac Fungi": 0, "count_Flowering Plants": 0, "count_Arachnids": 0, "count_Basidiomycota": 0, "count_Amphibians": 0, "unique_species_count": 33.0, "countryCode": "AQ" }, "geometry": { "type": "MultiPolygon", "coordinates": [ [ [ [ 88.211680436131317, -63.220299198017365 ], [ 90.119960457482051, -63.429697862404211 ], [ 90.855932021462763, -64.231807079702548 ], [ 89.608459736010062, -64.844184093200781 ], [ 87.616867641790662, -64.633389016356105 ], [ 86.958171689756142, -63.811840547257937 ], [ 88.211680436131317, -63.220299198017365 ] ] ] ] } },
{ "type": "Feature", "properties": { "geogrid_id": "2964033617113610457", "seqnum": 17023.0, "lat_c": -64.033616554622583, "lon_c": 113.61045673089039, "res": 7.0, "count_Birds": 21, "count_Mammals": 5, "count_Molluscs": 3, "count_Mosses": 0, "count_Insects": 0, "count_Sac Fungi": 0, "count_Flowering Plants": 0, "count_Arachnids": 0, "count_Basidiomycota": 0, "count_Amphibians": 0, "unique_species_count": 29.0, "countryCode": "AQ" }, "geometry": { "type": "MultiPolygon", "coordinates": [ [ [ [ 112.380039545320258, -63.429697862561412 ], [ 114.288319566638592, -63.220299198287265 ], [ 115.541828312754575, -63.811840547645872 ], [ 114.883132360458589, -64.633389016751835 ], [ 112.891540266256698, -64.844184093483577 ], [ 111.644067981100179, -64.231807079864382 ], [ 112.380039545320258, -63.429697862561412 ] ] ] ] } },
{ "type": "Feature", "properties": { "geogrid_id": "2964078194030944886", "seqnum": 15746.0, "lat_c": -64.07819394812195, "lon_c": 30.944886039645475, "res": 7.0, "count_Birds": 18, "count_Mammals": 4, "count_Molluscs": 3, "count_Mosses": 0, "count_Insects": 0, "count_Sac Fungi": 0, "count_Flowering Plants": 0, "count_Arachnids": 1, "count_Basidiomycota": 0, "count_Amphibians": 0, "unique_species_count": 26.0, "countryCode": "AQ" }, "geometry": { "type": "MultiPolygon", "coordinates": [ [ [ [ 31.82284924769888, -63.254539599009696 ], [ 32.691038491646104, -64.069098567573903 ], [ 31.81785511689132, -64.902017934462094 ], [ 30.032160843590074, -64.904741027593587 ], [ 29.206160753629458, -64.067710824797672 ], [ 30.12139990068081, -63.25081569497425 ], [ 31.82284924769888, -63.254539599009696 ] ] ] ] } },
{ "type": "Feature", "properties": { "geogrid_id": "2964079798098097207", "seqnum": 16834.0, "lat_c": -64.07979818311081, "lon_c": 98.097207260940536, "res": 7.0, "count_Birds": 17, "count_Mammals": 7, "count_Molluscs": 2, "count_Mosses": 0, "count_Insects": 0, "count_Sac Fungi": 0, "count_Flowering Plants": 0, "count_Arachnids": 0, "count_Basidiomycota": 0, "count_Amphibians": 0, "unique_species_count": 26.0, "countryCode": "AQ" }, "geometry": { "type": "MultiPolygon", "coordinates": [ [ [ [ 97.16411306364239, -63.315488433715522 ], [ 99.187321806452019, -63.468804906708336 ], [ 100.188264022721469, -64.236325050831724 ], [ 99.084821940591723, -64.840890975565998 ], [ 96.967722553282485, -64.702615168685412 ], [ 96.048365003619708, -63.936028841295133 ], [ 97.16411306364239, -63.315488433715522 ] ] ] ] } },
{ "type": "Feature", "properties": { "geogrid_id": "2964079798104402793", "seqnum": 16915.0, "lat_c": -64.079798182660411, "lon_c": 104.40279274221855, "res": 7.0, "count_Birds": 22, "count_Mammals": 9, "count_Molluscs": 6, "count_Mosses": 0, "count_Insects": 0, "count_Sac Fungi": 0, "count_Flowering Plants": 0, "count_Arachnids": 0, "count_Basidiomycota": 0, "count_Amphibians": 0, "unique_species_count": 37.0, "countryCode": "AQ" }, "geometry": { "type": "MultiPolygon", "coordinates": [ [ [ [ 103.312678197012872, -63.468804906055418 ], [ 105.335886939694944, -63.315488433306726 ], [ 106.451634999411212, -63.936028841047161 ], [ 105.53227744954637, -64.702615168416102 ], [ 103.4151780623896, -64.840890975049462 ], [ 102.311735980579343, -64.236325050063257 ], [ 103.312678197012872, -63.468804906055418 ] ] ] ] } },
{ "type": "Feature", "properties": { "geogrid_id": "2964177123052628881", "seqnum": 16101.0, "lat_c": -64.177123394584768, "lon_c": 52.628881017873105, "res": 7.0, "count_Birds": 9, "count_Mammals": 1, "count_Molluscs": 0, "count_Mosses": 1, "count_Insects": 0, "count_Sac Fungi": 0, "count_Flowering Plants": 0, "count_Arachnids": 0, "count_Basidiomycota": 0, "count_Amphibians": 0, "unique_species_count": 11.0, "countryCode": "AQ" }, "geometry": { "type": "MultiPolygon", "coordinates": [ [ [ [ 52.96071541564082, -63.289995349371793 ], [ 54.337065948072841, -63.915727618996257 ], [ 54.041818115248006, -64.806957313388352 ], [ 52.283015237831371, -65.067080665868644 ], [ 50.896060390213854, -64.41926477423516 ], [ 51.277177420827726, -63.53402236781168 ], [ 52.96071541564082, -63.289995349371793 ] ] ] ] } },
{ "type": "Feature", "properties": { "geogrid_id": "2964177123149871119", "seqnum": 17316.0, "lat_c": -64.177123397340026, "lon_c": 149.87111898484912, "res": 7.0, "count_Birds": 17, "count_Mammals": 0, "count_Molluscs": 3, "count_Mosses": 0, "count_Insects": 0, "count_Sac Fungi": 0, "count_Flowering Plants": 0, "count_Arachnids": 0, "count_Basidiomycota": 0, "count_Amphibians": 0, "unique_species_count": 20.0, "countryCode": "AQ" }, "geometry": { "type": "MultiPolygon", "coordinates": [ [ [ [ 148.162934054589215, -63.915727621627909 ], [ 149.539284587229531, -63.289995352086009 ], [ 151.222822582110496, -63.534022370647868 ], [ 151.60393961259004, -64.419264777112502 ], [ 150.216984764739749, -65.067080668663507 ], [ 148.45818188724914, -64.806957316059439 ], [ 148.162934054589215, -63.915727621627909 ] ] ] ] } },
{ "type": "Feature", "properties": { "geogrid_id": "2964315199044343244", "seqnum": 15965.0, "lat_c": -64.31519927273375, "lon_c": 44.343244278931522, "res": 7.0, "count_Birds": 14, "count_Mammals": 2, "count_Molluscs": 2, "count_Mosses": 0, "count_Insects": 0, "count_Sac Fungi": 0, "count_Flowering Plants": 0, "count_Arachnids": 0, "count_Basidiomycota": 0, "count_Amphibians": 0, "unique_species_count": 18.0, "countryCode": "AQ" }, "geometry": { "type": "MultiPolygon", "coordinates": [ [ [ [ 44.899756136977615, -63.444919571829587 ], [ 46.102334908502307, -64.149751219541244 ], [ 45.571006354935015, -65.026472331833176 ], [ 43.761844432308138, -65.188165739912094 ], [ 42.57112090598293, -64.460373793558077 ], [ 43.17560746759878, -63.594368074537037 ], [ 44.899756136977615, -63.444919571829587 ] ] ] ] } },
{ "type": "Feature", "properties": { "geogrid_id": "2964315199158156756", "seqnum": 17342.0, "lat_c": -64.315199276037205, "lon_c": 158.1567557244812, "res": 7.0, "count_Birds": 9, "count_Mammals": 0, "count_Molluscs": 0, "count_Mosses": 0, "count_Insects": 0, "count_Sac Fungi": 0, "count_Flowering Plants": 0, "count_Arachnids": 0, "count_Basidiomycota": 0, "count_Amphibians": 0, "unique_species_count": 9.0, "countryCode": "AQ" }, "geometry": { "type": "MultiPolygon", "coordinates": [ [ [ [ 156.397665094761123, -64.149751222731766 ], [ 157.600243866503149, -63.444919575092321 ], [ 159.324392536031525, -63.594368077910715 ], [ 159.92887909759915, -64.460373796971226 ], [ 158.738155571043535, -65.188165743253961 ], [ 156.92899364824649, -65.026472335063346 ], [ 156.397665094761123, -64.149751222731766 ] ] ] ] } },
{ "type": "Feature", "properties": { "geogrid_id": "2964397687085662002", "seqnum": 16644.0, "lat_c": -64.397687068178101, "lon_c": 85.662001812819824, "res": 7.0, "count_Birds": 19, "count_Mammals": 6, "count_Molluscs": 4, "count_Mosses": 0, "count_Insects": 0, "count_Sac Fungi": 0, "count_Flowering Plants": 0, "count_Arachnids": 0, "count_Basidiomycota": 0, "count_Amphibians": 0, "unique_species_count": 29.0, "countryCode": "AQ" }, "geometry": { "type": "MultiPolygon", "coordinates": [ [ [ [ 85.06267734345063, -63.566249101398903 ], [ 86.958171689756142, -63.811840547257937 ], [ 87.616867641790662, -64.633389016356105 ], [ 86.300643769890698, -65.227810445068982 ], [ 84.321829680248484, -64.976759122301956 ], [ 83.745137614267676, -64.137260322107849 ], [ 85.06267734345063, -63.566249101398903 ] ] ] ] } },
{ "type": "Feature", "properties": { "geogrid_id": "2964397687116837998", "seqnum": 17049.0, "lat_c": -64.397687068683737, "lon_c": 116.8379981894316, "res": 7.0, "count_Birds": 17, "count_Mammals": 5, "count_Molluscs": 4, "count_Mosses": 0, "count_Insects": 0, "count_Sac Fungi": 0, "count_Flowering Plants": 9, "count_Arachnids": 0, "count_Basidiomycota": 3, "count_Amphibians": 0, "unique_species_count": 38.0, "countryCode": "AQ" }, "geometry": { "type": "MultiPolygon", "coordinates": [ [ [ [ 115.541828312754575, -63.811840547645872 ], [ 117.437322659061493, -63.566249101894563 ], [ 118.754862388003104, -64.137260322721218 ], [ 118.178170321745469, -64.976759122925358 ], [ 116.199356232080959, -65.22781044558235 ], [ 114.883132360458589, -64.633389016751835 ], [ 115.541828312754575, -63.811840547645872 ] ] ] ] } },
{ "type": "Feature", "properties": { "geogrid_id": "2964527531055773250", "seqnum": 16155.0, "lat_c": -64.527530588070618, "lon_c": 55.773250312698067, "res": 7.0, "count_Birds": 12, "count_Mammals": 1, "count_Molluscs": 1, "count_Mosses": 0, "count_Insects": 0, "count_Sac Fungi": 0, "count_Flowering Plants": 0, "count_Arachnids": 0, "count_Basidiomycota": 0, "count_Amphibians": 0, "unique_species_count": 14.0, "countryCode": "AQ" }, "geometry": { "type": "MultiPolygon", "coordinates": [ [ [ [ 56.018809488748381, -63.63551502257252 ], [ 57.475537989820275, -64.229282814939182 ], [ 57.272313998227652, -65.124515355827327 ], [ 55.519452028919552, -65.422645778477204 ], [ 54.041818115248006, -64.806957313388352 ], [ 54.337065948072841, -63.915727618996257 ], [ 56.018809488748381, -63.63551502257252 ] ] ] ] } },
{ "type": "Feature", "properties": { "geogrid_id": "2964527531146726750", "seqnum": 17289.0, "lat_c": -64.527530590616536, "lon_c": 146.72674968974806, "res": 7.0, "count_Birds": 12, "count_Mammals": 3, "count_Molluscs": 0, "count_Mosses": 0, "count_Insects": 0, "count_Sac Fungi": 0, "count_Flowering Plants": 0, "count_Arachnids": 0, "count_Basidiomycota": 0, "count_Amphibians": 0, "unique_species_count": 15.0, "countryCode": "AQ" }, "geometry": { "type": "MultiPolygon", "coordinates": [ [ [ [ 145.024462012596899, -64.229282817358936 ], [ 146.481190513874367, -63.635515025079407 ], [ 148.162934054589215, -63.915727621627909 ], [ 148.45818188724914, -64.806957316059439 ], [ 146.980547973343704, -65.422645781060623 ], [ 145.227686003995302, -65.124515358284143 ], [ 145.024462012596899, -64.229282817358936 ] ] ] ] } },
{ "type": "Feature", "properties": { "geogrid_id": "2964562482094893448", "seqnum": 16780.0, "lat_c": -64.562482162246511, "lon_c": 94.89344792187012, "res": 7.0, "count_Birds": 13, "count_Mammals": 4, "count_Molluscs": 6, "count_Mosses": 0, "count_Insects": 0, "count_Sac Fungi": 0, "count_Flowering Plants": 0, "count_Arachnids": 0, "count_Basidiomycota": 0, "count_Amphibians": 0, "unique_species_count": 23.0, "countryCode": "AQ" }, "geometry": { "type": "MultiPolygon", "coordinates": [ [ [ [ 94.037552045535506, -63.784698109669101 ], [ 96.048365003619708, -63.936028841295133 ], [ 96.967722553282485, -64.702615168685412 ], [ 95.799143931356838, -65.334754559149005 ], [ 93.698904245581517, -65.19286340798817 ], [ 92.857004384839243, -64.407331009831765 ], [ 94.037552045535506, -63.784698109669101 ] ] ] ] } },
{ "type": "Feature", "properties": { "geogrid_id": "2964562482107606552", "seqnum": 16942.0, "lat_c": -64.562482162147035, "lon_c": 107.60655208083919, "res": 7.0, "count_Birds": 21, "count_Mammals": 10, "count_Molluscs": 0, "count_Mosses": 0, "count_Insects": 0, "count_Sac Fungi": 0, "count_Flowering Plants": 0, "count_Arachnids": 0, "count_Basidiomycota": 0, "count_Amphibians": 0, "unique_species_count": 31.0, "countryCode": "AQ" }, "geometry": { "type": "MultiPolygon", "coordinates": [ [ [ [ 106.451634999411212, -63.936028841047161 ], [ 108.462447957394303, -63.784698109575345 ], [ 109.6429956177831, -64.407331009870418 ], [ 108.801095756793742, -65.192863408026341 ], [ 106.700856071120953, -65.334754559041187 ], [ 105.53227744954637, -64.702615168416102 ], [ 106.451634999411212, -63.936028841047161 ] ] ] ] } },
{ "type": "Feature", "properties": { "geogrid_id": "2964689397038998398", "seqnum": 15883.0, "lat_c": -64.689396816642002, "lon_c": 38.998398404389143, "res": 7.0, "count_Birds": 13, "count_Mammals": 0, "count_Molluscs": 2, "count_Mosses": 0, "count_Insects": 0, "count_Sac Fungi": 0, "count_Flowering Plants": 0, "count_Arachnids": 1, "count_Basidiomycota": 0, "count_Amphibians": 0, "unique_species_count": 16.0, "countryCode": "AQ" }, "geometry": { "type": "MultiPolygon", "coordinates": [ [ [ [ 39.697025915558903, -63.833143708194335 ], [ 40.788593876373632, -64.585133491872085 ], [ 40.108571132302437, -65.449353124835255 ], [ 38.2703433816176, -65.548689112657613 ], [ 37.203350027101216, -64.77314360044457 ], [ 37.947669846047674, -63.92230564240743 ], [ 39.697025915558903, -63.833143708194335 ] ] ] ] } },
{ "type": "Feature", "properties": { "geogrid_id": "2964689397163501602", "seqnum": 17341.0, "lat_c": -64.68939682026317, "lon_c": 163.50160159958961, "res": 7.0, "count_Birds": 7, "count_Mammals": 1, "count_Molluscs": 0, "count_Mosses": 0, "count_Insects": 0, "count_Sac Fungi": 0, "count_Flowering Plants": 0, "count_Arachnids": 0, "count_Basidiomycota": 0, "count_Amphibians": 0, "unique_species_count": 8.0, "countryCode": "AQ" }, "geometry": { "type": "MultiPolygon", "coordinates": [ [ [ [ 161.711406127397368, -64.585133495391261 ], [ 162.802974088424776, -63.833143711779762 ], [ 164.55233015813846, -63.922305646092958 ], [ 165.296649977103129, -64.773143604163323 ], [ 164.229656622371238, -65.548689116310868 ], [ 162.391428871453712, -65.449353128389077 ], [ 161.711406127397368, -64.585133495391261 ] ] ] ] } },
{ "type": "Feature", "properties": { "geogrid_id": "2964700307082383535", "seqnum": 16590.0, "lat_c": -64.700307159941531, "lon_c": 82.383535024646093, "res": 7.0, "count_Birds": 25, "count_Mammals": 10, "count_Molluscs": 6, "count_Mosses": 0, "count_Insects": 0, "count_Sac Fungi": 0, "count_Flowering Plants": 0, "count_Arachnids": 0, "count_Basidiomycota": 0, "count_Amphibians": 0, "unique_species_count": 41.0, "countryCode": "AQ" }, "geometry": { "type": "MultiPolygon", "coordinates": [ [ [ [ 81.867626494977458, -63.852528816353178 ], [ 83.745137614267676, -64.137260322107849 ], [ 84.321829680248484, -64.976759122301956 ], [ 82.936368898213985, -65.547970034397096 ], [ 80.976613769249141, -65.254392006272823 ], [ 80.487347066688571, -64.399085052238263 ], [ 81.867626494977458, -63.852528816353178 ] ] ] ] } },
{ "type": "Feature", "properties": { "geogrid_id": "2964700307120116465", "seqnum": 17076.0, "lat_c": -64.700307160673304, "lon_c": 120.11646497738676, "res": 7.0, "count_Birds": 12, "count_Mammals": 6, "count_Molluscs": 1, "count_Mosses": 0, "count_Insects": 0, "count_Sac Fungi": 1, "count_Flowering Plants": 3, "count_Arachnids": 0, "count_Basidiomycota": 0, "count_Amphibians": 0, "unique_species_count": 23.0, "countryCode": "AQ" }, "geometry": { "type": "MultiPolygon", "coordinates": [ [ [ [ 118.754862388003104, -64.137260322721218 ], [ 120.632373507327799, -63.852528817072489 ], [ 122.012652935397782, -64.399085053076817 ], [ 121.523386232551218, -65.254392007123926 ], [ 119.563631103526419, -65.547970035138704 ], [ 118.178170321745469, -64.976759122925358 ], [ 118.754862388003104, -64.137260322721218 ] ] ] ] } },
{ "type": "Feature", "properties": { "geogrid_id": "2964722394023009961", "seqnum": 15637.0, "lat_c": -64.722393755440507, "lon_c": 23.009960690565109, "res": 7.0, "count_Birds": 0, "count_Mammals": 2, "count_Molluscs": 0, "count_Mosses": 0, "count_Insects": 0, "count_Sac Fungi": 0, "count_Flowering Plants": 0, "count_Arachnids": 0, "count_Basidiomycota": 0, "count_Amphibians": 0, "unique_species_count": 2.0, "countryCode": "AQ" }, "geometry": { "type": "MultiPolygon", "coordinates": [ [ [ [ 24.05957626753349, -63.921891439226343 ], [ 24.742284535165641, -64.796182165917415 ], [ 23.295871339567558, -65.454915893700488 ], [ 21.164007279319737, -65.209782255229825 ], [ 20.928670301755897, -64.469991180845938 ], [ 22.3750476981171, -63.836436064956608 ], [ 24.05957626753349, -63.921891439226343 ] ] ] ] } },
{ "type": "Feature", "properties": { "geogrid_id": "2964722394179490039", "seqnum": 17338.0, "lat_c": -64.722393758284539, "lon_c": 179.49003931950506, "res": 7.0, "count_Birds": 0, "count_Mammals": 2, "count_Molluscs": 2, "count_Mosses": 0, "count_Insects": 0, "count_Sac Fungi": 0, "count_Flowering Plants": 0, "count_Arachnids": 0, "count_Basidiomycota": 0, "count_Amphibians": 0, "unique_species_count": 4.0, "countryCode": "AQ" }, "geometry": { "type": "MultiPolygon", "coordinates": [ [ [ [ 179.204128670435125, -65.454915896531404 ], [ 177.757715471002086, -64.796182170169885 ], [ 178.440423738738247, -63.921891443534676 ], [ 180.0, -63.842774843541804 ], [ 180.0, -65.363402165224471 ], [ 179.204128670435125, -65.454915896531404 ] ] ], [ [ [ -179.875047691548701, -63.836436069317372 ], [ -178.42867029136616, -64.469991183622014 ], [ -178.664007268983937, -65.209782257995172 ], [ -180.0, -65.363402165224471 ], [ -180.0, -63.842774843541804 ], [ -179.875047691548701, -63.836436069317372 ] ] ] ] } },
{ "type": "Feature", "properties": { "geogrid_id": "2964807608058993201", "seqnum": 16210.0, "lat_c": -64.807607824412912, "lon_c": 58.993200698791973, "res": 7.0, "count_Birds": 19, "count_Mammals": 1, "count_Molluscs": 2, "count_Mosses": 0, "count_Insects": 0, "count_Sac Fungi": 0, "count_Flowering Plants": 0, "count_Arachnids": 1, "count_Basidiomycota": 0, "count_Amphibians": 0, "unique_species_count": 23.0, "countryCode": "AQ" }, "geometry": { "type": "MultiPolygon", "coordinates": [ [ [ [ 59.147149697401268, -63.912735188026808 ], [ 60.680662411146379, -64.472490435205998 ], [ 60.574412443162828, -65.3695329258654 ], [ 58.837328894954219, -65.70572322768173 ], [ 57.272313998227652, -65.124515355827327 ], [ 57.475537989820275, -64.229282814939182 ], [ 59.147149697401268, -63.912735188026808 ] ] ] ] } },
{ "type": "Feature", "properties": { "geogrid_id": "2964807608143506799", "seqnum": 17263.0, "lat_c": -64.807607826742313, "lon_c": 143.50679930341397, "res": 7.0, "count_Birds": 15, "count_Mammals": 6, "count_Molluscs": 2, "count_Mosses": 0, "count_Insects": 0, "count_Sac Fungi": 0, "count_Flowering Plants": 0, "count_Arachnids": 0, "count_Basidiomycota": 0, "count_Amphibians": 0, "unique_species_count": 23.0, "countryCode": "AQ" }, "geometry": { "type": "MultiPolygon", "coordinates": [ [ [ [ 141.819337591064595, -64.472490437407558 ], [ 143.352850305008019, -63.9127351903198 ], [ 145.024462012596899, -64.229282817358936 ], [ 145.227686003995302, -65.124515358284143 ], [ 143.662671107038989, -65.705723230045862 ], [ 141.925587558827033, -65.369532928101037 ], [ 141.819337591064595, -64.472490437407558 ] ] ] ] } },
{ "type": "Feature", "properties": { "geogrid_id": "2964844258047364799", "seqnum": 16019.0, "lat_c": -64.844257976912502, "lon_c": 47.364799236880835, "res": 7.0, "count_Birds": 17, "count_Mammals": 1, "count_Molluscs": 0, "count_Mosses": 0, "count_Insects": 0, "count_Sac Fungi": 0, "count_Flowering Plants": 0, "count_Arachnids": 0, "count_Basidiomycota": 0, "count_Amphibians": 0, "unique_species_count": 18.0, "countryCode": "AQ" }, "geometry": { "type": "MultiPolygon", "coordinates": [ [ [ [ 47.845893058905027, -63.964228356456836 ], [ 49.140624239307506, -64.641758033386353 ], [ 48.69159279032592, -65.527714429315836 ], [ 46.86369888660802, -65.727502182641658 ], [ 45.571006354935015, -65.026472331833176 ], [ 46.102334908502307, -64.149751219541244 ], [ 47.845893058905027, -63.964228356456836 ] ] ] ] } },
{ "type": "Feature", "properties": { "geogrid_id": "2964844258155135201", "seqnum": 17315.0, "lat_c": -64.84425798002772, "lon_c": 155.13520076615256, "res": 7.0, "count_Birds": 10, "count_Mammals": 0, "count_Molluscs": 0, "count_Mosses": 0, "count_Insects": 0, "count_Sac Fungi": 0, "count_Flowering Plants": 0, "count_Arachnids": 0, "count_Basidiomycota": 0, "count_Amphibians": 0, "unique_species_count": 10.0, "countryCode": "AQ" }, "geometry": { "type": "MultiPolygon", "coordinates": [ [ [ [ 153.359375763600013, -64.641758036383806 ], [ 154.65410694422954, -63.964228359531567 ], [ 156.397665094761123, -64.149751222731766 ], [ 156.92899364824649, -65.026472335063346 ], [ 155.636301116328156, -65.727502185795103 ], [ 153.808407212464374, -65.52771443235234 ], [ 153.359375763600013, -64.641758036383806 ] ] ] ] } },
{ "type": "Feature", "properties": { "geogrid_id": "2964879319033610190", "seqnum": 15801.0, "lat_c": -64.879318595322957, "lon_c": 33.610190139652865, "res": 7.0, "count_Birds": 3, "count_Mammals": 1, "count_Molluscs": 1, "count_Mosses": 0, "count_Insects": 0, "count_Sac Fungi": 0, "count_Flowering Plants": 0, "count_Arachnids": 0, "count_Basidiomycota": 0, "count_Amphibians": 0, "unique_species_count": 5.0, "countryCode": "AQ" }, "geometry": { "type": "MultiPolygon", "coordinates": [ [ [ [ 34.441998599034903, -64.040193159769302 ], [ 35.406316796626726, -64.836415985611723 ], [ 34.586020123320012, -65.684948727404802 ], [ 32.746157342867356, -65.722115002391448 ], [ 31.81785511689132, -64.902017934462094 ], [ 32.691038491646104, -64.069098567573903 ], [ 34.441998599034903, -64.040193159769302 ] ] ] ] } },
{ "type": "Feature", "properties": { "geogrid_id": "2964879319168889810", "seqnum": 17340.0, "lat_c": -64.879318599222259, "lon_c": 168.88980986505149, "res": 7.0, "count_Birds": 3, "count_Mammals": 2, "count_Molluscs": 0, "count_Mosses": 0, "count_Insects": 0, "count_Sac Fungi": 0, "count_Flowering Plants": 0, "count_Arachnids": 0, "count_Basidiomycota": 0, "count_Amphibians": 0, "unique_species_count": 5.0, "countryCode": "AQ" }, "geometry": { "type": "MultiPolygon", "coordinates": [ [ [ [ 167.093683207819936, -64.836415989423287 ], [ 168.058001405602994, -64.040193163641788 ], [ 169.808961513238728, -64.069098571532649 ], [ 170.682144888084622, -64.902017938443748 ], [ 169.753842661926683, -65.722115006312094 ], [ 167.913979881189249, -65.684948731241803 ], [ 167.093683207819936, -64.836415989423287 ] ] ] ] } },
{ "type": "Feature", "properties": { "geogrid_id": "2964887773028255892", "seqnum": 15719.0, "lat_c": -64.887773323791748, "lon_c": 28.255891824573148, "res": 7.0, "count_Birds": 0, "count_Mammals": 2, "count_Molluscs": 0, "count_Mosses": 0, "count_Insects": 0, "count_Sac Fungi": 0, "count_Flowering Plants": 0, "count_Arachnids": 0, "count_Basidiomycota": 0, "count_Amphibians": 0, "unique_species_count": 2.0, "countryCode": "AQ" }, "geometry": { "type": "MultiPolygon", "coordinates": [ [ [ [ 29.206160753629458, -64.067710824797672 ], [ 30.032160843590074, -64.904741027593587 ], [ 29.086476611486216, -65.73562151608823 ], [ 27.272645439583492, -65.712591389206565 ], [ 26.491740914077937, -64.851455919089531 ], [ 27.477413464182867, -64.037934216065196 ], [ 29.206160753629458, -64.067710824797672 ] ] ] ] } },
{ "type": "Feature", "properties": { "geogrid_id": "2964887773174244108", "seqnum": 17339.0, "lat_c": -64.887773327920925, "lon_c": 174.24410818098113, "res": 7.0, "count_Birds": 0, "count_Mammals": 0, "count_Molluscs": 1, "count_Mosses": 0, "count_Insects": 0, "count_Sac Fungi": 0, "count_Flowering Plants": 0, "count_Arachnids": 0, "count_Basidiomycota": 0, "count_Amphibians": 0, "unique_species_count": 1.0, "countryCode": "AQ" }, "geometry": { "type": "MultiPolygon", "coordinates": [ [ [ [ 172.467839161669758, -64.904741031651923 ], [ 173.293839251784334, -64.067710828913178 ], [ 175.022586541509924, -64.03793422025079 ], [ 176.008259091779593, -64.851455923283453 ], [ 175.227354566142026, -65.712591393341668 ], [ 173.41352339391787, -65.735621520158162 ], [ 172.467839161669758, -64.904741031651923 ] ] ] ] } },
{ "type": "Feature", "properties": { "geogrid_id": "2964935424003420300", "seqnum": 15226.0, "lat_c": -64.935423829530208, "lon_c": 3.4203000064688398, "res": 7.0, "count_Birds": 1, "count_Mammals": 2, "count_Molluscs": 0, "count_Mosses": 0, "count_Insects": 0, "count_Sac Fungi": 0, "count_Flowering Plants": 0, "count_Arachnids": 0, "count_Basidiomycota": 0, "count_Amphibians": 0, "unique_species_count": 3.0, "countryCode": "AQ" }, "geometry": { "type": "MultiPolygon", "coordinates": [ [ [ [ 3.605708331656702, -64.189445596074265 ], [ 5.455247850456388, -64.632532355205129 ], [ 5.30859203315019, -65.386474487809537 ], [ 3.221023471537795, -65.684293722004327 ], [ 1.335992754736483, -65.209782259600686 ], [ 1.571329731595541, -64.469991185169974 ], [ 3.605708331656702, -64.189445596074265 ] ] ] ] } },
{ "type": "Feature", "properties": { "geogrid_id": "2964935728079062136", "seqnum": 16536.0, "lat_c": -64.935727829194022, "lon_c": 79.062135848666657, "res": 7.0, "count_Birds": 28, "count_Mammals": 9, "count_Molluscs": 8, "count_Mosses": 1, "count_Insects": 0, "count_Sac Fungi": 0, "count_Flowering Plants": 0, "count_Arachnids": 1, "count_Basidiomycota": 0, "count_Amphibians": 0, "unique_species_count": 47.0, "countryCode": "AQ" }, "geometry": { "type": "MultiPolygon", "coordinates": [ [ [ [ 78.634655681278588, -64.073810718985115 ], [ 80.487347066688571, -64.399085052238263 ], [ 80.976613769249141, -65.254392006272823 ], [ 79.523200781823704, -65.798513047845745 ], [ 77.590919817666162, -65.461520977252505 ], [ 77.194380601519669, -64.592820609422517 ], [ 78.634655681278588, -64.073810718985115 ] ] ] ] } },
{ "type": "Feature", "properties": { "geogrid_id": "2964935728123437864", "seqnum": 17103.0, "lat_c": -64.93572783015307, "lon_c": 123.43786415320757, "res": 7.0, "count_Birds": 12, "count_Mammals": 3, "count_Molluscs": 1, "count_Mosses": 0, "count_Insects": 0, "count_Sac Fungi": 0, "count_Flowering Plants": 0, "count_Arachnids": 0, "count_Basidiomycota": 0, "count_Amphibians": 0, "unique_species_count": 16.0, "countryCode": "AQ" }, "geometry": { "type": "MultiPolygon", "coordinates": [ [ [ [ 122.012652935397782, -64.399085053076817 ], [ 123.865344320874073, -64.073810719928858 ], [ 125.305619400440548, -64.592820610487806 ], [ 124.909080184004893, -65.461520978333411 ], [ 122.976799219751882, -65.798513048817341 ], [ 121.523386232551218, -65.254392007123926 ], [ 122.012652935397782, -64.399085053076817 ] ] ] ] } },
{ "type": "Feature", "properties": { "geogrid_id": "2965014191101250000", "seqnum": 16861.0, "lat_c": -65.014190756642549, "lon_c": 101.25000000175501, "res": 7.0, "count_Birds": 10, "count_Mammals": 3, "count_Molluscs": 0, "count_Mosses": 0, "count_Insects": 0, "count_Sac Fungi": 0, "count_Flowering Plants": 0, "count_Arachnids": 0, "count_Basidiomycota": 0, "count_Amphibians": 0, "unique_species_count": 13.0, "countryCode": "AQ" }, "geometry": { "type": "MultiPolygon", "coordinates": [ [ [ [ 100.188264022721469, -64.236325050831724 ], [ 102.311735980579343, -64.236325050063257 ], [ 103.4151780623896, -64.840890975049462 ], [ 102.366832673257178, -65.601991463574961 ], [ 100.133167329549892, -65.601991464211736 ], [ 99.084821940591723, -64.840890975565998 ], [ 100.188264022721469, -64.236325050831724 ] ] ] ] } },
{ "type": "Feature", "properties": { "geogrid_id": "2965015278062275255", "seqnum": 16264.0, "lat_c": -65.015278179317463, "lon_c": 62.275254637098811, "res": 7.0, "count_Birds": 21, "count_Mammals": 9, "count_Molluscs": 6, "count_Mosses": 0, "count_Insects": 0, "count_Sac Fungi": 0, "count_Flowering Plants": 0, "count_Arachnids": 0, "count_Basidiomycota": 0, "count_Amphibians": 0, "unique_species_count": 36.0, "countryCode": "AQ" }, "geometry": { "type": "MultiPolygon", "coordinates": [ [ [ [ 62.333509350251219, -64.119763094877683 ], [ 63.938794555412144, -64.643604885044695 ], [ 63.932993193280339, -65.540090908131788 ], [ 62.221714334112697, -65.914035863963846 ], [ 60.574412443162828, -65.3695329258654 ], [ 60.680662411146379, -64.472490435205998 ], [ 62.333509350251219, -64.119763094877683 ] ] ] ] } },
{ "type": "Feature", "properties": { "geogrid_id": "2965015278140224745", "seqnum": 17236.0, "lat_c": -65.015278181424392, "lon_c": 140.22474536491066, "res": 7.0, "count_Birds": 22, "count_Mammals": 3, "count_Molluscs": 3, "count_Mosses": 0, "count_Insects": 0, "count_Sac Fungi": 0, "count_Flowering Plants": 0, "count_Arachnids": 0, "count_Basidiomycota": 0, "count_Amphibians": 0, "unique_species_count": 28.0, "countryCode": "AQ" }, "geometry": { "type": "MultiPolygon", "coordinates": [ [ [ [ 138.56120544663824, -64.643604887023059 ], [ 140.166490651985441, -64.119763096951345 ], [ 141.819337591064595, -64.472490437407558 ], [ 141.925587558827033, -65.369532928101037 ], [ 140.278285667657144, -65.914035866102211 ], [ 138.567006808525434, -65.54009091014079 ], [ 138.56120544663824, -64.643604887023059 ] ] ] ] } },
{ "type": "Feature", "properties": { "geogrid_id": "2965030316091635846", "seqnum": 16725.0, "lat_c": -65.030315771519469, "lon_c": 91.635845904942954, "res": 7.0, "count_Birds": 13, "count_Mammals": 5, "count_Molluscs": 0, "count_Mosses": 0, "count_Insects": 0, "count_Sac Fungi": 0, "count_Flowering Plants": 0, "count_Arachnids": 0, "count_Basidiomycota": 0, "count_Amphibians": 0, "unique_species_count": 18.0, "countryCode": "AQ" }, "geometry": { "type": "MultiPolygon", "coordinates": [ [ [ [ 90.855932021462763, -64.231807079702548 ], [ 92.857004384839243, -64.407331009831765 ], [ 93.698904245581517, -65.19286340798817 ], [ 92.464466291626934, -65.825119888272383 ], [ 90.373260324283351, -65.652002259531031 ], [ 89.608459736010062, -64.844184093200781 ], [ 90.855932021462763, -64.231807079702548 ] ] ] ] } },
{ "type": "Feature", "properties": { "geogrid_id": "2965030316110864154", "seqnum": 16968.0, "lat_c": -65.030315771684457, "lon_c": 110.86415409736423, "res": 7.0, "count_Birds": 19, "count_Mammals": 7, "count_Molluscs": 3, "count_Mosses": 0, "count_Insects": 0, "count_Sac Fungi": 0, "count_Flowering Plants": 0, "count_Arachnids": 0, "count_Basidiomycota": 0, "count_Amphibians": 0, "unique_species_count": 29.0, "countryCode": "AQ" }, "geometry": { "type": "MultiPolygon", "coordinates": [ [ [ [ 109.6429956177831, -64.407331009870418 ], [ 111.644067981100179, -64.231807079864382 ], [ 112.891540266256698, -64.844184093483577 ], [ 112.126739677703696, -65.652002259817465 ], [ 110.035533710405247, -65.825119888438977 ], [ 108.801095756793742, -65.192863408026341 ], [ 109.6429956177831, -64.407331009870418 ] ] ] ] } },
{ "type": "Feature", "properties": { "geogrid_id": "2965100202075708984", "seqnum": 16481.0, "lat_c": -65.100201582786283, "lon_c": 75.70898387953045, "res": 7.0, "count_Birds": 24, "count_Mammals": 8, "count_Molluscs": 9, "count_Mosses": 0, "count_Insects": 0, "count_Sac Fungi": 0, "count_Flowering Plants": 0, "count_Arachnids": 0, "count_Basidiomycota": 0, "count_Amphibians": 0, "unique_species_count": 41.0, "countryCode": "AQ" }, "geometry": { "type": "MultiPolygon", "coordinates": [ [ [ [ 75.37445171714991, -64.22654466218529 ], [ 77.194380601519669, -64.592820609422517 ], [ 77.590919817666162, -65.461520977252505 ], [ 76.072745548660535, -65.975526469213946 ], [ 74.177665312734888, -65.595067633882763 ], [ 73.878390768090469, -64.715516501286203 ], [ 75.37445171714991, -64.22654466218529 ] ] ] ] } },
{ "type": "Feature", "properties": { "geogrid_id": "2965100202126791016", "seqnum": 17129.0, "lat_c": -65.100201583974595, "lon_c": 126.79101612224734, "res": 7.0, "count_Birds": 11, "count_Mammals": 3, "count_Molluscs": 3, "count_Mosses": 0, "count_Insects": 0, "count_Sac Fungi": 0, "count_Flowering Plants": 0, "count_Arachnids": 0, "count_Basidiomycota": 0, "count_Amphibians": 0, "unique_species_count": 17.0, "countryCode": "AQ" }, "geometry": { "type": "MultiPolygon", "coordinates": [ [ [ [ 125.305619400440548, -64.592820610487806 ], [ 127.125548284906714, -64.226544663355 ], [ 128.621609233803582, -64.715516502579888 ], [ 128.322334688872758, -65.595067635195576 ], [ 126.427254452818673, -65.975526470418146 ], [ 124.909080184004893, -65.461520978333411 ], [ 125.305619400440548, -64.592820610487806 ] ] ] ] } },
{ "type": "Feature", "properties": { "geogrid_id": "2965148980065604291", "seqnum": 16318.0, "lat_c": -65.148980179183965, "lon_c": 65.604290555608515, "res": 7.0, "count_Birds": 20, "count_Mammals": 6, "count_Molluscs": 3, "count_Mosses": 0, "count_Insects": 0, "count_Sac Fungi": 0, "count_Flowering Plants": 0, "count_Arachnids": 0, "count_Basidiomycota": 0, "count_Amphibians": 0, "unique_species_count": 29.0, "countryCode": "AQ" }, "geometry": { "type": "MultiPolygon", "coordinates": [ [ [ [ 65.564235887508957, -64.255184600850555 ], [ 67.234977822355916, -64.74142016134158 ], [ 67.331424118020152, -65.634852746450662 ], [ 65.655768773526418, -66.045864194897959 ], [ 63.932993193280339, -65.540090908131788 ], [ 63.938794555412144, -64.643604885044695 ], [ 65.564235887508957, -64.255184600850555 ] ] ] ] } },
{ "type": "Feature", "properties": { "geogrid_id": "2965148980136895709", "seqnum": 17209.0, "lat_c": -65.148980181063948, "lon_c": 136.89570944625504, "res": 7.0, "count_Birds": 17, "count_Mammals": 4, "count_Molluscs": 1, "count_Mosses": 0, "count_Insects": 0, "count_Sac Fungi": 0, "count_Flowering Plants": 0, "count_Arachnids": 0, "count_Basidiomycota": 0, "count_Amphibians": 0, "unique_species_count": 22.0, "countryCode": "AQ" }, "geometry": { "type": "MultiPolygon", "coordinates": [ [ [ [ 135.265022179585344, -64.74142016309321 ], [ 136.935764114601994, -64.255184602700794 ], [ 138.56120544663824, -64.643604887023059 ], [ 138.567006808525434, -65.54009091014079 ], [ 136.844231228074761, -66.04586419680561 ], [ 135.168575883657354, -65.63485274822915 ], [ 135.265022179585344, -64.74142016309321 ] ] ] ] } },
{ "type": "Feature", "properties": { "geogrid_id": "2965191332072337789", "seqnum": 16427.0, "lat_c": -65.191331721238797, "lon_c": 72.33778877498338, "res": 7.0, "count_Birds": 24, "count_Mammals": 5, "count_Molluscs": 9, "count_Mosses": 0, "count_Insects": 0, "count_Sac Fungi": 0, "count_Flowering Plants": 0, "count_Arachnids": 0, "count_Basidiomycota": 0, "count_Amphibians": 0, "unique_species_count": 38.0, "countryCode": "AQ" }, "geometry": { "type": "MultiPolygon", "coordinates": [ [ [ [ 72.099739592471082, -64.308431148783626 ], [ 73.878390768090469, -64.715516501286203 ], [ 74.177665312734888, -65.595067633882763 ], [ 72.599785096064991, -66.076534082595558 ], [ 70.752193072807572, -65.653151009903254 ], [ 70.553473403524634, -64.765351824453973 ], [ 72.099739592471082, -64.308431148783626 ] ] ] ] } },
{ "type": "Feature", "properties": { "geogrid_id": "2965191332130162211", "seqnum": 17156.0, "lat_c": -65.191331722657878, "lon_c": 130.16221122676117, "res": 7.0, "count_Birds": 7, "count_Mammals": 1, "count_Molluscs": 0, "count_Mosses": 0, "count_Insects": 0, "count_Sac Fungi": 0, "count_Flowering Plants": 0, "count_Arachnids": 0, "count_Basidiomycota": 0, "count_Amphibians": 0, "unique_species_count": 8.0, "countryCode": "AQ" }, "geometry": { "type": "MultiPolygon", "coordinates": [ [ [ [ 128.621609233803582, -64.715516502579888 ], [ 130.400260409547087, -64.308431150180482 ], [ 131.946526598363533, -64.765351825976865 ], [ 131.747806928802731, -65.653151011449097 ], [ 129.900214905387173, -66.076534084034293 ], [ 128.322334688872758, -65.595067635195576 ], [ 128.621609233803582, -64.715516502579888 ] ] ] ] } },
{ "type": "Feature", "properties": { "geogrid_id": "2965207756068964052", "seqnum": 16373.0, "lat_c": -65.207755768286916, "lon_c": 68.964052435148986, "res": 7.0, "count_Birds": 25, "count_Mammals": 9, "count_Molluscs": 9, "count_Mosses": 0, "count_Insects": 0, "count_Sac Fungi": 0, "count_Flowering Plants": 0, "count_Arachnids": 1, "count_Basidiomycota": 0, "count_Amphibians": 0, "unique_species_count": 44.0, "countryCode": "AQ" }, "geometry": { "type": "MultiPolygon", "coordinates": [ [ [ [ 68.824681742429519, -64.318145798491614 ], [ 70.553473403524634, -64.765351824453973 ], [ 70.752193072807572, -65.653151009903254 ], [ 69.121350851434343, -66.100140895369847 ], [ 67.331424118020152, -65.634852746450662 ], [ 67.234977822355916, -64.74142016134158 ], [ 68.824681742429519, -64.318145798491614 ] ] ] ] } },
{ "type": "Feature", "properties": { "geogrid_id": "2965207756133535948", "seqnum": 17183.0, "lat_c": -65.207755769937066, "lon_c": 133.53594756662491, "res": 7.0, "count_Birds": 14, "count_Mammals": 4, "count_Molluscs": 0, "count_Mosses": 0, "count_Insects": 0, "count_Sac Fungi": 0, "count_Flowering Plants": 0, "count_Arachnids": 0, "count_Basidiomycota": 0, "count_Amphibians": 0, "unique_species_count": 18.0, "countryCode": "AQ" }, "geometry": { "type": "MultiPolygon", "coordinates": [ [ [ [ 131.946526598363533, -64.765351825976865 ], [ 133.675318259607423, -64.318145800115758 ], [ 135.265022179585344, -64.74142016309321 ], [ 135.168575883657354, -65.63485274822915 ], [ 133.378649150059374, -66.100140897043673 ], [ 131.747806928802731, -65.653151011449097 ], [ 131.946526598363533, -64.765351825976865 ] ] ] ] } },
{ "type": "Feature", "properties": { "geogrid_id": "2965307463050498857", "seqnum": 16073.0, "lat_c": -65.307462565141634, "lon_c": 50.498856665328617, "res": 7.0, "count_Birds": 18, "count_Mammals": 5, "count_Molluscs": 3, "count_Mosses": 0, "count_Insects": 0, "count_Sac Fungi": 0, "count_Flowering Plants": 0, "count_Arachnids": 1, "count_Basidiomycota": 0, "count_Amphibians": 0, "unique_species_count": 27.0, "countryCode": "AQ" }, "geometry": { "type": "MultiPolygon", "coordinates": [ [ [ [ 50.896060390213854, -64.41926477423516 ], [ 52.283015237831371, -65.067080665868644 ], [ 51.924935138619688, -65.96050459541425 ], [ 50.08751517149679, -66.199314408102722 ], [ 48.69159279032592, -65.527714429315836 ], [ 49.140624239307506, -64.641758033386353 ], [ 50.896060390213854, -64.41926477423516 ] ] ] ] } },
{ "type": "Feature", "properties": { "geogrid_id": "2965307463152001143", "seqnum": 17288.0, "lat_c": -65.307462568058455, "lon_c": 152.00114333734007, "res": 7.0, "count_Birds": 6, "count_Mammals": 0, "count_Molluscs": 0, "count_Mosses": 0, "count_Insects": 0, "count_Sac Fungi": 0, "count_Flowering Plants": 0, "count_Arachnids": 0, "count_Basidiomycota": 0, "count_Amphibians": 0, "unique_species_count": 6.0, "countryCode": "AQ" }, "geometry": { "type": "MultiPolygon", "coordinates": [ [ [ [ 150.216984764739749, -65.067080668663507 ], [ 151.60393961259004, -64.419264777112502 ], [ 153.359375763600013, -64.641758036383806 ], [ 153.808407212464374, -65.52771443235234 ], [ 152.412484831037119, -66.19931441105679 ], [ 150.575064863798247, -65.960504598246757 ], [ 150.216984764739749, -65.067080668663507 ] ] ] ] } },
{ "type": "Feature", "properties": { "geogrid_id": "2965329163041940070", "seqnum": 15937.0, "lat_c": -65.32916323845275, "lon_c": 41.940069638331032, "res": 7.0, "count_Birds": 0, "count_Mammals": 1, "count_Molluscs": 0, "count_Mosses": 0, "count_Insects": 0, "count_Sac Fungi": 0, "count_Flowering Plants": 0, "count_Arachnids": 0, "count_Basidiomycota": 0, "count_Amphibians": 0, "unique_species_count": 1.0, "countryCode": "AQ" }, "geometry": { "type": "MultiPolygon", "coordinates": [ [ [ [ 42.57112090598293, -64.460373793558077 ], [ 43.761844432308138, -65.188165739912094 ], [ 43.15694881234014, -66.064648864610731 ], [ 41.284004138487788, -66.201651190711999 ], [ 40.108571132302437, -65.449353124835255 ], [ 40.788593876373632, -64.585133491872085 ], [ 42.57112090598293, -64.460373793558077 ] ] ] ] } },
{ "type": "Feature", "properties": { "geogrid_id": "2965329163160559930", "seqnum": 17314.0, "lat_c": -65.329163241902648, "lon_c": 160.55993036521244, "res": 7.0, "count_Birds": 15, "count_Mammals": 2, "count_Molluscs": 14, "count_Mosses": 0, "count_Insects": 0, "count_Sac Fungi": 0, "count_Flowering Plants": 0, "count_Arachnids": 0, "count_Basidiomycota": 0, "count_Amphibians": 0, "unique_species_count": 31.0, "countryCode": "AQ" }, "geometry": { "type": "MultiPolygon", "coordinates": [ [ [ [ 158.738155571043535, -65.188165743253961 ], [ 159.92887909759915, -64.460373796971226 ], [ 161.711406127397368, -64.585133495391261 ], [ 162.391428871453712, -65.449353128389077 ], [ 161.215995865029669, -66.201651194195136 ], [ 159.343051190960068, -66.06464886798797 ], [ 158.738155571043535, -65.188165743253961 ] ] ] ] } },
{ "type": "Feature", "properties": { "geogrid_id": "2965452973088318304", "seqnum": 16671.0, "lat_c": -65.452972683181898, "lon_c": 88.318304447061308, "res": 7.0, "count_Birds": 17, "count_Mammals": 7, "count_Molluscs": 14, "count_Mosses": 0, "count_Insects": 1, "count_Sac Fungi": 0, "count_Flowering Plants": 0, "count_Arachnids": 0, "count_Basidiomycota": 0, "count_Amphibians": 0, "unique_species_count": 39.0, "countryCode": "AQ" }, "geometry": { "type": "MultiPolygon", "coordinates": [ [ [ [ 87.616867641790662, -64.633389016356105 ], [ 89.608459736010062, -64.844184093200781 ], [ 90.373260324283351, -65.652002259531031 ], [ 89.068550141422875, -66.270727110348503 ], [ 86.984410096819531, -66.056781861898315 ], [ 86.300643769890698, -65.227810445068982 ], [ 87.616867641790662, -64.633389016356105 ] ] ] ] } },
{ "type": "Feature", "properties": { "geogrid_id": "2965452973114181696", "seqnum": 16995.0, "lat_c": -65.452972683583226, "lon_c": 114.18169555490702, "res": 7.0, "count_Birds": 8, "count_Mammals": 2, "count_Molluscs": 0, "count_Mosses": 0, "count_Insects": 0, "count_Sac Fungi": 0, "count_Flowering Plants": 0, "count_Arachnids": 0, "count_Basidiomycota": 0, "count_Amphibians": 0, "unique_species_count": 10.0, "countryCode": "AQ" }, "geometry": { "type": "MultiPolygon", "coordinates": [ [ [ [ 112.891540266256698, -64.844184093483577 ], [ 114.883132360458589, -64.633389016751835 ], [ 116.199356232080959, -65.22781044558235 ], [ 115.515589904850799, -66.056781862416514 ], [ 113.431449860242239, -66.270727110752603 ], [ 112.126739677703696, -65.652002259817465 ], [ 112.891540266256698, -64.844184093483577 ] ] ] ] } },
{ "type": "Feature", "properties": { "geogrid_id": "2965463657104558946", "seqnum": 16887.0, "lat_c": -65.463656880030697, "lon_c": 104.55894600957357, "res": 7.0, "count_Birds": 13, "count_Mammals": 6, "count_Molluscs": 2, "count_Mosses": 0, "count_Insects": 0, "count_Sac Fungi": 0, "count_Flowering Plants": 0, "count_Arachnids": 0, "count_Basidiomycota": 0, "count_Amphibians": 0, "unique_species_count": 21.0, "countryCode": "AQ" }, "geometry": { "type": "MultiPolygon", "coordinates": [ [ [ [ 103.4151780623896, -64.840890975049462 ], [ 105.53227744954637, -64.702615168416102 ], [ 106.700856071120953, -65.334754559041187 ], [ 105.740874250551869, -66.101053845696313 ], [ 103.526215128189733, -66.219428057329509 ], [ 102.366832673257178, -65.601991463574961 ], [ 103.4151780623896, -64.840890975049462 ] ] ] ] } },
{ "type": "Feature", "properties": { "geogrid_id": "2965627192036428456", "seqnum": 15855.0, "lat_c": -65.627191704472907, "lon_c": 36.428455753365654, "res": 7.0, "count_Birds": 4, "count_Mammals": 0, "count_Molluscs": 0, "count_Mosses": 0, "count_Insects": 0, "count_Sac Fungi": 0, "count_Flowering Plants": 0, "count_Arachnids": 0, "count_Basidiomycota": 0, "count_Amphibians": 0, "unique_species_count": 4.0, "countryCode": "AQ" }, "geometry": { "type": "MultiPolygon", "coordinates": [ [ [ [ 37.203350027101216, -64.77314360044457 ], [ 38.2703433816176, -65.548689112657613 ], [ 37.514805031620298, -66.412138551701446 ], [ 35.625165369695083, -66.485687870353914 ], [ 34.586020123320012, -65.684948727404802 ], [ 35.406316796626726, -64.836415985611723 ], [ 37.203350027101216, -64.77314360044457 ] ] ] ] } },
{ "type": "Feature", "properties": { "geogrid_id": "2965627192166071544", "seqnum": 17313.0, "lat_c": -65.627191708220678, "lon_c": 166.07154425087469, "res": 7.0, "count_Birds": 0, "count_Mammals": 1, "count_Molluscs": 0, "count_Mosses": 0, "count_Insects": 0, "count_Sac Fungi": 0, "count_Flowering Plants": 0, "count_Arachnids": 0, "count_Basidiomycota": 0, "count_Amphibians": 0, "unique_species_count": 1.0, "countryCode": "AQ" }, "geometry": { "type": "MultiPolygon", "coordinates": [ [ [ [ 164.229656622371238, -65.548689116310868 ], [ 165.296649977103129, -64.773143604163323 ], [ 167.093683207819936, -64.836415989423287 ], [ 167.913979881189249, -65.684948731241803 ], [ 166.874834634603445, -66.485687874125361 ], [ 164.985194972397608, -66.4121385553821 ], [ 164.229656622371238, -65.548689116310868 ] ] ] ] } },
{ "type": "Feature", "properties": { "geogrid_id": "2965670223025473300", "seqnum": 15691.0, "lat_c": -65.670223380594265, "lon_c": 25.473299871286137, "res": 7.0, "count_Birds": 0, "count_Mammals": 1, "count_Molluscs": 0, "count_Mosses": 0, "count_Insects": 0, "count_Sac Fungi": 0, "count_Flowering Plants": 0, "count_Arachnids": 0, "count_Basidiomycota": 0, "count_Amphibians": 0, "unique_species_count": 1.0, "countryCode": "AQ" }, "geometry": { "type": "MultiPolygon", "coordinates": [ [ [ [ 26.491740914077937, -64.851455919089531 ], [ 27.272645439583492, -65.712591389206565 ], [ 25.835889100938093, -66.397347750062679 ], [ 23.603645462459404, -66.190445074168395 ], [ 23.295871339567558, -65.454915893700488 ], [ 24.742284535165641, -64.796182165917415 ], [ 26.491740914077937, -64.851455919089531 ] ] ] ] } },
{ "type": "Feature", "properties": { "geogrid_id": "2965670223177026700", "seqnum": 17311.0, "lat_c": -65.670223383484441, "lon_c": 177.02670013835743, "res": 7.0, "count_Birds": 0, "count_Mammals": 0, "count_Molluscs": 1, "count_Mosses": 0, "count_Insects": 0, "count_Sac Fungi": 0, "count_Flowering Plants": 0, "count_Arachnids": 0, "count_Basidiomycota": 0, "count_Amphibians": 0, "unique_species_count": 1.0, "countryCode": "AQ" }, "geometry": { "type": "MultiPolygon", "coordinates": [ [ [ [ 175.227354566142026, -65.712591393341668 ], [ 176.008259091779593, -64.851455923283453 ], [ 177.757715471002086, -64.796182170169885 ], [ 179.204128670435125, -65.454915896531404 ], [ 178.896354547468917, -66.190445076986293 ], [ 176.664110908615726, -66.397347752937023 ], [ 175.227354566142026, -65.712591393341668 ] ] ] ] } },
{ "type": "Feature", "properties": { "geogrid_id": "2965701470053736331", "seqnum": 16128.0, "lat_c": -65.701470323439082, "lon_c": 53.736330877916238, "res": 7.0, "count_Birds": 11, "count_Mammals": 0, "count_Molluscs": 3, "count_Mosses": 0, "count_Insects": 0, "count_Sac Fungi": 1, "count_Flowering Plants": 0, "count_Arachnids": 0, "count_Basidiomycota": 0, "count_Amphibians": 0, "unique_species_count": 15.0, "countryCode": "AQ" }, "geometry": { "type": "MultiPolygon", "coordinates": [ [ [ [ 54.041818115248006, -64.806957313388352 ], [ 55.519452028919552, -65.422645778477204 ], [ 55.260086256078111, -66.321491373421608 ], [ 53.423481364119496, -66.599960742178069 ], [ 51.924935138619688, -65.96050459541425 ], [ 52.283015237831371, -65.067080665868644 ], [ 54.041818115248006, -64.806957313388352 ] ] ] ] } },
{ "type": "Feature", "properties": { "geogrid_id": "2965701470148763669", "seqnum": 17262.0, "lat_c": -65.701470326147899, "lon_c": 148.76366912441171, "res": 7.0, "count_Birds": 11, "count_Mammals": 3, "count_Molluscs": 1, "count_Mosses": 0, "count_Insects": 0, "count_Sac Fungi": 0, "count_Flowering Plants": 0, "count_Arachnids": 0, "count_Basidiomycota": 0, "count_Amphibians": 0, "unique_species_count": 15.0, "countryCode": "AQ" }, "geometry": { "type": "MultiPolygon", "coordinates": [ [ [ [ 146.980547973343704, -65.422645781060623 ], [ 148.45818188724914, -64.806957316059439 ], [ 150.216984764739749, -65.067080668663507 ], [ 150.575064863798247, -65.960504598246757 ], [ 149.076518638035992, -66.599960744922299 ], [ 147.239913745996603, -66.321491376040484 ], [ 146.980547973343704, -65.422645781060623 ] ] ] ] } },
{ "type": "Feature", "properties": { "geogrid_id": "2965738911030911963", "seqnum": 15773.0, "lat_c": -65.738911144185849, "lon_c": 30.911963461092736, "res": 7.0, "count_Birds": 6, "count_Mammals": 1, "count_Molluscs": 2, "count_Mosses": 0, "count_Insects": 0, "count_Sac Fungi": 0, "count_Flowering Plants": 0, "count_Arachnids": 1, "count_Basidiomycota": 0, "count_Amphibians": 0, "unique_species_count": 10.0, "countryCode": "AQ" }, "geometry": { "type": "MultiPolygon", "coordinates": [ [ [ [ 31.81785511689132, -64.902017934462094 ], [ 32.746157342867356, -65.722115002391448 ], [ 31.85261265287896, -66.570100304865335 ], [ 29.976370231637969, -66.581457066948843 ], [ 29.086476611486216, -65.73562151608823 ], [ 30.032160843590074, -64.904741027593587 ], [ 31.81785511689132, -64.902017934462094 ] ] ] ] } },
{ "type": "Feature", "properties": { "geogrid_id": "2965738911171588037", "seqnum": 17312.0, "lat_c": -65.738911148184229, "lon_c": 171.5880365440002, "res": 7.0, "count_Birds": 2, "count_Mammals": 3, "count_Molluscs": 0, "count_Mosses": 0, "count_Insects": 0, "count_Sac Fungi": 0, "count_Flowering Plants": 0, "count_Arachnids": 0, "count_Basidiomycota": 0, "count_Amphibians": 0, "unique_species_count": 5.0, "countryCode": "AQ" }, "geometry": { "type": "MultiPolygon", "coordinates": [ [ [ [ 169.753842661926683, -65.722115006312094 ], [ 170.682144888084622, -64.902017938443748 ], [ 172.467839161669758, -64.904741031651923 ], [ 173.41352339391787, -65.735621520158162 ], [ 172.523629773603517, -66.581457070956247 ], [ 170.64738735203332, -66.570100308800463 ], [ 169.753842661926683, -65.722115006312094 ] ] ] ] } },
{ "type": "Feature", "properties": { "geogrid_id": "2965815670084939639", "seqnum": 16617.0, "lat_c": -65.815670133349883, "lon_c": 84.939639072251893, "res": 7.0, "count_Birds": 21, "count_Mammals": 7, "count_Molluscs": 4, "count_Mosses": 0, "count_Insects": 0, "count_Sac Fungi": 0, "count_Flowering Plants": 0, "count_Arachnids": 0, "count_Basidiomycota": 0, "count_Amphibians": 0, "unique_species_count": 32.0, "countryCode": "AQ" }, "geometry": { "type": "MultiPolygon", "coordinates": [ [ [ [ 84.321829680248484, -64.976759122301956 ], [ 86.300643769890698, -65.227810445068982 ], [ 86.984410096819531, -66.056781861898315 ], [ 85.605814376403117, -66.654225489919284 ], [ 83.532697842479493, -66.395758996649306 ], [ 82.936368898213985, -65.547970034397096 ], [ 84.321829680248484, -64.976759122301956 ] ] ] ] } },
{ "type": "Feature", "properties": { "geogrid_id": "2965815670117560361", "seqnum": 17022.0, "lat_c": -65.815670133980504, "lon_c": 117.56036092944443, "res": 7.0, "count_Birds": 10, "count_Mammals": 5, "count_Molluscs": 1, "count_Mosses": 0, "count_Insects": 0, "count_Sac Fungi": 0, "count_Flowering Plants": 0, "count_Arachnids": 0, "count_Basidiomycota": 0, "count_Amphibians": 0, "unique_species_count": 16.0, "countryCode": "AQ" }, "geometry": { "type": "MultiPolygon", "coordinates": [ [ [ [ 116.199356232080959, -65.22781044558235 ], [ 118.178170321745469, -64.976759122925358 ], [ 119.563631103526419, -65.547970035138704 ], [ 118.967302158946481, -66.395758997397337 ], [ 116.894185624972735, -66.654225490553458 ], [ 115.515589904850799, -66.056781862416514 ], [ 116.199356232080959, -65.22781044558235 ] ] ] ] } },
{ "type": "Feature", "properties": { "geogrid_id": "2965906551045017860", "seqnum": 15991.0, "lat_c": -65.906550886774014, "lon_c": 45.017859646180533, "res": 7.0, "count_Birds": 13, "count_Mammals": 1, "count_Molluscs": 0, "count_Mosses": 0, "count_Insects": 0, "count_Sac Fungi": 0, "count_Flowering Plants": 0, "count_Arachnids": 0, "count_Basidiomycota": 0, "count_Amphibians": 0, "unique_species_count": 14.0, "countryCode": "AQ" }, "geometry": { "type": "MultiPolygon", "coordinates": [ [ [ [ 45.571006354935015, -65.026472331833176 ], [ 46.86369888660802, -65.727502182641658 ], [ 46.344878669865452, -66.614808476916465 ], [ 44.445390553646099, -66.790924352943264 ], [ 43.15694881234014, -66.064648864610731 ], [ 43.761844432308138, -65.188165739912094 ], [ 45.571006354935015, -65.026472331833176 ] ] ] ] } },
{ "type": "Feature", "properties": { "geogrid_id": "2965952538001082847", "seqnum": 15198.0, "lat_c": -65.952537526745786, "lon_c": 1.0828468412967081, "res": 7.0, "count_Birds": 5, "count_Mammals": 4, "count_Molluscs": 0, "count_Mosses": 0, "count_Insects": 0, "count_Sac Fungi": 1, "count_Flowering Plants": 0, "count_Arachnids": 0, "count_Basidiomycota": 0, "count_Amphibians": 0, "unique_species_count": 10.0, "countryCode": "AQ" }, "geometry": { "type": "MultiPolygon", "coordinates": [ [ [ [ 1.335992754736483, -65.209782259600686 ], [ 3.221023471537795, -65.684293722004327 ], [ 3.006512207327435, -66.435938957886364 ], [ 0.810129407525934, -66.698110278832871 ], [ -1.103645427855698, -66.190445079060154 ], [ -0.795871305685331, -65.454915898533599 ], [ 1.335992754736483, -65.209782259600686 ] ] ] ] } },
{ "type": "Feature", "properties": { "geogrid_id": "2965952538021417153", "seqnum": 15663.0, "lat_c": -65.952537522324931, "lon_c": 21.417153193503939, "res": 7.0, "count_Birds": 1, "count_Mammals": 0, "count_Molluscs": 0, "count_Mosses": 0, "count_Insects": 0, "count_Sac Fungi": 0, "count_Flowering Plants": 0, "count_Arachnids": 0, "count_Basidiomycota": 0, "count_Amphibians": 0, "unique_species_count": 1.0, "countryCode": "AQ" }, "geometry": { "type": "MultiPolygon", "coordinates": [ [ [ [ 23.295871339567558, -65.454915893700488 ], [ 23.603645462459404, -66.190445074168395 ], [ 21.689870628062224, -66.698110274358555 ], [ 19.493487828383071, -66.435938953891892 ], [ 19.278976563367273, -65.684293718053638 ], [ 21.164007279319737, -65.209782255229825 ], [ 23.295871339567558, -65.454915893700488 ] ] ] ] } },
{ "type": "Feature", "properties": { "geogrid_id": "2965973548094592121", "seqnum": 16752.0, "lat_c": -65.973547704227343, "lon_c": 94.592121111440221, "res": 7.0, "count_Birds": 8, "count_Mammals": 1, "count_Molluscs": 9, "count_Mosses": 0, "count_Insects": 0, "count_Sac Fungi": 0, "count_Flowering Plants": 0, "count_Arachnids": 0, "count_Basidiomycota": 0, "count_Amphibians": 0, "unique_species_count": 18.0, "countryCode": "AQ" }, "geometry": { "type": "MultiPolygon", "coordinates": [ [ [ [ 93.698904245581517, -65.19286340798817 ], [ 95.799143931356838, -65.334754559149005 ], [ 96.759125751682632, -66.101053845815329 ], [ 95.542033341075737, -66.749157227769459 ], [ 93.347704432832046, -66.616212156221849 ], [ 92.464466291626934, -65.825119888272383 ], [ 93.698904245581517, -65.19286340798817 ] ] ] ] } },
{ "type": "Feature", "properties": { "geogrid_id": "2965973548107907879", "seqnum": 16914.0, "lat_c": -65.973547704263851, "lon_c": 107.90787889067047, "res": 7.0, "count_Birds": 17, "count_Mammals": 6, "count_Molluscs": 0, "count_Mosses": 1, "count_Insects": 0, "count_Sac Fungi": 2, "count_Flowering Plants": 0, "count_Arachnids": 0, "count_Basidiomycota": 0, "count_Amphibians": 0, "unique_species_count": 26.0, "countryCode": "AQ" }, "geometry": { "type": "MultiPolygon", "coordinates": [ [ [ [ 106.700856071120953, -65.334754559041187 ], [ 108.801095756793742, -65.192863408026341 ], [ 110.035533710405247, -65.825119888438977 ], [ 109.152295568901735, -66.616212156388329 ], [ 106.957966660748596, -66.749157227803593 ], [ 105.740874250551869, -66.101053845696313 ], [ 106.700856071120953, -65.334754559041187 ] ] ] ] } },
{ "type": "Feature", "properties": { "geogrid_id": "2966023235057065344", "seqnum": 16182.0, "lat_c": -66.023234833440668, "lon_c": 57.065343752475997, "res": 7.0, "count_Birds": 11, "count_Mammals": 4, "count_Molluscs": 2, "count_Mosses": 0, "count_Insects": 0, "count_Sac Fungi": 1, "count_Flowering Plants": 0, "count_Arachnids": 0, "count_Basidiomycota": 0, "count_Amphibians": 0, "unique_species_count": 18.0, "countryCode": "AQ" }, "geometry": { "type": "MultiPolygon", "coordinates": [ [ [ [ 57.272313998227652, -65.124515355827327 ], [ 58.837328894954219, -65.70572322768173 ], [ 58.683127916807145, -66.60769033716258 ], [ 56.858531812413368, -66.926113820279852 ], [ 55.260086256078111, -66.321491373421608 ], [ 55.519452028919552, -65.422645778477204 ], [ 57.272313998227652, -65.124515355827327 ] ] ] ] } },
{ "type": "Feature", "properties": { "geogrid_id": "2966023235145434656", "seqnum": 17235.0, "lat_c": -66.023234835932698, "lon_c": 145.43465624954501, "res": 7.0, "count_Birds": 13, "count_Mammals": 6, "count_Molluscs": 1, "count_Mosses": 0, "count_Insects": 0, "count_Sac Fungi": 0, "count_Flowering Plants": 0, "count_Arachnids": 0, "count_Basidiomycota": 0, "count_Amphibians": 0, "unique_species_count": 20.0, "countryCode": "AQ" }, "geometry": { "type": "MultiPolygon", "coordinates": [ [ [ [ 143.662671107038989, -65.705723230045862 ], [ 145.227686003995302, -65.124515358284143 ], [ 146.980547973343704, -65.422645781060623 ], [ 147.239913745996603, -66.321491376040484 ], [ 145.641468189398722, -66.926113822804666 ], [ 143.816872084964075, -66.607690339559255 ], [ 143.662671107038989, -65.705723230045862 ] ] ] ] } },
{ "type": "Feature", "properties": { "geogrid_id": "2966110231081504409", "seqnum": 16562.0, "lat_c": -66.110231434331993, "lon_c": 81.504408552989275, "res": 7.0, "count_Birds": 16, "count_Mammals": 3, "count_Molluscs": 3, "count_Mosses": 0, "count_Insects": 0, "count_Sac Fungi": 0, "count_Flowering Plants": 0, "count_Arachnids": 1, "count_Basidiomycota": 0, "count_Amphibians": 0, "unique_species_count": 23.0, "countryCode": "AQ" }, "geometry": { "type": "MultiPolygon", "coordinates": [ [ [ [ 80.976613769249141, -65.254392006272823 ], [ 82.936368898213985, -65.547970034397096 ], [ 83.532697842479493, -66.395758996649306 ], [ 82.07876336683259, -66.96687734744242 ], [ 80.024836714258939, -66.662458905396932 ], [ 79.523200781823704, -65.798513047845745 ], [ 80.976613769249141, -65.254392006272823 ] ] ] ] } },
{ "type": "Feature", "properties": { "geogrid_id": "2966110231120995591", "seqnum": 17048.0, "lat_c": -66.110231435192546, "lon_c": 120.99559144850397, "res": 7.0, "count_Birds": 9, "count_Mammals": 5, "count_Molluscs": 2, "count_Mosses": 0, "count_Insects": 0, "count_Sac Fungi": 0, "count_Flowering Plants": 0, "count_Arachnids": 0, "count_Basidiomycota": 0, "count_Amphibians": 0, "unique_species_count": 16.0, "countryCode": "AQ" }, "geometry": { "type": "MultiPolygon", "coordinates": [ [ [ [ 119.563631103526419, -65.547970035138704 ], [ 121.523386232551218, -65.254392007123926 ], [ 122.976799219751882, -65.798513048817341 ], [ 122.475163286996306, -66.662458906377495 ], [ 120.421236634331095, -66.966877348308415 ], [ 118.967302158946481, -66.395758997397337 ], [ 119.563631103526419, -65.547970035138704 ] ] ] ] } },
{ "type": "Feature", "properties": { "geogrid_id": "2966143112005150865", "seqnum": 15253.0, "lat_c": -66.143112234225811, "lon_c": 5.1508649941609077, "res": 7.0, "count_Birds": 1, "count_Mammals": 0, "count_Molluscs": 0, "count_Mosses": 0, "count_Insects": 0, "count_Sac Fungi": 0, "count_Flowering Plants": 0, "count_Arachnids": 0, "count_Basidiomycota": 0, "count_Amphibians": 0, "unique_species_count": 1.0, "countryCode": "AQ" }, "geometry": { "type": "MultiPolygon", "coordinates": [ [ [ [ 5.30859203315019, -65.386474487809537 ], [ 7.240780926614895, -65.82053562097073 ], [ 7.130126621427399, -66.583658686545576 ], [ 4.980946064994142, -66.90234852765181 ], [ 3.006512207327435, -66.435938957886364 ], [ 3.221023471537795, -65.684293722004327 ], [ 5.30859203315019, -65.386474487809537 ] ] ] ] } },
{ "type": "Feature", "properties": { "geogrid_id": "2966270123060471359", "seqnum": 16236.0, "lat_c": -66.270122873832733, "lon_c": 60.471359106721216, "res": 7.0, "count_Birds": 17, "count_Mammals": 9, "count_Molluscs": 6, "count_Mosses": 0, "count_Insects": 0, "count_Sac Fungi": 0, "count_Flowering Plants": 0, "count_Arachnids": 1, "count_Basidiomycota": 0, "count_Amphibians": 0, "unique_species_count": 33.0, "countryCode": "AQ" }, "geometry": { "type": "MultiPolygon", "coordinates": [ [ [ [ 60.574412443162828, -65.3695329258654 ], [ 62.221714334112697, -65.914035863963846 ], [ 62.177420197681357, -66.816608009871416 ], [ 60.376483748881022, -67.174893487982587 ], [ 58.683127916807145, -66.60769033716258 ], [ 58.837328894954219, -65.70572322768173 ], [ 60.574412443162828, -65.3695329258654 ] ] ] ] } },
{ "type": "Feature", "properties": { "geogrid_id": "2966270123142028641", "seqnum": 17208.0, "lat_c": -66.270122876100444, "lon_c": 142.02864089503652, "res": 7.0, "count_Birds": 13, "count_Mammals": 5, "count_Molluscs": 7, "count_Mosses": 0, "count_Insects": 0, "count_Sac Fungi": 1, "count_Flowering Plants": 0, "count_Arachnids": 0, "count_Basidiomycota": 0, "count_Amphibians": 0, "unique_species_count": 26.0, "countryCode": "AQ" }, "geometry": { "type": "MultiPolygon", "coordinates": [ [ [ [ 140.278285667657144, -65.914035866102211 ], [ 141.925587558827033, -65.369532928101037 ], [ 143.662671107038989, -65.705723230045862 ], [ 143.816872084964075, -66.607690339559255 ], [ 142.123516252633948, -67.174893490279715 ], [ 140.322579803836362, -66.816608012038756 ], [ 140.278285667657144, -65.914035866102211 ] ] ] ] } },
{ "type": "Feature", "properties": { "geogrid_id": "2966317482039402198", "seqnum": 15909.0, "lat_c": -66.317482433498441, "lon_c": 39.402198106039101, "res": 7.0, "count_Birds": 7, "count_Mammals": 0, "count_Molluscs": 2, "count_Mosses": 0, "count_Insects": 0, "count_Sac Fungi": 0, "count_Flowering Plants": 0, "count_Arachnids": 1, "count_Basidiomycota": 0, "count_Amphibians": 0, "unique_species_count": 10.0, "countryCode": "AQ" }, "geometry": { "type": "MultiPolygon", "coordinates": [ [ [ [ 40.108571132302437, -65.449353124835255 ], [ 41.284004138487788, -66.201651190711999 ], [ 40.605922808386332, -67.078991924208594 ], [ 38.672766161326038, -67.19080466102983 ], [ 37.514805031620298, -66.412138551701446 ], [ 38.2703433816176, -65.548689112657613 ], [ 40.108571132302437, -65.449353124835255 ] ] ] ] } },
{ "type": "Feature", "properties": { "geogrid_id": "2966317482163097802", "seqnum": 17286.0, "lat_c": -66.317482437082859, "lon_c": 163.09780189771797, "res": 7.0, "count_Birds": 11, "count_Mammals": 7, "count_Molluscs": 20, "count_Mosses": 0, "count_Insects": 0, "count_Sac Fungi": 0, "count_Flowering Plants": 0, "count_Arachnids": 2, "count_Basidiomycota": 0, "count_Amphibians": 0, "unique_species_count": 40.0, "countryCode": "AQ" }, "geometry": { "type": "MultiPolygon", "coordinates": [ [ [ [ 161.215995865029669, -66.201651194195136 ], [ 162.391428871453712, -65.449353128389077 ], [ 164.229656622371238, -65.548689116310868 ], [ 164.985194972397608, -66.4121385553821 ], [ 163.827233842452472, -67.190804664639614 ], [ 161.894077195121895, -67.078991927720409 ], [ 161.215995865029669, -66.201651194195136 ] ] ] ] } },
{ "type": "Feature", "properties": { "geogrid_id": "2966331669078022230", "seqnum": 16508.0, "lat_c": -66.331668735054834, "lon_c": 78.022230361977165, "res": 7.0, "count_Birds": 23, "count_Mammals": 11, "count_Molluscs": 10, "count_Mosses": 1, "count_Insects": 0, "count_Sac Fungi": 1, "count_Flowering Plants": 0, "count_Arachnids": 0, "count_Basidiomycota": 0, "count_Amphibians": 0, "unique_species_count": 46.0, "countryCode": "AQ" }, "geometry": { "type": "MultiPolygon", "coordinates": [ [ [ [ 77.590919817666162, -65.461520977252505 ], [ 79.523200781823704, -65.798513047845745 ], [ 80.024836714258939, -66.662458905396932 ], [ 78.496666724398224, -67.203577934532277 ], [ 76.472771624340282, -66.852862634681898 ], [ 76.072745548660535, -65.975526469213946 ], [ 77.590919817666162, -65.461520977252505 ] ] ] ] } },
{ "type": "Feature", "properties": { "geogrid_id": "2966331669124477770", "seqnum": 17075.0, "lat_c": -66.331668736148202, "lon_c": 124.47776963938394, "res": 7.0, "count_Birds": 4, "count_Mammals": 0, "count_Molluscs": 0, "count_Mosses": 0, "count_Insects": 0, "count_Sac Fungi": 0, "count_Flowering Plants": 0, "count_Arachnids": 0, "count_Basidiomycota": 0, "count_Amphibians": 0, "unique_species_count": 4.0, "countryCode": "AQ" }, "geometry": { "type": "MultiPolygon", "coordinates": [ [ [ [ 122.976799219751882, -65.798513048817341 ], [ 124.909080184004893, -65.461520978333411 ], [ 126.427254452818673, -65.975526470418146 ], [ 126.027228376819423, -66.852862635898475 ], [ 124.003333276631267, -67.203577935634087 ], [ 122.475163286996306, -66.662458906377495 ], [ 122.976799219751882, -65.798513048817341 ] ] ] ] } },
{ "type": "Feature", "properties": { "geogrid_id": "2966374728101250000", "seqnum": 16833.0, "lat_c": -66.374727505448021, "lon_c": 101.25000000144691, "res": 7.0, "count_Birds": 2, "count_Mammals": 1, "count_Molluscs": 0, "count_Mosses": 3, "count_Insects": 0, "count_Sac Fungi": 12, "count_Flowering Plants": 0, "count_Arachnids": 0, "count_Basidiomycota": 0, "count_Amphibians": 0, "unique_species_count": 18.0, "countryCode": "AQ" }, "geometry": { "type": "MultiPolygon", "coordinates": [ [ [ [ 100.133167329549892, -65.601991464211736 ], [ 102.366832673257178, -65.601991463574961 ], [ 103.526215128189733, -66.219428057329509 ], [ 102.426982469890007, -66.971902097155748 ], [ 100.073017532343258, -66.971902097614262 ], [ 98.973784874230631, -66.219428057682364 ], [ 100.133167329549892, -65.601991464211736 ] ] ] ] } },
{ "type": "Feature", "properties": { "geogrid_id": "2966417521048226579", "seqnum": 16046.0, "lat_c": -66.417521427492588, "lon_c": 48.226579019442532, "res": 7.0, "count_Birds": 17, "count_Mammals": 2, "count_Molluscs": 4, "count_Mosses": 0, "count_Insects": 0, "count_Sac Fungi": 0, "count_Flowering Plants": 0, "count_Arachnids": 0, "count_Basidiomycota": 0, "count_Amphibians": 0, "unique_species_count": 23.0, "countryCode": "AQ" }, "geometry": { "type": "MultiPolygon", "coordinates": [ [ [ [ 48.69159279032592, -65.527714429315836 ], [ 50.08751517149679, -66.199314408102722 ], [ 49.665408375679711, -67.09566916243017 ], [ 47.749248685136521, -67.312122173859152 ], [ 46.344878669865452, -66.614808476916465 ], [ 46.86369888660802, -65.727502182641658 ], [ 48.69159279032592, -65.527714429315836 ] ] ] ] } },
{ "type": "Feature", "properties": { "geogrid_id": "2966440029063937526", "seqnum": 16291.0, "lat_c": -66.440028702275967, "lon_c": 63.937526025922331, "res": 7.0, "count_Birds": 27, "count_Mammals": 12, "count_Molluscs": 20, "count_Mosses": 0, "count_Insects": 0, "count_Sac Fungi": 0, "count_Flowering Plants": 0, "count_Arachnids": 0, "count_Basidiomycota": 0, "count_Amphibians": 0, "unique_species_count": 59.0, "countryCode": "AQ" }, "geometry": { "type": "MultiPolygon", "coordinates": [ [ [ [ 63.932993193280339, -65.540090908131788 ], [ 65.655768773526418, -66.045864194897959 ], [ 65.724091197979959, -66.946358266699605 ], [ 63.958432577333731, -67.343995713273259 ], [ 62.177420197681357, -66.816608009871416 ], [ 62.221714334112697, -65.914035863963846 ], [ 63.932993193280339, -65.540090908131788 ] ] ] ] } },
{ "type": "Feature", "properties": { "geogrid_id": "2966440029138562474", "seqnum": 17182.0, "lat_c": -66.440028704313349, "lon_c": 138.56247397562484, "res": 7.0, "count_Birds": 13, "count_Mammals": 2, "count_Molluscs": 4, "count_Mosses": 0, "count_Insects": 0, "count_Sac Fungi": 0, "count_Flowering Plants": 0, "count_Arachnids": 0, "count_Basidiomycota": 0, "count_Amphibians": 0, "unique_species_count": 19.0, "countryCode": "AQ" }, "geometry": { "type": "MultiPolygon", "coordinates": [ [ [ [ 136.844231228074761, -66.04586419680561 ], [ 138.567006808525434, -65.54009091014079 ], [ 140.278285667657144, -65.914035866102211 ], [ 140.322579803836362, -66.816608012038756 ], [ 138.541567423940961, -67.343995715336092 ], [ 136.775908803343384, -66.946358268632224 ], [ 136.844231228074761, -66.04586419680561 ] ] ] ] } },
{ "type": "Feature", "properties": { "geogrid_id": "2966457161091190077", "seqnum": 16698.0, "lat_c": -66.457161356608864, "lon_c": 91.190077078862117, "res": 7.0, "count_Birds": 9, "count_Mammals": 2, "count_Molluscs": 0, "count_Mosses": 0, "count_Insects": 0, "count_Sac Fungi": 0, "count_Flowering Plants": 0, "count_Arachnids": 4, "count_Basidiomycota": 0, "count_Amphibians": 0, "unique_species_count": 15.0, "countryCode": "AQ" }, "geometry": { "type": "MultiPolygon", "coordinates": [ [ [ [ 90.373260324283351, -65.652002259531031 ], [ 92.464466291626934, -65.825119888272383 ], [ 93.347704432832046, -66.616212156221849 ], [ 92.067364154920028, -67.259911398599769 ], [ 89.875909690169863, -67.086891961042994 ], [ 89.068550141422875, -66.270727110348503 ], [ 90.373260324283351, -65.652002259531031 ] ] ] ] } },
{ "type": "Feature", "properties": { "geogrid_id": "2966457161111309923", "seqnum": 16941.0, "lat_c": -66.457161356896464, "lon_c": 111.30992292282221, "res": 7.0, "count_Birds": 31, "count_Mammals": 6, "count_Molluscs": 1, "count_Mosses": 7, "count_Insects": 3, "count_Sac Fungi": 36, "count_Flowering Plants": 0, "count_Arachnids": 2, "count_Basidiomycota": 0, "count_Amphibians": 0, "unique_species_count": 86.0, "countryCode": "AQ" }, "geometry": { "type": "MultiPolygon", "coordinates": [ [ [ [ 110.035533710405247, -65.825119888438977 ], [ 112.126739677703696, -65.652002259817465 ], [ 113.431449860242239, -66.270727110752603 ], [ 112.624090311166896, -67.086891961446 ], [ 110.432635846434565, -67.259911398885023 ], [ 109.152295568901735, -66.616212156388329 ], [ 110.035533710405247, -65.825119888438977 ] ] ] ] } },
{ "type": "Feature", "properties": { "geogrid_id": "2966476809074506807", "seqnum": 16454.0, "lat_c": -66.476808701180545, "lon_c": 74.506807139668894, "res": 7.0, "count_Birds": 28, "count_Mammals": 9, "count_Molluscs": 22, "count_Mosses": 0, "count_Insects": 0, "count_Sac Fungi": 0, "count_Flowering Plants": 0, "count_Arachnids": 0, "count_Basidiomycota": 0, "count_Amphibians": 0, "unique_species_count": 59.0, "countryCode": "AQ" }, "geometry": { "type": "MultiPolygon", "coordinates": [ [ [ [ 74.177665312734888, -65.595067633882763 ], [ 76.072745548660535, -65.975526469213946 ], [ 76.472771624340282, -66.852862634681898 ], [ 74.874058667148191, -67.361108689224906 ], [ 72.892476604054863, -66.964439249095633 ], [ 72.599785096064991, -66.076534082595558 ], [ 74.177665312734888, -65.595067633882763 ] ] ] ] } },
{ "type": "Feature", "properties": { "geogrid_id": "2966476809127993193", "seqnum": 17102.0, "lat_c": -66.476808702509487, "lon_c": 127.99319286163241, "res": 7.0, "count_Birds": 5, "count_Mammals": 0, "count_Molluscs": 0, "count_Mosses": 0, "count_Insects": 0, "count_Sac Fungi": 0, "count_Flowering Plants": 0, "count_Arachnids": 0, "count_Basidiomycota": 0, "count_Amphibians": 0, "unique_species_count": 5.0, "countryCode": "AQ" }, "geometry": { "type": "MultiPolygon", "coordinates": [ [ [ [ 126.427254452818673, -65.975526470418146 ], [ 128.322334688872758, -65.595067635195576 ], [ 129.900214905387173, -66.076534084034293 ], [ 129.607523397085259, -66.964439250550768 ], [ 127.62594133382629, -67.361108690566155 ], [ 126.027228376819423, -66.852862635898475 ], [ 126.427254452818673, -65.975526470418146 ] ] ] ] } },
{ "type": "Feature", "properties": { "geogrid_id": "2966531479067445238", "seqnum": 16345.0, "lat_c": -66.531478735092534, "lon_c": 67.445238470277928, "res": 7.0, "count_Birds": 22, "count_Mammals": 11, "count_Molluscs": 10, "count_Mosses": 0, "count_Insects": 0, "count_Sac Fungi": 0, "count_Flowering Plants": 0, "count_Arachnids": 0, "count_Basidiomycota": 0, "count_Amphibians": 0, "unique_species_count": 43.0, "countryCode": "AQ" }, "geometry": { "type": "MultiPolygon", "coordinates": [ [ [ [ 67.331424118020152, -65.634852746450662 ], [ 69.121350851434343, -66.100140895369847 ], [ 69.302762437317782, -66.995763775787097 ], [ 67.583417496915274, -67.431807752041337 ], [ 65.724091197979959, -66.946358266699605 ], [ 65.655768773526418, -66.045864194897959 ], [ 67.331424118020152, -65.634852746450662 ] ] ] ] } },
{ "type": "Feature", "properties": { "geogrid_id": "2966531479135054762", "seqnum": 17155.0, "lat_c": -66.531478736895366, "lon_c": 135.05476153111928, "res": 7.0, "count_Birds": 3, "count_Mammals": 0, "count_Molluscs": 0, "count_Mosses": 0, "count_Insects": 0, "count_Sac Fungi": 0, "count_Flowering Plants": 0, "count_Arachnids": 0, "count_Basidiomycota": 0, "count_Amphibians": 0, "unique_species_count": 3.0, "countryCode": "AQ" }, "geometry": { "type": "MultiPolygon", "coordinates": [ [ [ [ 133.378649150059374, -66.100140897043673 ], [ 135.168575883657354, -65.63485274822915 ], [ 136.844231228074761, -66.04586419680561 ], [ 136.775908803343384, -66.946358268632224 ], [ 134.916582504185044, -67.431807753865286 ], [ 133.197237563877906, -66.995763777481585 ], [ 133.378649150059374, -66.100140897043673 ] ] ] ] } },
{ "type": "Feature", "properties": { "geogrid_id": "2966538271033736648", "seqnum": 15827.0, "lat_c": -66.538271088951277, "lon_c": 33.736648158450379, "res": 7.0, "count_Birds": 7, "count_Mammals": 1, "count_Molluscs": 0, "count_Mosses": 0, "count_Insects": 0, "count_Sac Fungi": 0, "count_Flowering Plants": 0, "count_Arachnids": 0, "count_Basidiomycota": 0, "count_Amphibians": 0, "unique_species_count": 8.0, "countryCode": "AQ" }, "geometry": { "type": "MultiPolygon", "coordinates": [ [ [ [ 34.586020123320012, -65.684948727404802 ], [ 35.625165369695083, -66.485687870353914 ], [ 34.797431867776289, -67.350218892411476 ], [ 32.862516978941827, -67.398145771572842 ], [ 31.85261265287896, -66.570100304865335 ], [ 32.746157342867356, -65.722115002391448 ], [ 34.586020123320012, -65.684948727404802 ] ] ] ] } },
{ "type": "Feature", "properties": { "geogrid_id": "2966538271168763352", "seqnum": 17285.0, "lat_c": -66.538271092807662, "lon_c": 168.76335184614689, "res": 7.0, "count_Birds": 0, "count_Mammals": 1, "count_Molluscs": 0, "count_Mosses": 0, "count_Insects": 0, "count_Sac Fungi": 0, "count_Flowering Plants": 0, "count_Arachnids": 0, "count_Basidiomycota": 0, "count_Amphibians": 0, "unique_species_count": 1.0, "countryCode": "AQ" }, "geometry": { "type": "MultiPolygon", "coordinates": [ [ [ [ 166.874834634603445, -66.485687874125361 ], [ 167.913979881189249, -65.684948731241803 ], [ 169.753842661926683, -65.722115006312094 ], [ 170.64738735203332, -66.570100308800463 ], [ 169.63748302577531, -67.398145775440938 ], [ 167.702568136608534, -67.35021889619982 ], [ 166.874834634603445, -66.485687874125361 ] ] ] ] } },
{ "type": "Feature", "properties": { "geogrid_id": "2966543722070974894", "seqnum": 16399.0, "lat_c": -66.543722099643617, "lon_c": 70.97489354049506, "res": 7.0, "count_Birds": 23, "count_Mammals": 10, "count_Molluscs": 25, "count_Mosses": 0, "count_Insects": 0, "count_Sac Fungi": 0, "count_Flowering Plants": 0, "count_Arachnids": 1, "count_Basidiomycota": 0, "count_Amphibians": 0, "unique_species_count": 59.0, "countryCode": "AQ" }, "geometry": { "type": "MultiPolygon", "coordinates": [ [ [ [ 70.752193072807572, -65.653151009903254 ], [ 72.599785096064991, -66.076534082595558 ], [ 72.892476604054863, -66.964439249095633 ], [ 71.229336412372618, -67.43750212970653 ], [ 69.302762437317782, -66.995763775787097 ], [ 69.121350851434343, -66.100140895369847 ], [ 70.752193072807572, -65.653151009903254 ] ] ] ] } },
{ "type": "Feature", "properties": { "geogrid_id": "2966572690028111148", "seqnum": 15745.0, "lat_c": -66.572689506775419, "lon_c": 28.111147649264453, "res": 7.0, "count_Birds": 0, "count_Mammals": 1, "count_Molluscs": 0, "count_Mosses": 0, "count_Insects": 0, "count_Sac Fungi": 0, "count_Flowering Plants": 0, "count_Arachnids": 0, "count_Basidiomycota": 0, "count_Amphibians": 0, "unique_species_count": 1.0, "countryCode": "AQ" }, "geometry": { "type": "MultiPolygon", "coordinates": [ [ [ [ 29.086476611486216, -65.73562151608823 ], [ 29.976370231637969, -66.581457066948843 ], [ 28.561155188208403, -67.292904467931564 ], [ 26.227029983239113, -67.127267545966916 ], [ 25.835889100938093, -66.397347750062679 ], [ 27.272645439583492, -65.712591389206565 ], [ 29.086476611486216, -65.73562151608823 ] ] ] ] } },
{ "type": "Feature", "properties": { "geogrid_id": "2966572690174388852", "seqnum": 17284.0, "lat_c": -66.572689509699032, "lon_c": 174.38885235988914, "res": 7.0, "count_Birds": 11, "count_Mammals": 0, "count_Molluscs": 1, "count_Mosses": 0, "count_Insects": 0, "count_Sac Fungi": 0, "count_Flowering Plants": 0, "count_Arachnids": 0, "count_Basidiomycota": 0, "count_Amphibians": 0, "unique_species_count": 12.0, "countryCode": "AQ" }, "geometry": { "type": "MultiPolygon", "coordinates": [ [ [ [ 172.523629773603517, -66.581457070956247 ], [ 173.41352339391787, -65.735621520158162 ], [ 175.227354566142026, -65.712591393341668 ], [ 176.664110908615726, -66.397347752937023 ], [ 176.272970026215546, -67.127267548825387 ], [ 173.938844820828962, -67.292904470835964 ], [ 172.523629773603517, -66.581457070956247 ] ] ] ] } },
{ "type": "Feature", "properties": { "geogrid_id": "2966858162051557751", "seqnum": 16100.0, "lat_c": -66.85816150206621, "lon_c": 51.557750818945834, "res": 7.0, "count_Birds": 4, "count_Mammals": 1, "count_Molluscs": 2, "count_Mosses": 0, "count_Insects": 0, "count_Sac Fungi": 1, "count_Flowering Plants": 0, "count_Arachnids": 1, "count_Basidiomycota": 0, "count_Amphibians": 0, "unique_species_count": 9.0, "countryCode": "AQ" }, "geometry": { "type": "MultiPolygon", "coordinates": [ [ [ [ 51.924935138619688, -65.96050459541425 ], [ 53.423481364119496, -66.599960742178069 ], [ 53.107902959499384, -67.503258015324448 ], [ 51.186517035603963, -67.760977517904593 ], [ 49.665408375679711, -67.09566916243017 ], [ 50.08751517149679, -66.199314408102722 ], [ 51.924935138619688, -65.96050459541425 ] ] ] ] } },
{ "type": "Feature", "properties": { "geogrid_id": "2966858162150942249", "seqnum": 17234.0, "lat_c": -66.858161504933761, "lon_c": 150.94224918331844, "res": 7.0, "count_Birds": 0, "count_Mammals": 2, "count_Molluscs": 0, "count_Mosses": 0, "count_Insects": 0, "count_Sac Fungi": 0, "count_Flowering Plants": 0, "count_Arachnids": 0, "count_Basidiomycota": 0, "count_Amphibians": 0, "unique_species_count": 2.0, "countryCode": "AQ" }, "geometry": { "type": "MultiPolygon", "coordinates": [ [ [ [ 149.076518638035992, -66.599960744922299 ], [ 150.575064863798247, -65.960504598246757 ], [ 152.412484831037119, -66.19931441105679 ], [ 152.834591626722073, -67.095669165418514 ], [ 151.313482966508843, -67.760977520803735 ], [ 149.392097042482334, -67.503258018101036 ], [ 149.076518638035992, -66.599960744922299 ] ] ] ] } },
{ "type": "Feature", "properties": { "geogrid_id": "2966860855097778369", "seqnum": 16779.0, "lat_c": -66.860854587572149, "lon_c": 97.778369108931443, "res": 7.0, "count_Birds": 1, "count_Mammals": 0, "count_Molluscs": 0, "count_Mosses": 2, "count_Insects": 0, "count_Sac Fungi": 7, "count_Flowering Plants": 0, "count_Arachnids": 0, "count_Basidiomycota": 0, "count_Amphibians": 0, "unique_species_count": 10.0, "countryCode": "AQ" }, "geometry": { "type": "MultiPolygon", "coordinates": [ [ [ [ 96.759125751682632, -66.101053845815329 ], [ 98.973784874230631, -66.219428057682364 ], [ 100.073017532343258, -66.971902097614262 ], [ 98.862396478261132, -67.613557938022225 ], [ 96.5554704409289, -67.519656890365354 ], [ 95.542033341075737, -66.749157227769459 ], [ 96.759125751682632, -66.101053845815329 ] ] ] ] } },
{ "type": "Feature", "properties": { "geogrid_id": "2966860855104721631", "seqnum": 16860.0, "lat_c": -66.860854587438823, "lon_c": 104.72163089304728, "res": 7.0, "count_Birds": 5, "count_Mammals": 0, "count_Molluscs": 0, "count_Mosses": 0, "count_Insects": 0, "count_Sac Fungi": 0, "count_Flowering Plants": 0, "count_Arachnids": 0, "count_Basidiomycota": 0, "count_Amphibians": 0, "unique_species_count": 5.0, "countryCode": "AQ" }, "geometry": { "type": "MultiPolygon", "coordinates": [ [ [ [ 103.526215128189733, -66.219428057329509 ], [ 105.740874250551869, -66.101053845696313 ], [ 106.957966660748596, -66.749157227803593 ], [ 105.944529560578886, -67.519656890397272 ], [ 103.63760352344859, -67.613557937871178 ], [ 102.426982469890007, -66.971902097155748 ], [ 103.526215128189733, -66.219428057329509 ] ] ] ] } },
{ "type": "Feature", "properties": { "geogrid_id": "2966884832087721155", "seqnum": 16643.0, "lat_c": -66.884832166550865, "lon_c": 87.721155428987799, "res": 7.0, "count_Birds": 3, "count_Mammals": 0, "count_Molluscs": 0, "count_Mosses": 1, "count_Insects": 0, "count_Sac Fungi": 4, "count_Flowering Plants": 0, "count_Arachnids": 0, "count_Basidiomycota": 0, "count_Amphibians": 0, "unique_species_count": 8.0, "countryCode": "AQ" }, "geometry": { "type": "MultiPolygon", "coordinates": [ [ [ [ 86.984410096819531, -66.056781861898315 ], [ 89.068550141422875, -66.270727110348503 ], [ 89.875909690169863, -67.086891961042994 ], [ 88.522384484056786, -67.712242956498898 ], [ 86.330673197747146, -67.492683171838578 ], [ 85.605814376403117, -66.654225489919284 ], [ 86.984410096819531, -66.056781861898315 ] ] ] ] } },
{ "type": "Feature", "properties": { "geogrid_id": "2966884832114778845", "seqnum": 16967.0, "lat_c": -66.88483216707003, "lon_c": 114.77884457235737, "res": 7.0, "count_Birds": 2, "count_Mammals": 0, "count_Molluscs": 0, "count_Mosses": 0, "count_Insects": 0, "count_Sac Fungi": 0, "count_Flowering Plants": 0, "count_Arachnids": 0, "count_Basidiomycota": 0, "count_Amphibians": 0, "unique_species_count": 2.0, "countryCode": "AQ" }, "geometry": { "type": "MultiPolygon", "coordinates": [ [ [ [ 113.431449860242239, -66.270727110752603 ], [ 115.515589904850799, -66.056781862416514 ], [ 116.894185624972735, -66.654225490553458 ], [ 116.169326803284449, -67.492683172471303 ], [ 113.977615516938542, -67.712242957013558 ], [ 112.624090311166896, -67.086891961446 ], [ 113.431449860242239, -66.270727110752603 ] ] ] ] } },
{ "type": "Feature", "properties": { "geogrid_id": "2966928797178564550", "seqnum": 17257.0, "lat_c": -66.928797387431686, "lon_c": 178.56455024513707, "res": 7.0, "count_Birds": 12, "count_Mammals": 2, "count_Molluscs": 8, "count_Mosses": 0, "count_Insects": 0, "count_Sac Fungi": 0, "count_Flowering Plants": 0, "count_Arachnids": 0, "count_Basidiomycota": 0, "count_Amphibians": 0, "unique_species_count": 22.0, "countryCode": "AQ" }, "geometry": { "type": "MultiPolygon", "coordinates": [ [ [ [ 178.206254118644438, -67.669773141264869 ], [ 176.272970026215546, -67.127267548825387 ], [ 176.664110908615726, -66.397347752937023 ], [ 178.896354547468917, -66.190445076986293 ], [ 180.0, -66.483208039150924 ], [ 180.0, -67.496245093114268 ], [ 178.206254118644438, -67.669773141264869 ] ] ], [ [ [ -179.189870617851568, -66.698110277102828 ], [ -179.484163099032031, -67.446342723152384 ], [ -180.0, -67.496245093114268 ], [ -180.0, -66.483208039150924 ], [ -179.189870617851568, -66.698110277102828 ] ] ] ] } },
{ "type": "Feature", "properties": { "geogrid_id": "2966945688042531290", "seqnum": 15964.0, "lat_c": -66.945688002943825, "lon_c": 42.531290399486657, "res": 7.0, "count_Birds": 10, "count_Mammals": 4, "count_Molluscs": 0, "count_Mosses": 0, "count_Insects": 0, "count_Sac Fungi": 0, "count_Flowering Plants": 0, "count_Arachnids": 0, "count_Basidiomycota": 0, "count_Amphibians": 0, "unique_species_count": 14.0, "countryCode": "AQ" }, "geometry": { "type": "MultiPolygon", "coordinates": [ [ [ [ 43.15694881234014, -66.064648864610731 ], [ 44.445390553646099, -66.790924352943264 ], [ 43.857947383963705, -67.680765364032538 ], [ 41.889606499729169, -67.832593692145224 ], [ 40.605922808386332, -67.078991924208594 ], [ 41.284004138487788, -66.201651190711999 ], [ 43.15694881234014, -66.064648864610731 ] ] ] ] } },
{ "type": "Feature", "properties": { "geogrid_id": "2966945688159968710", "seqnum": 17260.0, "lat_c": -66.945688006352469, "lon_c": 159.96870960377521, "res": 7.0, "count_Birds": 1, "count_Mammals": 2, "count_Molluscs": 0, "count_Mosses": 0, "count_Insects": 0, "count_Sac Fungi": 0, "count_Flowering Plants": 0, "count_Arachnids": 0, "count_Basidiomycota": 0, "count_Amphibians": 0, "unique_species_count": 3.0, "countryCode": "AQ" }, "geometry": { "type": "MultiPolygon", "coordinates": [ [ [ [ 158.054609449394519, -66.790924356244034 ], [ 159.343051190960068, -66.06464886798797 ], [ 161.215995865029669, -66.201651194195136 ], [ 161.894077195121895, -67.078991927720409 ], [ 160.610393503512427, -67.83259369558013 ], [ 158.642052619025122, -67.680765367362426 ], [ 158.054609449394519, -66.790924356244034 ] ] ] ] } },
{ "type": "Feature", "properties": { "geogrid_id": "2967190236002775213", "seqnum": 15225.0, "lat_c": -67.190235848001208, "lon_c": 2.7752129282816989, "res": 7.0, "count_Birds": 3, "count_Mammals": 1, "count_Molluscs": 0, "count_Mosses": 0, "count_Insects": 0, "count_Sac Fungi": 0, "count_Flowering Plants": 0, "count_Arachnids": 0, "count_Basidiomycota": 0, "count_Amphibians": 0, "unique_species_count": 4.0, "countryCode": "AQ" }, "geometry": { "type": "MultiPolygon", "coordinates": [ [ [ [ 3.006512207327435, -66.435938957886364 ], [ 4.980946064994142, -66.90234852765181 ], [ 4.797556831432421, -67.664081234114974 ], [ 2.525352837371486, -67.947052440074344 ], [ 0.515836927252644, -67.446342724950071 ], [ 0.810129407525934, -66.698110278832871 ], [ 3.006512207327435, -66.435938957886364 ] ] ] ] } },
{ "type": "Feature", "properties": { "geogrid_id": "2967224813147500597", "seqnum": 17207.0, "lat_c": -67.224812886370117, "lon_c": 147.50059651450459, "res": 7.0, "count_Birds": 2, "count_Mammals": 0, "count_Molluscs": 0, "count_Mosses": 0, "count_Insects": 0, "count_Sac Fungi": 0, "count_Flowering Plants": 0, "count_Arachnids": 0, "count_Basidiomycota": 0, "count_Amphibians": 0, "unique_species_count": 2.0, "countryCode": "AQ" }, "geometry": { "type": "MultiPolygon", "coordinates": [ [ [ [ 145.641468189398722, -66.926113822804666 ], [ 147.239913745996603, -66.321491376040484 ], [ 149.076518638035992, -66.599960744922299 ], [ 149.392097042482334, -67.503258018101036 ], [ 147.755963703504023, -68.133491792325913 ], [ 145.842092029252115, -67.833938220109431 ], [ 145.641468189398722, -66.926113822804666 ] ] ] ] } },
{ "type": "Feature", "properties": { "geogrid_id": "2967243934118318331", "seqnum": 16994.0, "lat_c": -67.243933876073626, "lon_c": 118.31833056515983, "res": 7.0, "count_Birds": 2, "count_Mammals": 0, "count_Molluscs": 0, "count_Mosses": 0, "count_Insects": 0, "count_Sac Fungi": 0, "count_Flowering Plants": 0, "count_Arachnids": 0, "count_Basidiomycota": 0, "count_Amphibians": 0, "unique_species_count": 2.0, "countryCode": "AQ" }, "geometry": { "type": "MultiPolygon", "coordinates": [ [ [ [ 116.894185624972735, -66.654225490553458 ], [ 118.967302158946481, -66.395758997397337 ], [ 120.421236634331095, -66.966877348308415 ], [ 119.788735698054452, -67.824565405047366 ], [ 117.603122998077822, -68.092688292181521 ], [ 116.169326803284449, -67.492683172471303 ], [ 116.894185624972735, -66.654225490553458 ] ] ] ] } },
{ "type": "Feature", "properties": { "geogrid_id": "2967281172036735394", "seqnum": 15882.0, "lat_c": -67.281172299844059, "lon_c": 36.735393706016858, "res": 7.0, "count_Birds": 9, "count_Mammals": 0, "count_Molluscs": 0, "count_Mosses": 0, "count_Insects": 0, "count_Sac Fungi": 0, "count_Flowering Plants": 0, "count_Arachnids": 0, "count_Basidiomycota": 0, "count_Amphibians": 0, "unique_species_count": 9.0, "countryCode": "AQ" }, "geometry": { "type": "MultiPolygon", "coordinates": [ [ [ [ 37.514805031620298, -66.412138551701446 ], [ 38.672766161326038, -67.19080466102983 ], [ 37.925878744880798, -68.070958405395643 ], [ 35.938184162109742, -68.15762099139657 ], [ 34.797431867776289, -67.350218892411476 ], [ 35.625165369695083, -66.485687870353914 ], [ 37.514805031620298, -66.412138551701446 ] ] ] ] } },
{ "type": "Feature", "properties": { "geogrid_id": "2967281172165764606", "seqnum": 17259.0, "lat_c": -67.281172303546171, "lon_c": 165.76460629805442, "res": 7.0, "count_Birds": 10, "count_Mammals": 2, "count_Molluscs": 9, "count_Mosses": 0, "count_Insects": 0, "count_Sac Fungi": 0, "count_Flowering Plants": 0, "count_Arachnids": 0, "count_Basidiomycota": 0, "count_Amphibians": 0, "unique_species_count": 21.0, "countryCode": "AQ" }, "geometry": { "type": "MultiPolygon", "coordinates": [ [ [ [ 163.827233842452472, -67.190804664639614 ], [ 164.985194972397608, -66.4121385553821 ], [ 166.874834634603445, -66.485687874125361 ], [ 167.702568136608534, -67.35021889619982 ], [ 166.5618158420464, -68.157620995112481 ], [ 164.574121258946064, -68.070958409024072 ], [ 163.827233842452472, -67.190804664639614 ] ] ] ] } },
{ "type": "Feature", "properties": { "geogrid_id": "2967349203007010822", "seqnum": 15279.0, "lat_c": -67.349202927683109, "lon_c": 7.0108215238237879, "res": 7.0, "count_Birds": 2, "count_Mammals": 0, "count_Molluscs": 0, "count_Mosses": 0, "count_Insects": 0, "count_Sac Fungi": 0, "count_Flowering Plants": 0, "count_Arachnids": 0, "count_Basidiomycota": 0, "count_Amphibians": 0, "unique_species_count": 2.0, "countryCode": "AQ" }, "geometry": { "type": "MultiPolygon", "coordinates": [ [ [ [ 7.130126621427399, -66.583658686545576 ], [ 9.162345058430077, -67.003537458187921 ], [ 9.099694862241249, -67.774098316460467 ], [ 6.881934594168074, -68.117084943332685 ], [ 4.797556831432421, -67.664081234114974 ], [ 4.980946064994142, -66.90234852765181 ], [ 7.130126621427399, -66.583658686545576 ] ] ] ] } },
{ "type": "Feature", "properties": { "geogrid_id": "2967349203015489178", "seqnum": 15662.0, "lat_c": -67.349202924587075, "lon_c": 15.489178513648847, "res": 7.0, "count_Birds": 0, "count_Mammals": 1, "count_Molluscs": 0, "count_Mosses": 0, "count_Insects": 0, "count_Sac Fungi": 0, "count_Flowering Plants": 0, "count_Arachnids": 0, "count_Basidiomycota": 0, "count_Amphibians": 0, "unique_species_count": 1.0, "countryCode": "AQ" }, "geometry": { "type": "MultiPolygon", "coordinates": [ [ [ [ 17.519053971610035, -66.902348524098755 ], [ 17.7024432060945, -67.664081230523323 ], [ 15.618065444294331, -68.117084940207818 ], [ 13.400305176064213, -67.774098313837413 ], [ 13.337654978890248, -67.003537455581508 ], [ 15.369873415118294, -66.583658683476642 ], [ 17.519053971610035, -66.902348524098755 ] ] ] ] } },
{ "type": "Feature", "properties": { "geogrid_id": "2967400499011250000", "seqnum": 15635.0, "lat_c": -67.400499106132784, "lon_c": 11.250000018286043, "res": 7.0, "count_Birds": 0, "count_Mammals": 1, "count_Molluscs": 0, "count_Mosses": 0, "count_Insects": 0, "count_Sac Fungi": 0, "count_Flowering Plants": 0, "count_Arachnids": 0, "count_Basidiomycota": 0, "count_Amphibians": 0, "unique_species_count": 1.0, "countryCode": "AQ" }, "geometry": { "type": "MultiPolygon", "coordinates": [ [ [ [ 13.337654978890248, -67.003537455581508 ], [ 13.400305176064213, -67.774098313837413 ], [ 11.250000018793065, -68.174757297199292 ], [ 9.099694862241249, -67.774098316460467 ], [ 9.162345058430077, -67.003537458187921 ], [ 11.250000017811598, -66.628252383641737 ], [ 13.337654978890248, -67.003537455581508 ] ] ] ] } },
{ "type": "Feature", "properties": { "geogrid_id": "2967403806108206382", "seqnum": 16886.0, "lat_c": -67.403806262303974, "lon_c": 108.20638215900901, "res": 7.0, "count_Birds": 5, "count_Mammals": 0, "count_Molluscs": 0, "count_Mosses": 0, "count_Insects": 0, "count_Sac Fungi": 0, "count_Flowering Plants": 0, "count_Arachnids": 0, "count_Basidiomycota": 0, "count_Amphibians": 0, "unique_species_count": 5.0, "countryCode": "AQ" }, "geometry": { "type": "MultiPolygon", "coordinates": [ [ [ [ 106.957966660748596, -66.749157227803593 ], [ 109.152295568901735, -66.616212156388329 ], [ 110.432635846434565, -67.259911398885023 ], [ 109.481456574021053, -68.0607415237385 ], [ 107.184474782788882, -68.188586846764863 ], [ 105.944529560578886, -67.519656890397272 ], [ 106.957966660748596, -66.749157227803593 ] ] ] ] } },
{ "type": "Feature", "properties": { "geogrid_id": "2967425230030934252", "seqnum": 15800.0, "lat_c": -67.425229762436373, "lon_c": 30.934251707431205, "res": 7.0, "count_Birds": 6, "count_Mammals": 2, "count_Molluscs": 2, "count_Mosses": 0, "count_Insects": 0, "count_Sac Fungi": 0, "count_Flowering Plants": 0, "count_Arachnids": 1, "count_Basidiomycota": 0, "count_Amphibians": 0, "unique_species_count": 11.0, "countryCode": "AQ" }, "geometry": { "type": "MultiPolygon", "coordinates": [ [ [ [ 31.85261265287896, -66.570100304865335 ], [ 32.862516978941827, -67.398145771572842 ], [ 31.483140042528142, -68.136704171688507 ], [ 29.047590444444189, -68.015552547700167 ], [ 28.561155188208403, -67.292904467931564 ], [ 29.976370231637969, -66.581457066948843 ], [ 31.85261265287896, -66.570100304865335 ] ] ] ] } },
{ "type": "Feature", "properties": { "geogrid_id": "2967425230171565748", "seqnum": 17258.0, "lat_c": -67.425229765378646, "lon_c": 171.56574830116455, "res": 7.0, "count_Birds": 8, "count_Mammals": 3, "count_Molluscs": 6, "count_Mosses": 0, "count_Insects": 0, "count_Sac Fungi": 0, "count_Flowering Plants": 0, "count_Arachnids": 0, "count_Basidiomycota": 0, "count_Amphibians": 0, "unique_species_count": 17.0, "countryCode": "AQ" }, "geometry": { "type": "MultiPolygon", "coordinates": [ [ [ [ 169.63748302577531, -67.398145775440938 ], [ 170.64738735203332, -66.570100308800463 ], [ 172.523629773603517, -66.581457070956247 ], [ 173.938844820828962, -67.292904470835964 ], [ 173.452409564464432, -68.015552550585113 ], [ 171.016859965920503, -68.136704174607374 ], [ 169.63748302577531, -67.398145775440938 ] ] ] ] } },
{ "type": "Feature", "properties": { "geogrid_id": "2967507227045812330", "seqnum": 16018.0, "lat_c": -67.507227467158344, "lon_c": 45.812329531879605, "res": 7.0, "count_Birds": 7, "count_Mammals": 0, "count_Molluscs": 0, "count_Mosses": 0, "count_Insects": 0, "count_Sac Fungi": 0, "count_Flowering Plants": 0, "count_Arachnids": 1, "count_Basidiomycota": 0, "count_Amphibians": 0, "unique_species_count": 8.0, "countryCode": "AQ" }, "geometry": { "type": "MultiPolygon", "coordinates": [ [ [ [ 46.344878669865452, -66.614808476916465 ], [ 47.749248685136521, -67.312122173859152 ], [ 47.26561771255183, -68.212681535888549 ], [ 45.272606687643773, -68.40606953677657 ], [ 43.857947383963705, -67.680765364032538 ], [ 44.445390553646099, -66.790924352943264 ], [ 46.344878669865452, -66.614808476916465 ] ] ] ] } },
{ "type": "Feature", "properties": { "geogrid_id": "2967514213058536078", "seqnum": 16209.0, "lat_c": -67.514213022532431, "lon_c": 58.536077709071684, "res": 7.0, "count_Birds": 2, "count_Mammals": 0, "count_Molluscs": 0, "count_Mosses": 2, "count_Insects": 0, "count_Sac Fungi": 11, "count_Flowering Plants": 0, "count_Arachnids": 0, "count_Basidiomycota": 0, "count_Amphibians": 0, "unique_species_count": 15.0, "countryCode": "AQ" }, "geometry": { "type": "MultiPolygon", "coordinates": [ [ [ [ 58.683127916807145, -66.60769033716258 ], [ 60.376483748881022, -67.174893487982587 ], [ 60.297282502612049, -68.084561925705273 ], [ 58.404518131010015, -68.426097508756243 ], [ 56.657907972345711, -67.833938217555072 ], [ 56.858531812413368, -66.926113820279852 ], [ 58.683127916807145, -66.60769033716258 ] ] ] ] } },
{ "type": "Feature", "properties": { "geogrid_id": "2967514213143963922", "seqnum": 17181.0, "lat_c": -67.514213024958735, "lon_c": 143.96392229246936, "res": 7.0, "count_Birds": 9, "count_Mammals": 2, "count_Molluscs": 2, "count_Mosses": 0, "count_Insects": 2, "count_Sac Fungi": 12, "count_Flowering Plants": 0, "count_Arachnids": 0, "count_Basidiomycota": 0, "count_Amphibians": 0, "unique_species_count": 27.0, "countryCode": "AQ" }, "geometry": { "type": "MultiPolygon", "coordinates": [ [ [ [ 142.123516252633948, -67.174893490279715 ], [ 143.816872084964075, -66.607690339559255 ], [ 145.641468189398722, -66.926113822804666 ], [ 145.842092029252115, -67.833938220109431 ], [ 144.09548187029506, -68.426097511208312 ], [ 142.202717498651083, -68.084561928028307 ], [ 142.123516252633948, -67.174893490279715 ] ] ] ] } },
{ "type": "Feature", "properties": { "geogrid_id": "2967527843080576902", "seqnum": 16535.0, "lat_c": -67.52784285762948, "lon_c": 80.57690249531116, "res": 7.0, "count_Birds": 13, "count_Mammals": 2, "count_Molluscs": 1, "count_Mosses": 0, "count_Insects": 0, "count_Sac Fungi": 0, "count_Flowering Plants": 0, "count_Arachnids": 0, "count_Basidiomycota": 0, "count_Amphibians": 0, "unique_species_count": 16.0, "countryCode": "AQ" }, "geometry": { "type": "MultiPolygon", "coordinates": [ [ [ [ 80.024836714258939, -66.662458905396932 ], [ 82.07876336683259, -66.96687734744242 ], [ 82.711264302757613, -67.824565404181257 ], [ 81.194048817317309, -68.394818028388741 ], [ 79.026332581976106, -68.07749864887154 ], [ 78.496666724398224, -67.203577934532277 ], [ 80.024836714258939, -66.662458905396932 ] ] ] ] } },
{ "type": "Feature", "properties": { "geogrid_id": "2967723636062149102", "seqnum": 16263.0, "lat_c": -67.723636414082819, "lon_c": 62.149102447782575, "res": 7.0, "count_Birds": 16, "count_Mammals": 6, "count_Molluscs": 1, "count_Mosses": 3, "count_Insects": 2, "count_Sac Fungi": 32, "count_Flowering Plants": 0, "count_Arachnids": 0, "count_Basidiomycota": 0, "count_Amphibians": 0, "unique_species_count": 60.0, "countryCode": "AQ" }, "geometry": { "type": "MultiPolygon", "coordinates": [ [ [ [ 62.177420197681357, -66.816608009871416 ], [ 63.958432577333731, -67.343995713273259 ], [ 64.004654427652056, -68.252617623203548 ], [ 62.14684775415072, -68.635821967125167 ], [ 60.297282502612049, -68.084561925705273 ], [ 60.376483748881022, -67.174893487982587 ], [ 62.177420197681357, -66.816608009871416 ] ] ] ] } },
{ "type": "Feature", "properties": { "geogrid_id": "2967732530076919066", "seqnum": 16480.0, "lat_c": -67.732530159529404, "lon_c": 76.9190662075749, "res": 7.0, "count_Birds": 23, "count_Mammals": 11, "count_Molluscs": 28, "count_Mosses": 0, "count_Insects": 0, "count_Sac Fungi": 1, "count_Flowering Plants": 0, "count_Arachnids": 0, "count_Basidiomycota": 0, "count_Amphibians": 0, "unique_species_count": 63.0, "countryCode": "AQ" }, "geometry": { "type": "MultiPolygon", "coordinates": [ [ [ [ 76.472771624340282, -66.852862634681898 ], [ 78.496666724398224, -67.203577934532277 ], [ 79.026332581976106, -68.07749864887154 ], [ 77.426450594495947, -68.614721450971871 ], [ 75.291388606912903, -68.248279906286911 ], [ 74.874058667148191, -67.361108689224906 ], [ 76.472771624340282, -66.852862634681898 ] ] ] ] } },
{ "type": "Feature", "properties": { "geogrid_id": "2967734881101250000", "seqnum": 16805.0, "lat_c": -67.734880823221602, "lon_c": 101.25000000110539, "res": 7.0, "count_Birds": 2, "count_Mammals": 0, "count_Molluscs": 0, "count_Mosses": 0, "count_Insects": 0, "count_Sac Fungi": 0, "count_Flowering Plants": 0, "count_Arachnids": 0, "count_Basidiomycota": 0, "count_Amphibians": 0, "unique_species_count": 2.0, "countryCode": "AQ" }, "geometry": { "type": "MultiPolygon", "coordinates": [ [ [ [ 100.073017532343258, -66.971902097614262 ], [ 102.426982469890007, -66.971902097155748 ], [ 103.63760352344859, -67.613557937871178 ], [ 102.482661414483204, -68.358480685520973 ], [ 100.017338586943566, -68.358480685693436 ], [ 98.862396478261132, -67.613557938022225 ], [ 100.073017532343258, -66.971902097614262 ] ] ] ] } },
{ "type": "Feature", "properties": { "geogrid_id": "2967851025065817171", "seqnum": 16317.0, "lat_c": -67.851025412787237, "lon_c": 65.817171103154308, "res": 7.0, "count_Birds": 17, "count_Mammals": 4, "count_Molluscs": 16, "count_Mosses": 4, "count_Insects": 0, "count_Sac Fungi": 20, "count_Flowering Plants": 0, "count_Arachnids": 0, "count_Basidiomycota": 0, "count_Amphibians": 0, "unique_species_count": 61.0, "countryCode": "AQ" }, "geometry": { "type": "MultiPolygon", "coordinates": [ [ [ [ 65.724091197979959, -66.946358266699605 ], [ 67.583417496915274, -67.431807752041337 ], [ 67.756215400587664, -68.336358398284901 ], [ 65.946763554861235, -68.760436723170827 ], [ 64.004654427652056, -68.252617623203548 ], [ 63.958432577333731, -67.343995713273259 ], [ 65.724091197979959, -66.946358266699605 ] ] ] ] } },
{ "type": "Feature", "properties": { "geogrid_id": "2967855437073225523", "seqnum": 16426.0, "lat_c": -67.855436901342202, "lon_c": 73.225523219878298, "res": 7.0, "count_Birds": 20, "count_Mammals": 9, "count_Molluscs": 26, "count_Mosses": 0, "count_Insects": 0, "count_Sac Fungi": 1, "count_Flowering Plants": 0, "count_Arachnids": 0, "count_Basidiomycota": 0, "count_Amphibians": 0, "unique_species_count": 56.0, "countryCode": "AQ" }, "geometry": { "type": "MultiPolygon", "coordinates": [ [ [ [ 72.892476604054863, -66.964439249095633 ], [ 74.874058667148191, -67.361108689224906 ], [ 75.291388606912903, -68.248279906286911 ], [ 73.613206902948335, -68.74982100494779 ], [ 71.5268293620164, -68.334899455170117 ], [ 71.229336412372618, -67.43750212970653 ], [ 72.892476604054863, -66.964439249095633 ] ] ] ] } },
{ "type": "Feature", "properties": { "geogrid_id": "2967859733026649639", "seqnum": 15772.0, "lat_c": -67.859733324605244, "lon_c": 26.649639128339452, "res": 7.0, "count_Birds": 0, "count_Mammals": 1, "count_Molluscs": 0, "count_Mosses": 0, "count_Insects": 0, "count_Sac Fungi": 0, "count_Flowering Plants": 0, "count_Arachnids": 0, "count_Basidiomycota": 0, "count_Amphibians": 0, "unique_species_count": 1.0, "countryCode": "AQ" }, "geometry": { "type": "MultiPolygon", "coordinates": [ [ [ [ 28.561155188208403, -67.292904467931564 ], [ 29.047590444444189, -68.015552547700167 ], [ 27.107038780546851, -68.594471123291484 ], [ 24.681341409226999, -68.41315467340425 ], [ 24.293745891110671, -67.669773138472934 ], [ 26.227029983239113, -67.127267545966916 ], [ 28.561155188208403, -67.292904467931564 ] ] ] ] } },
{ "type": "Feature", "properties": { "geogrid_id": "2967859733175850361", "seqnum": 17230.0, "lat_c": -67.859733327447728, "lon_c": 175.85036088100534, "res": 7.0, "count_Birds": 8, "count_Mammals": 0, "count_Molluscs": 0, "count_Mosses": 0, "count_Insects": 0, "count_Sac Fungi": 0, "count_Flowering Plants": 0, "count_Arachnids": 0, "count_Basidiomycota": 0, "count_Amphibians": 0, "unique_species_count": 8.0, "countryCode": "AQ" }, "geometry": { "type": "MultiPolygon", "coordinates": [ [ [ [ 173.452409564464432, -68.015552550585113 ], [ 173.938844820828962, -67.292904470835964 ], [ 176.272970026215546, -67.127267548825387 ], [ 178.206254118644438, -67.669773141264869 ], [ 177.818658600426943, -68.413154676183126 ], [ 175.392961228675915, -68.594471126117767 ], [ 173.452409564464432, -68.015552550585113 ] ] ] ] } },
{ "type": "Feature", "properties": { "geogrid_id": "2967895100069517214", "seqnum": 16372.0, "lat_c": -67.895099585311726, "lon_c": 69.517213692676961, "res": 7.0, "count_Birds": 14, "count_Mammals": 4, "count_Molluscs": 24, "count_Mosses": 0, "count_Insects": 0, "count_Sac Fungi": 0, "count_Flowering Plants": 0, "count_Arachnids": 1, "count_Basidiomycota": 0, "count_Amphibians": 0, "unique_species_count": 43.0, "countryCode": "AQ" }, "geometry": { "type": "MultiPolygon", "coordinates": [ [ [ [ 69.302762437317782, -66.995763775787097 ], [ 71.229336412372618, -67.43750212970653 ], [ 71.5268293620164, -68.334899455170117 ], [ 69.777909708755999, -68.79857727565954 ], [ 67.756215400587664, -68.336358398284901 ], [ 67.583417496915274, -67.431807752041337 ], [ 69.302762437317782, -66.995763775787097 ] ] ] ] } },
{ "type": "Feature", "properties": { "geogrid_id": "2967901818111747000", "seqnum": 16913.0, "lat_c": -67.901817988284336, "lon_c": 111.74699984904747, "res": 7.0, "count_Birds": 1, "count_Mammals": 0, "count_Molluscs": 0, "count_Mosses": 0, "count_Insects": 0, "count_Sac Fungi": 1, "count_Flowering Plants": 0, "count_Arachnids": 0, "count_Basidiomycota": 0, "count_Amphibians": 0, "unique_species_count": 2.0, "countryCode": "AQ" }, "geometry": { "type": "MultiPolygon", "coordinates": [ [ [ [ 110.432635846434565, -67.259911398885023 ], [ 112.624090311166896, -67.086891961446 ], [ 113.977615516938542, -67.712242957013558 ], [ 113.093059441724719, -68.539177002808302 ], [ 110.777763708453051, -68.715750112770209 ], [ 109.481456574021053, -68.0607415237385 ], [ 110.432635846434565, -67.259911398885023 ] ] ] ] } },
{ "type": "Feature", "properties": { "geogrid_id": "2967962651039910982", "seqnum": 15936.0, "lat_c": -67.962650951841439, "lon_c": 39.9109821415054, "res": 7.0, "count_Birds": 6, "count_Mammals": 3, "count_Molluscs": 3, "count_Mosses": 2, "count_Insects": 0, "count_Sac Fungi": 3, "count_Flowering Plants": 0, "count_Arachnids": 1, "count_Basidiomycota": 0, "count_Amphibians": 0, "unique_species_count": 18.0, "countryCode": "AQ" }, "geometry": { "type": "MultiPolygon", "coordinates": [ [ [ [ 40.605922808386332, -67.078991924208594 ], [ 41.889606499729169, -67.832593692145224 ], [ 41.239639643076934, -68.727027538695822 ], [ 39.207565872068081, -68.854498223729635 ], [ 37.925878744880798, -68.070958405395643 ], [ 38.672766161326038, -67.19080466102983 ], [ 40.605922808386332, -67.078991924208594 ] ] ] ] } },
{ "type": "Feature", "properties": { "geogrid_id": "2967962651162589018", "seqnum": 17232.0, "lat_c": -67.962650955376034, "lon_c": 162.58901786201602, "res": 7.0, "count_Birds": 0, "count_Mammals": 0, "count_Molluscs": 7, "count_Mosses": 0, "count_Insects": 0, "count_Sac Fungi": 0, "count_Flowering Plants": 0, "count_Arachnids": 0, "count_Basidiomycota": 0, "count_Amphibians": 0, "unique_species_count": 7.0, "countryCode": "AQ" }, "geometry": { "type": "MultiPolygon", "coordinates": [ [ [ [ 160.610393503512427, -67.83259369558013 ], [ 161.894077195121895, -67.078991927720409 ], [ 163.827233842452472, -67.190804664639614 ], [ 164.574121258946064, -68.070958409024072 ], [ 163.29243413149706, -68.854498227279365 ], [ 161.260360360169528, -68.727027542150267 ], [ 160.610393503512427, -67.83259369558013 ] ] ] ] } },
{ "type": "Feature", "properties": { "geogrid_id": "2967997564049238052", "seqnum": 16072.0, "lat_c": -67.997564179141449, "lon_c": 49.238051817462903, "res": 7.0, "count_Birds": 3, "count_Mammals": 0, "count_Molluscs": 0, "count_Mosses": 1, "count_Insects": 0, "count_Sac Fungi": 0, "count_Flowering Plants": 0, "count_Arachnids": 0, "count_Basidiomycota": 0, "count_Amphibians": 0, "unique_species_count": 4.0, "countryCode": "AQ" }, "geometry": { "type": "MultiPolygon", "coordinates": [ [ [ [ 49.665408375679711, -67.09566916243017 ], [ 51.186517035603963, -67.760977517904593 ], [ 50.819233586882838, -68.670074952936019 ], [ 48.814208717382677, -68.906271532777652 ], [ 47.26561771255183, -68.212681535888549 ], [ 47.749248685136521, -67.312122173859152 ], [ 49.665408375679711, -67.09566916243017 ] ] ] ] } },
{ "type": "Feature", "properties": { "geogrid_id": "2968197065000197683", "seqnum": 15197.0, "lat_c": -68.197064520957369, "lon_c": 0.19768285827844301, "res": 7.0, "count_Birds": 4, "count_Mammals": 2, "count_Molluscs": 0, "count_Mosses": 0, "count_Insects": 0, "count_Sac Fungi": 0, "count_Flowering Plants": 0, "count_Arachnids": 0, "count_Basidiomycota": 0, "count_Amphibians": 0, "unique_species_count": 6.0, "countryCode": "AQ" }, "geometry": { "type": "MultiPolygon", "coordinates": [ [ [ [ 0.515836927252644, -67.446342724950071 ], [ 2.525352837371486, -67.947052440074344 ], [ 2.254899796184094, -68.706247431149336 ], [ -0.146953448271887, -68.950090974967907 ], [ -2.181341372205535, -68.413154678498401 ], [ -1.793745854940737, -67.669773143494808 ], [ 0.515836927252644, -67.446342724950071 ] ] ] ] } },
{ "type": "Feature", "properties": { "geogrid_id": "2968222827033951821", "seqnum": 15854.0, "lat_c": -68.222827006248252, "lon_c": 33.951821316221171, "res": 7.0, "count_Birds": 3, "count_Mammals": 0, "count_Molluscs": 2, "count_Mosses": 0, "count_Insects": 1, "count_Sac Fungi": 0, "count_Flowering Plants": 0, "count_Arachnids": 0, "count_Basidiomycota": 0, "count_Amphibians": 0, "unique_species_count": 6.0, "countryCode": "AQ" }, "geometry": { "type": "MultiPolygon", "coordinates": [ [ [ [ 34.797431867776289, -67.350218892411476 ], [ 35.938184162109742, -68.15762099139657 ], [ 34.611481005412529, -68.92337647066033 ], [ 32.077593454310907, -68.850060349557396 ], [ 31.483140042528142, -68.136704171688507 ], [ 32.862516978941827, -67.398145771572842 ], [ 34.797431867776289, -67.350218892411476 ] ] ] ] } },
{ "type": "Feature", "properties": { "geogrid_id": "2968222827168548179", "seqnum": 17231.0, "lat_c": -68.222827009192088, "lon_c": 168.5481786917459, "res": 7.0, "count_Birds": 9, "count_Mammals": 1, "count_Molluscs": 1, "count_Mosses": 0, "count_Insects": 0, "count_Sac Fungi": 0, "count_Flowering Plants": 0, "count_Arachnids": 0, "count_Basidiomycota": 0, "count_Amphibians": 0, "unique_species_count": 11.0, "countryCode": "AQ" }, "geometry": { "type": "MultiPolygon", "coordinates": [ [ [ [ 166.5618158420464, -68.157620995112481 ], [ 167.702568136608534, -67.35021889619982 ], [ 169.63748302577531, -67.398145775440938 ], [ 171.016859965920503, -68.136704174607374 ], [ 170.422406553974611, -68.850060352452317 ], [ 167.888519002372476, -68.923376473575587 ], [ 166.5618158420464, -68.157620995112481 ] ] ] ] } },
{ "type": "Feature", "properties": { "geogrid_id": "2968285686104856694", "seqnum": 16832.0, "lat_c": -68.285686004376458, "lon_c": 104.85669449639366, "res": 7.0, "count_Birds": 2, "count_Mammals": 0, "count_Molluscs": 0, "count_Mosses": 0, "count_Insects": 0, "count_Sac Fungi": 0, "count_Flowering Plants": 0, "count_Arachnids": 0, "count_Basidiomycota": 0, "count_Amphibians": 0, "unique_species_count": 2.0, "countryCode": "AQ" }, "geometry": { "type": "MultiPolygon", "coordinates": [ [ [ [ 103.63760352344859, -67.613557937871178 ], [ 105.944529560578886, -67.519656890397272 ], [ 107.184474782788882, -68.188586846764863 ], [ 106.054290644567189, -68.971807076706028 ], [ 103.658811967006841, -69.050151236214333 ], [ 102.482661414483204, -68.358480685520973 ], [ 103.63760352344859, -67.613557937871178 ] ] ] ] } },
{ "type": "Feature", "properties": { "geogrid_id": "2968331205115369817", "seqnum": 16940.0, "lat_c": -68.331205074188745, "lon_c": 115.36981657402833, "res": 7.0, "count_Birds": 4, "count_Mammals": 0, "count_Molluscs": 0, "count_Mosses": 0, "count_Insects": 0, "count_Sac Fungi": 0, "count_Flowering Plants": 0, "count_Arachnids": 0, "count_Basidiomycota": 0, "count_Amphibians": 0, "unique_species_count": 4.0, "countryCode": "AQ" }, "geometry": { "type": "MultiPolygon", "coordinates": [ [ [ [ 113.977615516938542, -67.712242957013558 ], [ 116.169326803284449, -67.492683172471303 ], [ 117.603122998077822, -68.092688292181521 ], [ 116.799739185245841, -68.941859442155078 ], [ 114.468071634265385, -69.169366614088531 ], [ 113.093059441724719, -68.539177002808302 ], [ 113.977615516938542, -67.712242957013558 ] ] ] ] } },
{ "type": "Feature", "properties": { "geogrid_id": "2968412355149703115", "seqnum": 17180.0, "lat_c": -68.412355004056863, "lon_c": 149.70311510532946, "res": 7.0, "count_Birds": 2, "count_Mammals": 0, "count_Molluscs": 0, "count_Mosses": 0, "count_Insects": 0, "count_Sac Fungi": 0, "count_Flowering Plants": 0, "count_Arachnids": 0, "count_Basidiomycota": 0, "count_Amphibians": 0, "unique_species_count": 2.0, "countryCode": "AQ" }, "geometry": { "type": "MultiPolygon", "coordinates": [ [ [ [ 147.755963703504023, -68.133491792325913 ], [ 149.392097042482334, -67.503258018101036 ], [ 151.313482966508843, -67.760977520803735 ], [ 151.680766415085031, -68.67007495586212 ], [ 149.998225521776561, -69.32843636282675 ], [ 147.995749471877076, -69.048565104507418 ], [ 147.755963703504023, -68.133491792325913 ] ] ] ] } },
{ "type": "Feature", "properties": { "geogrid_id": "2968428203004599233", "seqnum": 15252.0, "lat_c": -68.428202586470434, "lon_c": 4.5992325352062222, "res": 7.0, "count_Birds": 2, "count_Mammals": 1, "count_Molluscs": 0, "count_Mosses": 0, "count_Insects": 0, "count_Sac Fungi": 0, "count_Flowering Plants": 0, "count_Arachnids": 0, "count_Basidiomycota": 0, "count_Amphibians": 0, "unique_species_count": 3.0, "countryCode": "AQ" }, "geometry": { "type": "MultiPolygon", "coordinates": [ [ [ [ 4.797556831432421, -67.664081234114974 ], [ 6.881934594168074, -68.117084943332685 ], [ 6.742395196252569, -68.88721795129355 ], [ 4.384287048624545, -69.194598486268461 ], [ 2.254899796184094, -68.706247431149336 ], [ 2.525352837371486, -67.947052440074344 ], [ 4.797556831432421, -67.664081234114974 ] ] ] ] } },
{ "type": "Feature", "properties": { "geogrid_id": "2968428203017900767", "seqnum": 15717.0, "lat_c": -68.428202582837542, "lon_c": 17.900767503305339, "res": 7.0, "count_Birds": 0, "count_Mammals": 1, "count_Molluscs": 0, "count_Mosses": 0, "count_Insects": 0, "count_Sac Fungi": 0, "count_Flowering Plants": 0, "count_Arachnids": 0, "count_Basidiomycota": 0, "count_Amphibians": 0, "unique_species_count": 1.0, "countryCode": "AQ" }, "geometry": { "type": "MultiPolygon", "coordinates": [ [ [ [ 19.974647200103096, -67.947052435983011 ], [ 20.245100242259262, -68.706247427004286 ], [ 18.11571299094015, -69.194598482591317 ], [ 15.757604843269274, -68.887217948137931 ], [ 15.618065444294331, -68.117084940207818 ], [ 17.7024432060945, -67.664081230523323 ], [ 19.974647200103096, -67.947052435983011 ] ] ] ] } },
{ "type": "Feature", "properties": { "geogrid_id": "2968546820009031949", "seqnum": 15306.0, "lat_c": -68.546820208918319, "lon_c": 9.0319487524365822, "res": 7.0, "count_Birds": 1, "count_Mammals": 1, "count_Molluscs": 0, "count_Mosses": 0, "count_Insects": 0, "count_Sac Fungi": 0, "count_Flowering Plants": 0, "count_Arachnids": 0, "count_Basidiomycota": 0, "count_Amphibians": 0, "unique_species_count": 2.0, "countryCode": "AQ" }, "geometry": { "type": "MultiPolygon", "coordinates": [ [ [ [ 9.099694862241249, -67.774098316460467 ], [ 11.250000020297875, -68.174757299333407 ], [ 11.25000002086985, -68.950966461578005 ], [ 8.958523115252978, -69.32163240582635 ], [ 6.742395196252569, -68.88721795129355 ], [ 6.881934594168074, -68.117084943332685 ], [ 9.099694862241249, -67.774098316460467 ] ] ] ] } },
{ "type": "Feature", "properties": { "geogrid_id": "2968577549043262662", "seqnum": 15990.0, "lat_c": -68.577549408026854, "lon_c": 43.262661830104108, "res": 7.0, "count_Birds": 2, "count_Mammals": 0, "count_Molluscs": 0, "count_Mosses": 3, "count_Insects": 0, "count_Sac Fungi": 4, "count_Flowering Plants": 0, "count_Arachnids": 0, "count_Basidiomycota": 0, "count_Amphibians": 0, "unique_species_count": 9.0, "countryCode": "AQ" }, "geometry": { "type": "MultiPolygon", "coordinates": [ [ [ [ 43.857947383963705, -67.680765364032538 ], [ 45.272606687643773, -68.40606953677657 ], [ 44.736148220859874, -69.312975627146315 ], [ 42.670874635969, -69.483140248934845 ], [ 41.239639643076934, -68.727027538695822 ], [ 41.889606499729169, -67.832593692145224 ], [ 43.857947383963705, -67.680765364032538 ] ] ] ] } },
{ "type": "Feature", "properties": { "geogrid_id": "2968577549159237338", "seqnum": 17205.0, "lat_c": -68.577549411379948, "lon_c": 159.2373381728529, "res": 7.0, "count_Birds": 4, "count_Mammals": 1, "count_Molluscs": 0, "count_Mosses": 0, "count_Insects": 0, "count_Sac Fungi": 0, "count_Flowering Plants": 0, "count_Arachnids": 0, "count_Basidiomycota": 0, "count_Amphibians": 0, "unique_species_count": 5.0, "countryCode": "AQ" }, "geometry": { "type": "MultiPolygon", "coordinates": [ [ [ [ 157.227393315054371, -68.406069540022841 ], [ 158.642052619025122, -67.680765367362426 ], [ 160.610393503512427, -67.83259369558013 ], [ 161.260360360169528, -68.727027542150267 ], [ 159.82912536698521, -69.483140252303457 ], [ 157.763851781795069, -69.312975630412026 ], [ 157.227393315054371, -68.406069540022841 ] ] ] ] } },
{ "type": "Feature", "properties": { "geogrid_id": "2968740295029574270", "seqnum": 15826.0, "lat_c": -68.7402947832731, "lon_c": 29.57426955975351, "res": 7.0, "count_Birds": 8, "count_Mammals": 2, "count_Molluscs": 3, "count_Mosses": 0, "count_Insects": 0, "count_Sac Fungi": 0, "count_Flowering Plants": 0, "count_Arachnids": 1, "count_Basidiomycota": 0, "count_Amphibians": 0, "unique_species_count": 14.0, "countryCode": "AQ" }, "geometry": { "type": "MultiPolygon", "coordinates": [ [ [ [ 31.483140042528142, -68.136704171688507 ], [ 32.077593454310907, -68.850060349557396 ], [ 30.145546367086531, -69.466755195781388 ], [ 27.603027808973625, -69.331178732399948 ], [ 27.107038780546851, -68.594471123291484 ], [ 29.047590444444189, -68.015552547700167 ], [ 31.483140042528142, -68.136704171688507 ] ] ] ] } },
{ "type": "Feature", "properties": { "geogrid_id": "2968740295172925730", "seqnum": 17203.0, "lat_c": -68.740294786138236, "lon_c": 172.92573044901224, "res": 7.0, "count_Birds": 1, "count_Mammals": 1, "count_Molluscs": 0, "count_Mosses": 0, "count_Insects": 0, "count_Sac Fungi": 0, "count_Flowering Plants": 0, "count_Arachnids": 0, "count_Basidiomycota": 0, "count_Amphibians": 0, "unique_species_count": 2.0, "countryCode": "AQ" }, "geometry": { "type": "MultiPolygon", "coordinates": [ [ [ [ 170.422406553974611, -68.850060352452317 ], [ 171.016859965920503, -68.136704174607374 ], [ 173.452409564464432, -68.015552550585113 ], [ 175.392961228675915, -68.594471126117767 ], [ 174.896972200113169, -69.331178735209747 ], [ 172.354453641520138, -69.466755198626217 ], [ 170.422406553974611, -68.850060352452317 ] ] ] ] } },
{ "type": "Feature", "properties": { "geogrid_id": "2968747620146027265", "seqnum": 17153.0, "lat_c": -68.747619885755597, "lon_c": 146.02726478706853, "res": 7.0, "count_Birds": 1, "count_Mammals": 0, "count_Molluscs": 0, "count_Mosses": 0, "count_Insects": 0, "count_Sac Fungi": 0, "count_Flowering Plants": 0, "count_Arachnids": 0, "count_Basidiomycota": 0, "count_Amphibians": 0, "unique_species_count": 1.0, "countryCode": "AQ" }, "geometry": { "type": "MultiPolygon", "coordinates": [ [ [ [ 144.09548187029506, -68.426097511208312 ], [ 145.842092029252115, -67.833938220109431 ], [ 147.755963703504023, -68.133491792325913 ], [ 147.995749471877076, -69.048565104507418 ], [ 146.182734899082106, -69.668197469347334 ], [ 144.198810209758165, -69.344247293293265 ], [ 144.09548187029506, -68.426097511208312 ] ] ] ] } },
{ "type": "Feature", "properties": { "geogrid_id": "2968860172108429471", "seqnum": 16859.0, "lat_c": -68.860171922473171, "lon_c": 108.42947120273908, "res": 7.0, "count_Birds": 4, "count_Mammals": 0, "count_Molluscs": 0, "count_Mosses": 0, "count_Insects": 0, "count_Sac Fungi": 0, "count_Flowering Plants": 0, "count_Arachnids": 0, "count_Basidiomycota": 0, "count_Amphibians": 0, "unique_species_count": 4.0, "countryCode": "AQ" }, "geometry": { "type": "MultiPolygon", "coordinates": [ [ [ [ 107.184474782788882, -68.188586846764863 ], [ 109.481456574021053, -68.0607415237385 ], [ 110.777763708453051, -68.715750112770209 ], [ 109.666452951860109, -69.527147179305416 ], [ 107.198636158244085, -69.654961999253999 ], [ 106.054290644567189, -68.971807076706028 ], [ 107.184474782788882, -68.188586846764863 ] ] ] ] } },
{ "type": "Feature", "properties": { "geogrid_id": "2968953440079629659", "seqnum": 16507.0, "lat_c": -68.95344044210951, "lon_c": 79.629658794436267, "res": 7.0, "count_Birds": 16, "count_Mammals": 5, "count_Molluscs": 16, "count_Mosses": 7, "count_Insects": 0, "count_Sac Fungi": 30, "count_Flowering Plants": 0, "count_Arachnids": 6, "count_Basidiomycota": 0, "count_Amphibians": 0, "unique_species_count": 80.0, "countryCode": "AQ" }, "geometry": { "type": "MultiPolygon", "coordinates": [ [ [ [ 79.026332581976106, -68.07749864887154 ], [ 81.194048817317309, -68.394818028388741 ], [ 81.899435689449675, -69.263112108061236 ], [ 80.336391652528164, -69.830715004609701 ], [ 78.017942002148331, -69.499242786722704 ], [ 77.426450594495947, -68.614721450971871 ], [ 79.026332581976106, -68.07749864887154 ] ] ] ] } },
{ "type": "Feature", "properties": { "geogrid_id": "2968960045165329414", "seqnum": 17204.0, "lat_c": -68.960045139579719, "lon_c": 165.32941399459861, "res": 7.0, "count_Birds": 2, "count_Mammals": 2, "count_Molluscs": 0, "count_Mosses": 0, "count_Insects": 0, "count_Sac Fungi": 0, "count_Flowering Plants": 0, "count_Arachnids": 0, "count_Basidiomycota": 0, "count_Amphibians": 0, "unique_species_count": 4.0, "countryCode": "AQ" }, "geometry": { "type": "MultiPolygon", "coordinates": [ [ [ [ 163.29243413149706, -68.854498227279365 ], [ 164.574121258946064, -68.070958409024072 ], [ 166.5618158420464, -68.157620995112481 ], [ 167.888519002372476, -68.923376473575587 ], [ 167.172888274975065, -69.625024729413425 ], [ 164.547122672298428, -69.647107745372878 ], [ 163.29243413149706, -68.854498227279365 ] ] ] ] } },
{ "type": "Feature", "properties": { "geogrid_id": "2969094843101250000", "seqnum": 16778.0, "lat_c": -69.094842547405818, "lon_c": 101.25000000001752, "res": 7.0, "count_Birds": 1, "count_Mammals": 0, "count_Molluscs": 0, "count_Mosses": 0, "count_Insects": 0, "count_Sac Fungi": 0, "count_Flowering Plants": 0, "count_Arachnids": 0, "count_Basidiomycota": 0, "count_Amphibians": 0, "unique_species_count": 1.0, "countryCode": "AQ" }, "geometry": { "type": "MultiPolygon", "coordinates": [ [ [ [ 100.017338586943566, -68.358480685693436 ], [ 102.482661414483204, -68.358480685520973 ], [ 103.658811967006841, -69.050151236214333 ], [ 102.430010379343756, -69.850508816180351 ], [ 100.069989620630551, -69.850508816238346 ], [ 98.841188033707979, -69.050151236197237 ], [ 100.017338586943566, -68.358480685693436 ] ] ] ] } },
{ "type": "Feature", "properties": { "geogrid_id": "2969120644155714737", "seqnum": 17179.0, "lat_c": -69.120643809685404, "lon_c": 155.714736696725, "res": 7.0, "count_Birds": 1, "count_Mammals": 0, "count_Molluscs": 0, "count_Mosses": 0, "count_Insects": 0, "count_Sac Fungi": 0, "count_Flowering Plants": 0, "count_Arachnids": 0, "count_Basidiomycota": 0, "count_Amphibians": 0, "unique_species_count": 1.0, "countryCode": "AQ" }, "geometry": { "type": "MultiPolygon", "coordinates": [ [ [ [ 153.68579128477856, -68.906271535821418 ], [ 155.234382289919068, -68.212681539023137 ], [ 157.227393315054371, -68.406069540022841 ], [ 157.763851781795069, -69.312975630412026 ], [ 156.176788792699426, -70.037799924759867 ], [ 154.092388000796177, -69.823350198523514 ], [ 153.68579128477856, -68.906271535821418 ] ] ] ] } },
{ "type": "Feature", "properties": { "geogrid_id": "2969138430075776864", "seqnum": 16453.0, "lat_c": -69.138429767970223, "lon_c": 75.77686405487303, "res": 7.0, "count_Birds": 21, "count_Mammals": 6, "count_Molluscs": 20, "count_Mosses": 8, "count_Insects": 0, "count_Sac Fungi": 19, "count_Flowering Plants": 0, "count_Arachnids": 0, "count_Basidiomycota": 0, "count_Amphibians": 0, "unique_species_count": 74.0, "countryCode": "AQ" }, "geometry": { "type": "MultiPolygon", "coordinates": [ [ [ [ 75.291388606912903, -68.248279906286911 ], [ 77.426450594495947, -68.614721450971871 ], [ 78.017942002148331, -69.499242786722704 ], [ 76.358984422341109, -70.03110673545045 ], [ 74.077423311782482, -69.647591989953824 ], [ 73.613206902948335, -68.74982100494779 ], [ 75.291388606912903, -68.248279906286911 ] ] ] ] } },
{ "type": "Feature", "properties": { "geogrid_id": "2969158704025101452", "seqnum": 15799.0, "lat_c": -69.158703669805902, "lon_c": 25.101451525629681, "res": 7.0, "count_Birds": 0, "count_Mammals": 1, "count_Molluscs": 0, "count_Mosses": 0, "count_Insects": 0, "count_Sac Fungi": 0, "count_Flowering Plants": 0, "count_Arachnids": 0, "count_Basidiomycota": 0, "count_Amphibians": 0, "unique_species_count": 1.0, "countryCode": "AQ" }, "geometry": { "type": "MultiPolygon", "coordinates": [ [ [ [ 27.107038780546851, -68.594471123291484 ], [ 27.603027808973625, -69.331178732399948 ], [ 25.557774201342689, -69.906157863165433 ], [ 23.021089198643061, -69.705220837555459 ], [ 22.646953486521426, -68.950090970309006 ], [ 24.681341409226999, -68.41315467340425 ], [ 27.107038780546851, -68.594471123291484 ] ] ] ] } },
{ "type": "Feature", "properties": { "geogrid_id": "2969158704177398548", "seqnum": 17176.0, "lat_c": -69.15870367257159, "lon_c": 177.39854848391147, "res": 7.0, "count_Birds": 3, "count_Mammals": 1, "count_Molluscs": 0, "count_Mosses": 0, "count_Insects": 0, "count_Sac Fungi": 0, "count_Flowering Plants": 0, "count_Arachnids": 0, "count_Basidiomycota": 0, "count_Amphibians": 0, "unique_species_count": 4.0, "countryCode": "AQ" }, "geometry": { "type": "MultiPolygon", "coordinates": [ [ [ [ 174.896972200113169, -69.331178735209747 ], [ 175.392961228675915, -68.594471126117767 ], [ 177.818658600426943, -68.413154676183126 ], [ 179.853046523445443, -68.950090973022085 ], [ 179.478910811222931, -69.705220840258079 ], [ 176.942225808072294, -69.90615786591772 ], [ 174.896972200113169, -69.331178735209747 ] ] ] ] } },
{ "type": "Feature", "properties": { "geogrid_id": "2969236184071884349", "seqnum": 16398.0, "lat_c": -69.236183866547336, "lon_c": 71.884348982839953, "res": 7.0, "count_Birds": 14, "count_Mammals": 3, "count_Molluscs": 6, "count_Mosses": 0, "count_Insects": 0, "count_Sac Fungi": 0, "count_Flowering Plants": 0, "count_Arachnids": 0, "count_Basidiomycota": 0, "count_Amphibians": 0, "unique_species_count": 23.0, "countryCode": "AQ" }, "geometry": { "type": "MultiPolygon", "coordinates": [ [ [ [ 71.5268293620164, -68.334899455170117 ], [ 73.613206902948335, -68.74982100494779 ], [ 74.077423311782482, -69.647591989953824 ], [ 72.328254463516444, -70.141234385110579 ], [ 70.104933920825616, -69.706442791063708 ], [ 69.777909708755999, -68.79857727565954 ], [ 71.5268293620164, -68.334899455170117 ] ] ] ] } },
{ "type": "Feature", "properties": { "geogrid_id": "2969245587067979002", "seqnum": 16344.0, "lat_c": -69.245587012012635, "lon_c": 67.979002239248487, "res": 7.0, "count_Birds": 0, "count_Mammals": 1, "count_Molluscs": 0, "count_Mosses": 0, "count_Insects": 0, "count_Sac Fungi": 1, "count_Flowering Plants": 0, "count_Arachnids": 0, "count_Basidiomycota": 0, "count_Amphibians": 0, "unique_species_count": 2.0, "countryCode": "AQ" }, "geometry": { "type": "MultiPolygon", "coordinates": [ [ [ [ 67.756215400587664, -68.336358398284901 ], [ 69.777909708755999, -68.79857727565954 ], [ 70.104933920825616, -69.706442791063708 ], [ 68.275408203609317, -70.159723463047541 ], [ 66.130686707874105, -69.675088411387506 ], [ 65.946763554861235, -68.760436723170827 ], [ 67.756215400587664, -68.336358398284901 ] ] ] ] } },
{ "type": "Feature", "properties": { "geogrid_id": "2969364807112089215", "seqnum": 16885.0, "lat_c": -69.364807298121121, "lon_c": 112.0892152694329, "res": 7.0, "count_Birds": 1, "count_Mammals": 0, "count_Molluscs": 0, "count_Mosses": 0, "count_Insects": 0, "count_Sac Fungi": 0, "count_Flowering Plants": 0, "count_Arachnids": 0, "count_Basidiomycota": 0, "count_Amphibians": 0, "unique_species_count": 1.0, "countryCode": "AQ" }, "geometry": { "type": "MultiPolygon", "coordinates": [ [ [ [ 110.777763708453051, -68.715750112770209 ], [ 113.093059441724719, -68.539177002808302 ], [ 114.468071634265385, -69.169366614088531 ], [ 113.409195734796114, -70.00420371190593 ], [ 110.881887153976791, -70.182851958356125 ], [ 109.666452951860109, -69.527147179305416 ], [ 110.777763708453051, -68.715750112770209 ] ] ] ] } },
{ "type": "Feature", "properties": { "geogrid_id": "2969467669001961514", "seqnum": 15224.0, "lat_c": -69.467668828908771, "lon_c": 1.961513571245316, "res": 7.0, "count_Birds": 1, "count_Mammals": 2, "count_Molluscs": 0, "count_Mosses": 0, "count_Insects": 0, "count_Sac Fungi": 0, "count_Flowering Plants": 0, "count_Arachnids": 0, "count_Basidiomycota": 0, "count_Amphibians": 0, "unique_species_count": 3.0, "countryCode": "AQ" }, "geometry": { "type": "MultiPolygon", "coordinates": [ [ [ [ 2.254899796184094, -68.706247431149336 ], [ 4.384287048624545, -69.194598486268461 ], [ 4.150769679840151, -69.96314763666139 ], [ 1.642485755995047, -70.231152292349122 ], [ -0.52108915939096, -69.705220842285385 ], [ -0.146953448271887, -68.950090974967907 ], [ 2.254899796184094, -68.706247431149336 ] ] ] ] } },
{ "type": "Feature", "properties": { "geogrid_id": "2969467669020538486", "seqnum": 15771.0, "lat_c": -69.467668824705967, "lon_c": 20.538486468232492, "res": 7.0, "count_Birds": 1, "count_Mammals": 0, "count_Molluscs": 0, "count_Mosses": 0, "count_Insects": 0, "count_Sac Fungi": 0, "count_Flowering Plants": 0, "count_Arachnids": 0, "count_Basidiomycota": 0, "count_Amphibians": 0, "unique_species_count": 1.0, "countryCode": "AQ" }, "geometry": { "type": "MultiPolygon", "coordinates": [ [ [ [ 22.646953486521426, -68.950090970309006 ], [ 23.021089198643061, -69.705220837555459 ], [ 20.857514284589779, -70.231152288084061 ], [ 18.349230360853706, -69.963147632936682 ], [ 18.11571299094015, -69.194598482591317 ], [ 20.245100242259262, -68.706247427004286 ], [ 22.646953486521426, -68.950090970309006 ] ] ] ] } },
{ "type": "Feature", "properties": { "geogrid_id": "2969564839169777525", "seqnum": 17177.0, "lat_c": -69.56483947825734, "lon_c": 169.77752538795224, "res": 7.0, "count_Birds": 3, "count_Mammals": 1, "count_Molluscs": 0, "count_Mosses": 0, "count_Insects": 0, "count_Sac Fungi": 0, "count_Flowering Plants": 0, "count_Arachnids": 0, "count_Basidiomycota": 0, "count_Amphibians": 0, "unique_species_count": 4.0, "countryCode": "AQ" }, "geometry": { "type": "MultiPolygon", "coordinates": [ [ [ [ 167.172888274975065, -69.625024729413425 ], [ 167.888519002372476, -68.923376473575587 ], [ 170.422406553974611, -68.850060352452317 ], [ 172.354453641520138, -69.466755198626217 ], [ 171.733593677216504, -70.194514835772338 ], [ 169.076667666122489, -70.280528505757175 ], [ 167.172888274975065, -69.625024729413425 ] ] ] ] } },
{ "type": "Feature", "properties": { "geogrid_id": "2969631104040593668", "seqnum": 15963.0, "lat_c": -69.631103751508746, "lon_c": 40.593668425586863, "res": 7.0, "count_Birds": 4, "count_Mammals": 0, "count_Molluscs": 0, "count_Mosses": 7, "count_Insects": 0, "count_Sac Fungi": 6, "count_Flowering Plants": 0, "count_Arachnids": 4, "count_Basidiomycota": 0, "count_Amphibians": 0, "unique_species_count": 21.0, "countryCode": "AQ" }, "geometry": { "type": "MultiPolygon", "coordinates": [ [ [ [ 41.239639643076934, -68.727027538695822 ], [ 42.670874635969, -69.483140248934845 ], [ 41.509775276883055, -70.301732535304808 ], [ 38.802720312870228, -70.334210015194699 ], [ 37.952877334748301, -69.647107742481936 ], [ 39.207565872068081, -68.854498223729635 ], [ 41.239639643076934, -68.727027538695822 ] ] ] ] } },
{ "type": "Feature", "properties": { "geogrid_id": "2969631104161906332", "seqnum": 17178.0, "lat_c": -69.631103754394445, "lon_c": 161.90633158091225, "res": 7.0, "count_Birds": 0, "count_Mammals": 0, "count_Molluscs": 7, "count_Mosses": 0, "count_Insects": 0, "count_Sac Fungi": 2, "count_Flowering Plants": 0, "count_Arachnids": 0, "count_Basidiomycota": 0, "count_Amphibians": 0, "unique_species_count": 9.0, "countryCode": "AQ" }, "geometry": { "type": "MultiPolygon", "coordinates": [ [ [ [ 159.82912536698521, -69.483140252303457 ], [ 161.260360360169528, -68.727027542150267 ], [ 163.29243413149706, -68.854498227279365 ], [ 164.547122672298428, -69.647107745372878 ], [ 163.697279693931847, -70.334210018049291 ], [ 160.990224729355361, -70.301732538148016 ], [ 159.82912536698521, -69.483140252303457 ] ] ] ] } },
{ "type": "Feature", "properties": { "geogrid_id": "2969659511015909034", "seqnum": 15743.0, "lat_c": -69.659511441777596, "lon_c": 15.90903402737038, "res": 7.0, "count_Birds": 1, "count_Mammals": 0, "count_Molluscs": 0, "count_Mosses": 0, "count_Insects": 0, "count_Sac Fungi": 0, "count_Flowering Plants": 0, "count_Arachnids": 0, "count_Basidiomycota": 0, "count_Amphibians": 0, "unique_species_count": 1.0, "countryCode": "AQ" }, "geometry": { "type": "MultiPolygon", "coordinates": [ [ [ [ 18.11571299094015, -69.194598482591317 ], [ 18.349230360853706, -69.963147632936682 ], [ 16.07379062388674, -70.433870758466398 ], [ 13.621258987926492, -70.098462350208237 ], [ 13.541476925238811, -69.321632403167243 ], [ 15.757604843269274, -68.887217948137931 ], [ 18.11571299094015, -69.194598482591317 ] ] ] ] } },
{ "type": "Feature", "properties": { "geogrid_id": "2969729065011250000", "seqnum": 15716.0, "lat_c": -69.729065087243157, "lon_c": 11.250000019920185, "res": 7.0, "count_Birds": 15, "count_Mammals": 0, "count_Molluscs": 0, "count_Mosses": 0, "count_Insects": 0, "count_Sac Fungi": 0, "count_Flowering Plants": 0, "count_Arachnids": 0, "count_Basidiomycota": 0, "count_Amphibians": 0, "unique_species_count": 15.0, "countryCode": "AQ" }, "geometry": { "type": "MultiPolygon", "coordinates": [ [ [ [ 13.541476925238811, -69.321632403167243 ], [ 13.621258987926492, -70.098462350208237 ], [ 11.250000020549519, -70.508990691040339 ], [ 8.878741053783529, -70.098462352886969 ], [ 8.958523115252978, -69.32163240582635 ], [ 11.250000019336355, -68.950966459439201 ], [ 13.541476925238811, -69.321632403167243 ] ] ] ] } },
{ "type": "Feature", "properties": { "geogrid_id": "2969742092104653192", "seqnum": 16804.0, "lat_c": -69.74209159336975, "lon_c": 104.65319219393025, "res": 7.0, "count_Birds": 4, "count_Mammals": 0, "count_Molluscs": 0, "count_Mosses": 0, "count_Insects": 0, "count_Sac Fungi": 0, "count_Flowering Plants": 0, "count_Arachnids": 0, "count_Basidiomycota": 0, "count_Amphibians": 0, "unique_species_count": 4.0, "countryCode": "AQ" }, "geometry": { "type": "MultiPolygon", "coordinates": [ [ [ [ 103.658811967006841, -69.050151236214333 ], [ 106.054290644567189, -68.971807076706028 ], [ 107.198636158244085, -69.654961999253999 ], [ 106.058646441497004, -70.489783352484835 ], [ 103.69757499874197, -70.597773950342116 ], [ 102.430010379343756, -69.850508816180351 ], [ 103.658811967006841, -69.050151236214333 ] ] ] ] } },
{ "type": "Feature", "properties": { "geogrid_id": "2970069521028141968", "seqnum": 15853.0, "lat_c": -70.069521139789813, "lon_c": 28.141967632291383, "res": 7.0, "count_Birds": 0, "count_Mammals": 0, "count_Molluscs": 0, "count_Mosses": 0, "count_Insects": 0, "count_Sac Fungi": 1, "count_Flowering Plants": 0, "count_Arachnids": 0, "count_Basidiomycota": 0, "count_Amphibians": 0, "unique_species_count": 1.0, "countryCode": "AQ" }, "geometry": { "type": "MultiPolygon", "coordinates": [ [ [ [ 30.145546367086531, -69.466755195781388 ], [ 30.766406331212508, -70.194514832948443 ], [ 28.728886714130773, -70.809124929479637 ], [ 26.054582094269875, -70.655226986913618 ], [ 25.557774201342689, -69.906157863165433 ], [ 27.603027808973625, -69.331178732399948 ], [ 30.145546367086531, -69.466755195781388 ] ] ] ] } },
{ "type": "Feature", "properties": { "geogrid_id": "2970069521174358032", "seqnum": 17149.0, "lat_c": -70.069521142582715, "lon_c": 174.35803237664339, "res": 7.0, "count_Birds": 2, "count_Mammals": 4, "count_Molluscs": 0, "count_Mosses": 0, "count_Insects": 0, "count_Sac Fungi": 0, "count_Flowering Plants": 0, "count_Arachnids": 0, "count_Basidiomycota": 0, "count_Amphibians": 0, "unique_species_count": 6.0, "countryCode": "AQ" }, "geometry": { "type": "MultiPolygon", "coordinates": [ [ [ [ 171.733593677216504, -70.194514835772338 ], [ 172.354453641520138, -69.466755198626217 ], [ 174.896972200113169, -69.331178735209747 ], [ 176.942225808072294, -69.90615786591772 ], [ 176.445417915003446, -70.655226989652206 ], [ 173.771113294633494, -70.809124932255116 ], [ 171.733593677216504, -70.194514835772338 ] ] ] ] } },
{ "type": "Feature", "properties": { "geogrid_id": "2970131189082732463", "seqnum": 16534.0, "lat_c": -70.131188702143632, "lon_c": 82.732463379353703, "res": 7.0, "count_Birds": 1, "count_Mammals": 0, "count_Molluscs": 0, "count_Mosses": 0, "count_Insects": 0, "count_Sac Fungi": 0, "count_Flowering Plants": 0, "count_Arachnids": 0, "count_Basidiomycota": 0, "count_Amphibians": 0, "unique_species_count": 1.0, "countryCode": "AQ" }, "geometry": { "type": "MultiPolygon", "coordinates": [ [ [ [ 81.899435689449675, -69.263112108061236 ], [ 84.233849698960526, -69.542406029925417 ], [ 85.207924817908989, -70.398735658310429 ], [ 83.766200339390224, -70.993785484549889 ], [ 81.197891482642063, -70.706716143439138 ], [ 80.336391652528164, -69.830715004609701 ], [ 81.899435689449675, -69.263112108061236 ] ] ] ] } },
{ "type": "Feature", "properties": { "geogrid_id": "2970230002158280672", "seqnum": 17151.0, "lat_c": -70.230001557367046, "lon_c": 158.28067156173304, "res": 7.0, "count_Birds": 1, "count_Mammals": 0, "count_Molluscs": 0, "count_Mosses": 0, "count_Insects": 0, "count_Sac Fungi": 0, "count_Flowering Plants": 0, "count_Arachnids": 0, "count_Basidiomycota": 0, "count_Amphibians": 0, "unique_species_count": 1.0, "countryCode": "AQ" }, "geometry": { "type": "MultiPolygon", "coordinates": [ [ [ [ 156.176788792699426, -70.037799924759867 ], [ 157.763851781795069, -69.312975630412026 ], [ 159.82912536698521, -69.483140252303457 ], [ 160.990224729355361, -70.301732538148016 ], [ 159.994043067756166, -70.97102313518424 ], [ 157.221076730288388, -70.880882320601344 ], [ 156.176788792699426, -70.037799924759867 ] ] ] ] } },
{ "type": "Feature", "properties": { "geogrid_id": "2970327156166395254", "seqnum": 17150.0, "lat_c": -70.327155987999092, "lon_c": 166.39525379762523, "res": 7.0, "count_Birds": 2, "count_Mammals": 0, "count_Molluscs": 0, "count_Mosses": 0, "count_Insects": 0, "count_Sac Fungi": 0, "count_Flowering Plants": 0, "count_Arachnids": 0, "count_Basidiomycota": 0, "count_Amphibians": 0, "unique_species_count": 2.0, "countryCode": "AQ" }, "geometry": { "type": "MultiPolygon", "coordinates": [ [ [ [ 163.697279693931847, -70.334210018049291 ], [ 164.547122672298428, -69.647107745372878 ], [ 167.172888274975065, -69.625024729413425 ], [ 169.076667666122489, -70.280528505757175 ], [ 168.313481262223263, -70.996551140102369 ], [ 165.548744008240703, -71.029077492734658 ], [ 163.697279693931847, -70.334210018049291 ] ] ] ] } },
{ "type": "Feature", "properties": { "geogrid_id": "2970462234023428215", "seqnum": 15825.0, "lat_c": -70.462233592370254, "lon_c": 23.428214722455127, "res": 7.0, "count_Birds": 0, "count_Mammals": 4, "count_Molluscs": 3, "count_Mosses": 0, "count_Insects": 0, "count_Sac Fungi": 0, "count_Flowering Plants": 0, "count_Arachnids": 0, "count_Basidiomycota": 0, "count_Amphibians": 0, "unique_species_count": 7.0, "countryCode": "AQ" }, "geometry": { "type": "MultiPolygon", "coordinates": [ [ [ [ 25.557774201342689, -69.906157863165433 ], [ 26.054582094269875, -70.655226986913618 ], [ 23.872388646788959, -71.220886028054409 ], [ 21.205334833266051, -70.996519055472135 ], [ 20.857514284589779, -70.231152288084061 ], [ 23.021089198643061, -69.705220837555459 ], [ 25.557774201342689, -69.906157863165433 ] ] ] ] } },
{ "type": "Feature", "properties": { "geogrid_id": "2970462234179071785", "seqnum": 17121.0, "lat_c": -70.462233595062301, "lon_c": 179.07178528729759, "res": 7.0, "count_Birds": 2, "count_Mammals": 4, "count_Molluscs": 0, "count_Mosses": 0, "count_Insects": 0, "count_Sac Fungi": 0, "count_Flowering Plants": 0, "count_Arachnids": 0, "count_Basidiomycota": 0, "count_Amphibians": 0, "unique_species_count": 6.0, "countryCode": "AQ" }, "geometry": { "type": "MultiPolygon", "coordinates": [ [ [ [ 178.627611362836006, -71.220886030735656 ], [ 176.445417915003446, -70.655226989652206 ], [ 176.942225808072294, -69.90615786591772 ], [ 179.478910811222931, -69.705220840258079 ], [ 180.0, -69.831889526907943 ], [ 180.0, -71.105433285769323 ], [ 178.627611362836006, -71.220886030735656 ] ] ], [ [ [ -178.357514274391036, -70.23115229072063 ], [ -178.705334823164463, -70.996519058100645 ], [ -180.0, -71.105433285769323 ], [ -180.0, -69.831889526907943 ], [ -178.357514274391036, -70.23115229072063 ] ] ] ] } },
{ "type": "Feature", "properties": { "geogrid_id": "2970547995074653136", "seqnum": 16425.0, "lat_c": -70.547994821764348, "lon_c": 74.653136123420467, "res": 7.0, "count_Birds": 0, "count_Mammals": 2, "count_Molluscs": 0, "count_Mosses": 2, "count_Insects": 0, "count_Sac Fungi": 3, "count_Flowering Plants": 0, "count_Arachnids": 0, "count_Basidiomycota": 0, "count_Amphibians": 0, "unique_species_count": 7.0, "countryCode": "AQ" }, "geometry": { "type": "MultiPolygon", "coordinates": [ [ [ [ 74.077423311782482, -69.647591989953824 ], [ 76.358984422341109, -70.03110673545045 ], [ 77.084994970284157, -70.924439500459428 ], [ 75.398767138677044, -71.448415629690146 ], [ 72.901035941582677, -71.048958889384053 ], [ 72.328254463516444, -70.141234385110579 ], [ 74.077423311782482, -69.647591989953824 ] ] ] ] } },
{ "type": "Feature", "properties": { "geogrid_id": "2970595211066396581", "seqnum": 16316.0, "lat_c": -70.595210572146911, "lon_c": 66.396580701646229, "res": 7.0, "count_Birds": 2, "count_Mammals": 0, "count_Molluscs": 0, "count_Mosses": 5, "count_Insects": 0, "count_Sac Fungi": 17, "count_Flowering Plants": 0, "count_Arachnids": 0, "count_Basidiomycota": 0, "count_Amphibians": 0, "unique_species_count": 24.0, "countryCode": "AQ" }, "geometry": { "type": "MultiPolygon", "coordinates": [ [ [ [ 66.130686707874105, -69.675088411387506 ], [ 68.275408203609317, -70.159723463047541 ], [ 68.682810482376951, -71.078400694068606 ], [ 66.788452827584564, -71.520335301567769 ], [ 64.469654965581952, -71.012155473067082 ], [ 64.233919342739199, -70.086292024192957 ], [ 66.130686707874105, -69.675088411387506 ] ] ] ] } },
{ "type": "Feature", "properties": { "geogrid_id": "2970618449070529792", "seqnum": 16371.0, "lat_c": -70.618448900791236, "lon_c": 70.529792055915024, "res": 7.0, "count_Birds": 0, "count_Mammals": 0, "count_Molluscs": 0, "count_Mosses": 0, "count_Insects": 0, "count_Sac Fungi": 1, "count_Flowering Plants": 0, "count_Arachnids": 0, "count_Basidiomycota": 0, "count_Amphibians": 0, "unique_species_count": 1.0, "countryCode": "AQ" }, "geometry": { "type": "MultiPolygon", "coordinates": [ [ [ [ 70.104933920825616, -69.706442791063708 ], [ 72.328254463516444, -70.141234385110579 ], [ 72.901035941582677, -71.048958889384053 ], [ 71.10363404397134, -71.533147555429963 ], [ 68.682810482376951, -71.078400694068606 ], [ 68.275408203609317, -70.159723463047541 ], [ 70.104933920825616, -69.706442791063708 ] ] ] ] } },
{ "type": "Feature", "properties": { "geogrid_id": "2970877236013708187", "seqnum": 15770.0, "lat_c": -70.877235564404401, "lon_c": 13.708187031281307, "res": 7.0, "count_Birds": 4, "count_Mammals": 0, "count_Molluscs": 0, "count_Mosses": 4, "count_Insects": 0, "count_Sac Fungi": 17, "count_Flowering Plants": 0, "count_Arachnids": 2, "count_Basidiomycota": 1, "count_Amphibians": 0, "unique_species_count": 28.0, "countryCode": "AQ" }, "geometry": { "type": "MultiPolygon", "coordinates": [ [ [ [ 16.07379062388674, -70.433870758466398 ], [ 16.253554665131443, -71.210196532782831 ], [ 13.803187683096207, -71.657875496961893 ], [ 11.250000021230173, -71.290679822763295 ], [ 11.250000020549519, -70.508990691040339 ], [ 13.621258987926492, -70.098462350208237 ], [ 16.07379062388674, -70.433870758466398 ] ] ] ] } },
{ "type": "Feature", "properties": { "geogrid_id": "2970923104171057420", "seqnum": 17122.0, "lat_c": -70.923104483608384, "lon_c": 171.05742023822307, "res": 7.0, "count_Birds": 8, "count_Mammals": 9, "count_Molluscs": 57, "count_Mosses": 0, "count_Insects": 0, "count_Sac Fungi": 0, "count_Flowering Plants": 0, "count_Arachnids": 4, "count_Basidiomycota": 0, "count_Amphibians": 0, "unique_species_count": 78.0, "countryCode": "AQ" }, "geometry": { "type": "MultiPolygon", "coordinates": [ [ [ [ 168.313481262223263, -70.996551140102369 ], [ 169.076667666122489, -70.280528505757175 ], [ 171.733593677216504, -70.194514835772338 ], [ 173.771113294633494, -70.809124932255116 ], [ 173.130391756472392, -71.549571353570272 ], [ 170.319321248252351, -71.651995699804345 ], [ 168.313481262223263, -70.996551140102369 ] ] ] ] } },
{ "type": "Feature", "properties": { "geogrid_id": "2971020536162772613", "seqnum": 17123.0, "lat_c": -71.020535669293011, "lon_c": 162.77261279387542, "res": 7.0, "count_Birds": 1, "count_Mammals": 0, "count_Molluscs": 1, "count_Mosses": 1, "count_Insects": 0, "count_Sac Fungi": 0, "count_Flowering Plants": 0, "count_Arachnids": 0, "count_Basidiomycota": 0, "count_Amphibians": 0, "unique_species_count": 3.0, "countryCode": "AQ" }, "geometry": { "type": "MultiPolygon", "coordinates": [ [ [ [ 159.994043067756166, -70.97102313518424 ], [ 160.990224729355361, -70.301732538148016 ], [ 163.697279693931847, -70.334210018049291 ], [ 165.548744008240703, -71.029077492734658 ], [ 164.62551289011401, -71.730006576362499 ], [ 161.764875622807807, -71.705162809123053 ], [ 159.994043067756166, -70.97102313518424 ] ] ] ] } },
{ "type": "Feature", "properties": { "geogrid_id": "2971405588026596836", "seqnum": 15880.0, "lat_c": -71.405587731089824, "lon_c": 26.596835761345879, "res": 7.0, "count_Birds": 1, "count_Mammals": 0, "count_Molluscs": 0, "count_Mosses": 0, "count_Insects": 0, "count_Sac Fungi": 0, "count_Flowering Plants": 0, "count_Arachnids": 0, "count_Basidiomycota": 0, "count_Amphibians": 0, "unique_species_count": 1.0, "countryCode": "AQ" }, "geometry": { "type": "MultiPolygon", "coordinates": [ [ [ [ 28.728886714130773, -70.809124929479637 ], [ 29.369608252099876, -71.549571350812897 ], [ 27.19032388641179, -72.156877433082158 ], [ 24.358356055458824, -71.980907987643135 ], [ 23.872388646788959, -71.220886028054409 ], [ 26.054582094269875, -70.655226986913618 ], [ 28.728886714130773, -70.809124929479637 ] ] ] ] } },
{ "type": "Feature", "properties": { "geogrid_id": "2971405588175903164", "seqnum": 17095.0, "lat_c": -71.405587733814286, "lon_c": 175.90316424776779, "res": 7.0, "count_Birds": 4, "count_Mammals": 0, "count_Molluscs": 5, "count_Mosses": 0, "count_Insects": 0, "count_Sac Fungi": 0, "count_Flowering Plants": 0, "count_Arachnids": 0, "count_Basidiomycota": 0, "count_Amphibians": 0, "unique_species_count": 9.0, "countryCode": "AQ" }, "geometry": { "type": "MultiPolygon", "coordinates": [ [ [ [ 173.130391756472392, -71.549571353570272 ], [ 173.771113294633494, -70.809124932255116 ], [ 176.445417915003446, -70.655226989652206 ], [ 178.627611362836006, -71.220886030735656 ], [ 178.141643954021447, -71.980907990313298 ], [ 175.309676122521125, -72.156877435791927 ], [ 173.130391756472392, -71.549571353570272 ] ] ] ] } },
{ "type": "Feature", "properties": { "geogrid_id": "2971712257167480671", "seqnum": 17096.0, "lat_c": -71.7122568191064, "lon_c": 167.48067099467991, "res": 7.0, "count_Birds": 7, "count_Mammals": 5, "count_Molluscs": 9, "count_Mosses": 0, "count_Insects": 0, "count_Sac Fungi": 3, "count_Flowering Plants": 0, "count_Arachnids": 1, "count_Basidiomycota": 0, "count_Amphibians": 0, "unique_species_count": 25.0, "countryCode": "AQ" }, "geometry": { "type": "MultiPolygon", "coordinates": [ [ [ [ 164.62551289011401, -71.730006576362499 ], [ 165.548744008240703, -71.029077492734658 ], [ 168.313481262223263, -70.996551140102369 ], [ 170.319321248252351, -71.651995699804345 ], [ 169.511636847589273, -72.380589719896392 ], [ 166.569831984515162, -72.42690719661735 ], [ 164.62551289011401, -71.730006576362499 ] ] ] ] } },
{ "type": "Feature", "properties": { "geogrid_id": "2971763573000914365", "seqnum": 15223.0, "lat_c": -71.763573341435617, "lon_c": 0.91436480789858499, "res": 7.0, "count_Birds": 2, "count_Mammals": 0, "count_Molluscs": 0, "count_Mosses": 0, "count_Insects": 0, "count_Sac Fungi": 18, "count_Flowering Plants": 0, "count_Arachnids": 4, "count_Basidiomycota": 0, "count_Amphibians": 0, "unique_species_count": 24.0, "countryCode": "AQ" }, "geometry": { "type": "MultiPolygon", "coordinates": [ [ [ [ 1.294665208506184, -70.996519059804456 ], [ 3.618558179382199, -71.506177718026137 ], [ 3.314085033790374, -72.280368797195138 ], [ 0.497243901510092, -72.532099010370629 ], [ -1.858356012769986, -71.980907992622534 ], [ -1.372388605324128, -71.220886032943881 ], [ 1.294665208506184, -70.996519059804456 ] ] ] ] } },
{ "type": "Feature", "properties": { "geogrid_id": "2971763573021585635", "seqnum": 15852.0, "lat_c": -71.76357333703038, "lon_c": 21.58563523515036, "res": 7.0, "count_Birds": 0, "count_Mammals": 0, "count_Molluscs": 0, "count_Mosses": 0, "count_Insects": 0, "count_Sac Fungi": 1, "count_Flowering Plants": 0, "count_Arachnids": 0, "count_Basidiomycota": 0, "count_Amphibians": 0, "unique_species_count": 1.0, "countryCode": "AQ" }, "geometry": { "type": "MultiPolygon", "coordinates": [ [ [ [ 23.872388646788959, -71.220886028054409 ], [ 24.358356055458824, -71.980907987643135 ], [ 22.002756142915054, -72.532099005886138 ], [ 19.185915010840723, -72.280368793303566 ], [ 18.881441863834066, -71.50617771419472 ], [ 21.205334833266051, -70.996519055472135 ], [ 23.872388646788959, -71.220886028054409 ] ] ] ] } },
{ "type": "Feature", "properties": { "geogrid_id": "2971955925073674062", "seqnum": 16397.0, "lat_c": -71.955924533617036, "lon_c": 73.674062168731709, "res": 7.0, "count_Birds": 0, "count_Mammals": 0, "count_Molluscs": 0, "count_Mosses": 1, "count_Insects": 0, "count_Sac Fungi": 0, "count_Flowering Plants": 0, "count_Arachnids": 0, "count_Basidiomycota": 0, "count_Amphibians": 0, "unique_species_count": 1.0, "countryCode": "AQ" }, "geometry": { "type": "MultiPolygon", "coordinates": [ [ [ [ 72.901035941582677, -71.048958889384053 ], [ 75.398767138677044, -71.448415629690146 ], [ 75.694467361725373, -72.365413478921724 ], [ 73.250624299273596, -72.8867075041737 ], [ 71.18326917686295, -72.453545485697106 ], [ 71.10363404397134, -71.533147555429963 ], [ 72.901035941582677, -71.048958889384053 ] ] ] ] } },
{ "type": "Feature", "properties": { "geogrid_id": "2971988384006049698", "seqnum": 15277.0, "lat_c": -71.988384002151463, "lon_c": 6.049698309212169, "res": 7.0, "count_Birds": 3, "count_Mammals": 0, "count_Molluscs": 0, "count_Mosses": 1, "count_Insects": 0, "count_Sac Fungi": 0, "count_Flowering Plants": 0, "count_Arachnids": 3, "count_Basidiomycota": 0, "count_Amphibians": 0, "unique_species_count": 7.0, "countryCode": "AQ" }, "geometry": { "type": "MultiPolygon", "coordinates": [ [ [ [ 6.246445378071756, -71.210196536044592 ], [ 8.696812361353935, -71.657875499683797 ], [ 8.592644360275109, -72.440303355010869 ], [ 5.833629345079651, -72.768322095861862 ], [ 3.314085033790374, -72.280368797195138 ], [ 3.618558179382199, -71.506177718026137 ], [ 6.246445378071756, -71.210196536044592 ] ] ] ] } },
{ "type": "Feature", "properties": { "geogrid_id": "2971999813069262211", "seqnum": 16343.0, "lat_c": -71.999812592021328, "lon_c": 69.262211344970268, "res": 7.0, "count_Birds": 0, "count_Mammals": 0, "count_Molluscs": 0, "count_Mosses": 0, "count_Insects": 0, "count_Sac Fungi": 1, "count_Flowering Plants": 0, "count_Arachnids": 0, "count_Basidiomycota": 0, "count_Amphibians": 0, "unique_species_count": 1.0, "countryCode": "AQ" }, "geometry": { "type": "MultiPolygon", "coordinates": [ [ [ [ 68.682810482376951, -71.078400694068606 ], [ 71.10363404397134, -71.533147555429963 ], [ 71.18326917686295, -72.453545485697106 ], [ 68.594501927557587, -72.917510531089121 ], [ 66.649662462388505, -72.439051026572983 ], [ 66.788452827584564, -71.520335301567769 ], [ 68.682810482376951, -71.078400694068606 ] ] ] ] } },
{ "type": "Feature", "properties": { "geogrid_id": "2972074068011250000", "seqnum": 15797.0, "lat_c": -72.07406810251392, "lon_c": 11.25000002196899, "res": 7.0, "count_Birds": 1, "count_Mammals": 0, "count_Molluscs": 0, "count_Mosses": 0, "count_Insects": 0, "count_Sac Fungi": 0, "count_Flowering Plants": 0, "count_Arachnids": 7, "count_Basidiomycota": 0, "count_Amphibians": 0, "unique_species_count": 8.0, "countryCode": "AQ" }, "geometry": { "type": "MultiPolygon", "coordinates": [ [ [ [ 13.803187683096207, -71.657875496961893 ], [ 13.907355685724063, -72.440303352265062 ], [ 11.250000022774088, -72.859090246409906 ], [ 8.592644360275109, -72.440303355010869 ], [ 8.696812361353935, -71.657875499683797 ], [ 11.250000021230173, -71.290679822763295 ], [ 13.803187683096207, -71.657875496961893 ] ] ] ] } },
{ "type": "Feature", "properties": { "geogrid_id": "2972290388172429093", "seqnum": 17068.0, "lat_c": -72.290387689310506, "lon_c": 172.42909305556589, "res": 7.0, "count_Birds": 10, "count_Mammals": 8, "count_Molluscs": 67, "count_Mosses": 7, "count_Insects": 6, "count_Sac Fungi": 37, "count_Flowering Plants": 0, "count_Arachnids": 9, "count_Basidiomycota": 0, "count_Amphibians": 0, "unique_species_count": 144.0, "countryCode": "AQ" }, "geometry": { "type": "MultiPolygon", "coordinates": [ [ [ [ 169.511636847589273, -72.380589719896392 ], [ 170.319321248252351, -71.651995699804345 ], [ 173.130391756472392, -71.549571353570272 ], [ 175.309676122521125, -72.156877435791927 ], [ 174.658161932064388, -72.908686124846568 ], [ 171.659297593489327, -73.031036433109321 ], [ 169.511636847589273, -72.380589719896392 ] ] ] ] } },
{ "type": "Feature", "properties": { "geogrid_id": "2972429055163616582", "seqnum": 17069.0, "lat_c": -72.429054952530151, "lon_c": 163.61658184783315, "res": 7.0, "count_Birds": 0, "count_Mammals": 0, "count_Molluscs": 0, "count_Mosses": 2, "count_Insects": 0, "count_Sac Fungi": 1, "count_Flowering Plants": 0, "count_Arachnids": 0, "count_Basidiomycota": 0, "count_Amphibians": 0, "unique_species_count": 3.0, "countryCode": "AQ" }, "geometry": { "type": "MultiPolygon", "coordinates": [ [ [ [ 160.664706838154018, -72.38704645652399 ], [ 161.764875622807807, -71.705162809123053 ], [ 164.62551289011401, -71.730006576362499 ], [ 166.569831984515162, -72.42690719661735 ], [ 165.571251104586906, -73.139659491471875 ], [ 162.511656401221842, -73.125209602542085 ], [ 160.664706838154018, -72.38704645652399 ] ] ] ] } },
{ "type": "Feature", "properties": { "geogrid_id": "2972741997177608303", "seqnum": 17040.0, "lat_c": -72.741996962335818, "lon_c": 177.60830295314565, "res": 7.0, "count_Birds": 8, "count_Mammals": 0, "count_Molluscs": 11, "count_Mosses": 0, "count_Insects": 0, "count_Sac Fungi": 0, "count_Flowering Plants": 0, "count_Arachnids": 0, "count_Basidiomycota": 0, "count_Amphibians": 0, "unique_species_count": 19.0, "countryCode": "AQ" }, "geometry": { "type": "MultiPolygon", "coordinates": [ [ [ [ 177.020985315602246, -73.503811181347942 ], [ 174.658161932064388, -72.908686124846568 ], [ 175.309676122521125, -72.156877435791927 ], [ 178.141643954021447, -71.980907990313298 ], [ 180.0, -72.415748030640415 ], [ 180.0, -73.30440953908527 ], [ 177.020985315602246, -73.503811181347942 ] ] ], [ [ [ -179.502756133048791, -72.532099008498164 ], [ -179.961841216404139, -73.301855364325533 ], [ -180.0, -73.30440953908527 ], [ -180.0, -72.415748030640415 ], [ -179.502756133048791, -72.532099008498164 ] ] ] ] } },
{ "type": "Feature", "properties": { "geogrid_id": "2973108204168625458", "seqnum": 17041.0, "lat_c": -73.10820365461926, "lon_c": 168.62545757999638, "res": 7.0, "count_Birds": 4, "count_Mammals": 6, "count_Molluscs": 0, "count_Mosses": 4, "count_Insects": 1, "count_Sac Fungi": 25, "count_Flowering Plants": 0, "count_Arachnids": 6, "count_Basidiomycota": 0, "count_Amphibians": 0, "unique_species_count": 46.0, "countryCode": "AQ" }, "geometry": { "type": "MultiPolygon", "coordinates": [ [ [ [ 165.571251104586906, -73.139659491471875 ], [ 166.569831984515162, -72.42690719661735 ], [ 169.511636847589273, -72.380589719896392 ], [ 171.659297593489327, -73.031036433109321 ], [ 170.811701288141364, -73.77090162674169 ], [ 167.650378700054773, -73.834053221578671 ], [ 165.571251104586906, -73.139659491471875 ] ] ] ] } },
{ "type": "Feature", "properties": { "geogrid_id": "2973660546173940608", "seqnum": 17014.0, "lat_c": -73.66054641177378, "lon_c": 173.9406078614162, "res": 7.0, "count_Birds": 5, "count_Mammals": 3, "count_Molluscs": 13, "count_Mosses": 0, "count_Insects": 0, "count_Sac Fungi": 0, "count_Flowering Plants": 0, "count_Arachnids": 0, "count_Basidiomycota": 0, "count_Amphibians": 0, "unique_species_count": 21.0, "countryCode": "AQ" }, "geometry": { "type": "MultiPolygon", "coordinates": [ [ [ [ 170.811701288141364, -73.77090162674169 ], [ 171.659297593489327, -73.031036433109321 ], [ 174.658161932064388, -72.908686124846568 ], [ 177.020985315602246, -73.503811181347942 ], [ 176.371825376803315, -74.265960738978819 ], [ 173.147501010509785, -74.411920533773369 ], [ 170.811701288141364, -73.77090162674169 ] ] ] ] } },
{ "type": "Feature", "properties": { "geogrid_id": "2973849546164473671", "seqnum": 17015.0, "lat_c": -73.849545896255435, "lon_c": 164.47367104657491, "res": 7.0, "count_Birds": 1, "count_Mammals": 3, "count_Molluscs": 0, "count_Mosses": 7, "count_Insects": 7, "count_Sac Fungi": 36, "count_Flowering Plants": 0, "count_Arachnids": 16, "count_Basidiomycota": 0, "count_Amphibians": 0, "unique_species_count": 70.0, "countryCode": "AQ" }, "geometry": { "type": "MultiPolygon", "coordinates": [ [ [ [ 161.298915659316464, -73.817309478983063 ], [ 162.511656401221842, -73.125209602542085 ], [ 165.571251104586906, -73.139659491471875 ], [ 167.650378700054773, -73.834053221578671 ], [ 166.574200962650394, -74.557231024884658 ], [ 163.264011434026315, -74.555448030056809 ], [ 161.298915659316464, -73.817309478983063 ] ] ] ] } },
{ "type": "Feature", "properties": { "geogrid_id": "2974072572179530971", "seqnum": 16986.0, "lat_c": -74.072571657188675, "lon_c": 179.5309709850776, "res": 7.0, "count_Birds": 3, "count_Mammals": 0, "count_Molluscs": 1, "count_Mosses": 0, "count_Insects": 0, "count_Sac Fungi": 0, "count_Flowering Plants": 0, "count_Arachnids": 0, "count_Basidiomycota": 0, "count_Amphibians": 0, "unique_species_count": 4.0, "countryCode": "AQ" }, "geometry": { "type": "MultiPolygon", "coordinates": [ [ [ [ 178.968298392505005, -74.843939935195138 ], [ 176.371825376803315, -74.265960738978819 ], [ 177.020985315602246, -73.503811181347942 ], [ 180.0, -73.30440953908527 ], [ 180.0, -74.769775299555505 ], [ 178.968298392505005, -74.843939935195138 ] ] ], [ [ [ -179.961841216404139, -73.301855364325533 ], [ -177.390251051875595, -73.833278937991025 ], [ -177.799854564412129, -74.611616212277582 ], [ -180.0, -74.769775299555505 ], [ -180.0, -73.30440953908527 ], [ -179.961841216404139, -73.301855364325533 ] ] ] ] } },
{ "type": "Feature", "properties": { "geogrid_id": "2974504017159964774", "seqnum": 16988.0, "lat_c": -74.50401709226378, "lon_c": 159.96477401939242, "res": 7.0, "count_Birds": 1, "count_Mammals": 0, "count_Molluscs": 0, "count_Mosses": 0, "count_Insects": 0, "count_Sac Fungi": 0, "count_Flowering Plants": 0, "count_Arachnids": 0, "count_Basidiomycota": 0, "count_Amphibians": 0, "unique_species_count": 1.0, "countryCode": "AQ" }, "geometry": { "type": "MultiPolygon", "coordinates": [ [ [ [ 156.69587651084899, -74.403470350367243 ], [ 158.14309691504701, -73.737657983546754 ], [ 161.298915659316464, -73.817309478983063 ], [ 163.264011434026315, -74.555448030056809 ], [ 161.927042125103213, -75.256065164879416 ], [ 158.49361748693812, -75.183783885668149 ], [ 156.69587651084899, -74.403470350367243 ] ] ] ] } },
{ "type": "Feature", "properties": { "geogrid_id": "2974509271169875318", "seqnum": 16987.0, "lat_c": -74.509271490752198, "lon_c": 169.87531754870488, "res": 7.0, "count_Birds": 7, "count_Mammals": 2, "count_Molluscs": 11, "count_Mosses": 0, "count_Insects": 0, "count_Sac Fungi": 0, "count_Flowering Plants": 0, "count_Arachnids": 0, "count_Basidiomycota": 0, "count_Amphibians": 0, "unique_species_count": 20.0, "countryCode": "AQ" }, "geometry": { "type": "MultiPolygon", "coordinates": [ [ [ [ 166.574200962650394, -74.557231024884658 ], [ 167.650378700054773, -73.834053221578671 ], [ 170.811701288141364, -73.77090162674169 ], [ 173.147501010509785, -74.411920533773369 ], [ 172.267477550058828, -75.1621836104095 ], [ 168.837105351797504, -75.245316185841034 ], [ 166.574200962650394, -74.557231024884658 ] ] ] ] } },
{ "type": "Feature", "properties": { "geogrid_id": "2975027996175651387", "seqnum": 16959.0, "lat_c": -75.027996020418982, "lon_c": 175.65138652415266, "res": 7.0, "count_Birds": 3, "count_Mammals": 1, "count_Molluscs": 16, "count_Mosses": 0, "count_Insects": 0, "count_Sac Fungi": 0, "count_Flowering Plants": 0, "count_Arachnids": 0, "count_Basidiomycota": 0, "count_Amphibians": 0, "unique_species_count": 20.0, "countryCode": "AQ" }, "geometry": { "type": "MultiPolygon", "coordinates": [ [ [ [ 172.267477550058828, -75.1621836104095 ], [ 173.147501010509785, -74.411920533773369 ], [ 176.371825376803315, -74.265960738978819 ], [ 178.968298392505005, -74.843939935195138 ], [ 178.341189663688141, -75.615605597928294 ], [ 174.848261042305097, -75.78939250511614 ], [ 172.267477550058828, -75.1621836104095 ] ] ] ] } },
{ "type": "Feature", "properties": { "geogrid_id": "2975276679165382567", "seqnum": 16960.0, "lat_c": -75.276679096674741, "lon_c": 165.38256676963039, "res": 7.0, "count_Birds": 3, "count_Mammals": 3, "count_Molluscs": 9, "count_Mosses": 5, "count_Insects": 0, "count_Sac Fungi": 29, "count_Flowering Plants": 0, "count_Arachnids": 1, "count_Basidiomycota": 0, "count_Amphibians": 0, "unique_species_count": 50.0, "countryCode": "AQ" }, "geometry": { "type": "MultiPolygon", "coordinates": [ [ [ [ 161.927042125103213, -75.256065164879416 ], [ 163.264011434026315, -74.555448030056809 ], [ 166.574200962650394, -74.557231024884658 ], [ 168.837105351797504, -75.245316185841034 ], [ 167.681504093507726, -75.978059138260946 ], [ 164.058519534835682, -75.991154027598611 ], [ 161.927042125103213, -75.256065164879416 ] ] ] ] } },
{ "type": "Feature", "properties": { "geogrid_id": "2975910602031213127", "seqnum": 16042.0, "lat_c": -75.910601804669696, "lon_c": 31.213127170170957, "res": 7.0, "count_Birds": 1, "count_Mammals": 0, "count_Molluscs": 0, "count_Mosses": 0, "count_Insects": 0, "count_Sac Fungi": 0, "count_Flowering Plants": 0, "count_Arachnids": 0, "count_Basidiomycota": 0, "count_Amphibians": 0, "unique_species_count": 1.0, "countryCode": "AQ" }, "geometry": { "type": "MultiPolygon", "coordinates": [ [ [ [ 33.662894655338675, -75.245316183193069 ], [ 34.818495913200131, -75.978059135641217 ], [ 32.310857121873624, -76.656303590194725 ], [ 28.551453971155141, -76.549530564364275 ], [ 27.651738966062346, -75.789392502510879 ], [ 30.232522457852721, -75.162183607768085 ], [ 33.662894655338675, -75.245316183193069 ] ] ] ] } },
{ "type": "Feature", "properties": { "geogrid_id": "2975910602171286873", "seqnum": 16933.0, "lat_c": -75.910601807290135, "lon_c": 171.28687283737878, "res": 7.0, "count_Birds": 7, "count_Mammals": 3, "count_Molluscs": 11, "count_Mosses": 0, "count_Insects": 1, "count_Sac Fungi": 0, "count_Flowering Plants": 0, "count_Arachnids": 0, "count_Basidiomycota": 0, "count_Amphibians": 0, "unique_species_count": 22.0, "countryCode": "AQ" }, "geometry": { "type": "MultiPolygon", "coordinates": [ [ [ [ 167.681504093507726, -75.978059138260946 ], [ 168.837105351797504, -75.245316185841034 ], [ 172.267477550058828, -75.1621836104095 ], [ 174.848261042305097, -75.78939250511614 ], [ 173.948546036869516, -76.549530566953081 ], [ 170.189142885253148, -76.656303592791787 ], [ 167.681504093507726, -75.978059138260946 ] ] ] ] } },
{ "type": "Feature", "properties": { "geogrid_id": "2975949875160445006", "seqnum": 16934.0, "lat_c": -75.949874659333418, "lon_c": 160.44500614919971, "res": 7.0, "count_Birds": 0, "count_Mammals": 0, "count_Molluscs": 8, "count_Mosses": 3, "count_Insects": 0, "count_Sac Fungi": 16, "count_Flowering Plants": 0, "count_Arachnids": 4, "count_Basidiomycota": 0, "count_Amphibians": 0, "unique_species_count": 31.0, "countryCode": "AQ" }, "geometry": { "type": "MultiPolygon", "coordinates": [ [ [ [ 156.867522395749575, -75.854808165792605 ], [ 158.49361748693812, -75.183783885668149 ], [ 161.927042125103213, -75.256065164879416 ], [ 164.058519534835682, -75.991154027598611 ], [ 162.581974433908869, -76.699182523942255 ], [ 158.797194938203262, -76.63508271398149 ], [ 156.867522395749575, -75.854808165792605 ] ] ] ] } },
{ "type": "Feature", "properties": { "geogrid_id": "2976034912075306554", "seqnum": 16423.0, "lat_c": -76.034911825477295, "lon_c": 75.306554070083976, "res": 7.0, "count_Birds": 0, "count_Mammals": 0, "count_Molluscs": 0, "count_Mosses": 2, "count_Insects": 0, "count_Sac Fungi": 1, "count_Flowering Plants": 0, "count_Arachnids": 0, "count_Basidiomycota": 0, "count_Amphibians": 0, "unique_species_count": 3.0, "countryCode": "AQ" }, "geometry": { "type": "MultiPolygon", "coordinates": [ [ [ [ 75.30031595231759, -75.129122051661213 ], [ 78.07226554737008, -75.498009227515141 ], [ 78.296339513948709, -76.397431516887124 ], [ 75.355257124730841, -76.934972194305786 ], [ 72.329861772322957, -76.538137191500255 ], [ 72.500806218999756, -75.634715357298731 ], [ 75.30031595231759, -75.129122051661213 ] ] ] ] } },
{ "type": "Feature", "properties": { "geogrid_id": "2976387155177638693", "seqnum": 16905.0, "lat_c": -76.387154767407253, "lon_c": 177.63869270977483, "res": 7.0, "count_Birds": 3, "count_Mammals": 0, "count_Molluscs": 21, "count_Mosses": 0, "count_Insects": 0, "count_Sac Fungi": 0, "count_Flowering Plants": 0, "count_Arachnids": 0, "count_Basidiomycota": 0, "count_Amphibians": 0, "unique_species_count": 24.0, "countryCode": "AQ" }, "geometry": { "type": "MultiPolygon", "coordinates": [ [ [ [ 176.847276218596136, -77.158097180517487 ], [ 173.948546036869516, -76.549530566953081 ], [ 174.848261042305097, -75.78939250511614 ], [ 178.341189663688141, -75.615605597928294 ], [ 180.0, -75.934093939428706 ], [ 180.0, -76.987056740183704 ], [ 176.847276218596136, -77.158097180517487 ] ] ], [ [ [ -178.766535130037681, -76.170916782965321 ], [ -179.341319896561885, -76.951322263349525 ], [ -180.0, -76.987056740183704 ], [ -180.0, -75.934093939428706 ], [ -178.766535130037681, -76.170916782965321 ] ] ] ] } },
{ "type": "Feature", "properties": { "geogrid_id": "2976706340166389852", "seqnum": 16906.0, "lat_c": -76.706339811717797, "lon_c": 166.38985161034907, "res": 7.0, "count_Birds": 7, "count_Mammals": 5, "count_Molluscs": 29, "count_Mosses": 4, "count_Insects": 0, "count_Sac Fungi": 7, "count_Flowering Plants": 0, "count_Arachnids": 2, "count_Basidiomycota": 0, "count_Amphibians": 0, "unique_species_count": 54.0, "countryCode": "AQ" }, "geometry": { "type": "MultiPolygon", "coordinates": [ [ [ [ 162.581974433908869, -76.699182523942255 ], [ 164.058519534835682, -75.991154027598611 ], [ 167.681504093507726, -75.978059138260946 ], [ 170.189142885253148, -76.656303592791787 ], [ 168.954116819163858, -77.398241541442061 ], [ 164.939657705175534, -77.428765062941523 ], [ 162.581974433908869, -76.699182523942255 ] ] ] ] } },
{ "type": "Feature", "properties": { "geogrid_id": "2977307668172935151", "seqnum": 16878.0, "lat_c": -77.307668311874991, "lon_c": 172.93515069893886, "res": 7.0, "count_Birds": 5, "count_Mammals": 3, "count_Molluscs": 0, "count_Mosses": 0, "count_Insects": 1, "count_Sac Fungi": 0, "count_Flowering Plants": 0, "count_Arachnids": 0, "count_Basidiomycota": 0, "count_Amphibians": 0, "unique_species_count": 9.0, "countryCode": "AQ" }, "geometry": { "type": "MultiPolygon", "coordinates": [ [ [ [ 168.954116819163858, -77.398241541442061 ], [ 170.189142885253148, -76.656303592791787 ], [ 173.948546036869516, -76.549530566953081 ], [ 176.847276218596136, -77.158097180517487 ], [ 175.950044170832996, -77.927842680464693 ], [ 171.786872239667787, -78.062904596314112 ], [ 168.954116819163858, -77.398241541442061 ] ] ] ] } },
{ "type": "Feature", "properties": { "geogrid_id": "2977399005160929092", "seqnum": 16879.0, "lat_c": -77.399004632087269, "lon_c": 160.92909197442563, "res": 7.0, "count_Birds": 4, "count_Mammals": 3, "count_Molluscs": 14, "count_Mosses": 14, "count_Insects": 0, "count_Sac Fungi": 40, "count_Flowering Plants": 0, "count_Arachnids": 4, "count_Basidiomycota": 0, "count_Amphibians": 0, "unique_species_count": 79.0, "countryCode": "AQ" }, "geometry": { "type": "MultiPolygon", "coordinates": [ [ [ [ 156.959488877530987, -77.309563270316985 ], [ 158.797194938203262, -76.63508271398149 ], [ 162.581974433908869, -76.699182523942255 ], [ 164.939657705175534, -77.428765062941523 ], [ 163.303703295084688, -78.143645224907175 ], [ 159.071555132898453, -78.088501191048735 ], [ 156.959488877530987, -77.309563270316985 ] ] ] ] } },
{ "type": "Feature", "properties": { "geogrid_id": "2977427574065711738", "seqnum": 16341.0, "lat_c": -77.42757410269283, "lon_c": 65.711737817426226, "res": 7.0, "count_Birds": 0, "count_Mammals": 0, "count_Molluscs": 0, "count_Mosses": 1, "count_Insects": 0, "count_Sac Fungi": 0, "count_Flowering Plants": 0, "count_Arachnids": 0, "count_Basidiomycota": 0, "count_Amphibians": 0, "unique_species_count": 1.0, "countryCode": "AQ" }, "geometry": { "type": "MultiPolygon", "coordinates": [ [ [ [ 66.318720942572469, -76.536037504700531 ], [ 69.133250696080822, -77.003765645823691 ], [ 68.73792833270582, -77.898183160402823 ], [ 65.045672692386944, -78.31442623743267 ], [ 62.065838549137233, -77.805124255633899 ], [ 62.930818333611668, -76.924286596645629 ], [ 66.318720942572469, -76.536037504700531 ] ] ] ] } },
{ "type": "Feature", "properties": { "geogrid_id": "2978135141167557028", "seqnum": 16852.0, "lat_c": -78.135141087399091, "lon_c": 167.55702781679048, "res": 7.0, "count_Birds": 6, "count_Mammals": 9, "count_Molluscs": 21, "count_Mosses": 7, "count_Insects": 6, "count_Sac Fungi": 22, "count_Flowering Plants": 0, "count_Arachnids": 6, "count_Basidiomycota": 0, "count_Amphibians": 0, "unique_species_count": 77.0, "countryCode": "AQ" }, "geometry": { "type": "MultiPolygon", "coordinates": [ [ [ [ 163.303703295084688, -78.143645224907175 ], [ 164.939657705175534, -77.428765062941523 ], [ 168.954116819163858, -77.398241541442061 ], [ 171.786872239667787, -78.062904596314112 ], [ 170.477152550925155, -78.814128014849487 ], [ 165.967256121091509, -78.865431126475656 ], [ 163.303703295084688, -78.143645224907175 ] ] ] ] } },
{ "type": "Feature", "properties": { "geogrid_id": "2978680344141402056", "seqnum": 16799.0, "lat_c": -78.680344136309472, "lon_c": 141.40205647569692, "res": 7.0, "count_Birds": 0, "count_Mammals": 0, "count_Molluscs": 0, "count_Mosses": 0, "count_Insects": 0, "count_Sac Fungi": 0, "count_Flowering Plants": 1, "count_Arachnids": 0, "count_Basidiomycota": 0, "count_Amphibians": 0, "unique_species_count": 1.0, "countryCode": "AQ" }, "geometry": { "type": "MultiPolygon", "coordinates": [ [ [ [ 137.454327306329276, -78.314426239277367 ], [ 140.4341614505324, -77.805124257612079 ], [ 144.29681986574829, -78.131894401314426 ], [ 145.593541815982547, -78.99076241618998 ], [ 142.506867641120579, -79.54965795964948 ], [ 138.203783461473535, -79.196772675873731 ], [ 137.454327306329276, -78.314426239277367 ] ] ] ] } },
{ "type": "Feature", "properties": { "geogrid_id": "2978695668174925655", "seqnum": 16824.0, "lat_c": -78.695668405554258, "lon_c": 174.92565485171156, "res": 7.0, "count_Birds": 0, "count_Mammals": 2, "count_Molluscs": 0, "count_Mosses": 0, "count_Insects": 0, "count_Sac Fungi": 0, "count_Flowering Plants": 0, "count_Arachnids": 0, "count_Basidiomycota": 0, "count_Amphibians": 0, "unique_species_count": 2.0, "countryCode": "AQ" }, "geometry": { "type": "MultiPolygon", "coordinates": [ [ [ [ 170.477152550925155, -78.814128014849487 ], [ 171.786872239667787, -78.062904596314112 ], [ 175.950044170832996, -77.927842680464693 ], [ 179.264062037402738, -78.511859901030789 ], [ 178.408655438709218, -79.291046078901928 ], [ 173.746812213829685, -79.460672214142804 ], [ 170.477152550925155, -78.814128014849487 ] ] ] ] } },
{ "type": "Feature", "properties": { "geogrid_id": "2978788669068306410", "seqnum": 16368.0, "lat_c": -78.788668643894113, "lon_c": 68.306409769389546, "res": 7.0, "count_Birds": 0, "count_Mammals": 0, "count_Molluscs": 0, "count_Mosses": 0, "count_Insects": 0, "count_Sac Fungi": 1, "count_Flowering Plants": 0, "count_Arachnids": 0, "count_Basidiomycota": 0, "count_Amphibians": 0, "unique_species_count": 1.0, "countryCode": "AQ" }, "geometry": { "type": "MultiPolygon", "coordinates": [ [ [ [ 68.73792833270582, -77.898183160402823 ], [ 72.019215133376719, -78.331285926782883 ], [ 71.86066563663897, -79.222452274279647 ], [ 67.820675345977094, -79.675637783585387 ], [ 64.296216536682522, -79.196772674030456 ], [ 65.045672692386944, -78.31442623743267 ], [ 68.73792833270582, -77.898183160402823 ] ] ] ] } },
{ "type": "Feature", "properties": { "geogrid_id": "2978848910161448939", "seqnum": 16825.0, "lat_c": -78.848909777919985, "lon_c": 161.44893851865766, "res": 7.0, "count_Birds": 0, "count_Mammals": 0, "count_Molluscs": 0, "count_Mosses": 1, "count_Insects": 0, "count_Sac Fungi": 3, "count_Flowering Plants": 0, "count_Arachnids": 2, "count_Basidiomycota": 0, "count_Amphibians": 0, "unique_species_count": 6.0, "countryCode": "AQ" }, "geometry": { "type": "MultiPolygon", "coordinates": [ [ [ [ 156.975771721037916, -78.765101405993377 ], [ 159.071555132898453, -78.088501191048735 ], [ 163.303703295084688, -78.143645224907175 ], [ 165.967256121091509, -78.865431126475656 ], [ 164.146704775259423, -79.587149227836917 ], [ 159.33516934909477, -79.541995906378844 ], [ 156.975771721037916, -78.765101405993377 ] ] ] ] } },
{ "type": "Feature", "properties": { "geogrid_id": "2979425666154602066", "seqnum": 16798.0, "lat_c": -79.425666026742874, "lon_c": 154.60206582514689, "res": 7.0, "count_Birds": 0, "count_Mammals": 0, "count_Molluscs": 0, "count_Mosses": 0, "count_Insects": 0, "count_Sac Fungi": 4, "count_Flowering Plants": 0, "count_Arachnids": 0, "count_Basidiomycota": 0, "count_Amphibians": 0, "unique_species_count": 4.0, "countryCode": "AQ" }, "geometry": { "type": "MultiPolygon", "coordinates": [ [ [ [ 150.005501357381775, -79.240699118203921 ], [ 152.598149759944022, -78.615708314609549 ], [ 156.975771721037916, -78.765101405993377 ], [ 159.33516934909477, -79.541995906378844 ], [ 156.913566553233721, -80.219701572162293 ], [ 151.904001465868106, -80.066342016604295 ], [ 150.005501357381775, -79.240699118203921 ] ] ] ] } },
{ "type": "Feature", "properties": { "geogrid_id": "2979584775087645452", "seqnum": 16503.0, "lat_c": -79.58477507597982, "lon_c": 87.645451774837824, "res": 7.0, "count_Birds": 0, "count_Mammals": 0, "count_Molluscs": 0, "count_Mosses": 0, "count_Insects": 19, "count_Sac Fungi": 0, "count_Flowering Plants": 0, "count_Arachnids": 6, "count_Basidiomycota": 0, "count_Amphibians": 0, "unique_species_count": 25.0, "countryCode": "AQ" }, "geometry": { "type": "MultiPolygon", "coordinates": [ [ [ [ 86.547695259877386, -78.727003852862978 ], [ 90.619016497319024, -78.916251598255499 ], [ 92.074622404886597, -79.753387076409467 ], [ 88.938731294464091, -80.436116531595857 ], [ 84.279982899571266, -80.222545976575049 ], [ 83.392854103759106, -79.353619143843716 ], [ 86.547695259877386, -78.727003852862978 ] ] ] ] } },
{ "type": "Feature", "properties": { "geogrid_id": "2980297811162047725", "seqnum": 16771.0, "lat_c": -80.297811249583532, "lon_c": 162.04772456669255, "res": 7.0, "count_Birds": 0, "count_Mammals": 0, "count_Molluscs": 0, "count_Mosses": 1, "count_Insects": 0, "count_Sac Fungi": 5, "count_Flowering Plants": 0, "count_Arachnids": 0, "count_Basidiomycota": 0, "count_Amphibians": 0, "unique_species_count": 6.0, "countryCode": "AQ" }, "geometry": { "type": "MultiPolygon", "coordinates": [ [ [ [ 156.913566553233721, -80.219701572162293 ], [ 159.33516934909477, -79.541995906378844 ], [ 164.146704775259423, -79.587149227836917 ], [ 167.229655799178829, -80.298581584621559 ], [ 165.193533604413005, -81.027732401912388 ], [ 159.61052881295825, -80.994231234982394 ], [ 156.913566553233721, -80.219701572162293 ] ] ] ] } },
{ "type": "Feature", "properties": { "geogrid_id": "2983767083176645591", "seqnum": 16634.0, "lat_c": -83.767083143417693, "lon_c": 176.64559124970546, "res": 7.0, "count_Birds": 0, "count_Mammals": 0, "count_Molluscs": 0, "count_Mosses": 0, "count_Insects": 0, "count_Sac Fungi": 1, "count_Flowering Plants": 0, "count_Arachnids": 0, "count_Basidiomycota": 0, "count_Amphibians": 0, "unique_species_count": 1.0, "countryCode": "AQ" }, "geometry": { "type": "MultiPolygon", "coordinates": [ [ [ [ 174.539917513023028, -84.540704332263459 ], [ 168.576330078453537, -83.890994125714869 ], [ 171.139486381613466, -83.141838006663846 ], [ 178.28114653221408, -82.987534780798072 ], [ 180.0, -83.142296678153784 ], [ 180.0, -84.404209329706859 ], [ 174.539917513023028, -84.540704332263459 ] ] ], [ [ [ -175.729965898706979, -83.526761434268749 ], [ -176.70327251806242, -84.321795405164735 ], [ -180.0, -84.404209329706859 ], [ -180.0, -83.142296678153784 ], [ -175.729965898706979, -83.526761434268749 ] ] ] ] } },
{ "type": "Feature", "properties": { "geogrid_id": "2984019759125230016", "seqnum": 16582.0, "lat_c": -84.019758912609348, "lon_c": 125.23001587913873, "res": 7.0, "count_Birds": 0, "count_Mammals": 0, "count_Molluscs": 0, "count_Mosses": 0, "count_Insects": 0, "count_Sac Fungi": 0, "count_Flowering Plants": 1, "count_Arachnids": 0, "count_Basidiomycota": 0, "count_Amphibians": 0, "unique_species_count": 1.0, "countryCode": "AQ" }, "geometry": { "type": "MultiPolygon", "coordinates": [ [ [ [ 119.256867058773011, -83.43875261658691 ], [ 125.699523347487926, -83.140893804491455 ], [ 131.896661365679421, -83.644150220091575 ], [ 132.385992634042253, -84.523837631305909 ], [ 124.606544674341876, -84.897430897371407 ], [ 117.778206031281528, -84.303432431884332 ], [ 119.256867058773011, -83.43875261658691 ] ] ] ] } },
{ "type": "Feature", "properties": { "geogrid_id": "2984625012165298035", "seqnum": 16608.0, "lat_c": -84.625012235737842, "lon_c": 165.29803506943563, "res": 7.0, "count_Birds": 0, "count_Mammals": 0, "count_Molluscs": 0, "count_Mosses": 1, "count_Insects": 0, "count_Sac Fungi": 0, "count_Flowering Plants": 0, "count_Arachnids": 0, "count_Basidiomycota": 0, "count_Amphibians": 0, "unique_species_count": 1.0, "countryCode": "AQ" }, "geometry": { "type": "MultiPolygon", "coordinates": [ [ [ [ 156.017443571779438, -84.568889022649714 ], [ 160.35131555594424, -83.891839101973062 ], [ 168.576330078453537, -83.890994125714869 ], [ 174.539917513023028, -84.540704332263459 ], [ 171.738694930670704, -85.305016963721044 ], [ 160.994062655003688, -85.336267436216858 ], [ 156.017443571779438, -84.568889022649714 ] ] ] ] } },
{ "type": "Feature", "properties": { "geogrid_id": "2985402269133069740", "seqnum": 16554.0, "lat_c": -85.402268910273619, "lon_c": 133.06973990389201, "res": 7.0, "count_Birds": 1, "count_Mammals": 0, "count_Molluscs": 0, "count_Mosses": 0, "count_Insects": 0, "count_Sac Fungi": 0, "count_Flowering Plants": 0, "count_Arachnids": 0, "count_Basidiomycota": 0, "count_Amphibians": 0, "unique_species_count": 1.0, "countryCode": "AQ" }, "geometry": { "type": "MultiPolygon", "coordinates": [ [ [ [ 124.606544674341876, -84.897430897371407 ], [ 132.385992634042253, -84.523837631305909 ], [ 140.827785806718936, -84.927882526264113 ], [ 143.329466142873514, -85.78563994910526 ], [ 134.088034321485452, -86.2792197507042 ], [ 123.735929734119381, -85.773845355347149 ], [ 124.606544674341876, -84.897430897371407 ] ] ] ] } },
{ "type": "Feature", "properties": { "geogrid_id": "2988795476011250000", "seqnum": 16364.0, "lat_c": -88.795475950300528, "lon_c": 11.250000256999989, "res": 7.0, "count_Birds": 0, "count_Mammals": 0, "count_Molluscs": 1, "count_Mosses": 0, "count_Insects": 0, "count_Sac Fungi": 0, "count_Flowering Plants": 0, "count_Arachnids": 0, "count_Basidiomycota": 0, "count_Amphibians": 0, "unique_species_count": 1.0, "countryCode": "AQ" }, "geometry": { "type": "MultiPolygon", "coordinates": [ [ [ [ 37.205764455237819, -88.211595964179196 ], [ 55.47364481231314, -88.878003484884275 ], [ 11.250000759495393, -89.598479285019934 ], [ -32.973644479894141, -88.87800349419031 ], [ -14.705764159105902, -88.211595971046535 ], [ 11.250000156480192, -87.992586872419892 ], [ 37.205764455237819, -88.211595964179196 ] ] ] ] } },
{ "type": "Feature", "properties": { "geogrid_id": "2989217516101250000", "seqnum": 16418.0, "lat_c": -89.217516229252922, "lon_c": 101.24999991821836, "res": 7.0, "count_Birds": 1, "count_Mammals": 0, "count_Molluscs": 0, "count_Mosses": 0, "count_Insects": 4, "count_Sac Fungi": 0, "count_Flowering Plants": 0, "count_Arachnids": 0, "count_Basidiomycota": 0, "count_Amphibians": 0, "unique_species_count": 5.0, "countryCode": "AQ" }, "geometry": { "type": "MultiPolygon", "coordinates": [ [ [ [ 11.250000759495393, -89.598479285019934 ], [ 55.47364481231314, -88.878003484884275 ], [ 86.816908507388789, -88.384974526964356 ], [ 115.683091419436821, -88.384974527579061 ], [ 147.026355114075727, -88.878003486598445 ], [ 180.0, -89.41519832129535 ], [ 180.0, -89.598479287191395 ], [ 11.250000759495393, -89.598479285019934 ] ] ], [ [ [ -168.750000747887242, -89.598479287336161 ], [ -180.0, -89.598479287191395 ], [ -180.0, -89.41519832129535 ], [ -168.750000747887242, -89.598479287336161 ] ] ] ] } },
{ "type": "Feature", "properties": { "geogrid_id": "7359386677060022178", "seqnum": 14295.0, "lat_c": -59.38667710984469, "lon_c": -60.022177785519013, "res": 7.0, "count_Birds": 3, "count_Mammals": 0, "count_Molluscs": 0, "count_Mosses": 0, "count_Insects": 0, "count_Sac Fungi": 0, "count_Flowering Plants": 0, "count_Arachnids": 0, "count_Basidiomycota": 0, "count_Amphibians": 0, "unique_species_count": 3.0, "countryCode": "AQ" }, "geometry": { "type": "MultiPolygon", "coordinates": [ [ [ [ -58.409915604433422, -59.080159715428373 ], [ -58.82297107415048, -59.925838796429858 ], [ -60.479146841958034, -60.225702700578829 ], [ -61.665381229203021, -59.673572073390574 ], [ -61.186754808287148, -58.839905732510893 ], [ -59.586326101056123, -58.546062862727815 ], [ -58.409915604433422, -59.080159715428373 ] ] ] ] } },
{ "type": "Feature", "properties": { "geogrid_id": "7359470887037330964", "seqnum": 14517.0, "lat_c": -59.470886834965121, "lon_c": -37.330963599044523, "res": 7.0, "count_Birds": 2, "count_Mammals": 0, "count_Molluscs": 0, "count_Mosses": 0, "count_Insects": 0, "count_Sac Fungi": 0, "count_Flowering Plants": 0, "count_Arachnids": 0, "count_Basidiomycota": 0, "count_Amphibians": 0, "unique_species_count": 2.0, "countryCode": "AQ" }, "geometry": { "type": "MultiPolygon", "coordinates": [ [ [ [ -36.02837197690716, -58.903950978565916 ], [ -35.875651634834078, -59.787899798925082 ], [ -37.208233382484103, -60.35616358664889 ], [ -38.676212321954637, -60.023447059589024 ], [ -38.760818705403082, -59.138263081655104 ], [ -37.446222465410116, -58.586566022515065 ], [ -36.02837197690716, -58.903950978565916 ] ] ] ] } },
{ "type": "Feature", "properties": { "geogrid_id": "7359572233020241877", "seqnum": 14764.0, "lat_c": -59.572233354741137, "lon_c": -20.241876970516419, "res": 7.0, "count_Birds": 1, "count_Mammals": 0, "count_Molluscs": 0, "count_Mosses": 0, "count_Insects": 0, "count_Sac Fungi": 0, "count_Flowering Plants": 0, "count_Arachnids": 0, "count_Basidiomycota": 0, "count_Amphibians": 0, "unique_species_count": 1.0, "countryCode": "AQ" }, "geometry": { "type": "MultiPolygon", "coordinates": [ [ [ [ -19.225200090826185, -58.844512727062295 ], [ -18.700126952057193, -59.688595357467044 ], [ -19.6908432816819, -60.423412200282819 ], [ -21.262866148430479, -60.293723399633954 ], [ -21.774956032176533, -59.43762459118205 ], [ -20.728106400171125, -58.723701952118276 ], [ -19.225200090826185, -58.844512727062295 ] ] ] ] } },
{ "type": "Feature", "properties": { "geogrid_id": "7359592026027432589", "seqnum": 14654.0, "lat_c": -59.592025782750056, "lon_c": -27.432588850193735, "res": 7.0, "count_Birds": 10, "count_Mammals": 0, "count_Molluscs": 0, "count_Mosses": 0, "count_Insects": 0, "count_Sac Fungi": 0, "count_Flowering Plants": 0, "count_Arachnids": 0, "count_Basidiomycota": 0, "count_Amphibians": 0, "unique_species_count": 10.0, "countryCode": "AQ" }, "geometry": { "type": "MultiPolygon", "coordinates": [ [ [ [ -26.305920226124485, -58.926050442849046 ], [ -25.911199207246202, -59.794455151153862 ], [ -27.057062107162292, -60.464191610491611 ], [ -28.602205266666655, -60.247099578272426 ], [ -28.937465243752136, -59.372042697037962 ], [ -27.788485000552587, -58.720357406128805 ], [ -26.305920226124485, -58.926050442849046 ] ] ] ] } },
{ "type": "Feature", "properties": { "geogrid_id": "7359605940057199518", "seqnum": 14323.0, "lat_c": -59.605940362970856, "lon_c": -57.199518459640089, "res": 7.0, "count_Birds": 15, "count_Mammals": 0, "count_Molluscs": 0, "count_Mosses": 0, "count_Insects": 0, "count_Sac Fungi": 0, "count_Flowering Plants": 0, "count_Arachnids": 0, "count_Basidiomycota": 0, "count_Amphibians": 0, "unique_species_count": 15.0, "countryCode": "AQ" }, "geometry": { "type": "MultiPolygon", "coordinates": [ [ [ [ -55.609290020873893, -59.266370704027892 ], [ -55.95423993858126, -60.122744069236653 ], [ -57.588128493462079, -60.456704582163312 ], [ -58.82297107415048, -59.925838796429858 ], [ -58.409915604433422, -59.080159715428373 ], [ -56.829095645348929, -58.754270814222039 ], [ -55.609290020873893, -59.266370704027892 ] ] ] ] } },
{ "type": "Feature", "properties": { "geogrid_id": "7359675229040116875", "seqnum": 14489.0, "lat_c": -59.67522883132586, "lon_c": -40.116875058364371, "res": 7.0, "count_Birds": 4, "count_Mammals": 0, "count_Molluscs": 0, "count_Mosses": 0, "count_Insects": 0, "count_Sac Fungi": 0, "count_Flowering Plants": 0, "count_Arachnids": 0, "count_Basidiomycota": 0, "count_Amphibians": 0, "unique_species_count": 4.0, "countryCode": "AQ" }, "geometry": { "type": "MultiPolygon", "coordinates": [ [ [ [ -38.760818705403082, -59.138263081655104 ], [ -38.676212321954637, -60.023447059589024 ], [ -40.065384976724857, -60.560950166019758 ], [ -41.515480690517556, -60.196791998508964 ], [ -41.529687408197184, -59.312026464275959 ], [ -40.164605263919491, -58.790513911957966 ], [ -38.760818705403082, -59.138263081655104 ] ] ] ] } },
{ "type": "Feature", "properties": { "geogrid_id": "7359758557155815713", "seqnum": 15068.0, "lat_c": -59.758556911578239, "lon_c": -155.81571342169281, "res": 7.0, "count_Birds": 1, "count_Mammals": 0, "count_Molluscs": 0, "count_Mosses": 0, "count_Insects": 0, "count_Sac Fungi": 0, "count_Flowering Plants": 0, "count_Arachnids": 0, "count_Basidiomycota": 0, "count_Amphibians": 0, "unique_species_count": 1.0, "countryCode": "AQ" }, "geometry": { "type": "MultiPolygon", "coordinates": [ [ [ [ -155.223309799434901, -60.618535089457453 ], [ -156.767116306282929, -60.527168492984345 ], [ -157.320940251110414, -59.657958115453688 ], [ -156.339368225258255, -58.896165447468029 ], [ -154.869242848676322, -58.987953687252343 ], [ -154.297845903113313, -59.842064365363242 ], [ -155.223309799434901, -60.618535089457453 ] ] ] ] } },
{ "type": "Feature", "properties": { "geogrid_id": "7359768886054355474", "seqnum": 14351.0, "lat_c": -59.768885877462701, "lon_c": -54.355473744212325, "res": 7.0, "count_Birds": 16, "count_Mammals": 1, "count_Molluscs": 0, "count_Mosses": 0, "count_Insects": 0, "count_Sac Fungi": 0, "count_Flowering Plants": 0, "count_Arachnids": 0, "count_Basidiomycota": 0, "count_Amphibians": 0, "unique_species_count": 17.0, "countryCode": "AQ" }, "geometry": { "type": "MultiPolygon", "coordinates": [ [ [ [ -52.792188730241847, -59.395643526371373 ], [ -53.066922416159528, -60.26116622513095 ], [ -54.673231854606229, -60.629895752405623 ], [ -55.95423993858126, -60.122744069236653 ], [ -55.609290020873893, -59.266370704027892 ], [ -54.05268478394072, -58.90756102429971 ], [ -52.792188730241847, -59.395643526371373 ] ] ] ] } },
{ "type": "Feature", "properties": { "geogrid_id": "7359817830042935903", "seqnum": 14461.0, "lat_c": -59.817829692719918, "lon_c": -42.935903048637407, "res": 7.0, "count_Birds": 9, "count_Mammals": 0, "count_Molluscs": 0, "count_Mosses": 0, "count_Insects": 0, "count_Sac Fungi": 0, "count_Flowering Plants": 0, "count_Arachnids": 0, "count_Basidiomycota": 0, "count_Amphibians": 0, "unique_species_count": 9.0, "countryCode": "AQ" }, "geometry": { "type": "MultiPolygon", "coordinates": [ [ [ [ -41.529687408197184, -59.312026464275959 ], [ -41.515480690517556, -60.196791998508964 ], [ -42.957635419887488, -60.702251136551531 ], [ -44.384077808422688, -60.307240075802035 ], [ -44.32635306713572, -59.424621614156401 ], [ -42.914252585485436, -58.934366980372438 ], [ -41.529687408197184, -59.312026464275959 ] ] ] ] } },
{ "type": "Feature", "properties": { "geogrid_id": "7359825709067876283", "seqnum": 14267.0, "lat_c": -59.825709062085082, "lon_c": -67.876282862433058, "res": 7.0, "count_Birds": 0, "count_Mammals": 1, "count_Molluscs": 0, "count_Mosses": 0, "count_Insects": 0, "count_Sac Fungi": 0, "count_Flowering Plants": 0, "count_Arachnids": 0, "count_Basidiomycota": 0, "count_Amphibians": 0, "unique_species_count": 1.0, "countryCode": "AQ" }, "geometry": { "type": "MultiPolygon", "coordinates": [ [ [ [ -66.161700588365761, -59.607081574754133 ], [ -66.775080881734723, -60.416313959495618 ], [ -68.53665384567006, -60.625859444608338 ], [ -69.61840440631947, -60.027299728416594 ], [ -68.942953240498056, -59.232229074957139 ], [ -67.246531852535938, -59.021856232895871 ], [ -66.161700588365761, -59.607081574754133 ] ] ] ] } },
{ "type": "Feature", "properties": { "geogrid_id": "7359825709089623717", "seqnum": 14263.0, "lat_c": -59.825709061802591, "lon_c": -89.623717135928501, "res": 7.0, "count_Birds": 4, "count_Mammals": 0, "count_Molluscs": 0, "count_Mosses": 0, "count_Insects": 0, "count_Sac Fungi": 0, "count_Flowering Plants": 0, "count_Arachnids": 0, "count_Basidiomycota": 0, "count_Amphibians": 0, "unique_species_count": 4.0, "countryCode": "AQ" }, "geometry": { "type": "MultiPolygon", "coordinates": [ [ [ [ -87.881595592046068, -60.027299728186428 ], [ -88.963346152852822, -60.625859444319374 ], [ -90.724919116780853, -60.416313959146308 ], [ -91.338299409991265, -59.607081574411787 ], [ -90.253468145673253, -59.021856232621495 ], [ -88.557046757712143, -59.232229074735557 ], [ -87.881595592046068, -60.027299728186428 ] ] ] ] } },
{ "type": "Feature", "properties": { "geogrid_id": "7359866143015597585", "seqnum": 14846.0, "lat_c": -59.866143490383507, "lon_c": -15.597585124531138, "res": 7.0, "count_Birds": 2, "count_Mammals": 0, "count_Molluscs": 0, "count_Mosses": 0, "count_Insects": 0, "count_Sac Fungi": 0, "count_Flowering Plants": 0, "count_Arachnids": 0, "count_Basidiomycota": 0, "count_Amphibians": 0, "unique_species_count": 2.0, "countryCode": "AQ" }, "geometry": { "type": "MultiPolygon", "coordinates": [ [ [ [ -14.683213812905029, -59.09870520109795 ], [ -14.040400484611332, -59.927209003132269 ], [ -14.932363272469129, -60.700289577248292 ], [ -16.523683610757477, -60.626776455087139 ], [ -17.151435304659778, -59.786592082698327 ], [ -16.201059399497264, -59.032070778730478 ], [ -14.683213812905029, -59.09870520109795 ] ] ] ] } },
{ "type": "Feature", "properties": { "geogrid_id": "7359872972051498051", "seqnum": 14378.0, "lat_c": -59.872971716600809, "lon_c": -51.498051306320562, "res": 7.0, "count_Birds": 8, "count_Mammals": 3, "count_Molluscs": 0, "count_Mosses": 0, "count_Insects": 0, "count_Sac Fungi": 0, "count_Flowering Plants": 0, "count_Arachnids": 0, "count_Basidiomycota": 0, "count_Amphibians": 0, "unique_species_count": 11.0, "countryCode": "AQ" }, "geometry": { "type": "MultiPolygon", "coordinates": [ [ [ [ -49.966764690209885, -59.465920351091178 ], [ -50.169747258429837, -60.338909468443816 ], [ -51.742980127132142, -60.742550117812243 ], [ -53.066922416159528, -60.26116622513095 ], [ -52.792188730241847, -59.395643526371373 ], [ -51.264610049868971, -59.003563050047646 ], [ -49.966764690209885, -59.465920351091178 ] ] ] ] } },
{ "type": "Feature", "properties": { "geogrid_id": "7359872972106001949", "seqnum": 14368.0, "lat_c": -59.87297171543235, "lon_c": -106.001948692379, "res": 7.0, "count_Birds": 1, "count_Mammals": 0, "count_Molluscs": 0, "count_Mosses": 0, "count_Insects": 0, "count_Sac Fungi": 0, "count_Flowering Plants": 0, "count_Arachnids": 0, "count_Basidiomycota": 0, "count_Amphibians": 0, "unique_species_count": 1.0, "countryCode": "AQ" }, "geometry": { "type": "MultiPolygon", "coordinates": [ [ [ [ -104.433077582595772, -60.261166224046264 ], [ -105.757019871729128, -60.742550116621693 ], [ -107.330252740365907, -60.338909467167866 ], [ -107.533235308430221, -59.465920349839401 ], [ -106.235389948678787, -59.003563048901938 ], [ -104.707811268356352, -59.395643525307378 ], [ -104.433077582595772, -60.261166224046264 ] ] ] ] } },
{ "type": "Feature", "properties": { "geogrid_id": "7359898237045778810", "seqnum": 14434.0, "lat_c": -59.898237478069937, "lon_c": -45.778810205025415, "res": 7.0, "count_Birds": 23, "count_Mammals": 9, "count_Molluscs": 38, "count_Mosses": 13, "count_Insects": 9, "count_Sac Fungi": 24, "count_Flowering Plants": 2, "count_Arachnids": 14, "count_Basidiomycota": 2, "count_Amphibians": 0, "unique_species_count": 134.0, "countryCode": "AQ" }, "geometry": { "type": "MultiPolygon", "coordinates": [ [ [ [ -44.32635306713572, -59.424621614156401 ], [ -44.384077808422688, -60.307240075802035 ], [ -45.874920058988067, -60.779550041808484 ], [ -47.272170159949965, -60.354533444783037 ], [ -47.141780627820459, -59.475836498029331 ], [ -45.686664436223438, -59.017730928108371 ], [ -44.32635306713572, -59.424621614156401 ] ] ] ] } },
{ "type": "Feature", "properties": { "geogrid_id": "7359916450048636053", "seqnum": 14406.0, "lat_c": -59.916449650545346, "lon_c": -48.63605287011184, "res": 7.0, "count_Birds": 5, "count_Mammals": 1, "count_Molluscs": 0, "count_Mosses": 0, "count_Insects": 0, "count_Sac Fungi": 0, "count_Flowering Plants": 0, "count_Arachnids": 0, "count_Basidiomycota": 0, "count_Amphibians": 0, "unique_species_count": 6.0, "countryCode": "AQ" }, "geometry": { "type": "MultiPolygon", "coordinates": [ [ [ [ -47.141780627820459, -59.475836498029331 ], [ -47.272170159949965, -60.354533444783037 ], [ -48.806840771351006, -60.792812529682429 ], [ -50.169747258429837, -60.338909468443816 ], [ -49.966764690209885, -59.465920351091178 ], [ -48.473059761631895, -59.040630469468354 ], [ -47.141780627820459, -59.475836498029331 ] ] ] ] } },
{ "type": "Feature", "properties": { "geogrid_id": "7359956639006269429", "seqnum": 15010.0, "lat_c": -59.956639458843746, "lon_c": -6.269428765384828, "res": 7.0, "count_Birds": 1, "count_Mammals": 0, "count_Molluscs": 0, "count_Mosses": 0, "count_Insects": 0, "count_Sac Fungi": 0, "count_Flowering Plants": 0, "count_Arachnids": 0, "count_Basidiomycota": 0, "count_Amphibians": 0, "unique_species_count": 1.0, "countryCode": "AQ" }, "geometry": { "type": "MultiPolygon", "coordinates": [ [ [ [ -5.604920940997287, -59.120951268525602 ], [ -4.73108608624571, -59.908180956638098 ], [ -5.400773462256444, -60.748623780095485 ], [ -6.977529677680099, -60.786765995815209 ], [ -7.815461219355457, -59.987207051041871 ], [ -7.10588804808133, -59.161615246590408 ], [ -5.604920940997287, -59.120951268525602 ] ] ] ] } },
{ "type": "Feature", "properties": { "geogrid_id": "7359956639151230571", "seqnum": 14987.0, "lat_c": -59.956639454349819, "lon_c": -151.23057123080969, "res": 7.0, "count_Birds": 1, "count_Mammals": 0, "count_Molluscs": 0, "count_Mosses": 0, "count_Insects": 0, "count_Sac Fungi": 0, "count_Flowering Plants": 0, "count_Arachnids": 0, "count_Basidiomycota": 0, "count_Amphibians": 0, "unique_species_count": 1.0, "countryCode": "AQ" }, "geometry": { "type": "MultiPolygon", "coordinates": [ [ [ [ -150.522470318641098, -60.786765991374295 ], [ -152.099226533853425, -60.748623775551295 ], [ -152.768913909743873, -59.908180952042599 ], [ -151.895079043487442, -59.120951275739763 ], [ -150.394111936066025, -59.161615253553308 ], [ -149.684538777037517, -59.987207046651996 ], [ -150.522470318641098, -60.786765991374295 ] ] ] ] } },
{ "type": "Feature", "properties": { "geogrid_id": "7359993921010923447", "seqnum": 14928.0, "lat_c": -59.993920797352921, "lon_c": -10.92344712579259, "res": 7.0, "count_Birds": 2, "count_Mammals": 0, "count_Molluscs": 0, "count_Mosses": 0, "count_Insects": 0, "count_Sac Fungi": 0, "count_Flowering Plants": 0, "count_Arachnids": 0, "count_Basidiomycota": 0, "count_Amphibians": 0, "unique_species_count": 2.0, "countryCode": "AQ" }, "geometry": { "type": "MultiPolygon", "coordinates": [ [ [ [ -10.127453890584565, -59.190155203676596 ], [ -9.367407067342908, -59.999687121501367 ], [ -10.151134152348135, -60.808074430923391 ], [ -11.744089947791696, -60.790891088246141 ], [ -12.481732875487804, -59.969788142232602 ], [ -11.644657714769753, -59.177688860362352 ], [ -10.127453890584565, -59.190155203676596 ] ] ] ] } },
{ "type": "Feature", "properties": { "geogrid_id": "7359994490162784057", "seqnum": 15203.0, "lat_c": -59.99449014342585, "lon_c": -162.78405679982018, "res": 7.0, "count_Birds": 1, "count_Mammals": 0, "count_Molluscs": 0, "count_Mosses": 0, "count_Insects": 0, "count_Sac Fungi": 0, "count_Flowering Plants": 0, "count_Arachnids": 0, "count_Basidiomycota": 0, "count_Amphibians": 0, "unique_species_count": 1.0, "countryCode": "AQ" }, "geometry": { "type": "MultiPolygon", "coordinates": [ [ [ [ -162.360449229829925, -60.897718335164463 ], [ -163.856347455209431, -60.732928198181106 ], [ -164.241928942453427, -59.82156206722555 ], [ -163.187100937816325, -59.091636923737283 ], [ -161.746359273316386, -59.257043884193166 ], [ -161.306395949851122, -60.151947443225495 ], [ -162.360449229829925, -60.897718335164463 ] ] ] ] } },
{ "type": "Feature", "properties": { "geogrid_id": "7359994490174715943", "seqnum": 17472.0, "lat_c": -59.994490147205248, "lon_c": -174.71594321270655, "res": 7.0, "count_Birds": 1, "count_Mammals": 0, "count_Molluscs": 0, "count_Mosses": 0, "count_Insects": 0, "count_Sac Fungi": 0, "count_Flowering Plants": 0, "count_Arachnids": 0, "count_Basidiomycota": 0, "count_Amphibians": 0, "unique_species_count": 1.0, "countryCode": "AQ" }, "geometry": { "type": "MultiPolygon", "coordinates": [ [ [ [ -176.193604062974572, -60.151947446659932 ], [ -175.753640738800527, -59.257043887755913 ], [ -174.312899074006253, -59.091636927637815 ], [ -173.258071069750741, -59.821562071343052 ], [ -173.643652557734498, -60.732928202180808 ], [ -175.139550783442871, -60.897718338818727 ], [ -176.193604062974572, -60.151947446659932 ] ] ] ] } },
{ "type": "Feature", "properties": { "geogrid_id": "7360012338030129023", "seqnum": 14626.0, "lat_c": -60.01233759282794, "lon_c": -30.129022644991224, "res": 7.0, "count_Birds": 6, "count_Mammals": 2, "count_Molluscs": 0, "count_Mosses": 0, "count_Insects": 0, "count_Sac Fungi": 0, "count_Flowering Plants": 0, "count_Arachnids": 0, "count_Basidiomycota": 0, "count_Amphibians": 0, "unique_species_count": 8.0, "countryCode": "AQ" }, "geometry": { "type": "MultiPolygon", "coordinates": [ [ [ [ -28.937465243752136, -59.372042697037962 ], [ -28.602205266666655, -60.247099578272426 ], [ -29.816945991281756, -60.890691470986191 ], [ -31.365170189608541, -60.640648412493888 ], [ -31.636182022375056, -59.760254172335991 ], [ -30.424503194351409, -59.134822020374429 ], [ -28.937465243752136, -59.372042697037962 ] ] ] ] } },
{ "type": "Feature", "properties": { "geogrid_id": "7360145540022824742", "seqnum": 14736.0, "lat_c": -60.145540266456202, "lon_c": -22.824742001719514, "res": 7.0, "count_Birds": 6, "count_Mammals": 1, "count_Molluscs": 0, "count_Mosses": 0, "count_Insects": 0, "count_Sac Fungi": 0, "count_Flowering Plants": 0, "count_Arachnids": 0, "count_Basidiomycota": 0, "count_Amphibians": 0, "unique_species_count": 7.0, "countryCode": "AQ" }, "geometry": { "type": "MultiPolygon", "coordinates": [ [ [ [ -21.774956032176533, -59.43762459118205 ], [ -21.262866148430479, -60.293723399633954 ], [ -22.326889519123814, -61.006434925543196 ], [ -23.917763163380087, -60.844126235919845 ], [ -24.37473491845785, -59.979044564518524 ], [ -23.297700381221585, -59.284924747435348 ], [ -21.774956032176533, -59.43762459118205 ] ] ] ] } },
{ "type": "Feature", "properties": { "geogrid_id": "7360188189065042382", "seqnum": 14294.0, "lat_c": -60.188189013528351, "lon_c": -65.042381798903477, "res": 7.0, "count_Birds": 18, "count_Mammals": 6, "count_Molluscs": 1, "count_Mosses": 0, "count_Insects": 0, "count_Sac Fungi": 0, "count_Flowering Plants": 0, "count_Arachnids": 0, "count_Basidiomycota": 0, "count_Amphibians": 0, "unique_species_count": 25.0, "countryCode": "AQ" }, "geometry": { "type": "MultiPolygon", "coordinates": [ [ [ [ -63.338972125791649, -59.940721649871818 ], [ -63.887294210348472, -60.76441217976965 ], [ -65.638012969923778, -61.003230872692136 ], [ -66.775080881734723, -60.416313959495618 ], [ -66.161700588365761, -59.607081574754133 ], [ -64.474951073437978, -59.370261065576202 ], [ -63.338972125791649, -59.940721649871818 ] ] ] ] } },
{ "type": "Feature", "properties": { "geogrid_id": "7360373225032891792", "seqnum": 14599.0, "lat_c": -60.373224715581493, "lon_c": -32.891792463606343, "res": 7.0, "count_Birds": 1, "count_Mammals": 1, "count_Molluscs": 0, "count_Mosses": 0, "count_Insects": 0, "count_Sac Fungi": 0, "count_Flowering Plants": 0, "count_Arachnids": 0, "count_Basidiomycota": 0, "count_Amphibians": 0, "unique_species_count": 2.0, "countryCode": "AQ" }, "geometry": { "type": "MultiPolygon", "coordinates": [ [ [ [ -31.636182022375056, -59.760254172335991 ], [ -31.365170189608541, -60.640648412493888 ], [ -32.64795674773228, -61.256337002061642 ], [ -34.193196016538096, -60.97308776533923 ], [ -34.39563125556446, -60.08883053538711 ], [ -33.122482823554805, -59.491225106198854 ], [ -31.636182022375056, -59.760254172335991 ] ] ] ] } },
{ "type": "Feature", "properties": { "geogrid_id": "7360388789084314676", "seqnum": 14264.0, "lat_c": -60.388788973171401, "lon_c": -84.314675591756014, "res": 7.0, "count_Birds": 2, "count_Mammals": 0, "count_Molluscs": 0, "count_Mosses": 0, "count_Insects": 0, "count_Sac Fungi": 0, "count_Flowering Plants": 0, "count_Arachnids": 0, "count_Basidiomycota": 0, "count_Amphibians": 0, "unique_species_count": 2.0, "countryCode": "AQ" }, "geometry": { "type": "MultiPolygon", "coordinates": [ [ [ [ -82.489003812374477, -60.557921454735464 ], [ -83.505654015120811, -61.16372155415101 ], [ -85.35406249345931, -60.996056686174278 ], [ -86.111999852789296, -60.213857979116362 ], [ -85.085211487572863, -59.609832901448222 ], [ -83.309425387905335, -59.784104225250694 ], [ -82.489003812374477, -60.557921454735464 ] ] ] ] } },
{ "type": "Feature", "properties": { "geogrid_id": "7360418697158296565", "seqnum": 15122.0, "lat_c": -60.418696719583714, "lon_c": -158.2965654645723, "res": 7.0, "count_Birds": 1, "count_Mammals": 0, "count_Molluscs": 0, "count_Mosses": 0, "count_Insects": 0, "count_Sac Fungi": 0, "count_Flowering Plants": 0, "count_Arachnids": 0, "count_Basidiomycota": 0, "count_Amphibians": 0, "unique_species_count": 1.0, "countryCode": "AQ" }, "geometry": { "type": "MultiPolygon", "coordinates": [ [ [ [ -157.755056294153661, -61.295727305796248 ], [ -159.30843831875876, -61.179570839326239 ], [ -159.810131152846765, -60.293490392261525 ], [ -158.812036863809737, -59.540597502868934 ], [ -157.320940251110414, -59.657958115453688 ], [ -156.767116306282929, -60.527168492984345 ], [ -157.755056294153661, -61.295727305796248 ] ] ] ] } },
{ "type": "Feature", "properties": { "geogrid_id": "7360418697179203435", "seqnum": 17473.0, "lat_c": -60.418696722309392, "lon_c": -179.20343454877204, "res": 7.0, "count_Birds": 1, "count_Mammals": 1, "count_Molluscs": 0, "count_Mosses": 0, "count_Insects": 0, "count_Sac Fungi": 0, "count_Flowering Plants": 0, "count_Arachnids": 0, "count_Basidiomycota": 0, "count_Amphibians": 0, "unique_species_count": 2.0, "countryCode": "AQ" }, "geometry": { "type": "MultiPolygon", "coordinates": [ [ [ [ 179.267116292722875, -60.527168495347205 ], [ 179.820940238258885, -59.657958117967212 ], [ 180.0, -59.643864756690988 ], [ 180.0, -61.097308624678497 ], [ 179.267116292722875, -60.527168495347205 ] ] ], [ [ [ -178.687963148823542, -59.540597505737729 ], [ -177.689868860252147, -60.29349039534457 ], [ -178.191561695091679, -61.179570842268895 ], [ -179.744943719941006, -61.295727308373706 ], [ -180.0, -61.097308624678497 ], [ -180.0, -59.643864756690988 ], [ -178.687963148823542, -59.540597505737729 ] ] ] ] } },
{ "type": "Feature", "properties": { "geogrid_id": "7360505267062167464", "seqnum": 14322.0, "lat_c": -60.505267365491655, "lon_c": -62.167464048139784, "res": 7.0, "count_Birds": 21, "count_Mammals": 6, "count_Molluscs": 0, "count_Mosses": 0, "count_Insects": 2, "count_Sac Fungi": 0, "count_Flowering Plants": 0, "count_Arachnids": 0, "count_Basidiomycota": 0, "count_Amphibians": 0, "unique_species_count": 29.0, "countryCode": "AQ" }, "geometry": { "type": "MultiPolygon", "coordinates": [ [ [ [ -60.479146841958034, -60.225702700578829 ], [ -60.959221085281762, -61.063150461823064 ], [ -62.695151743050559, -61.334963789897124 ], [ -63.887294210348472, -60.76441217976965 ], [ -63.338972125791649, -59.940721649871818 ], [ -61.665381229203021, -59.673572073390574 ], [ -60.479146841958034, -60.225702700578829 ] ] ] ] } },
{ "type": "Feature", "properties": { "geogrid_id": "7360505267095332536", "seqnum": 14316.0, "lat_c": -60.505267364922879, "lon_c": -95.332535950501338, "res": 7.0, "count_Birds": 3, "count_Mammals": 0, "count_Molluscs": 0, "count_Mosses": 0, "count_Insects": 0, "count_Sac Fungi": 0, "count_Flowering Plants": 0, "count_Arachnids": 0, "count_Basidiomycota": 0, "count_Amphibians": 0, "unique_species_count": 3.0, "countryCode": "AQ" }, "geometry": { "type": "MultiPolygon", "coordinates": [ [ [ [ -93.612705788309825, -60.764412179275809 ], [ -94.804848255760476, -61.334963789319978 ], [ -96.540778913505335, -61.063150461166728 ], [ -97.020853156661929, -60.225702699933137 ], [ -95.83461876927781, -59.673572072831881 ], [ -94.161027872703855, -59.940721649386077 ], [ -93.612705788309825, -60.764412179275809 ] ] ] ] } },
{ "type": "Feature", "properties": { "geogrid_id": "7360529601168750000", "seqnum": 17417.0, "lat_c": -60.529601388426819, "lon_c": -168.75000000326762, "res": 7.0, "count_Birds": 1, "count_Mammals": 0, "count_Molluscs": 0, "count_Mosses": 0, "count_Insects": 0, "count_Sac Fungi": 0, "count_Flowering Plants": 0, "count_Arachnids": 0, "count_Basidiomycota": 0, "count_Amphibians": 0, "unique_species_count": 1.0, "countryCode": "AQ" }, "geometry": { "type": "MultiPolygon", "coordinates": [ [ [ [ -170.470690203368889, -60.924781607219359 ], [ -170.437228987208016, -60.176579471431445 ], [ -168.750000002980158, -59.778003516161412 ], [ -167.062771020447855, -60.176579469593314 ], [ -167.029309804886168, -60.924781605382627 ], [ -168.750000003569369, -61.283706454612854 ], [ -170.470690203368889, -60.924781607219359 ] ] ] ] } },
{ "type": "Feature", "properties": { "geogrid_id": "7360534464018110489", "seqnum": 14818.0, "lat_c": -60.53446392327087, "lon_c": -18.110488508338975, "res": 7.0, "count_Birds": 2, "count_Mammals": 0, "count_Molluscs": 0, "count_Mosses": 0, "count_Insects": 0, "count_Sac Fungi": 0, "count_Flowering Plants": 0, "count_Arachnids": 0, "count_Basidiomycota": 0, "count_Amphibians": 0, "unique_species_count": 2.0, "countryCode": "AQ" }, "geometry": { "type": "MultiPolygon", "coordinates": [ [ [ [ -17.151435304659778, -59.786592082698327 ], [ -16.523683610757477, -60.626776455087139 ], [ -17.491279198898155, -61.380331117636047 ], [ -19.11170704741966, -61.274685481019546 ], [ -19.6908432816819, -60.423412200282819 ], [ -18.700126952057193, -59.688595357467044 ], [ -17.151435304659778, -59.786592082698327 ] ] ] ] } },
{ "type": "Feature", "properties": { "geogrid_id": "7360534464139389511", "seqnum": 14798.0, "lat_c": -60.534463919615824, "lon_c": -139.3895114892139, "res": 7.0, "count_Birds": 1, "count_Mammals": 0, "count_Molluscs": 0, "count_Mosses": 0, "count_Insects": 0, "count_Sac Fungi": 0, "count_Flowering Plants": 0, "count_Arachnids": 0, "count_Basidiomycota": 0, "count_Amphibians": 0, "unique_species_count": 1.0, "countryCode": "AQ" }, "geometry": { "type": "MultiPolygon", "coordinates": [ [ [ [ -138.388292950292538, -61.27468547743117 ], [ -140.008720798669799, -61.38033111392798 ], [ -140.976316386651149, -60.626776451314242 ], [ -140.348564692744105, -59.786592078977819 ], [ -138.799873045479217, -59.688595353864059 ], [ -137.80915671600323, -60.423412196746973 ], [ -138.388292950292538, -61.27468547743117 ] ] ] ] } },
{ "type": "Feature", "properties": { "geogrid_id": "7360552868165330572", "seqnum": 15257.0, "lat_c": -60.552868375804465, "lon_c": -165.33057214397351, "res": 7.0, "count_Birds": 1, "count_Mammals": 0, "count_Molluscs": 1, "count_Mosses": 0, "count_Insects": 0, "count_Sac Fungi": 0, "count_Flowering Plants": 0, "count_Arachnids": 0, "count_Basidiomycota": 0, "count_Amphibians": 0, "unique_species_count": 2.0, "countryCode": "AQ" }, "geometry": { "type": "MultiPolygon", "coordinates": [ [ [ [ -165.262374637459715, -61.296945636954575 ], [ -167.029309804886168, -60.924781605382627 ], [ -167.062771020447855, -60.176579469593314 ], [ -165.678948163251135, -59.633625039570262 ], [ -164.241928942453427, -59.82156206722555 ], [ -163.856347455209431, -60.732928198181106 ], [ -165.262374637459715, -61.296945636954575 ] ] ] ] } },
{ "type": "Feature", "properties": { "geogrid_id": "7360552868172169428", "seqnum": 17444.0, "lat_c": -60.552868379587608, "lon_c": -172.16942786429175, "res": 7.0, "count_Birds": 1, "count_Mammals": 0, "count_Molluscs": 0, "count_Mosses": 0, "count_Insects": 0, "count_Sac Fungi": 0, "count_Flowering Plants": 0, "count_Arachnids": 0, "count_Basidiomycota": 0, "count_Amphibians": 0, "unique_species_count": 1.0, "countryCode": "AQ" }, "geometry": { "type": "MultiPolygon", "coordinates": [ [ [ [ -173.643652557734498, -60.732928202180808 ], [ -173.258071069750741, -59.821562071343052 ], [ -171.821051848609073, -59.63362504401865 ], [ -170.437228987208016, -60.176579471431445 ], [ -170.470690203368889, -60.924781607219359 ], [ -172.237625371224908, -61.296945638533394 ], [ -173.643652557734498, -60.732928202180808 ] ] ] ] } },
{ "type": "Feature", "properties": { "geogrid_id": "7360663295025495054", "seqnum": 14708.0, "lat_c": -60.663295483218796, "lon_c": -25.495053629138081, "res": 7.0, "count_Birds": 8, "count_Mammals": 0, "count_Molluscs": 2, "count_Mosses": 0, "count_Insects": 0, "count_Sac Fungi": 0, "count_Flowering Plants": 0, "count_Arachnids": 0, "count_Basidiomycota": 0, "count_Amphibians": 0, "unique_species_count": 10.0, "countryCode": "AQ" }, "geometry": { "type": "MultiPolygon", "coordinates": [ [ [ [ -24.37473491845785, -59.979044564518524 ], [ -23.917763163380087, -60.844126235919845 ], [ -25.056658348346513, -61.53286305041626 ], [ -26.66114801416505, -61.337134295374184 ], [ -27.057062107162292, -60.464191610491611 ], [ -25.911199207246202, -59.794455151153862 ], [ -24.37473491845785, -59.979044564518524 ] ] ] ] } },
{ "type": "Feature", "properties": { "geogrid_id": "7360672873035713618", "seqnum": 14571.0, "lat_c": -60.672873474250075, "lon_c": -35.713617578830444, "res": 7.0, "count_Birds": 5, "count_Mammals": 1, "count_Molluscs": 9, "count_Mosses": 0, "count_Insects": 0, "count_Sac Fungi": 0, "count_Flowering Plants": 0, "count_Arachnids": 0, "count_Basidiomycota": 0, "count_Amphibians": 0, "unique_species_count": 15.0, "countryCode": "AQ" }, "geometry": { "type": "MultiPolygon", "coordinates": [ [ [ [ -34.39563125556446, -60.08883053538711 ], [ -34.193196016538096, -60.97308776533923 ], [ -35.542251056434154, -61.559153541075808 ], [ -37.078094585181169, -61.24266304654784 ], [ -37.208233382484103, -60.35616358664889 ], [ -35.875651634834078, -59.787899798925082 ], [ -34.39563125556446, -60.08883053538711 ] ] ] ] } },
{ "type": "Feature", "properties": { "geogrid_id": "7360692456003833227", "seqnum": 15064.0, "lat_c": -60.692456055717024, "lon_c": -3.8332266435195459, "res": 7.0, "count_Birds": 1, "count_Mammals": 0, "count_Molluscs": 0, "count_Mosses": 0, "count_Insects": 0, "count_Sac Fungi": 0, "count_Flowering Plants": 0, "count_Arachnids": 0, "count_Basidiomycota": 0, "count_Amphibians": 0, "unique_species_count": 1.0, "countryCode": "AQ" }, "geometry": { "type": "MultiPolygon", "coordinates": [ [ [ [ -3.202154092665697, -59.842064370057713 ], [ -2.276690196234488, -60.618535094200205 ], [ -2.898696128232161, -61.476431377854453 ], [ -4.495614401188918, -61.540243048067545 ], [ -5.400773462256444, -60.748623780095485 ], [ -4.73108608624571, -59.908180956638098 ], [ -3.202154092665697, -59.842064370057713 ] ] ] ] } },
{ "type": "Feature", "properties": { "geogrid_id": "7360692456153666773", "seqnum": 15041.0, "lat_c": -60.692456051072199, "lon_c": -153.66677335237273, "res": 7.0, "count_Birds": 1, "count_Mammals": 0, "count_Molluscs": 0, "count_Mosses": 0, "count_Insects": 0, "count_Sac Fungi": 0, "count_Flowering Plants": 0, "count_Arachnids": 0, "count_Basidiomycota": 0, "count_Amphibians": 0, "unique_species_count": 1.0, "countryCode": "AQ" }, "geometry": { "type": "MultiPolygon", "coordinates": [ [ [ [ -153.004385594829188, -61.540243043472287 ], [ -154.601303867555288, -61.476431373159492 ], [ -155.223309799434901, -60.618535089457453 ], [ -154.297845903113313, -59.842064365363242 ], [ -152.768913909743873, -59.908180952042599 ], [ -152.099226533853425, -60.748623775551295 ], [ -153.004385594829188, -61.540243043472287 ] ] ] ] } },
{ "type": "Feature", "properties": { "geogrid_id": "7360754986013338500", "seqnum": 14900.0, "lat_c": -60.75498584927098, "lon_c": -13.338500276012377, "res": 7.0, "count_Birds": 3, "count_Mammals": 1, "count_Molluscs": 0, "count_Mosses": 0, "count_Insects": 0, "count_Sac Fungi": 0, "count_Flowering Plants": 0, "count_Arachnids": 0, "count_Basidiomycota": 0, "count_Amphibians": 0, "unique_species_count": 4.0, "countryCode": "AQ" }, "geometry": { "type": "MultiPolygon", "coordinates": [ [ [ [ -12.481732875487804, -59.969788142232602 ], [ -11.744089947791696, -60.790891088246141 ], [ -12.603331661790072, -61.582501481149471 ], [ -14.234975487759524, -61.534252710214773 ], [ -14.932363272469129, -60.700289577248292 ], [ -14.040400484611332, -59.927209003132269 ], [ -12.481732875487804, -59.969788142232602 ] ] ] ] } },
{ "type": "Feature", "properties": { "geogrid_id": "7360770303059256654", "seqnum": 14350.0, "lat_c": -60.770303491144887, "lon_c": -59.256654106902886, "res": 7.0, "count_Birds": 24, "count_Mammals": 8, "count_Molluscs": 0, "count_Mosses": 2, "count_Insects": 0, "count_Sac Fungi": 0, "count_Flowering Plants": 0, "count_Arachnids": 0, "count_Basidiomycota": 0, "count_Amphibians": 0, "unique_species_count": 34.0, "countryCode": "AQ" }, "geometry": { "type": "MultiPolygon", "coordinates": [ [ [ [ -57.588128493462079, -60.456704582163312 ], [ -57.996818020276287, -61.306642717458914 ], [ -59.713052766205344, -61.613604929430018 ], [ -60.959221085281762, -61.063150461823064 ], [ -60.479146841958034, -60.225702700578829 ], [ -58.82297107415048, -59.925838796429858 ], [ -57.588128493462079, -60.456704582163312 ] ] ] ] } },
{ "type": "Feature", "properties": { "geogrid_id": "7360806648008561625", "seqnum": 14982.0, "lat_c": -60.80664797371945, "lon_c": -8.5616251551201259, "res": 7.0, "count_Birds": 3, "count_Mammals": 0, "count_Molluscs": 0, "count_Mosses": 0, "count_Insects": 0, "count_Sac Fungi": 0, "count_Flowering Plants": 0, "count_Arachnids": 0, "count_Basidiomycota": 0, "count_Amphibians": 0, "unique_species_count": 3.0, "countryCode": "AQ" }, "geometry": { "type": "MultiPolygon", "coordinates": [ [ [ [ -7.815461219355457, -59.987207051041871 ], [ -6.977529677680099, -60.786765995815209 ], [ -7.720157742053716, -61.613211309479553 ], [ -9.343786250979738, -61.621855432085553 ], [ -10.151134152348135, -60.808074430923391 ], [ -9.367407067342908, -59.999687121501367 ], [ -7.815461219355457, -59.987207051041871 ] ] ] ] } },
{ "type": "Feature", "properties": { "geogrid_id": "7360909754038586058", "seqnum": 14543.0, "lat_c": -60.909753657342087, "lon_c": -38.586057987335607, "res": 7.0, "count_Birds": 13, "count_Mammals": 1, "count_Molluscs": 0, "count_Mosses": 0, "count_Insects": 0, "count_Sac Fungi": 0, "count_Flowering Plants": 0, "count_Arachnids": 0, "count_Basidiomycota": 0, "count_Amphibians": 0, "unique_species_count": 14.0, "countryCode": "AQ" }, "geometry": { "type": "MultiPolygon", "coordinates": [ [ [ [ -37.208233382484103, -60.35616358664889 ], [ -37.078094585181169, -61.24266304654784 ], [ -38.490669768519787, -61.797466661387681 ], [ -40.010517014541335, -61.447943885830647 ], [ -40.065384976724857, -60.560950166019758 ], [ -38.676212321954637, -60.023447059589024 ], [ -37.208233382484103, -60.35616358664889 ] ] ] ] } },
{ "type": "Feature", "properties": { "geogrid_id": "7360909754118913942", "seqnum": 14529.0, "lat_c": -60.909753655226694, "lon_c": -118.91394201145695, "res": 7.0, "count_Birds": 1, "count_Mammals": 0, "count_Molluscs": 0, "count_Mosses": 0, "count_Insects": 0, "count_Sac Fungi": 0, "count_Flowering Plants": 0, "count_Arachnids": 0, "count_Basidiomycota": 0, "count_Amphibians": 0, "unique_species_count": 1.0, "countryCode": "AQ" }, "geometry": { "type": "MultiPolygon", "coordinates": [ [ [ [ -117.489482984375115, -61.447943883800313 ], [ -119.009330230417717, -61.797466659234118 ], [ -120.42190541362217, -61.242663044309445 ], [ -120.291766616185853, -60.356163584450051 ], [ -118.823787676702253, -60.023447057511454 ], [ -117.434615022045222, -60.560950164025776 ], [ -117.489482984375115, -61.447943883800313 ] ] ] ] } },
{ "type": "Feature", "properties": { "geogrid_id": "7360978573056316681", "seqnum": 14377.0, "lat_c": -60.978572538394367, "lon_c": -56.316680501612801, "res": 7.0, "count_Birds": 28, "count_Mammals": 8, "count_Molluscs": 18, "count_Mosses": 0, "count_Insects": 5, "count_Sac Fungi": 0, "count_Flowering Plants": 0, "count_Arachnids": 7, "count_Basidiomycota": 0, "count_Amphibians": 0, "unique_species_count": 66.0, "countryCode": "AQ" }, "geometry": { "type": "MultiPolygon", "coordinates": [ [ [ [ -54.673231854606229, -60.629895752405623 ], [ -55.00770735364398, -61.49072622877032 ], [ -56.69859249348788, -61.833972856976857 ], [ -57.996818020276287, -61.306642717458914 ], [ -57.588128493462079, -60.456704582163312 ], [ -55.95423993858126, -60.122744069236653 ], [ -54.673231854606229, -60.629895752405623 ] ] ] ] } },
{ "type": "Feature", "properties": { "geogrid_id": "7361046754160844046", "seqnum": 15176.0, "lat_c": -61.046754099392331, "lon_c": -160.84404595224237, "res": 7.0, "count_Birds": 1, "count_Mammals": 0, "count_Molluscs": 0, "count_Mosses": 0, "count_Insects": 0, "count_Sac Fungi": 0, "count_Flowering Plants": 0, "count_Arachnids": 0, "count_Basidiomycota": 0, "count_Amphibians": 0, "unique_species_count": 1.0, "countryCode": "AQ" }, "geometry": { "type": "MultiPolygon", "coordinates": [ [ [ [ -160.35636839149339, -61.941721161753669 ], [ -161.913431896718151, -61.801636954874276 ], [ -162.360449229829925, -60.897718335164463 ], [ -161.306395949851122, -60.151947443225495 ], [ -159.810131152846765, -60.293490392261525 ], [ -159.30843831875876, -61.179570839326239 ], [ -160.35636839149339, -61.941721161753669 ] ] ] ] } },
{ "type": "Feature", "properties": { "geogrid_id": "7361046754176655954", "seqnum": 17445.0, "lat_c": -61.046754102694088, "lon_c": -176.65595406133338, "res": 7.0, "count_Birds": 2, "count_Mammals": 1, "count_Molluscs": 0, "count_Mosses": 0, "count_Insects": 0, "count_Sac Fungi": 0, "count_Flowering Plants": 0, "count_Arachnids": 0, "count_Basidiomycota": 0, "count_Amphibians": 0, "unique_species_count": 3.0, "countryCode": "AQ" }, "geometry": { "type": "MultiPolygon", "coordinates": [ [ [ [ -178.191561695091679, -61.179570842268895 ], [ -177.689868860252147, -60.29349039534457 ], [ -176.193604062974572, -60.151947446659932 ], [ -175.139550783442871, -60.897718338818727 ], [ -175.586568117347014, -61.801636958398774 ], [ -177.143631622877876, -61.941721164917737 ], [ -178.191561695091679, -61.179570842268895 ] ] ] ] } },
{ "type": "Feature", "properties": { "geogrid_id": "7361082680041499670", "seqnum": 14516.0, "lat_c": -61.082680461071739, "lon_c": -41.499670243044974, "res": 7.0, "count_Birds": 4, "count_Mammals": 2, "count_Molluscs": 8, "count_Mosses": 0, "count_Insects": 0, "count_Sac Fungi": 0, "count_Flowering Plants": 0, "count_Arachnids": 0, "count_Basidiomycota": 0, "count_Amphibians": 0, "unique_species_count": 14.0, "countryCode": "AQ" }, "geometry": { "type": "MultiPolygon", "coordinates": [ [ [ [ -40.065384976724857, -60.560950166019758 ], [ -40.010517014541335, -61.447943885830647 ], [ -41.482914224439625, -61.969970372384147 ], [ -42.980155380017706, -61.587888878514796 ], [ -42.957635419887488, -60.702251136551531 ], [ -41.515480690517556, -60.196791998508964 ], [ -40.065384976724857, -60.560950166019758 ] ] ] ] } },
{ "type": "Feature", "properties": { "geogrid_id": "7361082680116000330", "seqnum": 14503.0, "lat_c": -61.08268045916283, "lon_c": -116.00032975583873, "res": 7.0, "count_Birds": 1, "count_Mammals": 0, "count_Molluscs": 0, "count_Mosses": 0, "count_Insects": 0, "count_Sac Fungi": 0, "count_Flowering Plants": 0, "count_Arachnids": 0, "count_Basidiomycota": 0, "count_Amphibians": 0, "unique_species_count": 1.0, "countryCode": "AQ" }, "geometry": { "type": "MultiPolygon", "coordinates": [ [ [ [ -114.519844618979505, -61.587888876692475 ], [ -116.017085774601426, -61.969970370440528 ], [ -117.489482984375115, -61.447943883800313 ], [ -117.434615022045222, -60.560950164025776 ], [ -115.984519308219177, -60.196791996634623 ], [ -114.542364578952743, -60.702251134762065 ], [ -114.519844618979505, -61.587888876692475 ] ] ] ] } },
{ "type": "Feature", "properties": { "geogrid_id": "7361122971028248448", "seqnum": 14681.0, "lat_c": -61.122970908794173, "lon_c": -28.248447868955807, "res": 7.0, "count_Birds": 4, "count_Mammals": 0, "count_Molluscs": 1, "count_Mosses": 0, "count_Insects": 0, "count_Sac Fungi": 0, "count_Flowering Plants": 0, "count_Arachnids": 0, "count_Basidiomycota": 0, "count_Amphibians": 0, "unique_species_count": 5.0, "countryCode": "AQ" }, "geometry": { "type": "MultiPolygon", "coordinates": [ [ [ [ -27.057062107162292, -60.464191610491611 ], [ -26.66114801416505, -61.337134295374184 ], [ -27.875626013943972, -61.999969172815177 ], [ -29.487780830481984, -61.770181884897404 ], [ -29.816945991281756, -60.890691470986191 ], [ -28.602205266666655, -60.247099578272426 ], [ -27.057062107162292, -60.464191610491611 ] ] ] ] } },
{ "type": "Feature", "properties": { "geogrid_id": "7361126707053355706", "seqnum": 14405.0, "lat_c": -61.126707251133269, "lon_c": -53.355705781146405, "res": 7.0, "count_Birds": 24, "count_Mammals": 8, "count_Molluscs": 15, "count_Mosses": 1, "count_Insects": 4, "count_Sac Fungi": 0, "count_Flowering Plants": 0, "count_Arachnids": 2, "count_Basidiomycota": 0, "count_Amphibians": 0, "unique_species_count": 54.0, "countryCode": "AQ" }, "geometry": { "type": "MultiPolygon", "coordinates": [ [ [ [ -51.742980127132142, -60.742550117812243 ], [ -52.000947706060174, -61.612478875217221 ], [ -53.660353894727002, -61.992436197487692 ], [ -55.00770735364398, -61.49072622877032 ], [ -54.673231854606229, -60.629895752405623 ], [ -53.066922416159528, -60.26116622513095 ], [ -51.742980127132142, -60.742550117812243 ] ] ] ] } },
{ "type": "Feature", "properties": { "geogrid_id": "7361150011020724238", "seqnum": 14790.0, "lat_c": -61.15001118033755, "lon_c": -20.724237592713248, "res": 7.0, "count_Birds": 3, "count_Mammals": 2, "count_Molluscs": 0, "count_Mosses": 0, "count_Insects": 0, "count_Sac Fungi": 0, "count_Flowering Plants": 0, "count_Arachnids": 0, "count_Basidiomycota": 0, "count_Amphibians": 0, "unique_species_count": 5.0, "countryCode": "AQ" }, "geometry": { "type": "MultiPolygon", "coordinates": [ [ [ [ -19.6908432816819, -60.423412200282819 ], [ -19.11170704741966, -61.274685481019546 ], [ -20.158107355875895, -62.006828249135424 ], [ -21.803213012849024, -61.867930326823931 ], [ -22.326889519123814, -61.006434925543196 ], [ -21.262866148430479, -60.293723399633954 ], [ -19.6908432816819, -60.423412200282819 ] ] ] ] } },
{ "type": "Feature", "properties": { "geogrid_id": "7361190876044444228", "seqnum": 14488.0, "lat_c": -61.190875996898775, "lon_c": -44.444227958634968, "res": 7.0, "count_Birds": 18, "count_Mammals": 8, "count_Molluscs": 42, "count_Mosses": 16, "count_Insects": 11, "count_Sac Fungi": 5, "count_Flowering Plants": 2, "count_Arachnids": 24, "count_Basidiomycota": 1, "count_Amphibians": 0, "unique_species_count": 127.0, "countryCode": "AQ" }, "geometry": { "type": "MultiPolygon", "coordinates": [ [ [ [ -42.957635419887488, -60.702251136551531 ], [ -42.980155380017706, -61.587888878514796 ], [ -44.507800458984477, -62.075794400574459 ], [ -45.976012380172719, -61.661909528477445 ], [ -45.874920058988067, -60.779550041808484 ], [ -44.384077808422688, -60.307240075802035 ], [ -42.957635419887488, -60.702251136551531 ] ] ] ] } },
{ "type": "Feature", "properties": { "geogrid_id": "7361212366050383074", "seqnum": 14433.0, "lat_c": -61.212366043937998, "lon_c": -50.383073714790463, "res": 7.0, "count_Birds": 12, "count_Mammals": 4, "count_Molluscs": 0, "count_Mosses": 0, "count_Insects": 0, "count_Sac Fungi": 0, "count_Flowering Plants": 0, "count_Arachnids": 0, "count_Basidiomycota": 0, "count_Amphibians": 0, "unique_species_count": 16.0, "countryCode": "AQ" }, "geometry": { "type": "MultiPolygon", "coordinates": [ [ [ [ -48.806840771351006, -60.792812529682429 ], [ -48.986728181214986, -61.669934564314481 ], [ -50.608334105314306, -62.086501274629732 ], [ -52.000947706060174, -61.612478875217221 ], [ -51.742980127132142, -60.742550117812243 ], [ -50.169747258429837, -60.338909468443816 ], [ -48.806840771351006, -60.792812529682429 ] ] ] ] } },
{ "type": "Feature", "properties": { "geogrid_id": "7361222145067419074", "seqnum": 14321.0, "lat_c": -61.222144723906112, "lon_c": -67.419073554829041, "res": 7.0, "count_Birds": 11, "count_Mammals": 0, "count_Molluscs": 0, "count_Mosses": 0, "count_Insects": 0, "count_Sac Fungi": 0, "count_Flowering Plants": 0, "count_Arachnids": 0, "count_Basidiomycota": 0, "count_Amphibians": 0, "unique_species_count": 11.0, "countryCode": "AQ" }, "geometry": { "type": "MultiPolygon", "coordinates": [ [ [ [ -65.638012969923778, -61.003230872692136 ], [ -66.264279471174049, -61.81525826844819 ], [ -68.096246593467257, -62.024385532262812 ], [ -69.23010932431697, -61.422093622717867 ], [ -68.53665384567006, -60.625859444608338 ], [ -66.775080881734723, -60.416313959495618 ], [ -65.638012969923778, -61.003230872692136 ] ] ] ] } },
{ "type": "Feature", "properties": { "geogrid_id": "7361222145090080926", "seqnum": 14317.0, "lat_c": -61.222144723551729, "lon_c": -90.080926443854366, "res": 7.0, "count_Birds": 5, "count_Mammals": 0, "count_Molluscs": 0, "count_Mosses": 0, "count_Insects": 0, "count_Sac Fungi": 0, "count_Flowering Plants": 0, "count_Arachnids": 0, "count_Basidiomycota": 0, "count_Amphibians": 0, "unique_species_count": 5.0, "countryCode": "AQ" }, "geometry": { "type": "MultiPolygon", "coordinates": [ [ [ [ -88.269890674376853, -61.4220936224242 ], [ -89.403753405393886, -62.024385531905473 ], [ -91.235720527672953, -61.815258268021992 ], [ -91.861987028748288, -61.003230872270244 ], [ -90.724919116780853, -60.416313959146308 ], [ -88.963346152852822, -60.625859444319374 ], [ -88.269890674376853, -61.4220936224242 ] ] ] ] } },
{ "type": "Feature", "properties": { "geogrid_id": "7361234031047409000", "seqnum": 14460.0, "lat_c": -61.234030564306082, "lon_c": -47.409000003214153, "res": 7.0, "count_Birds": 15, "count_Mammals": 3, "count_Molluscs": 16, "count_Mosses": 0, "count_Insects": 0, "count_Sac Fungi": 0, "count_Flowering Plants": 0, "count_Arachnids": 0, "count_Basidiomycota": 0, "count_Amphibians": 0, "unique_species_count": 34.0, "countryCode": "AQ" }, "geometry": { "type": "MultiPolygon", "coordinates": [ [ [ [ -45.874920058988067, -60.779550041808484 ], [ -45.976012380172719, -61.661909528477445 ], [ -47.553583163923641, -62.114570613024519 ], [ -48.986728181214986, -61.669934564314481 ], [ -48.806840771351006, -60.792812529682429 ], [ -47.272170159949965, -60.354533444783037 ], [ -45.874920058988067, -60.779550041808484 ] ] ] ] } },
{ "type": "Feature", "properties": { "geogrid_id": "7361394809001314546", "seqnum": 15118.0, "lat_c": -61.394808994153749, "lon_c": -1.31454578317003, "res": 7.0, "count_Birds": 2, "count_Mammals": 1, "count_Molluscs": 1, "count_Mosses": 0, "count_Insects": 0, "count_Sac Fungi": 0, "count_Flowering Plants": 0, "count_Arachnids": 0, "count_Basidiomycota": 0, "count_Amphibians": 0, "unique_species_count": 4.0, "countryCode": "AQ" }, "geometry": { "type": "MultiPolygon", "coordinates": [ [ [ [ -0.732883689159308, -60.527168497822238 ], [ 0.255056298841103, -61.295727310682025 ], [ -0.315602276094267, -62.171832852796769 ], [ -1.927230362435982, -62.260967652282261 ], [ -2.898696128232161, -61.476431377854453 ], [ -2.276690196234488, -60.618535094200205 ], [ -0.732883689159308, -60.527168497822238 ] ] ] ] } },
{ "type": "Feature", "properties": { "geogrid_id": "7361394809156185454", "seqnum": 15095.0, "lat_c": -61.394808989361934, "lon_c": -156.18545421238187, "res": 7.0, "count_Birds": 1, "count_Mammals": 0, "count_Molluscs": 0, "count_Mosses": 0, "count_Insects": 0, "count_Sac Fungi": 0, "count_Flowering Plants": 0, "count_Arachnids": 0, "count_Basidiomycota": 0, "count_Amphibians": 0, "unique_species_count": 1.0, "countryCode": "AQ" }, "geometry": { "type": "MultiPolygon", "coordinates": [ [ [ [ -155.572769633239631, -62.260967647536106 ], [ -157.18439771933285, -62.171832847954811 ], [ -157.755056294153661, -61.295727305796248 ], [ -156.767116306282929, -60.527168492984345 ], [ -155.223309799434901, -60.618535089457453 ], [ -154.601303867555288, -61.476431373159492 ], [ -155.572769633239631, -62.260967647536106 ] ] ] ] } },
{ "type": "Feature", "properties": { "geogrid_id": "7361466866015865002", "seqnum": 14872.0, "lat_c": -61.466865775471021, "lon_c": -15.865002301542495, "res": 7.0, "count_Birds": 2, "count_Mammals": 1, "count_Molluscs": 0, "count_Mosses": 0, "count_Insects": 0, "count_Sac Fungi": 0, "count_Flowering Plants": 0, "count_Arachnids": 0, "count_Basidiomycota": 0, "count_Amphibians": 0, "unique_species_count": 3.0, "countryCode": "AQ" }, "geometry": { "type": "MultiPolygon", "coordinates": [ [ [ [ -14.932363272469129, -60.700289577248292 ], [ -14.234975487759524, -61.534252710214773 ], [ -15.17442214854368, -62.307277430856935 ], [ -16.841515358430613, -62.226584628590935 ], [ -17.491279198898155, -61.380331117636047 ], [ -16.523683610757477, -60.626776455087139 ], [ -14.932363272469129, -60.700289577248292 ] ] ] ] } },
{ "type": "Feature", "properties": { "geogrid_id": "7361522175031079048", "seqnum": 14653.0, "lat_c": -61.522174864908102, "lon_c": -31.079048235454611, "res": 7.0, "count_Birds": 5, "count_Mammals": 1, "count_Molluscs": 0, "count_Mosses": 0, "count_Insects": 0, "count_Sac Fungi": 0, "count_Flowering Plants": 0, "count_Arachnids": 0, "count_Basidiomycota": 0, "count_Amphibians": 0, "unique_species_count": 6.0, "countryCode": "AQ" }, "geometry": { "type": "MultiPolygon", "coordinates": [ [ [ [ -29.816945991281756, -60.890691470986191 ], [ -29.487780830481984, -61.770181884897404 ], [ -30.777564126623933, -62.405162699037795 ], [ -32.390797750947854, -62.140874391345207 ], [ -32.64795674773228, -61.256337002061642 ], [ -31.365170189608541, -60.640648412493888 ], [ -29.816945991281756, -60.890691470986191 ] ] ] ] } },
{ "type": "Feature", "properties": { "geogrid_id": "7361585624064463732", "seqnum": 14349.0, "lat_c": -61.585623818466466, "lon_c": -64.463731823027956, "res": 7.0, "count_Birds": 25, "count_Mammals": 6, "count_Molluscs": 0, "count_Mosses": 0, "count_Insects": 0, "count_Sac Fungi": 0, "count_Flowering Plants": 0, "count_Arachnids": 0, "count_Basidiomycota": 0, "count_Amphibians": 0, "unique_species_count": 31.0, "countryCode": "AQ" }, "geometry": { "type": "MultiPolygon", "coordinates": [ [ [ [ -62.695151743050559, -61.334963789897124 ], [ -63.250886077044086, -62.162635406952866 ], [ -65.07087700367471, -62.404278629474057 ], [ -66.264279471174049, -61.81525826844819 ], [ -65.638012969923778, -61.003230872692136 ], [ -63.887294210348472, -60.76441217976965 ], [ -62.695151743050559, -61.334963789897124 ] ] ] ] } },
{ "type": "Feature", "properties": { "geogrid_id": "7361585929006103423", "seqnum": 15036.0, "lat_c": -61.585928604011826, "lon_c": -6.1034225966960332, "res": 7.0, "count_Birds": 1, "count_Mammals": 0, "count_Molluscs": 0, "count_Mosses": 0, "count_Insects": 0, "count_Sac Fungi": 0, "count_Flowering Plants": 0, "count_Arachnids": 0, "count_Basidiomycota": 0, "count_Amphibians": 0, "unique_species_count": 1.0, "countryCode": "AQ" }, "geometry": { "type": "MultiPolygon", "coordinates": [ [ [ [ -5.400773462256444, -60.748623780095485 ], [ -4.495614401188918, -61.540243048067545 ], [ -5.192613175452918, -62.385405233550706 ], [ -6.842364904971231, -62.420022909385558 ], [ -7.720157742053716, -61.613211309479553 ], [ -6.977529677680099, -60.786765995815209 ], [ -5.400773462256444, -60.748623780095485 ] ] ] ] } },
{ "type": "Feature", "properties": { "geogrid_id": "7361611668010972220", "seqnum": 14954.0, "lat_c": -61.611668221012188, "lon_c": -10.97221968927999, "res": 7.0, "count_Birds": 3, "count_Mammals": 1, "count_Molluscs": 0, "count_Mosses": 0, "count_Insects": 0, "count_Sac Fungi": 0, "count_Flowering Plants": 0, "count_Arachnids": 0, "count_Basidiomycota": 0, "count_Amphibians": 0, "unique_species_count": 4.0, "countryCode": "AQ" }, "geometry": { "type": "MultiPolygon", "coordinates": [ [ [ [ -10.151134152348135, -60.808074430923391 ], [ -9.343786250979738, -61.621855432085553 ], [ -10.16530030647262, -62.432656173397909 ], [ -11.834006384418389, -62.410247276132075 ], [ -12.603331661790072, -61.582501481149471 ], [ -11.744089947791696, -60.790891088246141 ], [ -10.151134152348135, -60.808074430923391 ] ] ] ] } },
{ "type": "Feature", "properties": { "geogrid_id": "7361645508163449260", "seqnum": 15231.0, "lat_c": -61.645507633915116, "lon_c": -163.44925956579996, "res": 7.0, "count_Birds": 1, "count_Mammals": 0, "count_Molluscs": 1, "count_Mosses": 0, "count_Insects": 0, "count_Sac Fungi": 0, "count_Flowering Plants": 0, "count_Arachnids": 0, "count_Basidiomycota": 0, "count_Amphibians": 0, "unique_species_count": 2.0, "countryCode": "AQ" }, "geometry": { "type": "MultiPolygon", "coordinates": [ [ [ [ -163.338094326010946, -62.38778343902478 ], [ -165.189564770190231, -62.04395080513796 ], [ -165.262374637459715, -61.296945636954575 ], [ -163.856347455209431, -60.732928198181106 ], [ -162.360449229829925, -60.897718335164463 ], [ -161.913431896718151, -61.801636954874276 ], [ -163.338094326010946, -62.38778343902478 ] ] ] ] } },
{ "type": "Feature", "properties": { "geogrid_id": "7361645508174050740", "seqnum": 17418.0, "lat_c": -61.645507637327277, "lon_c": -174.05074044360211, "res": 7.0, "count_Birds": 1, "count_Mammals": 1, "count_Molluscs": 0, "count_Mosses": 0, "count_Insects": 0, "count_Sac Fungi": 0, "count_Flowering Plants": 0, "count_Arachnids": 0, "count_Basidiomycota": 0, "count_Amphibians": 0, "unique_species_count": 2.0, "countryCode": "AQ" }, "geometry": { "type": "MultiPolygon", "coordinates": [ [ [ [ -175.586568117347014, -61.801636958398774 ], [ -175.139550783442871, -60.897718338818727 ], [ -173.643652557734498, -60.732928202180808 ], [ -172.237625371224908, -61.296945638533394 ], [ -172.310435239141668, -62.04395080670745 ], [ -174.16190568374796, -62.387783440317037 ], [ -175.586568117347014, -61.801636958398774 ] ] ] ] } },
{ "type": "Feature", "properties": { "geogrid_id": "7361675708166993619", "seqnum": 15285.0, "lat_c": -61.675707714254138, "lon_c": -166.99361949865738, "res": 7.0, "count_Birds": 1, "count_Mammals": 0, "count_Molluscs": 0, "count_Mosses": 0, "count_Insects": 0, "count_Sac Fungi": 0, "count_Flowering Plants": 0, "count_Arachnids": 0, "count_Basidiomycota": 0, "count_Amphibians": 0, "unique_species_count": 1.0, "countryCode": "AQ" }, "geometry": { "type": "MultiPolygon", "coordinates": [ [ [ [ -166.955512492189769, -62.429301474816469 ], [ -168.750000005181505, -62.040268173509027 ], [ -168.750000004854371, -61.28370645252442 ], [ -167.029309804886168, -60.924781605382627 ], [ -165.262374637459715, -61.296945636954575 ], [ -165.189564770190231, -62.04395080513796 ], [ -166.955512492189769, -62.429301474816469 ] ] ] ] } },
{ "type": "Feature", "properties": { "geogrid_id": "7361675708170506381", "seqnum": 17390.0, "lat_c": -61.675707716089036, "lon_c": -170.50638051022818, "res": 7.0, "count_Birds": 1, "count_Mammals": 0, "count_Molluscs": 0, "count_Mosses": 0, "count_Insects": 0, "count_Sac Fungi": 0, "count_Flowering Plants": 0, "count_Arachnids": 0, "count_Basidiomycota": 0, "count_Amphibians": 0, "unique_species_count": 1.0, "countryCode": "AQ" }, "geometry": { "type": "MultiPolygon", "coordinates": [ [ [ [ -172.310435239141668, -62.04395080670745 ], [ -172.237625371224908, -61.296945638533394 ], [ -170.470690203368889, -60.924781607219359 ], [ -168.750000003569369, -61.283706454612854 ], [ -168.750000003886583, -62.040268175602748 ], [ -170.544487517360352, -62.429301476649051 ], [ -172.310435239141668, -62.04395080670745 ] ] ] ] } },
{ "type": "Feature", "properties": { "geogrid_id": "7361709876023436724", "seqnum": 14763.0, "lat_c": -61.709875600063341, "lon_c": -23.436723760372093, "res": 7.0, "count_Birds": 4, "count_Mammals": 0, "count_Molluscs": 1, "count_Mosses": 0, "count_Insects": 4, "count_Sac Fungi": 0, "count_Flowering Plants": 0, "count_Arachnids": 0, "count_Basidiomycota": 0, "count_Amphibians": 0, "unique_species_count": 9.0, "countryCode": "AQ" }, "geometry": { "type": "MultiPolygon", "coordinates": [ [ [ [ -22.326889519123814, -61.006434925543196 ], [ -21.803213012849024, -61.867930326823931 ], [ -22.930883418179146, -62.57665892453295 ], [ -24.595323931449965, -62.403503879911348 ], [ -25.056658348346513, -61.53286305041626 ], [ -23.917763163380087, -60.844126235919845 ], [ -22.326889519123814, -61.006434925543196 ] ] ] ] } },
{ "type": "Feature", "properties": { "geogrid_id": "7361858719033979452", "seqnum": 14625.0, "lat_c": -61.858718711488756, "lon_c": -33.979452374986167, "res": 7.0, "count_Birds": 8, "count_Mammals": 1, "count_Molluscs": 0, "count_Mosses": 0, "count_Insects": 0, "count_Sac Fungi": 0, "count_Flowering Plants": 0, "count_Arachnids": 0, "count_Basidiomycota": 0, "count_Amphibians": 0, "unique_species_count": 9.0, "countryCode": "AQ" }, "geometry": { "type": "MultiPolygon", "coordinates": [ [ [ [ -32.64795674773228, -61.256337002061642 ], [ -32.390797750947854, -62.140874391345207 ], [ -33.754512902857996, -62.746063489245834 ], [ -35.361729843842575, -62.44706056831712 ], [ -35.542251056434154, -61.559153541075808 ], [ -34.193196016538096, -60.97308776533923 ], [ -32.64795674773228, -61.256337002061642 ] ] ] ] } },
{ "type": "Feature", "properties": { "geogrid_id": "7361899037061464673", "seqnum": 14376.0, "lat_c": -61.899036930590754, "lon_c": -61.464673265416025, "res": 7.0, "count_Birds": 28, "count_Mammals": 12, "count_Molluscs": 7, "count_Mosses": 0, "count_Insects": 0, "count_Sac Fungi": 0, "count_Flowering Plants": 1, "count_Arachnids": 0, "count_Basidiomycota": 0, "count_Amphibians": 0, "unique_species_count": 48.0, "countryCode": "AQ" }, "geometry": { "type": "MultiPolygon", "coordinates": [ [ [ [ -59.713052766205344, -61.613604929430018 ], [ -60.194594173172902, -62.455806560119754 ], [ -61.998131042470774, -62.733388748421113 ], [ -63.250886077044086, -62.162635406952866 ], [ -62.695151743050559, -61.334963789897124 ], [ -60.959221085281762, -61.063150461823064 ], [ -59.713052766205344, -61.613604929430018 ] ] ] ] } },
{ "type": "Feature", "properties": { "geogrid_id": "7362065273158779500", "seqnum": 15150.0, "lat_c": -62.065273474170979, "lon_c": -158.77949968627013, "res": 7.0, "count_Birds": 1, "count_Mammals": 0, "count_Molluscs": 0, "count_Mosses": 0, "count_Insects": 0, "count_Sac Fungi": 0, "count_Flowering Plants": 0, "count_Arachnids": 0, "count_Basidiomycota": 0, "count_Amphibians": 0, "unique_species_count": 1.0, "countryCode": "AQ" }, "geometry": { "type": "MultiPolygon", "coordinates": [ [ [ [ -158.219748804332738, -62.950815980220007 ], [ -159.839879146628135, -62.837132217248474 ], [ -160.35636839149339, -61.941721161753669 ], [ -159.30843831875876, -61.179570839326239 ], [ -157.755056294153661, -61.295727305796248 ], [ -157.18439771933285, -62.171832847954811 ], [ -158.219748804332738, -62.950815980220007 ] ] ] ] } },
{ "type": "Feature", "properties": { "geogrid_id": "7362065273178720500", "seqnum": 17419.0, "lat_c": -62.065273476967846, "lon_c": -178.7205003283762, "res": 7.0, "count_Birds": 1, "count_Mammals": 1, "count_Molluscs": 0, "count_Mosses": 0, "count_Insects": 0, "count_Sac Fungi": 0, "count_Flowering Plants": 0, "count_Arachnids": 0, "count_Basidiomycota": 0, "count_Amphibians": 0, "unique_species_count": 2.0, "countryCode": "AQ" }, "geometry": { "type": "MultiPolygon", "coordinates": [ [ [ [ 179.684397704444933, -62.171832850378287 ], [ 180.0, -61.687303340053077 ], [ 180.0, -62.409287438021572 ], [ 179.684397704444933, -62.171832850378287 ] ] ], [ [ [ -179.744943719941006, -61.295727308373706 ], [ -178.191561695091679, -61.179570842268895 ], [ -177.143631622877876, -61.941721164917737 ], [ -177.66012086858899, -62.837132220269091 ], [ -179.280251211158287, -62.950815982864938 ], [ -180.0, -62.409287438021572 ], [ -180.0, -61.687303340053077 ], [ -179.744943719941006, -61.295727308373706 ] ] ] ] } },
{ "type": "Feature", "properties": { "geogrid_id": "7362126415018503487", "seqnum": 14845.0, "lat_c": -62.126415368740794, "lon_c": -18.503486960437968, "res": 7.0, "count_Birds": 4, "count_Mammals": 1, "count_Molluscs": 0, "count_Mosses": 0, "count_Insects": 0, "count_Sac Fungi": 0, "count_Flowering Plants": 0, "count_Arachnids": 0, "count_Basidiomycota": 0, "count_Amphibians": 0, "unique_species_count": 5.0, "countryCode": "AQ" }, "geometry": { "type": "MultiPolygon", "coordinates": [ [ [ [ -17.491279198898155, -61.380331117636047 ], [ -16.841515358430613, -62.226584628590935 ], [ -17.865408447372914, -62.979049195104494 ], [ -19.563698083308726, -62.864590954175767 ], [ -20.158107355875895, -62.006828249135424 ], [ -19.11170704741966, -61.274685481019546 ], [ -17.491279198898155, -61.380331117636047 ] ] ] ] } },
{ "type": "Feature", "properties": { "geogrid_id": "7362130687036940793", "seqnum": 14598.0, "lat_c": -62.13068711432004, "lon_c": -36.940792712879841, "res": 7.0, "count_Birds": 3, "count_Mammals": 1, "count_Molluscs": 0, "count_Mosses": 0, "count_Insects": 0, "count_Sac Fungi": 0, "count_Flowering Plants": 0, "count_Arachnids": 0, "count_Basidiomycota": 0, "count_Amphibians": 0, "unique_species_count": 4.0, "countryCode": "AQ" }, "geometry": { "type": "MultiPolygon", "coordinates": [ [ [ [ -35.542251056434154, -61.559153541075808 ], [ -35.361729843842575, -62.44706056831712 ], [ -36.796841874667656, -63.020579740312826 ], [ -38.390608718807393, -62.686907514136628 ], [ -38.490669768519787, -61.797466661387681 ], [ -37.078094585181169, -61.24266304654784 ], [ -35.542251056434154, -61.559153541075808 ] ] ] ] } },
{ "type": "Feature", "properties": { "geogrid_id": "7362155848058427796", "seqnum": 14404.0, "lat_c": -62.15584778971651, "lon_c": -58.427796215265339, "res": 7.0, "count_Birds": 32, "count_Mammals": 14, "count_Molluscs": 18, "count_Mosses": 54, "count_Insects": 21, "count_Sac Fungi": 65, "count_Flowering Plants": 3, "count_Arachnids": 21, "count_Basidiomycota": 1, "count_Amphibians": 0, "unique_species_count": 229.0, "countryCode": "AQ" }, "geometry": { "type": "MultiPolygon", "coordinates": [ [ [ [ -56.69859249348788, -61.833972856976857 ], [ -57.102330393055105, -62.689080639853607 ], [ -58.883679973168157, -63.004431255962977 ], [ -60.194594173172902, -62.455806560119754 ], [ -59.713052766205344, -61.613604929430018 ], [ -57.996818020276287, -61.306642717458914 ], [ -56.69859249348788, -61.833972856976857 ] ] ] ] } },
{ "type": "Feature", "properties": { "geogrid_id": "7362211182026244213", "seqnum": 14735.0, "lat_c": -62.211182102547887, "lon_c": -26.244213198187143, "res": 7.0, "count_Birds": 1, "count_Mammals": 0, "count_Molluscs": 1, "count_Mosses": 0, "count_Insects": 0, "count_Sac Fungi": 0, "count_Flowering Plants": 0, "count_Arachnids": 0, "count_Basidiomycota": 0, "count_Amphibians": 0, "unique_species_count": 2.0, "countryCode": "AQ" }, "geometry": { "type": "MultiPolygon", "coordinates": [ [ [ [ -25.056658348346513, -61.53286305041626 ], [ -24.595323931449965, -62.403503879911348 ], [ -25.805829451940056, -63.086724555422926 ], [ -27.48336039928995, -62.878461608411975 ], [ -27.875626013943972, -61.999969172815177 ], [ -26.66114801416505, -61.337134295374184 ], [ -25.056658348346513, -61.53286305041626 ] ] ] ] } },
{ "type": "Feature", "properties": { "geogrid_id": "7362214169069959363", "seqnum": 14348.0, "lat_c": -62.214168548678508, "lon_c": -69.959363326210593, "res": 7.0, "count_Birds": 1, "count_Mammals": 0, "count_Molluscs": 0, "count_Mosses": 0, "count_Insects": 0, "count_Sac Fungi": 0, "count_Flowering Plants": 0, "count_Arachnids": 0, "count_Basidiomycota": 0, "count_Amphibians": 0, "unique_species_count": 1.0, "countryCode": "AQ" }, "geometry": { "type": "MultiPolygon", "coordinates": [ [ [ [ -68.096246593467257, -62.024385532262812 ], [ -68.809448924280915, -62.822824632555935 ], [ -70.727409018734363, -63.001808005371615 ], [ -71.853833743839417, -62.386891664030891 ], [ -71.071070298740864, -61.604874921602175 ], [ -69.23010932431697, -61.422093622717867 ], [ -68.096246593467257, -62.024385532262812 ] ] ] ] } },
{ "type": "Feature", "properties": { "geogrid_id": "7362332279003553551", "seqnum": 15091.0, "lat_c": -62.332279213986681, "lon_c": -3.553550648345968, "res": 7.0, "count_Birds": 1, "count_Mammals": 1, "count_Molluscs": 0, "count_Mosses": 0, "count_Insects": 0, "count_Sac Fungi": 0, "count_Flowering Plants": 0, "count_Arachnids": 0, "count_Basidiomycota": 0, "count_Amphibians": 0, "unique_species_count": 2.0, "countryCode": "AQ" }, "geometry": { "type": "MultiPolygon", "coordinates": [ [ [ [ -2.898696128232161, -61.476431377854453 ], [ -1.927230362435982, -62.260967652282261 ], [ -2.574638322120756, -63.125734277072496 ], [ -4.245002983134221, -63.186106561665973 ], [ -5.192613175452918, -62.385405233550706 ], [ -4.495614401188918, -61.540243048067545 ], [ -2.898696128232161, -61.476431377854453 ] ] ] ] } },
{ "type": "Feature", "properties": { "geogrid_id": "7362332279153946449", "seqnum": 15069.0, "lat_c": -62.332279209339298, "lon_c": -153.94644934757375, "res": 7.0, "count_Birds": 1, "count_Mammals": 0, "count_Molluscs": 0, "count_Mosses": 0, "count_Insects": 0, "count_Sac Fungi": 0, "count_Flowering Plants": 0, "count_Arachnids": 0, "count_Basidiomycota": 0, "count_Amphibians": 0, "unique_species_count": 1.0, "countryCode": "AQ" }, "geometry": { "type": "MultiPolygon", "coordinates": [ [ [ [ -153.25499701293424, -63.186106557066012 ], [ -154.92536167369488, -63.125734272371623 ], [ -155.572769633239631, -62.260967647536106 ], [ -154.601303867555288, -61.476431373159492 ], [ -153.004385594829188, -61.540243043472287 ], [ -152.307386820705375, -62.385405229004988 ], [ -153.25499701293424, -63.186106557066012 ] ] ] ] } },
{ "type": "Feature", "properties": { "geogrid_id": "7362336510039952881", "seqnum": 14570.0, "lat_c": -62.3365097244019, "lon_c": -39.95288072278553, "res": 7.0, "count_Birds": 2, "count_Mammals": 1, "count_Molluscs": 0, "count_Mosses": 0, "count_Insects": 0, "count_Sac Fungi": 0, "count_Flowering Plants": 0, "count_Arachnids": 0, "count_Basidiomycota": 0, "count_Amphibians": 0, "unique_species_count": 3.0, "countryCode": "AQ" }, "geometry": { "type": "MultiPolygon", "coordinates": [ [ [ [ -38.490669768519787, -61.797466661387681 ], [ -38.390608718807393, -62.686907514136628 ], [ -39.893410842990349, -63.226987299001635 ], [ -41.466166681712394, -62.858975864210741 ], [ -41.482914224439625, -61.969970372384147 ], [ -40.010517014541335, -61.447943885830647 ], [ -38.490669768519787, -61.797466661387681 ] ] ] ] } },
{ "type": "Feature", "properties": { "geogrid_id": "7362351532055360985", "seqnum": 14432.0, "lat_c": -62.351532067053256, "lon_c": -55.360985007910259, "res": 7.0, "count_Birds": 21, "count_Mammals": 5, "count_Molluscs": 5, "count_Mosses": 0, "count_Insects": 0, "count_Sac Fungi": 0, "count_Flowering Plants": 0, "count_Arachnids": 0, "count_Basidiomycota": 0, "count_Amphibians": 0, "unique_species_count": 31.0, "countryCode": "AQ" }, "geometry": { "type": "MultiPolygon", "coordinates": [ [ [ [ -53.660353894727002, -61.992436197487692 ], [ -53.983073150706076, -62.858545964291189 ], [ -55.735592391364534, -63.212491489631446 ], [ -57.102330393055105, -62.689080639853607 ], [ -56.69859249348788, -61.833972856976857 ], [ -55.00770735364398, -61.49072622877032 ], [ -53.660353894727002, -61.992436197487692 ] ] ] ] } },
{ "type": "Feature", "properties": { "geogrid_id": "7362368485013504484", "seqnum": 14927.0, "lat_c": -62.368484673673031, "lon_c": -13.504484292888556, "res": 7.0, "count_Birds": 6, "count_Mammals": 1, "count_Molluscs": 0, "count_Mosses": 0, "count_Insects": 0, "count_Sac Fungi": 0, "count_Flowering Plants": 0, "count_Arachnids": 0, "count_Basidiomycota": 0, "count_Amphibians": 0, "unique_species_count": 7.0, "countryCode": "AQ" }, "geometry": { "type": "MultiPolygon", "coordinates": [ [ [ [ -12.603331661790072, -61.582501481149471 ], [ -11.834006384418389, -62.410247276132075 ], [ -12.740234061444093, -63.203556518482394 ], [ -14.451228964972101, -63.148535532258485 ], [ -15.17442214854368, -62.307277430856935 ], [ -14.234975487759524, -61.534252710214773 ], [ -12.603331661790072, -61.582501481149471 ] ] ] ] } },
{ "type": "Feature", "properties": { "geogrid_id": "7362435852008500665", "seqnum": 15009.0, "lat_c": -62.435851777054452, "lon_c": -8.5006647305398957, "res": 7.0, "count_Birds": 1, "count_Mammals": 1, "count_Molluscs": 0, "count_Mosses": 0, "count_Insects": 1, "count_Sac Fungi": 0, "count_Flowering Plants": 0, "count_Arachnids": 0, "count_Basidiomycota": 0, "count_Amphibians": 0, "unique_species_count": 3.0, "countryCode": "AQ" }, "geometry": { "type": "MultiPolygon", "coordinates": [ [ [ [ -7.720157742053716, -61.613211309479553 ], [ -6.842364904971231, -62.420022909385558 ], [ -7.621399875670276, -63.250815702772314 ], [ -9.322849223142381, -63.254539607020362 ], [ -10.16530030647262, -62.432656173397909 ], [ -9.343786250979738, -61.621855432085553 ], [ -7.720157742053716, -61.613211309479553 ] ] ] ] } },
{ "type": "Feature", "properties": { "geogrid_id": "7362475032043004438", "seqnum": 14542.0, "lat_c": -62.475032280202427, "lon_c": -43.00443810645227, "res": 7.0, "count_Birds": 4, "count_Mammals": 2, "count_Molluscs": 2, "count_Mosses": 0, "count_Insects": 0, "count_Sac Fungi": 0, "count_Flowering Plants": 0, "count_Arachnids": 0, "count_Basidiomycota": 0, "count_Amphibians": 0, "unique_species_count": 8.0, "countryCode": "AQ" }, "geometry": { "type": "MultiPolygon", "coordinates": [ [ [ [ -41.482914224439625, -61.969970372384147 ], [ -41.466166681712394, -62.858975864210741 ], [ -43.03183605281405, -63.364007789752435 ], [ -44.576131239318123, -62.962293333404787 ], [ -44.507800458984477, -62.075794400574459 ], [ -42.980155380017706, -61.587888878514796 ], [ -41.482914224439625, -61.969970372384147 ] ] ] ] } },
{ "type": "Feature", "properties": { "geogrid_id": "7362482962052273846", "seqnum": 14459.0, "lat_c": -62.482961771453603, "lon_c": -52.273846018020173, "res": 7.0, "count_Birds": 11, "count_Mammals": 4, "count_Molluscs": 1, "count_Mosses": 0, "count_Insects": 0, "count_Sac Fungi": 0, "count_Flowering Plants": 0, "count_Arachnids": 0, "count_Basidiomycota": 0, "count_Amphibians": 0, "unique_species_count": 16.0, "countryCode": "AQ" }, "geometry": { "type": "MultiPolygon", "coordinates": [ [ [ [ -50.608334105314306, -62.086501274629732 ], [ -50.847508771420124, -62.961553213813879 ], [ -52.564023069200893, -63.354229748025311 ], [ -53.983073150706076, -62.858545964291189 ], [ -53.660353894727002, -61.992436197487692 ], [ -52.000947706060174, -61.612478875217221 ], [ -50.608334105314306, -62.086501274629732 ] ] ] ] } },
{ "type": "Feature", "properties": { "geogrid_id": "7362482962105226154", "seqnum": 14450.0, "lat_c": -62.482961770221081, "lon_c": -105.22615398119876, "res": 7.0, "count_Birds": 1, "count_Mammals": 0, "count_Molluscs": 0, "count_Mosses": 0, "count_Insects": 0, "count_Sac Fungi": 0, "count_Flowering Plants": 0, "count_Arachnids": 0, "count_Basidiomycota": 0, "count_Amphibians": 0, "unique_species_count": 1.0, "countryCode": "AQ" }, "geometry": { "type": "MultiPolygon", "coordinates": [ [ [ [ -103.516926848587204, -62.858545963149616 ], [ -104.935976930216881, -63.354229746773044 ], [ -106.652491227910431, -62.961553212468949 ], [ -106.891665893825291, -62.08650127330715 ], [ -105.499052292973786, -61.612478874005291 ], [ -103.839646104374594, -61.992436196364139 ], [ -103.516926848587204, -62.858545963149616 ] ] ] ] } },
{ "type": "Feature", "properties": { "geogrid_id": "7362545586046083410", "seqnum": 14515.0, "lat_c": -62.545586170859735, "lon_c": -46.083410297771501, "res": 7.0, "count_Birds": 4, "count_Mammals": 3, "count_Molluscs": 8, "count_Mosses": 0, "count_Insects": 0, "count_Sac Fungi": 0, "count_Flowering Plants": 0, "count_Arachnids": 0, "count_Basidiomycota": 0, "count_Amphibians": 0, "unique_species_count": 15.0, "countryCode": "AQ" }, "geometry": { "type": "MultiPolygon", "coordinates": [ [ [ [ -44.507800458984477, -62.075794400574459 ], [ -44.576131239318123, -62.962293333404787 ], [ -46.198856663666525, -63.430884090515356 ], [ -47.707604475318242, -62.99642641133056 ], [ -47.553583163923641, -62.114570613024519 ], [ -45.976012380172719, -61.661909528477445 ], [ -44.507800458984477, -62.075794400574459 ] ] ] ] } },
{ "type": "Feature", "properties": { "geogrid_id": "7362545586111416590", "seqnum": 14504.0, "lat_c": -62.545586169215206, "lon_c": -111.41658970144955, "res": 7.0, "count_Birds": 0, "count_Mammals": 0, "count_Molluscs": 0, "count_Mosses": 0, "count_Insects": 1, "count_Sac Fungi": 0, "count_Flowering Plants": 0, "count_Arachnids": 0, "count_Basidiomycota": 0, "count_Amphibians": 0, "unique_species_count": 1.0, "countryCode": "AQ" }, "geometry": { "type": "MultiPolygon", "coordinates": [ [ [ [ -109.792395524011582, -62.996426409777222 ], [ -111.301143335745607, -63.430884088842184 ], [ -112.923868759971583, -62.962293331639728 ], [ -112.992199540125426, -62.075794398840266 ], [ -111.523987618871217, -61.66190952686182 ], [ -109.946416835219139, -62.114570611497832 ], [ -109.792395524011582, -62.996426409777222 ] ] ] ] } },
{ "type": "Feature", "properties": { "geogrid_id": "7362548058049177349", "seqnum": 14487.0, "lat_c": -62.548057660646208, "lon_c": -49.177349371672662, "res": 7.0, "count_Birds": 8, "count_Mammals": 1, "count_Molluscs": 0, "count_Mosses": 0, "count_Insects": 10, "count_Sac Fungi": 0, "count_Flowering Plants": 0, "count_Arachnids": 0, "count_Basidiomycota": 0, "count_Amphibians": 0, "unique_species_count": 19.0, "countryCode": "AQ" }, "geometry": { "type": "MultiPolygon", "coordinates": [ [ [ [ -47.553583163923641, -62.114570613024519 ], [ -47.707604475318242, -62.99642641133056 ], [ -49.380786039851479, -63.427454266050333 ], [ -50.847508771420124, -62.961553213813879 ], [ -50.608334105314306, -62.086501274629732 ], [ -48.986728181214986, -61.669934564314481 ], [ -47.553583163923641, -62.114570613024519 ] ] ] ] } },
{ "type": "Feature", "properties": { "geogrid_id": "7362548058108322651", "seqnum": 14477.0, "lat_c": -62.548057659209775, "lon_c": -108.32265062756592, "res": 7.0, "count_Birds": 1, "count_Mammals": 0, "count_Molluscs": 0, "count_Mosses": 0, "count_Insects": 0, "count_Sac Fungi": 0, "count_Flowering Plants": 0, "count_Arachnids": 0, "count_Basidiomycota": 0, "count_Amphibians": 0, "unique_species_count": 1.0, "countryCode": "AQ" }, "geometry": { "type": "MultiPolygon", "coordinates": [ [ [ [ -106.652491227910431, -62.961553212468949 ], [ -108.119213959583846, -63.427454264589677 ], [ -109.792395524011582, -62.996426409777222 ], [ -109.946416835219139, -62.114570611497832 ], [ -108.513271817841016, -61.669934562902824 ], [ -106.891665893825291, -62.08650127330715 ], [ -106.652491227910431, -62.961553212468949 ] ] ] ] } },
{ "type": "Feature", "properties": { "geogrid_id": "7362624131066923906", "seqnum": 14375.0, "lat_c": -62.624130603004573, "lon_c": -66.923905803563756, "res": 7.0, "count_Birds": 24, "count_Mammals": 5, "count_Molluscs": 0, "count_Mosses": 0, "count_Insects": 0, "count_Sac Fungi": 0, "count_Flowering Plants": 0, "count_Arachnids": 0, "count_Basidiomycota": 0, "count_Amphibians": 0, "unique_species_count": 29.0, "countryCode": "AQ" }, "geometry": { "type": "MultiPolygon", "coordinates": [ [ [ [ -65.07087700367471, -62.404278629474057 ], [ -65.711680429436029, -63.220299209114813 ], [ -67.61996045145203, -63.429697873482795 ], [ -68.809448924280915, -62.822824632555935 ], [ -68.096246593467257, -62.024385532262812 ], [ -66.264279471174049, -61.81525826844819 ], [ -65.07087700367471, -62.404278629474057 ] ] ] ] } },
{ "type": "Feature", "properties": { "geogrid_id": "7362624131090576094", "seqnum": 14371.0, "lat_c": -62.624130602576372, "lon_c": -90.576094195468542, "res": 7.0, "count_Birds": 5, "count_Mammals": 0, "count_Molluscs": 0, "count_Mosses": 0, "count_Insects": 0, "count_Sac Fungi": 0, "count_Flowering Plants": 0, "count_Arachnids": 0, "count_Basidiomycota": 0, "count_Amphibians": 0, "unique_species_count": 5.0, "countryCode": "AQ" }, "geometry": { "type": "MultiPolygon", "coordinates": [ [ [ [ -88.690551074768507, -62.822824632198035 ], [ -89.880039547776462, -63.42969787305519 ], [ -91.788319569771218, -63.220299208608886 ], [ -92.429122995338787, -62.404278628969884 ], [ -91.235720527672953, -61.815258268021992 ], [ -89.403753405393886, -62.024385531905473 ], [ -88.690551074768507, -62.822824632198035 ] ] ] ] } },
{ "type": "Feature", "properties": { "geogrid_id": "7362651156029141207", "seqnum": 14707.0, "lat_c": -62.651156123723844, "lon_c": -29.141207301142657, "res": 7.0, "count_Birds": 1, "count_Mammals": 1, "count_Molluscs": 0, "count_Mosses": 0, "count_Insects": 1, "count_Sac Fungi": 0, "count_Flowering Plants": 0, "count_Arachnids": 0, "count_Basidiomycota": 0, "count_Amphibians": 0, "unique_species_count": 3.0, "countryCode": "AQ" }, "geometry": { "type": "MultiPolygon", "coordinates": [ [ [ [ -27.875626013943972, -61.999969172815177 ], [ -27.48336039928995, -62.878461608411975 ], [ -28.777177401835313, -63.534022377759257 ], [ -30.460715397314633, -63.289995359437953 ], [ -30.777564126623933, -62.405162699037795 ], [ -29.487780830481984, -61.770181884897404 ], [ -27.875626013943972, -61.999969172815177 ] ] ] ] } },
{ "type": "Feature", "properties": { "geogrid_id": "7362702751075741318", "seqnum": 14347.0, "lat_c": -62.702750821505951, "lon_c": -75.741317946769115, "res": 7.0, "count_Birds": 2, "count_Mammals": 0, "count_Molluscs": 0, "count_Mosses": 0, "count_Insects": 0, "count_Sac Fungi": 0, "count_Flowering Plants": 0, "count_Arachnids": 0, "count_Basidiomycota": 0, "count_Amphibians": 0, "unique_species_count": 2.0, "countryCode": "AQ" }, "geometry": { "type": "MultiPolygon", "coordinates": [ [ [ [ -73.780567148097674, -62.546916860007194 ], [ -74.664113059978618, -63.31548844459698 ], [ -76.687321803516141, -63.468804917516906 ], [ -77.738130290120125, -62.871924152155735 ], [ -76.780751947785802, -62.099586808528478 ], [ -74.845104579120772, -61.934848558714535 ], [ -73.780567148097674, -62.546916860007194 ] ] ] ] } },
{ "type": "Feature", "properties": { "geogrid_id": "7362702751081758682", "seqnum": 14346.0, "lat_c": -62.702750821260587, "lon_c": -81.758682052182849, "res": 7.0, "count_Birds": 1, "count_Mammals": 0, "count_Molluscs": 0, "count_Mosses": 0, "count_Insects": 0, "count_Sac Fungi": 0, "count_Flowering Plants": 0, "count_Arachnids": 0, "count_Basidiomycota": 0, "count_Amphibians": 0, "unique_species_count": 1.0, "countryCode": "AQ" }, "geometry": { "type": "MultiPolygon", "coordinates": [ [ [ [ -79.761869708879502, -62.871924151796584 ], [ -80.812678195662002, -63.468804917218485 ], [ -82.835886939147983, -63.315488444355275 ], [ -83.719432850818578, -62.546916859782449 ], [ -82.654895419624779, -61.934848558503589 ], [ -80.719248050994182, -62.09958680825887 ], [ -79.761869708879502, -62.871924151796584 ] ] ] ] } },
{ "type": "Feature", "properties": { "geogrid_id": "7362706597176060389", "seqnum": 17391.0, "lat_c": -62.706596767899015, "lon_c": -176.06038948862744, "res": 7.0, "count_Birds": 3, "count_Mammals": 1, "count_Molluscs": 0, "count_Mosses": 0, "count_Insects": 0, "count_Sac Fungi": 0, "count_Flowering Plants": 0, "count_Arachnids": 0, "count_Basidiomycota": 0, "count_Amphibians": 0, "unique_species_count": 4.0, "countryCode": "AQ" }, "geometry": { "type": "MultiPolygon", "coordinates": [ [ [ [ -177.66012086858899, -62.837132220269091 ], [ -177.143631622877876, -61.941721164917737 ], [ -175.586568117347014, -61.801636958398774 ], [ -174.16190568374796, -62.387783440317037 ], [ -174.280823309965058, -63.133100551234406 ], [ -176.221544739746918, -63.446468694850452 ], [ -177.66012086858899, -62.837132220269091 ] ] ] ] } },
{ "type": "Feature", "properties": { "geogrid_id": "7362730416021252949", "seqnum": 14817.0, "lat_c": -62.730415990720623, "lon_c": -21.252949344376621, "res": 7.0, "count_Birds": 4, "count_Mammals": 0, "count_Molluscs": 1, "count_Mosses": 0, "count_Insects": 0, "count_Sac Fungi": 0, "count_Flowering Plants": 0, "count_Arachnids": 0, "count_Basidiomycota": 0, "count_Amphibians": 0, "unique_species_count": 5.0, "countryCode": "AQ" }, "geometry": { "type": "MultiPolygon", "coordinates": [ [ [ [ -20.158107355875895, -62.006828249135424 ], [ -19.563698083308726, -62.864590954175767 ], [ -20.675607446053256, -63.59436808378976 ], [ -22.399756116057272, -63.44491958124204 ], [ -22.930883418179146, -62.57665892453295 ], [ -21.803213012849024, -61.867930326823931 ], [ -20.158107355875895, -62.006828249135424 ] ] ] ] } },
{ "type": "Feature", "properties": { "geogrid_id": "7362793819165111750", "seqnum": 15258.0, "lat_c": -62.793818773656021, "lon_c": -165.11174969087068, "res": 7.0, "count_Birds": 1, "count_Mammals": 0, "count_Molluscs": 0, "count_Mosses": 0, "count_Insects": 0, "count_Sac Fungi": 0, "count_Flowering Plants": 0, "count_Arachnids": 0, "count_Basidiomycota": 0, "count_Amphibians": 0, "unique_species_count": 1.0, "countryCode": "AQ" }, "geometry": { "type": "MultiPolygon", "coordinates": [ [ [ [ -165.028489713881044, -63.546482176560268 ], [ -166.914779043888529, -63.185505042540711 ], [ -166.955512492189769, -62.429301474816469 ], [ -165.189564770190231, -62.04395080513796 ], [ -163.338094326010946, -62.38778343902478 ], [ -163.219176700492767, -63.13310054996078 ], [ -165.028489713881044, -63.546482176560268 ] ] ] ] } },
{ "type": "Feature", "properties": { "geogrid_id": "7362793819172388250", "seqnum": 17363.0, "lat_c": -62.793818775215207, "lon_c": -172.38825031914408, "res": 7.0, "count_Birds": 1, "count_Mammals": 1, "count_Molluscs": 0, "count_Mosses": 0, "count_Insects": 0, "count_Sac Fungi": 0, "count_Flowering Plants": 0, "count_Arachnids": 0, "count_Basidiomycota": 0, "count_Amphibians": 0, "unique_species_count": 2.0, "countryCode": "AQ" }, "geometry": { "type": "MultiPolygon", "coordinates": [ [ [ [ -174.280823309965058, -63.133100551234406 ], [ -174.16190568374796, -62.387783440317037 ], [ -172.310435239141668, -62.04395080670745 ], [ -170.544487517360352, -62.429301476649051 ], [ -170.585220966363181, -63.185505044370451 ], [ -172.471510296855428, -63.546482178108093 ], [ -174.280823309965058, -63.133100551234406 ] ] ] ] } },
{ "type": "Feature", "properties": { "geogrid_id": "7362799235168750000", "seqnum": 17336.0, "lat_c": -62.799234842380415, "lon_c": -168.75000000422062, "res": 7.0, "count_Birds": 1, "count_Mammals": 1, "count_Molluscs": 1, "count_Mosses": 0, "count_Insects": 0, "count_Sac Fungi": 0, "count_Flowering Plants": 0, "count_Arachnids": 0, "count_Basidiomycota": 0, "count_Amphibians": 0, "unique_species_count": 3.0, "countryCode": "AQ" }, "geometry": { "type": "MultiPolygon", "coordinates": [ [ [ [ -170.585220966363181, -63.185505044370451 ], [ -170.544487517360352, -62.429301476649051 ], [ -168.750000003886583, -62.040268175602748 ], [ -166.955512492189769, -62.429301474816469 ], [ -166.914779043888529, -63.185505042540711 ], [ -168.750000004573025, -63.560553588927895 ], [ -170.585220966363181, -63.185505044370451 ] ] ] ] } },
{ "type": "Feature", "properties": { "geogrid_id": "7362988263063837471", "seqnum": 14403.0, "lat_c": -62.98826280579226, "lon_c": -63.837470939724852, "res": 7.0, "count_Birds": 22, "count_Mammals": 9, "count_Molluscs": 1, "count_Mosses": 0, "count_Insects": 2, "count_Sac Fungi": 0, "count_Flowering Plants": 0, "count_Arachnids": 0, "count_Basidiomycota": 0, "count_Amphibians": 0, "unique_species_count": 34.0, "countryCode": "AQ" }, "geometry": { "type": "MultiPolygon", "coordinates": [ [ [ [ -61.998131042470774, -62.733388748421113 ], [ -62.562677335707143, -63.566249112542671 ], [ -64.45817168267584, -63.811840558399716 ], [ -65.711680429436029, -63.220299209114813 ], [ -65.07087700367471, -62.404278629474057 ], [ -63.250886077044086, -62.162635406952866 ], [ -61.998131042470774, -62.733388748421113 ] ] ] ] } },
{ "type": "Feature", "properties": { "geogrid_id": "7362988263093662529", "seqnum": 14398.0, "lat_c": -62.988262805204194, "lon_c": -93.662529059457782, "res": 7.0, "count_Birds": 1, "count_Mammals": 0, "count_Molluscs": 0, "count_Mosses": 0, "count_Insects": 0, "count_Sac Fungi": 0, "count_Flowering Plants": 0, "count_Arachnids": 0, "count_Basidiomycota": 0, "count_Amphibians": 0, "unique_species_count": 1.0, "countryCode": "AQ" }, "geometry": { "type": "MultiPolygon", "coordinates": [ [ [ [ -91.788319569771218, -63.220299208608886 ], [ -93.041828316710067, -63.811840557809539 ], [ -94.937322663646952, -63.566249111865055 ], [ -95.501868956682486, -62.733388747748648 ], [ -94.249113921947199, -62.162635406369226 ], [ -92.429122995338787, -62.404278628969884 ], [ -91.788319569771218, -63.220299208608886 ] ] ] ] } },
{ "type": "Feature", "properties": { "geogrid_id": "7363027198032120367", "seqnum": 14680.0, "lat_c": -63.027197807521596, "lon_c": -32.120367270335933, "res": 7.0, "count_Birds": 1, "count_Mammals": 0, "count_Molluscs": 0, "count_Mosses": 0, "count_Insects": 0, "count_Sac Fungi": 0, "count_Flowering Plants": 0, "count_Arachnids": 0, "count_Basidiomycota": 0, "count_Amphibians": 0, "unique_species_count": 1.0, "countryCode": "AQ" }, "geometry": { "type": "MultiPolygon", "coordinates": [ [ [ [ -30.777564126623933, -62.405162699037795 ], [ -30.460715397314633, -63.289995359437953 ], [ -31.837065929856152, -63.915727629174818 ], [ -33.518809471224067, -63.635515032855956 ], [ -33.754512902857996, -62.746063489245834 ], [ -32.390797750947854, -62.140874391345207 ], [ -30.777564126623933, -62.405162699037795 ] ] ] ] } },
{ "type": "Feature", "properties": { "geogrid_id": "7363027198125379633", "seqnum": 14665.0, "lat_c": -63.027197804861217, "lon_c": -125.37963272855121, "res": 7.0, "count_Birds": 1, "count_Mammals": 0, "count_Molluscs": 0, "count_Mosses": 0, "count_Insects": 0, "count_Sac Fungi": 0, "count_Flowering Plants": 0, "count_Arachnids": 0, "count_Basidiomycota": 0, "count_Amphibians": 0, "unique_species_count": 1.0, "countryCode": "AQ" }, "geometry": { "type": "MultiPolygon", "coordinates": [ [ [ [ -123.981190527843125, -63.635515030279478 ], [ -125.662934069171015, -63.915727626468104 ], [ -127.039284601522297, -63.289995356648596 ], [ -126.722435872089889, -62.405162696295697 ], [ -125.109202247809677, -62.140874388730332 ], [ -123.745487096063599, -62.74606348671378 ], [ -123.981190527843125, -63.635515030279478 ] ] ] ] } },
{ "type": "Feature", "properties": { "geogrid_id": "7363047166000919050", "seqnum": 15145.0, "lat_c": -63.047166423761041, "lon_c": -0.91904960490231702, "res": 7.0, "count_Birds": 4, "count_Mammals": 1, "count_Molluscs": 0, "count_Mosses": 0, "count_Insects": 0, "count_Sac Fungi": 0, "count_Flowering Plants": 0, "count_Arachnids": 0, "count_Basidiomycota": 0, "count_Amphibians": 0, "unique_species_count": 5.0, "countryCode": "AQ" }, "geometry": { "type": "MultiPolygon", "coordinates": [ [ [ [ -0.315602276094267, -62.171832852796769 ], [ 0.719748809036585, -62.950815985113614 ], [ 0.124952329405316, -63.836436071684737 ], [ -1.559576240349229, -63.921891446195858 ], [ -2.574638322120756, -63.125734277072496 ], [ -1.927230362435982, -62.260967652282261 ], [ -0.315602276094267, -62.171832852796769 ] ] ] ] } },
{ "type": "Feature", "properties": { "geogrid_id": "7363073708016160443", "seqnum": 14899.0, "lat_c": -63.073707514824335, "lon_c": -16.160443242286476, "res": 7.0, "count_Birds": 1, "count_Mammals": 0, "count_Molluscs": 0, "count_Mosses": 0, "count_Insects": 0, "count_Sac Fungi": 0, "count_Flowering Plants": 0, "count_Arachnids": 0, "count_Basidiomycota": 0, "count_Amphibians": 0, "unique_species_count": 1.0, "countryCode": "AQ" }, "geometry": { "type": "MultiPolygon", "coordinates": [ [ [ [ -15.17442214854368, -62.307277430856935 ], [ -14.451228964972101, -63.148535532258485 ], [ -15.447669822692598, -63.922305651126194 ], [ -17.197025892792762, -63.833143717099908 ], [ -17.865408447372914, -62.979049195104494 ], [ -16.841515358430613, -62.226584628590935 ], [ -15.17442214854368, -62.307277430856935 ] ] ] ] } },
{ "type": "Feature", "properties": { "geogrid_id": "7363164036072678406", "seqnum": 14374.0, "lat_c": -63.164036236190888, "lon_c": -72.678405977319841, "res": 7.0, "count_Birds": 6, "count_Mammals": 0, "count_Molluscs": 0, "count_Mosses": 0, "count_Insects": 0, "count_Sac Fungi": 0, "count_Flowering Plants": 0, "count_Arachnids": 0, "count_Basidiomycota": 0, "count_Amphibians": 0, "unique_species_count": 6.0, "countryCode": "AQ" }, "geometry": { "type": "MultiPolygon", "coordinates": [ [ [ [ -70.727409018734363, -63.001808005371615 ], [ -71.537552040903847, -63.784698120675927 ], [ -73.548364999719311, -63.936028852247574 ], [ -74.664113059978618, -63.31548844459698 ], [ -73.780567148097674, -62.546916860007194 ], [ -71.853833743839417, -62.386891664030891 ], [ -70.727409018734363, -63.001808005371615 ] ] ] ] } },
{ "type": "Feature", "properties": { "geogrid_id": "7363164036084821594", "seqnum": 14372.0, "lat_c": -63.164036235937658, "lon_c": -84.821594021771688, "res": 7.0, "count_Birds": 1, "count_Mammals": 0, "count_Molluscs": 0, "count_Mosses": 0, "count_Insects": 0, "count_Sac Fungi": 0, "count_Flowering Plants": 0, "count_Arachnids": 0, "count_Basidiomycota": 0, "count_Amphibians": 0, "unique_species_count": 1.0, "countryCode": "AQ" }, "geometry": { "type": "MultiPolygon", "coordinates": [ [ [ [ -82.835886939147983, -63.315488444355275 ], [ -83.951634999586048, -63.936028851990066 ], [ -85.962447958368543, -63.784698120380433 ], [ -86.772590980333391, -63.001808005074501 ], [ -85.646166255052762, -62.386891663782045 ], [ -83.719432850818578, -62.546916859782449 ], [ -82.835886939147983, -63.315488444355275 ] ] ] ] } },
{ "type": "Feature", "properties": { "geogrid_id": "7363227910005928006", "seqnum": 15063.0, "lat_c": -63.2279102582824, "lon_c": -5.928005572868301, "res": 7.0, "count_Birds": 1, "count_Mammals": 1, "count_Molluscs": 0, "count_Mosses": 0, "count_Insects": 0, "count_Sac Fungi": 0, "count_Flowering Plants": 0, "count_Arachnids": 0, "count_Basidiomycota": 0, "count_Amphibians": 0, "unique_species_count": 2.0, "countryCode": "AQ" }, "geometry": { "type": "MultiPolygon", "coordinates": [ [ [ [ -5.192613175452918, -62.385405233550706 ], [ -4.245002983134221, -63.186106561665973 ], [ -4.977413437777315, -64.037934223506284 ], [ -6.706160727662407, -64.067710832467583 ], [ -7.621399875670276, -63.250815702772314 ], [ -6.842364904971231, -62.420022909385558 ], [ -5.192613175452918, -62.385405233550706 ] ] ] ] } },
{ "type": "Feature", "properties": { "geogrid_id": "7363227910151571994", "seqnum": 15042.0, "lat_c": -63.227910253786305, "lon_c": -151.57199442344668, "res": 7.0, "count_Birds": 1, "count_Mammals": 0, "count_Molluscs": 0, "count_Mosses": 0, "count_Insects": 0, "count_Sac Fungi": 0, "count_Flowering Plants": 0, "count_Arachnids": 0, "count_Basidiomycota": 0, "count_Amphibians": 0, "unique_species_count": 1.0, "countryCode": "AQ" }, "geometry": { "type": "MultiPolygon", "coordinates": [ [ [ [ -150.79383926882835, -64.067710828021291 ], [ -152.522586558459039, -64.03793421895368 ], [ -153.25499701293424, -63.186106557066012 ], [ -152.307386820705375, -62.385405229004988 ], [ -150.657635091418967, -62.420022904944339 ], [ -149.878600120883704, -63.250815698382958 ], [ -150.79383926882835, -64.067710828021291 ] ] ] ] } },
{ "type": "Feature", "properties": { "geogrid_id": "7363238848011029946", "seqnum": 14981.0, "lat_c": -63.238847641293418, "lon_c": -11.029946220899118, "res": 7.0, "count_Birds": 1, "count_Mammals": 1, "count_Molluscs": 0, "count_Mosses": 0, "count_Insects": 1, "count_Sac Fungi": 0, "count_Flowering Plants": 0, "count_Arachnids": 0, "count_Basidiomycota": 0, "count_Amphibians": 0, "unique_species_count": 3.0, "countryCode": "AQ" }, "geometry": { "type": "MultiPolygon", "coordinates": [ [ [ [ -10.16530030647262, -62.432656173397909 ], [ -9.322849223142381, -63.254539607020362 ], [ -10.191038466646573, -64.069098575684208 ], [ -11.941998574560273, -64.040193168089942 ], [ -12.740234061444093, -63.203556518482394 ], [ -11.834006384418389, -62.410247276132075 ], [ -10.16530030647262, -62.432656173397909 ] ] ] ] } },
{ "type": "Feature", "properties": { "geogrid_id": "7363238848146470054", "seqnum": 14961.0, "lat_c": -63.238847637125673, "lon_c": -146.47005377610537, "res": 7.0, "count_Birds": 1, "count_Mammals": 0, "count_Molluscs": 0, "count_Mosses": 0, "count_Insects": 0, "count_Sac Fungi": 0, "count_Flowering Plants": 0, "count_Arachnids": 0, "count_Basidiomycota": 0, "count_Amphibians": 0, "unique_species_count": 1.0, "countryCode": "AQ" }, "geometry": { "type": "MultiPolygon", "coordinates": [ [ [ [ -145.558001422637261, -64.040193163979481 ], [ -147.30896153032603, -64.069098571459136 ], [ -148.177150773641813, -63.2545396027405 ], [ -147.334699690356814, -62.432656169173733 ], [ -145.665993612616319, -62.410247272020179 ], [ -144.759765935769707, -63.203556514429216 ], [ -145.558001422637261, -64.040193163979481 ] ] ] ] } },
{ "type": "Feature", "properties": { "geogrid_id": "7363275633024110586", "seqnum": 14789.0, "lat_c": -63.275632673388202, "lon_c": -24.110585924646863, "res": 7.0, "count_Birds": 5, "count_Mammals": 0, "count_Molluscs": 0, "count_Mosses": 0, "count_Insects": 1, "count_Sac Fungi": 0, "count_Flowering Plants": 0, "count_Arachnids": 0, "count_Basidiomycota": 0, "count_Amphibians": 0, "unique_species_count": 6.0, "countryCode": "AQ" }, "geometry": { "type": "MultiPolygon", "coordinates": [ [ [ [ -22.930883418179146, -62.57665892453295 ], [ -22.399756116057272, -63.44491958124204 ], [ -23.602334887485522, -64.149751229071683 ], [ -25.345893038564043, -63.96422836613656 ], [ -25.805829451940056, -63.086724555422926 ], [ -24.595323931449965, -62.403503879911348 ], [ -22.930883418179146, -62.57665892453295 ] ] ] ] } },
{ "type": "Feature", "properties": { "geogrid_id": "7363296990060704141", "seqnum": 14431.0, "lat_c": -63.296989607060532, "lon_c": -60.704141461562379, "res": 7.0, "count_Birds": 27, "count_Mammals": 13, "count_Molluscs": 37, "count_Mosses": 38, "count_Insects": 9, "count_Sac Fungi": 42, "count_Flowering Plants": 2, "count_Arachnids": 8, "count_Basidiomycota": 0, "count_Amphibians": 0, "unique_species_count": 176.0, "countryCode": "AQ" }, "geometry": { "type": "MultiPolygon", "coordinates": [ [ [ [ -58.883679973168157, -63.004431255962977 ], [ -59.367626486133183, -63.8525288275153 ], [ -61.245137606075211, -64.137260333284715 ], [ -62.562677335707143, -63.566249112542671 ], [ -61.998131042470774, -62.733388748421113 ], [ -60.194594173172902, -62.455806560119754 ], [ -58.883679973168157, -63.004431255962977 ] ] ] ] } },
{ "type": "Feature", "properties": { "geogrid_id": "7363336962035172524", "seqnum": 14652.0, "lat_c": -63.336962187819978, "lon_c": -35.172524348897689, "res": 7.0, "count_Birds": 2, "count_Mammals": 0, "count_Molluscs": 0, "count_Mosses": 0, "count_Insects": 0, "count_Sac Fungi": 0, "count_Flowering Plants": 0, "count_Arachnids": 0, "count_Basidiomycota": 0, "count_Amphibians": 0, "unique_species_count": 2.0, "countryCode": "AQ" }, "geometry": { "type": "MultiPolygon", "coordinates": [ [ [ [ -33.754512902857996, -62.746063489245834 ], [ -33.518809471224067, -63.635515032855956 ], [ -34.975537972485988, -64.229282825331836 ], [ -36.647149680775996, -63.912735198509409 ], [ -36.796841874667656, -63.020579740312826 ], [ -35.361729843842575, -62.44706056831712 ], [ -33.754512902857996, -62.746063489245834 ] ] ] ] } },
{ "type": "Feature", "properties": { "geogrid_id": "7363544055057530742", "seqnum": 14458.0, "lat_c": -63.544055241768604, "lon_c": -57.530742037766302, "res": 7.0, "count_Birds": 22, "count_Mammals": 12, "count_Molluscs": 19, "count_Mosses": 10, "count_Insects": 1, "count_Sac Fungi": 17, "count_Flowering Plants": 0, "count_Arachnids": 0, "count_Basidiomycota": 0, "count_Amphibians": 0, "unique_species_count": 81.0, "countryCode": "AQ" }, "geometry": { "type": "MultiPolygon", "coordinates": [ [ [ [ -55.735592391364534, -63.212491489631446 ], [ -56.13465567129397, -64.073810730136614 ], [ -57.987347057333338, -64.399085063420856 ], [ -59.367626486133183, -63.8525288275153 ], [ -58.883679973168157, -63.004431255962977 ], [ -57.102330393055105, -62.689080639853607 ], [ -55.735592391364534, -63.212491489631446 ] ] ] ] } },
{ "type": "Feature", "properties": { "geogrid_id": "7363578442038286794", "seqnum": 14624.0, "lat_c": -63.57844239773754, "lon_c": -38.286793537996161, "res": 7.0, "count_Birds": 2, "count_Mammals": 1, "count_Molluscs": 0, "count_Mosses": 0, "count_Insects": 0, "count_Sac Fungi": 0, "count_Flowering Plants": 0, "count_Arachnids": 0, "count_Basidiomycota": 0, "count_Amphibians": 0, "unique_species_count": 3.0, "countryCode": "AQ" }, "geometry": { "type": "MultiPolygon", "coordinates": [ [ [ [ -36.796841874667656, -63.020579740312826 ], [ -36.647149680775996, -63.912735198509409 ], [ -38.180662394792215, -64.472490445792445 ], [ -39.833509334611762, -64.119763105538212 ], [ -39.893410842990349, -63.226987299001635 ], [ -38.390608718807393, -62.686907514136628 ], [ -36.796841874667656, -63.020579740312826 ] ] ] ] } },
{ "type": "Feature", "properties": { "geogrid_id": "7363617226069561852", "seqnum": 14402.0, "lat_c": -63.617226096827352, "lon_c": -69.561852207790039, "res": 7.0, "count_Birds": 7, "count_Mammals": 1, "count_Molluscs": 0, "count_Mosses": 0, "count_Insects": 0, "count_Sac Fungi": 0, "count_Flowering Plants": 0, "count_Arachnids": 0, "count_Basidiomycota": 0, "count_Amphibians": 0, "unique_species_count": 8.0, "countryCode": "AQ" }, "geometry": { "type": "MultiPolygon", "coordinates": [ [ [ [ -67.61996045145203, -63.429697873482795 ], [ -68.355932015790827, -64.231807090808047 ], [ -70.357004379907963, -64.407331020901552 ], [ -71.537552040903847, -63.784698120675927 ], [ -70.727409018734363, -63.001808005371615 ], [ -68.809448924280915, -62.822824632555935 ], [ -67.61996045145203, -63.429697873482795 ] ] ] ] } },
{ "type": "Feature", "properties": { "geogrid_id": "7363617226087938148", "seqnum": 14399.0, "lat_c": -63.61722609647159, "lon_c": -87.938147791458817, "res": 7.0, "count_Birds": 1, "count_Mammals": 0, "count_Molluscs": 0, "count_Mosses": 0, "count_Insects": 0, "count_Sac Fungi": 0, "count_Flowering Plants": 0, "count_Arachnids": 0, "count_Basidiomycota": 0, "count_Amphibians": 0, "unique_species_count": 1.0, "countryCode": "AQ" }, "geometry": { "type": "MultiPolygon", "coordinates": [ [ [ [ -85.962447958368543, -63.784698120380433 ], [ -87.14299561955194, -64.407331020551055 ], [ -89.144067983645257, -64.231807090383981 ], [ -89.880039547776462, -63.42969787305519 ], [ -88.690551074768507, -62.822824632198035 ], [ -86.772590980333391, -63.001808005074501 ], [ -85.962447958368543, -63.784698120380433 ] ] ] ] } },
{ "type": "Feature", "properties": { "geogrid_id": "7363653078078750000", "seqnum": 14373.0, "lat_c": -63.653078264030071, "lon_c": -78.749999999864343, "res": 7.0, "count_Birds": 2, "count_Mammals": 0, "count_Molluscs": 0, "count_Mosses": 0, "count_Insects": 0, "count_Sac Fungi": 0, "count_Flowering Plants": 0, "count_Arachnids": 0, "count_Basidiomycota": 0, "count_Amphibians": 0, "unique_species_count": 2.0, "countryCode": "AQ" }, "geometry": { "type": "MultiPolygon", "coordinates": [ [ [ [ -76.687321803516141, -63.468804917516906 ], [ -77.688264020363022, -64.236325061634275 ], [ -79.811735979064977, -64.236325061242795 ], [ -80.812678195662002, -63.468804917218485 ], [ -79.761869708879502, -62.871924151796584 ], [ -77.738130290120125, -62.871924152155735 ], [ -76.687321803516141, -63.468804917516906 ] ] ] ] } },
{ "type": "Feature", "properties": { "geogrid_id": "7363723813018940532", "seqnum": 14871.0, "lat_c": -63.723813035771897, "lon_c": -18.940531760793061, "res": 7.0, "count_Birds": 7, "count_Mammals": 0, "count_Molluscs": 0, "count_Mosses": 0, "count_Insects": 0, "count_Sac Fungi": 0, "count_Flowering Plants": 0, "count_Arachnids": 0, "count_Basidiomycota": 0, "count_Amphibians": 0, "unique_species_count": 7.0, "countryCode": "AQ" }, "geometry": { "type": "MultiPolygon", "coordinates": [ [ [ [ -17.865408447372914, -62.979049195104494 ], [ -17.197025892792762, -63.833143717099908 ], [ -18.288593853365732, -64.585133500894599 ], [ -20.071120883629042, -64.460373802759705 ], [ -20.675607446053256, -63.59436808378976 ], [ -19.563698083308726, -62.864590954175767 ], [ -17.865408447372914, -62.979049195104494 ] ] ] ] } },
{ "type": "Feature", "properties": { "geogrid_id": "7363725257054326596", "seqnum": 14486.0, "lat_c": -63.725256929771739, "lon_c": -54.32659587376061, "res": 7.0, "count_Birds": 15, "count_Mammals": 11, "count_Molluscs": 4, "count_Mosses": 0, "count_Insects": 0, "count_Sac Fungi": 0, "count_Flowering Plants": 0, "count_Arachnids": 1, "count_Basidiomycota": 0, "count_Amphibians": 0, "unique_species_count": 31.0, "countryCode": "AQ" }, "geometry": { "type": "MultiPolygon", "coordinates": [ [ [ [ -52.564023069200893, -63.354229748025311 ], [ -52.874451706001956, -64.226544673296516 ], [ -54.69438059096673, -64.592820620580554 ], [ -56.13465567129397, -64.073810730136614 ], [ -55.735592391364534, -63.212491489631446 ], [ -53.983073150706076, -62.858545964291189 ], [ -52.564023069200893, -63.354229748025311 ] ] ] ] } },
{ "type": "Feature", "properties": { "geogrid_id": "7363725257103173404", "seqnum": 14478.0, "lat_c": -63.725256928613192, "lon_c": -103.17340412573881, "res": 7.0, "count_Birds": 1, "count_Mammals": 0, "count_Molluscs": 0, "count_Mosses": 0, "count_Insects": 0, "count_Sac Fungi": 0, "count_Flowering Plants": 0, "count_Arachnids": 0, "count_Basidiomycota": 0, "count_Amphibians": 0, "unique_species_count": 1.0, "countryCode": "AQ" }, "geometry": { "type": "MultiPolygon", "coordinates": [ [ [ [ -101.365344328280599, -64.07381072907269 ], [ -102.805619408755348, -64.592820619406197 ], [ -104.62554829363053, -64.22654467202544 ], [ -104.935976930216881, -63.354229746773044 ], [ -103.516926848587204, -62.858545963149616 ], [ -101.764407607997384, -63.212491488581556 ], [ -101.365344328280599, -64.07381072907269 ] ] ] ] } },
{ "type": "Feature", "properties": { "geogrid_id": "7363733301159290414", "seqnum": 15177.0, "lat_c": -63.733301136046805, "lon_c": -159.2904142473844, "res": 7.0, "count_Birds": 1, "count_Mammals": 0, "count_Molluscs": 0, "count_Mosses": 0, "count_Insects": 0, "count_Sac Fungi": 0, "count_Flowering Plants": 0, "count_Arachnids": 0, "count_Basidiomycota": 0, "count_Amphibians": 0, "unique_species_count": 1.0, "countryCode": "AQ" }, "geometry": { "type": "MultiPolygon", "coordinates": [ [ [ [ -159.071329720659463, -64.469991182994306 ], [ -161.105708320542647, -64.189445593959192 ], [ -161.278455271127882, -63.446468693874401 ], [ -159.839879146628135, -62.837132217248474 ], [ -158.219748804332738, -62.950815980220007 ], [ -157.624952324840933, -63.836436066831439 ], [ -159.071329720659463, -64.469991182994306 ] ] ] ] } },
{ "type": "Feature", "properties": { "geogrid_id": "7363733301178209586", "seqnum": 17364.0, "lat_c": -63.733301138626366, "lon_c": -178.20958576442695, "res": 7.0, "count_Birds": 4, "count_Mammals": 1, "count_Molluscs": 1, "count_Mosses": 0, "count_Insects": 0, "count_Sac Fungi": 0, "count_Flowering Plants": 0, "count_Arachnids": 0, "count_Basidiomycota": 0, "count_Amphibians": 0, "unique_species_count": 6.0, "countryCode": "AQ" }, "geometry": { "type": "MultiPolygon", "coordinates": [ [ [ [ -179.875047691548701, -63.836436069317372 ], [ -179.280251211158287, -62.950815982864938 ], [ -177.66012086858899, -62.837132220269091 ], [ -176.221544739746918, -63.446468694850452 ], [ -176.394291691085783, -64.189445594905735 ], [ -178.42867029136616, -64.469991183622014 ], [ -179.875047691548701, -63.836436069317372 ] ] ] ] } },
{ "type": "Feature", "properties": { "geogrid_id": "7363750053041450802", "seqnum": 14597.0, "lat_c": -63.750052719552443, "lon_c": -41.450801579697597, "res": 7.0, "count_Birds": 2, "count_Mammals": 2, "count_Molluscs": 0, "count_Mosses": 0, "count_Insects": 0, "count_Sac Fungi": 0, "count_Flowering Plants": 0, "count_Arachnids": 0, "count_Basidiomycota": 0, "count_Amphibians": 0, "unique_species_count": 4.0, "countryCode": "AQ" }, "geometry": { "type": "MultiPolygon", "coordinates": [ [ [ [ -39.893410842990349, -63.226987299001635 ], [ -39.833509334611762, -64.119763105538212 ], [ -41.438794540122814, -64.64360489580146 ], [ -43.064235872928123, -64.255184611664944 ], [ -43.03183605281405, -63.364007789752435 ], [ -41.466166681712394, -62.858975864210741 ], [ -39.893410842990349, -63.226987299001635 ] ] ] ] } },
{ "type": "Feature", "properties": { "geogrid_id": "7363758884027071569", "seqnum": 14762.0, "lat_c": -63.758883951503606, "lon_c": -27.07156850352003, "res": 7.0, "count_Birds": 1, "count_Mammals": 1, "count_Molluscs": 0, "count_Mosses": 0, "count_Insects": 0, "count_Sac Fungi": 0, "count_Flowering Plants": 0, "count_Arachnids": 0, "count_Basidiomycota": 0, "count_Amphibians": 0, "unique_species_count": 2.0, "countryCode": "AQ" }, "geometry": { "type": "MultiPolygon", "coordinates": [ [ [ [ -25.805829451940056, -63.086724555422926 ], [ -25.345893038564043, -63.96422836613656 ], [ -26.640624218950322, -64.641758043186414 ], [ -28.396060370577516, -64.419264784172157 ], [ -28.777177401835313, -63.534022377759257 ], [ -27.48336039928995, -62.878461608411975 ], [ -25.805829451940056, -63.086724555422926 ] ] ] ] } },
{ "type": "Feature", "properties": { "geogrid_id": "7363837791051103110", "seqnum": 14514.0, "lat_c": -63.83779070849868, "lon_c": -51.103109827545602, "res": 7.0, "count_Birds": 1, "count_Mammals": 2, "count_Molluscs": 1, "count_Mosses": 0, "count_Insects": 0, "count_Sac Fungi": 0, "count_Flowering Plants": 0, "count_Arachnids": 0, "count_Basidiomycota": 0, "count_Amphibians": 0, "unique_species_count": 4.0, "countryCode": "AQ" }, "geometry": { "type": "MultiPolygon", "coordinates": [ [ [ [ -49.380786039851479, -63.427454266050333 ], [ -49.599739580155784, -64.308431159824821 ], [ -51.378390756323881, -64.715516512388916 ], [ -52.874451706001956, -64.226544673296516 ], [ -52.564023069200893, -63.354229748025311 ], [ -50.847508771420124, -62.961553213813879 ], [ -49.380786039851479, -63.427454266050333 ] ] ] ] } },
{ "type": "Feature", "properties": { "geogrid_id": "7363837791106396890", "seqnum": 14505.0, "lat_c": -63.837790707132143, "lon_c": -106.39689017199095, "res": 7.0, "count_Birds": 1, "count_Mammals": 0, "count_Molluscs": 0, "count_Mosses": 0, "count_Insects": 0, "count_Sac Fungi": 0, "count_Flowering Plants": 0, "count_Arachnids": 0, "count_Basidiomycota": 0, "count_Amphibians": 0, "unique_species_count": 1.0, "countryCode": "AQ" }, "geometry": { "type": "MultiPolygon", "coordinates": [ [ [ [ -104.62554829363053, -64.22654467202544 ], [ -106.121609243436097, -64.715516511001596 ], [ -107.900260419492596, -64.308431158340554 ], [ -108.119213959583846, -63.427454264589677 ], [ -106.652491227910431, -62.961553212468949 ], [ -104.935976930216881, -63.354229746773044 ], [ -104.62554829363053, -64.22654467202544 ] ] ] ] } },
{ "type": "Feature", "properties": { "geogrid_id": "7363850709044651030", "seqnum": 14569.0, "lat_c": -63.850708904299928, "lon_c": -44.65102992763822, "res": 7.0, "count_Birds": 1, "count_Mammals": 3, "count_Molluscs": 0, "count_Mosses": 0, "count_Insects": 0, "count_Sac Fungi": 0, "count_Flowering Plants": 0, "count_Arachnids": 0, "count_Basidiomycota": 0, "count_Amphibians": 0, "unique_species_count": 4.0, "countryCode": "AQ" }, "geometry": { "type": "MultiPolygon", "coordinates": [ [ [ [ -43.03183605281405, -63.364007789752435 ], [ -43.064235872928123, -64.255184611664944 ], [ -44.73497780819946, -64.741420172242499 ], [ -46.324681728963149, -64.318145809433474 ], [ -46.198856663666525, -63.430884090515356 ], [ -44.576131239318123, -62.962293333404787 ], [ -43.03183605281405, -63.364007789752435 ] ] ] ] } },
{ "type": "Feature", "properties": { "geogrid_id": "7363879905047873262", "seqnum": 14541.0, "lat_c": -63.879905114013226, "lon_c": -47.873261658660631, "res": 7.0, "count_Birds": 1, "count_Mammals": 2, "count_Molluscs": 0, "count_Mosses": 0, "count_Insects": 0, "count_Sac Fungi": 0, "count_Flowering Plants": 0, "count_Arachnids": 0, "count_Basidiomycota": 0, "count_Amphibians": 0, "unique_species_count": 3.0, "countryCode": "AQ" }, "geometry": { "type": "MultiPolygon", "coordinates": [ [ [ [ -46.198856663666525, -63.430884090515356 ], [ -46.324681728963149, -64.318145809433474 ], [ -48.053473390549556, -64.76535183547071 ], [ -49.599739580155784, -64.308431159824821 ], [ -49.380786039851479, -63.427454266050333 ], [ -47.707604475318242, -62.99642641133056 ], [ -46.198856663666525, -63.430884090515356 ] ] ] ] } },
{ "type": "Feature", "properties": { "geogrid_id": "7363881378163091819", "seqnum": 15232.0, "lat_c": -63.881378295940181, "lon_c": -163.09181886024248, "res": 7.0, "count_Birds": 1, "count_Mammals": 0, "count_Molluscs": 0, "count_Mosses": 0, "count_Insects": 0, "count_Sac Fungi": 0, "count_Flowering Plants": 0, "count_Arachnids": 0, "count_Basidiomycota": 0, "count_Amphibians": 0, "unique_species_count": 1.0, "countryCode": "AQ" }, "geometry": { "type": "MultiPolygon", "coordinates": [ [ [ [ -162.955247839206578, -64.632532353139965 ], [ -164.939291160368583, -64.301871308142609 ], [ -165.028489713881044, -63.546482176560268 ], [ -163.219176700492767, -63.13310054996078 ], [ -161.278455271127882, -63.446468693874401 ], [ -161.105708320542647, -64.189445593959192 ], [ -162.955247839206578, -64.632532353139965 ] ] ] ] } },
{ "type": "Feature", "properties": { "geogrid_id": "7363881378174408181", "seqnum": 17337.0, "lat_c": -63.881378297193528, "lon_c": -174.40818115095456, "res": 7.0, "count_Birds": 0, "count_Mammals": 1, "count_Molluscs": 0, "count_Mosses": 0, "count_Insects": 0, "count_Sac Fungi": 0, "count_Flowering Plants": 0, "count_Arachnids": 0, "count_Basidiomycota": 0, "count_Amphibians": 0, "unique_species_count": 1.0, "countryCode": "AQ" }, "geometry": { "type": "MultiPolygon", "coordinates": [ [ [ [ -176.394291691085783, -64.189445594905735 ], [ -176.221544739746918, -63.446468694850452 ], [ -174.280823309965058, -63.133100551234406 ], [ -172.471510296855428, -63.546482178108093 ], [ -172.56070885113192, -64.301871309677878 ], [ -174.544752172773684, -64.632532354371236 ], [ -176.394291691085783, -64.189445594905735 ] ] ] ] } },
{ "type": "Feature", "properties": { "geogrid_id": "7363944259166871184", "seqnum": 15286.0, "lat_c": -63.944259041110676, "lon_c": -166.87118393195217, "res": 7.0, "count_Birds": 3, "count_Mammals": 0, "count_Molluscs": 1, "count_Mosses": 0, "count_Insects": 0, "count_Sac Fungi": 0, "count_Flowering Plants": 0, "count_Arachnids": 0, "count_Basidiomycota": 0, "count_Amphibians": 0, "unique_species_count": 4.0, "countryCode": "AQ" }, "geometry": { "type": "MultiPolygon", "coordinates": [ [ [ [ -166.824462479653789, -64.705502551064939 ], [ -168.750000006279123, -64.324170404277609 ], [ -168.750000005892161, -63.560553586823715 ], [ -166.914779043888529, -63.185505042540711 ], [ -165.028489713881044, -63.546482176560268 ], [ -164.939291160368583, -64.301871308142609 ], [ -166.824462479653789, -64.705502551064939 ] ] ] ] } },
{ "type": "Feature", "properties": { "geogrid_id": "7363944259170628816", "seqnum": 17309.0, "lat_c": -63.944259042936991, "lon_c": -170.62881607904151, "res": 7.0, "count_Birds": 1, "count_Mammals": 1, "count_Molluscs": 0, "count_Mosses": 0, "count_Insects": 0, "count_Sac Fungi": 0, "count_Flowering Plants": 0, "count_Arachnids": 0, "count_Basidiomycota": 0, "count_Amphibians": 0, "unique_species_count": 2.0, "countryCode": "AQ" }, "geometry": { "type": "MultiPolygon", "coordinates": [ [ [ [ -172.56070885113192, -64.301871309677878 ], [ -172.471510296855428, -63.546482178108093 ], [ -170.585220966363181, -63.185505044370451 ], [ -168.750000004573025, -63.560553588927895 ], [ -168.750000004945463, -64.324170406386941 ], [ -170.6755375321261, -64.705502552887182 ], [ -172.56070885113192, -64.301871309677878 ] ] ] ] } },
{ "type": "Feature", "properties": { "geogrid_id": "7363989200003261103", "seqnum": 15117.0, "lat_c": -63.989199953766281, "lon_c": -3.2611031848088099, "res": 7.0, "count_Birds": 1, "count_Mammals": 0, "count_Molluscs": 0, "count_Mosses": 0, "count_Insects": 0, "count_Sac Fungi": 0, "count_Flowering Plants": 0, "count_Arachnids": 0, "count_Basidiomycota": 0, "count_Amphibians": 0, "unique_species_count": 1.0, "countryCode": "AQ" }, "geometry": { "type": "MultiPolygon", "coordinates": [ [ [ [ -2.574638322120756, -63.125734277072496 ], [ -1.559576240349229, -63.921891446195858 ], [ -2.242284507309108, -64.796182172965544 ], [ -3.991740886635367, -64.851455926382073 ], [ -4.977413437777315, -64.037934223506284 ], [ -4.245002983134221, -63.186106561665973 ], [ -2.574638322120756, -63.125734277072496 ] ] ] ] } },
{ "type": "Feature", "properties": { "geogrid_id": "7363989200154238897", "seqnum": 15096.0, "lat_c": -63.989199949110358, "lon_c": -154.23889681116597, "res": 7.0, "count_Birds": 0, "count_Mammals": 0, "count_Molluscs": 1, "count_Mosses": 0, "count_Insects": 0, "count_Sac Fungi": 0, "count_Flowering Plants": 0, "count_Arachnids": 0, "count_Basidiomycota": 0, "count_Amphibians": 0, "unique_species_count": 1.0, "countryCode": "AQ" }, "geometry": { "type": "MultiPolygon", "coordinates": [ [ [ [ -153.508259109521219, -64.851455921770821 ], [ -155.257715488570597, -64.796182168251391 ], [ -155.940423755358182, -63.921891441439683 ], [ -154.92536167369488, -63.125734272371623 ], [ -153.25499701293424, -63.186106557066012 ], [ -152.522586558459039, -64.03793421895368 ], [ -153.508259109521219, -64.851455921770821 ] ] ] ] } },
{ "type": "Feature", "properties": { "geogrid_id": "7363991302013695103", "seqnum": 14953.0, "lat_c": -63.991301810217642, "lon_c": -13.695102888809709, "res": 7.0, "count_Birds": 3, "count_Mammals": 0, "count_Molluscs": 0, "count_Mosses": 0, "count_Insects": 0, "count_Sac Fungi": 0, "count_Flowering Plants": 0, "count_Arachnids": 0, "count_Basidiomycota": 0, "count_Amphibians": 0, "unique_species_count": 3.0, "countryCode": "AQ" }, "geometry": { "type": "MultiPolygon", "coordinates": [ [ [ [ -12.740234061444093, -63.203556518482394 ], [ -11.941998574560273, -64.040193168089942 ], [ -12.906316771758203, -64.83641599404217 ], [ -14.70335000283251, -64.773143609081075 ], [ -15.447669822692598, -63.922305651126194 ], [ -14.451228964972101, -63.148535532258485 ], [ -12.740234061444093, -63.203556518482394 ] ] ] ] } },
{ "type": "Feature", "properties": { "geogrid_id": "7364033617066389543", "seqnum": 14430.0, "lat_c": -64.033616565474645, "lon_c": -66.389543265247426, "res": 7.0, "count_Birds": 16, "count_Mammals": 4, "count_Molluscs": 0, "count_Mosses": 0, "count_Insects": 0, "count_Sac Fungi": 0, "count_Flowering Plants": 0, "count_Arachnids": 0, "count_Basidiomycota": 0, "count_Amphibians": 0, "unique_species_count": 20.0, "countryCode": "AQ" }, "geometry": { "type": "MultiPolygon", "coordinates": [ [ [ [ -64.45817168267584, -63.811840558399716 ], [ -65.116867635001981, -64.633389027532061 ], [ -67.108459729968288, -64.844184104359613 ], [ -68.355932015790827, -64.231807090808047 ], [ -67.61996045145203, -63.429697873482795 ], [ -65.711680429436029, -63.220299209114813 ], [ -64.45817168267584, -63.811840558399716 ] ] ] ] } },
{ "type": "Feature", "properties": { "geogrid_id": "7364033617091110457", "seqnum": 14426.0, "lat_c": -64.033616564969577, "lon_c": -91.110456734165169, "res": 7.0, "count_Birds": 5, "count_Mammals": 0, "count_Molluscs": 0, "count_Mosses": 0, "count_Insects": 0, "count_Sac Fungi": 0, "count_Flowering Plants": 0, "count_Arachnids": 0, "count_Basidiomycota": 0, "count_Amphibians": 0, "unique_species_count": 5.0, "countryCode": "AQ" }, "geometry": { "type": "MultiPolygon", "coordinates": [ [ [ [ -89.144067983645257, -64.231807090383981 ], [ -90.391540269661832, -64.844184103858353 ], [ -92.383132364599959, -64.633389026942311 ], [ -93.041828316710067, -63.811840557809539 ], [ -91.788319569771218, -63.220299208608886 ], [ -89.880039547776462, -63.42969787305519 ], [ -89.144067983645257, -64.231807090383981 ] ] ] ] } },
{ "type": "Feature", "properties": { "geogrid_id": "7364078194008444886", "seqnum": 15035.0, "lat_c": -64.078193956015127, "lon_c": -8.4448860141477322, "res": 7.0, "count_Birds": 1, "count_Mammals": 0, "count_Molluscs": 0, "count_Mosses": 0, "count_Insects": 0, "count_Sac Fungi": 0, "count_Flowering Plants": 0, "count_Arachnids": 0, "count_Basidiomycota": 0, "count_Amphibians": 0, "unique_species_count": 1.0, "countryCode": "AQ" }, "geometry": { "type": "MultiPolygon", "coordinates": [ [ [ [ -7.621399875670276, -63.250815702772314 ], [ -6.706160727662407, -64.067710832467583 ], [ -7.532160817081966, -64.904741035360246 ], [ -9.317855090900302, -64.902017942457022 ], [ -10.191038466646573, -64.069098575684208 ], [ -9.322849223142381, -63.254539607020362 ], [ -7.621399875670276, -63.250815702772314 ] ] ] ] } },
{ "type": "Feature", "properties": { "geogrid_id": "7364079798075597207", "seqnum": 14401.0, "lat_c": -64.079798193995387, "lon_c": -75.597207257795034, "res": 7.0, "count_Birds": 7, "count_Mammals": 0, "count_Molluscs": 1, "count_Mosses": 0, "count_Insects": 0, "count_Sac Fungi": 0, "count_Flowering Plants": 0, "count_Arachnids": 0, "count_Basidiomycota": 0, "count_Amphibians": 0, "unique_species_count": 8.0, "countryCode": "AQ" }, "geometry": { "type": "MultiPolygon", "coordinates": [ [ [ [ -73.548364999719311, -63.936028852247574 ], [ -74.467722549899406, -64.702615179644553 ], [ -76.584821938021918, -64.840890986448258 ], [ -77.688264020363022, -64.236325061634275 ], [ -76.687321803516141, -63.468804917516906 ], [ -74.664113059978618, -63.31548844459698 ], [ -73.548364999719311, -63.936028852247574 ] ] ] ] } },
{ "type": "Feature", "properties": { "geogrid_id": "7364177123030128881", "seqnum": 14734.0, "lat_c": -64.177123404647901, "lon_c": -30.128880998951384, "res": 7.0, "count_Birds": 1, "count_Mammals": 3, "count_Molluscs": 0, "count_Mosses": 0, "count_Insects": 0, "count_Sac Fungi": 0, "count_Flowering Plants": 0, "count_Arachnids": 0, "count_Basidiomycota": 0, "count_Amphibians": 0, "unique_species_count": 4.0, "countryCode": "AQ" }, "geometry": { "type": "MultiPolygon", "coordinates": [ [ [ [ -28.777177401835313, -63.534022377759257 ], [ -28.396060370577516, -64.419264784172157 ], [ -29.783015218266382, -65.067080675926263 ], [ -31.541818096440917, -64.806957323568781 ], [ -31.837065929856152, -63.915727629174818 ], [ -30.460715397314633, -63.289995359437953 ], [ -28.777177401835313, -63.534022377759257 ] ] ] ] } },
{ "type": "Feature", "properties": { "geogrid_id": "7364315199021843244", "seqnum": 14844.0, "lat_c": -64.315199282104757, "lon_c": -21.84324425724256, "res": 7.0, "count_Birds": 3, "count_Mammals": 1, "count_Molluscs": 0, "count_Mosses": 0, "count_Insects": 0, "count_Sac Fungi": 0, "count_Flowering Plants": 0, "count_Arachnids": 0, "count_Basidiomycota": 0, "count_Amphibians": 0, "unique_species_count": 4.0, "countryCode": "AQ" }, "geometry": { "type": "MultiPolygon", "coordinates": [ [ [ [ -20.675607446053256, -63.59436808378976 ], [ -20.071120883629042, -64.460373802759705 ], [ -21.261844409788122, -65.188165749236632 ], [ -23.071006333132086, -65.026472341326922 ], [ -23.602334887485522, -64.149751229071683 ], [ -22.399756116057272, -63.44491958124204 ], [ -20.675607446053256, -63.59436808378976 ] ] ] ] } },
{ "type": "Feature", "properties": { "geogrid_id": "7364397687063162002", "seqnum": 14457.0, "lat_c": -64.397687079359827, "lon_c": -63.162001805313352, "res": 7.0, "count_Birds": 29, "count_Mammals": 13, "count_Molluscs": 57, "count_Mosses": 20, "count_Insects": 23, "count_Sac Fungi": 22, "count_Flowering Plants": 3, "count_Arachnids": 20, "count_Basidiomycota": 0, "count_Amphibians": 0, "unique_species_count": 187.0, "countryCode": "AQ" }, "geometry": { "type": "MultiPolygon", "coordinates": [ [ [ [ -61.245137606075211, -64.137260333284715 ], [ -61.821829672271427, -64.976759133518684 ], [ -63.800643762658169, -65.227810456287131 ], [ -65.116867635001981, -64.633389027532061 ], [ -64.45817168267584, -63.811840558399716 ], [ -62.562677335707143, -63.566249112542671 ], [ -61.245137606075211, -64.137260333284715 ] ] ] ] } },
{ "type": "Feature", "properties": { "geogrid_id": "7364527531033273250", "seqnum": 14706.0, "lat_c": -64.527530598362631, "lon_c": -33.273250294635588, "res": 7.0, "count_Birds": 5, "count_Mammals": 0, "count_Molluscs": 0, "count_Mosses": 0, "count_Insects": 0, "count_Sac Fungi": 0, "count_Flowering Plants": 0, "count_Arachnids": 0, "count_Basidiomycota": 0, "count_Amphibians": 0, "unique_species_count": 5.0, "countryCode": "AQ" }, "geometry": { "type": "MultiPolygon", "coordinates": [ [ [ [ -31.837065929856152, -63.915727629174818 ], [ -31.541818096440917, -64.806957323568781 ], [ -33.019452010276602, -65.42264578877618 ], [ -34.772313980369255, -65.124515366233382 ], [ -34.975537972485988, -64.229282825331836 ], [ -33.518809471224067, -63.635515032855956 ], [ -31.837065929856152, -63.915727629174818 ] ] ] ] } },
{ "type": "Feature", "properties": { "geogrid_id": "7364562482072393448", "seqnum": 14429.0, "lat_c": -64.56248217326781, "lon_c": -72.393447917701636, "res": 7.0, "count_Birds": 8, "count_Mammals": 1, "count_Molluscs": 1, "count_Mosses": 0, "count_Insects": 0, "count_Sac Fungi": 0, "count_Flowering Plants": 0, "count_Arachnids": 5, "count_Basidiomycota": 0, "count_Amphibians": 0, "unique_species_count": 15.0, "countryCode": "AQ" }, "geometry": { "type": "MultiPolygon", "coordinates": [ [ [ [ -70.357004379907963, -64.407331020901552 ], [ -71.198904241109943, -65.19286341907565 ], [ -73.299143927704833, -65.33475457018055 ], [ -74.467722549899406, -64.702615179644553 ], [ -73.548364999719311, -63.936028852247574 ], [ -71.537552040903847, -63.784698120675927 ], [ -70.357004379907963, -64.407331020901552 ] ] ] ] } },
{ "type": "Feature", "properties": { "geogrid_id": "7364562482085106552", "seqnum": 14427.0, "lat_c": -64.562482172976459, "lon_c": -85.106552081788408, "res": 7.0, "count_Birds": 2, "count_Mammals": 0, "count_Molluscs": 0, "count_Mosses": 0, "count_Insects": 0, "count_Sac Fungi": 0, "count_Flowering Plants": 0, "count_Arachnids": 0, "count_Basidiomycota": 0, "count_Amphibians": 0, "unique_species_count": 2.0, "countryCode": "AQ" }, "geometry": { "type": "MultiPolygon", "coordinates": [ [ [ [ -83.032277449636723, -64.702615179381468 ], [ -84.200856072016876, -65.334754569896091 ], [ -86.30109575857287, -65.192863418734092 ], [ -87.14299561955194, -64.407331020551055 ], [ -85.962447958368543, -63.784698120380433 ], [ -83.951634999586048, -63.936028851990066 ], [ -83.032277449636723, -64.702615179381468 ] ] ] ] } },
{ "type": "Feature", "properties": { "geogrid_id": "7364689397016498398", "seqnum": 14926.0, "lat_c": -64.68939682547601, "lon_c": -16.498398380741783, "res": 7.0, "count_Birds": 1, "count_Mammals": 0, "count_Molluscs": 1, "count_Mosses": 0, "count_Insects": 0, "count_Sac Fungi": 0, "count_Flowering Plants": 0, "count_Arachnids": 0, "count_Basidiomycota": 0, "count_Amphibians": 0, "unique_species_count": 2.0, "countryCode": "AQ" }, "geometry": { "type": "MultiPolygon", "coordinates": [ [ [ [ -15.447669822692598, -63.922305651126194 ], [ -14.70335000283251, -64.773143609081075 ], [ -15.770343357018186, -65.548689121413318 ], [ -17.608571108380108, -65.449353133790424 ], [ -18.288593853365732, -64.585133500894599 ], [ -17.197025892792762, -63.833143717099908 ], [ -15.447669822692598, -63.922305651126194 ] ] ] ] } },
{ "type": "Feature", "properties": { "geogrid_id": "7364700307059883535", "seqnum": 14485.0, "lat_c": -64.700307171146136, "lon_c": -59.883535015960661, "res": 7.0, "count_Birds": 11, "count_Mammals": 10, "count_Molluscs": 13, "count_Mosses": 3, "count_Insects": 1, "count_Sac Fungi": 0, "count_Flowering Plants": 2, "count_Arachnids": 6, "count_Basidiomycota": 0, "count_Amphibians": 0, "unique_species_count": 46.0, "countryCode": "AQ" }, "geometry": { "type": "MultiPolygon", "coordinates": [ [ [ [ -57.987347057333338, -64.399085063420856 ], [ -58.476613760023831, -65.254392017499228 ], [ -60.436368889718665, -65.547970045643311 ], [ -61.821829672271427, -64.976759133518684 ], [ -61.245137606075211, -64.137260333284715 ], [ -59.367626486133183, -63.8525288275153 ], [ -57.987347057333338, -64.399085063420856 ] ] ] ] } },
{ "type": "Feature", "properties": { "geogrid_id": "7364722394000509961", "seqnum": 15172.0, "lat_c": -64.722393760218765, "lon_c": -0.50996065736731699, "res": 7.0, "count_Birds": 4, "count_Mammals": 3, "count_Molluscs": 0, "count_Mosses": 0, "count_Insects": 0, "count_Sac Fungi": 0, "count_Flowering Plants": 0, "count_Arachnids": 0, "count_Basidiomycota": 0, "count_Amphibians": 0, "unique_species_count": 7.0, "countryCode": "AQ" }, "geometry": { "type": "MultiPolygon", "coordinates": [ [ [ [ 0.124952329405316, -63.836436071684737 ], [ 1.571329731595541, -64.469991185169974 ], [ 1.335992754736483, -65.209782259600686 ], [ -0.795871305685331, -65.454915898533599 ], [ -2.242284507309108, -64.796182172965544 ], [ -1.559576240349229, -63.921891446195858 ], [ 0.124952329405316, -63.836436071684737 ] ] ] ] } },
{ "type": "Feature", "properties": { "geogrid_id": "7364807608036493201", "seqnum": 14679.0, "lat_c": -64.807607834914663, "lon_c": -36.493200681697417, "res": 7.0, "count_Birds": 2, "count_Mammals": 0, "count_Molluscs": 0, "count_Mosses": 0, "count_Insects": 0, "count_Sac Fungi": 0, "count_Flowering Plants": 0, "count_Arachnids": 0, "count_Basidiomycota": 0, "count_Amphibians": 0, "unique_species_count": 2.0, "countryCode": "AQ" }, "geometry": { "type": "MultiPolygon", "coordinates": [ [ [ [ -34.975537972485988, -64.229282825331836 ], [ -34.772313980369255, -65.124515366233382 ], [ -36.337328877355276, -65.705723238201756 ], [ -38.074412426362606, -65.36953293647548 ], [ -38.180662394792215, -64.472490445792445 ], [ -36.647149680775996, -63.912735198509409 ], [ -34.975537972485988, -64.229282825331836 ] ] ] ] } },
{ "type": "Feature", "properties": { "geogrid_id": "7364844258024864799", "seqnum": 14816.0, "lat_c": -64.844257986564799, "lon_c": -24.864799215800172, "res": 7.0, "count_Birds": 1, "count_Mammals": 0, "count_Molluscs": 0, "count_Mosses": 0, "count_Insects": 0, "count_Sac Fungi": 0, "count_Flowering Plants": 0, "count_Arachnids": 0, "count_Basidiomycota": 0, "count_Amphibians": 0, "unique_species_count": 1.0, "countryCode": "AQ" }, "geometry": { "type": "MultiPolygon", "coordinates": [ [ [ [ -23.602334887485522, -64.149751229071683 ], [ -23.071006333132086, -65.026472341326922 ], [ -24.36369886472632, -65.727502192262506 ], [ -26.19159276921965, -65.527714439093714 ], [ -26.640624218950322, -64.641758043186414 ], [ -25.345893038564043, -63.96422836613656 ], [ -23.602334887485522, -64.149751229071683 ] ] ] ] } },
{ "type": "Feature", "properties": { "geogrid_id": "7364879319011110190", "seqnum": 15008.0, "lat_c": -64.879318603539346, "lon_c": -11.110190114209251, "res": 7.0, "count_Birds": 3, "count_Mammals": 0, "count_Molluscs": 0, "count_Mosses": 0, "count_Insects": 2, "count_Sac Fungi": 0, "count_Flowering Plants": 0, "count_Arachnids": 0, "count_Basidiomycota": 0, "count_Amphibians": 0, "unique_species_count": 5.0, "countryCode": "AQ" }, "geometry": { "type": "MultiPolygon", "coordinates": [ [ [ [ -10.191038466646573, -64.069098575684208 ], [ -9.317855090900302, -64.902017942457022 ], [ -10.246157316379188, -65.722115010495287 ], [ -12.086020097434092, -65.684948735734253 ], [ -12.906316771758203, -64.83641599404217 ], [ -11.941998574560273, -64.040193168089942 ], [ -10.191038466646573, -64.069098575684208 ] ] ] ] } },
{ "type": "Feature", "properties": { "geogrid_id": "7364879319146389810", "seqnum": 14989.0, "lat_c": -64.879318599369896, "lon_c": -146.38980988297294, "res": 7.0, "count_Birds": 1, "count_Mammals": 0, "count_Molluscs": 0, "count_Mosses": 0, "count_Insects": 0, "count_Sac Fungi": 0, "count_Flowering Plants": 0, "count_Arachnids": 0, "count_Basidiomycota": 0, "count_Amphibians": 0, "unique_species_count": 1.0, "countryCode": "AQ" }, "geometry": { "type": "MultiPolygon", "coordinates": [ [ [ [ -145.413979899982138, -65.684948731621461 ], [ -147.253842680791507, -65.72211500626473 ], [ -148.182144906040691, -64.902017938172818 ], [ -147.30896153032603, -64.069098571459136 ], [ -145.558001422637261, -64.040193163979481 ], [ -144.593683225652853, -64.836415989990059 ], [ -145.413979899982138, -65.684948731621461 ] ] ] ] } },
{ "type": "Feature", "properties": { "geogrid_id": "7364887773005755892", "seqnum": 15090.0, "lat_c": -64.887773331324055, "lon_c": -5.7558917975805546, "res": 7.0, "count_Birds": 1, "count_Mammals": 0, "count_Molluscs": 0, "count_Mosses": 0, "count_Insects": 0, "count_Sac Fungi": 0, "count_Flowering Plants": 0, "count_Arachnids": 0, "count_Basidiomycota": 0, "count_Amphibians": 0, "unique_species_count": 1.0, "countryCode": "AQ" }, "geometry": { "type": "MultiPolygon", "coordinates": [ [ [ [ -4.977413437777315, -64.037934223506284 ], [ -3.991740886635367, -64.851455926382073 ], [ -4.772645411488863, -65.712591396591733 ], [ -6.586476583891161, -65.735621523719189 ], [ -7.532160817081966, -64.904741035360246 ], [ -6.706160727662407, -64.067710832467583 ], [ -4.977413437777315, -64.037934223506284 ] ] ] ] } },
{ "type": "Feature", "properties": { "geogrid_id": "7364935424160920300", "seqnum": 15205.0, "lat_c": -64.93542382739993, "lon_c": -160.9202999953938, "res": 7.0, "count_Birds": 1, "count_Mammals": 0, "count_Molluscs": 0, "count_Mosses": 0, "count_Insects": 0, "count_Sac Fungi": 0, "count_Flowering Plants": 0, "count_Arachnids": 0, "count_Basidiomycota": 0, "count_Amphibians": 0, "unique_species_count": 1.0, "countryCode": "AQ" }, "geometry": { "type": "MultiPolygon", "coordinates": [ [ [ [ -160.721023460505648, -65.684293719859198 ], [ -162.808592021930536, -65.386474485729764 ], [ -162.955247839206578, -64.632532353139965 ], [ -161.105708320542647, -64.189445593959192 ], [ -159.071329720659463, -64.469991182994306 ], [ -158.835992743852131, -65.209782257409628 ], [ -160.721023460505648, -65.684293719859198 ] ] ] ] } },
{ "type": "Feature", "properties": { "geogrid_id": "7364935424176579700", "seqnum": 17310.0, "lat_c": -64.935423828314484, "lon_c": -176.57970001703353, "res": 7.0, "count_Birds": 5, "count_Mammals": 2, "count_Molluscs": 1, "count_Mosses": 0, "count_Insects": 0, "count_Sac Fungi": 0, "count_Flowering Plants": 0, "count_Arachnids": 0, "count_Basidiomycota": 0, "count_Amphibians": 0, "unique_species_count": 8.0, "countryCode": "AQ" }, "geometry": { "type": "MultiPolygon", "coordinates": [ [ [ [ -178.664007268983937, -65.209782257995172 ], [ -178.42867029136616, -64.469991183622014 ], [ -176.394291691085783, -64.189445594905735 ], [ -174.544752172773684, -64.632532354371236 ], [ -174.691407990881089, -65.386474486936962 ], [ -176.778976552770075, -65.684293720739049 ], [ -178.664007268983937, -65.209782257995172 ] ] ] ] } },
{ "type": "Feature", "properties": { "geogrid_id": "7364935728056562136", "seqnum": 14513.0, "lat_c": -64.93572784039074, "lon_c": -56.562135838754926, "res": 7.0, "count_Birds": 5, "count_Mammals": 7, "count_Molluscs": 4, "count_Mosses": 0, "count_Insects": 0, "count_Sac Fungi": 0, "count_Flowering Plants": 0, "count_Arachnids": 0, "count_Basidiomycota": 0, "count_Amphibians": 0, "unique_species_count": 16.0, "countryCode": "AQ" }, "geometry": { "type": "MultiPolygon", "coordinates": [ [ [ [ -54.69438059096673, -64.592820620580554 ], [ -55.090919807149916, -65.461520988456371 ], [ -57.023200772008693, -65.798513059087369 ], [ -58.476613760023831, -65.254392017499228 ], [ -57.987347057333338, -64.399085063420856 ], [ -56.13465567129397, -64.073810730136614 ], [ -54.69438059096673, -64.592820620580554 ] ] ] ] } },
{ "type": "Feature", "properties": { "geogrid_id": "7365014191078750000", "seqnum": 14428.0, "lat_c": -65.014190767838244, "lon_c": -78.750000000043698, "res": 7.0, "count_Birds": 1, "count_Mammals": 0, "count_Molluscs": 0, "count_Mosses": 0, "count_Insects": 0, "count_Sac Fungi": 0, "count_Flowering Plants": 0, "count_Arachnids": 0, "count_Basidiomycota": 0, "count_Amphibians": 0, "unique_species_count": 1.0, "countryCode": "AQ" }, "geometry": { "type": "MultiPolygon", "coordinates": [ [ [ [ -76.584821938021918, -64.840890986448258 ], [ -77.633167327622473, -65.601991475085356 ], [ -79.866832672274541, -65.601991474683047 ], [ -80.915178061588264, -64.840890986137396 ], [ -79.811735979064977, -64.236325061242795 ], [ -77.688264020363022, -64.236325061634275 ], [ -76.584821938021918, -64.840890986448258 ] ] ] ] } },
{ "type": "Feature", "properties": { "geogrid_id": "7365015278039775255", "seqnum": 14651.0, "lat_c": -65.015278190006299, "lon_c": -39.775254621069152, "res": 7.0, "count_Birds": 2, "count_Mammals": 1, "count_Molluscs": 0, "count_Mosses": 0, "count_Insects": 0, "count_Sac Fungi": 0, "count_Flowering Plants": 0, "count_Arachnids": 0, "count_Basidiomycota": 0, "count_Amphibians": 0, "unique_species_count": 3.0, "countryCode": "AQ" }, "geometry": { "type": "MultiPolygon", "coordinates": [ [ [ [ -38.180662394792215, -64.472490445792445 ], [ -38.074412426362606, -65.36953293647548 ], [ -39.721714317666525, -65.914035874680735 ], [ -41.432993177632966, -65.540090918920797 ], [ -41.438794540122814, -64.64360489580146 ], [ -39.833509334611762, -64.119763105538212 ], [ -38.180662394792215, -64.472490445792445 ] ] ] ] } },
{ "type": "Feature", "properties": { "geogrid_id": "7365030316069135846", "seqnum": 14456.0, "lat_c": -65.030315782649069, "lon_c": -69.135845899674379, "res": 7.0, "count_Birds": 10, "count_Mammals": 3, "count_Molluscs": 1, "count_Mosses": 0, "count_Insects": 0, "count_Sac Fungi": 0, "count_Flowering Plants": 0, "count_Arachnids": 0, "count_Basidiomycota": 0, "count_Amphibians": 0, "unique_species_count": 14.0, "countryCode": "AQ" }, "geometry": { "type": "MultiPolygon", "coordinates": [ [ [ [ -67.108459729968288, -64.844184104359613 ], [ -67.873260318636056, -65.652002270716793 ], [ -69.964466286813575, -65.825119899422774 ], [ -71.198904241109943, -65.19286341907565 ], [ -70.357004379907963, -64.407331020901552 ], [ -68.355932015790827, -64.231807090808047 ], [ -67.108459729968288, -64.844184104359613 ] ] ] ] } },
{ "type": "Feature", "properties": { "geogrid_id": "7365030316088364154", "seqnum": 14453.0, "lat_c": -65.030315782231952, "lon_c": -88.364154099981008, "res": 7.0, "count_Birds": 4, "count_Mammals": 0, "count_Molluscs": 0, "count_Mosses": 0, "count_Insects": 0, "count_Sac Fungi": 0, "count_Flowering Plants": 0, "count_Arachnids": 0, "count_Basidiomycota": 0, "count_Amphibians": 0, "unique_species_count": 4.0, "countryCode": "AQ" }, "geometry": { "type": "MultiPolygon", "coordinates": [ [ [ [ -86.30109575857287, -65.192863418734092 ], [ -87.535533713072653, -65.825119899016499 ], [ -89.626739681224194, -65.652002270222624 ], [ -90.391540269661832, -64.844184103858353 ], [ -89.144067983645257, -64.231807090383981 ], [ -87.14299561955194, -64.407331020551055 ], [ -86.30109575857287, -65.192863418734092 ] ] ] ] } },
{ "type": "Feature", "properties": { "geogrid_id": "7365059914164843598", "seqnum": 15259.0, "lat_c": -65.059914023614184, "lon_c": -164.84359784706402, "res": 7.0, "count_Birds": 1, "count_Mammals": 1, "count_Molluscs": 1, "count_Mosses": 0, "count_Insects": 0, "count_Sac Fungi": 0, "count_Flowering Plants": 0, "count_Arachnids": 0, "count_Basidiomycota": 0, "count_Amphibians": 0, "unique_species_count": 3.0, "countryCode": "AQ" }, "geometry": { "type": "MultiPolygon", "coordinates": [ [ [ [ -164.740780915246091, -65.82053561894628 ], [ -166.774315812947094, -65.46917309477341 ], [ -166.824462479653789, -64.705502551064939 ], [ -164.939291160368583, -64.301871308142609 ], [ -162.955247839206578, -64.632532353139965 ], [ -162.808592021930536, -65.386474485729764 ], [ -164.740780915246091, -65.82053561894628 ] ] ] ] } },
{ "type": "Feature", "properties": { "geogrid_id": "7365059914172656402", "seqnum": 17282.0, "lat_c": -65.05991402513564, "lon_c": -172.6564021652469, "res": 7.0, "count_Birds": 0, "count_Mammals": 1, "count_Molluscs": 0, "count_Mosses": 0, "count_Insects": 0, "count_Sac Fungi": 0, "count_Flowering Plants": 0, "count_Arachnids": 0, "count_Basidiomycota": 0, "count_Amphibians": 0, "unique_species_count": 1.0, "countryCode": "AQ" }, "geometry": { "type": "MultiPolygon", "coordinates": [ [ [ [ -174.691407990881089, -65.386474486936962 ], [ -174.544752172773684, -64.632532354371236 ], [ -172.56070885113192, -64.301871309677878 ], [ -170.6755375321261, -64.705502552887182 ], [ -170.72568419966754, -65.469173096590893 ], [ -172.759219097926206, -65.820535620452489 ], [ -174.691407990881089, -65.386474486936962 ] ] ] ] } },
{ "type": "Feature", "properties": { "geogrid_id": "7365090030168750000", "seqnum": 17255.0, "lat_c": -65.090030158489625, "lon_c": -168.75000000533987, "res": 7.0, "count_Birds": 1, "count_Mammals": 0, "count_Molluscs": 0, "count_Mosses": 0, "count_Insects": 0, "count_Sac Fungi": 0, "count_Flowering Plants": 0, "count_Arachnids": 0, "count_Basidiomycota": 0, "count_Amphibians": 0, "unique_species_count": 1.0, "countryCode": "AQ" }, "geometry": { "type": "MultiPolygon", "coordinates": [ [ [ [ -170.72568419966754, -65.469173096590893 ], [ -170.6755375321261, -64.705502552887182 ], [ -168.750000004945463, -64.324170406386941 ], [ -166.824462479653789, -64.705502551064939 ], [ -166.774315812947094, -65.46917309477341 ], [ -168.750000005758352, -65.858076598260453 ], [ -170.72568419966754, -65.469173096590893 ] ] ] ] } },
{ "type": "Feature", "properties": { "geogrid_id": "7365100202053208984", "seqnum": 14540.0, "lat_c": -65.100201593943524, "lon_c": -53.208983868363497, "res": 7.0, "count_Birds": 1, "count_Mammals": 3, "count_Molluscs": 0, "count_Mosses": 0, "count_Insects": 0, "count_Sac Fungi": 0, "count_Flowering Plants": 0, "count_Arachnids": 0, "count_Basidiomycota": 0, "count_Amphibians": 0, "unique_species_count": 4.0, "countryCode": "AQ" }, "geometry": { "type": "MultiPolygon", "coordinates": [ [ [ [ -51.378390756323881, -64.715516512388916 ], [ -51.677665300906433, -65.595067645031207 ], [ -53.572745537489475, -65.975526480417287 ], [ -55.090919807149916, -65.461520988456371 ], [ -54.69438059096673, -64.592820620580554 ], [ -52.874451706001956, -64.226544673296516 ], [ -51.378390756323881, -64.715516512388916 ] ] ] ] } },
{ "type": "Feature", "properties": { "geogrid_id": "7365148980043104291", "seqnum": 14623.0, "lat_c": -65.148980190034123, "lon_c": -43.104290540724797, "res": 7.0, "count_Birds": 4, "count_Mammals": 0, "count_Molluscs": 0, "count_Mosses": 0, "count_Insects": 0, "count_Sac Fungi": 0, "count_Flowering Plants": 0, "count_Arachnids": 0, "count_Basidiomycota": 0, "count_Amphibians": 0, "unique_species_count": 4.0, "countryCode": "AQ" }, "geometry": { "type": "MultiPolygon", "coordinates": [ [ [ [ -41.438794540122814, -64.64360489580146 ], [ -41.432993177632966, -65.540090918920797 ], [ -43.155768758323454, -66.045864205784042 ], [ -44.831424103601108, -65.63485275739049 ], [ -44.73497780819946, -64.741420172242499 ], [ -43.064235872928123, -64.255184611664944 ], [ -41.438794540122814, -64.64360489580146 ] ] ] ] } },
{ "type": "Feature", "properties": { "geogrid_id": "7365191332049837789", "seqnum": 14568.0, "lat_c": -65.191331732324713, "lon_c": -49.837788762553814, "res": 7.0, "count_Birds": 0, "count_Mammals": 2, "count_Molluscs": 0, "count_Mosses": 0, "count_Insects": 0, "count_Sac Fungi": 0, "count_Flowering Plants": 0, "count_Arachnids": 0, "count_Basidiomycota": 0, "count_Amphibians": 0, "unique_species_count": 2.0, "countryCode": "AQ" }, "geometry": { "type": "MultiPolygon", "coordinates": [ [ [ [ -48.053473390549556, -64.76535183547071 ], [ -48.25219305966975, -65.653151020963421 ], [ -50.099785083526022, -66.076534093726494 ], [ -51.677665300906433, -65.595067645031207 ], [ -51.378390756323881, -64.715516512388916 ], [ -49.599739580155784, -64.308431159824821 ], [ -48.053473390549556, -64.76535183547071 ] ] ] ] } },
{ "type": "Feature", "properties": { "geogrid_id": "7365207756046464052", "seqnum": 14596.0, "lat_c": -65.207755779270073, "lon_c": -46.464052421472687, "res": 7.0, "count_Birds": 1, "count_Mammals": 0, "count_Molluscs": 0, "count_Mosses": 0, "count_Insects": 0, "count_Sac Fungi": 0, "count_Flowering Plants": 0, "count_Arachnids": 0, "count_Basidiomycota": 0, "count_Amphibians": 0, "unique_species_count": 1.0, "countryCode": "AQ" }, "geometry": { "type": "MultiPolygon", "coordinates": [ [ [ [ -44.73497780819946, -64.741420172242499 ], [ -44.831424103601108, -65.63485275739049 ], [ -46.621350837542344, -66.100140906394628 ], [ -48.25219305966975, -65.653151020963421 ], [ -48.053473390549556, -64.76535183547071 ], [ -46.324681728963149, -64.318145809433474 ], [ -44.73497780819946, -64.741420172242499 ] ] ] ] } },
{ "type": "Feature", "properties": { "geogrid_id": "7365207756111035948", "seqnum": 14586.0, "lat_c": -65.207755777540626, "lon_c": -111.03594757837325, "res": 7.0, "count_Birds": 1, "count_Mammals": 0, "count_Molluscs": 0, "count_Mosses": 0, "count_Insects": 0, "count_Sac Fungi": 0, "count_Flowering Plants": 0, "count_Arachnids": 0, "count_Basidiomycota": 0, "count_Amphibians": 0, "unique_species_count": 1.0, "countryCode": "AQ" }, "geometry": { "type": "MultiPolygon", "coordinates": [ [ [ [ -109.247806940323258, -65.653151019333038 ], [ -110.878649162553359, -66.100140904637755 ], [ -112.66857589632771, -65.634852755533899 ], [ -112.765022191496669, -64.741420170416177 ], [ -111.175318270656277, -64.318145807731966 ], [ -109.446526609202408, -64.765351833865424 ], [ -109.247806940323258, -65.653151019333038 ] ] ] ] } },
{ "type": "Feature", "properties": { "geogrid_id": "7365307463027998857", "seqnum": 14788.0, "lat_c": -65.307462575065102, "lon_c": -27.998856644995957, "res": 7.0, "count_Birds": 1, "count_Mammals": 0, "count_Molluscs": 0, "count_Mosses": 0, "count_Insects": 0, "count_Sac Fungi": 0, "count_Flowering Plants": 0, "count_Arachnids": 0, "count_Basidiomycota": 0, "count_Amphibians": 0, "unique_species_count": 1.0, "countryCode": "AQ" }, "geometry": { "type": "MultiPolygon", "coordinates": [ [ [ [ -26.640624218950322, -64.641758043186414 ], [ -26.19159276921965, -65.527714439093714 ], [ -27.587515150409708, -66.199314418009706 ], [ -29.424935118358576, -65.960504605463882 ], [ -29.783015218266382, -65.067080675926263 ], [ -28.396060370577516, -64.419264784172157 ], [ -26.640624218950322, -64.641758043186414 ] ] ] ] } },
{ "type": "Feature", "properties": { "geogrid_id": "7365329163019440070", "seqnum": 14898.0, "lat_c": -65.329163247597677, "lon_c": -19.440069615103187, "res": 7.0, "count_Birds": 7, "count_Mammals": 0, "count_Molluscs": 0, "count_Mosses": 0, "count_Insects": 0, "count_Sac Fungi": 0, "count_Flowering Plants": 0, "count_Arachnids": 0, "count_Basidiomycota": 0, "count_Amphibians": 0, "unique_species_count": 7.0, "countryCode": "AQ" }, "geometry": { "type": "MultiPolygon", "coordinates": [ [ [ [ -18.288593853365732, -64.585133500894599 ], [ -17.608571108380108, -65.449353133790424 ], [ -18.784004114313031, -66.201651199794512 ], [ -20.656948788919664, -66.064648873883684 ], [ -21.261844409788122, -65.188165749236632 ], [ -20.071120883629042, -64.460373802759705 ], [ -18.288593853365732, -64.585133500894599 ] ] ] ] } },
{ "type": "Feature", "properties": { "geogrid_id": "7365452973065818304", "seqnum": 14484.0, "lat_c": -65.452972694389985, "lon_c": -65.818304440606482, "res": 7.0, "count_Birds": 21, "count_Mammals": 11, "count_Molluscs": 16, "count_Mosses": 13, "count_Insects": 2, "count_Sac Fungi": 8, "count_Flowering Plants": 1, "count_Arachnids": 13, "count_Basidiomycota": 0, "count_Amphibians": 0, "unique_species_count": 85.0, "countryCode": "AQ" }, "geometry": { "type": "MultiPolygon", "coordinates": [ [ [ [ -63.800643762658169, -65.227810456287131 ], [ -64.4844100899046, -66.056781873150996 ], [ -66.568550135351487, -66.270727121586177 ], [ -67.873260318636056, -65.652002270716793 ], [ -67.108459729968288, -64.844184104359613 ], [ -65.116867635001981, -64.633389027532061 ], [ -63.800643762658169, -65.227810456287131 ] ] ] ] } },
{ "type": "Feature", "properties": { "geogrid_id": "7365452973091681696", "seqnum": 14480.0, "lat_c": -65.452972693803403, "lon_c": -91.681695559225147, "res": 7.0, "count_Birds": 4, "count_Mammals": 0, "count_Molluscs": 0, "count_Mosses": 0, "count_Insects": 0, "count_Sac Fungi": 0, "count_Flowering Plants": 0, "count_Arachnids": 0, "count_Basidiomycota": 0, "count_Amphibians": 0, "unique_species_count": 4.0, "countryCode": "AQ" }, "geometry": { "type": "MultiPolygon", "coordinates": [ [ [ [ -89.626739681224194, -65.652002270222624 ], [ -90.931449864724584, -66.270727121005777 ], [ -93.01558991013674, -66.05678187247176 ], [ -93.699356237138531, -65.227810455605947 ], [ -92.383132364599959, -64.633389026942311 ], [ -90.391540269661832, -64.844184103858353 ], [ -89.626739681224194, -65.652002270222624 ] ] ] ] } },
{ "type": "Feature", "properties": { "geogrid_id": "7365463657075441054", "seqnum": 14455.0, "lat_c": -65.463656891292459, "lon_c": -75.441053990242182, "res": 7.0, "count_Birds": 8, "count_Mammals": 0, "count_Molluscs": 1, "count_Mosses": 0, "count_Insects": 0, "count_Sac Fungi": 0, "count_Flowering Plants": 0, "count_Arachnids": 0, "count_Basidiomycota": 0, "count_Amphibians": 0, "unique_species_count": 9.0, "countryCode": "AQ" }, "geometry": { "type": "MultiPolygon", "coordinates": [ [ [ [ -73.299143927704833, -65.33475457018055 ], [ -74.259125748607119, -66.101053856852275 ], [ -76.473784872063959, -66.219428068638663 ], [ -77.633167327622473, -65.601991475085356 ], [ -76.584821938021918, -64.840890986448258 ], [ -74.467722549899406, -64.702615179644553 ], [ -73.299143927704833, -65.33475457018055 ] ] ] ] } },
{ "type": "Feature", "properties": { "geogrid_id": "7365463657082058946", "seqnum": 14454.0, "lat_c": -65.463656891019227, "lon_c": -82.058946009545764, "res": 7.0, "count_Birds": 4, "count_Mammals": 0, "count_Molluscs": 0, "count_Mosses": 0, "count_Insects": 0, "count_Sac Fungi": 0, "count_Flowering Plants": 0, "count_Arachnids": 0, "count_Basidiomycota": 0, "count_Amphibians": 0, "unique_species_count": 4.0, "countryCode": "AQ" }, "geometry": { "type": "MultiPolygon", "coordinates": [ [ [ [ -79.866832672274541, -65.601991474683047 ], [ -81.026215128004722, -66.219428068341742 ], [ -83.240874251361348, -66.101053856577749 ], [ -84.200856072016876, -65.334754569896091 ], [ -83.032277449636723, -64.702615179381468 ], [ -80.915178061588264, -64.840890986137396 ], [ -79.866832672274541, -65.601991474683047 ] ] ] ] } },
{ "type": "Feature", "properties": { "geogrid_id": "7365627192013928456", "seqnum": 14980.0, "lat_c": -65.627191713019855, "lon_c": -13.928455728110469, "res": 7.0, "count_Birds": 3, "count_Mammals": 0, "count_Molluscs": 0, "count_Mosses": 0, "count_Insects": 0, "count_Sac Fungi": 0, "count_Flowering Plants": 0, "count_Arachnids": 0, "count_Basidiomycota": 0, "count_Amphibians": 0, "unique_species_count": 3.0, "countryCode": "AQ" }, "geometry": { "type": "MultiPolygon", "coordinates": [ [ [ [ -12.906316771758203, -64.83641599404217 ], [ -12.086020097434092, -65.684948735734253 ], [ -13.12516534337238, -66.48568787880393 ], [ -15.014805005990038, -66.412138560372 ], [ -15.770343357018186, -65.548689121413318 ], [ -14.70335000283251, -64.773143609081075 ], [ -12.906316771758203, -64.83641599404217 ] ] ] ] } },
{ "type": "Feature", "properties": { "geogrid_id": "7365670223002973300", "seqnum": 15144.0, "lat_c": -65.670223385889045, "lon_c": -2.9732998376671231, "res": 7.0, "count_Birds": 1, "count_Mammals": 0, "count_Molluscs": 0, "count_Mosses": 0, "count_Insects": 0, "count_Sac Fungi": 0, "count_Flowering Plants": 0, "count_Arachnids": 0, "count_Basidiomycota": 0, "count_Amphibians": 0, "unique_species_count": 1.0, "countryCode": "AQ" }, "geometry": { "type": "MultiPolygon", "coordinates": [ [ [ [ -2.242284507309108, -64.796182172965544 ], [ -0.795871305685331, -65.454915898533599 ], [ -1.103645427855698, -66.190445079060154 ], [ -3.335889066627852, -66.397347755424292 ], [ -4.772645411488863, -65.712591396591733 ], [ -3.991740886635367, -64.851455926382073 ], [ -2.242284507309108, -64.796182172965544 ] ] ] ] } },
{ "type": "Feature", "properties": { "geogrid_id": "7365670223154526700", "seqnum": 15124.0, "lat_c": -65.67022338187499, "lon_c": -154.52670015269982, "res": 7.0, "count_Birds": 1, "count_Mammals": 0, "count_Molluscs": 0, "count_Mosses": 0, "count_Insects": 0, "count_Sac Fungi": 0, "count_Flowering Plants": 0, "count_Arachnids": 0, "count_Basidiomycota": 0, "count_Amphibians": 0, "unique_species_count": 1.0, "countryCode": "AQ" }, "geometry": { "type": "MultiPolygon", "coordinates": [ [ [ [ -154.164110923001147, -66.397347753112129 ], [ -156.396354561537692, -66.190445076798298 ], [ -156.704128683636014, -65.454915896286636 ], [ -155.257715488570597, -64.796182168251391 ], [ -153.508259109521219, -64.851455921770821 ], [ -152.727354584876537, -65.71259139202499 ], [ -154.164110923001147, -66.397347753112129 ] ] ] ] } },
{ "type": "Feature", "properties": { "geogrid_id": "7365701470031236331", "seqnum": 14761.0, "lat_c": -65.701470333619341, "lon_c": -31.236330858471181, "res": 7.0, "count_Birds": 1, "count_Mammals": 1, "count_Molluscs": 0, "count_Mosses": 0, "count_Insects": 0, "count_Sac Fungi": 0, "count_Flowering Plants": 0, "count_Arachnids": 0, "count_Basidiomycota": 0, "count_Amphibians": 0, "unique_species_count": 2.0, "countryCode": "AQ" }, "geometry": { "type": "MultiPolygon", "coordinates": [ [ [ [ -29.783015218266382, -65.067080675926263 ], [ -29.424935118358576, -65.960504605463882 ], [ -30.923481343984029, -66.599960752356225 ], [ -32.760086236808164, -66.321491383726013 ], [ -33.019452010276602, -65.42264578877618 ], [ -31.541818096440917, -64.806957323568781 ], [ -29.783015218266382, -65.067080675926263 ] ] ] ] } },
{ "type": "Feature", "properties": { "geogrid_id": "7365738911008411963", "seqnum": 15062.0, "lat_c": -65.738911152056616, "lon_c": -8.4119634340339431, "res": 7.0, "count_Birds": 1, "count_Mammals": 0, "count_Molluscs": 0, "count_Mosses": 0, "count_Insects": 0, "count_Sac Fungi": 0, "count_Flowering Plants": 0, "count_Arachnids": 0, "count_Basidiomycota": 0, "count_Amphibians": 0, "unique_species_count": 1.0, "countryCode": "AQ" }, "geometry": { "type": "MultiPolygon", "coordinates": [ [ [ [ -7.532160817081966, -64.904741035360246 ], [ -6.586476583891161, -65.735621523719189 ], [ -7.476370203426453, -66.58145707468671 ], [ -9.352612625262127, -66.570100312848282 ], [ -10.246157316379188, -65.722115010495287 ], [ -9.317855090900302, -64.902017942457022 ], [ -7.532160817081966, -64.904741035360246 ] ] ] ] } },
{ "type": "Feature", "properties": { "geogrid_id": "7365738911149088037", "seqnum": 15043.0, "lat_c": -65.73891114771105, "lon_c": -149.08803656287878, "res": 7.0, "count_Birds": 1, "count_Mammals": 0, "count_Molluscs": 0, "count_Mosses": 0, "count_Insects": 0, "count_Sac Fungi": 0, "count_Flowering Plants": 0, "count_Arachnids": 0, "count_Basidiomycota": 0, "count_Amphibians": 0, "unique_species_count": 1.0, "countryCode": "AQ" }, "geometry": { "type": "MultiPolygon", "coordinates": [ [ [ [ -148.147387371905438, -66.570100308554004 ], [ -150.023629793466114, -66.581457070276926 ], [ -150.913523412752625, -65.735621519261514 ], [ -149.967839179606756, -64.904741030964075 ], [ -148.182144906040691, -64.902017938172818 ], [ -147.253842680791507, -65.72211500626473 ], [ -148.147387371905438, -66.570100308554004 ] ] ] ] } },
{ "type": "Feature", "properties": { "geogrid_id": "7365815670062439639", "seqnum": 14512.0, "lat_c": -65.815670144605122, "lon_c": -62.439639064527732, "res": 7.0, "count_Birds": 1, "count_Mammals": 1, "count_Molluscs": 0, "count_Mosses": 2, "count_Insects": 0, "count_Sac Fungi": 0, "count_Flowering Plants": 0, "count_Arachnids": 0, "count_Basidiomycota": 0, "count_Amphibians": 0, "unique_species_count": 4.0, "countryCode": "AQ" }, "geometry": { "type": "MultiPolygon", "coordinates": [ [ [ [ -60.436368889718665, -65.547970045643311 ], [ -61.032697834212236, -66.395759007935951 ], [ -63.105814368977072, -66.6542255012113 ], [ -64.4844100899046, -66.056781873150996 ], [ -63.800643762658169, -65.227810456287131 ], [ -61.821829672271427, -64.976759133518684 ], [ -60.436368889718665, -65.547970045643311 ] ] ] ] } },
{ "type": "Feature", "properties": { "geogrid_id": "7365906551022517860", "seqnum": 14870.0, "lat_c": -65.906550896226491, "lon_c": -22.517859623525933, "res": 7.0, "count_Birds": 2, "count_Mammals": 0, "count_Molluscs": 0, "count_Mosses": 0, "count_Insects": 1, "count_Sac Fungi": 0, "count_Flowering Plants": 0, "count_Arachnids": 0, "count_Basidiomycota": 0, "count_Amphibians": 0, "unique_species_count": 3.0, "countryCode": "AQ" }, "geometry": { "type": "MultiPolygon", "coordinates": [ [ [ [ -21.261844409788122, -65.188165749236632 ], [ -20.656948788919664, -66.064648873883684 ], [ -21.94539053006692, -66.790924362349955 ], [ -23.844878647114513, -66.614808486501886 ], [ -24.36369886472632, -65.727502192262506 ], [ -23.071006333132086, -65.026472341326922 ], [ -21.261844409788122, -65.188165749236632 ] ] ] ] } },
{ "type": "Feature", "properties": { "geogrid_id": "7365952538158582847", "seqnum": 15178.0, "lat_c": -65.952537524539778, "lon_c": -158.58284683046924, "res": 7.0, "count_Birds": 0, "count_Mammals": 0, "count_Molluscs": 1, "count_Mosses": 0, "count_Insects": 0, "count_Sac Fungi": 0, "count_Flowering Plants": 0, "count_Arachnids": 0, "count_Basidiomycota": 0, "count_Amphibians": 0, "unique_species_count": 1.0, "countryCode": "AQ" }, "geometry": { "type": "MultiPolygon", "coordinates": [ [ [ [ -158.310129396761226, -66.698110276612439 ], [ -160.506512196342584, -66.435938955726797 ], [ -160.721023460505648, -65.684293719859198 ], [ -158.835992743852131, -65.209782257409628 ], [ -156.704128683636014, -65.454915896286636 ], [ -156.396354561537692, -66.190445076798298 ], [ -158.310129396761226, -66.698110276612439 ] ] ] ] } },
{ "type": "Feature", "properties": { "geogrid_id": "7365952538178917153", "seqnum": 17283.0, "lat_c": -65.952537525079677, "lon_c": -178.91715318322761, "res": 7.0, "count_Birds": 4, "count_Mammals": 1, "count_Molluscs": 1, "count_Mosses": 0, "count_Insects": 0, "count_Sac Fungi": 0, "count_Flowering Plants": 0, "count_Arachnids": 0, "count_Basidiomycota": 0, "count_Amphibians": 0, "unique_species_count": 6.0, "countryCode": "AQ" }, "geometry": { "type": "MultiPolygon", "coordinates": [ [ [ [ 178.896354547468917, -66.190445076986293 ], [ 179.204128670435125, -65.454915896531404 ], [ 180.0, -65.363402165224471 ], [ 180.0, -66.483208039150924 ], [ 178.896354547468917, -66.190445076986293 ] ] ], [ [ [ -178.664007268983937, -65.209782257995172 ], [ -176.778976552770075, -65.684293720739049 ], [ -176.993487817835899, -66.435938956568933 ], [ -179.189870617851568, -66.698110277102828 ], [ -180.0, -66.483208039150924 ], [ -180.0, -65.363402165224471 ], [ -178.664007268983937, -65.209782257995172 ] ] ] ] } },
{ "type": "Feature", "properties": { "geogrid_id": "7365973548072092121", "seqnum": 14483.0, "lat_c": -65.973547715328493, "lon_c": -72.092121107484374, "res": 7.0, "count_Birds": 3, "count_Mammals": 5, "count_Molluscs": 1, "count_Mosses": 0, "count_Insects": 0, "count_Sac Fungi": 0, "count_Flowering Plants": 0, "count_Arachnids": 0, "count_Basidiomycota": 0, "count_Amphibians": 0, "unique_species_count": 9.0, "countryCode": "AQ" }, "geometry": { "type": "MultiPolygon", "coordinates": [ [ [ [ -69.964466286813575, -65.825119899422774 ], [ -70.84770442853376, -66.616212167389108 ], [ -73.042033337699479, -66.749157238879576 ], [ -74.259125748607119, -66.101053856852275 ], [ -73.299143927704833, -65.33475457018055 ], [ -71.198904241109943, -65.19286341907565 ], [ -69.964466286813575, -65.825119899422774 ] ] ] ] } },
{ "type": "Feature", "properties": { "geogrid_id": "7365973548085407879", "seqnum": 14481.0, "lat_c": -65.973547715000308, "lon_c": -85.407878892432805, "res": 7.0, "count_Birds": 4, "count_Mammals": 0, "count_Molluscs": 1, "count_Mosses": 0, "count_Insects": 0, "count_Sac Fungi": 0, "count_Flowering Plants": 0, "count_Arachnids": 0, "count_Basidiomycota": 0, "count_Amphibians": 0, "unique_species_count": 5.0, "countryCode": "AQ" }, "geometry": { "type": "MultiPolygon", "coordinates": [ [ [ [ -83.240874251361348, -66.101053856577749 ], [ -84.457966662461743, -66.749157238570348 ], [ -86.652295571593953, -66.616212166998167 ], [ -87.535533713072653, -65.825119899016499 ], [ -86.30109575857287, -65.192863418734092 ], [ -84.200856072016876, -65.334754569896091 ], [ -83.240874251361348, -66.101053856577749 ] ] ] ] } },
{ "type": "Feature", "properties": { "geogrid_id": "7366023235034565344", "seqnum": 14733.0, "lat_c": -66.02323484385893, "lon_c": -34.565343734052774, "res": 7.0, "count_Birds": 5, "count_Mammals": 0, "count_Molluscs": 0, "count_Mosses": 0, "count_Insects": 0, "count_Sac Fungi": 0, "count_Flowering Plants": 0, "count_Arachnids": 0, "count_Basidiomycota": 0, "count_Amphibians": 0, "unique_species_count": 5.0, "countryCode": "AQ" }, "geometry": { "type": "MultiPolygon", "coordinates": [ [ [ [ -33.019452010276602, -65.42264578877618 ], [ -32.760086236808164, -66.321491383726013 ], [ -34.358531793380962, -66.92611383070934 ], [ -36.183127898665781, -66.607690347700171 ], [ -36.337328877355276, -65.705723238201756 ], [ -34.772313980369255, -65.124515366233382 ], [ -33.019452010276602, -65.42264578877618 ] ] ] ] } },
{ "type": "Feature", "properties": { "geogrid_id": "7366110231059004409", "seqnum": 14539.0, "lat_c": -66.110231445601514, "lon_c": -59.004408543924654, "res": 7.0, "count_Birds": 1, "count_Mammals": 1, "count_Molluscs": 0, "count_Mosses": 0, "count_Insects": 0, "count_Sac Fungi": 0, "count_Flowering Plants": 0, "count_Arachnids": 0, "count_Basidiomycota": 0, "count_Amphibians": 0, "unique_species_count": 2.0, "countryCode": "AQ" }, "geometry": { "type": "MultiPolygon", "coordinates": [ [ [ [ -57.023200772008693, -65.798513059087369 ], [ -57.524836704570689, -66.662458916682937 ], [ -59.578763357967013, -66.966877358754104 ], [ -61.032697834212236, -66.395759007935951 ], [ -60.436368889718665, -65.547970045643311 ], [ -58.476613760023831, -65.254392017499228 ], [ -57.023200772008693, -65.798513059087369 ] ] ] ] } },
{ "type": "Feature", "properties": { "geogrid_id": "7366235207166720405", "seqnum": 15287.0, "lat_c": -66.235206616530917, "lon_c": -166.72040517172547, "res": 7.0, "count_Birds": 3, "count_Mammals": 0, "count_Molluscs": 3, "count_Mosses": 0, "count_Insects": 0, "count_Sac Fungi": 0, "count_Flowering Plants": 0, "count_Arachnids": 0, "count_Basidiomycota": 0, "count_Amphibians": 0, "unique_species_count": 6.0, "countryCode": "AQ" }, "geometry": { "type": "MultiPolygon", "coordinates": [ [ [ [ -166.662345046920564, -67.003537456210324 ], [ -168.750000007592433, -66.628252383865714 ], [ -168.750000007126772, -65.858076596140975 ], [ -166.774315812947094, -65.46917309477341 ], [ -164.740780915246091, -65.82053561894628 ], [ -164.63012661008139, -66.583658684507455 ], [ -166.662345046920564, -67.003537456210324 ] ] ] ] } },
{ "type": "Feature", "properties": { "geogrid_id": "7366235207170779595", "seqnum": 17228.0, "lat_c": -66.235206618342829, "lon_c": -170.7795948417772, "res": 7.0, "count_Birds": 1, "count_Mammals": 0, "count_Molluscs": 0, "count_Mosses": 0, "count_Insects": 0, "count_Sac Fungi": 0, "count_Flowering Plants": 0, "count_Arachnids": 0, "count_Basidiomycota": 0, "count_Amphibians": 0, "unique_species_count": 1.0, "countryCode": "AQ" }, "geometry": { "type": "MultiPolygon", "coordinates": [ [ [ [ -172.869873404008359, -66.583658685996852 ], [ -172.759219097926206, -65.820535620452489 ], [ -170.72568419966754, -65.469173096590893 ], [ -168.750000005758352, -65.858076598260453 ], [ -168.750000006203436, -66.628252385990152 ], [ -170.83765496752909, -67.003537458015828 ], [ -172.869873404008359, -66.583658685996852 ] ] ] ] } },
{ "type": "Feature", "properties": { "geogrid_id": "7366270123037971359", "seqnum": 14705.0, "lat_c": -66.270122884465977, "lon_c": -37.97135908944292, "res": 7.0, "count_Birds": 3, "count_Mammals": 0, "count_Molluscs": 0, "count_Mosses": 0, "count_Insects": 0, "count_Sac Fungi": 0, "count_Flowering Plants": 0, "count_Arachnids": 0, "count_Basidiomycota": 0, "count_Amphibians": 0, "unique_species_count": 3.0, "countryCode": "AQ" }, "geometry": { "type": "MultiPolygon", "coordinates": [ [ [ [ -36.337328877355276, -65.705723238201756 ], [ -36.183127898665781, -66.607690347700171 ], [ -37.876483731090623, -67.174893498638781 ], [ -39.677420180790968, -66.816608020616286 ], [ -39.721714317666525, -65.914035874680735 ], [ -38.074412426362606, -65.36953293647548 ], [ -36.337328877355276, -65.705723238201756 ] ] ] ] } },
{ "type": "Feature", "properties": { "geogrid_id": "7366317482016902198", "seqnum": 14952.0, "lat_c": -66.317482442380012, "lon_c": -16.902198081126262, "res": 7.0, "count_Birds": 4, "count_Mammals": 0, "count_Molluscs": 0, "count_Mosses": 0, "count_Insects": 0, "count_Sac Fungi": 0, "count_Flowering Plants": 0, "count_Arachnids": 0, "count_Basidiomycota": 0, "count_Amphibians": 0, "unique_species_count": 4.0, "countryCode": "AQ" }, "geometry": { "type": "MultiPolygon", "coordinates": [ [ [ [ -15.770343357018186, -65.548689121413318 ], [ -15.014805005990038, -66.412138560372 ], [ -16.172766135337849, -67.190804669831593 ], [ -18.105922783183395, -67.078991933223065 ], [ -18.784004114313031, -66.201651199794512 ], [ -17.608571108380108, -65.449353133790424 ], [ -15.770343357018186, -65.548689121413318 ] ] ] ] } },
{ "type": "Feature", "properties": { "geogrid_id": "7366331669055522230", "seqnum": 14567.0, "lat_c": -66.331668746304373, "lon_c": -55.522230351519788, "res": 7.0, "count_Birds": 1, "count_Mammals": 0, "count_Molluscs": 0, "count_Mosses": 0, "count_Insects": 0, "count_Sac Fungi": 0, "count_Flowering Plants": 0, "count_Arachnids": 0, "count_Basidiomycota": 0, "count_Amphibians": 0, "unique_species_count": 1.0, "countryCode": "AQ" }, "geometry": { "type": "MultiPolygon", "coordinates": [ [ [ [ -53.572745537489475, -65.975526480417287 ], [ -53.972771613185238, -66.852862645931367 ], [ -55.996666714028756, -67.20357794582722 ], [ -57.524836704570689, -66.662458916682937 ], [ -57.023200772008693, -65.798513059087369 ], [ -55.090919807149916, -65.461520988456371 ], [ -53.572745537489475, -65.975526480417287 ] ] ] ] } },
{ "type": "Feature", "properties": { "geogrid_id": "7366374728078750000", "seqnum": 14482.0, "lat_c": -66.374727516576087, "lon_c": -78.750000000244, "res": 7.0, "count_Birds": 7, "count_Mammals": 0, "count_Molluscs": 1, "count_Mosses": 0, "count_Insects": 0, "count_Sac Fungi": 0, "count_Flowering Plants": 0, "count_Arachnids": 0, "count_Basidiomycota": 0, "count_Amphibians": 0, "unique_species_count": 8.0, "countryCode": "AQ" }, "geometry": { "type": "MultiPolygon", "coordinates": [ [ [ [ -76.473784872063959, -66.219428068638663 ], [ -77.573017530893708, -66.971902108559206 ], [ -79.926982469502931, -66.97190210819204 ], [ -81.026215128004722, -66.219428068341742 ], [ -79.866832672274541, -65.601991474683047 ], [ -77.633167327622473, -65.601991475085356 ], [ -76.473784872063959, -66.219428068638663 ] ] ] ] } },
{ "type": "Feature", "properties": { "geogrid_id": "7366417521025726579", "seqnum": 14843.0, "lat_c": -66.417521437244829, "lon_c": -25.726578997523937, "res": 7.0, "count_Birds": 1, "count_Mammals": 0, "count_Molluscs": 0, "count_Mosses": 0, "count_Insects": 0, "count_Sac Fungi": 0, "count_Flowering Plants": 0, "count_Arachnids": 0, "count_Basidiomycota": 0, "count_Amphibians": 0, "unique_species_count": 1.0, "countryCode": "AQ" }, "geometry": { "type": "MultiPolygon", "coordinates": [ [ [ [ -24.36369886472632, -65.727502192262506 ], [ -23.844878647114513, -66.614808486501886 ], [ -25.24924866233544, -67.31212218358246 ], [ -27.165408353773856, -67.095669172317855 ], [ -27.587515150409708, -66.199314418009706 ], [ -26.19159276921965, -65.527714439093714 ], [ -24.36369886472632, -65.727502192262506 ] ] ] ] } },
{ "type": "Feature", "properties": { "geogrid_id": "7366440029041437526", "seqnum": 14678.0, "lat_c": -66.440028713097277, "lon_c": -41.437526009895102, "res": 7.0, "count_Birds": 1, "count_Mammals": 0, "count_Molluscs": 0, "count_Mosses": 0, "count_Insects": 0, "count_Sac Fungi": 0, "count_Flowering Plants": 0, "count_Arachnids": 0, "count_Basidiomycota": 0, "count_Amphibians": 0, "unique_species_count": 1.0, "countryCode": "AQ" }, "geometry": { "type": "MultiPolygon", "coordinates": [ [ [ [ -39.721714317666525, -65.914035874680735 ], [ -39.677420180790968, -66.816608020616286 ], [ -41.458432560904718, -67.343995724127169 ], [ -43.224091182441725, -66.946358277621954 ], [ -43.155768758323454, -66.045864205784042 ], [ -41.432993177632966, -65.540090918920797 ], [ -39.721714317666525, -65.914035874680735 ] ] ] ] } },
{ "type": "Feature", "properties": { "geogrid_id": "7366457161068690077", "seqnum": 14511.0, "lat_c": -66.457161367818344, "lon_c": -68.690077073664355, "res": 7.0, "count_Birds": 17, "count_Mammals": 9, "count_Molluscs": 4, "count_Mosses": 0, "count_Insects": 0, "count_Sac Fungi": 0, "count_Flowering Plants": 0, "count_Arachnids": 0, "count_Basidiomycota": 0, "count_Amphibians": 0, "unique_species_count": 30.0, "countryCode": "AQ" }, "geometry": { "type": "MultiPolygon", "coordinates": [ [ [ [ -66.568550135351487, -66.270727121586177 ], [ -67.375909684541, -67.086891972307129 ], [ -69.567364150236926, -67.259911409829016 ], [ -70.84770442853376, -66.616212167389108 ], [ -69.964466286813575, -65.825119899422774 ], [ -67.873260318636056, -65.652002270716793 ], [ -66.568550135351487, -66.270727121586177 ] ] ] ] } },
{ "type": "Feature", "properties": { "geogrid_id": "7366457161088809923", "seqnum": 14508.0, "lat_c": -66.457161367334848, "lon_c": -88.809922926438844, "res": 7.0, "count_Birds": 6, "count_Mammals": 0, "count_Molluscs": 1, "count_Mosses": 0, "count_Insects": 0, "count_Sac Fungi": 0, "count_Flowering Plants": 0, "count_Arachnids": 0, "count_Basidiomycota": 0, "count_Amphibians": 0, "unique_species_count": 7.0, "countryCode": "AQ" }, "geometry": { "type": "MultiPolygon", "coordinates": [ [ [ [ -86.652295571593953, -66.616212166998167 ], [ -87.932635850122466, -67.259911409359901 ], [ -90.124090315796053, -67.086891971735966 ], [ -90.931449864724584, -66.270727121005777 ], [ -89.626739681224194, -65.652002270222624 ], [ -87.535533713072653, -65.825119899016499 ], [ -86.652295571593953, -66.616212166998167 ] ] ] ] } },
{ "type": "Feature", "properties": { "geogrid_id": "7366476809052006807", "seqnum": 14595.0, "lat_c": -66.476808712374961, "lon_c": -52.006807127790609, "res": 7.0, "count_Birds": 1, "count_Mammals": 1, "count_Molluscs": 0, "count_Mosses": 0, "count_Insects": 0, "count_Sac Fungi": 0, "count_Flowering Plants": 0, "count_Arachnids": 0, "count_Basidiomycota": 0, "count_Amphibians": 0, "unique_species_count": 2.0, "countryCode": "AQ" }, "geometry": { "type": "MultiPolygon", "coordinates": [ [ [ [ -50.099785083526022, -66.076534093726494 ], [ -50.392476591415161, -66.964439260272002 ], [ -52.374058655237704, -67.361108700465564 ], [ -53.972771613185238, -66.852862645931367 ], [ -53.572745537489475, -65.975526480417287 ], [ -51.677665300906433, -65.595067645031207 ], [ -50.099785083526022, -66.076534093726494 ] ] ] ] } },
{ "type": "Feature", "properties": { "geogrid_id": "7366531479044945238", "seqnum": 14650.0, "lat_c": -66.531478746071613, "lon_c": -44.945238455585688, "res": 7.0, "count_Birds": 1, "count_Mammals": 0, "count_Molluscs": 0, "count_Mosses": 0, "count_Insects": 0, "count_Sac Fungi": 0, "count_Flowering Plants": 0, "count_Arachnids": 0, "count_Basidiomycota": 0, "count_Amphibians": 0, "unique_species_count": 1.0, "countryCode": "AQ" }, "geometry": { "type": "MultiPolygon", "coordinates": [ [ [ [ -43.155768758323454, -66.045864205784042 ], [ -43.224091182441725, -66.946358277621954 ], [ -45.083417481941098, -67.431807763060263 ], [ -46.802762423206474, -66.995763786854013 ], [ -46.621350837542344, -66.100140906394628 ], [ -44.831424103601108, -65.63485275739049 ], [ -43.155768758323454, -66.045864205784042 ] ] ] ] } },
{ "type": "Feature", "properties": { "geogrid_id": "7366531479112554762", "seqnum": 14640.0, "lat_c": -66.531478744185193, "lon_c": -112.55476154460142, "res": 7.0, "count_Birds": 1, "count_Mammals": 0, "count_Molluscs": 0, "count_Mosses": 0, "count_Insects": 4, "count_Sac Fungi": 0, "count_Flowering Plants": 0, "count_Arachnids": 0, "count_Basidiomycota": 0, "count_Amphibians": 0, "unique_species_count": 5.0, "countryCode": "AQ" }, "geometry": { "type": "MultiPolygon", "coordinates": [ [ [ [ -110.69723757716794, -66.995763785070466 ], [ -112.416582518536714, -67.431807761144711 ], [ -114.275908817823861, -66.946358275603146 ], [ -114.344231241675644, -66.045864203797549 ], [ -112.66857589632771, -65.634852755533899 ], [ -110.878649162553359, -66.100140904637755 ], [ -110.69723757716794, -66.995763785070466 ] ] ] ] } },
{ "type": "Feature", "properties": { "geogrid_id": "7366538271011236648", "seqnum": 15034.0, "lat_c": -66.538271097171858, "lon_c": -11.236648131464246, "res": 7.0, "count_Birds": 3, "count_Mammals": 0, "count_Molluscs": 0, "count_Mosses": 0, "count_Insects": 1, "count_Sac Fungi": 0, "count_Flowering Plants": 0, "count_Arachnids": 0, "count_Basidiomycota": 0, "count_Amphibians": 0, "unique_species_count": 4.0, "countryCode": "AQ" }, "geometry": { "type": "MultiPolygon", "coordinates": [ [ [ [ -10.246157316379188, -65.722115010495287 ], [ -9.352612625262127, -66.570100312848282 ], [ -10.362516950762933, -67.398145779676909 ], [ -12.297431840295577, -67.350218900757369 ], [ -13.12516534337238, -66.48568787880393 ], [ -12.086020097434092, -65.684948735734253 ], [ -10.246157316379188, -65.722115010495287 ] ] ] ] } },
{ "type": "Feature", "properties": { "geogrid_id": "7366572690005611148", "seqnum": 15116.0, "lat_c": -66.57268951260393, "lon_c": -5.6111476153470434, "res": 7.0, "count_Birds": 1, "count_Mammals": 1, "count_Molluscs": 0, "count_Mosses": 0, "count_Insects": 0, "count_Sac Fungi": 0, "count_Flowering Plants": 0, "count_Arachnids": 0, "count_Basidiomycota": 0, "count_Amphibians": 0, "unique_species_count": 2.0, "countryCode": "AQ" }, "geometry": { "type": "MultiPolygon", "coordinates": [ [ [ [ -4.772645411488863, -65.712591396591733 ], [ -3.335889066627852, -66.397347755424292 ], [ -3.727029948201609, -67.127267551400138 ], [ -6.061155153606023, -67.292904473839712 ], [ -7.476370203426453, -66.58145707468671 ], [ -6.586476583891161, -65.735621523719189 ], [ -4.772645411488863, -65.712591396591733 ] ] ] ] } },
{ "type": "Feature", "properties": { "geogrid_id": "7366858162029057751", "seqnum": 14815.0, "lat_c": -66.858161512105497, "lon_c": -29.05775079793019, "res": 7.0, "count_Birds": 1, "count_Mammals": 2, "count_Molluscs": 0, "count_Mosses": 0, "count_Insects": 0, "count_Sac Fungi": 0, "count_Flowering Plants": 0, "count_Arachnids": 0, "count_Basidiomycota": 0, "count_Amphibians": 0, "unique_species_count": 3.0, "countryCode": "AQ" }, "geometry": { "type": "MultiPolygon", "coordinates": [ [ [ [ -27.587515150409708, -66.199314418009706 ], [ -27.165408353773856, -67.095669172317855 ], [ -28.686517013769478, -67.760977527931516 ], [ -30.607902938615943, -67.503258025498852 ], [ -30.923481343984029, -66.599960752356225 ], [ -29.424935118358576, -65.960504605463882 ], [ -27.587515150409708, -66.199314418009706 ] ] ] ] } },
{ "type": "Feature", "properties": { "geogrid_id": "7366860855075278369", "seqnum": 14510.0, "lat_c": -66.860854598608896, "lon_c": -75.278369106500122, "res": 7.0, "count_Birds": 8, "count_Mammals": 1, "count_Molluscs": 1, "count_Mosses": 0, "count_Insects": 0, "count_Sac Fungi": 0, "count_Flowering Plants": 0, "count_Arachnids": 0, "count_Basidiomycota": 0, "count_Amphibians": 0, "unique_species_count": 10.0, "countryCode": "AQ" }, "geometry": { "type": "MultiPolygon", "coordinates": [ [ [ [ -73.042033337699479, -66.749157238879576 ], [ -74.055470438205674, -67.519656901478868 ], [ -76.362396476550316, -67.613557949052279 ], [ -77.573017530893708, -66.971902108559206 ], [ -76.473784872063959, -66.219428068638663 ], [ -74.259125748607119, -66.101053856852275 ], [ -73.042033337699479, -66.749157238879576 ] ] ] ] } },
{ "type": "Feature", "properties": { "geogrid_id": "7366860855082221631", "seqnum": 14509.0, "lat_c": -66.860854598347615, "lon_c": -82.22163089373133, "res": 7.0, "count_Birds": 7, "count_Mammals": 0, "count_Molluscs": 1, "count_Mosses": 0, "count_Insects": 0, "count_Sac Fungi": 0, "count_Flowering Plants": 0, "count_Arachnids": 0, "count_Basidiomycota": 0, "count_Amphibians": 0, "unique_species_count": 8.0, "countryCode": "AQ" }, "geometry": { "type": "MultiPolygon", "coordinates": [ [ [ [ -79.926982469502931, -66.97190210819204 ], [ -81.137603523961459, -67.613557948807909 ], [ -83.444529562203996, -67.519656901195887 ], [ -84.457966662461743, -66.749157238570348 ], [ -83.240874251361348, -66.101053856577749 ], [ -81.026215128004722, -66.219428068341742 ], [ -79.926982469502931, -66.97190210819204 ] ] ] ] } },
{ "type": "Feature", "properties": { "geogrid_id": "7366884832065221155", "seqnum": 14538.0, "lat_c": -66.884832177835662, "lon_c": -65.221155422442834, "res": 7.0, "count_Birds": 4, "count_Mammals": 7, "count_Molluscs": 3, "count_Mosses": 1, "count_Insects": 0, "count_Sac Fungi": 1, "count_Flowering Plants": 1, "count_Arachnids": 2, "count_Basidiomycota": 0, "count_Amphibians": 0, "unique_species_count": 19.0, "countryCode": "AQ" }, "geometry": { "type": "MultiPolygon", "coordinates": [ [ [ [ -63.105814368977072, -66.6542255012113 ], [ -63.830673190674879, -67.492683183165084 ], [ -66.022384477945963, -67.712242967812671 ], [ -67.375909684541, -67.086891972307129 ], [ -66.568550135351487, -66.270727121586177 ], [ -64.4844100899046, -66.056781873150996 ], [ -63.105814368977072, -66.6542255012113 ] ] ] ] } },
{ "type": "Feature", "properties": { "geogrid_id": "7366884832092278845", "seqnum": 14534.0, "lat_c": -66.884832177161059, "lon_c": -92.278844577861776, "res": 7.0, "count_Birds": 6, "count_Mammals": 0, "count_Molluscs": 0, "count_Mosses": 0, "count_Insects": 0, "count_Sac Fungi": 0, "count_Flowering Plants": 0, "count_Arachnids": 0, "count_Basidiomycota": 0, "count_Amphibians": 0, "unique_species_count": 6.0, "countryCode": "AQ" }, "geometry": { "type": "MultiPolygon", "coordinates": [ [ [ [ -90.124090315796053, -67.086891971735966 ], [ -91.477615522645436, -67.712242967145443 ], [ -93.6693268098728, -67.492683182389513 ], [ -94.394185631282923, -66.654225500432844 ], [ -93.01558991013674, -66.05678187247176 ], [ -90.931449864724584, -66.270727121005777 ], [ -90.124090315796053, -67.086891971735966 ] ] ] ] } },
{ "type": "Feature", "properties": { "geogrid_id": "7366928797001435450", "seqnum": 15171.0, "lat_c": -66.928797389581334, "lon_c": -1.4354497293438839, "res": 7.0, "count_Birds": 4, "count_Mammals": 1, "count_Molluscs": 0, "count_Mosses": 0, "count_Insects": 0, "count_Sac Fungi": 0, "count_Flowering Plants": 0, "count_Arachnids": 0, "count_Basidiomycota": 0, "count_Amphibians": 0, "unique_species_count": 5.0, "countryCode": "AQ" }, "geometry": { "type": "MultiPolygon", "coordinates": [ [ [ [ -1.103645427855698, -66.190445079060154 ], [ 0.810129407525934, -66.698110278832871 ], [ 0.515836927252644, -67.446342724950071 ], [ -1.793745854940737, -67.669773143494808 ], [ -3.727029948201609, -67.127267551400138 ], [ -3.335889066627852, -66.397347755424292 ], [ -1.103645427855698, -66.190445079060154 ] ] ] ] } },
{ "type": "Feature", "properties": { "geogrid_id": "7366945688020031290", "seqnum": 14925.0, "lat_c": -66.945688012160076, "lon_c": -20.031290375088428, "res": 7.0, "count_Birds": 10, "count_Mammals": 0, "count_Molluscs": 0, "count_Mosses": 0, "count_Insects": 0, "count_Sac Fungi": 0, "count_Flowering Plants": 0, "count_Arachnids": 0, "count_Basidiomycota": 0, "count_Amphibians": 0, "unique_species_count": 10.0, "countryCode": "AQ" }, "geometry": { "type": "MultiPolygon", "coordinates": [ [ [ [ -18.784004114313031, -66.201651199794512 ], [ -18.105922783183395, -67.078991933223065 ], [ -19.389606474267069, -67.832593701299984 ], [ -21.357947359378819, -67.680765373389136 ], [ -21.94539053006692, -66.790924362349955 ], [ -20.656948788919664, -66.064648873883684 ], [ -18.784004114313031, -66.201651199794512 ] ] ] ] } },
{ "type": "Feature", "properties": { "geogrid_id": "7367190236177224787", "seqnum": 17229.0, "lat_c": -67.190235846628752, "lon_c": -177.22478709779196, "res": 7.0, "count_Birds": 3, "count_Mammals": 3, "count_Molluscs": 2, "count_Mosses": 0, "count_Insects": 0, "count_Sac Fungi": 0, "count_Flowering Plants": 0, "count_Arachnids": 0, "count_Basidiomycota": 0, "count_Amphibians": 0, "unique_species_count": 8.0, "countryCode": "AQ" }, "geometry": { "type": "MultiPolygon", "coordinates": [ [ [ [ -179.484163099032031, -67.446342723152384 ], [ -179.189870617851568, -66.698110277102828 ], [ -176.993487817835899, -66.435938956568933 ], [ -175.019053960794139, -66.90234852669613 ], [ -175.202443195322189, -67.664081233114416 ], [ -177.474647189672879, -67.947052438643681 ], [ -179.484163099032031, -67.446342723152384 ] ] ] ] } },
{ "type": "Feature", "properties": { "geogrid_id": "7367224813032499403", "seqnum": 14787.0, "lat_c": -67.224812894027011, "lon_c": -32.499403467429396, "res": 7.0, "count_Birds": 1, "count_Mammals": 0, "count_Molluscs": 0, "count_Mosses": 0, "count_Insects": 0, "count_Sac Fungi": 0, "count_Flowering Plants": 0, "count_Arachnids": 0, "count_Basidiomycota": 0, "count_Amphibians": 0, "unique_species_count": 1.0, "countryCode": "AQ" }, "geometry": { "type": "MultiPolygon", "coordinates": [ [ [ [ -30.923481343984029, -66.599960752356225 ], [ -30.607902938615943, -67.503258025498852 ], [ -32.244036277502168, -68.133491799956914 ], [ -34.157907952656331, -67.833938227995148 ], [ -34.358531793380962, -66.92611383070934 ], [ -32.760086236808164, -66.321491383726013 ], [ -30.923481343984029, -66.599960752356225 ] ] ] ] } },
{ "type": "Feature", "properties": { "geogrid_id": "7367243934095818331", "seqnum": 14561.0, "lat_c": -67.243933885765642, "lon_c": -95.818330572551972, "res": 7.0, "count_Birds": 5, "count_Mammals": 0, "count_Molluscs": 1, "count_Mosses": 0, "count_Insects": 0, "count_Sac Fungi": 0, "count_Flowering Plants": 0, "count_Arachnids": 0, "count_Basidiomycota": 0, "count_Amphibians": 0, "unique_species_count": 6.0, "countryCode": "AQ" }, "geometry": { "type": "MultiPolygon", "coordinates": [ [ [ [ -93.6693268098728, -67.492683182389513 ], [ -95.103123005813359, -68.092688301915771 ], [ -97.288735706587104, -67.824565414539919 ], [ -97.921236642447468, -66.966877357763309 ], [ -96.467302165990674, -66.395759007053783 ], [ -94.394185631282923, -66.654225500432844 ], [ -93.6693268098728, -67.492683182389513 ] ] ] ] } },
{ "type": "Feature", "properties": { "geogrid_id": "7367281172014235394", "seqnum": 15007.0, "lat_c": -67.281172308422768, "lon_c": -14.235393679267837, "res": 7.0, "count_Birds": 3, "count_Mammals": 1, "count_Molluscs": 1, "count_Mosses": 0, "count_Insects": 0, "count_Sac Fungi": 0, "count_Flowering Plants": 0, "count_Arachnids": 0, "count_Basidiomycota": 0, "count_Amphibians": 0, "unique_species_count": 5.0, "countryCode": "AQ" }, "geometry": { "type": "MultiPolygon", "coordinates": [ [ [ [ -13.12516534337238, -66.48568787880393 ], [ -12.297431840295577, -67.350218900757369 ], [ -13.438184134143578, -68.157620999877153 ], [ -15.425878717722474, -68.070958414111814 ], [ -16.172766135337849, -67.190804669831593 ], [ -15.014805005990038, -66.412138560372 ], [ -13.12516534337238, -66.48568787880393 ] ] ] ] } },
{ "type": "Feature", "properties": { "geogrid_id": "7367400499168750000", "seqnum": 17174.0, "lat_c": -67.400499108478712, "lon_c": -168.75000000667788, "res": 7.0, "count_Birds": 1, "count_Mammals": 0, "count_Molluscs": 0, "count_Mosses": 0, "count_Insects": 0, "count_Sac Fungi": 0, "count_Flowering Plants": 0, "count_Arachnids": 0, "count_Basidiomycota": 0, "count_Amphibians": 0, "unique_species_count": 1.0, "countryCode": "AQ" }, "geometry": { "type": "MultiPolygon", "coordinates": [ [ [ [ -170.900305164717139, -67.774098316268308 ], [ -170.83765496752909, -67.003537458015828 ], [ -168.750000006203436, -66.628252385990152 ], [ -166.662345046920564, -67.003537456210324 ], [ -166.599694850744697, -67.774098314470194 ], [ -168.750000007184894, -68.174757299542861 ], [ -170.900305164717139, -67.774098316268308 ] ] ] ] } },
{ "type": "Feature", "properties": { "geogrid_id": "7367403806071793618", "seqnum": 14537.0, "lat_c": -67.40380627331929, "lon_c": -71.793617838683772, "res": 7.0, "count_Birds": 9, "count_Mammals": 2, "count_Molluscs": 1, "count_Mosses": 0, "count_Insects": 0, "count_Sac Fungi": 0, "count_Flowering Plants": 0, "count_Arachnids": 0, "count_Basidiomycota": 0, "count_Amphibians": 0, "unique_species_count": 12.0, "countryCode": "AQ" }, "geometry": { "type": "MultiPolygon", "coordinates": [ [ [ [ -69.567364150236926, -67.259911409829016 ], [ -70.518543422884804, -68.060741534705357 ], [ -72.815525215208623, -68.188586857793311 ], [ -74.055470438205674, -67.519656901478868 ], [ -73.042033337699479, -66.749157238879576 ], [ -70.84770442853376, -66.616212167389108 ], [ -69.567364150236926, -67.259911409829016 ] ] ] ] } },
{ "type": "Feature", "properties": { "geogrid_id": "7367403806085706382", "seqnum": 14535.0, "lat_c": -67.403806272948671, "lon_c": -85.706382161693966, "res": 7.0, "count_Birds": 5, "count_Mammals": 0, "count_Molluscs": 1, "count_Mosses": 0, "count_Insects": 0, "count_Sac Fungi": 0, "count_Flowering Plants": 0, "count_Arachnids": 0, "count_Basidiomycota": 0, "count_Amphibians": 0, "unique_species_count": 6.0, "countryCode": "AQ" }, "geometry": { "type": "MultiPolygon", "coordinates": [ [ [ [ -83.444529562203996, -67.519656901195887 ], [ -84.684474785425238, -68.188586857447618 ], [ -86.98145657774667, -68.060741534254035 ], [ -87.932635850122466, -67.259911409359901 ], [ -86.652295571593953, -66.616212166998167 ], [ -84.457966662461743, -66.749157238570348 ], [ -83.444529562203996, -67.519656901195887 ] ] ] ] } },
{ "type": "Feature", "properties": { "geogrid_id": "7367425230008434252", "seqnum": 15089.0, "lat_c": -67.425229768813608, "lon_c": -8.4342516733725237, "res": 7.0, "count_Birds": 3, "count_Mammals": 0, "count_Molluscs": 0, "count_Mosses": 0, "count_Insects": 0, "count_Sac Fungi": 0, "count_Flowering Plants": 0, "count_Arachnids": 0, "count_Basidiomycota": 0, "count_Amphibians": 0, "unique_species_count": 3.0, "countryCode": "AQ" }, "geometry": { "type": "MultiPolygon", "coordinates": [ [ [ [ -7.476370203426453, -66.58145707468671 ], [ -6.061155153606023, -67.292904473839712 ], [ -6.547590409123953, -68.015552553693752 ], [ -8.983140007808066, -68.136704178158752 ], [ -10.362516950762933, -67.398145779676909 ], [ -9.352612625262127, -66.570100312848282 ], [ -7.476370203426453, -66.58145707468671 ] ] ] ] } },
{ "type": "Feature", "properties": { "geogrid_id": "7367507227023312330", "seqnum": 14897.0, "lat_c": -67.507227476704557, "lon_c": -23.312329508183637, "res": 7.0, "count_Birds": 1, "count_Mammals": 0, "count_Molluscs": 0, "count_Mosses": 0, "count_Insects": 0, "count_Sac Fungi": 0, "count_Flowering Plants": 0, "count_Arachnids": 0, "count_Basidiomycota": 0, "count_Amphibians": 0, "unique_species_count": 1.0, "countryCode": "AQ" }, "geometry": { "type": "MultiPolygon", "coordinates": [ [ [ [ -21.94539053006692, -66.790924362349955 ], [ -21.357947359378819, -67.680765373389136 ], [ -22.772606662918715, -68.40606954628025 ], [ -24.765617688790606, -68.21268154558004 ], [ -25.24924866233544, -67.31212218358246 ], [ -23.844878647114513, -66.614808486501886 ], [ -21.94539053006692, -66.790924362349955 ] ] ] ] } },
{ "type": "Feature", "properties": { "geogrid_id": "7367514213036036078", "seqnum": 14760.0, "lat_c": -67.514213033087188, "lon_c": -36.036077690347149, "res": 7.0, "count_Birds": 1, "count_Mammals": 0, "count_Molluscs": 0, "count_Mosses": 0, "count_Insects": 0, "count_Sac Fungi": 0, "count_Flowering Plants": 0, "count_Arachnids": 0, "count_Basidiomycota": 0, "count_Amphibians": 0, "unique_species_count": 1.0, "countryCode": "AQ" }, "geometry": { "type": "MultiPolygon", "coordinates": [ [ [ [ -34.358531793380962, -66.92611383070934 ], [ -34.157907952656331, -67.833938227995148 ], [ -35.904518111659577, -68.426097519328252 ], [ -37.79728248427422, -68.084561936384603 ], [ -37.876483731090623, -67.174893498638781 ], [ -36.183127898665781, -66.607690347700171 ], [ -34.358531793380962, -66.92611383070934 ] ] ] ] } },
{ "type": "Feature", "properties": { "geogrid_id": "7367527843058076902", "seqnum": 14594.0, "lat_c": -67.527842868959141, "lon_c": -58.076902485788317, "res": 7.0, "count_Birds": 1, "count_Mammals": 0, "count_Molluscs": 0, "count_Mosses": 0, "count_Insects": 0, "count_Sac Fungi": 0, "count_Flowering Plants": 0, "count_Arachnids": 0, "count_Basidiomycota": 0, "count_Amphibians": 0, "unique_species_count": 1.0, "countryCode": "AQ" }, "geometry": { "type": "MultiPolygon", "coordinates": [ [ [ [ -55.996666714028756, -67.20357794582722 ], [ -56.526332571733413, -68.077498660211404 ], [ -58.694048808011054, -68.394818039760921 ], [ -60.211264294140001, -67.824565415533712 ], [ -59.578763357967013, -66.966877358754104 ], [ -57.524836704570689, -66.662458916682937 ], [ -55.996666714028756, -67.20357794582722 ] ] ] ] } },
{ "type": "Feature", "properties": { "geogrid_id": "7367527843099423098", "seqnum": 14588.0, "lat_c": -67.527842867854929, "lon_c": -99.423097514843292, "res": 7.0, "count_Birds": 0, "count_Mammals": 0, "count_Molluscs": 1, "count_Mosses": 0, "count_Insects": 0, "count_Sac Fungi": 0, "count_Flowering Plants": 0, "count_Arachnids": 0, "count_Basidiomycota": 0, "count_Amphibians": 0, "unique_species_count": 1.0, "countryCode": "AQ" }, "geometry": { "type": "MultiPolygon", "coordinates": [ [ [ [ -97.288735706587104, -67.824565414539919 ], [ -98.805951192965964, -68.39481803865236 ], [ -100.973667429120752, -68.07749865898937 ], [ -101.503333286494026, -67.203577944614054 ], [ -99.975163295756829, -66.662458915585944 ], [ -97.921236642447468, -66.966877357763309 ], [ -97.288735706587104, -67.824565414539919 ] ] ] ] } },
{ "type": "Feature", "properties": { "geogrid_id": "7367723636039649102", "seqnum": 14732.0, "lat_c": -67.72363642485594, "lon_c": -39.649102430419589, "res": 7.0, "count_Birds": 1, "count_Mammals": 1, "count_Molluscs": 0, "count_Mosses": 0, "count_Insects": 0, "count_Sac Fungi": 0, "count_Flowering Plants": 0, "count_Arachnids": 0, "count_Basidiomycota": 0, "count_Amphibians": 0, "unique_species_count": 2.0, "countryCode": "AQ" }, "geometry": { "type": "MultiPolygon", "coordinates": [ [ [ [ -37.876483731090623, -67.174893498638781 ], [ -37.79728248427422, -68.084561936384603 ], [ -39.646847736287519, -68.635821977927293 ], [ -41.504654410800548, -68.252617634090782 ], [ -41.458432560904718, -67.343995724127169 ], [ -39.677420180790968, -66.816608020616286 ], [ -37.876483731090623, -67.174893498638781 ] ] ] ] } },
{ "type": "Feature", "properties": { "geogrid_id": "7367734881078750000", "seqnum": 14536.0, "lat_c": -67.734880834282094, "lon_c": -78.7500000004691, "res": 7.0, "count_Birds": 10, "count_Mammals": 2, "count_Molluscs": 0, "count_Mosses": 0, "count_Insects": 0, "count_Sac Fungi": 0, "count_Flowering Plants": 0, "count_Arachnids": 0, "count_Basidiomycota": 0, "count_Amphibians": 0, "unique_species_count": 12.0, "countryCode": "AQ" }, "geometry": { "type": "MultiPolygon", "coordinates": [ [ [ [ -76.362396476550316, -67.613557949052279 ], [ -77.517338586039486, -68.358480696709293 ], [ -79.982661414771187, -68.358480696485898 ], [ -81.137603523961459, -67.613557948807909 ], [ -79.926982469502931, -66.97190210819204 ], [ -77.573017530893708, -66.971902108559206 ], [ -76.362396476550316, -67.613557949052279 ] ] ] ] } },
{ "type": "Feature", "properties": { "geogrid_id": "7367851025043317171", "seqnum": 14704.0, "lat_c": -67.851025423746506, "lon_c": -43.317171087266402, "res": 7.0, "count_Birds": 1, "count_Mammals": 0, "count_Molluscs": 0, "count_Mosses": 0, "count_Insects": 0, "count_Sac Fungi": 0, "count_Flowering Plants": 0, "count_Arachnids": 0, "count_Basidiomycota": 0, "count_Amphibians": 0, "unique_species_count": 1.0, "countryCode": "AQ" }, "geometry": { "type": "MultiPolygon", "coordinates": [ [ [ [ -41.458432560904718, -67.343995724127169 ], [ -41.504654410800548, -68.252617634090782 ], [ -43.44676353861297, -68.760436734168124 ], [ -45.256215385326662, -68.336358409344584 ], [ -45.083417481941098, -67.431807763060263 ], [ -43.224091182441725, -66.946358277621954 ], [ -41.458432560904718, -67.343995724127169 ] ] ] ] } },
{ "type": "Feature", "properties": { "geogrid_id": "7367859733004149639", "seqnum": 15143.0, "lat_c": -67.859733330115262, "lon_c": -4.1496390925361304, "res": 7.0, "count_Birds": 3, "count_Mammals": 1, "count_Molluscs": 0, "count_Mosses": 0, "count_Insects": 0, "count_Sac Fungi": 0, "count_Flowering Plants": 0, "count_Arachnids": 0, "count_Basidiomycota": 0, "count_Amphibians": 0, "unique_species_count": 4.0, "countryCode": "AQ" }, "geometry": { "type": "MultiPolygon", "coordinates": [ [ [ [ -3.727029948201609, -67.127267551400138 ], [ -1.793745854940737, -67.669773143494808 ], [ -2.181341372205535, -68.413154678498401 ], [ -4.607038743936497, -68.594471128883967 ], [ -6.547590409123953, -68.015552553693752 ], [ -6.061155153606023, -67.292904473839712 ], [ -3.727029948201609, -67.127267551400138 ] ] ] ] } },
{ "type": "Feature", "properties": { "geogrid_id": "7367859733153350361", "seqnum": 15125.0, "lat_c": -67.85973332777607, "lon_c": -153.35036089729772, "res": 7.0, "count_Birds": 0, "count_Mammals": 0, "count_Molluscs": 1, "count_Mosses": 0, "count_Insects": 0, "count_Sac Fungi": 0, "count_Flowering Plants": 0, "count_Arachnids": 0, "count_Basidiomycota": 0, "count_Amphibians": 0, "unique_species_count": 1.0, "countryCode": "AQ" }, "geometry": { "type": "MultiPolygon", "coordinates": [ [ [ [ -152.892961246016739, -68.594471126532667 ], [ -155.31865861745294, -68.413154676195859 ], [ -155.706254134620082, -67.669773141205084 ], [ -153.772970041524644, -67.12726754907402 ], [ -151.43884483638729, -67.292904471469939 ], [ -150.952409580997426, -68.015552551311629 ], [ -152.892961246016739, -68.594471126532667 ] ] ] ] } },
{ "type": "Feature", "properties": { "geogrid_id": "7367901818068253000", "seqnum": 14565.0, "lat_c": -67.901817999174739, "lon_c": -68.253000146820469, "res": 7.0, "count_Birds": 17, "count_Mammals": 11, "count_Molluscs": 30, "count_Mosses": 14, "count_Insects": 2, "count_Sac Fungi": 19, "count_Flowering Plants": 2, "count_Arachnids": 16, "count_Basidiomycota": 0, "count_Amphibians": 0, "unique_species_count": 111.0, "countryCode": "AQ" }, "geometry": { "type": "MultiPolygon", "coordinates": [ [ [ [ -66.022384477945963, -67.712242967812671 ], [ -66.906940553306498, -68.539177013644561 ], [ -69.222236287649594, -68.715750123693482 ], [ -70.518543422884804, -68.060741534705357 ], [ -69.567364150236926, -67.259911409829016 ], [ -67.375909684541, -67.086891972307129 ], [ -66.022384477945963, -67.712242967812671 ] ] ] ] } },
{ "type": "Feature", "properties": { "geogrid_id": "7367901818089247000", "seqnum": 14562.0, "lat_c": -67.901817998615812, "lon_c": -89.246999853798556, "res": 7.0, "count_Birds": 5, "count_Mammals": 0, "count_Molluscs": 1, "count_Mosses": 0, "count_Insects": 0, "count_Sac Fungi": 0, "count_Flowering Plants": 0, "count_Arachnids": 0, "count_Basidiomycota": 0, "count_Amphibians": 0, "unique_species_count": 6.0, "countryCode": "AQ" }, "geometry": { "type": "MultiPolygon", "coordinates": [ [ [ [ -86.98145657774667, -68.060741534254035 ], [ -88.27776371328774, -68.715750123149775 ], [ -90.593059447607573, -68.539177012987807 ], [ -91.477615522645436, -67.712242967145443 ], [ -90.124090315796053, -67.086891971735966 ], [ -87.932635850122466, -67.259911409359901 ], [ -86.98145657774667, -68.060741534254035 ] ] ] ] } },
{ "type": "Feature", "properties": { "geogrid_id": "7367962651017410982", "seqnum": 14979.0, "lat_c": -67.96265096078254, "lon_c": -17.410982115183593, "res": 7.0, "count_Birds": 3, "count_Mammals": 2, "count_Molluscs": 0, "count_Mosses": 0, "count_Insects": 0, "count_Sac Fungi": 0, "count_Flowering Plants": 0, "count_Arachnids": 0, "count_Basidiomycota": 0, "count_Amphibians": 0, "unique_species_count": 5.0, "countryCode": "AQ" }, "geometry": { "type": "MultiPolygon", "coordinates": [ [ [ [ -16.172766135337849, -67.190804669831593 ], [ -15.425878717722474, -68.070958414111814 ], [ -16.707565844526101, -68.854498232592761 ], [ -18.739639616455008, -68.727027547784886 ], [ -19.389606474267069, -67.832593701299984 ], [ -18.105922783183395, -67.078991933223065 ], [ -16.172766135337849, -67.190804669831593 ] ] ] ] } },
{ "type": "Feature", "properties": { "geogrid_id": "7367997564026738052", "seqnum": 14869.0, "lat_c": -67.997564189007392, "lon_c": -26.738051794667243, "res": 7.0, "count_Birds": 1, "count_Mammals": 0, "count_Molluscs": 0, "count_Mosses": 0, "count_Insects": 0, "count_Sac Fungi": 0, "count_Flowering Plants": 0, "count_Arachnids": 0, "count_Basidiomycota": 0, "count_Amphibians": 0, "unique_species_count": 1.0, "countryCode": "AQ" }, "geometry": { "type": "MultiPolygon", "coordinates": [ [ [ [ -25.24924866233544, -67.31212218358246 ], [ -24.765617688790606, -68.21268154558004 ], [ -26.314208693619303, -68.90627154262009 ], [ -28.319233564159248, -68.670074962949116 ], [ -28.686517013769478, -67.760977527931516 ], [ -27.165408353773856, -67.095669172317855 ], [ -25.24924866233544, -67.31212218358246 ] ] ] ] } },
{ "type": "Feature", "properties": { "geogrid_id": "7368197065179802317", "seqnum": 17202.0, "lat_c": -68.197064519087888, "lon_c": -179.80231716897265, "res": 7.0, "count_Birds": 9, "count_Mammals": 3, "count_Molluscs": 6, "count_Mosses": 0, "count_Insects": 0, "count_Sac Fungi": 0, "count_Flowering Plants": 0, "count_Arachnids": 0, "count_Basidiomycota": 0, "count_Amphibians": 0, "unique_species_count": 18.0, "countryCode": "AQ" }, "geometry": { "type": "MultiPolygon", "coordinates": [ [ [ [ 179.853046523445443, -68.950090973022085 ], [ 177.818658600426943, -68.413154676183126 ], [ 178.206254118644438, -67.669773141264869 ], [ 180.0, -67.496245093114268 ], [ 180.0, -68.935171803204938 ], [ 179.853046523445443, -68.950090973022085 ] ] ], [ [ [ -179.484163099032031, -67.446342723152384 ], [ -177.474647189672879, -67.947052438643681 ], [ -177.745100231897652, -68.706247429656884 ], [ -180.0, -68.935171803204938 ], [ -180.0, -67.496245093114268 ], [ -179.484163099032031, -67.446342723152384 ] ] ] ] } },
{ "type": "Feature", "properties": { "geogrid_id": "7368222827011451821", "seqnum": 15061.0, "lat_c": -68.222827013185878, "lon_c": -11.451821282216972, "res": 7.0, "count_Birds": 5, "count_Mammals": 2, "count_Molluscs": 0, "count_Mosses": 0, "count_Insects": 0, "count_Sac Fungi": 0, "count_Flowering Plants": 0, "count_Arachnids": 0, "count_Basidiomycota": 0, "count_Amphibians": 0, "unique_species_count": 7.0, "countryCode": "AQ" }, "geometry": { "type": "MultiPolygon", "coordinates": [ [ [ [ -10.362516950762933, -67.398145779676909 ], [ -8.983140007808066, -68.136704178158752 ], [ -9.577593418902564, -68.850060356127472 ], [ -12.111480970792529, -68.923376477704423 ], [ -13.438184134143578, -68.157620999877153 ], [ -12.297431840295577, -67.350218900757369 ], [ -10.362516950762933, -67.398145779676909 ] ] ] ] } },
{ "type": "Feature", "properties": { "geogrid_id": "7368285686075143306", "seqnum": 14564.0, "lat_c": -68.285686015456164, "lon_c": -75.143305502764818, "res": 7.0, "count_Birds": 5, "count_Mammals": 2, "count_Molluscs": 1, "count_Mosses": 0, "count_Insects": 0, "count_Sac Fungi": 0, "count_Flowering Plants": 0, "count_Arachnids": 0, "count_Basidiomycota": 0, "count_Amphibians": 0, "unique_species_count": 8.0, "countryCode": "AQ" }, "geometry": { "type": "MultiPolygon", "coordinates": [ [ [ [ -72.815525215208623, -68.188586857793311 ], [ -73.945709353822977, -68.971807087751657 ], [ -76.341188032579794, -69.050151247293456 ], [ -77.517338586039486, -68.358480696709293 ], [ -76.362396476550316, -67.613557949052279 ], [ -74.055470438205674, -67.519656901478868 ], [ -72.815525215208623, -68.188586857793311 ] ] ] ] } },
{ "type": "Feature", "properties": { "geogrid_id": "7368285686082356694", "seqnum": 14563.0, "lat_c": -68.285686015208782, "lon_c": -82.356694497883069, "res": 7.0, "count_Birds": 8, "count_Mammals": 1, "count_Molluscs": 1, "count_Mosses": 0, "count_Insects": 0, "count_Sac Fungi": 0, "count_Flowering Plants": 0, "count_Arachnids": 0, "count_Basidiomycota": 0, "count_Amphibians": 0, "unique_species_count": 10.0, "countryCode": "AQ" }, "geometry": { "type": "MultiPolygon", "coordinates": [ [ [ [ -79.982661414771187, -68.358480696485898 ], [ -81.158811968292213, -69.050151247084571 ], [ -83.554290647094106, -68.971807087432367 ], [ -84.684474785425238, -68.188586857447618 ], [ -83.444529562203996, -67.519656901195887 ], [ -81.137603523961459, -67.613557948807909 ], [ -79.982661414771187, -68.358480696485898 ] ] ] ] } },
{ "type": "Feature", "properties": { "geogrid_id": "7368331205064630183", "seqnum": 14593.0, "lat_c": -68.331205084922274, "lon_c": -64.63018341999053, "res": 7.0, "count_Birds": 1, "count_Mammals": 0, "count_Molluscs": 0, "count_Mosses": 0, "count_Insects": 0, "count_Sac Fungi": 0, "count_Flowering Plants": 0, "count_Arachnids": 0, "count_Basidiomycota": 0, "count_Amphibians": 0, "unique_species_count": 1.0, "countryCode": "AQ" }, "geometry": { "type": "MultiPolygon", "coordinates": [ [ [ [ -62.396876994993917, -68.092688302797939 ], [ -63.200260807868361, -68.941859452817312 ], [ -65.531928359903617, -69.169366624866527 ], [ -66.906940553306498, -68.539177013644561 ], [ -66.022384477945963, -67.712242967812671 ], [ -63.830673190674879, -67.492683183165084 ], [ -62.396876994993917, -68.092688302797939 ] ] ] ] } },
{ "type": "Feature", "properties": { "geogrid_id": "7368331205092869817", "seqnum": 14589.0, "lat_c": -68.331205084152558, "lon_c": -92.869816580879672, "res": 7.0, "count_Birds": 3, "count_Mammals": 2, "count_Molluscs": 1, "count_Mosses": 0, "count_Insects": 0, "count_Sac Fungi": 0, "count_Flowering Plants": 0, "count_Arachnids": 0, "count_Basidiomycota": 0, "count_Amphibians": 0, "unique_species_count": 6.0, "countryCode": "AQ" }, "geometry": { "type": "MultiPolygon", "coordinates": [ [ [ [ -90.593059447607573, -68.539177012987807 ], [ -91.968071641348956, -69.169366624107468 ], [ -94.299739193309264, -68.94185945194053 ], [ -95.103123005813359, -68.092688301915771 ], [ -93.6693268098728, -67.492683182389513 ], [ -91.477615522645436, -67.712242967145443 ], [ -90.593059447607573, -68.539177012987807 ] ] ] ] } },
{ "type": "Feature", "properties": { "geogrid_id": "7368412355030296885", "seqnum": 14842.0, "lat_c": -68.412355011421482, "lon_c": -30.296884874786503, "res": 7.0, "count_Birds": 1, "count_Mammals": 0, "count_Molluscs": 0, "count_Mosses": 0, "count_Insects": 0, "count_Sac Fungi": 0, "count_Flowering Plants": 0, "count_Arachnids": 0, "count_Basidiomycota": 0, "count_Amphibians": 0, "unique_species_count": 1.0, "countryCode": "AQ" }, "geometry": { "type": "MultiPolygon", "coordinates": [ [ [ [ -28.686517013769478, -67.760977527931516 ], [ -28.319233564159248, -68.670074962949116 ], [ -30.001774457297902, -69.328436370163288 ], [ -32.004250508145333, -69.048565112117188 ], [ -32.244036277502168, -68.133491799956914 ], [ -30.607902938615943, -67.503258025498852 ], [ -28.686517013769478, -67.760977527931516 ] ] ] ] } },
{ "type": "Feature", "properties": { "geogrid_id": "7368428203175400767", "seqnum": 17175.0, "lat_c": -68.428202585422468, "lon_c": -175.40076749258156, "res": 7.0, "count_Birds": 8, "count_Mammals": 0, "count_Molluscs": 0, "count_Mosses": 0, "count_Insects": 0, "count_Sac Fungi": 0, "count_Flowering Plants": 0, "count_Arachnids": 0, "count_Basidiomycota": 0, "count_Amphibians": 0, "unique_species_count": 8.0, "countryCode": "AQ" }, "geometry": { "type": "MultiPolygon", "coordinates": [ [ [ [ -177.745100231897652, -68.706247429656884 ], [ -177.474647189672879, -67.947052438643681 ], [ -175.202443195322189, -67.664081233114416 ], [ -173.118065433241981, -68.11708494271862 ], [ -173.257604832250763, -68.887217950644256 ], [ -175.615712980270644, -69.194598485170218 ], [ -177.745100231897652, -68.706247429656884 ] ] ] ] } },
{ "type": "Feature", "properties": { "geogrid_id": "7368546820166531949", "seqnum": 15288.0, "lat_c": -68.546820206915683, "lon_c": -166.53194874095445, "res": 7.0, "count_Birds": 1, "count_Mammals": 0, "count_Molluscs": 3, "count_Mosses": 0, "count_Insects": 0, "count_Sac Fungi": 0, "count_Flowering Plants": 0, "count_Arachnids": 0, "count_Basidiomycota": 0, "count_Amphibians": 0, "unique_species_count": 4.0, "countryCode": "AQ" }, "geometry": { "type": "MultiPolygon", "coordinates": [ [ [ [ -166.458523103787002, -69.321632403811705 ], [ -168.750000009194594, -68.95096645964172 ], [ -168.750000008622607, -68.174757297408746 ], [ -166.599694850744697, -67.774098314470194 ], [ -164.381934582875374, -68.117084941268274 ], [ -164.242395184991182, -68.887217949216534 ], [ -166.458523103787002, -69.321632403811705 ] ] ] ] } },
{ "type": "Feature", "properties": { "geogrid_id": "7368546820170968051", "seqnum": 17147.0, "lat_c": -68.546820208705356, "lon_c": -170.96805127559207, "res": 7.0, "count_Birds": 4, "count_Mammals": 2, "count_Molluscs": 0, "count_Mosses": 0, "count_Insects": 0, "count_Sac Fungi": 0, "count_Flowering Plants": 0, "count_Arachnids": 0, "count_Basidiomycota": 0, "count_Amphibians": 0, "unique_species_count": 6.0, "countryCode": "AQ" }, "geometry": { "type": "MultiPolygon", "coordinates": [ [ [ [ -173.257604832250763, -68.887217950644256 ], [ -173.118065433241981, -68.11708494271862 ], [ -170.900305164717139, -67.774098316268308 ], [ -168.750000007184894, -68.174757299542861 ], [ -168.750000007728204, -68.950966461780538 ], [ -171.041476913925067, -69.321632405591743 ], [ -173.257604832250763, -68.887217950644256 ] ] ] ] } },
{ "type": "Feature", "properties": { "geogrid_id": "7368577549020762662", "seqnum": 14951.0, "lat_c": -68.577549417329593, "lon_c": -20.762661804423313, "res": 7.0, "count_Birds": 1, "count_Mammals": 1, "count_Molluscs": 0, "count_Mosses": 0, "count_Insects": 0, "count_Sac Fungi": 0, "count_Flowering Plants": 0, "count_Arachnids": 0, "count_Basidiomycota": 0, "count_Amphibians": 0, "unique_species_count": 2.0, "countryCode": "AQ" }, "geometry": { "type": "MultiPolygon", "coordinates": [ [ [ [ -19.389606474267069, -67.832593701299984 ], [ -18.739639616455008, -68.727027547784886 ], [ -20.17087460909233, -69.483140258181052 ], [ -22.236148195012873, -69.312975636605074 ], [ -22.772606662918715, -68.40606954628025 ], [ -21.357947359378819, -67.680765373389136 ], [ -19.389606474267069, -67.832593701299984 ] ] ] ] } },
{ "type": "Feature", "properties": { "geogrid_id": "7368577549136737338", "seqnum": 14936.0, "lat_c": -68.577549413732072, "lon_c": -136.73733819468737, "res": 7.0, "count_Birds": 1, "count_Mammals": 0, "count_Molluscs": 0, "count_Mosses": 0, "count_Insects": 0, "count_Sac Fungi": 0, "count_Flowering Plants": 0, "count_Arachnids": 0, "count_Basidiomycota": 0, "count_Amphibians": 0, "unique_species_count": 1.0, "countryCode": "AQ" }, "geometry": { "type": "MultiPolygon", "coordinates": [ [ [ [ -135.263851804507851, -69.312975633083653 ], [ -137.329125390244513, -69.483140254518943 ], [ -138.760360382456781, -68.727027544050699 ], [ -138.110393524479093, -67.832593697630188 ], [ -136.142052639554521, -67.680765369853745 ], [ -134.727393336367783, -68.406069542820703 ], [ -135.263851804507851, -69.312975633083653 ] ] ] ] } },
{ "type": "Feature", "properties": { "geogrid_id": "7368683316060919736", "seqnum": 14620.0, "lat_c": -68.683316037442196, "lon_c": -60.919736379209432, "res": 7.0, "count_Birds": 1, "count_Mammals": 0, "count_Molluscs": 0, "count_Mosses": 0, "count_Insects": 0, "count_Sac Fungi": 0, "count_Flowering Plants": 0, "count_Arachnids": 0, "count_Basidiomycota": 0, "count_Amphibians": 0, "unique_species_count": 1.0, "countryCode": "AQ" }, "geometry": { "type": "MultiPolygon", "coordinates": [ [ [ [ -58.694048808011054, -68.394818039760921 ], [ -59.399435680430351, -69.263112119474187 ], [ -61.733849691056726, -69.542406041352308 ], [ -63.200260807868361, -68.941859452817312 ], [ -62.396876994993917, -68.092688302797939 ], [ -60.211264294140001, -67.824565415533712 ], [ -58.694048808011054, -68.394818039760921 ] ] ] ] } },
{ "type": "Feature", "properties": { "geogrid_id": "7368683316096580264", "seqnum": 14615.0, "lat_c": -68.683316036448815, "lon_c": -96.580263621875986, "res": 7.0, "count_Birds": 7, "count_Mammals": 0, "count_Molluscs": 1, "count_Mosses": 0, "count_Insects": 0, "count_Sac Fungi": 0, "count_Flowering Plants": 0, "count_Arachnids": 0, "count_Basidiomycota": 0, "count_Amphibians": 0, "unique_species_count": 8.0, "countryCode": "AQ" }, "geometry": { "type": "MultiPolygon", "coordinates": [ [ [ [ -94.299739193309264, -68.94185945194053 ], [ -95.766150310461342, -69.54240604036552 ], [ -98.10056432095385, -69.263112118365925 ], [ -98.805951192965964, -68.39481803865236 ], [ -97.288735706587104, -67.824565414539919 ], [ -95.103123005813359, -68.092688301915771 ], [ -94.299739193309264, -68.94185945194053 ] ] ] ] } },
{ "type": "Feature", "properties": { "geogrid_id": "7368740295007074270", "seqnum": 15115.0, "lat_c": -68.74029478935843, "lon_c": -7.0742695236808917, "res": 7.0, "count_Birds": 7, "count_Mammals": 2, "count_Molluscs": 0, "count_Mosses": 0, "count_Insects": 0, "count_Sac Fungi": 0, "count_Flowering Plants": 0, "count_Arachnids": 0, "count_Basidiomycota": 0, "count_Amphibians": 0, "unique_species_count": 9.0, "countryCode": "AQ" }, "geometry": { "type": "MultiPolygon", "coordinates": [ [ [ [ -6.547590409123953, -68.015552553693752 ], [ -4.607038743936497, -68.594471128883967 ], [ -5.103027771512231, -69.331178738081135 ], [ -7.645546330225475, -69.466755201965341 ], [ -9.577593418902564, -68.850060356127472 ], [ -8.983140007808066, -68.136704178158752 ], [ -6.547590409123953, -68.015552553693752 ] ] ] ] } },
{ "type": "Feature", "properties": { "geogrid_id": "7368747620033972735", "seqnum": 14814.0, "lat_c": -68.74761989362662, "lon_c": -33.972735193916272, "res": 7.0, "count_Birds": 1, "count_Mammals": 0, "count_Molluscs": 0, "count_Mosses": 0, "count_Insects": 0, "count_Sac Fungi": 0, "count_Flowering Plants": 0, "count_Arachnids": 0, "count_Basidiomycota": 0, "count_Amphibians": 0, "unique_species_count": 1.0, "countryCode": "AQ" }, "geometry": { "type": "MultiPolygon", "coordinates": [ [ [ [ -32.244036277502168, -68.133491799956914 ], [ -32.004250508145333, -69.048565112117188 ], [ -33.817265080932025, -69.668197477210313 ], [ -35.801189771290616, -69.344247301410675 ], [ -35.904518111659577, -68.426097519328252 ], [ -34.157907952656331, -67.833938227995148 ], [ -32.244036277502168, -68.133491799956914 ] ] ] ] } },
{ "type": "Feature", "properties": { "geogrid_id": "7368860172071570529", "seqnum": 14592.0, "lat_c": -68.860171933466589, "lon_c": -71.570528794486265, "res": 7.0, "count_Birds": 3, "count_Mammals": 4, "count_Molluscs": 0, "count_Mosses": 0, "count_Insects": 0, "count_Sac Fungi": 0, "count_Flowering Plants": 0, "count_Arachnids": 0, "count_Basidiomycota": 0, "count_Amphibians": 0, "unique_species_count": 7.0, "countryCode": "AQ" }, "geometry": { "type": "MultiPolygon", "coordinates": [ [ [ [ -69.222236287649594, -68.715750123693482 ], [ -70.333547044651056, -69.527147190264657 ], [ -72.801363839587381, -69.654962010271845 ], [ -73.945709353822977, -68.971807087751657 ], [ -72.815525215208623, -68.188586857793311 ], [ -70.518543422884804, -68.060741534705357 ], [ -69.222236287649594, -68.715750123693482 ] ] ] ] } },
{ "type": "Feature", "properties": { "geogrid_id": "7368860172085929471", "seqnum": 14590.0, "lat_c": -68.860171933035517, "lon_c": -85.929471206452391, "res": 7.0, "count_Birds": 3, "count_Mammals": 1, "count_Molluscs": 0, "count_Mosses": 0, "count_Insects": 0, "count_Sac Fungi": 0, "count_Flowering Plants": 0, "count_Arachnids": 0, "count_Basidiomycota": 0, "count_Amphibians": 0, "unique_species_count": 4.0, "countryCode": "AQ" }, "geometry": { "type": "MultiPolygon", "coordinates": [ [ [ [ -83.554290647094106, -68.971807087432367 ], [ -84.698636161846508, -69.654962009876016 ], [ -87.166452956708994, -69.527147189744042 ], [ -88.27776371328774, -68.715750123149775 ], [ -86.98145657774667, -68.060741534254035 ], [ -84.684474785425238, -68.188586857447618 ], [ -83.554290647094106, -68.971807087432367 ] ] ] ] } },
{ "type": "Feature", "properties": { "geogrid_id": "7368953440057129659", "seqnum": 14648.0, "lat_c": -68.953440453493485, "lon_c": -57.129658784374129, "res": 7.0, "count_Birds": 1, "count_Mammals": 1, "count_Molluscs": 0, "count_Mosses": 0, "count_Insects": 0, "count_Sac Fungi": 0, "count_Flowering Plants": 0, "count_Arachnids": 0, "count_Basidiomycota": 0, "count_Amphibians": 0, "unique_species_count": 2.0, "countryCode": "AQ" }, "geometry": { "type": "MultiPolygon", "coordinates": [ [ [ [ -54.926450583467336, -68.614721462313412 ], [ -55.517941991259292, -69.499242798109819 ], [ -57.836391642724074, -69.830715016036422 ], [ -59.399435680430351, -69.263112119474187 ], [ -58.694048808011054, -68.394818039760921 ], [ -56.526332571733413, -68.077498660211404 ], [ -54.926450583467336, -68.614721462313412 ] ] ] ] } },
{ "type": "Feature", "properties": { "geogrid_id": "7368953440100370341", "seqnum": 14642.0, "lat_c": -68.953440452266165, "lon_c": -100.37034121686457, "res": 7.0, "count_Birds": 0, "count_Mammals": 0, "count_Molluscs": 2, "count_Mosses": 0, "count_Insects": 0, "count_Sac Fungi": 0, "count_Flowering Plants": 0, "count_Arachnids": 0, "count_Basidiomycota": 0, "count_Amphibians": 0, "unique_species_count": 2.0, "countryCode": "AQ" }, "geometry": { "type": "MultiPolygon", "coordinates": [ [ [ [ -98.10056432095385, -69.263112118365925 ], [ -99.66360835898162, -69.83071501481038 ], [ -101.982058010253439, -69.499242796760214 ], [ -102.573549417614515, -68.614721460969477 ], [ -100.973667429120752, -68.07749865898937 ], [ -98.805951192965964, -68.39481803865236 ], [ -98.10056432095385, -69.263112118365925 ] ] ] ] } },
{ "type": "Feature", "properties": { "geogrid_id": "7368960045014670586", "seqnum": 15033.0, "lat_c": -68.960045144158812, "lon_c": -14.670585978956199, "res": 7.0, "count_Birds": 1, "count_Mammals": 0, "count_Molluscs": 0, "count_Mosses": 0, "count_Insects": 0, "count_Sac Fungi": 0, "count_Flowering Plants": 0, "count_Arachnids": 0, "count_Basidiomycota": 0, "count_Amphibians": 0, "unique_species_count": 1.0, "countryCode": "AQ" }, "geometry": { "type": "MultiPolygon", "coordinates": [ [ [ [ -13.438184134143578, -68.157620999877153 ], [ -12.111480970792529, -68.923376477704423 ], [ -12.827111697354823, -69.62502473368599 ], [ -15.452877300492554, -69.647107750106244 ], [ -16.707565844526101, -68.854498232592761 ], [ -15.425878717722474, -68.070958414111814 ], [ -13.438184134143578, -68.157620999877153 ] ] ] ] } },
{ "type": "Feature", "properties": { "geogrid_id": "7368999920037745108", "seqnum": 14786.0, "lat_c": -68.999920422291424, "lon_c": -37.745107669316553, "res": 7.0, "count_Birds": 1, "count_Mammals": 0, "count_Molluscs": 0, "count_Mosses": 0, "count_Insects": 0, "count_Sac Fungi": 0, "count_Flowering Plants": 0, "count_Arachnids": 0, "count_Basidiomycota": 0, "count_Amphibians": 0, "unique_species_count": 1.0, "countryCode": "AQ" }, "geometry": { "type": "MultiPolygon", "coordinates": [ [ [ [ -35.904518111659577, -68.426097519328252 ], [ -35.801189771290616, -69.344247301410675 ], [ -37.737332122987929, -69.921797336623783 ], [ -39.685965217219184, -69.553885701755704 ], [ -39.646847736287519, -68.635821977927293 ], [ -37.79728248427422, -68.084561936384603 ], [ -35.904518111659577, -68.426097519328252 ] ] ] ] } },
{ "type": "Feature", "properties": { "geogrid_id": "7369094843078750000", "seqnum": 14591.0, "lat_c": -69.094842558398767, "lon_c": -78.750000000017522, "res": 7.0, "count_Birds": 4, "count_Mammals": 2, "count_Molluscs": 1, "count_Mosses": 0, "count_Insects": 0, "count_Sac Fungi": 0, "count_Flowering Plants": 0, "count_Arachnids": 0, "count_Basidiomycota": 0, "count_Amphibians": 0, "unique_species_count": 7.0, "countryCode": "AQ" }, "geometry": { "type": "MultiPolygon", "coordinates": [ [ [ [ -76.341188032579794, -69.050151247293456 ], [ -77.569989620242694, -69.850508827314542 ], [ -79.930010380189842, -69.850508827085363 ], [ -81.158811968292213, -69.050151247084571 ], [ -79.982661414771187, -68.358480696485898 ], [ -77.517338586039486, -68.358480696709293 ], [ -76.341188032579794, -69.050151247293456 ] ] ] ] } },
{ "type": "Feature", "properties": { "geogrid_id": "7369120644024285263", "seqnum": 14924.0, "lat_c": -69.120643816185819, "lon_c": -24.285263280858544, "res": 7.0, "count_Birds": 1, "count_Mammals": 1, "count_Molluscs": 0, "count_Mosses": 0, "count_Insects": 0, "count_Sac Fungi": 0, "count_Flowering Plants": 0, "count_Arachnids": 0, "count_Basidiomycota": 0, "count_Amphibians": 0, "unique_species_count": 2.0, "countryCode": "AQ" }, "geometry": { "type": "MultiPolygon", "coordinates": [ [ [ [ -22.772606662918715, -68.40606954628025 ], [ -22.236148195012873, -69.312975636605074 ], [ -23.823211183692187, -70.037799931210955 ], [ -25.907611976455367, -69.823350205279951 ], [ -26.314208693619303, -68.90627154262009 ], [ -24.765617688790606, -68.21268154558004 ], [ -22.772606662918715, -68.40606954628025 ] ] ] ] } },
{ "type": "Feature", "properties": { "geogrid_id": "7369138430053276864", "seqnum": 14676.0, "lat_c": -69.138429779304104, "lon_c": -53.276864042989232, "res": 7.0, "count_Birds": 1, "count_Mammals": 0, "count_Molluscs": 0, "count_Mosses": 0, "count_Insects": 0, "count_Sac Fungi": 0, "count_Flowering Plants": 0, "count_Arachnids": 0, "count_Basidiomycota": 0, "count_Amphibians": 0, "unique_species_count": 1.0, "countryCode": "AQ" }, "geometry": { "type": "MultiPolygon", "coordinates": [ [ [ [ -51.113206890160313, -68.7498210162166 ], [ -51.577423298971397, -69.647592001269913 ], [ -53.858984410550647, -70.031106746831284 ], [ -55.517941991259292, -69.499242798109819 ], [ -54.926450583467336, -68.614721462313412 ], [ -52.791388594996199, -68.248279917574052 ], [ -51.113206890160313, -68.7498210162166 ] ] ] ] } },
{ "type": "Feature", "properties": { "geogrid_id": "7369138430104223136", "seqnum": 14669.0, "lat_c": -69.138429777834531, "lon_c": -104.22313595832505, "res": 7.0, "count_Birds": 0, "count_Mammals": 2, "count_Molluscs": 0, "count_Mosses": 0, "count_Insects": 0, "count_Sac Fungi": 0, "count_Flowering Plants": 0, "count_Arachnids": 0, "count_Basidiomycota": 0, "count_Amphibians": 0, "unique_species_count": 2.0, "countryCode": "AQ" }, "geometry": { "type": "MultiPolygon", "coordinates": [ [ [ [ -101.982058010253439, -69.499242796760214 ], [ -103.641015591248902, -70.031106745356269 ], [ -105.922576702579477, -69.647591999671249 ], [ -106.386793110949952, -68.749821014630498 ], [ -104.708611405918887, -68.24827991611609 ], [ -102.573549417614515, -68.614721460969477 ], [ -101.982058010253439, -69.499242796760214 ] ] ] ] } },
{ "type": "Feature", "properties": { "geogrid_id": "7369158704002601452", "seqnum": 15170.0, "lat_c": -69.158703674977772, "lon_c": -2.6014514877060391, "res": 7.0, "count_Birds": 6, "count_Mammals": 2, "count_Molluscs": 0, "count_Mosses": 0, "count_Insects": 0, "count_Sac Fungi": 0, "count_Flowering Plants": 0, "count_Arachnids": 0, "count_Basidiomycota": 0, "count_Amphibians": 0, "unique_species_count": 8.0, "countryCode": "AQ" }, "geometry": { "type": "MultiPolygon", "coordinates": [ [ [ [ -2.181341372205535, -68.413154678498401 ], [ -0.146953448271887, -68.950090974967907 ], [ -0.52108915939096, -69.705220842285385 ], [ -3.057774162462023, -69.906157868421033 ], [ -5.103027771512231, -69.331178738081135 ], [ -4.607038743936497, -68.594471128883967 ], [ -2.181341372205535, -68.413154678498401 ] ] ] ] } },
{ "type": "Feature", "properties": { "geogrid_id": "7369166531115910371", "seqnum": 14749.0, "lat_c": -69.166531409545925, "lon_c": -115.91037060674213, "res": 7.0, "count_Birds": 0, "count_Mammals": 2, "count_Molluscs": 0, "count_Mosses": 0, "count_Insects": 0, "count_Sac Fungi": 0, "count_Flowering Plants": 0, "count_Arachnids": 0, "count_Basidiomycota": 0, "count_Amphibians": 0, "unique_species_count": 2.0, "countryCode": "AQ" }, "geometry": { "type": "MultiPolygon", "coordinates": [ [ [ [ -113.869313310075754, -69.675088420315788 ], [ -115.766080676462209, -70.086292032900474 ], [ -117.81403478387324, -69.553885699391913 ], [ -117.853152264416025, -68.635821975599072 ], [ -115.995345589843637, -68.252617631902666 ], [ -114.053236462306558, -68.760436732087243 ], [ -113.869313310075754, -69.675088420315788 ] ] ] ] } },
{ "type": "Feature", "properties": { "geogrid_id": "7369236184108115651", "seqnum": 14695.0, "lat_c": -69.236183876069319, "lon_c": -108.11565103219063, "res": 7.0, "count_Birds": 0, "count_Mammals": 2, "count_Molluscs": 0, "count_Mosses": 0, "count_Insects": 0, "count_Sac Fungi": 0, "count_Flowering Plants": 0, "count_Arachnids": 0, "count_Basidiomycota": 0, "count_Amphibians": 0, "unique_species_count": 2.0, "countryCode": "AQ" }, "geometry": { "type": "MultiPolygon", "coordinates": [ [ [ [ -105.922576702579477, -69.647591999671249 ], [ -107.671745552087259, -70.141234394666881 ], [ -109.895066095403166, -69.706442800410059 ], [ -110.222090306842915, -68.79857728498061 ], [ -108.473170652488164, -68.334899464664446 ], [ -106.386793110949952, -68.749821014630498 ], [ -105.922576702579477, -69.647591999671249 ] ] ] ] } },
{ "type": "Feature", "properties": { "geogrid_id": "7369245587045479002", "seqnum": 14731.0, "lat_c": -69.245587023114439, "lon_c": -45.479002223702906, "res": 7.0, "count_Birds": 1, "count_Mammals": 0, "count_Molluscs": 0, "count_Mosses": 0, "count_Insects": 0, "count_Sac Fungi": 0, "count_Flowering Plants": 0, "count_Arachnids": 0, "count_Basidiomycota": 0, "count_Amphibians": 0, "unique_species_count": 1.0, "countryCode": "AQ" }, "geometry": { "type": "MultiPolygon", "coordinates": [ [ [ [ -43.44676353861297, -68.760436734168124 ], [ -43.63068669126239, -69.675088422424622 ], [ -45.775408187794405, -70.15972347419364 ], [ -47.604933906089549, -69.706442802262828 ], [ -47.27790969421347, -68.798577286813227 ], [ -45.256215385326662, -68.336358409344584 ], [ -43.44676353861297, -68.760436734168124 ] ] ] ] } },
{ "type": "Feature", "properties": { "geogrid_id": "7369245587112020998", "seqnum": 14722.0, "lat_c": -69.245587021145226, "lon_c": -112.02099777749953, "res": 7.0, "count_Birds": 0, "count_Mammals": 1, "count_Molluscs": 0, "count_Mosses": 0, "count_Insects": 0, "count_Sac Fungi": 0, "count_Flowering Plants": 0, "count_Arachnids": 0, "count_Basidiomycota": 0, "count_Amphibians": 0, "unique_species_count": 1.0, "countryCode": "AQ" }, "geometry": { "type": "MultiPolygon", "coordinates": [ [ [ [ -109.895066095403166, -69.706442800410059 ], [ -111.724591813882753, -70.1597234722027 ], [ -113.869313310075754, -69.675088420315788 ], [ -114.053236462306558, -68.760436732087243 ], [ -112.243784615484387, -68.336358407401107 ], [ -110.222090306842915, -68.79857728498061 ], [ -109.895066095403166, -69.706442800410059 ] ] ] ] } },
{ "type": "Feature", "properties": { "geogrid_id": "7369364807067910785", "seqnum": 14619.0, "lat_c": -69.364807308998778, "lon_c": -67.910784725867686, "res": 7.0, "count_Birds": 7, "count_Mammals": 5, "count_Molluscs": 0, "count_Mosses": 1, "count_Insects": 1, "count_Sac Fungi": 0, "count_Flowering Plants": 0, "count_Arachnids": 0, "count_Basidiomycota": 0, "count_Amphibians": 0, "unique_species_count": 14.0, "countryCode": "AQ" }, "geometry": { "type": "MultiPolygon", "coordinates": [ [ [ [ -65.531928359903617, -69.169366624866527 ], [ -66.590804259722489, -70.004203722729784 ], [ -69.118112841921516, -70.182851969266721 ], [ -70.333547044651056, -69.527147190264657 ], [ -69.222236287649594, -68.715750123693482 ], [ -66.906940553306498, -68.539177013644561 ], [ -65.531928359903617, -69.169366624866527 ] ] ] ] } },
{ "type": "Feature", "properties": { "geogrid_id": "7369364807089589215", "seqnum": 14616.0, "lat_c": -69.364807308358351, "lon_c": -89.589215275443422, "res": 7.0, "count_Birds": 7, "count_Mammals": 4, "count_Molluscs": 1, "count_Mosses": 0, "count_Insects": 0, "count_Sac Fungi": 0, "count_Flowering Plants": 0, "count_Arachnids": 0, "count_Basidiomycota": 0, "count_Amphibians": 0, "unique_species_count": 12.0, "countryCode": "AQ" }, "geometry": { "type": "MultiPolygon", "coordinates": [ [ [ [ -87.166452956708994, -69.527147189744042 ], [ -88.381887160010436, -70.182851968669056 ], [ -90.909195742046293, -70.004203721994955 ], [ -91.968071641348956, -69.169366624107468 ], [ -90.593059447607573, -68.539177012987807 ], [ -88.27776371328774, -68.715750123149775 ], [ -87.166452956708994, -69.527147189744042 ] ] ] ] } },
{ "type": "Feature", "properties": { "geogrid_id": "7369467669159461514", "seqnum": 15207.0, "lat_c": -69.467668826696382, "lon_c": -159.46151356050777, "res": 7.0, "count_Birds": 0, "count_Mammals": 0, "count_Molluscs": 1, "count_Mosses": 0, "count_Insects": 0, "count_Sac Fungi": 0, "count_Flowering Plants": 0, "count_Arachnids": 0, "count_Basidiomycota": 0, "count_Amphibians": 0, "unique_species_count": 1.0, "countryCode": "AQ" }, "geometry": { "type": "MultiPolygon", "coordinates": [ [ [ [ -159.142485745338575, -70.231152290124967 ], [ -161.650769668883896, -69.963147634502121 ], [ -161.884287037611529, -69.194598484121329 ], [ -159.754899785374306, -68.706247428949339 ], [ -157.353046541195852, -68.950090972707699 ], [ -156.978910830172794, -69.705220840013325 ], [ -159.142485745338575, -70.231152290124967 ] ] ] ] } },
{ "type": "Feature", "properties": { "geogrid_id": "7369467669178038486", "seqnum": 17148.0, "lat_c": -69.46766882735055, "lon_c": -178.03848645794761, "res": 7.0, "count_Birds": 6, "count_Mammals": 4, "count_Molluscs": 4, "count_Mosses": 0, "count_Insects": 0, "count_Sac Fungi": 0, "count_Flowering Plants": 0, "count_Arachnids": 0, "count_Basidiomycota": 0, "count_Amphibians": 0, "unique_species_count": 14.0, "countryCode": "AQ" }, "geometry": { "type": "MultiPolygon", "coordinates": [ [ [ [ 179.478910811222931, -69.705220840258079 ], [ 179.853046523445443, -68.950090973022085 ], [ 180.0, -68.935171803204938 ], [ 180.0, -69.831889526907943 ], [ 179.478910811222931, -69.705220840258079 ] ] ], [ [ [ -177.745100231897652, -68.706247429656884 ], [ -175.615712980270644, -69.194598485170218 ], [ -175.849230350245108, -69.963147635509628 ], [ -178.357514274391036, -70.23115229072063 ], [ -180.0, -69.831889526907943 ], [ -180.0, -68.935171803204938 ], [ -177.745100231897652, -68.706247429656884 ] ] ] ] } },
{ "type": "Feature", "properties": { "geogrid_id": "7369564839010222475", "seqnum": 15088.0, "lat_c": -69.564839482064343, "lon_c": -10.222474584028264, "res": 7.0, "count_Birds": 3, "count_Mammals": 2, "count_Molluscs": 0, "count_Mosses": 0, "count_Insects": 0, "count_Sac Fungi": 0, "count_Flowering Plants": 0, "count_Arachnids": 0, "count_Basidiomycota": 0, "count_Amphibians": 0, "unique_species_count": 5.0, "countryCode": "AQ" }, "geometry": { "type": "MultiPolygon", "coordinates": [ [ [ [ -9.577593418902564, -68.850060356127472 ], [ -7.645546330225475, -69.466755201965341 ], [ -8.266406293525618, -70.194514839238565 ], [ -10.923332304913799, -70.280528509704993 ], [ -12.827111697354823, -69.62502473368599 ], [ -12.111480970792529, -68.923376477704423 ], [ -9.577593418902564, -68.850060356127472 ] ] ] ] } },
{ "type": "Feature", "properties": { "geogrid_id": "7369564839147277525", "seqnum": 15072.0, "lat_c": -69.564839479628077, "lon_c": -147.27752540674049, "res": 7.0, "count_Birds": 3, "count_Mammals": 0, "count_Molluscs": 0, "count_Mosses": 0, "count_Insects": 20, "count_Sac Fungi": 0, "count_Flowering Plants": 0, "count_Arachnids": 0, "count_Basidiomycota": 0, "count_Amphibians": 0, "unique_species_count": 23.0, "countryCode": "AQ" }, "geometry": { "type": "MultiPolygon", "coordinates": [ [ [ [ -146.576667686059125, -70.280528507262318 ], [ -149.233593697071854, -70.194514836827182 ], [ -149.854453660195816, -69.466755199562257 ], [ -147.92240657168287, -68.85006035369949 ], [ -145.388519020122885, -68.923376475249569 ], [ -144.672888293769091, -69.625024731224599 ], [ -146.576667686059125, -70.280528507262318 ] ] ] ] } },
{ "type": "Feature", "properties": { "geogrid_id": "7369586812027968405", "seqnum": 14896.0, "lat_c": -69.586811541016388, "lon_c": -27.968405007391091, "res": 7.0, "count_Birds": 1, "count_Mammals": 0, "count_Molluscs": 0, "count_Mosses": 0, "count_Insects": 0, "count_Sac Fungi": 0, "count_Flowering Plants": 0, "count_Arachnids": 0, "count_Basidiomycota": 0, "count_Amphibians": 0, "unique_species_count": 1.0, "countryCode": "AQ" }, "geometry": { "type": "MultiPolygon", "coordinates": [ [ [ [ -26.314208693619303, -68.90627154262009 ], [ -25.907611976455367, -69.823350205279951 ], [ -27.653514667773248, -70.512813907083128 ], [ -29.74020108360294, -70.252898540989747 ], [ -30.001774457297902, -69.328436370163288 ], [ -28.319233564159248, -68.670074962949116 ], [ -26.314208693619303, -68.90627154262009 ] ] ] ] } },
{ "type": "Feature", "properties": { "geogrid_id": "7369586812129531595", "seqnum": 14883.0, "lat_c": -69.586811537866893, "lon_c": -129.53159499283794, "res": 7.0, "count_Birds": 0, "count_Mammals": 1, "count_Molluscs": 0, "count_Mosses": 0, "count_Insects": 0, "count_Sac Fungi": 0, "count_Flowering Plants": 0, "count_Arachnids": 0, "count_Basidiomycota": 0, "count_Amphibians": 0, "unique_species_count": 1.0, "countryCode": "AQ" }, "geometry": { "type": "MultiPolygon", "coordinates": [ [ [ [ -127.759798917088077, -70.252898537933902 ], [ -129.846485332842803, -70.512813903878509 ], [ -131.592388023664682, -69.823350201984809 ], [ -131.185791306194517, -68.906271539382672 ], [ -129.180766435763644, -68.670074959854261 ], [ -127.498225543014343, -69.328436367159256 ], [ -127.759798917088077, -70.252898537933902 ] ] ] ] } },
{ "type": "Feature", "properties": { "geogrid_id": "7369631104018093668", "seqnum": 15006.0, "lat_c": -69.631103759581549, "lon_c": -18.093668392445974, "res": 7.0, "count_Birds": 5, "count_Mammals": 0, "count_Molluscs": 0, "count_Mosses": 0, "count_Insects": 0, "count_Sac Fungi": 0, "count_Flowering Plants": 0, "count_Arachnids": 0, "count_Basidiomycota": 0, "count_Amphibians": 0, "unique_species_count": 5.0, "countryCode": "AQ" }, "geometry": { "type": "MultiPolygon", "coordinates": [ [ [ [ -16.707565844526101, -68.854498232592761 ], [ -15.452877300492554, -69.647107750106244 ], [ -16.302720278067866, -70.334210022946863 ], [ -19.00977524330219, -70.301732543508507 ], [ -20.17087460909233, -69.483140258181052 ], [ -18.739639616455008, -68.727027547784886 ], [ -16.707565844526101, -68.854498232592761 ] ] ] ] } },
{ "type": "Feature", "properties": { "geogrid_id": "7369659511164090966", "seqnum": 15261.0, "lat_c": -69.659511442876891, "lon_c": -164.09096600206209, "res": 7.0, "count_Birds": 4, "count_Mammals": 2, "count_Molluscs": 2, "count_Mosses": 0, "count_Insects": 0, "count_Sac Fungi": 0, "count_Flowering Plants": 0, "count_Arachnids": 0, "count_Basidiomycota": 0, "count_Amphibians": 0, "unique_species_count": 8.0, "countryCode": "AQ" }, "geometry": { "type": "MultiPolygon", "coordinates": [ [ [ [ -163.926209406808795, -70.433870759589198 ], [ -166.378741042335662, -70.098462350860657 ], [ -166.458523103787002, -69.321632403811705 ], [ -164.242395184991182, -68.887217949216534 ], [ -161.884287037611529, -69.194598484121329 ], [ -161.650769668883896, -69.963147634502121 ], [ -163.926209406808795, -70.433870759589198 ] ] ] ] } },
{ "type": "Feature", "properties": { "geogrid_id": "7369659511173409034", "seqnum": 17120.0, "lat_c": -69.659511444279559, "lon_c": -173.40903401638982, "res": 7.0, "count_Birds": 6, "count_Mammals": 3, "count_Molluscs": 0, "count_Mosses": 0, "count_Insects": 0, "count_Sac Fungi": 0, "count_Flowering Plants": 0, "count_Arachnids": 0, "count_Basidiomycota": 0, "count_Amphibians": 0, "unique_species_count": 9.0, "countryCode": "AQ" }, "geometry": { "type": "MultiPolygon", "coordinates": [ [ [ [ -175.849230350245108, -69.963147635509628 ], [ -175.615712980270644, -69.194598485170218 ], [ -173.257604832250763, -68.887217950644256 ], [ -171.041476913925067, -69.321632405591743 ], [ -171.121258976632532, -70.098462352629738 ], [ -173.573790612948898, -70.43387076096414 ], [ -175.849230350245108, -69.963147635509628 ] ] ] ] } },
{ "type": "Feature", "properties": { "geogrid_id": "7369729065168750000", "seqnum": 17093.0, "lat_c": -69.729065089582377, "lon_c": -168.75000000831201, "res": 7.0, "count_Birds": 7, "count_Mammals": 0, "count_Molluscs": 0, "count_Mosses": 0, "count_Insects": 0, "count_Sac Fungi": 0, "count_Flowering Plants": 0, "count_Arachnids": 0, "count_Basidiomycota": 0, "count_Amphibians": 0, "unique_species_count": 7.0, "countryCode": "AQ" }, "geometry": { "type": "MultiPolygon", "coordinates": [ [ [ [ -171.121258976632532, -70.098462352629738 ], [ -171.041476913925067, -69.321632405591743 ], [ -168.750000007728204, -68.950966461780538 ], [ -166.458523103787002, -69.321632403811705 ], [ -166.378741042335662, -70.098462350860657 ], [ -168.750000008941356, -70.508990693377569 ], [ -171.121258976632532, -70.098462352629738 ] ] ] ] } },
{ "type": "Feature", "properties": { "geogrid_id": "7369742092075346808", "seqnum": 14618.0, "lat_c": -69.74209160472455, "lon_c": -75.346807803620251, "res": 7.0, "count_Birds": 1, "count_Mammals": 2, "count_Molluscs": 1, "count_Mosses": 10, "count_Insects": 0, "count_Sac Fungi": 9, "count_Flowering Plants": 0, "count_Arachnids": 7, "count_Basidiomycota": 0, "count_Amphibians": 0, "unique_species_count": 30.0, "countryCode": "AQ" }, "geometry": { "type": "MultiPolygon", "coordinates": [ [ [ [ -72.801363839587381, -69.654962010271845 ], [ -73.94135355568207, -70.489783363695665 ], [ -76.302425000088093, -70.597773961462309 ], [ -77.569989620242694, -69.850508827314542 ], [ -76.341188032579794, -69.050151247293456 ], [ -73.945709353822977, -68.971807087751657 ], [ -72.801363839587381, -69.654962010271845 ] ] ] ] } },
{ "type": "Feature", "properties": { "geogrid_id": "7369742092082153192", "seqnum": 14617.0, "lat_c": -69.742091604079334, "lon_c": -82.15319219608368, "res": 7.0, "count_Birds": 4, "count_Mammals": 0, "count_Molluscs": 1, "count_Mosses": 0, "count_Insects": 0, "count_Sac Fungi": 0, "count_Flowering Plants": 0, "count_Arachnids": 0, "count_Basidiomycota": 0, "count_Amphibians": 0, "unique_species_count": 5.0, "countryCode": "AQ" }, "geometry": { "type": "MultiPolygon", "coordinates": [ [ [ [ -79.930010380189842, -69.850508827085363 ], [ -81.197575000539175, -70.597773961150594 ], [ -83.55864644445677, -70.489783363097388 ], [ -84.698636161846508, -69.654962009876016 ], [ -83.554290647094106, -68.971807087432367 ], [ -81.158811968292213, -69.050151247084571 ], [ -79.930010380189842, -69.850508827085363 ] ] ] ] } },
{ "type": "Feature", "properties": { "geogrid_id": "7369789953064131096", "seqnum": 14647.0, "lat_c": -69.789952809152268, "lon_c": -64.131095521790442, "res": 7.0, "count_Birds": 1, "count_Mammals": 0, "count_Molluscs": 0, "count_Mosses": 0, "count_Insects": 24, "count_Sac Fungi": 0, "count_Flowering Plants": 0, "count_Arachnids": 19, "count_Basidiomycota": 0, "count_Amphibians": 0, "unique_species_count": 44.0, "countryCode": "AQ" }, "geometry": { "type": "MultiPolygon", "coordinates": [ [ [ [ -61.733849691056726, -69.542406041352308 ], [ -62.707924810537349, -70.398735669767987 ], [ -65.269275199292082, -70.630649049201125 ], [ -66.590804259722489, -70.004203722729784 ], [ -65.531928359903617, -69.169366624866527 ], [ -63.200260807868361, -68.941859452817312 ], [ -61.733849691056726, -69.542406041352308 ] ] ] ] } },
{ "type": "Feature", "properties": { "geogrid_id": "7369789953093368904", "seqnum": 14643.0, "lat_c": -69.789952808289542, "lon_c": -93.368904479852389, "res": 7.0, "count_Birds": 1, "count_Mammals": 0, "count_Molluscs": 1, "count_Mosses": 0, "count_Insects": 0, "count_Sac Fungi": 0, "count_Flowering Plants": 0, "count_Arachnids": 0, "count_Basidiomycota": 0, "count_Amphibians": 0, "unique_species_count": 2.0, "countryCode": "AQ" }, "geometry": { "type": "MultiPolygon", "coordinates": [ [ [ [ -90.909195742046293, -70.004203721994955 ], [ -92.230724803033709, -70.630649048379809 ], [ -94.792075191555938, -70.3987356688029 ], [ -95.766150310461342, -69.54240604036552 ], [ -94.299739193309264, -68.94185945194053 ], [ -91.968071641348956, -69.169366624107468 ], [ -90.909195742046293, -70.004203721994955 ] ] ] ] } },
{ "type": "Feature", "properties": { "geogrid_id": "7369971234031795929", "seqnum": 14868.0, "lat_c": -69.971234497638491, "lon_c": -31.795928994131749, "res": 7.0, "count_Birds": 3, "count_Mammals": 0, "count_Molluscs": 0, "count_Mosses": 0, "count_Insects": 0, "count_Sac Fungi": 0, "count_Flowering Plants": 0, "count_Arachnids": 0, "count_Basidiomycota": 0, "count_Amphibians": 0, "unique_species_count": 3.0, "countryCode": "AQ" }, "geometry": { "type": "MultiPolygon", "coordinates": [ [ [ [ -30.001774457297902, -69.328436370163288 ], [ -29.74020108360294, -70.252898540989747 ], [ -31.643777716737898, -70.902843774311194 ], [ -33.713574099501962, -70.596805415859194 ], [ -33.817265080932025, -69.668197477210313 ], [ -32.004250508145333, -69.048565112117188 ], [ -30.001774457297902, -69.328436370163288 ] ] ] ] } },
{ "type": "Feature", "properties": { "geogrid_id": "7370069521005641968", "seqnum": 15142.0, "lat_c": -70.06952114556654, "lon_c": -5.6419675939320797, "res": 7.0, "count_Birds": 7, "count_Mammals": 1, "count_Molluscs": 1, "count_Mosses": 0, "count_Insects": 0, "count_Sac Fungi": 0, "count_Flowering Plants": 0, "count_Arachnids": 0, "count_Basidiomycota": 0, "count_Amphibians": 0, "unique_species_count": 9.0, "countryCode": "AQ" }, "geometry": { "type": "MultiPolygon", "coordinates": [ [ [ [ -5.103027771512231, -69.331178738081135 ], [ -3.057774162462023, -69.906157868421033 ], [ -3.554582054372804, -70.6552269922596 ], [ -6.228886674823802, -70.809124935359463 ], [ -8.266406293525618, -70.194514839238565 ], [ -7.645546330225475, -69.466755201965341 ], [ -5.103027771512231, -69.331178738081135 ] ] ] ] } },
{ "type": "Feature", "properties": { "geogrid_id": "7370131189060232463", "seqnum": 14675.0, "lat_c": -70.131188713594483, "lon_c": -60.232463370722989, "res": 7.0, "count_Birds": 1, "count_Mammals": 0, "count_Molluscs": 0, "count_Mosses": 0, "count_Insects": 0, "count_Sac Fungi": 0, "count_Flowering Plants": 0, "count_Arachnids": 0, "count_Basidiomycota": 0, "count_Amphibians": 0, "unique_species_count": 1.0, "countryCode": "AQ" }, "geometry": { "type": "MultiPolygon", "coordinates": [ [ [ [ -57.836391642724074, -69.830715016036422 ], [ -58.697891473213588, -70.706716154906232 ], [ -61.266200331305356, -70.993785496033766 ], [ -62.707924810537349, -70.398735669767987 ], [ -61.733849691056726, -69.542406041352308 ], [ -59.399435680430351, -69.263112119474187 ], [ -57.836391642724074, -69.830715016036422 ] ] ] ] } },
{ "type": "Feature", "properties": { "geogrid_id": "7370131189097267537", "seqnum": 14670.0, "lat_c": -70.131188712496112, "lon_c": -97.267536631172987, "res": 7.0, "count_Birds": 1, "count_Mammals": 0, "count_Molluscs": 0, "count_Mosses": 0, "count_Insects": 0, "count_Sac Fungi": 0, "count_Flowering Plants": 0, "count_Arachnids": 0, "count_Basidiomycota": 0, "count_Amphibians": 0, "unique_species_count": 1.0, "countryCode": "AQ" }, "geometry": { "type": "MultiPolygon", "coordinates": [ [ [ [ -94.792075191555938, -70.3987356688029 ], [ -96.233799671306883, -70.993785494969799 ], [ -98.802108529102284, -70.706716153695851 ], [ -99.66360835898162, -69.83071501481038 ], [ -98.10056432095385, -69.263112118365925 ], [ -95.766150310461342, -69.54240604036552 ], [ -94.792075191555938, -70.3987356688029 ] ] ] ] } },
{ "type": "Feature", "properties": { "geogrid_id": "7370230002021719328", "seqnum": 14978.0, "lat_c": -70.230001563179343, "lon_c": -21.719328411687201, "res": 7.0, "count_Birds": 3, "count_Mammals": 0, "count_Molluscs": 0, "count_Mosses": 0, "count_Insects": 0, "count_Sac Fungi": 0, "count_Flowering Plants": 0, "count_Arachnids": 0, "count_Basidiomycota": 0, "count_Amphibians": 0, "unique_species_count": 3.0, "countryCode": "AQ" }, "geometry": { "type": "MultiPolygon", "coordinates": [ [ [ [ -20.17087460909233, -69.483140258181052 ], [ -19.00977524330219, -70.301732543508507 ], [ -20.005956904187961, -70.971023140729059 ], [ -22.77892324252845, -70.880882326605075 ], [ -23.823211183692187, -70.037799931210955 ], [ -22.236148195012873, -69.312975636605074 ], [ -20.17087460909233, -69.483140258181052 ] ] ] ] } },
{ "type": "Feature", "properties": { "geogrid_id": "7370269627035745722", "seqnum": 14841.0, "lat_c": -70.269626765193067, "lon_c": -35.745722329008572, "res": 7.0, "count_Birds": 1, "count_Mammals": 0, "count_Molluscs": 0, "count_Mosses": 0, "count_Insects": 0, "count_Sac Fungi": 0, "count_Flowering Plants": 0, "count_Arachnids": 0, "count_Basidiomycota": 0, "count_Amphibians": 0, "unique_species_count": 1.0, "countryCode": "AQ" }, "geometry": { "type": "MultiPolygon", "coordinates": [ [ [ [ -33.817265080932025, -69.668197477210313 ], [ -33.713574099501962, -70.596805415859194 ], [ -35.768740290261299, -71.203151332913492 ], [ -37.800920283684235, -70.850949934063337 ], [ -37.737332122987929, -69.921797336623783 ], [ -35.801189771290616, -69.344247301410675 ], [ -33.817265080932025, -69.668197477210313 ] ] ] ] } },
{ "type": "Feature", "properties": { "geogrid_id": "7370319749085759780", "seqnum": 14644.0, "lat_c": -70.319749009673075, "lon_c": -85.759779808586543, "res": 7.0, "count_Birds": 2, "count_Mammals": 0, "count_Molluscs": 1, "count_Mosses": 0, "count_Insects": 3, "count_Sac Fungi": 0, "count_Flowering Plants": 0, "count_Arachnids": 0, "count_Basidiomycota": 0, "count_Amphibians": 0, "unique_species_count": 6.0, "countryCode": "AQ" }, "geometry": { "type": "MultiPolygon", "coordinates": [ [ [ [ -83.55864644445677, -70.489783363097388 ], [ -85.021888653436903, -71.215428639166603 ], [ -87.366337506868959, -71.041705642007543 ], [ -88.381887160010436, -70.182851968669056 ], [ -87.166452956708994, -69.527147189744042 ], [ -84.698636161846508, -69.654962009876016 ], [ -83.55864644445677, -70.489783363097388 ] ] ] ] } },
{ "type": "Feature", "properties": { "geogrid_id": "7370327156013604746", "seqnum": 15060.0, "lat_c": -70.32715599242492, "lon_c": -13.604746173831629, "res": 7.0, "count_Birds": 9, "count_Mammals": 1, "count_Molluscs": 1, "count_Mosses": 0, "count_Insects": 0, "count_Sac Fungi": 0, "count_Flowering Plants": 0, "count_Arachnids": 0, "count_Basidiomycota": 0, "count_Amphibians": 0, "unique_species_count": 11.0, "countryCode": "AQ" }, "geometry": { "type": "MultiPolygon", "coordinates": [ [ [ [ -12.827111697354823, -69.62502473368599 ], [ -10.923332304913799, -70.280528509704993 ], [ -11.686518707819237, -70.996551144200865 ], [ -14.451255962305121, -71.029077497324224 ], [ -16.302720278067866, -70.334210022946863 ], [ -15.452877300492554, -69.647107750106244 ], [ -12.827111697354823, -69.62502473368599 ] ] ] ] } },
{ "type": "Feature", "properties": { "geogrid_id": "7370327156143895254", "seqnum": 15045.0, "lat_c": -70.327155989959294, "lon_c": -143.89525381752406, "res": 7.0, "count_Birds": 0, "count_Mammals": 1, "count_Molluscs": 0, "count_Mosses": 0, "count_Insects": 0, "count_Sac Fungi": 0, "count_Flowering Plants": 0, "count_Arachnids": 0, "count_Basidiomycota": 0, "count_Amphibians": 0, "unique_species_count": 1.0, "countryCode": "AQ" }, "geometry": { "type": "MultiPolygon", "coordinates": [ [ [ [ -143.048744029308864, -71.029077494856992 ], [ -145.813481283381776, -70.996551141753926 ], [ -146.576667686059125, -70.280528507262318 ], [ -144.672888293769091, -69.625024731224599 ], [ -142.047122690989113, -69.647107747628226 ], [ -141.197279713672145, -70.334210020467026 ], [ -143.048744029308864, -71.029077494856992 ] ] ] ] } },
{ "type": "Feature", "properties": { "geogrid_id": "7370384870056231269", "seqnum": 14702.0, "lat_c": -70.384869712874121, "lon_c": -56.231269227157618, "res": 7.0, "count_Birds": 1, "count_Mammals": 0, "count_Molluscs": 0, "count_Mosses": 0, "count_Insects": 0, "count_Sac Fungi": 0, "count_Flowering Plants": 0, "count_Arachnids": 0, "count_Basidiomycota": 0, "count_Amphibians": 0, "unique_species_count": 1.0, "countryCode": "AQ" }, "geometry": { "type": "MultiPolygon", "coordinates": [ [ [ [ -53.858984410550647, -70.031106746831284 ], [ -54.584994958683659, -70.924439511887272 ], [ -57.132190249266131, -71.267678153570586 ], [ -58.697891473213588, -70.706716154906232 ], [ -57.836391642724074, -69.830715016036422 ], [ -55.517941991259292, -69.499242798109819 ], [ -53.858984410550647, -70.031106746831284 ] ] ] ] } },
{ "type": "Feature", "properties": { "geogrid_id": "7370384870101268731", "seqnum": 14696.0, "lat_c": -70.384869711528026, "lon_c": -101.26873077489428, "res": 7.0, "count_Birds": 3, "count_Mammals": 1, "count_Molluscs": 1, "count_Mosses": 0, "count_Insects": 1, "count_Sac Fungi": 0, "count_Flowering Plants": 0, "count_Arachnids": 0, "count_Basidiomycota": 0, "count_Amphibians": 0, "unique_species_count": 6.0, "countryCode": "AQ" }, "geometry": { "type": "MultiPolygon", "coordinates": [ [ [ [ -98.802108529102284, -70.706716153695851 ], [ -100.367809753515957, -71.267678152248607 ], [ -102.915005043741104, -70.924439510419319 ], [ -103.641015591248902, -70.031106745356269 ], [ -101.982058010253439, -69.499242796760214 ], [ -99.66360835898162, -69.83071501481038 ], [ -98.802108529102284, -70.706716153695851 ] ] ] ] } },
{ "type": "Feature", "properties": { "geogrid_id": "7370462234000928215", "seqnum": 15196.0, "lat_c": -70.462233597176819, "lon_c": -0.92821468213344605, "res": 7.0, "count_Birds": 2, "count_Mammals": 0, "count_Molluscs": 0, "count_Mosses": 0, "count_Insects": 0, "count_Sac Fungi": 0, "count_Flowering Plants": 0, "count_Arachnids": 0, "count_Basidiomycota": 0, "count_Amphibians": 0, "unique_species_count": 2.0, "countryCode": "AQ" }, "geometry": { "type": "MultiPolygon", "coordinates": [ [ [ [ -0.52108915939096, -69.705220842285385 ], [ 1.642485755995047, -70.231152292349122 ], [ 1.294665208506184, -70.996519059804456 ], [ -1.372388605324128, -71.220886032943881 ], [ -3.554582054372804, -70.6552269922596 ], [ -3.057774162462023, -69.906157868421033 ], [ -0.52108915939096, -69.705220842285385 ] ] ] ] } },
{ "type": "Feature", "properties": { "geogrid_id": "7370478467039790064", "seqnum": 14813.0, "lat_c": -70.478467163765174, "lon_c": -39.790064298310568, "res": 7.0, "count_Birds": 1, "count_Mammals": 0, "count_Molluscs": 0, "count_Mosses": 0, "count_Insects": 0, "count_Sac Fungi": 0, "count_Flowering Plants": 0, "count_Arachnids": 0, "count_Basidiomycota": 0, "count_Amphibians": 0, "unique_species_count": 1.0, "countryCode": "AQ" }, "geometry": { "type": "MultiPolygon", "coordinates": [ [ [ [ -37.737332122987929, -69.921797336623783 ], [ -37.800920283684235, -70.850949934063337 ], [ -39.996257218706404, -71.409883784453399 ], [ -41.969654947400493, -71.012155484066639 ], [ -41.733919324999377, -70.086292035151786 ], [ -39.685965217219184, -69.553885701755704 ], [ -37.737332122987929, -69.921797336623783 ] ] ] ] } },
{ "type": "Feature", "properties": { "geogrid_id": "7370547995105346864", "seqnum": 14723.0, "lat_c": -70.547994831525457, "lon_c": -105.34686389144846, "res": 7.0, "count_Birds": 1, "count_Mammals": 0, "count_Molluscs": 0, "count_Mosses": 0, "count_Insects": 0, "count_Sac Fungi": 0, "count_Flowering Plants": 0, "count_Arachnids": 0, "count_Basidiomycota": 0, "count_Amphibians": 0, "unique_species_count": 1.0, "countryCode": "AQ" }, "geometry": { "type": "MultiPolygon", "coordinates": [ [ [ [ -102.915005043741104, -70.924439510419319 ], [ -104.601232876767583, -71.448415639512746 ], [ -107.098964074658483, -71.048958898986854 ], [ -107.671745552087259, -70.141234394666881 ], [ -105.922576702579477, -69.647591999671249 ], [ -103.641015591248902, -70.031106745356269 ], [ -102.915005043741104, -70.924439510419319 ] ] ] ] } },
{ "type": "Feature", "properties": { "geogrid_id": "7370618449109470208", "seqnum": 14750.0, "lat_c": -70.618448910171523, "lon_c": -109.47020796100902, "res": 7.0, "count_Birds": 3, "count_Mammals": 1, "count_Molluscs": 0, "count_Mosses": 0, "count_Insects": 0, "count_Sac Fungi": 0, "count_Flowering Plants": 0, "count_Arachnids": 0, "count_Basidiomycota": 0, "count_Amphibians": 0, "unique_species_count": 4.0, "countryCode": "AQ" }, "geometry": { "type": "MultiPolygon", "coordinates": [ [ [ [ -107.098964074658483, -71.048958898986854 ], [ -108.896365973737105, -71.533147564860244 ], [ -111.3171895359459, -71.078400703257316 ], [ -111.724591813882753, -70.1597234722027 ], [ -109.895066095403166, -69.706442800410059 ], [ -107.671745552087259, -70.141234394666881 ], [ -107.098964074658483, -71.048958898986854 ] ] ] ] } },
{ "type": "Feature", "properties": { "geogrid_id": "7370634844078750000", "seqnum": 14645.0, "lat_c": -70.63484383482114, "lon_c": -78.750000000399666, "res": 7.0, "count_Birds": 3, "count_Mammals": 1, "count_Molluscs": 0, "count_Mosses": 0, "count_Insects": 0, "count_Sac Fungi": 0, "count_Flowering Plants": 0, "count_Arachnids": 0, "count_Basidiomycota": 0, "count_Amphibians": 0, "unique_species_count": 4.0, "countryCode": "AQ" }, "geometry": { "type": "MultiPolygon", "coordinates": [ [ [ [ -76.302425000088093, -70.597773961462309 ], [ -77.470897897126434, -71.397175036616147 ], [ -80.029102103898893, -71.397175036481741 ], [ -81.197575000539175, -70.597773961150594 ], [ -79.930010380189842, -69.850508827085363 ], [ -77.569989620242694, -69.850508827314542 ], [ -76.302425000088093, -70.597773961462309 ] ] ] ] } },
{ "type": "Feature", "properties": { "geogrid_id": "7370733720161396411", "seqnum": 15235.0, "lat_c": -70.733720455416687, "lon_c": -161.39641149698073, "res": 7.0, "count_Birds": 0, "count_Mammals": 0, "count_Molluscs": 1, "count_Mosses": 0, "count_Insects": 0, "count_Sac Fungi": 0, "count_Flowering Plants": 0, "count_Arachnids": 0, "count_Basidiomycota": 0, "count_Amphibians": 0, "unique_species_count": 1.0, "countryCode": "AQ" }, "geometry": { "type": "MultiPolygon", "coordinates": [ [ [ [ -161.118558168562174, -71.506177715844231 ], [ -163.746445366929436, -71.210196533932276 ], [ -163.926209406808795, -70.433870759589198 ], [ -161.650769668883896, -69.963147634502121 ], [ -159.142485745338575, -70.231152290124967 ], [ -158.794665197941072, -70.996519057569245 ], [ -161.118558168562174, -71.506177715844231 ] ] ] ] } },
{ "type": "Feature", "properties": { "geogrid_id": "7370733720176103589", "seqnum": 17094.0, "lat_c": -70.733720456378634, "lon_c": -176.10358852349466, "res": 7.0, "count_Birds": 0, "count_Mammals": 1, "count_Molluscs": 0, "count_Mosses": 0, "count_Insects": 0, "count_Sac Fungi": 0, "count_Flowering Plants": 0, "count_Arachnids": 0, "count_Basidiomycota": 0, "count_Amphibians": 0, "unique_species_count": 1.0, "countryCode": "AQ" }, "geometry": { "type": "MultiPolygon", "coordinates": [ [ [ [ -178.705334823164463, -70.996519058100645 ], [ -178.357514274391036, -70.23115229072063 ], [ -175.849230350245108, -69.963147635509628 ], [ -173.573790612948898, -70.43387076096414 ], [ -173.753554654241896, -71.210196535276467 ], [ -176.381441853371769, -71.506177716755914 ], [ -178.705334823164463, -70.996519058100645 ] ] ] ] } },
{ "type": "Feature", "properties": { "geogrid_id": "7370750696025539695", "seqnum": 14950.0, "lat_c": -70.750695798061727, "lon_c": -25.539695282914256, "res": 7.0, "count_Birds": 1, "count_Mammals": 0, "count_Molluscs": 0, "count_Mosses": 0, "count_Insects": 0, "count_Sac Fungi": 0, "count_Flowering Plants": 0, "count_Arachnids": 0, "count_Basidiomycota": 0, "count_Amphibians": 0, "unique_species_count": 1.0, "countryCode": "AQ" }, "geometry": { "type": "MultiPolygon", "coordinates": [ [ [ [ -23.823211183692187, -70.037799931210955 ], [ -22.77892324252845, -70.880882326605075 ], [ -23.931658890280737, -71.52869318872564 ], [ -26.749953260852397, -71.37819897654893 ], [ -27.653514667773248, -70.512813907083128 ], [ -25.907611976455367, -69.823350205279951 ], [ -23.823211183692187, -70.037799931210955 ] ] ] ] } },
{ "type": "Feature", "properties": { "geogrid_id": "7370821542067937576", "seqnum": 14674.0, "lat_c": -70.821541976638002, "lon_c": -67.937575801906405, "res": 7.0, "count_Birds": 2, "count_Mammals": 1, "count_Molluscs": 0, "count_Mosses": 0, "count_Insects": 0, "count_Sac Fungi": 0, "count_Flowering Plants": 0, "count_Arachnids": 0, "count_Basidiomycota": 0, "count_Amphibians": 0, "unique_species_count": 3.0, "countryCode": "AQ" }, "geometry": { "type": "MultiPolygon", "coordinates": [ [ [ [ -65.269275199292082, -70.630649049201125 ], [ -66.135452915190427, -71.509803725148018 ], [ -68.461349227522447, -71.739993606086827 ], [ -70.133662493040518, -71.041705642871918 ], [ -69.118112841921516, -70.182851969266721 ], [ -66.590804259722489, -70.004203722729784 ], [ -65.269275199292082, -70.630649049201125 ] ] ] ] } },
{ "type": "Feature", "properties": { "geogrid_id": "7370821542089562424", "seqnum": 14671.0, "lat_c": -70.82154197549886, "lon_c": -89.562424198110406, "res": 7.0, "count_Birds": 1, "count_Mammals": 1, "count_Molluscs": 3, "count_Mosses": 0, "count_Insects": 0, "count_Sac Fungi": 0, "count_Flowering Plants": 0, "count_Arachnids": 0, "count_Basidiomycota": 0, "count_Amphibians": 0, "unique_species_count": 5.0, "countryCode": "AQ" }, "geometry": { "type": "MultiPolygon", "coordinates": [ [ [ [ -87.366337506868959, -71.041705642007543 ], [ -89.038650772673961, -71.739993605167157 ], [ -91.364547084450038, -71.509803724044019 ], [ -92.230724803033709, -70.630649048379809 ], [ -90.909195742046293, -70.004203721994955 ], [ -88.381887160010436, -70.182851968669056 ], [ -87.366337506868959, -71.041705642007543 ] ] ] ] } },
{ "type": "Feature", "properties": { "geogrid_id": "7370877236166291813", "seqnum": 15289.0, "lat_c": -70.877235565066414, "lon_c": -166.29181300031658, "res": 7.0, "count_Birds": 4, "count_Mammals": 1, "count_Molluscs": 1, "count_Mosses": 0, "count_Insects": 0, "count_Sac Fungi": 0, "count_Flowering Plants": 0, "count_Arachnids": 0, "count_Basidiomycota": 0, "count_Amphibians": 0, "unique_species_count": 6.0, "countryCode": "AQ" }, "geometry": { "type": "MultiPolygon", "coordinates": [ [ [ [ -166.196812349949681, -71.657875497635288 ], [ -168.750000011196107, -71.290679822946359 ], [ -168.750000010475503, -70.50899069122967 ], [ -166.378741042335662, -70.098462350860657 ], [ -163.926209406808795, -70.433870759589198 ], [ -163.746445366929436, -71.210196533932276 ], [ -166.196812349949681, -71.657875497635288 ] ] ] ] } },
{ "type": "Feature", "properties": { "geogrid_id": "7370877236171208187", "seqnum": 17066.0, "lat_c": -70.877235566823046, "lon_c": -171.20818702000966, "res": 7.0, "count_Birds": 6, "count_Mammals": 0, "count_Molluscs": 0, "count_Mosses": 0, "count_Insects": 0, "count_Sac Fungi": 0, "count_Flowering Plants": 0, "count_Arachnids": 0, "count_Basidiomycota": 0, "count_Amphibians": 0, "unique_species_count": 6.0, "countryCode": "AQ" }, "geometry": { "type": "MultiPolygon", "coordinates": [ [ [ [ -173.753554654241896, -71.210196535276467 ], [ -173.573790612948898, -70.43387076096414 ], [ -171.121258976632532, -70.098462352629738 ], [ -168.750000008941356, -70.508990693377569 ], [ -168.750000009621999, -71.290679825098636 ], [ -171.303187671849884, -71.657875499377795 ], [ -173.753554654241896, -71.210196535276467 ] ] ] ] } },
{ "type": "Feature", "properties": { "geogrid_id": "7370923104008942580", "seqnum": 15114.0, "lat_c": -70.923104487210779, "lon_c": -8.9425797314558171, "res": 7.0, "count_Birds": 9, "count_Mammals": 4, "count_Molluscs": 1, "count_Mosses": 0, "count_Insects": 0, "count_Sac Fungi": 0, "count_Flowering Plants": 0, "count_Arachnids": 0, "count_Basidiomycota": 0, "count_Amphibians": 0, "unique_species_count": 14.0, "countryCode": "AQ" }, "geometry": { "type": "MultiPolygon", "coordinates": [ [ [ [ -8.266406293525618, -70.194514839238565 ], [ -6.228886674823802, -70.809124935359463 ], [ -6.869608211792664, -71.549571356804165 ], [ -9.680678720299747, -71.651995703552998 ], [ -11.686518707819237, -70.996551144200865 ], [ -10.923332304913799, -70.280528509704993 ], [ -8.266406293525618, -70.194514839238565 ] ] ] ] } },
{ "type": "Feature", "properties": { "geogrid_id": "7371187339029539671", "seqnum": 14923.0, "lat_c": -71.187339039396591, "lon_c": -29.539670979764853, "res": 7.0, "count_Birds": 4, "count_Mammals": 1, "count_Molluscs": 0, "count_Mosses": 0, "count_Insects": 0, "count_Sac Fungi": 0, "count_Flowering Plants": 0, "count_Arachnids": 0, "count_Basidiomycota": 0, "count_Amphibians": 0, "unique_species_count": 5.0, "countryCode": "AQ" }, "geometry": { "type": "MultiPolygon", "coordinates": [ [ [ [ -27.653514667773248, -70.512813907083128 ], [ -26.749953260852397, -71.37819897654893 ], [ -28.066385973067053, -72.000525656717073 ], [ -30.90422547646132, -71.78761227759847 ], [ -31.643777716737898, -70.902843774311194 ], [ -29.74020108360294, -70.252898540989747 ], [ -27.653514667773248, -70.512813907083128 ] ] ] ] } },
{ "type": "Feature", "properties": { "geogrid_id": "7371241346063953363", "seqnum": 14701.0, "lat_c": -71.241346098223104, "lon_c": -63.953362718211871, "res": 7.0, "count_Birds": 1, "count_Mammals": 0, "count_Molluscs": 0, "count_Mosses": 0, "count_Insects": 0, "count_Sac Fungi": 0, "count_Flowering Plants": 0, "count_Arachnids": 0, "count_Basidiomycota": 0, "count_Amphibians": 0, "unique_species_count": 1.0, "countryCode": "AQ" }, "geometry": { "type": "MultiPolygon", "coordinates": [ [ [ [ -61.266200331305356, -70.993785496033766 ], [ -61.960372262791559, -71.889710730171586 ], [ -64.254504581915072, -72.173226777639641 ], [ -66.135452915190427, -71.509803725148018 ], [ -65.269275199292082, -70.630649049201125 ], [ -62.707924810537349, -70.398735669767987 ], [ -61.266200331305356, -70.993785496033766 ] ] ] ] } },
{ "type": "Feature", "properties": { "geogrid_id": "7371241346093546637", "seqnum": 14697.0, "lat_c": -71.241346096824685, "lon_c": -93.546637281809893, "res": 7.0, "count_Birds": 1, "count_Mammals": 1, "count_Molluscs": 0, "count_Mosses": 0, "count_Insects": 0, "count_Sac Fungi": 0, "count_Flowering Plants": 0, "count_Arachnids": 0, "count_Basidiomycota": 0, "count_Amphibians": 0, "unique_species_count": 2.0, "countryCode": "AQ" }, "geometry": { "type": "MultiPolygon", "coordinates": [ [ [ [ -91.364547084450038, -71.509803724044019 ], [ -93.245495417952583, -72.173226776469278 ], [ -95.539627736495603, -71.889710728842743 ], [ -96.233799671306883, -70.993785494969799 ], [ -94.792075191555938, -70.3987356688029 ], [ -92.230724803033709, -70.630649048379809 ], [ -91.364547084450038, -71.509803724044019 ] ] ] ] } },
{ "type": "Feature", "properties": { "geogrid_id": "7371335662074937856", "seqnum": 14673.0, "lat_c": -71.335662191381203, "lon_c": -74.937856023233692, "res": 7.0, "count_Birds": 1, "count_Mammals": 1, "count_Molluscs": 0, "count_Mosses": 0, "count_Insects": 0, "count_Sac Fungi": 0, "count_Flowering Plants": 0, "count_Arachnids": 0, "count_Basidiomycota": 0, "count_Amphibians": 0, "unique_species_count": 2.0, "countryCode": "AQ" }, "geometry": { "type": "MultiPolygon", "coordinates": [ [ [ [ -72.478111347005481, -71.21542863981027 ], [ -73.465666641430545, -72.063041771408379 ], [ -76.089491036618156, -72.146887578090897 ], [ -77.470897897126434, -71.397175036616147 ], [ -76.302425000088093, -70.597773961462309 ], [ -73.94135355568207, -70.489783363695665 ], [ -72.478111347005481, -71.21542863981027 ] ] ] ] } },
{ "type": "Feature", "properties": { "geogrid_id": "7371335662082562144", "seqnum": 14672.0, "lat_c": -71.335662190983783, "lon_c": -82.562143977591361, "res": 7.0, "count_Birds": 1, "count_Mammals": 0, "count_Molluscs": 0, "count_Mosses": 0, "count_Insects": 0, "count_Sac Fungi": 0, "count_Flowering Plants": 0, "count_Arachnids": 0, "count_Basidiomycota": 0, "count_Amphibians": 0, "unique_species_count": 1.0, "countryCode": "AQ" }, "geometry": { "type": "MultiPolygon", "coordinates": [ [ [ [ -80.029102103898893, -71.397175036481741 ], [ -81.410508964629983, -72.146887577844097 ], [ -84.034333359593361, -72.063041770921913 ], [ -85.021888653436903, -71.215428639166603 ], [ -83.55864644445677, -70.489783363097388 ], [ -81.197575000539175, -70.597773961150594 ], [ -80.029102103898893, -71.397175036481741 ] ] ] ] } },
{ "type": "Feature", "properties": { "geogrid_id": "7371405588004096836", "seqnum": 15169.0, "lat_c": -71.405587736533576, "lon_c": -4.0968357203681638, "res": 7.0, "count_Birds": 1, "count_Mammals": 0, "count_Molluscs": 0, "count_Mosses": 0, "count_Insects": 0, "count_Sac Fungi": 0, "count_Flowering Plants": 0, "count_Arachnids": 0, "count_Basidiomycota": 0, "count_Amphibians": 0, "unique_species_count": 1.0, "countryCode": "AQ" }, "geometry": { "type": "MultiPolygon", "coordinates": [ [ [ [ -3.554582054372804, -70.6552269922596 ], [ -1.372388605324128, -71.220886032943881 ], [ -1.858356012769986, -71.980907992622534 ], [ -4.690323844284036, -72.156877438631938 ], [ -6.869608211792664, -71.549571356804165 ], [ -6.228886674823802, -70.809124935359463 ], [ -3.554582054372804, -70.6552269922596 ] ] ] ] } },
{ "type": "Feature", "properties": { "geogrid_id": "7371534565033696243", "seqnum": 14895.0, "lat_c": -71.534565022209563, "lon_c": -33.696242971266152, "res": 7.0, "count_Birds": 1, "count_Mammals": 0, "count_Molluscs": 0, "count_Mosses": 0, "count_Insects": 0, "count_Sac Fungi": 0, "count_Flowering Plants": 5, "count_Arachnids": 0, "count_Basidiomycota": 0, "count_Amphibians": 0, "unique_species_count": 6.0, "countryCode": "AQ" }, "geometry": { "type": "MultiPolygon", "coordinates": [ [ [ [ -31.643777716737898, -70.902843774311194 ], [ -30.90422547646132, -71.78761227759847 ], [ -32.387236684689412, -72.38022711582019 ], [ -35.214232192111169, -72.103668108846676 ], [ -35.768740290261299, -71.203151332913492 ], [ -33.713574099501962, -70.596805415859194 ], [ -31.643777716737898, -70.902843774311194 ] ] ] ] } },
{ "type": "Feature", "properties": { "geogrid_id": "7371573467059809948", "seqnum": 14729.0, "lat_c": -71.57346746061063, "lon_c": -59.809948302657418, "res": 7.0, "count_Birds": 1, "count_Mammals": 0, "count_Molluscs": 0, "count_Mosses": 0, "count_Insects": 0, "count_Sac Fungi": 0, "count_Flowering Plants": 0, "count_Arachnids": 0, "count_Basidiomycota": 0, "count_Amphibians": 0, "unique_species_count": 1.0, "countryCode": "AQ" }, "geometry": { "type": "MultiPolygon", "coordinates": [ [ [ [ -57.132190249266131, -71.267678153570586 ], [ -57.634707516136217, -72.176387534657593 ], [ -59.877058834143597, -72.511542716096045 ], [ -61.960372262791559, -71.889710730171586 ], [ -61.266200331305356, -70.993785496033766 ], [ -58.697891473213588, -70.706716154906232 ], [ -57.132190249266131, -71.267678153570586 ] ] ] ] } },
{ "type": "Feature", "properties": { "geogrid_id": "7371573467097690052", "seqnum": 14724.0, "lat_c": -71.573467458948997, "lon_c": -97.690051697246986, "res": 7.0, "count_Birds": 3, "count_Mammals": 4, "count_Molluscs": 0, "count_Mosses": 0, "count_Insects": 0, "count_Sac Fungi": 1, "count_Flowering Plants": 0, "count_Arachnids": 0, "count_Basidiomycota": 0, "count_Amphibians": 0, "unique_species_count": 8.0, "countryCode": "AQ" }, "geometry": { "type": "MultiPolygon", "coordinates": [ [ [ [ -95.539627736495603, -71.889710728842743 ], [ -97.622941165290925, -72.511542714693036 ], [ -99.865292482695068, -72.176387533117691 ], [ -100.367809753515957, -71.267678152248607 ], [ -98.802108529102284, -70.706716153695851 ], [ -96.233799671306883, -70.993785494969799 ], [ -95.539627736495603, -71.889710728842743 ] ] ] ] } },
{ "type": "Feature", "properties": { "geogrid_id": "7371637910021090702", "seqnum": 15005.0, "lat_c": -71.637910361987423, "lon_c": -21.090701609501895, "res": 7.0, "count_Birds": 1, "count_Mammals": 0, "count_Molluscs": 0, "count_Mosses": 0, "count_Insects": 0, "count_Sac Fungi": 0, "count_Flowering Plants": 0, "count_Arachnids": 0, "count_Basidiomycota": 0, "count_Amphibians": 0, "unique_species_count": 1.0, "countryCode": "AQ" }, "geometry": { "type": "MultiPolygon", "coordinates": [ [ [ [ -20.005956904187961, -70.971023140729059 ], [ -18.235124347535706, -71.705162814382504 ], [ -19.335293131332399, -72.387046461983132 ], [ -22.273556537576486, -72.301189449595427 ], [ -23.931658890280737, -71.52869318872564 ], [ -22.77892324252845, -70.880882326605075 ], [ -20.005956904187961, -70.971023140729059 ] ] ] ] } },
{ "type": "Feature", "properties": { "geogrid_id": "7371712257012519329", "seqnum": 15087.0, "lat_c": -71.712256823366516, "lon_c": -12.519328974317647, "res": 7.0, "count_Birds": 2, "count_Mammals": 1, "count_Molluscs": 1, "count_Mosses": 0, "count_Insects": 0, "count_Sac Fungi": 0, "count_Flowering Plants": 0, "count_Arachnids": 0, "count_Basidiomycota": 0, "count_Amphibians": 0, "unique_species_count": 4.0, "countryCode": "AQ" }, "geometry": { "type": "MultiPolygon", "coordinates": [ [ [ [ -11.686518707819237, -70.996551144200865 ], [ -9.680678720299747, -71.651995703552998 ], [ -10.488363119768787, -72.380589723802586 ], [ -13.430167983385383, -72.426907201051208 ], [ -15.374487079483478, -71.730006581127313 ], [ -14.451255962305121, -71.029077497324224 ], [ -11.686518707819237, -70.996551144200865 ] ] ] ] } },
{ "type": "Feature", "properties": { "geogrid_id": "7371763573158414365", "seqnum": 15208.0, "lat_c": -71.763573339190089, "lon_c": -158.41436479743689, "res": 7.0, "count_Birds": 4, "count_Mammals": 2, "count_Molluscs": 0, "count_Mosses": 0, "count_Insects": 0, "count_Sac Fungi": 0, "count_Flowering Plants": 0, "count_Arachnids": 0, "count_Basidiomycota": 0, "count_Amphibians": 0, "unique_species_count": 6.0, "countryCode": "AQ" }, "geometry": { "type": "MultiPolygon", "coordinates": [ [ [ [ -157.99724389116605, -72.532099008115608 ], [ -160.81408502305257, -72.280368795002815 ], [ -161.118558168562174, -71.506177715844231 ], [ -158.794665197941072, -70.996519057569245 ], [ -156.127611384468793, -71.220886030650632 ], [ -155.641643977160385, -71.980907990320162 ], [ -157.99724389116605, -72.532099008115608 ] ] ] ] } },
{ "type": "Feature", "properties": { "geogrid_id": "7371763573179085635", "seqnum": 17067.0, "lat_c": -71.763573339650733, "lon_c": -179.08563522515882, "res": 7.0, "count_Birds": 0, "count_Mammals": 2, "count_Molluscs": 0, "count_Mosses": 0, "count_Insects": 0, "count_Sac Fungi": 0, "count_Flowering Plants": 0, "count_Arachnids": 0, "count_Basidiomycota": 0, "count_Amphibians": 0, "unique_species_count": 2.0, "countryCode": "AQ" }, "geometry": { "type": "MultiPolygon", "coordinates": [ [ [ [ 178.141643954021447, -71.980907990313298 ], [ 178.627611362836006, -71.220886030735656 ], [ 180.0, -71.105433285769323 ], [ 180.0, -72.415748030640415 ], [ 178.141643954021447, -71.980907990313298 ] ] ], [ [ [ -178.705334823164463, -70.996519058100645 ], [ -176.381441853371769, -71.506177716755914 ], [ -176.685915000466792, -72.280368795858891 ], [ -179.502756133048791, -72.532099008498164 ], [ -180.0, -72.415748030640415 ], [ -180.0, -71.105433285769323 ], [ -178.705334823164463, -70.996519058100645 ] ] ] ] } },
{ "type": "Feature", "properties": { "geogrid_id": "7371787803037978458", "seqnum": 14867.0, "lat_c": -71.787802722260096, "lon_c": -37.978458415812369, "res": 7.0, "count_Birds": 1, "count_Mammals": 1, "count_Molluscs": 0, "count_Mosses": 0, "count_Insects": 0, "count_Sac Fungi": 0, "count_Flowering Plants": 0, "count_Arachnids": 0, "count_Basidiomycota": 0, "count_Amphibians": 0, "unique_species_count": 2.0, "countryCode": "AQ" }, "geometry": { "type": "MultiPolygon", "coordinates": [ [ [ [ -35.768740290261299, -71.203151332913492 ], [ -35.214232192111169, -72.103668108846676 ], [ -36.861423925673087, -72.66227982394544 ], [ -39.643853907929703, -72.321878572716642 ], [ -39.996257218706404, -71.409883784453399 ], [ -37.800920283684235, -70.850949934063337 ], [ -35.768740290261299, -71.203151332913492 ] ] ] ] } },
{ "type": "Feature", "properties": { "geogrid_id": "7371787803119521542", "seqnum": 14857.0, "lat_c": -71.7878027193712, "lon_c": -119.52154158159755, "res": 7.0, "count_Birds": 0, "count_Mammals": 4, "count_Molluscs": 0, "count_Mosses": 0, "count_Insects": 0, "count_Sac Fungi": 0, "count_Flowering Plants": 0, "count_Arachnids": 0, "count_Basidiomycota": 0, "count_Amphibians": 0, "unique_species_count": 4.0, "countryCode": "AQ" }, "geometry": { "type": "MultiPolygon", "coordinates": [ [ [ [ -117.856146088134366, -72.321878570518678 ], [ -120.638576070102658, -72.662279821689438 ], [ -122.2857678031218, -72.103668106542628 ], [ -121.731259711477207, -71.20315133021974 ], [ -119.699079717979558, -70.850949931519381 ], [ -117.503742783476653, -71.409883782030377 ], [ -117.856146088134366, -72.321878570518678 ] ] ] ] } },
{ "type": "Feature", "properties": { "geogrid_id": "7371812957101962333", "seqnum": 14751.0, "lat_c": -71.812956933206394, "lon_c": -101.96233306077126, "res": 7.0, "count_Birds": 0, "count_Mammals": 1, "count_Molluscs": 1, "count_Mosses": 0, "count_Insects": 0, "count_Sac Fungi": 0, "count_Flowering Plants": 0, "count_Arachnids": 0, "count_Basidiomycota": 0, "count_Amphibians": 0, "unique_species_count": 2.0, "countryCode": "AQ" }, "geometry": { "type": "MultiPolygon", "coordinates": [ [ [ [ -99.865292482695068, -72.176387533117691 ], [ -102.138491600455936, -72.750598278918389 ], [ -104.305532652179309, -72.365413488699872 ], [ -104.601232876767583, -71.448415639512746 ], [ -102.915005043741104, -70.924439510419319 ], [ -100.367809753515957, -71.267678152248607 ], [ -99.865292482695068, -72.176387533117691 ] ] ] ] } },
{ "type": "Feature", "properties": { "geogrid_id": "7371926095070912912", "seqnum": 14700.0, "lat_c": -71.926095335931748, "lon_c": -70.912912225005243, "res": 7.0, "count_Birds": 1, "count_Mammals": 0, "count_Molluscs": 0, "count_Mosses": 0, "count_Insects": 0, "count_Sac Fungi": 0, "count_Flowering Plants": 0, "count_Arachnids": 0, "count_Basidiomycota": 0, "count_Amphibians": 0, "unique_species_count": 1.0, "countryCode": "AQ" }, "geometry": { "type": "MultiPolygon", "coordinates": [ [ [ [ -68.461349227522447, -71.739993606086827 ], [ -69.228730739937589, -72.622141406318391 ], [ -71.873953323084564, -72.778598152670043 ], [ -73.465666641430545, -72.063041771408379 ], [ -72.478111347005481, -71.21542863981027 ], [ -70.133662493040518, -71.041705642871918 ], [ -68.461349227522447, -71.739993606086827 ] ] ] ] } },
{ "type": "Feature", "properties": { "geogrid_id": "7371926095086587088", "seqnum": 14698.0, "lat_c": -71.926095335219216, "lon_c": -86.587087775660919, "res": 7.0, "count_Birds": 0, "count_Mammals": 3, "count_Molluscs": 1, "count_Mosses": 0, "count_Insects": 0, "count_Sac Fungi": 0, "count_Flowering Plants": 0, "count_Arachnids": 0, "count_Basidiomycota": 0, "count_Amphibians": 0, "unique_species_count": 4.0, "countryCode": "AQ" }, "geometry": { "type": "MultiPolygon", "coordinates": [ [ [ [ -84.034333359593361, -72.063041770921913 ], [ -85.62604667813649, -72.778598152090908 ], [ -88.27126926091799, -72.622141405525142 ], [ -89.038650772673961, -71.739993605167157 ], [ -87.366337506868959, -71.041705642007543 ], [ -85.021888653436903, -71.215428639166603 ], [ -84.034333359593361, -72.063041770921913 ] ] ] ] } },
{ "type": "Feature", "properties": { "geogrid_id": "7371943585042348256", "seqnum": 14840.0, "lat_c": -71.943585357111061, "lon_c": -42.348255718056748, "res": 7.0, "count_Birds": 0, "count_Mammals": 0, "count_Molluscs": 0, "count_Mosses": 0, "count_Insects": 0, "count_Sac Fungi": 0, "count_Flowering Plants": 8, "count_Arachnids": 0, "count_Basidiomycota": 0, "count_Amphibians": 0, "unique_species_count": 8.0, "countryCode": "AQ" }, "geometry": { "type": "MultiPolygon", "coordinates": [ [ [ [ -39.996257218706404, -71.409883784453399 ], [ -39.643853907929703, -72.321878572716642 ], [ -41.446942538292433, -72.842326621573335 ], [ -44.149662440628802, -72.439051037636546 ], [ -44.288452810307405, -71.520335312694897 ], [ -41.969654947400493, -71.012155484066639 ], [ -39.996257218706404, -71.409883784453399 ] ] ] ] } },
{ "type": "Feature", "properties": { "geogrid_id": "7371955925106325938", "seqnum": 14777.0, "lat_c": -71.955924542888226, "lon_c": -106.32593784731455, "res": 7.0, "count_Birds": 0, "count_Mammals": 0, "count_Molluscs": 1, "count_Mosses": 0, "count_Insects": 0, "count_Sac Fungi": 0, "count_Flowering Plants": 0, "count_Arachnids": 0, "count_Basidiomycota": 0, "count_Amphibians": 0, "unique_species_count": 1.0, "countryCode": "AQ" }, "geometry": { "type": "MultiPolygon", "coordinates": [ [ [ [ -104.305532652179309, -72.365413488699872 ], [ -106.749375716559967, -72.886707513769835 ], [ -108.816730839484578, -72.453545495114781 ], [ -108.896365973737105, -71.533147564860244 ], [ -107.098964074658483, -71.048958898986854 ], [ -104.601232876767583, -71.448415639512746 ], [ -104.305532652179309, -72.365413488699872 ] ] ] ] } },
{ "type": "Feature", "properties": { "geogrid_id": "7371988384163549698", "seqnum": 15262.0, "lat_c": -71.988384000028276, "lon_c": -163.54969829812046, "res": 7.0, "count_Birds": 3, "count_Mammals": 2, "count_Molluscs": 0, "count_Mosses": 0, "count_Insects": 0, "count_Sac Fungi": 0, "count_Flowering Plants": 0, "count_Arachnids": 0, "count_Basidiomycota": 0, "count_Amphibians": 0, "unique_species_count": 5.0, "countryCode": "AQ" }, "geometry": { "type": "MultiPolygon", "coordinates": [ [ [ [ -163.333629334045753, -72.768322093728315 ], [ -166.092644348897267, -72.440303352951858 ], [ -166.196812349949681, -71.657875497635288 ], [ -163.746445366929436, -71.210196533932276 ], [ -161.118558168562174, -71.506177715844231 ], [ -160.81408502305257, -72.280368795002815 ], [ -163.333629334045753, -72.768322093728315 ] ] ] ] } },
{ "type": "Feature", "properties": { "geogrid_id": "7371988384173950302", "seqnum": 17039.0, "lat_c": -71.988384001338289, "lon_c": -173.95030172458664, "res": 7.0, "count_Birds": 5, "count_Mammals": 4, "count_Molluscs": 0, "count_Mosses": 0, "count_Insects": 0, "count_Sac Fungi": 0, "count_Flowering Plants": 0, "count_Arachnids": 0, "count_Basidiomycota": 0, "count_Amphibians": 0, "unique_species_count": 9.0, "countryCode": "AQ" }, "geometry": { "type": "MultiPolygon", "coordinates": [ [ [ [ -176.685915000466792, -72.280368795858891 ], [ -176.381441853371769, -71.506177716755914 ], [ -173.753554654241896, -71.210196535276467 ], [ -171.303187671849884, -71.657875499377795 ], [ -171.407355674506618, -72.440303354678349 ], [ -174.166370690336123, -72.768322095000244 ], [ -176.685915000466792, -72.280368795858891 ] ] ] ] } },
{ "type": "Feature", "properties": { "geogrid_id": "7372074068168750000", "seqnum": 17012.0, "lat_c": -72.074068104847484, "lon_c": -168.75000001036082, "res": 7.0, "count_Birds": 2, "count_Mammals": 1, "count_Molluscs": 1, "count_Mosses": 0, "count_Insects": 0, "count_Sac Fungi": 0, "count_Flowering Plants": 0, "count_Arachnids": 0, "count_Basidiomycota": 0, "count_Amphibians": 0, "unique_species_count": 4.0, "countryCode": "AQ" }, "geometry": { "type": "MultiPolygon", "coordinates": [ [ [ [ -171.407355674506618, -72.440303354678349 ], [ -171.303187671849884, -71.657875499377795 ], [ -168.750000009621999, -71.290679825098636 ], [ -166.196812349949681, -71.657875497635288 ], [ -166.092644348897267, -72.440303352951858 ], [ -168.750000011165923, -72.859090248741808 ], [ -171.407355674506618, -72.440303354678349 ] ] ] ] } },
{ "type": "Feature", "properties": { "geogrid_id": "7372172070025187080", "seqnum": 14977.0, "lat_c": -72.17206989692329, "lon_c": -25.187079987263434, "res": 7.0, "count_Birds": 4, "count_Mammals": 0, "count_Molluscs": 0, "count_Mosses": 0, "count_Insects": 0, "count_Sac Fungi": 0, "count_Flowering Plants": 0, "count_Arachnids": 0, "count_Basidiomycota": 0, "count_Amphibians": 0, "unique_species_count": 4.0, "countryCode": "AQ" }, "geometry": { "type": "MultiPolygon", "coordinates": [ [ [ [ -23.931658890280737, -71.52869318872564 ], [ -22.273556537576486, -72.301189449595427 ], [ -23.565250020287358, -72.959494046840987 ], [ -26.555782288888388, -72.809471325022784 ], [ -28.066385973067053, -72.000525656717073 ], [ -26.749953260852397, -71.37819897654893 ], [ -23.931658890280737, -71.52869318872564 ] ] ] ] } },
{ "type": "Feature", "properties": { "geogrid_id": "7372172070132312920", "seqnum": 14965.0, "lat_c": -72.172069894480231, "lon_c": -132.3129200063471, "res": 7.0, "count_Birds": 2, "count_Mammals": 1, "count_Molluscs": 0, "count_Mosses": 0, "count_Insects": 0, "count_Sac Fungi": 0, "count_Flowering Plants": 0, "count_Arachnids": 0, "count_Basidiomycota": 0, "count_Amphibians": 0, "unique_species_count": 3.0, "countryCode": "AQ" }, "geometry": { "type": "MultiPolygon", "coordinates": [ [ [ [ -130.944217705177579, -72.809471322603883 ], [ -133.934749973309749, -72.959494044401225 ], [ -135.226443455591124, -72.301189447136821 ], [ -133.568341102917714, -71.528693186264661 ], [ -130.750046732738156, -71.378198974108258 ], [ -129.433614020956838, -72.000525654298769 ], [ -130.944217705177579, -72.809471322603883 ] ] ] ] } },
{ "type": "Feature", "properties": { "geogrid_id": "7372418953066682280", "seqnum": 14728.0, "lat_c": -72.418952900058116, "lon_c": -66.682280431379738, "res": 7.0, "count_Birds": 0, "count_Mammals": 0, "count_Molluscs": 0, "count_Mosses": 11, "count_Insects": 0, "count_Sac Fungi": 2, "count_Flowering Plants": 0, "count_Arachnids": 3, "count_Basidiomycota": 0, "count_Amphibians": 0, "unique_species_count": 16.0, "countryCode": "AQ" }, "geometry": { "type": "MultiPolygon", "coordinates": [ [ [ [ -64.254504581915072, -72.173226777639641 ], [ -64.775887302850649, -73.078948108788055 ], [ -67.411302207212017, -73.302520366935951 ], [ -69.228730739937589, -72.622141406318391 ], [ -68.461349227522447, -71.739993606086827 ], [ -66.135452915190427, -71.509803725148018 ], [ -64.254504581915072, -72.173226777639641 ] ] ] ] } },
{ "type": "Feature", "properties": { "geogrid_id": "7372429055016383418", "seqnum": 15059.0, "lat_c": -72.429054957482862, "lon_c": -16.383418120780682, "res": 7.0, "count_Birds": 1, "count_Mammals": 3, "count_Molluscs": 0, "count_Mosses": 0, "count_Insects": 0, "count_Sac Fungi": 0, "count_Flowering Plants": 0, "count_Arachnids": 0, "count_Basidiomycota": 0, "count_Amphibians": 0, "unique_species_count": 4.0, "countryCode": "AQ" }, "geometry": { "type": "MultiPolygon", "coordinates": [ [ [ [ -15.374487079483478, -71.730006581127313 ], [ -13.430167983385383, -72.426907201051208 ], [ -14.428748862164772, -73.139659496092904 ], [ -17.488343566376713, -73.125209607696618 ], [ -19.335293131332399, -72.387046461983132 ], [ -18.235124347535706, -71.705162814382504 ], [ -15.374487079483478, -71.730006581127313 ] ] ] ] } },
{ "type": "Feature", "properties": { "geogrid_id": "7372429055141116582", "seqnum": 15046.0, "lat_c": -72.429054955021797, "lon_c": -141.11658187144511, "res": 7.0, "count_Birds": 2, "count_Mammals": 0, "count_Molluscs": 0, "count_Mosses": 0, "count_Insects": 0, "count_Sac Fungi": 0, "count_Flowering Plants": 0, "count_Arachnids": 0, "count_Basidiomycota": 0, "count_Amphibians": 0, "unique_species_count": 2.0, "countryCode": "AQ" }, "geometry": { "type": "MultiPolygon", "coordinates": [ [ [ [ -140.011656426212085, -73.125209605244265 ], [ -143.071251129903089, -73.139659493649361 ], [ -144.069832008358503, -72.426907198603445 ], [ -142.125512912419055, -71.73000657866146 ], [ -139.264875644810957, -71.705162811908863 ], [ -138.164706861370803, -72.387046459518473 ], [ -140.011656426212085, -73.125209605244265 ] ] ] ] } },
{ "type": "Feature", "properties": { "geogrid_id": "7372615965128000738", "seqnum": 14938.0, "lat_c": -72.615965303110315, "lon_c": -128.00073773405015, "res": 7.0, "count_Birds": 2, "count_Mammals": 3, "count_Molluscs": 0, "count_Mosses": 0, "count_Insects": 0, "count_Sac Fungi": 0, "count_Flowering Plants": 0, "count_Arachnids": 0, "count_Basidiomycota": 0, "count_Amphibians": 0, "unique_species_count": 5.0, "countryCode": "AQ" }, "geometry": { "type": "MultiPolygon", "coordinates": [ [ [ [ -126.440243549324492, -73.222593707670484 ], [ -129.450519140968282, -73.439154073149837 ], [ -130.944217705177579, -72.809471322603883 ], [ -129.433614020956838, -72.000525654298769 ], [ -126.595774517938622, -71.787612275213746 ], [ -125.112763310201871, -72.380227113469729 ], [ -126.440243549324492, -73.222593707670484 ] ] ] ] } },
{ "type": "Feature", "properties": { "geogrid_id": "7372813883062260248", "seqnum": 14756.0, "lat_c": -72.813882935652245, "lon_c": -62.260248128933419, "res": 7.0, "count_Birds": 1, "count_Mammals": 0, "count_Molluscs": 0, "count_Mosses": 0, "count_Insects": 0, "count_Sac Fungi": 0, "count_Flowering Plants": 0, "count_Arachnids": 0, "count_Basidiomycota": 0, "count_Amphibians": 0, "unique_species_count": 1.0, "countryCode": "AQ" }, "geometry": { "type": "MultiPolygon", "coordinates": [ [ [ [ -59.877058834143597, -72.511542716096045 ], [ -60.132286021029763, -73.431514425482234 ], [ -62.726223605165551, -73.718912927418955 ], [ -64.775887302850649, -73.078948108788055 ], [ -64.254504581915072, -72.173226777639641 ], [ -61.960372262791559, -71.889710730171586 ], [ -59.877058834143597, -72.511542716096045 ] ] ] ] } },
{ "type": "Feature", "properties": { "geogrid_id": "7372813883095239752", "seqnum": 14752.0, "lat_c": -72.813882934405072, "lon_c": -95.239751871079093, "res": 7.0, "count_Birds": 0, "count_Mammals": 3, "count_Molluscs": 0, "count_Mosses": 0, "count_Insects": 0, "count_Sac Fungi": 0, "count_Flowering Plants": 0, "count_Arachnids": 0, "count_Basidiomycota": 0, "count_Amphibians": 0, "unique_species_count": 3.0, "countryCode": "AQ" }, "geometry": { "type": "MultiPolygon", "coordinates": [ [ [ [ -92.72411269769681, -73.078948107715078 ], [ -94.77377639548979, -73.718912926257076 ], [ -97.367713979066522, -73.431514424150976 ], [ -97.622941165290925, -72.511542714693036 ], [ -95.539627736495603, -71.889710728842743 ], [ -93.245495417952583, -72.173226776469278 ], [ -92.72411269769681, -73.078948107715078 ] ] ] ] } },
{ "type": "Feature", "properties": { "geogrid_id": "7372884919074593509", "seqnum": 14727.0, "lat_c": -72.884919388778385, "lon_c": -74.593508554765677, "res": 7.0, "count_Birds": 0, "count_Mammals": 1, "count_Molluscs": 0, "count_Mosses": 0, "count_Insects": 0, "count_Sac Fungi": 0, "count_Flowering Plants": 0, "count_Arachnids": 0, "count_Basidiomycota": 0, "count_Amphibians": 0, "unique_species_count": 1.0, "countryCode": "AQ" }, "geometry": { "type": "MultiPolygon", "coordinates": [ [ [ [ -71.873953323084564, -72.778598152670043 ], [ -72.968936896783262, -73.610600677727135 ], [ -75.844984469911225, -73.689491151889953 ], [ -77.359275166532399, -72.938702055524672 ], [ -76.089491036618156, -72.146887578090897 ], [ -73.465666641430545, -72.063041771408379 ], [ -71.873953323084564, -72.778598152670043 ] ] ] ] } },
{ "type": "Feature", "properties": { "geogrid_id": "7372963088123500823", "seqnum": 14912.0, "lat_c": -72.963088198952391, "lon_c": -123.50082339120399, "res": 7.0, "count_Birds": 1, "count_Mammals": 2, "count_Molluscs": 0, "count_Mosses": 0, "count_Insects": 0, "count_Sac Fungi": 0, "count_Flowering Plants": 0, "count_Arachnids": 0, "count_Basidiomycota": 0, "count_Amphibians": 0, "unique_species_count": 3.0, "countryCode": "AQ" }, "geometry": { "type": "MultiPolygon", "coordinates": [ [ [ [ -121.748896814742039, -73.533855904552013 ], [ -124.740080068525018, -73.818247090125965 ], [ -126.440243549324492, -73.222593707670484 ], [ -125.112763310201871, -72.380227113469729 ], [ -122.2857678031218, -72.103668106542628 ], [ -120.638576070102658, -72.662279821689438 ], [ -121.748896814742039, -73.533855904552013 ] ] ] ] } },
{ "type": "Feature", "properties": { "geogrid_id": "7373056129160479289", "seqnum": 15236.0, "lat_c": -73.056129452011561, "lon_c": -160.47928891547176, "res": 7.0, "count_Birds": 4, "count_Mammals": 3, "count_Molluscs": 0, "count_Mosses": 0, "count_Insects": 0, "count_Sac Fungi": 0, "count_Flowering Plants": 0, "count_Arachnids": 0, "count_Basidiomycota": 0, "count_Amphibians": 0, "unique_species_count": 7.0, "countryCode": "AQ" }, "geometry": { "type": "MultiPolygon", "coordinates": [ [ [ [ -160.109748975268076, -73.833278937265263 ], [ -163.095449136336356, -73.549892286716357 ], [ -163.333629334045753, -72.768322093728315 ], [ -160.81408502305257, -72.280368795002815 ], [ -157.99724389116605, -72.532099008115608 ], [ -157.538158809575975, -73.301855364029464 ], [ -160.109748975268076, -73.833278937265263 ] ] ] ] } },
{ "type": "Feature", "properties": { "geogrid_id": "7373056129177020711", "seqnum": 17013.0, "lat_c": -73.056129452805962, "lon_c": -177.02071110977732, "res": 7.0, "count_Birds": 0, "count_Mammals": 3, "count_Molluscs": 0, "count_Mosses": 0, "count_Insects": 0, "count_Sac Fungi": 0, "count_Flowering Plants": 0, "count_Arachnids": 0, "count_Basidiomycota": 0, "count_Amphibians": 0, "unique_species_count": 3.0, "countryCode": "AQ" }, "geometry": { "type": "MultiPolygon", "coordinates": [ [ [ [ -179.961841216404139, -73.301855364325533 ], [ -179.502756133048791, -72.532099008498164 ], [ -176.685915000466792, -72.280368795858891 ], [ -174.166370690336123, -72.768322095000244 ], [ -174.404550889879317, -73.549892287945752 ], [ -177.390251051875595, -73.833278937991025 ], [ -179.961841216404139, -73.301855364325533 ] ] ] ] } },
{ "type": "Feature", "properties": { "geogrid_id": "7373064998020538527", "seqnum": 15031.0, "lat_c": -73.064997583250246, "lon_c": -20.538526987212713, "res": 7.0, "count_Birds": 2, "count_Mammals": 1, "count_Molluscs": 0, "count_Mosses": 0, "count_Insects": 0, "count_Sac Fungi": 0, "count_Flowering Plants": 0, "count_Arachnids": 0, "count_Basidiomycota": 0, "count_Amphibians": 0, "unique_species_count": 3.0, "countryCode": "AQ" }, "geometry": { "type": "MultiPolygon", "coordinates": [ [ [ [ -19.335293131332399, -72.387046461983132 ], [ -17.488343566376713, -73.125209607696618 ], [ -18.701084307241299, -73.817309484354695 ], [ -21.856903052703103, -73.73765798944838 ], [ -23.565250020287358, -72.959494046840987 ], [ -22.273556537576486, -72.301189449595427 ], [ -19.335293131332399, -72.387046461983132 ] ] ] ] } },
{ "type": "Feature", "properties": { "geogrid_id": "7373064998136961473", "seqnum": 15019.0, "lat_c": -73.064997580799229, "lon_c": -136.96147300588899, "res": 7.0, "count_Birds": 0, "count_Mammals": 2, "count_Molluscs": 0, "count_Mosses": 0, "count_Insects": 0, "count_Sac Fungi": 0, "count_Flowering Plants": 0, "count_Arachnids": 0, "count_Basidiomycota": 0, "count_Amphibians": 0, "unique_species_count": 2.0, "countryCode": "AQ" }, "geometry": { "type": "MultiPolygon", "coordinates": [ [ [ [ -135.643096940844714, -73.737657987016377 ], [ -138.798915685756214, -73.817309481915586 ], [ -140.011656426212085, -73.125209605244265 ], [ -138.164706861370803, -72.387046459518473 ], [ -135.226443455591124, -72.301189447136821 ], [ -133.934749973309749, -72.959494044401225 ], [ -135.643096940844714, -73.737657987016377 ] ] ] ] } },
{ "type": "Feature", "properties": { "geogrid_id": "7373107361099824853", "seqnum": 14778.0, "lat_c": -73.107360923215211, "lon_c": -99.824853275348531, "res": 7.0, "count_Birds": 1, "count_Mammals": 0, "count_Molluscs": 0, "count_Mosses": 0, "count_Insects": 0, "count_Sac Fungi": 0, "count_Flowering Plants": 0, "count_Arachnids": 0, "count_Basidiomycota": 0, "count_Amphibians": 0, "unique_species_count": 1.0, "countryCode": "AQ" }, "geometry": { "type": "MultiPolygon", "coordinates": [ [ [ [ -97.367713979066522, -73.431514424150976 ], [ -99.644991094534987, -74.024733633067399 ], [ -102.16349798689464, -73.676245035326744 ], [ -102.138491600455936, -72.750598278918389 ], [ -99.865292482695068, -72.176387533117691 ], [ -97.622941165290925, -72.511542714693036 ], [ -97.367713979066522, -73.431514424150976 ] ] ] ] } },
{ "type": "Feature", "properties": { "geogrid_id": "7373108204011374542", "seqnum": 15113.0, "lat_c": -73.108203658695572, "lon_c": -11.374542386097183, "res": 7.0, "count_Birds": 1, "count_Mammals": 0, "count_Molluscs": 0, "count_Mosses": 0, "count_Insects": 0, "count_Sac Fungi": 0, "count_Flowering Plants": 0, "count_Arachnids": 0, "count_Basidiomycota": 0, "count_Amphibians": 0, "unique_species_count": 1.0, "countryCode": "AQ" }, "geometry": { "type": "MultiPolygon", "coordinates": [ [ [ [ -10.488363119768787, -72.380589723802586 ], [ -8.340702372144341, -73.031036436634025 ], [ -9.188298676040242, -73.770901630430387 ], [ -12.349621264701334, -73.834053225839227 ], [ -14.428748862164772, -73.139659496092904 ], [ -13.430167983385383, -72.426907201051208 ], [ -10.488363119768787, -72.380589723802586 ] ] ] ] } },
{ "type": "Feature", "properties": { "geogrid_id": "7373108204146125458", "seqnum": 15100.0, "lat_c": -73.108203656270931, "lon_c": -146.1254576054512, "res": 7.0, "count_Birds": 0, "count_Mammals": 1, "count_Molluscs": 0, "count_Mosses": 0, "count_Insects": 0, "count_Sac Fungi": 0, "count_Flowering Plants": 0, "count_Arachnids": 0, "count_Basidiomycota": 0, "count_Amphibians": 0, "unique_species_count": 1.0, "countryCode": "AQ" }, "geometry": { "type": "MultiPolygon", "coordinates": [ [ [ [ -145.150378727167976, -73.834053223417783 ], [ -148.311701315272728, -73.770901628033698 ], [ -149.159297618895238, -73.031036434238189 ], [ -147.011636871497075, -72.380589721377717 ], [ -144.069832008358503, -72.426907198603445 ], [ -143.071251129903089, -73.139659493649361 ], [ -145.150378727167976, -73.834053223417783 ] ] ] ] } },
{ "type": "Feature", "properties": { "geogrid_id": "7373207895038647801", "seqnum": 14894.0, "lat_c": -73.207895499830173, "lon_c": -38.647801152855571, "res": 7.0, "count_Birds": 0, "count_Mammals": 0, "count_Molluscs": 0, "count_Mosses": 0, "count_Insects": 0, "count_Sac Fungi": 0, "count_Flowering Plants": 6, "count_Arachnids": 0, "count_Basidiomycota": 0, "count_Amphibians": 0, "unique_species_count": 6.0, "countryCode": "AQ" }, "geometry": { "type": "MultiPolygon", "coordinates": [ [ [ [ -36.861423925673087, -72.66227982394544 ], [ -35.75110318126562, -73.533855906806721 ], [ -37.654495503453418, -74.089924841596371 ], [ -40.583426641504879, -73.737748836142657 ], [ -41.446942538292433, -72.842326621573335 ], [ -39.643853907929703, -72.321878572716642 ], [ -36.861423925673087, -72.66227982394544 ] ] ] ] } },
{ "type": "Feature", "properties": { "geogrid_id": "7373224438165978006", "seqnum": 15290.0, "lat_c": -73.22443784851292, "lon_c": -165.97800626688823, "res": 7.0, "count_Birds": 4, "count_Mammals": 4, "count_Molluscs": 0, "count_Mosses": 0, "count_Insects": 0, "count_Sac Fungi": 0, "count_Flowering Plants": 0, "count_Arachnids": 0, "count_Basidiomycota": 0, "count_Amphibians": 0, "unique_species_count": 8.0, "countryCode": "AQ" }, "geometry": { "type": "MultiPolygon", "coordinates": [ [ [ [ -165.851335608178516, -74.010194894690244 ], [ -168.750000013772308, -73.645680095754145 ], [ -168.750000012834874, -72.859090246581175 ], [ -166.092644348897267, -72.440303352951858 ], [ -163.333629334045753, -72.768322093728315 ], [ -163.095449136336356, -73.549892286716357 ], [ -165.851335608178516, -74.010194894690244 ] ] ] ] } },
{ "type": "Feature", "properties": { "geogrid_id": "7373224438171521994", "seqnum": 16985.0, "lat_c": -73.224437850221221, "lon_c": -171.52199375826976, "res": 7.0, "count_Birds": 4, "count_Mammals": 1, "count_Molluscs": 0, "count_Mosses": 0, "count_Insects": 0, "count_Sac Fungi": 0, "count_Flowering Plants": 0, "count_Arachnids": 0, "count_Basidiomycota": 0, "count_Amphibians": 0, "unique_species_count": 5.0, "countryCode": "AQ" }, "geometry": { "type": "MultiPolygon", "coordinates": [ [ [ [ -174.404550889879317, -73.549892287945752 ], [ -174.166370690336123, -72.768322095000244 ], [ -171.407355674506618, -72.440303354678349 ], [ -168.750000011165923, -72.859090248741808 ], [ -168.750000012047025, -73.645680097918756 ], [ -171.648664418905724, -74.010194896377897 ], [ -174.404550889879317, -73.549892287945752 ] ] ] ] } },
{ "type": "Feature", "properties": { "geogrid_id": "7373295572104532100", "seqnum": 14805.0, "lat_c": -73.295572060695775, "lon_c": -104.5321003916434, "res": 7.0, "count_Birds": 1, "count_Mammals": 0, "count_Molluscs": 0, "count_Mosses": 0, "count_Insects": 0, "count_Sac Fungi": 0, "count_Flowering Plants": 0, "count_Arachnids": 0, "count_Basidiomycota": 0, "count_Amphibians": 0, "unique_species_count": 1.0, "countryCode": "AQ" }, "geometry": { "type": "MultiPolygon", "coordinates": [ [ [ [ -102.16349798689464, -73.676245035326744 ], [ -104.652336248592889, -74.216432856050432 ], [ -107.060690147287858, -73.809858176072169 ], [ -106.749375716559967, -72.886707513769835 ], [ -104.305532652179309, -72.365413488699872 ], [ -102.138491600455936, -72.750598278918389 ], [ -102.16349798689464, -73.676245035326744 ] ] ] ] } },
{ "type": "Feature", "properties": { "geogrid_id": "7373346225114103589", "seqnum": 14858.0, "lat_c": -73.346225315210077, "lon_c": -114.10358856375007, "res": 7.0, "count_Birds": 1, "count_Mammals": 0, "count_Molluscs": 0, "count_Mosses": 0, "count_Insects": 0, "count_Sac Fungi": 0, "count_Flowering Plants": 0, "count_Arachnids": 0, "count_Basidiomycota": 0, "count_Amphibians": 0, "unique_species_count": 1.0, "countryCode": "AQ" }, "geometry": { "type": "MultiPolygon", "coordinates": [ [ [ [ -111.999644710529395, -73.830394561015567 ], [ -114.821880981206689, -74.248801493745546 ], [ -116.91657335548166, -73.737748834015619 ], [ -116.053057458355212, -72.842326619438936 ], [ -113.350337556236212, -72.439051035569804 ], [ -111.405498090757376, -72.917510540274804 ], [ -111.999644710529395, -73.830394561015567 ] ] ] ] } },
{ "type": "Feature", "properties": { "geogrid_id": "7373375633109310673", "seqnum": 14832.0, "lat_c": -73.375632859765417, "lon_c": -109.31067340792464, "res": 7.0, "count_Birds": 0, "count_Mammals": 1, "count_Molluscs": 0, "count_Mosses": 0, "count_Insects": 0, "count_Sac Fungi": 0, "count_Flowering Plants": 0, "count_Arachnids": 0, "count_Basidiomycota": 0, "count_Amphibians": 0, "unique_species_count": 1.0, "countryCode": "AQ" }, "geometry": { "type": "MultiPolygon", "coordinates": [ [ [ [ -107.060690147287858, -73.809858176072169 ], [ -109.734198843593759, -74.291404129624652 ], [ -111.999644710529395, -73.830394561015567 ], [ -111.405498090757376, -72.917510540274804 ], [ -108.816730839484578, -72.453545495114781 ], [ -106.749375716559967, -72.886707513769835 ], [ -107.060690147287858, -73.809858176072169 ] ] ] ] } },
{ "type": "Feature", "properties": { "geogrid_id": "7373480803070149412", "seqnum": 14755.0, "lat_c": -73.480802689293327, "lon_c": -70.14941180750148, "res": 7.0, "count_Birds": 2, "count_Mammals": 0, "count_Molluscs": 0, "count_Mosses": 0, "count_Insects": 0, "count_Sac Fungi": 0, "count_Flowering Plants": 0, "count_Arachnids": 0, "count_Basidiomycota": 0, "count_Amphibians": 0, "unique_species_count": 2.0, "countryCode": "AQ" }, "geometry": { "type": "MultiPolygon", "coordinates": [ [ [ [ -67.411302207212017, -73.302520366935951 ], [ -68.277246933829062, -74.167876497966489 ], [ -71.20007250595512, -74.32261923004927 ], [ -72.968936896783262, -73.610600677727135 ], [ -71.873953323084564, -72.778598152670043 ], [ -69.228730739937589, -72.622141406318391 ], [ -67.411302207212017, -73.302520366935951 ] ] ] ] } },
{ "type": "Feature", "properties": { "geogrid_id": "7373611270024977814", "seqnum": 15004.0, "lat_c": -73.611270374835215, "lon_c": -24.977814181437825, "res": 7.0, "count_Birds": 3, "count_Mammals": 0, "count_Molluscs": 0, "count_Mosses": 0, "count_Insects": 0, "count_Sac Fungi": 0, "count_Flowering Plants": 0, "count_Arachnids": 0, "count_Basidiomycota": 0, "count_Amphibians": 0, "unique_species_count": 3.0, "countryCode": "AQ" }, "geometry": { "type": "MultiPolygon", "coordinates": [ [ [ [ -23.565250020287358, -72.959494046840987 ], [ -21.856903052703103, -73.73765798944838 ], [ -23.304123456046039, -74.403470356514035 ], [ -26.524698572042649, -74.254747170010234 ], [ -28.049480853600933, -73.439154075537473 ], [ -26.555782288888388, -72.809471325022784 ], [ -23.565250020287358, -72.959494046840987 ] ] ] ] } },
{ "type": "Feature", "properties": { "geogrid_id": "7373611270132522186", "seqnum": 14993.0, "lat_c": -73.611270372420549, "lon_c": -132.5221858126371, "res": 7.0, "count_Birds": 1, "count_Mammals": 0, "count_Molluscs": 0, "count_Mosses": 0, "count_Insects": 0, "count_Sac Fungi": 0, "count_Flowering Plants": 0, "count_Arachnids": 0, "count_Basidiomycota": 0, "count_Amphibians": 0, "unique_species_count": 1.0, "countryCode": "AQ" }, "geometry": { "type": "MultiPolygon", "coordinates": [ [ [ [ -130.975301422563945, -74.254747167627812 ], [ -134.195876538001869, -74.403470354107256 ], [ -135.643096940844714, -73.737657987016377 ], [ -133.934749973309749, -72.959494044401225 ], [ -130.944217705177579, -72.809471322603883 ], [ -129.450519140968282, -73.439154073149837 ], [ -130.975301422563945, -74.254747167627812 ] ] ] ] } },
{ "type": "Feature", "properties": { "geogrid_id": "7373660546151440608", "seqnum": 15155.0, "lat_c": -73.660546412524667, "lon_c": -151.44060788835645, "res": 7.0, "count_Birds": 0, "count_Mammals": 1, "count_Molluscs": 0, "count_Mosses": 0, "count_Insects": 0, "count_Sac Fungi": 0, "count_Flowering Plants": 0, "count_Arachnids": 0, "count_Basidiomycota": 0, "count_Amphibians": 0, "unique_species_count": 1.0, "countryCode": "AQ" }, "geometry": { "type": "MultiPolygon", "coordinates": [ [ [ [ -150.647501039368962, -74.411920534676909 ], [ -153.871825405295056, -74.265960739323305 ], [ -154.520985342153153, -73.503811181568125 ], [ -152.1581619572394, -72.908686125459667 ], [ -149.159297618895238, -73.031036434238189 ], [ -148.311701315272728, -73.770901628033698 ], [ -150.647501039368962, -74.411920534676909 ] ] ] ] } },
{ "type": "Feature", "properties": { "geogrid_id": "7373715960078750000", "seqnum": 14754.0, "lat_c": -73.715959737943763, "lon_c": -78.750000000975774, "res": 7.0, "count_Birds": 2, "count_Mammals": 2, "count_Molluscs": 0, "count_Mosses": 0, "count_Insects": 0, "count_Sac Fungi": 1, "count_Flowering Plants": 0, "count_Arachnids": 0, "count_Basidiomycota": 0, "count_Amphibians": 0, "unique_species_count": 5.0, "countryCode": "AQ" }, "geometry": { "type": "MultiPolygon", "coordinates": [ [ [ [ -75.844984469911225, -73.689491151889953 ], [ -77.225732584043087, -74.48005445727145 ], [ -80.274267418254283, -74.480054457156768 ], [ -81.655015531978421, -73.689491151659027 ], [ -80.14072483507465, -72.938702055406239 ], [ -77.359275166532399, -72.938702055524672 ], [ -75.844984469911225, -73.689491151889953 ] ] ] ] } },
{ "type": "Feature", "properties": { "geogrid_id": "7373849546015526329", "seqnum": 15086.0, "lat_c": -73.849545901078571, "lon_c": -15.526328918977832, "res": 7.0, "count_Birds": 2, "count_Mammals": 0, "count_Molluscs": 0, "count_Mosses": 0, "count_Insects": 0, "count_Sac Fungi": 0, "count_Flowering Plants": 0, "count_Arachnids": 0, "count_Basidiomycota": 0, "count_Amphibians": 0, "unique_species_count": 2.0, "countryCode": "AQ" }, "geometry": { "type": "MultiPolygon", "coordinates": [ [ [ [ -14.428748862164772, -73.139659496092904 ], [ -12.349621264701334, -73.834053225839227 ], [ -13.425799000694198, -74.557231029345289 ], [ -16.735988530281716, -74.555448035098635 ], [ -18.701084307241299, -73.817309484354695 ], [ -17.488343566376713, -73.125209607696618 ], [ -14.428748862164772, -73.139659496092904 ] ] ] ] } },
{ "type": "Feature", "properties": { "geogrid_id": "7373849546141973671", "seqnum": 15074.0, "lat_c": -73.849545898642944, "lon_c": -141.97367107345656, "res": 7.0, "count_Birds": 0, "count_Mammals": 2, "count_Molluscs": 0, "count_Mosses": 0, "count_Insects": 0, "count_Sac Fungi": 0, "count_Flowering Plants": 0, "count_Arachnids": 0, "count_Basidiomycota": 0, "count_Amphibians": 0, "unique_species_count": 2.0, "countryCode": "AQ" }, "geometry": { "type": "MultiPolygon", "coordinates": [ [ [ [ -140.764011462568703, -74.555448032675244 ], [ -144.074200991541147, -74.557231026930467 ], [ -145.150378727167976, -73.834053223417783 ], [ -143.071251129903089, -73.139659493649361 ], [ -140.011656426212085, -73.125209605244265 ], [ -138.798915685756214, -73.817309481915586 ], [ -140.764011462568703, -74.555448032675244 ] ] ] ] } },
{ "type": "Feature", "properties": { "geogrid_id": "7374059144029681052", "seqnum": 14976.0, "lat_c": -74.059143831819142, "lon_c": -29.681051767921161, "res": 7.0, "count_Birds": 4, "count_Mammals": 0, "count_Molluscs": 0, "count_Mosses": 0, "count_Insects": 0, "count_Sac Fungi": 0, "count_Flowering Plants": 0, "count_Arachnids": 0, "count_Basidiomycota": 0, "count_Amphibians": 0, "unique_species_count": 4.0, "countryCode": "AQ" }, "geometry": { "type": "MultiPolygon", "coordinates": [ [ [ [ -28.049480853600933, -73.439154075537473 ], [ -26.524698572042649, -74.254747170010234 ], [ -28.220859459974353, -74.887901055385925 ], [ -31.46452815783146, -74.667203632878113 ], [ -32.759919927068999, -73.818247092431349 ], [ -31.05975644569768, -73.222593710022139 ], [ -28.049480853600933, -73.439154075537473 ] ] ] ] } },
{ "type": "Feature", "properties": { "geogrid_id": "7374059144127818948", "seqnum": 14966.0, "lat_c": -74.059143829470841, "lon_c": -127.81894822720361, "res": 7.0, "count_Birds": 1, "count_Mammals": 2, "count_Molluscs": 0, "count_Mosses": 0, "count_Insects": 0, "count_Sac Fungi": 0, "count_Flowering Plants": 0, "count_Arachnids": 0, "count_Basidiomycota": 0, "count_Amphibians": 0, "unique_species_count": 3.0, "countryCode": "AQ" }, "geometry": { "type": "MultiPolygon", "coordinates": [ [ [ [ -126.03547183790559, -74.667203630578328 ], [ -129.279140535223604, -74.887901053043947 ], [ -130.975301422563945, -74.254747167627812 ], [ -129.450519140968282, -73.439154073149837 ], [ -126.440243549324492, -73.222593707670484 ], [ -124.740080068525018, -73.818247090125965 ], [ -126.03547183790559, -74.667203630578328 ] ] ] ] } },
{ "type": "Feature", "properties": { "geogrid_id": "7374332967162831804", "seqnum": 15263.0, "lat_c": -74.332967057214688, "lon_c": -162.83180441707648, "res": 7.0, "count_Birds": 7, "count_Mammals": 3, "count_Molluscs": 1, "count_Mosses": 0, "count_Insects": 0, "count_Sac Fungi": 0, "count_Flowering Plants": 0, "count_Arachnids": 0, "count_Basidiomycota": 0, "count_Amphibians": 0, "unique_species_count": 11.0, "countryCode": "AQ" }, "geometry": { "type": "MultiPolygon", "coordinates": [ [ [ [ -162.538628475367091, -75.11740786161387 ], [ -165.71074207027462, -74.797487164348198 ], [ -165.851335608178516, -74.010194894690244 ], [ -163.095449136336356, -73.549892286716357 ], [ -160.109748975268076, -73.833278937265263 ], [ -159.700145464815762, -74.611616211628458 ], [ -162.538628475367091, -75.11740786161387 ] ] ] ] } },
{ "type": "Feature", "properties": { "geogrid_id": "7374332967174668196", "seqnum": 16958.0, "lat_c": -74.332967058396449, "lon_c": -174.66819561115611, "res": 7.0, "count_Birds": 5, "count_Mammals": 0, "count_Molluscs": 0, "count_Mosses": 0, "count_Insects": 0, "count_Sac Fungi": 0, "count_Flowering Plants": 0, "count_Arachnids": 0, "count_Basidiomycota": 0, "count_Amphibians": 0, "unique_species_count": 5.0, "countryCode": "AQ" }, "geometry": { "type": "MultiPolygon", "coordinates": [ [ [ [ -177.799854564412129, -74.611616212277582 ], [ -177.390251051875595, -73.833278937991025 ], [ -174.404550889879317, -73.549892287945752 ], [ -171.648664418905724, -74.010194896377897 ], [ -171.789257958935366, -74.797487166012345 ], [ -174.961371555094729, -75.117407862742056 ], [ -177.799854564412129, -74.611616212277582 ] ] ] ] } },
{ "type": "Feature", "properties": { "geogrid_id": "7374337037060518560", "seqnum": 14810.0, "lat_c": -74.337037420081785, "lon_c": -60.518560365874301, "res": 7.0, "count_Birds": 0, "count_Mammals": 1, "count_Molluscs": 0, "count_Mosses": 0, "count_Insects": 0, "count_Sac Fungi": 0, "count_Flowering Plants": 0, "count_Arachnids": 0, "count_Basidiomycota": 0, "count_Amphibians": 0, "unique_species_count": 1.0, "countryCode": "AQ" }, "geometry": { "type": "MultiPolygon", "coordinates": [ [ [ [ -57.855008905589337, -74.024733634488001 ], [ -58.138557337466203, -74.930992368170166 ], [ -61.011704266288213, -75.231097538957769 ], [ -63.318325461868874, -74.609261569543236 ], [ -62.726223605165551, -73.718912927418955 ], [ -60.132286021029763, -73.431514425482234 ], [ -57.855008905589337, -74.024733634488001 ] ] ] ] } },
{ "type": "Feature", "properties": { "geogrid_id": "7374427271074191618", "seqnum": 14781.0, "lat_c": -74.427271019801182, "lon_c": -74.19161817546626, "res": 7.0, "count_Birds": 0, "count_Mammals": 0, "count_Molluscs": 0, "count_Mosses": 0, "count_Insects": 0, "count_Sac Fungi": 4, "count_Flowering Plants": 0, "count_Arachnids": 0, "count_Basidiomycota": 0, "count_Amphibians": 0, "unique_species_count": 4.0, "countryCode": "AQ" }, "geometry": { "type": "MultiPolygon", "coordinates": [ [ [ [ -71.20007250595512, -74.32261923004927 ], [ -72.381027807021937, -75.150953135677938 ], [ -75.550670170734634, -75.230852807639693 ], [ -77.225732584043087, -74.48005445727145 ], [ -75.844984469911225, -73.689491151889953 ], [ -72.968936896783262, -73.610600677727135 ], [ -71.20007250595512, -74.32261923004927 ] ] ] ] } },
{ "type": "Feature", "properties": { "geogrid_id": "7374433771168750000", "seqnum": 16931.0, "lat_c": -74.433770648669835, "lon_c": -168.75000001301578, "res": 7.0, "count_Birds": 4, "count_Mammals": 2, "count_Molluscs": 0, "count_Mosses": 0, "count_Insects": 0, "count_Sac Fungi": 0, "count_Flowering Plants": 0, "count_Arachnids": 0, "count_Basidiomycota": 0, "count_Amphibians": 0, "unique_species_count": 6.0, "countryCode": "AQ" }, "geometry": { "type": "MultiPolygon", "coordinates": [ [ [ [ -171.789257958935366, -74.797487166012345 ], [ -171.648664418905724, -74.010194896377897 ], [ -168.750000012047025, -73.645680097918756 ], [ -165.851335608178516, -74.010194894690244 ], [ -165.71074207027462, -74.797487164348198 ], [ -168.750000014086453, -75.223294083678482 ], [ -171.789257958935366, -74.797487166012345 ] ] ] ] } },
{ "type": "Feature", "properties": { "geogrid_id": "7374504017137464774", "seqnum": 15047.0, "lat_c": -74.504017095448617, "lon_c": -137.46477404735023, "res": 7.0, "count_Birds": 1, "count_Mammals": 3, "count_Molluscs": 0, "count_Mosses": 0, "count_Insects": 0, "count_Sac Fungi": 2, "count_Flowering Plants": 0, "count_Arachnids": 0, "count_Basidiomycota": 0, "count_Amphibians": 0, "unique_species_count": 6.0, "countryCode": "AQ" }, "geometry": { "type": "MultiPolygon", "coordinates": [ [ [ [ -135.99361751647632, -75.183783889129671 ], [ -139.427042155401978, -75.256065167752183 ], [ -140.764011462568703, -74.555448032675244 ], [ -138.798915685756214, -73.817309481915586 ], [ -135.643096940844714, -73.737657987016377 ], [ -134.195876538001869, -74.403470354107256 ], [ -135.99361751647632, -75.183783889129671 ] ] ] ] } },
{ "type": "Feature", "properties": { "geogrid_id": "7374509271010124682", "seqnum": 15140.0, "lat_c": -74.509271494619455, "lon_c": -10.124682413925346, "res": 7.0, "count_Birds": 1, "count_Mammals": 0, "count_Molluscs": 0, "count_Mosses": 0, "count_Insects": 0, "count_Sac Fungi": 2, "count_Flowering Plants": 0, "count_Arachnids": 2, "count_Basidiomycota": 0, "count_Amphibians": 0, "unique_species_count": 5.0, "countryCode": "AQ" }, "geometry": { "type": "MultiPolygon", "coordinates": [ [ [ [ -9.188298676040242, -73.770901630430387 ], [ -6.852498951665289, -74.411920537040771 ], [ -7.73252241032442, -75.162183613846423 ], [ -11.162894609176412, -75.245316189903377 ], [ -13.425799000694198, -74.557231029345289 ], [ -12.349621264701334, -73.834053225839227 ], [ -9.188298676040242, -73.770901630430387 ] ] ] ] } },
{ "type": "Feature", "properties": { "geogrid_id": "7374509271147375318", "seqnum": 15128.0, "lat_c": -74.509271492224585, "lon_c": -147.3753175777006, "res": 7.0, "count_Birds": 1, "count_Mammals": 5, "count_Molluscs": 0, "count_Mosses": 0, "count_Insects": 0, "count_Sac Fungi": 0, "count_Flowering Plants": 0, "count_Arachnids": 0, "count_Basidiomycota": 0, "count_Amphibians": 0, "unique_species_count": 6.0, "countryCode": "AQ" }, "geometry": { "type": "MultiPolygon", "coordinates": [ [ [ [ -146.337105382809654, -75.245316187513453 ], [ -149.767477581008677, -75.162183611482732 ], [ -150.647501039368962, -74.411920534676909 ], [ -148.311701315272728, -73.770901628033698 ], [ -145.150378727167976, -73.834053223417783 ], [ -144.074200991541147, -74.557231026930467 ], [ -146.337105382809654, -75.245316187513453 ] ] ] ] } },
{ "type": "Feature", "properties": { "geogrid_id": "7374591463102085016", "seqnum": 14833.0, "lat_c": -74.591463412801986, "lon_c": -102.08501647139839, "res": 7.0, "count_Birds": 1, "count_Mammals": 1, "count_Molluscs": 0, "count_Mosses": 0, "count_Insects": 0, "count_Sac Fungi": 0, "count_Flowering Plants": 0, "count_Arachnids": 0, "count_Basidiomycota": 0, "count_Amphibians": 1, "unique_species_count": 3.0, "countryCode": "AQ" }, "geometry": { "type": "MultiPolygon", "coordinates": [ [ [ [ -99.361442663271973, -74.930992366815261 ], [ -101.927734468942575, -75.49800923754033 ], [ -104.699684065279754, -75.129122061465381 ], [ -104.652336248592889, -74.216432856050432 ], [ -102.16349798689464, -73.676245035326744 ], [ -99.644991094534987, -74.024733633067399 ], [ -99.361442663271973, -74.930992366815261 ] ] ] ] } },
{ "type": "Feature", "properties": { "geogrid_id": "7374628405039720991", "seqnum": 14921.0, "lat_c": -74.628404684010107, "lon_c": -39.720991022802536, "res": 7.0, "count_Birds": 1, "count_Mammals": 0, "count_Molluscs": 0, "count_Mosses": 0, "count_Insects": 0, "count_Sac Fungi": 0, "count_Flowering Plants": 0, "count_Arachnids": 0, "count_Basidiomycota": 0, "count_Amphibians": 0, "unique_species_count": 1.0, "countryCode": "AQ" }, "geometry": { "type": "MultiPolygon", "coordinates": [ [ [ [ -37.654495503453418, -74.089924841596371 ], [ -36.631213335842652, -74.96661252917211 ], [ -38.829533708785185, -75.513556029521695 ], [ -41.961995710584354, -75.146105949939397 ], [ -42.67811901644582, -74.24880149578938 ], [ -40.583426641504879, -73.737748836142657 ], [ -37.654495503453418, -74.089924841596371 ] ] ] ] } },
{ "type": "Feature", "properties": { "geogrid_id": "7374737740112558992", "seqnum": 14886.0, "lat_c": -74.737740242332151, "lon_c": -112.5589917845769, "res": 7.0, "count_Birds": 1, "count_Mammals": 1, "count_Molluscs": 0, "count_Mosses": 0, "count_Insects": 0, "count_Sac Fungi": 0, "count_Flowering Plants": 0, "count_Arachnids": 0, "count_Basidiomycota": 0, "count_Amphibians": 0, "unique_species_count": 2.0, "countryCode": "AQ" }, "geometry": { "type": "MultiPolygon", "coordinates": [ [ [ [ -110.120047809011382, -75.200985423776103 ], [ -113.111863168827227, -75.63953434518821 ], [ -115.53800428744816, -75.146105947913497 ], [ -114.821880981206689, -74.248801493745546 ], [ -111.999644710529395, -73.830394561015567 ], [ -109.734198843593759, -74.291404129624652 ], [ -110.120047809011382, -75.200985423776103 ] ] ] ] } },
{ "type": "Feature", "properties": { "geogrid_id": "7375019227069269328", "seqnum": 14809.0, "lat_c": -75.01922730380565, "lon_c": -69.269327968085847, "res": 7.0, "count_Birds": 0, "count_Mammals": 0, "count_Molluscs": 0, "count_Mosses": 0, "count_Insects": 0, "count_Sac Fungi": 4, "count_Flowering Plants": 0, "count_Arachnids": 0, "count_Basidiomycota": 0, "count_Amphibians": 0, "unique_species_count": 4.0, "countryCode": "AQ" }, "geometry": { "type": "MultiPolygon", "coordinates": [ [ [ [ -66.241128560699323, -74.837749341419041 ], [ -67.157091448699788, -75.698273642711698 ], [ -70.392416087266184, -75.858856350453181 ], [ -72.381027807021937, -75.150953135677938 ], [ -71.20007250595512, -74.32261923004927 ], [ -68.277246933829062, -74.167876497966489 ], [ -66.241128560699323, -74.837749341419041 ] ] ] ] } },
{ "type": "Feature", "properties": { "geogrid_id": "7375019227088230672", "seqnum": 14807.0, "lat_c": -75.019227303132823, "lon_c": -88.230672034074388, "res": 7.0, "count_Birds": 1, "count_Mammals": 0, "count_Molluscs": 0, "count_Mosses": 0, "count_Insects": 0, "count_Sac Fungi": 0, "count_Flowering Plants": 0, "count_Arachnids": 0, "count_Basidiomycota": 0, "count_Amphibians": 0, "unique_species_count": 1.0, "countryCode": "AQ" }, "geometry": { "type": "MultiPolygon", "coordinates": [ [ [ [ -85.118972195440051, -75.150953135223347 ], [ -87.107583915478486, -75.858856349883169 ], [ -90.342908553668948, -75.698273641926107 ], [ -91.258871441058346, -74.837749340538267 ], [ -89.222753067764742, -74.167876497190363 ], [ -86.299927495981933, -74.322619229485525 ], [ -85.118972195440051, -75.150953135223347 ] ] ] ] } },
{ "type": "Feature", "properties": { "geogrid_id": "7375060643024895697", "seqnum": 15030.0, "lat_c": -75.060642598419676, "lon_c": -24.895696894626784, "res": 7.0, "count_Birds": 6, "count_Mammals": 1, "count_Molluscs": 0, "count_Mosses": 0, "count_Insects": 0, "count_Sac Fungi": 0, "count_Flowering Plants": 0, "count_Arachnids": 0, "count_Basidiomycota": 0, "count_Amphibians": 0, "unique_species_count": 7.0, "countryCode": "AQ" }, "geometry": { "type": "MultiPolygon", "coordinates": [ [ [ [ -23.304123456046039, -74.403470356514035 ], [ -21.506382477503905, -75.183783891525735 ], [ -23.132477567651947, -75.854808171922187 ], [ -26.649103405702945, -75.707105887609018 ], [ -28.220859459974353, -74.887901055385925 ], [ -26.524698572042649, -74.254747170010234 ], [ -23.304123456046039, -74.403470356514035 ] ] ] ] } },
{ "type": "Feature", "properties": { "geogrid_id": "7375060643132604303", "seqnum": 15020.0, "lat_c": -75.060642596045255, "lon_c": -132.60430309998216, "res": 7.0, "count_Birds": 2, "count_Mammals": 0, "count_Molluscs": 0, "count_Mosses": 0, "count_Insects": 0, "count_Sac Fungi": 1, "count_Flowering Plants": 0, "count_Arachnids": 0, "count_Basidiomycota": 0, "count_Amphibians": 0, "unique_species_count": 3.0, "countryCode": "AQ" }, "geometry": { "type": "MultiPolygon", "coordinates": [ [ [ [ -130.850896589535523, -75.707105885275254 ], [ -134.367522426918896, -75.854808169557785 ], [ -135.99361751647632, -75.183783889129671 ], [ -134.195876538001869, -74.403470354107256 ], [ -130.975301422563945, -74.254747167627812 ], [ -129.279140535223604, -74.887901053043947 ], [ -130.850896589535523, -75.707105885275254 ] ] ] ] } },
{ "type": "Feature", "properties": { "geogrid_id": "7375276679014617433", "seqnum": 15112.0, "lat_c": -75.276679101353238, "lon_c": -14.617433192229626, "res": 7.0, "count_Birds": 0, "count_Mammals": 0, "count_Molluscs": 0, "count_Mosses": 0, "count_Insects": 0, "count_Sac Fungi": 0, "count_Flowering Plants": 0, "count_Arachnids": 2, "count_Basidiomycota": 0, "count_Amphibians": 0, "unique_species_count": 2.0, "countryCode": "AQ" }, "geometry": { "type": "MultiPolygon", "coordinates": [ [ [ [ -13.425799000694198, -74.557231029345289 ], [ -11.162894609176412, -75.245316189903377 ], [ -12.31849586570091, -75.978059142537219 ], [ -15.941480425471243, -75.991154032514999 ], [ -18.072957837922139, -75.256065170158323 ], [ -16.735988530281716, -74.555448035098635 ], [ -13.425799000694198, -74.557231029345289 ] ] ] ] } },
{ "type": "Feature", "properties": { "geogrid_id": "7375276679142882567", "seqnum": 15101.0, "lat_c": -75.276679098949103, "lon_c": -142.88256680042491, "res": 7.0, "count_Birds": 4, "count_Mammals": 2, "count_Molluscs": 0, "count_Mosses": 0, "count_Insects": 0, "count_Sac Fungi": 1, "count_Flowering Plants": 0, "count_Arachnids": 0, "count_Basidiomycota": 0, "count_Amphibians": 0, "unique_species_count": 7.0, "countryCode": "AQ" }, "geometry": { "type": "MultiPolygon", "coordinates": [ [ [ [ -141.558519567665371, -75.991154030126253 ], [ -145.18150412670164, -75.978059140155892 ], [ -146.337105382809654, -75.245316187513453 ], [ -144.074200991541147, -74.557231026930467 ], [ -140.764011462568703, -74.555448032675244 ], [ -139.427042155401978, -75.256065167752183 ], [ -141.558519567665371, -75.991154030126253 ] ] ] ] } },
{ "type": "Feature", "properties": { "geogrid_id": "7375390915178255979", "seqnum": 16932.0, "lat_c": -75.390914941182061, "lon_c": -178.25597863133402, "res": 7.0, "count_Birds": 2, "count_Mammals": 0, "count_Molluscs": 1, "count_Mosses": 0, "count_Insects": 0, "count_Sac Fungi": 0, "count_Flowering Plants": 0, "count_Arachnids": 0, "count_Basidiomycota": 0, "count_Amphibians": 0, "unique_species_count": 3.0, "countryCode": "AQ" }, "geometry": { "type": "MultiPolygon", "coordinates": [ [ [ [ 178.341189663688141, -75.615605597928294 ], [ 178.968298392505005, -74.843939935195138 ], [ 180.0, -74.769775299555505 ], [ 180.0, -75.934093939428706 ], [ 178.341189663688141, -75.615605597928294 ] ] ], [ [ [ -177.799854564412129, -74.611616212277582 ], [ -174.961371555094729, -75.117407862742056 ], [ -175.289058281210117, -75.903062411818752 ], [ -178.766535130037681, -76.170916782965321 ], [ -180.0, -75.934093939428706 ], [ -180.0, -74.769775299555505 ], [ -177.799854564412129, -74.611616212277582 ] ] ] ] } },
{ "type": "Feature", "properties": { "geogrid_id": "7375508417030082801", "seqnum": 15003.0, "lat_c": -75.508417286248957, "lon_c": -30.082800892868395, "res": 7.0, "count_Birds": 2, "count_Mammals": 1, "count_Molluscs": 0, "count_Mosses": 0, "count_Insects": 0, "count_Sac Fungi": 0, "count_Flowering Plants": 0, "count_Arachnids": 0, "count_Basidiomycota": 0, "count_Amphibians": 0, "unique_species_count": 3.0, "countryCode": "AQ" }, "geometry": { "type": "MultiPolygon", "coordinates": [ [ [ [ -28.220859459974353, -74.887901055385925 ], [ -26.649103405702945, -75.707105887609018 ], [ -28.583913610179582, -76.340465846322147 ], [ -32.128531764589276, -76.11364631627734 ], [ -33.415023056936867, -75.26079969091883 ], [ -31.46452815783146, -74.667203632878113 ], [ -28.220859459974353, -74.887901055385925 ] ] ] ] } },
{ "type": "Feature", "properties": { "geogrid_id": "7375586224165553917", "seqnum": 15291.0, "lat_c": -75.586223509103988, "lon_c": -165.55391695586292, "res": 7.0, "count_Birds": 3, "count_Mammals": 1, "count_Molluscs": 0, "count_Mosses": 0, "count_Insects": 0, "count_Sac Fungi": 0, "count_Flowering Plants": 0, "count_Arachnids": 0, "count_Basidiomycota": 0, "count_Amphibians": 0, "unique_species_count": 4.0, "countryCode": "AQ" }, "geometry": { "type": "MultiPolygon", "coordinates": [ [ [ [ -165.378010822066159, -76.376308158820066 ], [ -168.750000017218611, -76.014181802153658 ], [ -168.750000015947052, -75.223294081506353 ], [ -165.71074207027462, -74.797487164348198 ], [ -162.538628475367091, -75.11740786161387 ], [ -162.210941751728768, -75.903062410751062 ], [ -165.378010822066159, -76.376308158820066 ] ] ] ] } },
{ "type": "Feature", "properties": { "geogrid_id": "7375586224171946083", "seqnum": 16904.0, "lat_c": -75.586223510741334, "lon_c": -171.94608307570547, "res": 7.0, "count_Birds": 2, "count_Mammals": 1, "count_Molluscs": 0, "count_Mosses": 0, "count_Insects": 0, "count_Sac Fungi": 0, "count_Flowering Plants": 0, "count_Arachnids": 0, "count_Basidiomycota": 0, "count_Amphibians": 0, "unique_species_count": 3.0, "countryCode": "AQ" }, "geometry": { "type": "MultiPolygon", "coordinates": [ [ [ [ -175.289058281210117, -75.903062411818752 ], [ -174.961371555094729, -75.117407862742056 ], [ -171.789257958935366, -74.797487166012345 ], [ -168.750000014086453, -75.223294083678482 ], [ -168.750000015276498, -76.014181804329311 ], [ -172.121989212134366, -76.37630816042676 ], [ -175.289058281210117, -75.903062411818752 ] ] ] ] } },
{ "type": "Feature", "properties": { "geogrid_id": "7375910602148786873", "seqnum": 15156.0, "lat_c": -75.910601808552684, "lon_c": -148.78687287061126, "res": 7.0, "count_Birds": 0, "count_Mammals": 2, "count_Molluscs": 0, "count_Mosses": 0, "count_Insects": 0, "count_Sac Fungi": 0, "count_Flowering Plants": 0, "count_Arachnids": 0, "count_Basidiomycota": 0, "count_Amphibians": 0, "unique_species_count": 2.0, "countryCode": "AQ" }, "geometry": { "type": "MultiPolygon", "coordinates": [ [ [ [ -147.689142920982249, -76.656303594266362 ], [ -151.448546072396681, -76.549530567764535 ], [ -152.348261075257625, -75.789392505753824 ], [ -149.767477581008677, -75.162183611482732 ], [ -146.337105382809654, -75.245316187513453 ], [ -145.18150412670164, -75.978059140155892 ], [ -147.689142920982249, -76.656303594266362 ] ] ] ] } },
{ "type": "Feature", "properties": { "geogrid_id": "7375949875019554994", "seqnum": 15085.0, "lat_c": -75.949874664869753, "lon_c": -19.554993812517797, "res": 7.0, "count_Birds": 1, "count_Mammals": 0, "count_Molluscs": 0, "count_Mosses": 0, "count_Insects": 0, "count_Sac Fungi": 0, "count_Flowering Plants": 0, "count_Arachnids": 0, "count_Basidiomycota": 0, "count_Amphibians": 0, "unique_species_count": 1.0, "countryCode": "AQ" }, "geometry": { "type": "MultiPolygon", "coordinates": [ [ [ [ -18.072957837922139, -75.256065170158323 ], [ -15.941480425471243, -75.991154032514999 ], [ -17.418025524786145, -76.699182529118985 ], [ -21.202805022201407, -76.635082719797722 ], [ -23.132477567651947, -75.854808171922187 ], [ -21.506382477503905, -75.183783891525735 ], [ -18.072957837922139, -75.256065170158323 ] ] ] ] } },
{ "type": "Feature", "properties": { "geogrid_id": "7375949875137945006", "seqnum": 15075.0, "lat_c": -75.949874662486778, "lon_c": -137.94500618134725, "res": 7.0, "count_Birds": 0, "count_Mammals": 0, "count_Molluscs": 0, "count_Mosses": 0, "count_Insects": 0, "count_Sac Fungi": 2, "count_Flowering Plants": 0, "count_Arachnids": 0, "count_Basidiomycota": 0, "count_Amphibians": 0, "unique_species_count": 2.0, "countryCode": "AQ" }, "geometry": { "type": "MultiPolygon", "coordinates": [ [ [ [ -136.297194972282966, -76.635082717444874 ], [ -140.081974468907106, -76.699182526751287 ], [ -141.558519567665371, -75.991154030126253 ], [ -139.427042155401978, -75.256065167752183 ], [ -135.99361751647632, -75.183783889129671 ], [ -134.367522426918896, -75.854808169557785 ], [ -136.297194972282966, -76.635082717444874 ] ] ] ] } },
{ "type": "Feature", "properties": { "geogrid_id": "7375967337073703891", "seqnum": 14836.0, "lat_c": -75.967336672664175, "lon_c": -73.703891480884266, "res": 7.0, "count_Birds": 0, "count_Mammals": 0, "count_Molluscs": 0, "count_Mosses": 1, "count_Insects": 0, "count_Sac Fungi": 2, "count_Flowering Plants": 0, "count_Arachnids": 0, "count_Basidiomycota": 0, "count_Amphibians": 0, "unique_species_count": 3.0, "countryCode": "AQ" }, "geometry": { "type": "MultiPolygon", "coordinates": [ [ [ [ -70.392416087266184, -75.858856350453181 ], [ -71.660806173564538, -76.687823046984889 ], [ -75.187833760451568, -76.772157522442399 ], [ -77.062622839345963, -76.022014905683463 ], [ -75.550670170734634, -75.230852807639693 ], [ -72.381027807021937, -75.150953135677938 ], [ -70.392416087266184, -75.858856350453181 ] ] ] ] } },
{ "type": "Feature", "properties": { "geogrid_id": "7376104899047008532", "seqnum": 14920.0, "lat_c": -76.104898531845677, "lon_c": -47.00853206436085, "res": 7.0, "count_Birds": 2, "count_Mammals": 0, "count_Molluscs": 0, "count_Mosses": 0, "count_Insects": 0, "count_Sac Fungi": 0, "count_Flowering Plants": 0, "count_Arachnids": 0, "count_Basidiomycota": 0, "count_Amphibians": 0, "unique_species_count": 2.0, "countryCode": "AQ" }, "geometry": { "type": "MultiPolygon", "coordinates": [ [ [ [ -44.388136829966989, -75.6395343471102 ], [ -43.818720916102841, -76.536037515586074 ], [ -46.63325067139106, -77.003765656874947 ], [ -49.829861750999385, -76.538137202741694 ], [ -50.000806198727574, -75.634715368581539 ], [ -47.379952190074093, -75.200985425610398 ], [ -44.388136829966989, -75.6395343471102 ] ] ] ] } },
{ "type": "Feature", "properties": { "geogrid_id": "7376104899110491468", "seqnum": 14914.0, "lat_c": -76.1048985300434, "lon_c": -110.49146793522806, "res": 7.0, "count_Birds": 1, "count_Mammals": 0, "count_Molluscs": 0, "count_Mosses": 0, "count_Insects": 0, "count_Sac Fungi": 0, "count_Flowering Plants": 0, "count_Arachnids": 0, "count_Basidiomycota": 0, "count_Amphibians": 0, "unique_species_count": 1.0, "countryCode": "AQ" }, "geometry": { "type": "MultiPolygon", "coordinates": [ [ [ [ -107.670138249405255, -76.538137201075997 ], [ -110.866749328731984, -77.003765655104999 ], [ -113.681279083147587, -76.536037513689422 ], [ -113.111863168827227, -75.63953434518821 ], [ -110.120047809011382, -75.200985423776103 ], [ -107.499193801108376, -75.634715366875611 ], [ -107.670138249405255, -76.538137201075997 ] ] ] ] } },
{ "type": "Feature", "properties": { "geogrid_id": "7376387155155138693", "seqnum": 15210.0, "lat_c": -76.387154767569314, "lon_c": -155.13869274474359, "res": 7.0, "count_Birds": 4, "count_Mammals": 6, "count_Molluscs": 0, "count_Mosses": 0, "count_Insects": 0, "count_Sac Fungi": 0, "count_Flowering Plants": 0, "count_Arachnids": 0, "count_Basidiomycota": 0, "count_Amphibians": 0, "unique_species_count": 10.0, "countryCode": "AQ" }, "geometry": { "type": "MultiPolygon", "coordinates": [ [ [ [ -154.347276256452602, -77.158097180832115 ], [ -158.158680140386508, -76.951322262992804 ], [ -158.733464904052482, -76.170916782498978 ], [ -155.841189696062997, -75.615605597955408 ], [ -152.348261075257625, -75.789392505753824 ], [ -151.448546072396681, -76.549530567764535 ], [ -154.347276256452602, -77.158097180832115 ] ] ] ] } },
{ "type": "Feature", "properties": { "geogrid_id": "7376514984024934026", "seqnum": 15057.0, "lat_c": -76.514984298405579, "lon_c": -24.934026357794458, "res": 7.0, "count_Birds": 1, "count_Mammals": 0, "count_Molluscs": 0, "count_Mosses": 0, "count_Insects": 0, "count_Sac Fungi": 0, "count_Flowering Plants": 0, "count_Arachnids": 0, "count_Basidiomycota": 0, "count_Amphibians": 0, "unique_species_count": 1.0, "countryCode": "AQ" }, "geometry": { "type": "MultiPolygon", "coordinates": [ [ [ [ -23.132477567651947, -75.854808171922187 ], [ -21.202805022201407, -76.635082719797722 ], [ -23.040511081586207, -77.3095632764377 ], [ -26.934385321481937, -77.161841947431967 ], [ -28.583913610179582, -76.340465846322147 ], [ -26.649103405702945, -75.707105887609018 ], [ -23.132477567651947, -75.854808171922187 ] ] ] ] } },
{ "type": "Feature", "properties": { "geogrid_id": "7376514984132565974", "seqnum": 15048.0, "lat_c": -76.514984296081153, "lon_c": -132.56597363744595, "res": 7.0, "count_Birds": 0, "count_Mammals": 0, "count_Molluscs": 0, "count_Mosses": 0, "count_Insects": 0, "count_Sac Fungi": 1, "count_Flowering Plants": 0, "count_Arachnids": 0, "count_Basidiomycota": 0, "count_Amphibians": 0, "unique_species_count": 1.0, "countryCode": "AQ" }, "geometry": { "type": "MultiPolygon", "coordinates": [ [ [ [ -130.565614674517576, -77.161841945157278 ], [ -134.459488913608595, -77.309563274123263 ], [ -136.297194972282966, -76.635082717444874 ], [ -134.367522426918896, -75.854808169557785 ], [ -130.850896589535523, -75.707105885275254 ], [ -128.916086385764743, -76.340465844038633 ], [ -130.565614674517576, -77.161841945157278 ] ] ] ] } },
{ "type": "Feature", "properties": { "geogrid_id": "7376689761161842582", "seqnum": 15264.0, "lat_c": -76.689760961824859, "lon_c": -161.84258184949013, "res": 7.0, "count_Birds": 2, "count_Mammals": 1, "count_Molluscs": 0, "count_Mosses": 0, "count_Insects": 0, "count_Sac Fungi": 0, "count_Flowering Plants": 0, "count_Arachnids": 1, "count_Basidiomycota": 0, "count_Amphibians": 0, "unique_species_count": 4.0, "countryCode": "AQ" }, "geometry": { "type": "MultiPolygon", "coordinates": [ [ [ [ -161.425832270956619, -77.477311192019911 ], [ -165.179465584844365, -77.167639609442617 ], [ -165.378010822066159, -76.376308158820066 ], [ -162.210941751728768, -75.903062410751062 ], [ -158.733464904052482, -76.170916782498978 ], [ -158.158680140386508, -76.951322262992804 ], [ -161.425832270956619, -77.477311192019911 ] ] ] ] } },
{ "type": "Feature", "properties": { "geogrid_id": "7376689761175657418", "seqnum": 16877.0, "lat_c": -76.689760962823925, "lon_c": -175.6574181862176, "res": 7.0, "count_Birds": 0, "count_Mammals": 0, "count_Molluscs": 1, "count_Mosses": 0, "count_Insects": 0, "count_Sac Fungi": 0, "count_Flowering Plants": 0, "count_Arachnids": 0, "count_Basidiomycota": 0, "count_Amphibians": 0, "unique_species_count": 1.0, "countryCode": "AQ" }, "geometry": { "type": "MultiPolygon", "coordinates": [ [ [ [ -179.341319896561885, -76.951322263349525 ], [ -178.766535130037681, -76.170916782965321 ], [ -175.289058281210117, -75.903062411818752 ], [ -172.121989212134366, -76.37630816042676 ], [ -172.320534452313268, -77.167639611014067 ], [ -176.074167767866498, -77.477311192940689 ], [ -179.341319896561885, -76.951322263349525 ] ] ] ] } },
{ "type": "Feature", "properties": { "geogrid_id": "7376706340143889852", "seqnum": 15129.0, "lat_c": -76.706339813861092, "lon_c": -143.8898516459027, "res": 7.0, "count_Birds": 2, "count_Mammals": 0, "count_Molluscs": 0, "count_Mosses": 0, "count_Insects": 0, "count_Sac Fungi": 4, "count_Flowering Plants": 0, "count_Arachnids": 0, "count_Basidiomycota": 0, "count_Amphibians": 0, "unique_species_count": 6.0, "countryCode": "AQ" }, "geometry": { "type": "MultiPolygon", "coordinates": [ [ [ [ -142.439657743277365, -77.428765065362882 ], [ -146.454116857627128, -77.398241543155109 ], [ -147.689142920982249, -76.656303594266362 ], [ -145.18150412670164, -75.978059140155892 ], [ -141.558519567665371, -75.991154030126253 ], [ -140.081974468907106, -76.699182526751287 ], [ -142.439657743277365, -77.428765065362882 ] ] ] ] } },
{ "type": "Feature", "properties": { "geogrid_id": "7376806364168750000", "seqnum": 16850.0, "lat_c": -76.806364464055065, "lon_c": -168.7500000166076, "res": 7.0, "count_Birds": 1, "count_Mammals": 1, "count_Molluscs": 0, "count_Mosses": 0, "count_Insects": 0, "count_Sac Fungi": 0, "count_Flowering Plants": 0, "count_Arachnids": 0, "count_Basidiomycota": 0, "count_Amphibians": 0, "unique_species_count": 2.0, "countryCode": "AQ" }, "geometry": { "type": "MultiPolygon", "coordinates": [ [ [ [ -172.320534452313268, -77.167639611014067 ], [ -172.121989212134366, -76.37630816042676 ], [ -168.750000015276498, -76.014181804329311 ], [ -165.378010822066159, -76.376308158820066 ], [ -165.179465584844365, -77.167639609442617 ], [ -168.750000018107102, -77.599772002685256 ], [ -172.320534452313268, -77.167639611014067 ] ] ] ] } },
{ "type": "Feature", "properties": { "geogrid_id": "7376957947030721817", "seqnum": 15029.0, "lat_c": -76.957946961889903, "lon_c": -30.72181648866583, "res": 7.0, "count_Birds": 4, "count_Mammals": 0, "count_Molluscs": 0, "count_Mosses": 0, "count_Insects": 0, "count_Sac Fungi": 0, "count_Flowering Plants": 0, "count_Arachnids": 0, "count_Basidiomycota": 0, "count_Amphibians": 0, "unique_species_count": 4.0, "countryCode": "AQ" }, "geometry": { "type": "MultiPolygon", "coordinates": [ [ [ [ -28.583913610179582, -76.340465846322147 ], [ -26.934385321481937, -77.161841947431967 ], [ -29.159913211770391, -77.792474732522066 ], [ -33.086485426866588, -77.556331302954234 ], [ -34.377387365855398, -76.700557500378608 ], [ -32.128531764589276, -76.11364631627734 ], [ -28.583913610179582, -76.340465846322147 ] ] ] ] } },
{ "type": "Feature", "properties": { "geogrid_id": "7377265693036849645", "seqnum": 15002.0, "lat_c": -77.265692649763139, "lon_c": -36.849644530343454, "res": 7.0, "count_Birds": 3, "count_Mammals": 0, "count_Molluscs": 0, "count_Mosses": 0, "count_Insects": 0, "count_Sac Fungi": 0, "count_Flowering Plants": 0, "count_Arachnids": 0, "count_Basidiomycota": 0, "count_Amphibians": 0, "unique_species_count": 3.0, "countryCode": "AQ" }, "geometry": { "type": "MultiPolygon", "coordinates": [ [ [ [ -34.377387365855398, -76.700557500378608 ], [ -33.086485426866588, -77.556331302954234 ], [ -35.703180097983939, -78.131894409326392 ], [ -39.565838516777127, -77.805124266128232 ], [ -40.430818303659663, -76.924286607252157 ], [ -37.881632180891032, -76.392770734936647 ], [ -34.377387365855398, -76.700557500378608 ] ] ] ] } },
{ "type": "Feature", "properties": { "geogrid_id": "7377307668150435151", "seqnum": 15183.0, "lat_c": -77.307668312882512, "lon_c": -150.4351507373139, "res": 7.0, "count_Birds": 0, "count_Mammals": 1, "count_Molluscs": 0, "count_Mosses": 0, "count_Insects": 0, "count_Sac Fungi": 0, "count_Flowering Plants": 0, "count_Arachnids": 0, "count_Basidiomycota": 0, "count_Amphibians": 0, "unique_species_count": 1.0, "countryCode": "AQ" }, "geometry": { "type": "MultiPolygon", "coordinates": [ [ [ [ -149.286872281202733, -78.062904597543991 ], [ -153.450044211920101, -77.927842680952807 ], [ -154.347276256452602, -77.158097180832115 ], [ -151.448546072396681, -76.549530567764535 ], [ -147.689142920982249, -76.656303594266362 ], [ -146.454116857627128, -77.398241543155109 ], [ -149.286872281202733, -78.062904597543991 ] ] ] ] } },
{ "type": "Feature", "properties": { "geogrid_id": "7377399005138429092", "seqnum": 15102.0, "lat_c": -77.399004635209621, "lon_c": -138.42909201172205, "res": 7.0, "count_Birds": 0, "count_Mammals": 0, "count_Molluscs": 0, "count_Mosses": 0, "count_Insects": 0, "count_Sac Fungi": 1, "count_Flowering Plants": 0, "count_Arachnids": 0, "count_Basidiomycota": 0, "count_Amphibians": 0, "unique_species_count": 1.0, "countryCode": "AQ" }, "geometry": { "type": "MultiPolygon", "coordinates": [ [ [ [ -136.571555172609663, -78.088501194520632 ], [ -140.803703335928986, -78.143645227640931 ], [ -142.439657743277365, -77.428765065362882 ], [ -140.081974468907106, -76.699182526751287 ], [ -136.297194972282966, -76.635082717444874 ], [ -134.459488913608595, -77.309563274123263 ], [ -136.571555172609663, -78.088501194520632 ] ] ] ] } },
{ "type": "Feature", "properties": { "geogrid_id": "7377427574043211738", "seqnum": 14974.0, "lat_c": -77.427574113497471, "lon_c": -43.211737789044172, "res": 7.0, "count_Birds": 1, "count_Mammals": 0, "count_Molluscs": 0, "count_Mosses": 0, "count_Insects": 0, "count_Sac Fungi": 0, "count_Flowering Plants": 0, "count_Arachnids": 0, "count_Basidiomycota": 0, "count_Amphibians": 0, "unique_species_count": 1.0, "countryCode": "AQ" }, "geometry": { "type": "MultiPolygon", "coordinates": [ [ [ [ -40.430818303659663, -76.924286607252157 ], [ -39.565838516777127, -77.805124266128232 ], [ -42.545672661762467, -78.314426248149459 ], [ -46.237928306335505, -77.898183171393626 ], [ -46.63325067139106, -77.003765656874947 ], [ -43.818720916102841, -76.536037515586074 ], [ -40.430818303659663, -76.924286607252157 ] ] ] ] } },
{ "type": "Feature", "properties": { "geogrid_id": "7377436736049672662", "seqnum": 14946.0, "lat_c": -77.436735845487789, "lon_c": -49.672662390259347, "res": 7.0, "count_Birds": 1, "count_Mammals": 0, "count_Molluscs": 0, "count_Mosses": 0, "count_Insects": 0, "count_Sac Fungi": 0, "count_Flowering Plants": 0, "count_Arachnids": 0, "count_Basidiomycota": 0, "count_Amphibians": 0, "unique_species_count": 1.0, "countryCode": "AQ" }, "geometry": { "type": "MultiPolygon", "coordinates": [ [ [ [ -46.63325067139106, -77.003765656874947 ], [ -46.237928306335505, -77.898183171393626 ], [ -49.519215109514228, -78.331285937940436 ], [ -52.940441613820205, -77.83030682704954 ], [ -52.855257105672464, -76.934972205658553 ], [ -49.829861750999385, -76.538137202741694 ], [ -46.63325067139106, -77.003765656874947 ] ] ] ] } },
{ "type": "Feature", "properties": { "geogrid_id": "7377731778157507399", "seqnum": 15238.0, "lat_c": -77.73177817735386, "lon_c": -157.50739910268487, "res": 7.0, "count_Birds": 3, "count_Mammals": 3, "count_Molluscs": 0, "count_Mosses": 0, "count_Insects": 0, "count_Sac Fungi": 1, "count_Flowering Plants": 0, "count_Arachnids": 0, "count_Basidiomycota": 0, "count_Amphibians": 0, "unique_species_count": 7.0, "countryCode": "AQ" }, "geometry": { "type": "MultiPolygon", "coordinates": [ [ [ [ -156.764062081196528, -78.511859900942056 ], [ -160.950902881775676, -78.265490988191999 ], [ -161.425832270956619, -77.477311192019911 ], [ -158.158680140386508, -76.951322262992804 ], [ -154.347276256452602, -77.158097180832115 ], [ -153.450044211920101, -77.927842680952807 ], [ -156.764062081196528, -78.511859900942056 ] ] ] ] } },
{ "type": "Feature", "properties": { "geogrid_id": "7377731778179992601", "seqnum": 16851.0, "lat_c": -77.731778177585724, "lon_c": -179.99260093747549, "res": 7.0, "count_Birds": 0, "count_Mammals": 1, "count_Molluscs": 0, "count_Mosses": 0, "count_Insects": 0, "count_Sac Fungi": 0, "count_Flowering Plants": 0, "count_Arachnids": 0, "count_Basidiomycota": 0, "count_Amphibians": 0, "unique_species_count": 1.0, "countryCode": "AQ" }, "geometry": { "type": "MultiPolygon", "coordinates": [ [ [ [ 179.264062037402738, -78.511859901030789 ], [ 175.950044170832996, -77.927842680464693 ], [ 176.847276218596136, -77.158097180517487 ], [ 180.0, -76.987056740183704 ], [ 180.0, -78.468554639683632 ], [ 179.264062037402738, -78.511859901030789 ] ] ], [ [ [ -179.341319896561885, -76.951322263349525 ], [ -176.074167767866498, -77.477311192940689 ], [ -176.549097160578469, -78.265490989022894 ], [ -180.0, -78.468554639683632 ], [ -180.0, -76.987056740183704 ], [ -179.341319896561885, -76.951322263349525 ] ] ] ] } },
{ "type": "Feature", "properties": { "geogrid_id": "7377960109164953780", "seqnum": 15292.0, "lat_c": -77.960109054099064, "lon_c": -164.95378002057427, "res": 7.0, "count_Birds": 3, "count_Mammals": 7, "count_Molluscs": 1, "count_Mosses": 0, "count_Insects": 1, "count_Sac Fungi": 0, "count_Flowering Plants": 0, "count_Arachnids": 0, "count_Basidiomycota": 0, "count_Amphibians": 0, "unique_species_count": 12.0, "countryCode": "AQ" }, "geometry": { "type": "MultiPolygon", "coordinates": [ [ [ [ -164.695175712339676, -78.753598130197574 ], [ -168.750000022074971, -78.394333679572597 ], [ -168.750000020248962, -77.599772000503023 ], [ -165.179465584844365, -77.167639609442617 ], [ -161.425832270956619, -77.477311192019911 ], [ -160.950902881775676, -78.265490988191999 ], [ -164.695175712339676, -78.753598130197574 ] ] ] ] } },
{ "type": "Feature", "properties": { "geogrid_id": "7377960109172546220", "seqnum": 16823.0, "lat_c": -77.960109055629843, "lon_c": -172.54622001993033, "res": 7.0, "count_Birds": 2, "count_Mammals": 4, "count_Molluscs": 0, "count_Mosses": 0, "count_Insects": 0, "count_Sac Fungi": 0, "count_Flowering Plants": 0, "count_Arachnids": 0, "count_Basidiomycota": 0, "count_Amphibians": 0, "unique_species_count": 6.0, "countryCode": "AQ" }, "geometry": { "type": "MultiPolygon", "coordinates": [ [ [ [ -176.549097160578469, -78.265490989022894 ], [ -176.074167767866498, -77.477311192940689 ], [ -172.320534452313268, -77.167639611014067 ], [ -168.750000018107102, -77.599772002685256 ], [ -168.750000019809846, -78.394333681757843 ], [ -172.804824331985031, -78.753598131681088 ], [ -176.549097160578469, -78.265490989022894 ] ] ] ] } },
{ "type": "Feature", "properties": { "geogrid_id": "7378135141145057028", "seqnum": 15157.0, "lat_c": -78.135141089381491, "lon_c": -145.05702785824926, "res": 7.0, "count_Birds": 2, "count_Mammals": 0, "count_Molluscs": 0, "count_Mosses": 0, "count_Insects": 0, "count_Sac Fungi": 0, "count_Flowering Plants": 0, "count_Arachnids": 0, "count_Basidiomycota": 0, "count_Amphibians": 0, "unique_species_count": 2.0, "countryCode": "AQ" }, "geometry": { "type": "MultiPolygon", "coordinates": [ [ [ [ -143.467256165828957, -78.865431128763717 ], [ -147.977152595975411, -78.814128016332958 ], [ -149.286872281202733, -78.062904597543991 ], [ -146.454116857627128, -77.398241543155109 ], [ -142.439657743277365, -77.428765065362882 ], [ -140.803703335928986, -78.143645227640931 ], [ -143.467256165828957, -78.865431128763717 ] ] ] ] } },
{ "type": "Feature", "properties": { "geogrid_id": "7378680344038597944", "seqnum": 15028.0, "lat_c": -78.680344144697429, "lon_c": -38.597943488356037, "res": 7.0, "count_Birds": 1, "count_Mammals": 0, "count_Molluscs": 0, "count_Mosses": 0, "count_Insects": 0, "count_Sac Fungi": 0, "count_Flowering Plants": 0, "count_Arachnids": 0, "count_Basidiomycota": 0, "count_Amphibians": 0, "unique_species_count": 1.0, "countryCode": "AQ" }, "geometry": { "type": "MultiPolygon", "coordinates": [ [ [ [ -35.703180097983939, -78.131894409326392 ], [ -34.406458143975939, -78.990762424021227 ], [ -37.493132319044392, -79.549657967889928 ], [ -41.796216503384855, -79.196772684650142 ], [ -42.545672661762467, -78.314426248149459 ], [ -39.565838516777127, -77.805124266128232 ], [ -35.703180097983939, -78.131894409326392 ] ] ] ] } },
{ "type": "Feature", "properties": { "geogrid_id": "7379044461085182192", "seqnum": 14943.0, "lat_c": -79.044460660562478, "lon_c": -85.182191834346284, "res": 7.0, "count_Birds": 0, "count_Mammals": 0, "count_Molluscs": 0, "count_Mosses": 0, "count_Insects": 0, "count_Sac Fungi": 1, "count_Flowering Plants": 0, "count_Arachnids": 0, "count_Basidiomycota": 0, "count_Amphibians": 0, "unique_species_count": 1.0, "countryCode": "AQ" }, "geometry": { "type": "MultiPolygon", "coordinates": [ [ [ [ -80.90319400293339, -79.109200093899219 ], [ -83.370439003496287, -79.856024418647706 ], [ -87.925377604599916, -79.753387087250047 ], [ -89.380983512862315, -78.916251609039875 ], [ -86.746317502870582, -78.222079996210965 ], [ -82.771136340490813, -78.313840414464934 ], [ -80.90319400293339, -79.109200093899219 ] ] ] ] } },
{ "type": "Feature", "properties": { "geogrid_id": "7379054038160405189", "seqnum": 15265.0, "lat_c": -79.054038106878451, "lon_c": -160.4051886406944, "res": 7.0, "count_Birds": 4, "count_Mammals": 4, "count_Molluscs": 0, "count_Mosses": 0, "count_Insects": 0, "count_Sac Fungi": 0, "count_Flowering Plants": 0, "count_Arachnids": 0, "count_Basidiomycota": 0, "count_Amphibians": 0, "unique_species_count": 8.0, "countryCode": "AQ" }, "geometry": { "type": "MultiPolygon", "coordinates": [ [ [ [ -159.772188767714965, -79.842635017564589 ], [ -164.396110477076235, -79.54797561682463 ], [ -164.695175712339676, -78.753598130197574 ], [ -160.950902881775676, -78.265490988191999 ], [ -156.764062081196528, -78.511859900942056 ], [ -155.908655486642743, -79.291046078978553 ], [ -159.772188767714965, -79.842635017564589 ] ] ] ] } },
{ "type": "Feature", "properties": { "geogrid_id": "7379189978168750000", "seqnum": 16769.0, "lat_c": -79.189978120752826, "lon_c": -168.750000021761, "res": 7.0, "count_Birds": 0, "count_Mammals": 2, "count_Molluscs": 0, "count_Mosses": 0, "count_Insects": 0, "count_Sac Fungi": 0, "count_Flowering Plants": 0, "count_Arachnids": 1, "count_Basidiomycota": 0, "count_Amphibians": 0, "unique_species_count": 3.0, "countryCode": "AQ" }, "geometry": { "type": "MultiPolygon", "coordinates": [ [ [ [ -173.10388957165037, -79.547975618252792 ], [ -172.804824331985031, -78.753598131681088 ], [ -168.750000019809846, -78.394333681757843 ], [ -164.695175712339676, -78.753598130197574 ], [ -164.396110477076235, -79.54797561682463 ], [ -168.750000024020153, -79.986633334204427 ], [ -173.10388957165037, -79.547975618252792 ] ] ] ] } },
{ "type": "Feature", "properties": { "geogrid_id": "7379425666025397934", "seqnum": 15110.0, "lat_c": -79.42566603324245, "lon_c": -25.397934127080639, "res": 7.0, "count_Birds": 2, "count_Mammals": 0, "count_Molluscs": 0, "count_Mosses": 0, "count_Insects": 0, "count_Sac Fungi": 0, "count_Flowering Plants": 0, "count_Arachnids": 0, "count_Basidiomycota": 0, "count_Amphibians": 0, "unique_species_count": 2.0, "countryCode": "AQ" }, "geometry": { "type": "MultiPolygon", "coordinates": [ [ [ [ -23.024228232710495, -78.765101412114092 ], [ -20.664830599857027, -79.541995912113464 ], [ -23.086433393595073, -80.21970157829324 ], [ -28.095998485055382, -80.066342023519198 ], [ -29.99449859857625, -79.240699125404774 ], [ -27.401850196872402, -78.615708321421067 ], [ -23.024228232710495, -78.765101412114092 ] ] ] ] } },
{ "type": "Feature", "properties": { "geogrid_id": "7379841381032915108", "seqnum": 15083.0, "lat_c": -79.841380971171333, "lon_c": -32.915107531524399, "res": 7.0, "count_Birds": 1, "count_Mammals": 0, "count_Molluscs": 0, "count_Mosses": 0, "count_Insects": 0, "count_Sac Fungi": 0, "count_Flowering Plants": 0, "count_Arachnids": 0, "count_Basidiomycota": 0, "count_Amphibians": 0, "unique_species_count": 1.0, "countryCode": "AQ" }, "geometry": { "type": "MultiPolygon", "coordinates": [ [ [ [ -29.99449859857625, -79.240699125404774 ], [ -28.095998485055382, -80.066342023519198 ], [ -31.171878223978521, -80.682386935542297 ], [ -36.208131284598956, -80.412512013067413 ], [ -37.493132319044392, -79.549657967889928 ], [ -34.406458143975939, -78.990762424021227 ], [ -29.99449859857625, -79.240699125404774 ] ] ] ] } },
{ "type": "Feature", "properties": { "geogrid_id": "7380297811017952275", "seqnum": 15165.0, "lat_c": -80.297811254863177, "lon_c": -17.952275376712972, "res": 7.0, "count_Birds": 1, "count_Mammals": 0, "count_Molluscs": 0, "count_Mosses": 0, "count_Insects": 0, "count_Sac Fungi": 0, "count_Flowering Plants": 0, "count_Arachnids": 0, "count_Basidiomycota": 0, "count_Amphibians": 0, "unique_species_count": 1.0, "countryCode": "AQ" }, "geometry": { "type": "MultiPolygon", "coordinates": [ [ [ [ -15.853295171040978, -79.587149232754697 ], [ -12.770344141675041, -80.298581588999767 ], [ -14.806466332597381, -81.027732406650543 ], [ -20.389471127493781, -80.994231240671809 ], [ -23.086433393595073, -80.21970157829324 ], [ -20.664830599857027, -79.541995912113464 ], [ -15.853295171040978, -79.587149232754697 ] ] ] ] } },
{ "type": "Feature", "properties": { "geogrid_id": "7380877994025874868", "seqnum": 15137.0, "lat_c": -80.877993549524419, "lon_c": -25.874867980310626, "res": 7.0, "count_Birds": 2, "count_Mammals": 0, "count_Molluscs": 0, "count_Mosses": 0, "count_Insects": 0, "count_Sac Fungi": 0, "count_Flowering Plants": 0, "count_Arachnids": 0, "count_Basidiomycota": 0, "count_Amphibians": 0, "unique_species_count": 2.0, "countryCode": "AQ" }, "geometry": { "type": "MultiPolygon", "coordinates": [ [ [ [ -23.086433393595073, -80.21970157829324 ], [ -20.389471127493781, -80.994231240671809 ], [ -23.239863778817504, -81.672272858588272 ], [ -29.100533724115447, -81.511761592435704 ], [ -31.171878223978521, -80.682386935542297 ], [ -28.095998485055382, -80.066342023519198 ], [ -23.086433393595073, -80.21970157829324 ] ] ] ] } },
{ "type": "Feature", "properties": { "geogrid_id": "7380977273148273066", "seqnum": 15212.0, "lat_c": -80.977273202214647, "lon_c": -148.27306586076503, "res": 7.0, "count_Birds": 1, "count_Mammals": 0, "count_Molluscs": 0, "count_Mosses": 0, "count_Insects": 0, "count_Sac Fungi": 0, "count_Flowering Plants": 0, "count_Arachnids": 0, "count_Basidiomycota": 0, "count_Amphibians": 0, "unique_species_count": 1.0, "countryCode": "AQ" }, "geometry": { "type": "MultiPolygon", "coordinates": [ [ [ [ -146.369461163313701, -81.725385860073672 ], [ -152.361720396399164, -81.615650725690926 ], [ -153.748428091428195, -80.84392252427871 ], [ -149.87813014726683, -80.221705355145545 ], [ -144.729655852514981, -80.298581586732155 ], [ -142.693533662608104, -81.027732404413797 ], [ -146.369461163313701, -81.725385860073672 ] ] ] ] } },
{ "type": "Feature", "properties": { "geogrid_id": "7381418283179351704", "seqnum": 16715.0, "lat_c": -81.418282553066931, "lon_c": -179.35170384920431, "res": 7.0, "count_Birds": 0, "count_Mammals": 0, "count_Molluscs": 0, "count_Mosses": 0, "count_Insects": 2, "count_Sac Fungi": 0, "count_Flowering Plants": 0, "count_Arachnids": 0, "count_Basidiomycota": 0, "count_Amphibians": 0, "unique_species_count": 2.0, "countryCode": "AQ" }, "geometry": { "type": "MultiPolygon", "coordinates": [ [ [ [ 179.585479461871671, -82.204145878386484 ], [ 174.861720331778486, -81.615650724924919 ], [ 176.248428033237133, -80.843922523782624 ], [ 180.0, -80.692596792064904 ], [ 180.0, -82.185693620755245 ], [ 179.585479461871671, -82.204145878386484 ] ] ], [ [ [ -178.470108134428443, -80.63088612569419 ], [ -173.867142034039546, -81.138774195169702 ], [ -174.363995455539765, -81.934808566097175 ], [ -180.0, -82.185693620755245 ], [ -180.0, -80.692596792064904 ], [ -178.470108134428443, -80.63088612569419 ] ] ] ] } },
{ "type": "Feature", "properties": { "geogrid_id": "7383982514168750000", "seqnum": 16607.0, "lat_c": -83.982514026098258, "lon_c": -168.75000004424859, "res": 7.0, "count_Birds": 0, "count_Mammals": 0, "count_Molluscs": 0, "count_Mosses": 0, "count_Insects": 0, "count_Sac Fungi": 0, "count_Flowering Plants": 0, "count_Arachnids": 2, "count_Basidiomycota": 0, "count_Amphibians": 0, "unique_species_count": 2.0, "countryCode": "AQ" }, "geometry": { "type": "MultiPolygon", "coordinates": [ [ [ [ -176.70327251806242, -84.321795405164735 ], [ -175.729965898706979, -83.526761434268749 ], [ -168.750000038311271, -83.181903196694719 ], [ -161.770034188276696, -83.526761433341321 ], [ -160.796727582983493, -84.321795404425927 ], [ -168.750000052004822, -84.783693190394345 ], [ -176.70327251806242, -84.321795405164735 ] ] ] ] } },
{ "type": "Feature", "properties": { "geogrid_id": "7385115221177995607", "seqnum": 16580.0, "lat_c": -85.11522090580749, "lon_c": -177.99560695376823, "res": 7.0, "count_Birds": 0, "count_Mammals": 0, "count_Molluscs": 0, "count_Mosses": 1, "count_Insects": 0, "count_Sac Fungi": 0, "count_Flowering Plants": 0, "count_Arachnids": 2, "count_Basidiomycota": 0, "count_Amphibians": 0, "unique_species_count": 3.0, "countryCode": "AQ" }, "geometry": { "type": "MultiPolygon", "coordinates": [ [ [ [ 171.738694930670704, -85.305016963721044 ], [ 174.539917513023028, -84.540704332263459 ], [ 180.0, -84.404209329706859 ], [ 180.0, -85.890848921989317 ], [ 171.738694930670704, -85.305016963721044 ] ] ], [ [ [ -176.70327251806242, -84.321795405164735 ], [ -168.750000052004822, -84.783693190394345 ], [ -168.750000062572042, -85.585365572376119 ], [ -179.79095946652734, -85.90567256353917 ], [ -180.0, -85.890848921989317 ], [ -180.0, -84.404209329706859 ], [ -176.70327251806242, -84.321795405164735 ] ] ] ] } },
{ "type": "Feature", "properties": { "geogrid_id": "7388023800116416459", "seqnum": 15269.0, "lat_c": -88.023799871146565, "lon_c": -116.41645868988154, "res": 7.0, "count_Birds": 0, "count_Mammals": 0, "count_Molluscs": 6, "count_Mosses": 0, "count_Insects": 2, "count_Sac Fungi": 1, "count_Flowering Plants": 1, "count_Arachnids": 0, "count_Basidiomycota": 0, "count_Amphibians": 0, "unique_species_count": 10.0, "countryCode": "AQ" }, "geometry": { "type": "MultiPolygon", "coordinates": [ [ [ [ -93.183091586287077, -88.38497453763523 ], [ -124.526355586127195, -88.878003492626704 ], [ -142.79423585978742, -88.211595969085423 ], [ -130.882161528852521, -87.450710670368849 ], [ -113.251902846980911, -87.153905448788905 ], [ -97.721923880572149, -87.520446143337452 ], [ -93.183091586287077, -88.38497453763523 ] ] ] ] } },
{ "type": "Feature", "properties": { "geogrid_id": "7389217516078750000", "seqnum": 15297.0, "lat_c": -89.217516240245857, "lon_c": -78.750000074047293, "res": 7.0, "count_Birds": 3, "count_Mammals": 1, "count_Molluscs": 1, "count_Mosses": 0, "count_Insects": 3, "count_Sac Fungi": 0, "count_Flowering Plants": 0, "count_Arachnids": 1, "count_Basidiomycota": 0, "count_Amphibians": 0, "unique_species_count": 9.0, "countryCode": "AQ" }, "geometry": { "type": "MultiPolygon", "coordinates": [ [ [ [ -32.973644479894141, -88.87800349419031 ], [ 11.250000820779633, -89.598479287227093 ], [ -168.750000809104364, -89.598479285129002 ], [ -124.526355586127195, -88.878003492626704 ], [ -93.183091586287077, -88.38497453763523 ], [ -64.316908479879473, -88.384974538200183 ], [ -32.973644479894141, -88.87800349419031 ] ] ] ] } }
]
}
