{
"type": "FeatureCollection",
"name": "BR",
"crs": { "type": "name", "properties": { "name": "urn:ogc:def:crs:OGC:1.3:CRS84" } },
"features": [
{ "type": "Feature", "properties": { "geogrid_id": "5100000000026164429", "seqnum": 4292.0, "lat_c": -4.72781e-10, "lon_c": -26.16442930057034, "res": 7.0, "count_Insects": 0, "count_Amphibians": 0, "count_Arachnids": 0, "count_Flowering Plants": 0, "count_Birds": 0, "count_Mammals": 1, "count_Ferns": 0, "count_Reptiles": 0, "count_Sac Fungi": 0, "count_Basidiomycota": 0, "count_Molluscs": 0, "count_Mosses": 0, "count_Gymnosperms": 0, "unique_species_count": 1.0, "countryCode": "BR" }, "geometry": { "type": "MultiPolygon", "coordinates": [ [ [ [ -25.345530790874328, 0.443866829535687 ], [ -25.345530788380202, -0.44386682919422 ], [ -25.945827217536532, -0.88901227582562 ], [ -26.759689692279146, -0.445428462709675 ], [ -26.759689694693183, 0.445428462946873 ], [ -25.945827220014266, 0.889012276140449 ], [ -25.345530790874328, 0.443866829535687 ] ] ] ] } },
{ "type": "Feature", "properties": { "geogrid_id": "5100000000027575609", "seqnum": 4264.0, "lat_c": -5.00881e-10, "lon_c": -27.575608830297423, "res": 7.0, "count_Insects": 0, "count_Amphibians": 0, "count_Arachnids": 0, "count_Flowering Plants": 0, "count_Birds": 1, "count_Mammals": 1, "count_Ferns": 0, "count_Reptiles": 0, "count_Sac Fungi": 0, "count_Basidiomycota": 0, "count_Molluscs": 0, "count_Mosses": 0, "count_Gymnosperms": 0, "unique_species_count": 2.0, "countryCode": "BR" }, "geometry": { "type": "MultiPolygon", "coordinates": [ [ [ [ -26.759689694693183, 0.445428462946873 ], [ -26.759689692279146, -0.445428462709675 ], [ -27.358344145707996, -0.892067670290073 ], [ -28.169022223434173, -0.446917115281707 ], [ -28.169022225768888, 0.446917115413404 ], [ -27.358344148104838, 0.892067670499995 ], [ -26.759689694693183, 0.445428462946873 ] ] ] ] } },
{ "type": "Feature", "properties": { "geogrid_id": "5100000000028982103", "seqnum": 4237.0, "lat_c": -5.29316e-10, "lon_c": -28.982103302973453, "res": 7.0, "count_Insects": 0, "count_Amphibians": 0, "count_Arachnids": 0, "count_Flowering Plants": 0, "count_Birds": 1, "count_Mammals": 0, "count_Ferns": 0, "count_Reptiles": 0, "count_Sac Fungi": 0, "count_Basidiomycota": 0, "count_Molluscs": 0, "count_Mosses": 0, "count_Gymnosperms": 0, "unique_species_count": 1.0, "countryCode": "BR" }, "geometry": { "type": "MultiPolygon", "coordinates": [ [ [ [ -28.169022225768888, 0.446917115413404 ], [ -28.169022223434173, -0.446917115281707 ], [ -28.766176086851061, -0.894976757968202 ], [ -29.573790150432842, -0.448333482242085 ], [ -29.573790152688925, 0.448333482267106 ], [ -28.766176089167601, 0.894976758072024 ], [ -28.169022225768888, 0.446917115413404 ] ] ] ] } },
{ "type": "Feature", "properties": { "geogrid_id": "5100000000030384169", "seqnum": 4209.0, "lat_c": -5.58071e-10, "lon_c": -30.384168931037419, "res": 7.0, "count_Insects": 0, "count_Amphibians": 0, "count_Arachnids": 0, "count_Flowering Plants": 0, "count_Birds": 1, "count_Mammals": 0, "count_Ferns": 0, "count_Reptiles": 0, "count_Sac Fungi": 0, "count_Basidiomycota": 0, "count_Molluscs": 0, "count_Mosses": 0, "count_Gymnosperms": 0, "unique_species_count": 1.0, "countryCode": "BR" }, "geometry": { "type": "MultiPolygon", "coordinates": [ [ [ [ -29.573790152688925, 0.448333482267106 ], [ -29.573790150432842, -0.448333482242085 ], [ -30.169586151002477, -0.897740705366722 ], [ -30.974248597126824, -0.449678206997296 ], [ -30.974248599304897, 0.44967820691452 ], [ -30.169586153239223, 0.897740705363306 ], [ -29.573790152688925, 0.448333482267106 ] ] ] ] } },
{ "type": "Feature", "properties": { "geogrid_id": "5100000000031782055", "seqnum": 4181.0, "lat_c": -5.87133e-10, "lon_c": -31.78205527651405, "res": 7.0, "count_Insects": 0, "count_Amphibians": 0, "count_Arachnids": 0, "count_Flowering Plants": 0, "count_Birds": 1, "count_Mammals": 0, "count_Ferns": 0, "count_Reptiles": 0, "count_Sac Fungi": 0, "count_Basidiomycota": 0, "count_Molluscs": 0, "count_Mosses": 0, "count_Gymnosperms": 0, "unique_species_count": 1.0, "countryCode": "BR" }, "geometry": { "type": "MultiPolygon", "coordinates": [ [ [ [ -30.974248599304897, 0.44967820691452 ], [ -30.974248597126824, -0.449678206997296 ], [ -31.568831872597102, -0.90036052867671 ], [ -32.37064661102675, -0.450951880255307 ], [ -32.370646613127356, 0.450951880063669 ], [ -31.568831874754455, 0.900360528564975 ], [ -30.974248599304897, 0.44967820691452 ] ] ] ] } },
{ "type": "Feature", "properties": { "geogrid_id": "5100000000037336592", "seqnum": 4071.0, "lat_c": -7.06183e-10, "lon_c": -37.336592129858182, "res": 7.0, "count_Insects": 0, "count_Amphibians": 0, "count_Arachnids": 0, "count_Flowering Plants": 0, "count_Birds": 0, "count_Mammals": 1, "count_Ferns": 0, "count_Reptiles": 0, "count_Sac Fungi": 0, "count_Basidiomycota": 0, "count_Molluscs": 0, "count_Mosses": 0, "count_Gymnosperms": 0, "unique_species_count": 1.0, "countryCode": "BR" }, "geometry": { "type": "MultiPolygon", "coordinates": [ [ [ [ -36.537889345987878, 0.454351654138399 ], [ -36.537889344117261, -0.454351654662479 ], [ -37.129172880575496, -0.909412400732668 ], [ -37.92043470293941, -0.455345866734926 ], [ -37.92043470473385, 0.455345866098262 ], [ -37.129172882417201, 0.909412400178001 ], [ -36.537889345987878, 0.454351654138399 ] ] ] ] } },
{ "type": "Feature", "properties": { "geogrid_id": "5100000000044213418", "seqnum": 3932.0, "lat_c": -8.60303e-10, "lon_c": -44.213418316023997, "res": 7.0, "count_Insects": 0, "count_Amphibians": 0, "count_Arachnids": 0, "count_Flowering Plants": 0, "count_Birds": 0, "count_Mammals": 0, "count_Ferns": 0, "count_Reptiles": 0, "count_Sac Fungi": 0, "count_Basidiomycota": 0, "count_Molluscs": 1, "count_Mosses": 0, "count_Gymnosperms": 0, "unique_species_count": 1.0, "countryCode": "BR" }, "geometry": { "type": "MultiPolygon", "coordinates": [ [ [ [ -43.424012358045267, 0.458632890877571 ], [ -43.424012356556823, -0.458632891971932 ], [ -44.015616930374939, -0.917498049782137 ], [ -44.794385656908183, -0.459281349256382 ], [ -44.794385658318703, 0.459281348046061 ], [ -44.015616931814137, 0.917498048656769 ], [ -43.424012358045267, 0.458632890877571 ] ] ] ] } },
{ "type": "Feature", "properties": { "geogrid_id": "5100000000045582083", "seqnum": 3905.0, "lat_c": -8.91703e-10, "lon_c": -45.5820827807052, "res": 7.0, "count_Insects": 0, "count_Amphibians": 0, "count_Arachnids": 0, "count_Flowering Plants": 0, "count_Birds": 0, "count_Mammals": 0, "count_Ferns": 0, "count_Reptiles": 0, "count_Sac Fungi": 0, "count_Basidiomycota": 0, "count_Molluscs": 1, "count_Mosses": 0, "count_Gymnosperms": 0, "unique_species_count": 1.0, "countryCode": "BR" }, "geometry": { "type": "MultiPolygon", "coordinates": [ [ [ [ -44.794385658318703, 0.459281348046061 ], [ -44.794385656908183, -0.459281349256382 ], [ -45.386936928279546, -0.918661564430992 ], [ -46.163013261300314, -0.459858910721141 ], [ -46.16301326263163, 0.459858909394387 ], [ -45.386936929634359, 0.918661563189995 ], [ -44.794385658318703, 0.459281348046061 ] ] ] ] } },
{ "type": "Feature", "properties": { "geogrid_id": "5100000000046948993", "seqnum": 3877.0, "lat_c": -9.23264e-10, "lon_c": -46.948993330788944, "res": 7.0, "count_Insects": 0, "count_Amphibians": 0, "count_Arachnids": 0, "count_Flowering Plants": 0, "count_Birds": 4, "count_Mammals": 0, "count_Ferns": 0, "count_Reptiles": 0, "count_Sac Fungi": 0, "count_Basidiomycota": 0, "count_Molluscs": 1, "count_Mosses": 0, "count_Gymnosperms": 0, "unique_species_count": 5.0, "countryCode": "BR" }, "geometry": { "type": "MultiPolygon", "coordinates": [ [ [ [ -46.16301326263163, 0.459858909394387 ], [ -46.163013261300314, -0.459858910721141 ], [ -46.756958568735818, -0.919655908629524 ], [ -47.53014351753292, -0.460363439614497 ], [ -47.530143518783127, 0.460363438170934 ], [ -46.75695857000369, 0.91965590727269 ], [ -46.16301326263163, 0.459858909394387 ] ] ] ] } },
{ "type": "Feature", "properties": { "geogrid_id": "5100000000048314350", "seqnum": 3849.0, "lat_c": -9.54973e-10, "lon_c": -48.314350493445261, "res": 7.0, "count_Insects": 12, "count_Amphibians": 2, "count_Arachnids": 0, "count_Flowering Plants": 8, "count_Birds": 27, "count_Mammals": 6, "count_Ferns": 0, "count_Reptiles": 4, "count_Sac Fungi": 0, "count_Basidiomycota": 0, "count_Molluscs": 1, "count_Mosses": 0, "count_Gymnosperms": 0, "unique_species_count": 60.0, "countryCode": "BR" }, "geometry": { "type": "MultiPolygon", "coordinates": [ [ [ [ -47.530143518783127, 0.460363438170934 ], [ -47.53014351753292, -0.460363439614497 ], [ -48.126060729294423, -0.920461988120229 ], [ -48.89604882312323, -0.46079093226473 ], [ -48.896048824289494, 0.46079093070411 ], [ -48.126060730471785, 0.920461986647567 ], [ -47.530143518783127, 0.460363438170934 ] ] ] ] } },
{ "type": "Feature", "properties": { "geogrid_id": "5100000000049678353", "seqnum": 3822.0, "lat_c": -9.86817e-10, "lon_c": -49.678352777784553, "res": 7.0, "count_Insects": 1, "count_Amphibians": 0, "count_Arachnids": 1, "count_Flowering Plants": 0, "count_Birds": 11, "count_Mammals": 1, "count_Ferns": 0, "count_Reptiles": 1, "count_Sac Fungi": 1, "count_Basidiomycota": 2, "count_Molluscs": 4, "count_Mosses": 0, "count_Gymnosperms": 0, "unique_species_count": 22.0, "countryCode": "BR" }, "geometry": { "type": "MultiPolygon", "coordinates": [ [ [ [ -48.896048824289494, 0.46079093070411 ], [ -48.89604882312323, -0.46079093226473 ], [ -49.494718564760355, -0.921045549781184 ], [ -50.261047382098987, -0.461133525498392 ], [ -50.261047383176972, 0.461133523820668 ], [ -49.494718565842192, 0.921045548193045 ], [ -48.896048824289494, 0.46079093070411 ] ] ] ] } },
{ "type": "Feature", "properties": { "geogrid_id": "5100000000051041197", "seqnum": 3794.0, "lat_c": -1.018782e-09, "lon_c": -51.041196942690043, "res": 7.0, "count_Insects": 98, "count_Amphibians": 9, "count_Arachnids": 11, "count_Flowering Plants": 132, "count_Birds": 131, "count_Mammals": 7, "count_Ferns": 0, "count_Reptiles": 25, "count_Sac Fungi": 1, "count_Basidiomycota": 3, "count_Molluscs": 3, "count_Mosses": 0, "count_Gymnosperms": 0, "unique_species_count": 420.0, "countryCode": "BR" }, "geometry": { "type": "MultiPolygon", "coordinates": [ [ [ [ -50.261047383176972, 0.461133523820668 ], [ -50.261047382098987, -0.461133525498392 ], [ -50.863582150609844, -0.921340720847384 ], [ -51.625550173087461, -0.461374437081479 ], [ -51.625550174070277, 0.461374435286964 ], [ -50.863582151588915, 0.921340719144713 ], [ -50.261047383176972, 0.461133523820668 ] ] ] ] } },
{ "type": "Feature", "properties": { "geogrid_id": "5100000000052403078", "seqnum": 3766.0, "lat_c": -1.050856e-09, "lon_c": -52.403078258308263, "res": 7.0, "count_Insects": 33, "count_Amphibians": 2, "count_Arachnids": 0, "count_Flowering Plants": 11, "count_Birds": 8, "count_Mammals": 1, "count_Ferns": 0, "count_Reptiles": 4, "count_Sac Fungi": 0, "count_Basidiomycota": 0, "count_Molluscs": 0, "count_Mosses": 0, "count_Gymnosperms": 0, "unique_species_count": 59.0, "countryCode": "BR" }, "geometry": { "type": "MultiPolygon", "coordinates": [ [ [ [ -51.625550174070277, 0.461374435286964 ], [ -51.625550173087461, -0.461374437081479 ], [ -52.233643553003063, -0.921208092021002 ], [ -52.990175947158285, -0.461472969920041 ], [ -52.99017594803427, 0.461472968009832 ], [ -52.233643553868568, 0.92120809020589 ], [ -51.625550174070277, 0.461374435286964 ] ] ] ] } },
{ "type": "Feature", "properties": { "geogrid_id": "5100000000053764191", "seqnum": 3739.0, "lat_c": -1.083025e-09, "lon_c": -53.76419076218415, "res": 7.0, "count_Insects": 0, "count_Amphibians": 0, "count_Arachnids": 0, "count_Flowering Plants": 0, "count_Birds": 0, "count_Mammals": 0, "count_Ferns": 0, "count_Reptiles": 0, "count_Sac Fungi": 0, "count_Basidiomycota": 0, "count_Molluscs": 0, "count_Mosses": 1, "count_Gymnosperms": 0, "unique_species_count": 1.0, "countryCode": "BR" }, "geometry": { "type": "MultiPolygon", "coordinates": [ [ [ [ -52.99017594803427, 0.461472968009832 ], [ -52.990175947158285, -0.461472969920041 ], [ -53.606633545643184, -0.920310069452536 ], [ -54.35608619541825, -0.461308943867288 ], [ -54.356086196165734, 0.461308941844602 ], [ -53.60663354637839, 0.920310067529607 ], [ -52.99017594803427, 0.461472968009832 ] ] ] ] } },
{ "type": "Feature", "properties": { "geogrid_id": "5100000000055124728", "seqnum": 3711.0, "lat_c": -1.115275e-09, "lon_c": -55.124727510989629, "res": 7.0, "count_Insects": 0, "count_Amphibians": 1, "count_Arachnids": 0, "count_Flowering Plants": 19, "count_Birds": 0, "count_Mammals": 0, "count_Ferns": 0, "count_Reptiles": 0, "count_Sac Fungi": 0, "count_Basidiomycota": 0, "count_Molluscs": 0, "count_Mosses": 0, "count_Gymnosperms": 0, "unique_species_count": 20.0, "countryCode": "BR" }, "geometry": { "type": "MultiPolygon", "coordinates": [ [ [ [ -54.356086196165734, 0.461308941844602 ], [ -54.35608619541825, -0.461308943867288 ], [ -54.986111967078159, -0.917647479395478 ], [ -55.726254225444457, -0.460387516868808 ], [ -55.726254226017303, 0.460387514744729 ], [ -54.986111967656534, 0.917647477375923 ], [ -54.356086196165734, 0.461308941844602 ] ] ] ] } },
{ "type": "Feature", "properties": { "geogrid_id": "5100000000056484881", "seqnum": 3683.0, "lat_c": -1.147593e-09, "lon_c": -56.48488082876321, "res": 7.0, "count_Insects": 3, "count_Amphibians": 0, "count_Arachnids": 3, "count_Flowering Plants": 3, "count_Birds": 19, "count_Mammals": 0, "count_Ferns": 0, "count_Reptiles": 3, "count_Sac Fungi": 0, "count_Basidiomycota": 0, "count_Molluscs": 0, "count_Mosses": 0, "count_Gymnosperms": 0, "unique_species_count": 31.0, "countryCode": "BR" }, "geometry": { "type": "MultiPolygon", "coordinates": [ [ [ [ -55.726254226017303, 0.460387514744729 ], [ -55.726254225444457, -0.460387516868808 ], [ -56.38107617551276, -0.909097589687072 ], [ -57.113026116350206, -0.454573033682355 ], [ -57.113026116641102, 0.454573031516957 ], [ -56.381076175896894, 0.909097587602535 ], [ -55.726254226017303, 0.460387514744729 ] ] ] ] } },
{ "type": "Feature", "properties": { "geogrid_id": "5100000000060925123", "seqnum": 3600.0, "lat_c": -1.226864e-09, "lon_c": -60.925123330128464, "res": 7.0, "count_Insects": 1, "count_Amphibians": 1, "count_Arachnids": 0, "count_Flowering Plants": 3, "count_Birds": 0, "count_Mammals": 0, "count_Ferns": 0, "count_Reptiles": 3, "count_Sac Fungi": 0, "count_Basidiomycota": 0, "count_Molluscs": 0, "count_Mosses": 0, "count_Gymnosperms": 0, "unique_species_count": 8.0, "countryCode": "BR" }, "geometry": { "type": "MultiPolygon", "coordinates": [ [ [ [ -60.151491659889274, 0.408010849355939 ], [ -60.151491659815619, -0.408010851684109 ], [ -60.914911522206658, -0.815387384727237 ], [ -61.693436021598124, -0.407994597301809 ], [ -61.693436021651323, 0.407994594728628 ], [ -60.914911522328353, 0.815387382283563 ], [ -60.151491659889274, 0.408010849355939 ] ] ] ] } },
{ "type": "Feature", "properties": { "geogrid_id": "5100000000062465960", "seqnum": 3573.0, "lat_c": -1.347904e-09, "lon_c": -62.465959732492422, "res": 7.0, "count_Insects": 0, "count_Amphibians": 1, "count_Arachnids": 0, "count_Flowering Plants": 3, "count_Birds": 1, "count_Mammals": 0, "count_Ferns": 0, "count_Reptiles": 0, "count_Sac Fungi": 0, "count_Basidiomycota": 0, "count_Molluscs": 0, "count_Mosses": 0, "count_Gymnosperms": 0, "unique_species_count": 5.0, "countryCode": "BR" }, "geometry": { "type": "MultiPolygon", "coordinates": [ [ [ [ -61.693436021651323, 0.407994594728628 ], [ -61.693436021598124, -0.407994597301809 ], [ -62.459339217239346, -0.815530569951024 ], [ -63.235281629414985, -0.40780938400268 ], [ -63.235281629459131, 0.407809381186715 ], [ -62.45933921733522, 0.815530567259655 ], [ -61.693436021651323, 0.407994594728628 ] ] ] ] } },
{ "type": "Feature", "properties": { "geogrid_id": "5100000000064007633", "seqnum": 3545.0, "lat_c": -1.468834e-09, "lon_c": -64.007632621103085, "res": 7.0, "count_Insects": 0, "count_Amphibians": 0, "count_Arachnids": 1, "count_Flowering Plants": 57, "count_Birds": 2, "count_Mammals": 0, "count_Ferns": 1, "count_Reptiles": 0, "count_Sac Fungi": 0, "count_Basidiomycota": 0, "count_Molluscs": 0, "count_Mosses": 1, "count_Gymnosperms": 0, "unique_species_count": 62.0, "countryCode": "BR" }, "geometry": { "type": "MultiPolygon", "coordinates": [ [ [ [ -63.235281629459131, 0.407809381186715 ], [ -63.235281629414985, -0.40780938400268 ], [ -64.002867766978184, -0.815193225434306 ], [ -64.77783864503283, -0.407528887530007 ], [ -64.777838645071697, 0.407528884472012 ], [ -64.002867767060593, 0.815193222499093 ], [ -63.235281629459131, 0.407809381186715 ] ] ] ] } },
{ "type": "Feature", "properties": { "geogrid_id": "5100000000065550423", "seqnum": 3517.0, "lat_c": -1.589588e-09, "lon_c": -65.550422946962328, "res": 7.0, "count_Insects": 2, "count_Amphibians": 1, "count_Arachnids": 0, "count_Flowering Plants": 25, "count_Birds": 0, "count_Mammals": 0, "count_Ferns": 0, "count_Reptiles": 0, "count_Sac Fungi": 2, "count_Basidiomycota": 17, "count_Molluscs": 0, "count_Mosses": 0, "count_Gymnosperms": 1, "unique_species_count": 48.0, "countryCode": "BR" }, "geometry": { "type": "MultiPolygon", "coordinates": [ [ [ [ -64.777838645071697, 0.407528884472012 ], [ -64.77783864503283, -0.407528887530007 ], [ -65.546818070732854, -0.814611379455715 ], [ -66.321533562121388, -0.407166886537527 ], [ -66.321533562156645, 0.40716688323808 ], [ -65.54681807080668, 0.814611376278066 ], [ -64.777838645071697, 0.407528884472012 ] ] ] ] } },
{ "type": "Feature", "properties": { "geogrid_id": "5100000000067094613", "seqnum": 3490.0, "lat_c": -1.710099e-09, "lon_c": -67.09461349253057, "res": 7.0, "count_Insects": 14, "count_Amphibians": 1, "count_Arachnids": 4, "count_Flowering Plants": 83, "count_Birds": 6, "count_Mammals": 3, "count_Ferns": 1, "count_Reptiles": 4, "count_Sac Fungi": 0, "count_Basidiomycota": 0, "count_Molluscs": 0, "count_Mosses": 3, "count_Gymnosperms": 0, "unique_species_count": 119.0, "countryCode": "BR" }, "geometry": { "type": "MultiPolygon", "coordinates": [ [ [ [ -66.321533562156645, 0.40716688323808 ], [ -66.321533562121388, -0.407166886537527 ], [ -67.091820402997726, -0.813843077707648 ], [ -67.866705922419968, -0.406727330399116 ], [ -67.866705922452482, 0.406727326858843 ], [ -67.091820403065341, 0.813843074288466 ], [ -66.321533562156645, 0.40716688323808 ] ] ] ] } },
{ "type": "Feature", "properties": { "geogrid_id": "5100000000068640489", "seqnum": 3462.0, "lat_c": -1.830299e-09, "lon_c": -68.640489345202212, "res": 7.0, "count_Insects": 0, "count_Amphibians": 0, "count_Arachnids": 0, "count_Flowering Plants": 17, "count_Birds": 0, "count_Mammals": 0, "count_Ferns": 0, "count_Reptiles": 0, "count_Sac Fungi": 0, "count_Basidiomycota": 0, "count_Molluscs": 0, "count_Mosses": 0, "count_Gymnosperms": 0, "unique_species_count": 17.0, "countryCode": "BR" }, "geometry": { "type": "MultiPolygon", "coordinates": [ [ [ [ -67.866705922452482, 0.406727326858843 ], [ -67.866705922419968, -0.406727330399116 ], [ -68.638308922111321, -0.81290790194821 ], [ -69.413668126280029, -0.406211562992453 ], [ -69.413668126310313, 0.406211559212078 ], [ -68.638308922174033, 0.812907898288315 ], [ -67.866705922452482, 0.406727326858843 ] ] ] ] } },
{ "type": "Feature", "properties": { "geogrid_id": "5101177734058524919", "seqnum": 3601.0, "lat_c": 1.1777337482904251, "lon_c": -58.524919202168043, "res": 7.0, "count_Insects": 0, "count_Amphibians": 0, "count_Arachnids": 0, "count_Flowering Plants": 1, "count_Birds": 0, "count_Mammals": 0, "count_Ferns": 0, "count_Reptiles": 0, "count_Sac Fungi": 0, "count_Basidiomycota": 0, "count_Molluscs": 0, "count_Mosses": 0, "count_Gymnosperms": 0, "unique_species_count": 1.0, "countryCode": "BR" }, "geometry": { "type": "MultiPolygon", "coordinates": [ [ [ [ -57.789260328702355, 1.722150446845903 ], [ -57.817058504070225, 0.861050988297424 ], [ -58.604438334217761, 0.406453723241615 ], [ -59.364153509603057, 0.812858973178586 ], [ -59.303293266895892, 1.60429236930092 ], [ -58.50560186679256, 2.064912280404041 ], [ -57.789260328702355, 1.722150446845903 ] ] ] ] } },
{ "type": "Feature", "properties": { "geogrid_id": "5101218464069409820", "seqnum": 3408.0, "lat_c": 1.218463807900791, "lon_c": -69.409820287175506, "res": 7.0, "count_Insects": 3, "count_Amphibians": 0, "count_Arachnids": 0, "count_Flowering Plants": 4, "count_Birds": 0, "count_Mammals": 0, "count_Ferns": 0, "count_Reptiles": 0, "count_Sac Fungi": 0, "count_Basidiomycota": 0, "count_Molluscs": 0, "count_Mosses": 0, "count_Gymnosperms": 0, "unique_species_count": 7.0, "countryCode": "BR" }, "geometry": { "type": "MultiPolygon", "coordinates": [ [ [ [ -68.631767867458606, 1.625416268651198 ], [ -68.638308922174033, 0.812907898288315 ], [ -69.413668126310313, 0.406211559212078 ], [ -70.1866460710214, 0.811813687488524 ], [ -70.181568815205551, 1.623332985528157 ], [ -69.402124372842579, 2.030203781413085 ], [ -68.631767867458606, 1.625416268651198 ] ] ] ] } },
{ "type": "Feature", "properties": { "geogrid_id": "5101219167060124108", "seqnum": 3574.0, "lat_c": 1.2191672296748099, "lon_c": -60.124107515682525, "res": 7.0, "count_Insects": 4, "count_Amphibians": 3, "count_Arachnids": 0, "count_Flowering Plants": 23, "count_Birds": 2, "count_Mammals": 1, "count_Ferns": 0, "count_Reptiles": 6, "count_Sac Fungi": 0, "count_Basidiomycota": 0, "count_Molluscs": 0, "count_Mosses": 0, "count_Gymnosperms": 0, "unique_species_count": 39.0, "countryCode": "BR" }, "geometry": { "type": "MultiPolygon", "coordinates": [ [ [ [ -59.303293266895892, 1.60429236930092 ], [ -59.364153509603057, 0.812858973178586 ], [ -60.151491659889274, 0.408010849355939 ], [ -60.914911522328353, 0.815387382283563 ], [ -60.884419872958048, 1.625329883687792 ], [ -60.070039974905434, 2.016000684372194 ], [ -59.303293266895892, 1.60429236930092 ] ] ] ] } },
{ "type": "Feature", "properties": { "geogrid_id": "5101219946067861771", "seqnum": 3435.0, "lat_c": 1.219946217643523, "lon_c": -67.861770902032745, "res": 7.0, "count_Insects": 2, "count_Amphibians": 0, "count_Arachnids": 1, "count_Flowering Plants": 20, "count_Birds": 0, "count_Mammals": 0, "count_Ferns": 0, "count_Reptiles": 0, "count_Sac Fungi": 0, "count_Basidiomycota": 0, "count_Molluscs": 0, "count_Mosses": 0, "count_Gymnosperms": 0, "unique_species_count": 23.0, "countryCode": "BR" }, "geometry": { "type": "MultiPolygon", "coordinates": [ [ [ [ -67.083442663780829, 1.627124138524108 ], [ -67.091820403065341, 0.813843074288466 ], [ -67.866705922452482, 0.406727326858843 ], [ -68.638308922174033, 0.812907898288315 ], [ -68.631767867458606, 1.625416268651198 ], [ -67.851902326509801, 2.032458460343092 ], [ -67.083442663780829, 1.627124138524108 ] ] ] ] } },
{ "type": "Feature", "properties": { "geogrid_id": "5101221161066315200", "seqnum": 3463.0, "lat_c": 1.2211611987311981, "lon_c": -66.315199621090116, "res": 7.0, "count_Insects": 0, "count_Amphibians": 0, "count_Arachnids": 0, "count_Flowering Plants": 2, "count_Birds": 0, "count_Mammals": 0, "count_Ferns": 1, "count_Reptiles": 0, "count_Sac Fungi": 0, "count_Basidiomycota": 0, "count_Molluscs": 0, "count_Mosses": 0, "count_Gymnosperms": 0, "unique_species_count": 3.0, "countryCode": "BR" }, "geometry": { "type": "MultiPolygon", "coordinates": [ [ [ [ -65.536008107899931, 1.628390863748325 ], [ -65.54681807080668, 0.814611376278066 ], [ -66.321533562156645, 0.40716688323808 ], [ -67.091820403065341, 0.813843074288466 ], [ -67.083442663780829, 1.627124138524108 ], [ -66.302537248225974, 2.03413849526254 ], [ -65.536008107899931, 1.628390863748325 ] ] ] ] } },
{ "type": "Feature", "properties": { "geogrid_id": "5101222242061677315", "seqnum": 3546.0, "lat_c": 1.2222417759282369, "lon_c": -61.677314565050295, "res": 7.0, "count_Insects": 68, "count_Amphibians": 7, "count_Arachnids": 12, "count_Flowering Plants": 12, "count_Birds": 57, "count_Mammals": 11, "count_Ferns": 0, "count_Reptiles": 25, "count_Sac Fungi": 4, "count_Basidiomycota": 7, "count_Molluscs": 1, "count_Mosses": 0, "count_Gymnosperms": 0, "unique_species_count": 204.0, "countryCode": "BR" }, "geometry": { "type": "MultiPolygon", "coordinates": [ [ [ [ -60.884419872958048, 1.625329883687792 ], [ -60.914911522328353, 0.815387382283563 ], [ -61.693436021651323, 0.407994594728628 ], [ -62.45933921733522, 0.815530567259655 ], [ -62.439515005280022, 1.628660643749572 ], [ -61.64521022803887, 2.031298191260003 ], [ -60.884419872958048, 1.625329883687792 ] ] ] ] } },
{ "type": "Feature", "properties": { "geogrid_id": "5101222552063224150", "seqnum": 3518.0, "lat_c": 1.222551560388077, "lon_c": -63.224149938816282, "res": 7.0, "count_Insects": 0, "count_Amphibians": 0, "count_Arachnids": 1, "count_Flowering Plants": 147, "count_Birds": 0, "count_Mammals": 0, "count_Ferns": 4, "count_Reptiles": 1, "count_Sac Fungi": 0, "count_Basidiomycota": 1, "count_Molluscs": 0, "count_Mosses": 0, "count_Gymnosperms": 0, "unique_species_count": 154.0, "countryCode": "BR" }, "geometry": { "type": "MultiPolygon", "coordinates": [ [ [ [ -62.439515005280022, 1.628660643749572 ], [ -62.45933921733522, 0.815530567259655 ], [ -63.235281629459131, 0.407809381186715 ], [ -64.002867767060593, 0.815193222499093 ], [ -63.988585927311135, 1.629057675427948 ], [ -63.201929248915292, 2.034672922620483 ], [ -62.439515005280022, 1.628660643749572 ] ] ] ] } },
{ "type": "Feature", "properties": { "geogrid_id": "5101335344026549213", "seqnum": 4238.0, "lat_c": 1.3353436252092321, "lon_c": -26.549212640499192, "res": 7.0, "count_Insects": 0, "count_Amphibians": 0, "count_Arachnids": 0, "count_Flowering Plants": 0, "count_Birds": 1, "count_Mammals": 0, "count_Ferns": 0, "count_Reptiles": 0, "count_Sac Fungi": 0, "count_Basidiomycota": 0, "count_Molluscs": 0, "count_Mosses": 0, "count_Gymnosperms": 0, "unique_species_count": 1.0, "countryCode": "BR" }, "geometry": { "type": "MultiPolygon", "coordinates": [ [ [ [ -25.740890519715862, 1.77665289405458 ], [ -25.945827220014266, 0.889012276140449 ], [ -26.759689694693183, 0.445428462946873 ], [ -27.358344148104838, 0.892067670499995 ], [ -27.15570902349705, 1.782765801592593 ], [ -26.351399028551214, 2.223737930901337 ], [ -25.740890519715862, 1.77665289405458 ] ] ] ] } },
{ "type": "Feature", "properties": { "geogrid_id": "5101339819027960410", "seqnum": 4210.0, "lat_c": 1.339818538370785, "lon_c": -27.96040971060534, "res": 7.0, "count_Insects": 0, "count_Amphibians": 0, "count_Arachnids": 0, "count_Flowering Plants": 0, "count_Birds": 1, "count_Mammals": 0, "count_Ferns": 0, "count_Reptiles": 0, "count_Sac Fungi": 0, "count_Basidiomycota": 0, "count_Molluscs": 0, "count_Mosses": 0, "count_Gymnosperms": 0, "unique_species_count": 1.0, "countryCode": "BR" }, "geometry": { "type": "MultiPolygon", "coordinates": [ [ [ [ -27.15570902349705, 1.782765801592593 ], [ -27.358344148104838, 0.892067670499995 ], [ -28.169022225768888, 0.446917115413404 ], [ -28.766176089167601, 0.894976758072024 ], [ -28.565903133740203, 1.788579360068162 ], [ -27.765338264748035, 2.231181397766076 ], [ -27.15570902349705, 1.782765801592593 ] ] ] ] } },
{ "type": "Feature", "properties": { "geogrid_id": "5101344072029367082", "seqnum": 4182.0, "lat_c": 1.344072450958018, "lon_c": -29.367081800374475, "res": 7.0, "count_Insects": 0, "count_Amphibians": 0, "count_Arachnids": 0, "count_Flowering Plants": 0, "count_Birds": 6, "count_Mammals": 0, "count_Ferns": 0, "count_Reptiles": 0, "count_Sac Fungi": 0, "count_Basidiomycota": 0, "count_Molluscs": 3, "count_Mosses": 0, "count_Gymnosperms": 0, "unique_species_count": 9.0, "countryCode": "BR" }, "geometry": { "type": "MultiPolygon", "coordinates": [ [ [ [ -28.565903133740203, 1.788579360068162 ], [ -28.766176089167601, 0.894976758072024 ], [ -29.573790152688925, 0.448333482267106 ], [ -30.169586153239223, 0.897740705363306 ], [ -29.971750111071771, 1.794094798842279 ], [ -29.174840823289291, 2.238245842872399 ], [ -28.565903133740203, 1.788579360068162 ] ] ] ] } },
{ "type": "Feature", "properties": { "geogrid_id": "5101348107030769496", "seqnum": 4155.0, "lat_c": 1.348106583327997, "lon_c": -30.769496149610056, "res": 7.0, "count_Insects": 0, "count_Amphibians": 0, "count_Arachnids": 0, "count_Flowering Plants": 0, "count_Birds": 1, "count_Mammals": 0, "count_Ferns": 0, "count_Reptiles": 0, "count_Sac Fungi": 0, "count_Basidiomycota": 0, "count_Molluscs": 0, "count_Mosses": 0, "count_Gymnosperms": 0, "unique_species_count": 1.0, "countryCode": "BR" }, "geometry": { "type": "MultiPolygon", "coordinates": [ [ [ [ -29.971750111071771, 1.794094798842279 ], [ -30.169586153239223, 0.897740705363306 ], [ -30.974248599304897, 0.44967820691452 ], [ -31.568831874754455, 0.900360528564975 ], [ -31.373523943862264, 1.799312774027721 ], [ -30.580191088756994, 2.244931534210341 ], [ -29.971750111071771, 1.794094798842279 ] ] ] ] } },
{ "type": "Feature", "properties": { "geogrid_id": "5101377583052863902", "seqnum": 3712.0, "lat_c": 1.377582743225934, "lon_c": -52.863902437793826, "res": 7.0, "count_Insects": 7, "count_Amphibians": 24, "count_Arachnids": 7, "count_Flowering Plants": 14, "count_Birds": 6, "count_Mammals": 3, "count_Ferns": 1, "count_Reptiles": 17, "count_Sac Fungi": 0, "count_Basidiomycota": 0, "count_Molluscs": 0, "count_Mosses": 0, "count_Gymnosperms": 0, "unique_species_count": 79.0, "countryCode": "BR" }, "geometry": { "type": "MultiPolygon", "coordinates": [ [ [ [ -52.123950062102416, 1.833638006449674 ], [ -52.233643553868568, 0.92120809020589 ], [ -52.99017594803427, 0.461472968009832 ], [ -53.60663354637839, 0.920310067529607 ], [ -53.514442903529599, 1.828495422823736 ], [ -52.779232282938722, 2.282930996702573 ], [ -52.123950062102416, 1.833638006449674 ] ] ] ] } },
{ "type": "Feature", "properties": { "geogrid_id": "5101377671045990801", "seqnum": 3850.0, "lat_c": 1.377671147818387, "lon_c": -45.990800942713456, "res": 7.0, "count_Insects": 0, "count_Amphibians": 0, "count_Arachnids": 0, "count_Flowering Plants": 0, "count_Birds": 1, "count_Mammals": 0, "count_Ferns": 0, "count_Reptiles": 0, "count_Sac Fungi": 0, "count_Basidiomycota": 0, "count_Molluscs": 0, "count_Mosses": 0, "count_Gymnosperms": 0, "unique_species_count": 1.0, "countryCode": "BR" }, "geometry": { "type": "MultiPolygon", "coordinates": [ [ [ [ -45.229145996600096, 1.834357368486542 ], [ -45.386936929634359, 0.918661563189995 ], [ -46.16301326263163, 0.459858909394387 ], [ -46.75695857000369, 0.91965590727269 ], [ -46.605672099824716, 1.835822817650715 ], [ -45.850584462726928, 2.291533209420031 ], [ -45.229145996600096, 1.834357368486542 ] ] ] ] } },
{ "type": "Feature", "properties": { "geogrid_id": "5101379302051484946", "seqnum": 3740.0, "lat_c": 1.3793015052518749, "lon_c": -51.484946089290517, "res": 7.0, "count_Insects": 78, "count_Amphibians": 50, "count_Arachnids": 28, "count_Flowering Plants": 114, "count_Birds": 66, "count_Mammals": 8, "count_Ferns": 0, "count_Reptiles": 57, "count_Sac Fungi": 1, "count_Basidiomycota": 0, "count_Molluscs": 0, "count_Mosses": 0, "count_Gymnosperms": 0, "unique_species_count": 402.0, "countryCode": "BR" }, "geometry": { "type": "MultiPolygon", "coordinates": [ [ [ [ -50.740098257055514, 1.836049031931924 ], [ -50.863582151588915, 0.921340719144713 ], [ -51.625550174070277, 0.461374435286964 ], [ -52.233643553868568, 0.92120809020589 ], [ -52.123950062102416, 1.833638006449674 ], [ -51.385097070788696, 2.288755823677039 ], [ -50.740098257055514, 1.836049031931924 ] ] ] ] } },
{ "type": "Feature", "properties": { "geogrid_id": "5101379560048736252", "seqnum": 3795.0, "lat_c": 1.3795603602966069, "lon_c": -48.736252257044896, "res": 7.0, "count_Insects": 1, "count_Amphibians": 0, "count_Arachnids": 0, "count_Flowering Plants": 0, "count_Birds": 3, "count_Mammals": 0, "count_Ferns": 0, "count_Reptiles": 0, "count_Sac Fungi": 0, "count_Basidiomycota": 0, "count_Molluscs": 0, "count_Mosses": 0, "count_Gymnosperms": 0, "unique_species_count": 4.0, "countryCode": "BR" }, "geometry": { "type": "MultiPolygon", "coordinates": [ [ [ [ -47.982397089223973, 1.836722006356166 ], [ -48.126060730471785, 0.920461986647567 ], [ -48.896048824289494, 0.46079093070411 ], [ -49.494718565842192, 0.921045548193045 ], [ -49.360153267457477, 1.836893292232679 ], [ -48.613019339803195, 2.292765969957681 ], [ -47.982397089223973, 1.836722006356166 ] ] ] ] } },
{ "type": "Feature", "properties": { "geogrid_id": "5101379800050109669", "seqnum": 3767.0, "lat_c": 1.3797998615553999, "lon_c": -50.109668801411615, "res": 7.0, "count_Insects": 10, "count_Amphibians": 0, "count_Arachnids": 0, "count_Flowering Plants": 0, "count_Birds": 2, "count_Mammals": 0, "count_Ferns": 0, "count_Reptiles": 1, "count_Sac Fungi": 0, "count_Basidiomycota": 0, "count_Molluscs": 0, "count_Mosses": 0, "count_Gymnosperms": 0, "unique_species_count": 13.0, "countryCode": "BR" }, "geometry": { "type": "MultiPolygon", "coordinates": [ [ [ [ -49.360153267457477, 1.836893292232679 ], [ -49.494718565842192, 0.921045548193045 ], [ -50.261047383176972, 0.461133523820668 ], [ -50.863582151588915, 0.921340719144713 ], [ -50.740098257055514, 1.836049031931924 ], [ -49.997127272614449, 2.291670277400143 ], [ -49.360153267457477, 1.836893292232679 ] ] ] ] } },
{ "type": "Feature", "properties": { "geogrid_id": "5102355467059205667", "seqnum": 3547.0, "lat_c": 2.3554673569758879, "lon_c": -59.205666855165468, "res": 7.0, "count_Insects": 0, "count_Amphibians": 2, "count_Arachnids": 0, "count_Flowering Plants": 0, "count_Birds": 1, "count_Mammals": 1, "count_Ferns": 0, "count_Reptiles": 0, "count_Sac Fungi": 0, "count_Basidiomycota": 0, "count_Molluscs": 0, "count_Mosses": 0, "count_Gymnosperms": 0, "unique_species_count": 4.0, "countryCode": "BR" }, "geometry": { "type": "MultiPolygon", "coordinates": [ [ [ [ -58.479604879931976, 2.934475713225627 ], [ -58.50560186679256, 2.064912280404041 ], [ -59.303293266895892, 1.60429236930092 ], [ -60.070039974905434, 2.016000684372194 ], [ -59.990631655332898, 2.789837395283667 ], [ -59.190876418235717, 3.251784497570872 ], [ -58.479604879931976, 2.934475713225627 ] ] ] ] } },
{ "type": "Feature", "properties": { "geogrid_id": "5102424554060834073", "seqnum": 3519.0, "lat_c": 2.424554287570142, "lon_c": -60.834072982304562, "res": 7.0, "count_Insects": 124, "count_Amphibians": 18, "count_Arachnids": 34, "count_Flowering Plants": 161, "count_Birds": 134, "count_Mammals": 13, "count_Ferns": 1, "count_Reptiles": 51, "count_Sac Fungi": 2, "count_Basidiomycota": 9, "count_Molluscs": 1, "count_Mosses": 0, "count_Gymnosperms": 0, "unique_species_count": 548.0, "countryCode": "BR" }, "geometry": { "type": "MultiPolygon", "coordinates": [ [ [ [ -59.990631655332898, 2.789837395283667 ], [ -60.070039974905434, 2.016000684372194 ], [ -60.884419872958048, 1.625329883687792 ], [ -61.64521022803887, 2.031298191260003 ], [ -61.597396199248927, 2.831819215996662 ], [ -60.764556740552337, 3.208118141792226 ], [ -59.990631655332898, 2.789837395283667 ] ] ] ] } },
{ "type": "Feature", "properties": { "geogrid_id": "5102437023062406598", "seqnum": 3492.0, "lat_c": 2.4370232283330928, "lon_c": -62.406598395546077, "res": 7.0, "count_Insects": 1, "count_Amphibians": 0, "count_Arachnids": 0, "count_Flowering Plants": 0, "count_Birds": 21, "count_Mammals": 0, "count_Ferns": 0, "count_Reptiles": 0, "count_Sac Fungi": 0, "count_Basidiomycota": 0, "count_Molluscs": 0, "count_Mosses": 0, "count_Gymnosperms": 0, "unique_species_count": 22.0, "countryCode": "BR" }, "geometry": { "type": "MultiPolygon", "coordinates": [ [ [ [ -61.597396199248927, 2.831819215996662 ], [ -61.64521022803887, 2.031298191260003 ], [ -62.439515005280022, 1.628660643749572 ], [ -63.201929248915292, 2.034672922620483 ], [ -63.168704399903405, 2.842455845378498 ], [ -62.360772575675362, 3.238317210618796 ], [ -61.597396199248927, 2.831819215996662 ] ] ] ] } },
{ "type": "Feature", "properties": { "geogrid_id": "5102440275063964825", "seqnum": 3464.0, "lat_c": 2.4402748571047268, "lon_c": -63.964825157976286, "res": 7.0, "count_Insects": 0, "count_Amphibians": 0, "count_Arachnids": 0, "count_Flowering Plants": 8, "count_Birds": 0, "count_Mammals": 0, "count_Ferns": 0, "count_Reptiles": 0, "count_Sac Fungi": 0, "count_Basidiomycota": 0, "count_Molluscs": 0, "count_Mosses": 0, "count_Gymnosperms": 0, "unique_species_count": 8.0, "countryCode": "BR" }, "geometry": { "type": "MultiPolygon", "coordinates": [ [ [ [ -63.168704399903405, 2.842455845378498 ], [ -63.201929248915292, 2.034672922620483 ], [ -63.988585927311135, 1.629057675427948 ], [ -64.753098715919549, 2.035047787712022 ], [ -64.728404914212206, 2.845444780604472 ], [ -63.931648516984517, 3.247546621798446 ], [ -63.168704399903405, 2.842455845378498 ] ] ] ] } },
{ "type": "Feature", "properties": { "geogrid_id": "5102667280056303589", "seqnum": 3602.0, "lat_c": 2.6672798841943952, "lon_c": -56.303588512676441, "res": 7.0, "count_Insects": 0, "count_Amphibians": 0, "count_Arachnids": 0, "count_Flowering Plants": 1, "count_Birds": 0, "count_Mammals": 0, "count_Ferns": 0, "count_Reptiles": 0, "count_Sac Fungi": 0, "count_Basidiomycota": 0, "count_Molluscs": 0, "count_Mosses": 0, "count_Gymnosperms": 0, "unique_species_count": 1.0, "countryCode": "BR" }, "geometry": { "type": "MultiPolygon", "coordinates": [ [ [ [ -55.56471268519585, 3.127947444547153 ], [ -55.60227430468354, 2.250114941767166 ], [ -56.337602008701921, 1.793315608533827 ], [ -57.04458682966262, 2.201571937232407 ], [ -57.015604055428213, 3.06636002200691 ], [ -56.272179853621736, 3.536630451344261 ], [ -55.56471268519585, 3.127947444547153 ] ] ] ] } },
{ "type": "Feature", "properties": { "geogrid_id": "5102671808026964771", "seqnum": 4183.0, "lat_c": 2.6718077751882219, "lon_c": -26.964770680569835, "res": 7.0, "count_Insects": 0, "count_Amphibians": 0, "count_Arachnids": 0, "count_Flowering Plants": 0, "count_Birds": 1, "count_Mammals": 1, "count_Ferns": 0, "count_Reptiles": 0, "count_Sac Fungi": 0, "count_Basidiomycota": 0, "count_Molluscs": 0, "count_Mosses": 0, "count_Gymnosperms": 0, "unique_species_count": 2.0, "countryCode": "BR" }, "geometry": { "type": "MultiPolygon", "coordinates": [ [ [ [ -26.163659997571699, 3.110393580442898 ], [ -26.351399028551214, 2.223737930901337 ], [ -27.15570902349705, 1.782765801592593 ], [ -27.765338264748035, 2.231181397766076 ], [ -27.581032324437864, 3.120766845335393 ], [ -26.783076947712246, 3.559015521208353 ], [ -26.163659997571699, 3.110393580442898 ] ] ] ] } },
{ "type": "Feature", "properties": { "geogrid_id": "5102680491028378122", "seqnum": 4156.0, "lat_c": 2.6804907047868189, "lon_c": -28.378122139262199, "res": 7.0, "count_Insects": 0, "count_Amphibians": 0, "count_Arachnids": 0, "count_Flowering Plants": 0, "count_Birds": 3, "count_Mammals": 0, "count_Ferns": 0, "count_Reptiles": 0, "count_Sac Fungi": 0, "count_Basidiomycota": 0, "count_Molluscs": 0, "count_Mosses": 0, "count_Gymnosperms": 0, "unique_species_count": 3.0, "countryCode": "BR" }, "geometry": { "type": "MultiPolygon", "coordinates": [ [ [ [ -27.581032324437864, 3.120766845335393 ], [ -27.765338264748035, 2.231181397766076 ], [ -28.565903133740203, 1.788579360068162 ], [ -29.174840823289291, 2.238245842872399 ], [ -28.994082253416629, 3.130591746913345 ], [ -28.200210825857763, 3.570517534919839 ], [ -27.581032324437864, 3.120766845335393 ] ] ] ] } },
{ "type": "Feature", "properties": { "geogrid_id": "5102688711029787239", "seqnum": 4128.0, "lat_c": 2.688711147662695, "lon_c": -29.787238786521474, "res": 7.0, "count_Insects": 0, "count_Amphibians": 0, "count_Arachnids": 0, "count_Flowering Plants": 0, "count_Birds": 1, "count_Mammals": 0, "count_Ferns": 0, "count_Reptiles": 0, "count_Sac Fungi": 0, "count_Basidiomycota": 0, "count_Molluscs": 0, "count_Mosses": 0, "count_Gymnosperms": 0, "unique_species_count": 1.0, "countryCode": "BR" }, "geometry": { "type": "MultiPolygon", "coordinates": [ [ [ [ -28.994082253416629, 3.130591746913345 ], [ -29.174840823289291, 2.238245842872399 ], [ -29.971750111071771, 1.794094798842279 ], [ -30.580191088756994, 2.244931534210341 ], [ -30.403112576608361, 3.139865933410229 ], [ -29.613239994406008, 3.58138031994625 ], [ -28.994082253416629, 3.130591746913345 ] ] ] ] } },
{ "type": "Feature", "properties": { "geogrid_id": "5102705720054867401", "seqnum": 3630.0, "lat_c": 2.705720122408628, "lon_c": -54.867400902242068, "res": 7.0, "count_Insects": 2, "count_Amphibians": 6, "count_Arachnids": 5, "count_Flowering Plants": 58, "count_Birds": 3, "count_Mammals": 3, "count_Ferns": 1, "count_Reptiles": 12, "count_Sac Fungi": 0, "count_Basidiomycota": 0, "count_Molluscs": 3, "count_Mosses": 0, "count_Gymnosperms": 0, "unique_species_count": 93.0, "countryCode": "BR" }, "geometry": { "type": "MultiPolygon", "coordinates": [ [ [ [ -54.13238310656687, 3.160615939062656 ], [ -54.183089038002507, 2.271894493941688 ], [ -54.916241408001277, 1.817807039085788 ], [ -55.60227430468354, 2.250114941767166 ], [ -55.56471268519585, 3.127947444547153 ], [ -54.826772340940863, 3.586137603037275 ], [ -54.13238310656687, 3.160615939062656 ] ] ] ] } },
{ "type": "Feature", "properties": { "geogrid_id": "5102725738053449268", "seqnum": 3658.0, "lat_c": 2.72573848231603, "lon_c": -53.449267959508695, "res": 7.0, "count_Insects": 0, "count_Amphibians": 2, "count_Arachnids": 0, "count_Flowering Plants": 0, "count_Birds": 0, "count_Mammals": 8, "count_Ferns": 0, "count_Reptiles": 0, "count_Sac Fungi": 0, "count_Basidiomycota": 0, "count_Molluscs": 0, "count_Mosses": 0, "count_Gymnosperms": 0, "unique_species_count": 10.0, "countryCode": "BR" }, "geometry": { "type": "MultiPolygon", "coordinates": [ [ [ [ -52.714643778571421, 3.179289713593644 ], [ -52.779232282938722, 2.282930996702573 ], [ -53.514442903529599, 1.828495422823736 ], [ -54.183089038002507, 2.271894493941688 ], [ -54.13238310656687, 3.160615939062656 ], [ -53.396870627362411, 3.614971034763824 ], [ -52.714643778571421, 3.179289713593644 ] ] ] ] } },
{ "type": "Feature", "properties": { "geogrid_id": "5102736860052043650", "seqnum": 3685.0, "lat_c": 2.7368601736532261, "lon_c": -52.043650380382765, "res": 7.0, "count_Insects": 47, "count_Amphibians": 2, "count_Arachnids": 1, "count_Flowering Plants": 64, "count_Birds": 3, "count_Mammals": 0, "count_Ferns": 1, "count_Reptiles": 4, "count_Sac Fungi": 1, "count_Basidiomycota": 0, "count_Molluscs": 1, "count_Mosses": 0, "count_Gymnosperms": 0, "unique_species_count": 124.0, "countryCode": "BR" }, "geometry": { "type": "MultiPolygon", "coordinates": [ [ [ [ -51.307398899085563, 3.190300982705042 ], [ -51.385097070788696, 2.288755823677039 ], [ -52.123950062102416, 1.833638006449674 ], [ -52.779232282938722, 2.282930996702573 ], [ -52.714643778571421, 3.179289713593644 ], [ -51.979081746017933, 3.632498570114166 ], [ -51.307398899085563, 3.190300982705042 ] ] ] ] } },
{ "type": "Feature", "properties": { "geogrid_id": "5102743081050646467", "seqnum": 3713.0, "lat_c": 2.7430809430760168, "lon_c": -50.646467454707775, "res": 7.0, "count_Insects": 13, "count_Amphibians": 7, "count_Arachnids": 1, "count_Flowering Plants": 30, "count_Birds": 29, "count_Mammals": 1, "count_Ferns": 0, "count_Reptiles": 4, "count_Sac Fungi": 0, "count_Basidiomycota": 0, "count_Molluscs": 0, "count_Mosses": 0, "count_Gymnosperms": 1, "unique_species_count": 86.0, "countryCode": "BR" }, "geometry": { "type": "MultiPolygon", "coordinates": [ [ [ [ -49.907527316121886, 3.196683190831469 ], [ -49.997127272614449, 2.291670277400143 ], [ -50.740098257055514, 1.836049031931924 ], [ -51.385097070788696, 2.288755823677039 ], [ -51.307398899085563, 3.190300982705042 ], [ -50.570253725329216, 3.643242503819929 ], [ -49.907527316121886, 3.196683190831469 ] ] ] ] } },
{ "type": "Feature", "properties": { "geogrid_id": "5102746304049254915", "seqnum": 3741.0, "lat_c": 2.7463038139638098, "lon_c": -49.254914899472375, "res": 7.0, "count_Insects": 5, "count_Amphibians": 0, "count_Arachnids": 0, "count_Flowering Plants": 0, "count_Birds": 0, "count_Mammals": 0, "count_Ferns": 0, "count_Reptiles": 0, "count_Sac Fungi": 0, "count_Basidiomycota": 0, "count_Molluscs": 0, "count_Mosses": 0, "count_Gymnosperms": 0, "unique_species_count": 5.0, "countryCode": "BR" }, "geometry": { "type": "MultiPolygon", "coordinates": [ [ [ [ -48.51275401279743, 3.200030123392697 ], [ -48.613019339803195, 2.292765969957681 ], [ -49.360153267457477, 1.836893292232679 ], [ -49.997127272614449, 2.291670277400143 ], [ -49.907527316121886, 3.196683190831469 ], [ -49.167907978334398, 3.649589387074422 ], [ -48.51275401279743, 3.200030123392697 ] ] ] ] } },
{ "type": "Feature", "properties": { "geogrid_id": "5103533200059887759", "seqnum": 3493.0, "lat_c": 3.5332001223687848, "lon_c": -59.887759071880609, "res": 7.0, "count_Insects": 7, "count_Amphibians": 2, "count_Arachnids": 0, "count_Flowering Plants": 22, "count_Birds": 49, "count_Mammals": 2, "count_Ferns": 0, "count_Reptiles": 4, "count_Sac Fungi": 1, "count_Basidiomycota": 0, "count_Molluscs": 0, "count_Mosses": 0, "count_Gymnosperms": 0, "unique_species_count": 87.0, "countryCode": "BR" }, "geometry": { "type": "MultiPolygon", "coordinates": [ [ [ [ -59.168318996958462, 4.130288872402438 ], [ -59.190876418235717, 3.251784497570872 ], [ -59.990631655332898, 2.789837395283667 ], [ -60.764556740552337, 3.208118141792226 ], [ -60.67678777110612, 3.971545343692266 ], [ -59.876055096100174, 4.434258922085263 ], [ -59.168318996958462, 4.130288872402438 ] ] ] ] } },
{ "type": "Feature", "properties": { "geogrid_id": "5103620628061534273", "seqnum": 3465.0, "lat_c": 3.620628351675478, "lon_c": -61.534272580176236, "res": 7.0, "count_Insects": 50, "count_Amphibians": 14, "count_Arachnids": 6, "count_Flowering Plants": 52, "count_Birds": 89, "count_Mammals": 6, "count_Ferns": 2, "count_Reptiles": 14, "count_Sac Fungi": 2, "count_Basidiomycota": 2, "count_Molluscs": 0, "count_Mosses": 1, "count_Gymnosperms": 0, "unique_species_count": 238.0, "countryCode": "BR" }, "geometry": { "type": "MultiPolygon", "coordinates": [ [ [ [ -60.67678777110612, 3.971545343692266 ], [ -60.764556740552337, 3.208118141792226 ], [ -61.597396199248927, 2.831819215996662 ], [ -62.360772575675362, 3.238317210618796 ], [ -62.302289246125852, 4.030337640253409 ], [ -61.456355384672349, 4.394773560980092 ], [ -60.67678777110612, 3.971545343692266 ] ] ] ] } },
{ "type": "Feature", "properties": { "geogrid_id": "5103644226063124601", "seqnum": 3437.0, "lat_c": 3.644226347766343, "lon_c": -63.124601309077079, "res": 7.0, "count_Insects": 0, "count_Amphibians": 0, "count_Arachnids": 0, "count_Flowering Plants": 7, "count_Birds": 0, "count_Mammals": 0, "count_Ferns": 0, "count_Reptiles": 0, "count_Sac Fungi": 0, "count_Basidiomycota": 0, "count_Molluscs": 0, "count_Mosses": 1, "count_Gymnosperms": 0, "unique_species_count": 8.0, "countryCode": "BR" }, "geometry": { "type": "MultiPolygon", "coordinates": [ [ [ [ -62.302289246125852, 4.030337640253409 ], [ -62.360772575675362, 3.238317210618796 ], [ -63.168704399903405, 2.842455845378498 ], [ -63.931648516984517, 3.247546621798446 ], [ -63.889143517346731, 4.049604893704428 ], [ -63.069785397578038, 4.438370096603777 ], [ -62.302289246125852, 4.030337640253409 ] ] ] ] } },
{ "type": "Feature", "properties": { "geogrid_id": "5103652246064695551", "seqnum": 3410.0, "lat_c": 3.652245820051272, "lon_c": -64.695551315585817, "res": 7.0, "count_Insects": 1, "count_Amphibians": 0, "count_Arachnids": 0, "count_Flowering Plants": 0, "count_Birds": 0, "count_Mammals": 0, "count_Ferns": 0, "count_Reptiles": 0, "count_Sac Fungi": 0, "count_Basidiomycota": 0, "count_Molluscs": 0, "count_Mosses": 0, "count_Gymnosperms": 0, "unique_species_count": 1.0, "countryCode": "BR" }, "geometry": { "type": "MultiPolygon", "coordinates": [ [ [ [ -63.889143517346731, 4.049604893704428 ], [ -63.931648516984517, 3.247546621798446 ], [ -64.728404914212206, 2.845444780604472 ], [ -65.492838097635186, 3.250150739422854 ], [ -65.460533698692842, 4.05650333945491 ], [ -64.654598636789586, 4.454460457760983 ], [ -63.889143517346731, 4.049604893704428 ] ] ] ] } },
{ "type": "Feature", "properties": { "geogrid_id": "5104032750030235616", "seqnum": 4074.0, "lat_c": 4.0327500333419337, "lon_c": -30.235616477004591, "res": 7.0, "count_Insects": 0, "count_Amphibians": 0, "count_Arachnids": 0, "count_Flowering Plants": 0, "count_Birds": 1, "count_Mammals": 0, "count_Ferns": 0, "count_Reptiles": 0, "count_Sac Fungi": 0, "count_Basidiomycota": 0, "count_Molluscs": 0, "count_Mosses": 0, "count_Gymnosperms": 0, "unique_species_count": 1.0, "countryCode": "BR" }, "geometry": { "type": "MultiPolygon", "coordinates": [ [ [ [ -29.447425670923057, 4.471993421529028 ], [ -29.613239994406008, 3.58138031994625 ], [ -30.403112576608361, 3.139865933410229 ], [ -31.022477234164025, 3.5915984064029 ], [ -30.861232487602603, 4.484592356145696 ], [ -30.075515404809497, 4.923513590610293 ], [ -29.447425670923057, 4.471993421529028 ] ] ] ] } },
{ "type": "Feature", "properties": { "geogrid_id": "5104085315051242447", "seqnum": 3659.0, "lat_c": 4.0853150516344696, "lon_c": -51.242446698713628, "res": 7.0, "count_Insects": 39, "count_Amphibians": 9, "count_Arachnids": 3, "count_Flowering Plants": 61, "count_Birds": 56, "count_Mammals": 4, "count_Ferns": 0, "count_Reptiles": 12, "count_Sac Fungi": 0, "count_Basidiomycota": 0, "count_Molluscs": 4, "count_Mosses": 0, "count_Gymnosperms": 0, "unique_species_count": 188.0, "countryCode": "BR" }, "geometry": { "type": "MultiPolygon", "coordinates": [ [ [ [ -50.504603001050448, 4.537688719314713 ], [ -50.570253725329216, 3.643242503819929 ], [ -51.307398899085563, 3.190300982705042 ], [ -51.979081746017933, 3.632498570114166 ], [ -51.923416579141936, 4.522233386854215 ], [ -51.185098733216165, 4.975130899565023 ], [ -50.504603001050448, 4.537688719314713 ] ] ] ] } },
{ "type": "Feature", "properties": { "geogrid_id": "5104095658049832027", "seqnum": 3686.0, "lat_c": 4.0956584264863416, "lon_c": -49.83202678658936, "res": 7.0, "count_Insects": 0, "count_Amphibians": 0, "count_Arachnids": 0, "count_Flowering Plants": 1, "count_Birds": 0, "count_Mammals": 0, "count_Ferns": 0, "count_Reptiles": 0, "count_Sac Fungi": 0, "count_Basidiomycota": 0, "count_Molluscs": 0, "count_Mosses": 0, "count_Gymnosperms": 0, "unique_species_count": 1.0, "countryCode": "BR" }, "geometry": { "type": "MultiPolygon", "coordinates": [ [ [ [ -49.092549074323436, 4.547513513979164 ], [ -49.167907978334398, 3.649589387074422 ], [ -49.907527316121886, 3.196683190831469 ], [ -50.570253725329216, 3.643242503819929 ], [ -50.504603001050448, 4.537688719314713 ], [ -49.765414486701196, 4.989568639159245 ], [ -49.092549074323436, 4.547513513979164 ] ] ] ] } },
{ "type": "Feature", "properties": { "geogrid_id": "5104710930060571875", "seqnum": 3438.0, "lat_c": 4.7109302102237773, "lon_c": -60.571874540963165, "res": 7.0, "count_Insects": 39, "count_Amphibians": 7, "count_Arachnids": 3, "count_Flowering Plants": 25, "count_Birds": 35, "count_Mammals": 2, "count_Ferns": 0, "count_Reptiles": 10, "count_Sac Fungi": 0, "count_Basidiomycota": 1, "count_Molluscs": 0, "count_Mosses": 0, "count_Gymnosperms": 0, "unique_species_count": 122.0, "countryCode": "BR" }, "geometry": { "type": "MultiPolygon", "coordinates": [ [ [ [ -59.856918760261337, 5.319271748731103 ], [ -59.876055096100174, 4.434258922085263 ], [ -60.67678777110612, 3.971545343692266 ], [ -61.456355384672349, 4.394773560980092 ], [ -61.364262838297527, 5.151573764538404 ], [ -60.562782959343672, 5.614988416487981 ], [ -59.856918760261337, 5.319271748731103 ] ] ] ] } },
{ "type": "Feature", "properties": { "geogrid_id": "5105440903049024744", "seqnum": 3660.0, "lat_c": 5.4409033248433811, "lon_c": -49.024744400682778, "res": 7.0, "count_Insects": 0, "count_Amphibians": 0, "count_Arachnids": 0, "count_Flowering Plants": 0, "count_Birds": 0, "count_Mammals": 0, "count_Ferns": 0, "count_Reptiles": 0, "count_Sac Fungi": 0, "count_Basidiomycota": 0, "count_Molluscs": 1, "count_Mosses": 0, "count_Gymnosperms": 0, "unique_species_count": 1.0, "countryCode": "BR" }, "geometry": { "type": "MultiPolygon", "coordinates": [ [ [ [ -48.282455341774842, 5.891640679856765 ], [ -48.35166227866528, 4.998766933626414 ], [ -49.092549074323436, 4.547513513979164 ], [ -49.765414486701196, 4.989568639159245 ], [ -49.704463910648123, 5.879314481081281 ], [ -48.961842335415945, 6.330520302450515 ], [ -48.282455341774842, 5.891640679856765 ] ] ] ] } },
{ "type": "Feature", "properties": { "geogrid_id": "7301177734058524919", "seqnum": 3682.0, "lat_c": -1.1777337500499381, "lon_c": -58.524919201683495, "res": 7.0, "count_Insects": 1, "count_Amphibians": 0, "count_Arachnids": 0, "count_Flowering Plants": 0, "count_Birds": 0, "count_Mammals": 0, "count_Ferns": 0, "count_Reptiles": 0, "count_Sac Fungi": 0, "count_Basidiomycota": 0, "count_Molluscs": 0, "count_Mosses": 0, "count_Gymnosperms": 0, "unique_species_count": 1.0, "countryCode": "BR" }, "geometry": { "type": "MultiPolygon", "coordinates": [ [ [ [ -57.817058503853332, -0.861050990387627 ], [ -57.78926032836884, -1.722150448896479 ], [ -58.505601866447392, -2.06491228254175 ], [ -59.303293266512263, -1.604292371357364 ], [ -59.364153509406584, -0.812858975350236 ], [ -58.604438334044623, -0.406453725292307 ], [ -57.817058503853332, -0.861050990387627 ] ] ] ] } },
{ "type": "Feature", "properties": { "geogrid_id": "7301218464069409820", "seqnum": 3489.0, "lat_c": -1.218463811679988, "lon_c": -69.409820287084642, "res": 7.0, "count_Insects": 0, "count_Amphibians": 0, "count_Arachnids": 0, "count_Flowering Plants": 0, "count_Birds": 0, "count_Mammals": 0, "count_Ferns": 0, "count_Reptiles": 0, "count_Sac Fungi": 0, "count_Basidiomycota": 0, "count_Molluscs": 1, "count_Mosses": 0, "count_Gymnosperms": 0, "unique_species_count": 1.0, "countryCode": "BR" }, "geometry": { "type": "MultiPolygon", "coordinates": [ [ [ [ -68.638308922111321, -0.81290790194821 ], [ -68.631767867333167, -1.625416272308985 ], [ -69.402124372691134, -2.030203785189924 ], [ -70.181568815088383, -1.623332989426416 ], [ -70.186646070962823, -0.81181369138827 ], [ -69.413668126280029, -0.406211562992453 ], [ -68.638308922111321, -0.81290790194821 ] ] ] ] } },
{ "type": "Feature", "properties": { "geogrid_id": "7301219167060124108", "seqnum": 3655.0, "lat_c": -1.2191672319674891, "lon_c": -60.12410751546301, "res": 7.0, "count_Insects": 71, "count_Amphibians": 30, "count_Arachnids": 23, "count_Flowering Plants": 35, "count_Birds": 65, "count_Mammals": 37, "count_Ferns": 0, "count_Reptiles": 36, "count_Sac Fungi": 2, "count_Basidiomycota": 3, "count_Molluscs": 0, "count_Mosses": 5, "count_Gymnosperms": 0, "unique_species_count": 307.0, "countryCode": "BR" }, "geometry": { "type": "MultiPolygon", "coordinates": [ [ [ [ -59.364153509406584, -0.812858975350236 ], [ -59.303293266512263, -1.604292371357364 ], [ -60.070039974544265, -2.016000686595608 ], [ -60.884419872715853, -1.625329886101565 ], [ -60.914911522206658, -0.815387384727237 ], [ -60.151491659815619, -0.408010851684109 ], [ -59.364153509406584, -0.812858975350236 ] ] ] ] } },
{ "type": "Feature", "properties": { "geogrid_id": "7301219946067861771", "seqnum": 3516.0, "lat_c": -1.2199462211821119, "lon_c": -67.861770901935188, "res": 7.0, "count_Insects": 1, "count_Amphibians": 0, "count_Arachnids": 1, "count_Flowering Plants": 3, "count_Birds": 7, "count_Mammals": 1, "count_Ferns": 0, "count_Reptiles": 0, "count_Sac Fungi": 0, "count_Basidiomycota": 0, "count_Molluscs": 0, "count_Mosses": 0, "count_Gymnosperms": 0, "unique_species_count": 13.0, "countryCode": "BR" }, "geometry": { "type": "MultiPolygon", "coordinates": [ [ [ [ -67.091820402997726, -0.813843077707648 ], [ -67.083442663645613, -1.627124141940242 ], [ -67.851902326347201, -2.032458463878315 ], [ -68.631767867333167, -1.625416272308985 ], [ -68.638308922111321, -0.81290790194821 ], [ -67.866705922419968, -0.406727330399116 ], [ -67.091820402997726, -0.813843077707648 ] ] ] ] } },
{ "type": "Feature", "properties": { "geogrid_id": "7301222067064769587", "seqnum": 3572.0, "lat_c": -1.222066701882967, "lon_c": -64.769586866478576, "res": 7.0, "count_Insects": 0, "count_Amphibians": 0, "count_Arachnids": 0, "count_Flowering Plants": 1, "count_Birds": 0, "count_Mammals": 0, "count_Ferns": 0, "count_Reptiles": 0, "count_Sac Fungi": 0, "count_Basidiomycota": 0, "count_Molluscs": 0, "count_Mosses": 0, "count_Gymnosperms": 0, "unique_species_count": 1.0, "countryCode": "BR" }, "geometry": { "type": "MultiPolygon", "coordinates": [ [ [ [ -64.002867766978184, -0.815193225434306 ], [ -63.988585927146431, -1.629057678355806 ], [ -64.753098715725415, -2.035047790758542 ], [ -65.536008107752323, -1.628390866921396 ], [ -65.546818070732854, -0.814611379455715 ], [ -64.77783864503283, -0.407528887530007 ], [ -64.002867766978184, -0.815193225434306 ] ] ] ] } },
{ "type": "Feature", "properties": { "geogrid_id": "7301222242061677315", "seqnum": 3627.0, "lat_c": -1.2222417784885979, "lon_c": -61.677314564891006, "res": 7.0, "count_Insects": 19, "count_Amphibians": 2, "count_Arachnids": 3, "count_Flowering Plants": 157, "count_Birds": 18, "count_Mammals": 4, "count_Ferns": 0, "count_Reptiles": 8, "count_Sac Fungi": 2, "count_Basidiomycota": 0, "count_Molluscs": 0, "count_Mosses": 0, "count_Gymnosperms": 0, "unique_species_count": 213.0, "countryCode": "BR" }, "geometry": { "type": "MultiPolygon", "coordinates": [ [ [ [ -60.914911522206658, -0.815387384727237 ], [ -60.884419872715853, -1.625329886101565 ], [ -61.645210227774392, -2.031298193794925 ], [ -62.439515005088587, -1.628660646427666 ], [ -62.459339217239346, -0.815530569951024 ], [ -61.693436021598124, -0.407994597301809 ], [ -60.914911522206658, -0.815387384727237 ] ] ] ] } },
{ "type": "Feature", "properties": { "geogrid_id": "7301222552063224150", "seqnum": 3599.0, "lat_c": -1.222551563197569, "lon_c": -63.224149938683944, "res": 7.0, "count_Insects": 3, "count_Amphibians": 2, "count_Arachnids": 0, "count_Flowering Plants": 5, "count_Birds": 5, "count_Mammals": 1, "count_Ferns": 0, "count_Reptiles": 0, "count_Sac Fungi": 0, "count_Basidiomycota": 1, "count_Molluscs": 0, "count_Mosses": 1, "count_Gymnosperms": 0, "unique_species_count": 18.0, "countryCode": "BR" }, "geometry": { "type": "MultiPolygon", "coordinates": [ [ [ [ -62.459339217239346, -0.815530569951024 ], [ -62.439515005088587, -1.628660646427666 ], [ -63.201929248695045, -2.034672925417075 ], [ -63.988585927146431, -1.629057678355806 ], [ -64.002867766978184, -0.815193225434306 ], [ -63.235281629414985, -0.40780938400268 ], [ -62.459339217239346, -0.815530569951024 ] ] ] ] } },
{ "type": "Feature", "properties": { "geogrid_id": "7301333640057074703", "seqnum": 3710.0, "lat_c": -1.333640074252588, "lon_c": -57.074702821310176, "res": 7.0, "count_Insects": 34, "count_Amphibians": 21, "count_Arachnids": 5, "count_Flowering Plants": 247, "count_Birds": 53, "count_Mammals": 25, "count_Ferns": 3, "count_Reptiles": 63, "count_Sac Fungi": 0, "count_Basidiomycota": 1, "count_Molluscs": 1, "count_Mosses": 1, "count_Gymnosperms": 1, "unique_species_count": 455.0, "countryCode": "BR" }, "geometry": { "type": "MultiPolygon", "coordinates": [ [ [ [ -56.38107617551276, -0.909097589687072 ], [ -56.337602008267766, -1.793315610521992 ], [ -57.044586829231015, -2.201571939218825 ], [ -57.78926032836884, -1.722150448896479 ], [ -57.817058503853332, -0.861050990387627 ], [ -57.113026116350206, -0.454573033682355 ], [ -56.38107617551276, -0.909097589687072 ] ] ] ] } },
{ "type": "Feature", "properties": { "geogrid_id": "7301335344026549213", "seqnum": 4319.0, "lat_c": -1.3353436249211099, "lon_c": -26.549212638036281, "res": 7.0, "count_Insects": 0, "count_Amphibians": 0, "count_Arachnids": 0, "count_Flowering Plants": 0, "count_Birds": 0, "count_Mammals": 1, "count_Ferns": 0, "count_Reptiles": 0, "count_Sac Fungi": 0, "count_Basidiomycota": 0, "count_Molluscs": 0, "count_Mosses": 0, "count_Gymnosperms": 0, "unique_species_count": 1.0, "countryCode": "BR" }, "geometry": { "type": "MultiPolygon", "coordinates": [ [ [ [ -25.945827217536532, -0.88901227582562 ], [ -25.740890517183541, -1.776652893688343 ], [ -26.351399026030144, -2.223737930561389 ], [ -27.1557090210474, -1.782765801331251 ], [ -27.358344145707996, -0.892067670290073 ], [ -26.759689692279146, -0.445428462709675 ], [ -25.945827217536532, -0.88901227582562 ] ] ] ] } },
{ "type": "Feature", "properties": { "geogrid_id": "7301339819027960410", "seqnum": 4291.0, "lat_c": -1.339818538188166, "lon_c": -27.960409708224049, "res": 7.0, "count_Insects": 0, "count_Amphibians": 0, "count_Arachnids": 0, "count_Flowering Plants": 0, "count_Birds": 1, "count_Mammals": 0, "count_Ferns": 0, "count_Reptiles": 0, "count_Sac Fungi": 0, "count_Basidiomycota": 0, "count_Molluscs": 0, "count_Mosses": 0, "count_Gymnosperms": 0, "unique_species_count": 1.0, "countryCode": "BR" }, "geometry": { "type": "MultiPolygon", "coordinates": [ [ [ [ -27.358344145707996, -0.892067670290073 ], [ -27.1557090210474, -1.782765801331251 ], [ -27.765338262310099, -2.231181397531591 ], [ -28.565903131372835, -1.788579359912882 ], [ -28.766176086851061, -0.894976757968202 ], [ -28.169022223434173, -0.446917115281707 ], [ -27.358344145707996, -0.892067670290073 ] ] ] ] } },
{ "type": "Feature", "properties": { "geogrid_id": "7301344072029367082", "seqnum": 4263.0, "lat_c": -1.3440724508820561, "lon_c": -29.367081798074377, "res": 7.0, "count_Insects": 0, "count_Amphibians": 0, "count_Arachnids": 0, "count_Flowering Plants": 0, "count_Birds": 1, "count_Mammals": 0, "count_Ferns": 0, "count_Reptiles": 0, "count_Sac Fungi": 0, "count_Basidiomycota": 0, "count_Molluscs": 0, "count_Mosses": 0, "count_Gymnosperms": 0, "unique_species_count": 1.0, "countryCode": "BR" }, "geometry": { "type": "MultiPolygon", "coordinates": [ [ [ [ -28.766176086851061, -0.894976757968202 ], [ -28.565903131372835, -1.788579359912882 ], [ -29.174840820934222, -2.238245842744496 ], [ -29.971750108786395, -1.794094798794167 ], [ -30.169586151002477, -0.897740705366722 ], [ -29.573790150432842, -0.448333482242085 ], [ -28.766176086851061, -0.894976757968202 ] ] ] ] } },
{ "type": "Feature", "properties": { "geogrid_id": "7301348107030769496", "seqnum": 4236.0, "lat_c": -1.3481065833597841, "lon_c": -30.769496147390818, "res": 7.0, "count_Insects": 0, "count_Amphibians": 0, "count_Arachnids": 0, "count_Flowering Plants": 0, "count_Birds": 0, "count_Mammals": 1, "count_Ferns": 0, "count_Reptiles": 0, "count_Sac Fungi": 0, "count_Basidiomycota": 0, "count_Molluscs": 0, "count_Mosses": 0, "count_Gymnosperms": 0, "unique_species_count": 1.0, "countryCode": "BR" }, "geometry": { "type": "MultiPolygon", "coordinates": [ [ [ [ -30.169586151002477, -0.897740705366722 ], [ -29.971750108786395, -1.794094798794167 ], [ -30.580191086484628, -2.244931534190076 ], [ -31.373523941658707, -1.79931277408782 ], [ -31.568831872597102, -0.90036052867671 ], [ -30.974248597126824, -0.449678206997296 ], [ -30.169586151002477, -0.897740705366722 ] ] ] ] } },
{ "type": "Feature", "properties": { "geogrid_id": "7301355519033562602", "seqnum": 4180.0, "lat_c": -1.3555185959307601, "lon_c": -33.562601771058574, "res": 7.0, "count_Insects": 0, "count_Amphibians": 0, "count_Arachnids": 0, "count_Flowering Plants": 0, "count_Birds": 2, "count_Mammals": 0, "count_Ferns": 0, "count_Reptiles": 0, "count_Sac Fungi": 0, "count_Basidiomycota": 0, "count_Molluscs": 0, "count_Mosses": 0, "count_Gymnosperms": 0, "unique_species_count": 2.0, "countryCode": "BR" }, "geometry": { "type": "MultiPolygon", "coordinates": [ [ [ [ -32.96416598978481, -0.90283707648538 ], [ -32.771496693072912, -1.8042332521787 ], [ -33.379567969211962, -2.257162482764809 ], [ -34.16594008533648, -1.808855345716702 ], [ -34.355837295200629, -0.905171003901285 ], [ -33.763227728555655, -0.452155038088741 ], [ -32.96416598978481, -0.90283707648538 ] ] ] ] } },
{ "type": "Feature", "properties": { "geogrid_id": "7301358897034953812", "seqnum": 4153.0, "lat_c": -1.3588968967713, "lon_c": -34.953812270645983, "res": 7.0, "count_Insects": 0, "count_Amphibians": 0, "count_Arachnids": 0, "count_Flowering Plants": 0, "count_Birds": 0, "count_Mammals": 1, "count_Ferns": 0, "count_Reptiles": 0, "count_Sac Fungi": 0, "count_Basidiomycota": 0, "count_Molluscs": 0, "count_Mosses": 0, "count_Gymnosperms": 0, "unique_species_count": 1.0, "countryCode": "BR" }, "geometry": { "type": "MultiPolygon", "coordinates": [ [ [ [ -34.355837295200629, -0.905171003901285 ], [ -34.16594008533648, -1.808855345716702 ], [ -34.774164742394831, -2.262702230412593 ], [ -35.557127424794103, -1.813177080534148 ], [ -35.744091600995652, -0.907362734073503 ], [ -35.152230550268641, -0.453288158349656 ], [ -34.355837295200629, -0.905171003901285 ] ] ] ] } },
{ "type": "Feature", "properties": { "geogrid_id": "7301363525055648859", "seqnum": 3738.0, "lat_c": -1.3635251384517151, "lon_c": -55.648859166677653, "res": 7.0, "count_Insects": 83, "count_Amphibians": 30, "count_Arachnids": 6, "count_Flowering Plants": 106, "count_Birds": 89, "count_Mammals": 25, "count_Ferns": 1, "count_Reptiles": 40, "count_Sac Fungi": 0, "count_Basidiomycota": 7, "count_Molluscs": 0, "count_Mosses": 0, "count_Gymnosperms": 0, "unique_species_count": 387.0, "countryCode": "BR" }, "geometry": { "type": "MultiPolygon", "coordinates": [ [ [ [ -54.986111967078159, -0.917647479395478 ], [ -54.916241407429816, -1.817807041008754 ], [ -55.602274304143236, -2.25011494368789 ], [ -56.337602008267766, -1.793315610521992 ], [ -56.38107617551276, -0.909097589687072 ], [ -55.726254225444457, -0.460387516868808 ], [ -54.986111967078159, -0.917647479395478 ] ] ] ] } },
{ "type": "Feature", "properties": { "geogrid_id": "7301372450041866929", "seqnum": 4014.0, "lat_c": -1.3724499062759981, "lon_c": -41.866929060463882, "res": 7.0, "count_Insects": 0, "count_Amphibians": 0, "count_Arachnids": 0, "count_Flowering Plants": 0, "count_Birds": 0, "count_Mammals": 1, "count_Ferns": 0, "count_Reptiles": 0, "count_Sac Fungi": 0, "count_Basidiomycota": 0, "count_Molluscs": 0, "count_Mosses": 0, "count_Gymnosperms": 0, "unique_species_count": 1.0, "countryCode": "BR" }, "geometry": { "type": "MultiPolygon", "coordinates": [ [ [ [ -41.267823515318895, -0.91470383719351 ], [ -41.094995540837672, -1.827359024722496 ], [ -41.708288781828649, -2.284312417817847 ], [ -42.474276855610171, -1.830076212863151 ], [ -42.642675583172213, -0.916176551007939 ], [ -42.051657944976391, -0.457914688421261 ], [ -41.267823515318895, -0.91470383719351 ] ] ] ] } },
{ "type": "Feature", "properties": { "geogrid_id": "7301373475054249753", "seqnum": 3765.0, "lat_c": -1.373475005605874, "lon_c": -54.249752881739489, "res": 7.0, "count_Insects": 23, "count_Amphibians": 3, "count_Arachnids": 0, "count_Flowering Plants": 4, "count_Birds": 9, "count_Mammals": 0, "count_Ferns": 3, "count_Reptiles": 0, "count_Sac Fungi": 1, "count_Basidiomycota": 0, "count_Molluscs": 0, "count_Mosses": 0, "count_Gymnosperms": 0, "unique_species_count": 43.0, "countryCode": "BR" }, "geometry": { "type": "MultiPolygon", "coordinates": [ [ [ [ -53.606633545643184, -0.920310069452536 ], [ -53.514442902821216, -1.828495424660262 ], [ -54.183089037336991, -2.271894495783927 ], [ -54.916241407429816, -1.817807041008754 ], [ -54.986111967078159, -0.917647479395478 ], [ -54.35608619541825, -0.461308943867288 ], [ -53.606633545643184, -0.920310069452536 ] ] ] ] } },
{ "type": "Feature", "properties": { "geogrid_id": "7301374459043242909", "seqnum": 3987.0, "lat_c": -1.37445851663874, "lon_c": -43.242909429227417, "res": 7.0, "count_Insects": 0, "count_Amphibians": 0, "count_Arachnids": 0, "count_Flowering Plants": 0, "count_Birds": 0, "count_Mammals": 1, "count_Ferns": 0, "count_Reptiles": 0, "count_Sac Fungi": 0, "count_Basidiomycota": 0, "count_Molluscs": 0, "count_Mosses": 0, "count_Gymnosperms": 0, "unique_species_count": 1.0, "countryCode": "BR" }, "geometry": { "type": "MultiPolygon", "coordinates": [ [ [ [ -42.642675583172213, -0.916176551007939 ], [ -42.474276855610171, -1.830076212863151 ], [ -43.089719782141977, -2.287284315705736 ], [ -43.852184173499523, -1.832421868123549 ], [ -44.015616930374939, -0.917498049782137 ], [ -43.424012356556823, -0.458632891971932 ], [ -42.642675583172213, -0.916176551007939 ] ] ] ] } },
{ "type": "Feature", "properties": { "geogrid_id": "7301376207044617405", "seqnum": 3959.0, "lat_c": -1.3762070863283671, "lon_c": -44.617404991493011, "res": 7.0, "count_Insects": 2, "count_Amphibians": 1, "count_Arachnids": 0, "count_Flowering Plants": 4, "count_Birds": 1, "count_Mammals": 1, "count_Ferns": 0, "count_Reptiles": 1, "count_Sac Fungi": 0, "count_Basidiomycota": 0, "count_Molluscs": 0, "count_Mosses": 0, "count_Gymnosperms": 0, "unique_species_count": 10.0, "countryCode": "BR" }, "geometry": { "type": "MultiPolygon", "coordinates": [ [ [ [ -44.015616930374939, -0.917498049782137 ], [ -43.852184173499523, -1.832421868123549 ], [ -44.470306228861148, -2.28971705209636 ], [ -45.229145995242853, -1.834357369669644 ], [ -45.386936928279546, -0.918661564430992 ], [ -44.794385656908183, -0.459281349256382 ], [ -44.015616930374939, -0.917498049782137 ] ] ] ] } },
{ "type": "Feature", "properties": { "geogrid_id": "7301377583052863902", "seqnum": 3793.0, "lat_c": -1.3775827450542819, "lon_c": -52.863902437019419, "res": 7.0, "count_Insects": 51, "count_Amphibians": 0, "count_Arachnids": 2, "count_Flowering Plants": 21, "count_Birds": 44, "count_Mammals": 5, "count_Ferns": 0, "count_Reptiles": 5, "count_Sac Fungi": 0, "count_Basidiomycota": 0, "count_Molluscs": 0, "count_Mosses": 0, "count_Gymnosperms": 0, "unique_species_count": 128.0, "countryCode": "BR" }, "geometry": { "type": "MultiPolygon", "coordinates": [ [ [ [ -52.233643553003063, -0.921208092021002 ], [ -52.12395006126674, -1.833638008187289 ], [ -52.779232282148854, -2.282930998452787 ], [ -53.514442902821216, -1.828495424660262 ], [ -53.606633545643184, -0.920310069452536 ], [ -52.990175947158285, -0.461472969920041 ], [ -52.233643553003063, -0.921208092021002 ] ] ] ] } },
{ "type": "Feature", "properties": { "geogrid_id": "7301377671045990801", "seqnum": 3931.0, "lat_c": -1.377671149088197, "lon_c": -45.990800941407691, "res": 7.0, "count_Insects": 66, "count_Amphibians": 4, "count_Arachnids": 12, "count_Flowering Plants": 128, "count_Birds": 86, "count_Mammals": 6, "count_Ferns": 1, "count_Reptiles": 12, "count_Sac Fungi": 1, "count_Basidiomycota": 5, "count_Molluscs": 14, "count_Mosses": 0, "count_Gymnosperms": 0, "unique_species_count": 335.0, "countryCode": "BR" }, "geometry": { "type": "MultiPolygon", "coordinates": [ [ [ [ -45.386936928279546, -0.918661564430992 ], [ -45.229145995242853, -1.834357369669644 ], [ -45.850584461402477, -2.291533210630151 ], [ -46.605672098561399, -1.835822818947673 ], [ -46.756958568735818, -0.919655908629524 ], [ -46.163013261300314, -0.459858910721141 ], [ -45.386936928279546, -0.918661564430992 ] ] ] ] } },
{ "type": "Feature", "properties": { "geogrid_id": "7301378811047363557", "seqnum": 3904.0, "lat_c": -1.378811144826809, "lon_c": -47.363556824611003, "res": 7.0, "count_Insects": 204, "count_Amphibians": 23, "count_Arachnids": 26, "count_Flowering Plants": 128, "count_Birds": 70, "count_Mammals": 8, "count_Ferns": 2, "count_Reptiles": 45, "count_Sac Fungi": 1, "count_Basidiomycota": 3, "count_Molluscs": 5, "count_Mosses": 0, "count_Gymnosperms": 0, "unique_species_count": 515.0, "countryCode": "BR" }, "geometry": { "type": "MultiPolygon", "coordinates": [ [ [ [ -46.756958568735818, -0.919655908629524 ], [ -46.605672098561399, -1.835822818947673 ], [ -47.231210204914746, -2.292613303137577 ], [ -47.982397088058526, -1.836722007766325 ], [ -48.126060729294423, -0.920461988120229 ], [ -47.53014351753292, -0.460363439614497 ], [ -46.756958568735818, -0.919655908629524 ] ] ] ] } },
{ "type": "Feature", "properties": { "geogrid_id": "7301379302051484946", "seqnum": 3821.0, "lat_c": -1.379301506974103, "lon_c": -51.48494608839205, "res": 7.0, "count_Insects": 44, "count_Amphibians": 6, "count_Arachnids": 7, "count_Flowering Plants": 21, "count_Birds": 22, "count_Mammals": 5, "count_Ferns": 0, "count_Reptiles": 11, "count_Sac Fungi": 10, "count_Basidiomycota": 0, "count_Molluscs": 1, "count_Mosses": 0, "count_Gymnosperms": 0, "unique_species_count": 127.0, "countryCode": "BR" }, "geometry": { "type": "MultiPolygon", "coordinates": [ [ [ [ -50.863582150609844, -0.921340720847384 ], [ -50.740098256102321, -1.836049033563729 ], [ -51.385097069880381, -2.288755825326504 ], [ -52.12395006126674, -1.833638008187289 ], [ -52.233643553003063, -0.921208092021002 ], [ -51.625550173087461, -0.461374437081479 ], [ -50.863582150609844, -0.921340720847384 ] ] ] ] } },
{ "type": "Feature", "properties": { "geogrid_id": "7301379560048736252", "seqnum": 3876.0, "lat_c": -1.3795603617953009, "lon_c": -48.736252255930047, "res": 7.0, "count_Insects": 363, "count_Amphibians": 55, "count_Arachnids": 59, "count_Flowering Plants": 405, "count_Birds": 267, "count_Mammals": 34, "count_Ferns": 10, "count_Reptiles": 91, "count_Sac Fungi": 19, "count_Basidiomycota": 16, "count_Molluscs": 6, "count_Mosses": 3, "count_Gymnosperms": 0, "unique_species_count": 1328.0, "countryCode": "BR" }, "geometry": { "type": "MultiPolygon", "coordinates": [ [ [ [ -48.126060729294423, -0.920461988120229 ], [ -47.982397088058526, -1.836722007766325 ], [ -48.613019338676928, -2.292765971391698 ], [ -49.360153266394938, -1.836893293754778 ], [ -49.494718564760355, -0.921045549781184 ], [ -48.89604882312323, -0.46079093226473 ], [ -48.126060729294423, -0.920461988120229 ] ] ] ] } },
{ "type": "Feature", "properties": { "geogrid_id": "7301379800050109669", "seqnum": 3848.0, "lat_c": -1.379799863167031, "lon_c": -50.109668800400726, "res": 7.0, "count_Insects": 40, "count_Amphibians": 5, "count_Arachnids": 8, "count_Flowering Plants": 34, "count_Birds": 9, "count_Mammals": 0, "count_Ferns": 0, "count_Reptiles": 7, "count_Sac Fungi": 0, "count_Basidiomycota": 0, "count_Molluscs": 4, "count_Mosses": 0, "count_Gymnosperms": 2, "unique_species_count": 109.0, "countryCode": "BR" }, "geometry": { "type": "MultiPolygon", "coordinates": [ [ [ [ -49.494718564760355, -0.921045549781184 ], [ -49.360153266394938, -1.836893293754778 ], [ -49.997127271594223, -2.291670278943519 ], [ -50.740098256102321, -1.836049033563729 ], [ -50.863582150609844, -0.921340720847384 ], [ -50.261047382098987, -0.461133525498392 ], [ -49.494718564760355, -0.921045549781184 ] ] ] ] } },
{ "type": "Feature", "properties": { "geogrid_id": "7302355467059205667", "seqnum": 3709.0, "lat_c": -2.3554673588542498, "lon_c": -59.205666854611792, "res": 7.0, "count_Insects": 162, "count_Amphibians": 28, "count_Arachnids": 29, "count_Flowering Plants": 401, "count_Birds": 253, "count_Mammals": 26, "count_Ferns": 5, "count_Reptiles": 52, "count_Sac Fungi": 4, "count_Basidiomycota": 14, "count_Molluscs": 1, "count_Mosses": 6, "count_Gymnosperms": 0, "unique_species_count": 981.0, "countryCode": "BR" }, "geometry": { "type": "MultiPolygon", "coordinates": [ [ [ [ -58.505601866447392, -2.06491228254175 ], [ -58.479604879462791, -2.934475715298092 ], [ -59.190876417767456, -3.251784499748137 ], [ -59.990631654836776, -2.789837397407278 ], [ -60.070039974544265, -2.016000686595608 ], [ -59.303293266512263, -1.604292371357364 ], [ -58.505601866447392, -2.06491228254175 ] ] ] ] } },
{ "type": "Feature", "properties": { "geogrid_id": "7302424554060834073", "seqnum": 3681.0, "lat_c": -2.4245542899349348, "lon_c": -60.834072981944225, "res": 7.0, "count_Insects": 283, "count_Amphibians": 30, "count_Arachnids": 51, "count_Flowering Plants": 433, "count_Birds": 353, "count_Mammals": 35, "count_Ferns": 5, "count_Reptiles": 65, "count_Sac Fungi": 9, "count_Basidiomycota": 11, "count_Molluscs": 2, "count_Mosses": 4, "count_Gymnosperms": 0, "unique_species_count": 1281.0, "countryCode": "BR" }, "geometry": { "type": "MultiPolygon", "coordinates": [ [ [ [ -60.070039974544265, -2.016000686595608 ], [ -59.990631654836776, -2.789837397407278 ], [ -60.764556740077282, -3.208118144090188 ], [ -61.597396198880716, -2.831819218493916 ], [ -61.645210227774392, -2.031298193794925 ], [ -60.884419872715853, -1.625329886101565 ], [ -60.070039974544265, -2.016000686595608 ] ] ] ] } },
{ "type": "Feature", "properties": { "geogrid_id": "7302434264070173106", "seqnum": 3515.0, "lat_c": -2.4342640208504962, "lon_c": -70.173105641016704, "res": 7.0, "count_Insects": 1, "count_Amphibians": 2, "count_Arachnids": 1, "count_Flowering Plants": 3, "count_Birds": 0, "count_Mammals": 0, "count_Ferns": 0, "count_Reptiles": 0, "count_Sac Fungi": 0, "count_Basidiomycota": 0, "count_Molluscs": 0, "count_Mosses": 0, "count_Gymnosperms": 0, "unique_species_count": 7.0, "countryCode": "BR" }, "geometry": { "type": "MultiPolygon", "coordinates": [ [ [ [ -69.402124372691134, -2.030203785189924 ], [ -69.390579914067743, -2.841091116265196 ], [ -70.161254931407427, -3.244313940576883 ], [ -70.944943245188043, -2.837553920406691 ], [ -70.953834643939061, -2.027461846167372 ], [ -70.181568815088383, -1.623332989426416 ], [ -69.402124372691134, -2.030203785189924 ] ] ] ] } },
{ "type": "Feature", "properties": { "geogrid_id": "7302437023062406598", "seqnum": 3654.0, "lat_c": -2.4370232309892099, "lon_c": -62.406598395259749, "res": 7.0, "count_Insects": 0, "count_Amphibians": 0, "count_Arachnids": 2, "count_Flowering Plants": 1, "count_Birds": 7, "count_Mammals": 1, "count_Ferns": 0, "count_Reptiles": 1, "count_Sac Fungi": 0, "count_Basidiomycota": 0, "count_Molluscs": 0, "count_Mosses": 0, "count_Gymnosperms": 0, "unique_species_count": 12.0, "countryCode": "BR" }, "geometry": { "type": "MultiPolygon", "coordinates": [ [ [ [ -61.645210227774392, -2.031298193794925 ], [ -61.597396198880716, -2.831819218493916 ], [ -62.360772575295115, -3.238317213244452 ], [ -63.168704399595732, -2.842455848155848 ], [ -63.201929248695045, -2.034672925417075 ], [ -62.439515005088587, -1.628660646427666 ], [ -61.645210227774392, -2.031298193794925 ] ] ] ] } },
{ "type": "Feature", "properties": { "geogrid_id": "7302437127068620867", "seqnum": 3543.0, "lat_c": -2.4371265219967859, "lon_c": -68.620866825798061, "res": 7.0, "count_Insects": 0, "count_Amphibians": 0, "count_Arachnids": 0, "count_Flowering Plants": 1, "count_Birds": 0, "count_Mammals": 0, "count_Ferns": 0, "count_Reptiles": 0, "count_Sac Fungi": 0, "count_Basidiomycota": 0, "count_Molluscs": 0, "count_Mosses": 0, "count_Gymnosperms": 0, "unique_species_count": 1.0, "countryCode": "BR" }, "geometry": { "type": "MultiPolygon", "coordinates": [ [ [ [ -67.851902326347201, -2.032458463878315 ], [ -67.837103128634496, -2.843795126538394 ], [ -68.605606877826077, -3.247641932408551 ], [ -69.390579914067743, -2.841091116265196 ], [ -69.402124372691134, -2.030203785189924 ], [ -68.631767867333167, -1.625416272308985 ], [ -67.851902326347201, -2.032458463878315 ] ] ] ] } },
{ "type": "Feature", "properties": { "geogrid_id": "7302439283067069485", "seqnum": 3571.0, "lat_c": -2.439283027680208, "lon_c": -67.069484861241463, "res": 7.0, "count_Insects": 6, "count_Amphibians": 3, "count_Arachnids": 2, "count_Flowering Plants": 54, "count_Birds": 69, "count_Mammals": 0, "count_Ferns": 1, "count_Reptiles": 1, "count_Sac Fungi": 1, "count_Basidiomycota": 0, "count_Molluscs": 0, "count_Mosses": 0, "count_Gymnosperms": 1, "unique_species_count": 138.0, "countryCode": "BR" }, "geometry": { "type": "MultiPolygon", "coordinates": [ [ [ [ -66.302537248049759, -2.034138498554567 ], [ -66.283557450249745, -2.845425230404546 ], [ -67.04995463781114, -3.249763243739498 ], [ -67.837103128634496, -2.843795126538394 ], [ -67.851902326347201, -2.032458463878315 ], [ -67.083442663645613, -1.627124141940242 ], [ -66.302537248049759, -2.034138498554567 ] ] ] ] } },
{ "type": "Feature", "properties": { "geogrid_id": "7302440275063964825", "seqnum": 3626.0, "lat_c": -2.4402748600203652, "lon_c": -63.964825157729514, "res": 7.0, "count_Insects": 7, "count_Amphibians": 1, "count_Arachnids": 3, "count_Flowering Plants": 12, "count_Birds": 26, "count_Mammals": 3, "count_Ferns": 0, "count_Reptiles": 3, "count_Sac Fungi": 0, "count_Basidiomycota": 0, "count_Molluscs": 0, "count_Mosses": 15, "count_Gymnosperms": 0, "unique_species_count": 70.0, "countryCode": "BR" }, "geometry": { "type": "MultiPolygon", "coordinates": [ [ [ [ -63.201929248695045, -2.034672925417075 ], [ -63.168704399595732, -2.842455848155848 ], [ -63.931648516656033, -3.247546624697057 ], [ -64.728404913940665, -2.845444783639553 ], [ -64.753098715725415, -2.035047790758542 ], [ -63.988585927146431, -1.629057678355806 ], [ -63.201929248695045, -2.034672925417075 ] ] ] ] } },
{ "type": "Feature", "properties": { "geogrid_id": "7302440511065518007", "seqnum": 3598.0, "lat_c": -2.4405106035681201, "lon_c": -65.518007037025086, "res": 7.0, "count_Insects": 17, "count_Amphibians": 2, "count_Arachnids": 4, "count_Flowering Plants": 15, "count_Birds": 42, "count_Mammals": 9, "count_Ferns": 0, "count_Reptiles": 7, "count_Sac Fungi": 4, "count_Basidiomycota": 2, "count_Molluscs": 0, "count_Mosses": 0, "count_Gymnosperms": 0, "unique_species_count": 102.0, "countryCode": "BR" }, "geometry": { "type": "MultiPolygon", "coordinates": [ [ [ [ -64.753098715725415, -2.035047790758542 ], [ -64.728404913940665, -2.845444783639553 ], [ -65.492838097340297, -3.250150742577668 ], [ -66.283557450249745, -2.845425230404546 ], [ -66.302537248049759, -2.034138498554567 ], [ -65.536008107752323, -1.628390866921396 ], [ -64.753098715725415, -2.035047790758542 ] ] ] ] } },
{ "type": "Feature", "properties": { "geogrid_id": "7302583347057761434", "seqnum": 3737.0, "lat_c": -2.5833468699102191, "lon_c": -57.761433869530116, "res": 7.0, "count_Insects": 50, "count_Amphibians": 6, "count_Arachnids": 7, "count_Flowering Plants": 73, "count_Birds": 38, "count_Mammals": 14, "count_Ferns": 0, "count_Reptiles": 14, "count_Sac Fungi": 0, "count_Basidiomycota": 0, "count_Molluscs": 0, "count_Mosses": 0, "count_Gymnosperms": 1, "unique_species_count": 203.0, "countryCode": "BR" }, "geometry": { "type": "MultiPolygon", "coordinates": [ [ [ [ -57.044586829231015, -2.201571939218825 ], [ -57.015604054881663, -3.066360023946769 ], [ -57.733564909018945, -3.444688795427942 ], [ -58.479604879462791, -2.934475715298092 ], [ -58.505601866447392, -2.06491228254175 ], [ -57.78926032836884, -1.722150448896479 ], [ -57.044586829231015, -2.201571939218825 ] ] ] ] } },
{ "type": "Feature", "properties": { "geogrid_id": "7302667280056303589", "seqnum": 3764.0, "lat_c": -2.6672798861189029, "lon_c": -56.3035885121418, "res": 7.0, "count_Insects": 60, "count_Amphibians": 1, "count_Arachnids": 1, "count_Flowering Plants": 20, "count_Birds": 83, "count_Mammals": 3, "count_Ferns": 0, "count_Reptiles": 16, "count_Sac Fungi": 0, "count_Basidiomycota": 1, "count_Molluscs": 0, "count_Mosses": 0, "count_Gymnosperms": 0, "unique_species_count": 185.0, "countryCode": "BR" }, "geometry": { "type": "MultiPolygon", "coordinates": [ [ [ [ -55.602274304143236, -2.25011494368789 ], [ -55.564712684557868, -3.127947446404724 ], [ -56.272179852975654, -3.536630453217215 ], [ -57.015604054881663, -3.066360023946769 ], [ -57.044586829231015, -2.201571939218825 ], [ -56.337602008267766, -1.793315610521992 ], [ -55.602274304143236, -2.25011494368789 ] ] ] ] } },
{ "type": "Feature", "properties": { "geogrid_id": "7302680491028378122", "seqnum": 4318.0, "lat_c": -2.6804907045792721, "lon_c": -28.378122136834442, "res": 7.0, "count_Insects": 0, "count_Amphibians": 0, "count_Arachnids": 0, "count_Flowering Plants": 0, "count_Birds": 1, "count_Mammals": 0, "count_Ferns": 0, "count_Reptiles": 0, "count_Sac Fungi": 0, "count_Basidiomycota": 0, "count_Molluscs": 0, "count_Mosses": 0, "count_Gymnosperms": 0, "unique_species_count": 1.0, "countryCode": "BR" }, "geometry": { "type": "MultiPolygon", "coordinates": [ [ [ [ -27.765338262310099, -2.231181397531591 ], [ -27.581032321934888, -3.12076684504837 ], [ -28.200210823361655, -3.570517534659464 ], [ -28.994082250997526, -3.130591746732825 ], [ -29.174840820934222, -2.238245842744496 ], [ -28.565903131372835, -1.788579359912882 ], [ -27.765338262310099, -2.231181397531591 ] ] ] ] } },
{ "type": "Feature", "properties": { "geogrid_id": "7302688711029787239", "seqnum": 4290.0, "lat_c": -2.6887111475622159, "lon_c": -29.787238784177092, "res": 7.0, "count_Insects": 0, "count_Amphibians": 0, "count_Arachnids": 0, "count_Flowering Plants": 0, "count_Birds": 3, "count_Mammals": 1, "count_Ferns": 0, "count_Reptiles": 0, "count_Sac Fungi": 0, "count_Basidiomycota": 0, "count_Molluscs": 0, "count_Mosses": 0, "count_Gymnosperms": 0, "unique_species_count": 4.0, "countryCode": "BR" }, "geometry": { "type": "MultiPolygon", "coordinates": [ [ [ [ -29.174840820934222, -2.238245842744496 ], [ -28.994082250997526, -3.130591746732825 ], [ -29.61323999199405, -3.581380319792853 ], [ -30.403112574273074, -3.139865933337229 ], [ -30.580191086484628, -2.244931534190076 ], [ -29.971750108786395, -1.794094798794167 ], [ -29.174840820934222, -2.238245842744496 ] ] ] ] } },
{ "type": "Feature", "properties": { "geogrid_id": "7302696468031192414", "seqnum": 4262.0, "lat_c": -2.6964675683883712, "lon_c": -31.192414053151371, "res": 7.0, "count_Insects": 0, "count_Amphibians": 0, "count_Arachnids": 0, "count_Flowering Plants": 0, "count_Birds": 2, "count_Mammals": 1, "count_Ferns": 0, "count_Reptiles": 0, "count_Sac Fungi": 0, "count_Basidiomycota": 0, "count_Molluscs": 0, "count_Mosses": 0, "count_Gymnosperms": 0, "unique_species_count": 3.0, "countryCode": "BR" }, "geometry": { "type": "MultiPolygon", "coordinates": [ [ [ [ -30.580191086484628, -2.244931534190076 ], [ -30.403112574273074, -3.139865933337229 ], [ -31.022477231836252, -3.591598406357442 ], [ -31.808427520913096, -3.148585048599235 ], [ -31.981672227074739, -2.251237737987624 ], [ -31.373523941658707, -1.79931277408782 ], [ -30.580191086484628, -2.244931534190076 ] ] ] ] } },
{ "type": "Feature", "properties": { "geogrid_id": "7302703757032593943", "seqnum": 4235.0, "lat_c": -2.7037568037019359, "lon_c": -32.593942516907759, "res": 7.0, "count_Insects": 0, "count_Amphibians": 0, "count_Arachnids": 0, "count_Flowering Plants": 0, "count_Birds": 2, "count_Mammals": 2, "count_Ferns": 0, "count_Reptiles": 0, "count_Sac Fungi": 0, "count_Basidiomycota": 0, "count_Molluscs": 0, "count_Mosses": 0, "count_Gymnosperms": 0, "unique_species_count": 4.0, "countryCode": "BR" }, "geometry": { "type": "MultiPolygon", "coordinates": [ [ [ [ -31.981672227074739, -2.251237737987624 ], [ -31.808427520913096, -3.148585048599235 ], [ -32.428239124679472, -3.601163420997432 ], [ -33.210335070168419, -3.156742241290873 ], [ -33.379567969211962, -2.257162482764809 ], [ -32.771496693072912, -1.8042332521787 ], [ -31.981672227074739, -2.251237737987624 ] ] ] ] } },
{ "type": "Feature", "properties": { "geogrid_id": "7302705720054867401", "seqnum": 3792.0, "lat_c": -2.7057201242569162, "lon_c": -54.867400901598906, "res": 7.0, "count_Insects": 268, "count_Amphibians": 28, "count_Arachnids": 49, "count_Flowering Plants": 161, "count_Birds": 345, "count_Mammals": 66, "count_Ferns": 1, "count_Reptiles": 90, "count_Sac Fungi": 5, "count_Basidiomycota": 18, "count_Molluscs": 17, "count_Mosses": 0, "count_Gymnosperms": 0, "unique_species_count": 1048.0, "countryCode": "BR" }, "geometry": { "type": "MultiPolygon", "coordinates": [ [ [ [ -54.183089037336991, -2.271894495783927 ], [ -54.132383105822903, -3.160615940835857 ], [ -54.826772340200463, -3.586137604824133 ], [ -55.564712684557868, -3.127947446404724 ], [ -55.602274304143236, -2.25011494368789 ], [ -54.916241407429816, -1.817807041008754 ], [ -54.183089037336991, -2.271894495783927 ] ] ] ] } },
{ "type": "Feature", "properties": { "geogrid_id": "7302710574033992122", "seqnum": 4207.0, "lat_c": -2.7105736455466358, "lon_c": -33.99212215488626, "res": 7.0, "count_Insects": 0, "count_Amphibians": 0, "count_Arachnids": 0, "count_Flowering Plants": 0, "count_Birds": 0, "count_Mammals": 1, "count_Ferns": 0, "count_Reptiles": 0, "count_Sac Fungi": 0, "count_Basidiomycota": 0, "count_Molluscs": 0, "count_Mosses": 0, "count_Gymnosperms": 0, "unique_species_count": 1.0, "countryCode": "BR" }, "geometry": { "type": "MultiPolygon", "coordinates": [ [ [ [ -33.379567969211962, -2.257162482764809 ], [ -33.210335070168419, -3.156742241290873 ], [ -33.830848814326608, -3.610063343099351 ], [ -34.609149756271378, -3.1643274920555 ], [ -34.774164742394831, -2.262702230412593 ], [ -34.16594008533648, -1.808855345716702 ], [ -33.379567969211962, -2.257162482764809 ] ] ] ] } },
{ "type": "Feature", "properties": { "geogrid_id": "7302716910035387257", "seqnum": 4179.0, "lat_c": -2.7169102613595979, "lon_c": -35.387257135891694, "res": 7.0, "count_Insects": 0, "count_Amphibians": 0, "count_Arachnids": 0, "count_Flowering Plants": 0, "count_Birds": 0, "count_Mammals": 1, "count_Ferns": 0, "count_Reptiles": 0, "count_Sac Fungi": 0, "count_Basidiomycota": 0, "count_Molluscs": 0, "count_Mosses": 0, "count_Gymnosperms": 0, "unique_species_count": 1.0, "countryCode": "BR" }, "geometry": { "type": "MultiPolygon", "coordinates": [ [ [ [ -34.774164742394831, -2.262702230412593 ], [ -34.609149756271378, -3.1643274920555 ], [ -35.230639379858722, -3.618281486083593 ], [ -36.005196145631785, -3.171326678473631 ], [ -36.165754343626567, -2.267851410502406 ], [ -35.557127424794103, -1.813177080534148 ], [ -34.774164742394831, -2.262702230412593 ] ] ] ] } },
{ "type": "Feature", "properties": { "geogrid_id": "7302725738053449268", "seqnum": 3820.0, "lat_c": -2.7257384840775689, "lon_c": -53.449267958748869, "res": 7.0, "count_Insects": 28, "count_Amphibians": 3, "count_Arachnids": 1, "count_Flowering Plants": 6, "count_Birds": 42, "count_Mammals": 0, "count_Ferns": 0, "count_Reptiles": 1, "count_Sac Fungi": 0, "count_Basidiomycota": 1, "count_Molluscs": 1, "count_Mosses": 0, "count_Gymnosperms": 0, "unique_species_count": 83.0, "countryCode": "BR" }, "geometry": { "type": "MultiPolygon", "coordinates": [ [ [ [ -52.779232282148854, -2.282930998452787 ], [ -52.714643777717043, -3.179289715274503 ], [ -53.396870626518925, -3.614971036460375 ], [ -54.132383105822903, -3.160615940835857 ], [ -54.183089037336991, -2.271894495783927 ], [ -53.514442902821216, -1.828495424660262 ], [ -52.779232282148854, -2.282930998452787 ] ] ] ] } },
{ "type": "Feature", "properties": { "geogrid_id": "7302728093038169663", "seqnum": 4124.0, "lat_c": -2.7280930991038979, "lon_c": -38.169662762559831, "res": 7.0, "count_Insects": 0, "count_Amphibians": 0, "count_Arachnids": 0, "count_Flowering Plants": 0, "count_Birds": 0, "count_Mammals": 0, "count_Ferns": 0, "count_Reptiles": 0, "count_Sac Fungi": 0, "count_Basidiomycota": 0, "count_Molluscs": 2, "count_Mosses": 0, "count_Gymnosperms": 0, "unique_species_count": 2.0, "countryCode": "BR" }, "geometry": { "type": "MultiPolygon", "coordinates": [ [ [ [ -37.554637337868542, -2.272601752183936 ], [ -37.398813239043619, -3.177720258314771 ], [ -38.023171473214944, -3.63257330673822 ], [ -38.7903601582153, -3.183481385019666 ], [ -38.941127511294475, -2.276941308696614 ], [ -38.330850276237399, -1.820903974602934 ], [ -37.554637337868542, -2.272601752183936 ] ] ] ] } },
{ "type": "Feature", "properties": { "geogrid_id": "7302732901039557610", "seqnum": 4096.0, "lat_c": -2.7329012168519302, "lon_c": -39.557609655056986, "res": 7.0, "count_Insects": 31, "count_Amphibians": 6, "count_Arachnids": 11, "count_Flowering Plants": 89, "count_Birds": 36, "count_Mammals": 5, "count_Ferns": 0, "count_Reptiles": 12, "count_Sac Fungi": 0, "count_Basidiomycota": 1, "count_Molluscs": 25, "count_Mosses": 0, "count_Gymnosperms": 0, "unique_species_count": 216.0, "countryCode": "BR" }, "geometry": { "type": "MultiPolygon", "coordinates": [ [ [ [ -38.941127511294475, -2.276941308696614 ], [ -38.7903601582153, -3.183481385019666 ], [ -39.416672726032353, -3.638574411232872 ], [ -40.180223635625609, -3.188573160828429 ], [ -40.32555785170333, -2.280853004129727 ], [ -39.713965899509247, -1.824295868751631 ], [ -38.941127511294475, -2.276941308696614 ] ] ] ] } },
{ "type": "Feature", "properties": { "geogrid_id": "7302736860052043650", "seqnum": 3847.0, "lat_c": -2.7368601753187241, "lon_c": -52.043650379507113, "res": 7.0, "count_Insects": 47, "count_Amphibians": 6, "count_Arachnids": 12, "count_Flowering Plants": 49, "count_Birds": 26, "count_Mammals": 9, "count_Ferns": 0, "count_Reptiles": 26, "count_Sac Fungi": 1, "count_Basidiomycota": 4, "count_Molluscs": 1, "count_Mosses": 0, "count_Gymnosperms": 0, "unique_species_count": 181.0, "countryCode": "BR" }, "geometry": { "type": "MultiPolygon", "coordinates": [ [ [ [ -51.385097069880381, -2.288755825326504 ], [ -51.307398898121519, -3.190300984286846 ], [ -51.979081745068783, -3.632498571714356 ], [ -52.714643777717043, -3.179289715274503 ], [ -52.779232282148854, -2.282930998452787 ], [ -52.12395006126674, -1.833638008187289 ], [ -51.385097069880381, -2.288755825326504 ] ] ] ] } },
{ "type": "Feature", "properties": { "geogrid_id": "7302737149040943878", "seqnum": 4069.0, "lat_c": -2.73714864562201, "lon_c": -40.943878301882954, "res": 7.0, "count_Insects": 51, "count_Amphibians": 6, "count_Arachnids": 8, "count_Flowering Plants": 231, "count_Birds": 98, "count_Mammals": 9, "count_Ferns": 2, "count_Reptiles": 19, "count_Sac Fungi": 0, "count_Basidiomycota": 3, "count_Molluscs": 30, "count_Mosses": 0, "count_Gymnosperms": 0, "unique_species_count": 457.0, "countryCode": "BR" }, "geometry": { "type": "MultiPolygon", "coordinates": [ [ [ [ -40.32555785170333, -2.280853004129727 ], [ -40.180223635625609, -3.188573160828429 ], [ -40.808890232825775, -3.643741606010018 ], [ -41.568828069518005, -3.19294454912761 ], [ -41.708288781828649, -2.284312417817847 ], [ -41.094995540837672, -1.827359024722496 ], [ -40.32555785170333, -2.280853004129727 ] ] ] ] } },
{ "type": "Feature", "properties": { "geogrid_id": "7302740792042328884", "seqnum": 4041.0, "lat_c": -2.7407915538489078, "lon_c": -42.328884101670504, "res": 7.0, "count_Insects": 56, "count_Amphibians": 10, "count_Arachnids": 16, "count_Flowering Plants": 131, "count_Birds": 75, "count_Mammals": 8, "count_Ferns": 1, "count_Reptiles": 22, "count_Sac Fungi": 0, "count_Basidiomycota": 2, "count_Molluscs": 21, "count_Mosses": 0, "count_Gymnosperms": 0, "unique_species_count": 342.0, "countryCode": "BR" }, "geometry": { "type": "MultiPolygon", "coordinates": [ [ [ [ -41.708288781828649, -2.284312417817847 ], [ -41.568828069518005, -3.19294454912761 ], [ -42.20029990190671, -3.647996888211946 ], [ -42.956649280694457, -3.196524147135441 ], [ -43.089719782141977, -2.287284315705736 ], [ -42.474276855610171, -1.830076212863151 ], [ -41.708288781828649, -2.284312417817847 ] ] ] ] } },
{ "type": "Feature", "properties": { "geogrid_id": "7302743081050646467", "seqnum": 3875.0, "lat_c": -2.7430809446390949, "lon_c": -50.646467453720234, "res": 7.0, "count_Insects": 3, "count_Amphibians": 10, "count_Arachnids": 2, "count_Flowering Plants": 1, "count_Birds": 2, "count_Mammals": 1, "count_Ferns": 0, "count_Reptiles": 11, "count_Sac Fungi": 0, "count_Basidiomycota": 1, "count_Molluscs": 1, "count_Mosses": 0, "count_Gymnosperms": 0, "unique_species_count": 32.0, "countryCode": "BR" }, "geometry": { "type": "MultiPolygon", "coordinates": [ [ [ [ -49.997127271594223, -2.291670278943519 ], [ -49.907527315050949, -3.196683192309397 ], [ -50.570253724275041, -3.643242505318724 ], [ -51.307398898121519, -3.190300984286846 ], [ -51.385097069880381, -2.288755825326504 ], [ -50.740098256102321, -1.836049033563729 ], [ -49.997127271594223, -2.291670278943519 ] ] ] ] } },
{ "type": "Feature", "properties": { "geogrid_id": "7302743767043713097", "seqnum": 4013.0, "lat_c": -2.743767291014958, "lon_c": -43.713096977326728, "res": 7.0, "count_Insects": 354, "count_Amphibians": 21, "count_Arachnids": 58, "count_Flowering Plants": 401, "count_Birds": 191, "count_Mammals": 19, "count_Ferns": 5, "count_Reptiles": 45, "count_Sac Fungi": 3, "count_Basidiomycota": 11, "count_Molluscs": 19, "count_Mosses": 0, "count_Gymnosperms": 0, "unique_species_count": 1127.0, "countryCode": "BR" }, "geometry": { "type": "MultiPolygon", "coordinates": [ [ [ [ -43.089719782141977, -2.287284315705736 ], [ -42.956649280694457, -3.196524147135441 ], [ -43.591441496273539, -3.651231664204497 ], [ -44.344233694876351, -3.199210442697385 ], [ -44.470306228861148, -2.28971705209636 ], [ -43.852184173499523, -1.832421868123549 ], [ -43.089719782141977, -2.287284315705736 ] ] ] ] } },
{ "type": "Feature", "properties": { "geogrid_id": "7302745985045097064", "seqnum": 3986.0, "lat_c": -2.7459845915431411, "lon_c": -45.097063562909234, "res": 7.0, "count_Insects": 33, "count_Amphibians": 3, "count_Arachnids": 7, "count_Flowering Plants": 125, "count_Birds": 44, "count_Mammals": 8, "count_Ferns": 1, "count_Reptiles": 7, "count_Sac Fungi": 0, "count_Basidiomycota": 0, "count_Molluscs": 1, "count_Mosses": 0, "count_Gymnosperms": 0, "unique_species_count": 229.0, "countryCode": "BR" }, "geometry": { "type": "MultiPolygon", "coordinates": [ [ [ [ -44.470306228861148, -2.28971705209636 ], [ -44.344233694876351, -3.199210442697385 ], [ -44.982941210138435, -3.653292081750195 ], [ -45.73222560506229, -3.20085609930414 ], [ -45.850584461402477, -2.291533210630151 ], [ -45.229145995242853, -1.834357369669644 ], [ -44.470306228861148, -2.28971705209636 ] ] ] ] } },
{ "type": "Feature", "properties": { "geogrid_id": "7302746304049254915", "seqnum": 3903.0, "lat_c": -2.7463038154202848, "lon_c": -49.254914898377521, "res": 7.0, "count_Insects": 77, "count_Amphibians": 3, "count_Arachnids": 8, "count_Flowering Plants": 28, "count_Birds": 37, "count_Mammals": 3, "count_Ferns": 0, "count_Reptiles": 14, "count_Sac Fungi": 12, "count_Basidiomycota": 1, "count_Molluscs": 3, "count_Mosses": 0, "count_Gymnosperms": 0, "unique_species_count": 186.0, "countryCode": "BR" }, "geometry": { "type": "MultiPolygon", "coordinates": [ [ [ [ -48.613019338676928, -2.292765971391698 ], [ -48.512754011622931, -3.200030124763436 ], [ -49.167907977177236, -3.649589388468091 ], [ -49.907527315050949, -3.196683192309397 ], [ -49.997127271594223, -2.291670278943519 ], [ -49.360153266394938, -1.836893293754778 ], [ -48.613019338676928, -2.292765971391698 ] ] ] ] } },
{ "type": "Feature", "properties": { "geogrid_id": "7302747307046481440", "seqnum": 3958.0, "lat_c": -2.7473072023331251, "lon_c": -46.481439863396503, "res": 7.0, "count_Insects": 12, "count_Amphibians": 1, "count_Arachnids": 4, "count_Flowering Plants": 9, "count_Birds": 27, "count_Mammals": 0, "count_Ferns": 0, "count_Reptiles": 4, "count_Sac Fungi": 1, "count_Basidiomycota": 1, "count_Molluscs": 0, "count_Mosses": 0, "count_Gymnosperms": 0, "unique_species_count": 59.0, "countryCode": "BR" }, "geometry": { "type": "MultiPolygon", "coordinates": [ [ [ [ -45.850584461402477, -2.291533210630151 ], [ -45.73222560506229, -3.20085609930414 ], [ -46.3755432335455, -3.653955388746539 ], [ -47.121406652436768, -3.201241707157329 ], [ -47.231210204914746, -2.292613303137577 ], [ -46.605672098561399, -1.835822818947673 ], [ -45.850584461402477, -2.291533210630151 ] ] ] ] } },
{ "type": "Feature", "properties": { "geogrid_id": "7302747525047867041", "seqnum": 3930.0, "lat_c": -2.7475253783024058, "lon_c": -47.867040512696938, "res": 7.0, "count_Insects": 33, "count_Amphibians": 12, "count_Arachnids": 4, "count_Flowering Plants": 18, "count_Birds": 66, "count_Mammals": 6, "count_Ferns": 0, "count_Reptiles": 29, "count_Sac Fungi": 9, "count_Basidiomycota": 0, "count_Molluscs": 1, "count_Mosses": 0, "count_Gymnosperms": 0, "unique_species_count": 178.0, "countryCode": "BR" }, "geometry": { "type": "MultiPolygon", "coordinates": [ [ [ [ -47.231210204914746, -2.292613303137577 ], [ -47.121406652436768, -3.201241707157329 ], [ -47.770154424295683, -3.652890483350286 ], [ -48.512754011622931, -3.200030124763436 ], [ -48.613019338676928, -2.292765971391698 ], [ -47.982397088058526, -1.836722007766325 ], [ -47.231210204914746, -2.292613303137577 ] ] ] ] } },
{ "type": "Feature", "properties": { "geogrid_id": "7303533200059887759", "seqnum": 3736.0, "lat_c": -3.5332001243664721, "lon_c": -59.887759071258259, "res": 7.0, "count_Insects": 857, "count_Amphibians": 67, "count_Arachnids": 182, "count_Flowering Plants": 979, "count_Birds": 441, "count_Mammals": 56, "count_Ferns": 14, "count_Reptiles": 109, "count_Sac Fungi": 25, "count_Basidiomycota": 66, "count_Molluscs": 9, "count_Mosses": 17, "count_Gymnosperms": 1, "unique_species_count": 2823.0, "countryCode": "BR" }, "geometry": { "type": "MultiPolygon", "coordinates": [ [ [ [ -59.190876417767456, -3.251784499748137 ], [ -59.168318996358884, -4.130288874503374 ], [ -59.876055095505606, -4.434258924288263 ], [ -60.67678777052074, -3.971545345907169 ], [ -60.764556740077282, -3.208118144090188 ], [ -59.990631654836776, -2.789837397407278 ], [ -59.190876417767456, -3.251784499748137 ] ] ] ] } },
{ "type": "Feature", "properties": { "geogrid_id": "7303620628061534273", "seqnum": 3708.0, "lat_c": -3.620628354123407, "lon_c": -61.534272579706318, "res": 7.0, "count_Insects": 42, "count_Amphibians": 5, "count_Arachnids": 6, "count_Flowering Plants": 39, "count_Birds": 81, "count_Mammals": 4, "count_Ferns": 0, "count_Reptiles": 7, "count_Sac Fungi": 0, "count_Basidiomycota": 2, "count_Molluscs": 0, "count_Mosses": 0, "count_Gymnosperms": 0, "unique_species_count": 186.0, "countryCode": "BR" }, "geometry": { "type": "MultiPolygon", "coordinates": [ [ [ [ -60.764556740077282, -3.208118144090188 ], [ -60.67678777052074, -3.971545345907169 ], [ -61.456355384103254, -4.394773563367768 ], [ -62.302289245652979, -4.03033764284042 ], [ -62.360772575295115, -3.238317213244452 ], [ -61.597396198880716, -2.831819218493916 ], [ -60.764556740077282, -3.208118144090188 ] ] ] ] } },
{ "type": "Feature", "properties": { "geogrid_id": "7303644226063124601", "seqnum": 3680.0, "lat_c": -3.6442263505182391, "lon_c": -63.124601308682649, "res": 7.0, "count_Insects": 9, "count_Amphibians": 5, "count_Arachnids": 2, "count_Flowering Plants": 10, "count_Birds": 4, "count_Mammals": 0, "count_Ferns": 0, "count_Reptiles": 0, "count_Sac Fungi": 0, "count_Basidiomycota": 0, "count_Molluscs": 0, "count_Mosses": 0, "count_Gymnosperms": 0, "unique_species_count": 30.0, "countryCode": "BR" }, "geometry": { "type": "MultiPolygon", "coordinates": [ [ [ [ -62.360772575295115, -3.238317213244452 ], [ -62.302289245652979, -4.03033764284042 ], [ -63.069785397097696, -4.438370099324177 ], [ -63.88914351693699, -4.049604896581283 ], [ -63.931648516656033, -3.247546624697057 ], [ -63.168704399595732, -2.842455848155848 ], [ -62.360772575295115, -3.238317213244452 ] ] ] ] } },
{ "type": "Feature", "properties": { "geogrid_id": "7303646755070933084", "seqnum": 3542.0, "lat_c": -3.6467549729821909, "lon_c": -70.933083914329501, "res": 7.0, "count_Insects": 3, "count_Amphibians": 0, "count_Arachnids": 0, "count_Flowering Plants": 2, "count_Birds": 0, "count_Mammals": 0, "count_Ferns": 0, "count_Reptiles": 0, "count_Sac Fungi": 0, "count_Basidiomycota": 0, "count_Molluscs": 1, "count_Mosses": 0, "count_Gymnosperms": 0, "unique_species_count": 6.0, "countryCode": "BR" }, "geometry": { "type": "MultiPolygon", "coordinates": [ [ [ [ -70.161254931407427, -3.244313940576883 ], [ -70.146014430191471, -4.053191443134205 ], [ -70.9182531186094, -4.454812764594354 ], [ -71.706243679503146, -4.048372290164655 ], [ -71.717844598274596, -3.24003053490476 ], [ -70.944943245188043, -2.837553920406691 ], [ -70.161254931407427, -3.244313940576883 ] ] ] ] } },
{ "type": "Feature", "properties": { "geogrid_id": "7303650787069375186", "seqnum": 3570.0, "lat_c": -3.6507871559598488, "lon_c": -69.37518621523769, "res": 7.0, "count_Insects": 14, "count_Amphibians": 2, "count_Arachnids": 0, "count_Flowering Plants": 40, "count_Birds": 31, "count_Mammals": 0, "count_Ferns": 0, "count_Reptiles": 1, "count_Sac Fungi": 0, "count_Basidiomycota": 0, "count_Molluscs": 0, "count_Mosses": 0, "count_Gymnosperms": 0, "unique_species_count": 88.0, "countryCode": "BR" }, "geometry": { "type": "MultiPolygon", "coordinates": [ [ [ [ -68.605606877826077, -3.247641932408551 ], [ -68.585989547235044, -4.056568580045399 ], [ -69.355942362322196, -4.458955649058534 ], [ -70.146014430191471, -4.053191443134205 ], [ -70.161254931407427, -3.244313940576883 ], [ -69.390579914067743, -2.841091116265196 ], [ -68.605606877826077, -3.247641932408551 ] ] ] ] } },
{ "type": "Feature", "properties": { "geogrid_id": "7303652246064695551", "seqnum": 3653.0, "lat_c": -3.6522458230711621, "lon_c": -64.695551315237111, "res": 7.0, "count_Insects": 191, "count_Amphibians": 41, "count_Arachnids": 24, "count_Flowering Plants": 93, "count_Birds": 105, "count_Mammals": 16, "count_Ferns": 1, "count_Reptiles": 42, "count_Sac Fungi": 2, "count_Basidiomycota": 8, "count_Molluscs": 1, "count_Mosses": 0, "count_Gymnosperms": 0, "unique_species_count": 524.0, "countryCode": "BR" }, "geometry": { "type": "MultiPolygon", "coordinates": [ [ [ [ -63.931648516656033, -3.247546624697057 ], [ -63.88914351693699, -4.049604896581283 ], [ -64.654598636364028, -4.454460460761978 ], [ -65.460533698324539, -4.056503342596089 ], [ -65.492838097340297, -3.250150742577668 ], [ -64.728404913940665, -2.845444783639553 ], [ -63.931648516656033, -3.247546624697057 ] ] ] ] } },
{ "type": "Feature", "properties": { "geogrid_id": "7303653491067817378", "seqnum": 3597.0, "lat_c": -3.6534905122143102, "lon_c": -67.817377713925538, "res": 7.0, "count_Insects": 17, "count_Amphibians": 4, "count_Arachnids": 2, "count_Flowering Plants": 15, "count_Birds": 28, "count_Mammals": 7, "count_Ferns": 0, "count_Reptiles": 8, "count_Sac Fungi": 0, "count_Basidiomycota": 1, "count_Molluscs": 0, "count_Mosses": 0, "count_Gymnosperms": 0, "unique_species_count": 82.0, "countryCode": "BR" }, "geometry": { "type": "MultiPolygon", "coordinates": [ [ [ [ -67.04995463781114, -3.249763243739498 ], [ -67.024862686682283, -4.058013776115487 ], [ -67.792731966180455, -4.461083422827888 ], [ -68.585989547235044, -4.056568580045399 ], [ -68.605606877826077, -3.247641932408551 ], [ -67.837103128634496, -2.843795126538394 ], [ -67.04995463781114, -3.249763243739498 ] ] ] ] } },
{ "type": "Feature", "properties": { "geogrid_id": "7303654355066258277", "seqnum": 3625.0, "lat_c": -3.6543545080375281, "lon_c": -66.258276708790575, "res": 7.0, "count_Insects": 0, "count_Amphibians": 0, "count_Arachnids": 0, "count_Flowering Plants": 0, "count_Birds": 0, "count_Mammals": 26, "count_Ferns": 0, "count_Reptiles": 0, "count_Sac Fungi": 0, "count_Basidiomycota": 0, "count_Molluscs": 0, "count_Mosses": 0, "count_Gymnosperms": 0, "unique_species_count": 26.0, "countryCode": "BR" }, "geometry": { "type": "MultiPolygon", "coordinates": [ [ [ [ -65.492838097340297, -3.250150742577668 ], [ -65.460533698324539, -4.056503342596089 ], [ -66.22671694411963, -4.46026867288478 ], [ -67.024862686682283, -4.058013776115487 ], [ -67.04995463781114, -3.249763243739498 ], [ -66.283557450249745, -2.845425230404546 ], [ -65.492838097340297, -3.250150742577668 ] ] ] ] } },
{ "type": "Feature", "properties": { "geogrid_id": "7303799959058452689", "seqnum": 3763.0, "lat_c": -3.7999593451713549, "lon_c": -58.452689389249784, "res": 7.0, "count_Insects": 56, "count_Amphibians": 4, "count_Arachnids": 6, "count_Flowering Plants": 60, "count_Birds": 42, "count_Mammals": 14, "count_Ferns": 0, "count_Reptiles": 13, "count_Sac Fungi": 0, "count_Basidiomycota": 1, "count_Molluscs": 1, "count_Mosses": 0, "count_Gymnosperms": 0, "unique_species_count": 197.0, "countryCode": "BR" }, "geometry": { "type": "MultiPolygon", "coordinates": [ [ [ [ -57.733564909018945, -3.444688795427942 ], [ -57.705639136144235, -4.306224840436459 ], [ -58.425558290882151, -4.664000650608113 ], [ -59.168318996358884, -4.130288874503374 ], [ -59.190876417767456, -3.251784499748137 ], [ -58.479604879462791, -2.934475715298092 ], [ -57.733564909018945, -3.444688795427942 ] ] ] ] } },
{ "type": "Feature", "properties": { "geogrid_id": "7303929944056986833", "seqnum": 3791.0, "lat_c": -3.92994443364696, "lon_c": -56.986833447245132, "res": 7.0, "count_Insects": 20, "count_Amphibians": 4, "count_Arachnids": 3, "count_Flowering Plants": 3, "count_Birds": 67, "count_Mammals": 6, "count_Ferns": 0, "count_Reptiles": 8, "count_Sac Fungi": 1, "count_Basidiomycota": 0, "count_Molluscs": 0, "count_Mosses": 0, "count_Gymnosperms": 0, "unique_species_count": 112.0, "countryCode": "BR" }, "geometry": { "type": "MultiPolygon", "coordinates": [ [ [ [ -56.272179852975654, -3.536630453217215 ], [ -56.241626043278515, -4.403633846472076 ], [ -56.958029990318593, -4.793042939115866 ], [ -57.705639136144235, -4.306224840436459 ], [ -57.733564909018945, -3.444688795427942 ], [ -57.015604054881663, -3.066360023946769 ], [ -56.272179852975654, -3.536630453217215 ] ] ] ] } },
{ "type": "Feature", "properties": { "geogrid_id": "7304000918055530520", "seqnum": 3819.0, "lat_c": -4.0009181266568428, "lon_c": -55.53052028688024, "res": 7.0, "count_Insects": 60, "count_Amphibians": 4, "count_Arachnids": 15, "count_Flowering Plants": 12, "count_Birds": 35, "count_Mammals": 13, "count_Ferns": 0, "count_Reptiles": 14, "count_Sac Fungi": 0, "count_Basidiomycota": 0, "count_Molluscs": 1, "count_Mosses": 0, "count_Gymnosperms": 0, "unique_species_count": 154.0, "countryCode": "BR" }, "geometry": { "type": "MultiPolygon", "coordinates": [ [ [ [ -54.826772340200463, -3.586137604824133 ], [ -54.789793260080209, -4.46186092959503 ], [ -55.497704670758338, -4.871024026665879 ], [ -56.241626043278515, -4.403633846472076 ], [ -56.272179852975654, -3.536630453217215 ], [ -55.564712684557868, -3.127947446404724 ], [ -54.826772340200463, -3.586137604824133 ] ] ] ] } },
{ "type": "Feature", "properties": { "geogrid_id": "7304020960028822333", "seqnum": 4344.0, "lat_c": -4.0209602451133204, "lon_c": -28.822333019086795, "res": 7.0, "count_Insects": 0, "count_Amphibians": 0, "count_Arachnids": 0, "count_Flowering Plants": 0, "count_Birds": 1, "count_Mammals": 1, "count_Ferns": 0, "count_Reptiles": 0, "count_Sac Fungi": 0, "count_Basidiomycota": 0, "count_Molluscs": 0, "count_Mosses": 0, "count_Gymnosperms": 0, "unique_species_count": 2.0, "countryCode": "BR" }, "geometry": { "type": "MultiPolygon", "coordinates": [ [ [ [ -28.200210823361655, -3.570517534659464 ], [ -28.029979687408456, -4.458555725983813 ], [ -28.65752940428105, -4.909281322263955 ], [ -29.447425668436384, -4.471993421322352 ], [ -29.61323999199405, -3.581380319792853 ], [ -28.994082250997526, -3.130591746732825 ], [ -28.200210823361655, -3.570517534659464 ] ] ] ] } },
{ "type": "Feature", "properties": { "geogrid_id": "7304032750030235616", "seqnum": 4317.0, "lat_c": -4.0327500332157644, "lon_c": -30.235616474598284, "res": 7.0, "count_Insects": 0, "count_Amphibians": 0, "count_Arachnids": 0, "count_Flowering Plants": 0, "count_Birds": 0, "count_Mammals": 1, "count_Ferns": 0, "count_Reptiles": 0, "count_Sac Fungi": 0, "count_Basidiomycota": 0, "count_Molluscs": 0, "count_Mosses": 0, "count_Gymnosperms": 0, "unique_species_count": 1.0, "countryCode": "BR" }, "geometry": { "type": "MultiPolygon", "coordinates": [ [ [ [ -29.61323999199405, -3.581380319792853 ], [ -29.447425668436384, -4.471993421322352 ], [ -30.075515402325426, -4.923513590430685 ], [ -30.861232485200468, -4.484592356046868 ], [ -31.022477231836252, -3.591598406357442 ], [ -30.403112574273074, -3.139865933337229 ], [ -29.61323999199405, -3.581380319792853 ] ] ] ] } },
{ "type": "Feature", "properties": { "geogrid_id": "7304042841054089041", "seqnum": 3846.0, "lat_c": -4.0428414455952044, "lon_c": -54.089041162101658, "res": 7.0, "count_Insects": 3, "count_Amphibians": 1, "count_Arachnids": 0, "count_Flowering Plants": 2, "count_Birds": 2, "count_Mammals": 2, "count_Ferns": 0, "count_Reptiles": 2, "count_Sac Fungi": 0, "count_Basidiomycota": 1, "count_Molluscs": 0, "count_Mosses": 0, "count_Gymnosperms": 0, "unique_species_count": 13.0, "countryCode": "BR" }, "geometry": { "type": "MultiPolygon", "coordinates": [ [ [ [ -53.396870626518925, -3.614971036460375 ], [ -53.351042782657522, -4.49850250761031 ], [ -54.049357548418158, -4.920669920880394 ], [ -54.789793260080209, -4.46186092959503 ], [ -54.826772340200463, -3.586137604824133 ], [ -54.132383105822903, -3.160615940835857 ], [ -53.396870626518925, -3.614971036460375 ] ] ] ] } },
{ "type": "Feature", "properties": { "geogrid_id": "7304043794031645347", "seqnum": 4289.0, "lat_c": -4.0437943742413358, "lon_c": -31.645347223563128, "res": 7.0, "count_Insects": 0, "count_Amphibians": 0, "count_Arachnids": 0, "count_Flowering Plants": 0, "count_Birds": 3, "count_Mammals": 2, "count_Ferns": 0, "count_Reptiles": 2, "count_Sac Fungi": 0, "count_Basidiomycota": 0, "count_Molluscs": 0, "count_Mosses": 0, "count_Gymnosperms": 0, "unique_species_count": 7.0, "countryCode": "BR" }, "geometry": { "type": "MultiPolygon", "coordinates": [ [ [ [ -31.022477231836252, -3.591598406357442 ], [ -30.861232485200468, -4.484592356046868 ], [ -31.490108423086049, -4.936796666713021 ], [ -32.271736377954859, -4.496337304789082 ], [ -32.428239124679472, -3.601163420997432 ], [ -31.808427520913096, -3.148585048599235 ], [ -31.022477231836252, -3.591598406357442 ] ] ] ] } },
{ "type": "Feature", "properties": { "geogrid_id": "7304054079033051856", "seqnum": 4261.0, "lat_c": -4.0540794998702427, "lon_c": -33.05185555176277, "res": 7.0, "count_Insects": 11, "count_Amphibians": 2, "count_Arachnids": 5, "count_Flowering Plants": 110, "count_Birds": 28, "count_Mammals": 7, "count_Ferns": 0, "count_Reptiles": 5, "count_Sac Fungi": 0, "count_Basidiomycota": 1, "count_Molluscs": 18, "count_Mosses": 0, "count_Gymnosperms": 0, "unique_species_count": 187.0, "countryCode": "BR" }, "geometry": { "type": "MultiPolygon", "coordinates": [ [ [ [ -32.428239124679472, -3.601163420997432 ], [ -32.271736377954859, -4.496337304789082 ], [ -32.901657818112724, -4.94910838970933 ], [ -33.679282468490335, -4.507207542886526 ], [ -33.830848814326608, -3.610063343099351 ], [ -33.210335070168419, -3.156742241290873 ], [ -32.428239124679472, -3.601163420997432 ] ] ] ] } },
{ "type": "Feature", "properties": { "geogrid_id": "7304063587034455481", "seqnum": 4234.0, "lat_c": -4.0635865123397652, "lon_c": -34.45548126504746, "res": 7.0, "count_Insects": 0, "count_Amphibians": 0, "count_Arachnids": 0, "count_Flowering Plants": 0, "count_Birds": 8, "count_Mammals": 1, "count_Ferns": 0, "count_Reptiles": 0, "count_Sac Fungi": 0, "count_Basidiomycota": 0, "count_Molluscs": 1, "count_Mosses": 0, "count_Gymnosperms": 0, "unique_species_count": 10.0, "countryCode": "BR" }, "geometry": { "type": "MultiPolygon", "coordinates": [ [ [ [ -33.830848814326608, -3.610063343099351 ], [ -33.679282468490335, -4.507207542886526 ], [ -34.310524443835781, -4.960419332517893 ], [ -35.084228443005621, -4.517175359426933 ], [ -35.230639379858722, -3.618281486083593 ], [ -34.609149756271378, -3.1643274920555 ], [ -33.830848814326608, -3.610063343099351 ] ] ] ] } },
{ "type": "Feature", "properties": { "geogrid_id": "7304068841052660615", "seqnum": 3874.0, "lat_c": -4.0688411543086813, "lon_c": -52.660615258007304, "res": 7.0, "count_Insects": 5, "count_Amphibians": 1, "count_Arachnids": 2, "count_Flowering Plants": 4, "count_Birds": 4, "count_Mammals": 1, "count_Ferns": 0, "count_Reptiles": 2, "count_Sac Fungi": 0, "count_Basidiomycota": 0, "count_Molluscs": 1, "count_Mosses": 0, "count_Gymnosperms": 0, "unique_species_count": 20.0, "countryCode": "BR" }, "geometry": { "type": "MultiPolygon", "coordinates": [ [ [ [ -51.979081745068783, -3.632498571714356 ], [ -51.92341657810158, -4.522233388394788 ], [ -52.612434292953928, -4.953333829615676 ], [ -53.351042782657522, -4.49850250761031 ], [ -53.396870626518925, -3.614971036460375 ], [ -52.714643777717043, -3.179289715274503 ], [ -51.979081745068783, -3.632498571714356 ] ] ] ] } },
{ "type": "Feature", "properties": { "geogrid_id": "7304072290035856578", "seqnum": 4206.0, "lat_c": -4.0722899174894138, "lon_c": -35.856577641590668, "res": 7.0, "count_Insects": 0, "count_Amphibians": 0, "count_Arachnids": 0, "count_Flowering Plants": 0, "count_Birds": 1, "count_Mammals": 0, "count_Ferns": 0, "count_Reptiles": 0, "count_Sac Fungi": 0, "count_Basidiomycota": 0, "count_Molluscs": 0, "count_Mosses": 0, "count_Gymnosperms": 0, "unique_species_count": 1.0, "countryCode": "BR" }, "geometry": { "type": "MultiPolygon", "coordinates": [ [ [ [ -35.230639379858722, -3.618281486083593 ], [ -35.084228443005621, -4.517175359426933 ], [ -35.717084787855875, -4.970690806079182 ], [ -36.486949073445949, -4.526204025845162 ], [ -36.62795803767699, -3.625795084596698 ], [ -36.005196145631785, -3.171326678473631 ], [ -35.230639379858722, -3.618281486083593 ] ] ] ] } },
{ "type": "Feature", "properties": { "geogrid_id": "7304080156037255516", "seqnum": 4178.0, "lat_c": -4.0801555924202422, "lon_c": -37.255516362507123, "res": 7.0, "count_Insects": 40, "count_Amphibians": 4, "count_Arachnids": 8, "count_Flowering Plants": 69, "count_Birds": 99, "count_Mammals": 5, "count_Ferns": 0, "count_Reptiles": 6, "count_Sac Fungi": 0, "count_Basidiomycota": 0, "count_Molluscs": 19, "count_Mosses": 0, "count_Gymnosperms": 0, "unique_species_count": 250.0, "countryCode": "BR" }, "geometry": { "type": "MultiPolygon", "coordinates": [ [ [ [ -36.62795803767699, -3.625795084596698 ], [ -36.486949073445949, -4.526204025845162 ], [ -37.121736027630433, -4.979872133906128 ], [ -37.887841851466384, -4.534244983952361 ], [ -38.023171473214944, -3.63257330673822 ], [ -37.398813239043619, -3.177720258314771 ], [ -36.62795803767699, -3.625795084596698 ] ] ] ] } },
{ "type": "Feature", "properties": { "geogrid_id": "7304085315051242447", "seqnum": 3902.0, "lat_c": -4.0853150531539919, "lon_c": -51.242446697669486, "res": 7.0, "count_Insects": 6, "count_Amphibians": 3, "count_Arachnids": 0, "count_Flowering Plants": 3, "count_Birds": 8, "count_Mammals": 0, "count_Ferns": 0, "count_Reptiles": 4, "count_Sac Fungi": 0, "count_Basidiomycota": 1, "count_Molluscs": 0, "count_Mosses": 0, "count_Gymnosperms": 0, "unique_species_count": 25.0, "countryCode": "BR" }, "geometry": { "type": "MultiPolygon", "coordinates": [ [ [ [ -50.570253724275041, -3.643242505318724 ], [ -50.504602999911107, -4.53768872075356 ], [ -51.185098732077975, -4.975130901026774 ], [ -51.92341657810158, -4.522233388394788 ], [ -51.979081745068783, -3.632498571714356 ], [ -51.307398898121519, -3.190300984286846 ], [ -50.570253724275041, -3.643242505318724 ] ] ] ] } },
{ "type": "Feature", "properties": { "geogrid_id": "7304087138038652694", "seqnum": 4151.0, "lat_c": -4.0871379282899172, "lon_c": -38.652693762790243, "res": 7.0, "count_Insects": 599, "count_Amphibians": 38, "count_Arachnids": 166, "count_Flowering Plants": 923, "count_Birds": 272, "count_Mammals": 30, "count_Ferns": 15, "count_Reptiles": 61, "count_Sac Fungi": 8, "count_Basidiomycota": 25, "count_Molluscs": 90, "count_Mosses": 2, "count_Gymnosperms": 0, "unique_species_count": 2229.0, "countryCode": "BR" }, "geometry": { "type": "MultiPolygon", "coordinates": [ [ [ [ -38.023171473214944, -3.63257330673822 ], [ -37.887841851466384, -4.534244983952361 ], [ -38.524902311763299, -4.987896882446882 ], [ -39.287334106753299, -4.541233895388851 ], [ -39.416672726032353, -3.638574411232872 ], [ -38.7903601582153, -3.183481385019666 ], [ -38.023171473214944, -3.63257330673822 ] ] ] ] } },
{ "type": "Feature", "properties": { "geogrid_id": "7304093176040048539", "seqnum": 4123.0, "lat_c": -4.0931757466042971, "lon_c": -40.04853887778679, "res": 7.0, "count_Insects": 103, "count_Amphibians": 15, "count_Arachnids": 21, "count_Flowering Plants": 155, "count_Birds": 171, "count_Mammals": 9, "count_Ferns": 2, "count_Reptiles": 26, "count_Sac Fungi": 0, "count_Basidiomycota": 3, "count_Molluscs": 4, "count_Mosses": 0, "count_Gymnosperms": 0, "unique_species_count": 509.0, "countryCode": "BR" }, "geometry": { "type": "MultiPolygon", "coordinates": [ [ [ [ -39.416672726032353, -3.638574411232872 ], [ -39.287334106753299, -4.541233895388851 ], [ -39.927042649768346, -4.994677568656411 ], [ -40.685892117002204, -4.547084998707078 ], [ -40.808890232825775, -3.643741606010018 ], [ -40.180223635625609, -3.188573160828429 ], [ -39.416672726032353, -3.638574411232872 ] ] ] ] } },
{ "type": "Feature", "properties": { "geogrid_id": "7304095658049832027", "seqnum": 3929.0, "lat_c": -4.095658427902606, "lon_c": -49.832026785443816, "res": 7.0, "count_Insects": 30, "count_Amphibians": 2, "count_Arachnids": 4, "count_Flowering Plants": 115, "count_Birds": 24, "count_Mammals": 1, "count_Ferns": 2, "count_Reptiles": 4, "count_Sac Fungi": 0, "count_Basidiomycota": 0, "count_Molluscs": 1, "count_Mosses": 0, "count_Gymnosperms": 0, "unique_species_count": 183.0, "countryCode": "BR" }, "geometry": { "type": "MultiPolygon", "coordinates": [ [ [ [ -49.167907977177236, -3.649589388468091 ], [ -49.092549073085593, -4.547513515313242 ], [ -49.765414485466465, -4.989568640517402 ], [ -50.504602999911107, -4.53768872075356 ], [ -50.570253724275041, -3.643242505318724 ], [ -49.907527315050949, -3.196683192309397 ], [ -49.167907977177236, -3.649589388468091 ] ] ] ] } },
{ "type": "Feature", "properties": { "geogrid_id": "7304098186041443524", "seqnum": 4095.0, "lat_c": -4.0981863533582592, "lon_c": -41.443523951877744, "res": 7.0, "count_Insects": 119, "count_Amphibians": 12, "count_Arachnids": 24, "count_Flowering Plants": 232, "count_Birds": 70, "count_Mammals": 14, "count_Ferns": 4, "count_Reptiles": 48, "count_Sac Fungi": 1, "count_Basidiomycota": 8, "count_Molluscs": 3, "count_Mosses": 0, "count_Gymnosperms": 0, "unique_species_count": 535.0, "countryCode": "BR" }, "geometry": { "type": "MultiPolygon", "coordinates": [ [ [ [ -40.808890232825775, -3.643741606010018 ], [ -40.685892117002204, -4.547084998707078 ], [ -41.328660923429247, -5.000098105330293 ], [ -42.084032904441571, -4.55168289833234 ], [ -42.20029990190671, -3.647996888211946 ], [ -41.568828069518005, -3.19294454912761 ], [ -40.808890232825775, -3.643741606010018 ] ] ] ] } },
{ "type": "Feature", "properties": { "geogrid_id": "7304101800048427328", "seqnum": 3957.0, "lat_c": -4.1018004410825686, "lon_c": -48.427328235326776, "res": 7.0, "count_Insects": 1, "count_Amphibians": 0, "count_Arachnids": 5, "count_Flowering Plants": 4, "count_Birds": 9, "count_Mammals": 0, "count_Ferns": 0, "count_Reptiles": 5, "count_Sac Fungi": 0, "count_Basidiomycota": 0, "count_Molluscs": 0, "count_Mosses": 0, "count_Gymnosperms": 0, "unique_species_count": 24.0, "countryCode": "BR" }, "geometry": { "type": "MultiPolygon", "coordinates": [ [ [ [ -47.770154424295683, -3.652890483350286 ], [ -47.685556524140743, -4.553300870210556 ], [ -48.351662277334434, -4.998766934878555 ], [ -49.092549073085593, -4.547513515313242 ], [ -49.167907977177236, -3.649589388468091 ], [ -48.512754011622931, -3.200030124763436 ], [ -47.770154424295683, -3.652890483350286 ] ] ] ] } },
{ "type": "Feature", "properties": { "geogrid_id": "7304102057042838178", "seqnum": 4068.0, "lat_c": -4.1020566999732102, "lon_c": -42.83817835171179, "res": 7.0, "count_Insects": 14, "count_Amphibians": 3, "count_Arachnids": 5, "count_Flowering Plants": 44, "count_Birds": 10, "count_Mammals": 0, "count_Ferns": 1, "count_Reptiles": 5, "count_Sac Fungi": 1, "count_Basidiomycota": 1, "count_Molluscs": 0, "count_Mosses": 0, "count_Gymnosperms": 0, "unique_species_count": 84.0, "countryCode": "BR" }, "geometry": { "type": "MultiPolygon", "coordinates": [ [ [ [ -42.20029990190671, -3.647996888211946 ], [ -42.084032904441571, -4.55168289833234 ], [ -42.730318698026672, -5.004002816055085 ], [ -43.482339669787976, -4.554870366311204 ], [ -43.591441496273539, -3.651231664204497 ], [ -42.956649280694457, -3.196524147135441 ], [ -42.20029990190671, -3.647996888211946 ] ] ] ] } },
{ "type": "Feature", "properties": { "geogrid_id": "7304104630044233107", "seqnum": 4040.0, "lat_c": -4.1046299321768576, "lon_c": -44.233107221443355, "res": 7.0, "count_Insects": 41, "count_Amphibians": 2, "count_Arachnids": 9, "count_Flowering Plants": 52, "count_Birds": 44, "count_Mammals": 1, "count_Ferns": 0, "count_Reptiles": 15, "count_Sac Fungi": 0, "count_Basidiomycota": 0, "count_Molluscs": 0, "count_Mosses": 0, "count_Gymnosperms": 0, "unique_species_count": 164.0, "countryCode": "BR" }, "geometry": { "type": "MultiPolygon", "coordinates": [ [ [ [ -43.591441496273539, -3.651231664204497 ], [ -43.482339669787976, -4.554870366311204 ], [ -44.132651714746487, -5.006180129286971 ], [ -44.88148215204243, -4.556429794120232 ], [ -44.982941210138435, -3.653292081750195 ], [ -44.344233694876351, -3.199210442697385 ], [ -43.591441496273539, -3.651231664204497 ] ] ] ] } },
{ "type": "Feature", "properties": { "geogrid_id": "7304104900047026749", "seqnum": 3985.0, "lat_c": -4.1048996764299064, "lon_c": -47.026748846893149, "res": 7.0, "count_Insects": 48, "count_Amphibians": 4, "count_Arachnids": 10, "count_Flowering Plants": 93, "count_Birds": 32, "count_Mammals": 1, "count_Ferns": 0, "count_Reptiles": 9, "count_Sac Fungi": 0, "count_Basidiomycota": 1, "count_Molluscs": 0, "count_Mosses": 0, "count_Gymnosperms": 0, "unique_species_count": 198.0, "countryCode": "BR" }, "geometry": { "type": "MultiPolygon", "coordinates": [ [ [ [ -46.3755432335455, -3.653955388746539 ], [ -46.28224361186701, -4.556054239715779 ], [ -46.942390990465583, -5.00406433976698 ], [ -47.685556524140743, -4.553300870210556 ], [ -47.770154424295683, -3.652890483350286 ], [ -47.121406652436768, -3.201241707157329 ], [ -46.3755432335455, -3.653955388746539 ] ] ] ] } },
{ "type": "Feature", "properties": { "geogrid_id": "7304105684045629017", "seqnum": 4012.0, "lat_c": -4.1056843721446663, "lon_c": -45.629016773051539, "res": 7.0, "count_Insects": 43, "count_Amphibians": 4, "count_Arachnids": 10, "count_Flowering Plants": 57, "count_Birds": 14, "count_Mammals": 1, "count_Ferns": 1, "count_Reptiles": 9, "count_Sac Fungi": 0, "count_Basidiomycota": 1, "count_Molluscs": 0, "count_Mosses": 0, "count_Gymnosperms": 0, "unique_species_count": 140.0, "countryCode": "BR" }, "geometry": { "type": "MultiPolygon", "coordinates": [ [ [ [ -44.982941210138435, -3.653292081750195 ], [ -44.88148215204243, -4.556429794120232 ], [ -45.53639116443059, -5.006337809002896 ], [ -46.28224361186701, -4.556054239715779 ], [ -46.3755432335455, -3.653955388746539 ], [ -45.73222560506229, -3.20085609930414 ], [ -44.982941210138435, -3.653292081750195 ] ] ] ] } },
{ "type": "Feature", "properties": { "geogrid_id": "7304710930060571875", "seqnum": 3762.0, "lat_c": -4.7109302123413119, "lon_c": -60.57187454027266, "res": 7.0, "count_Insects": 22, "count_Amphibians": 1, "count_Arachnids": 4, "count_Flowering Plants": 23, "count_Birds": 125, "count_Mammals": 12, "count_Ferns": 0, "count_Reptiles": 21, "count_Sac Fungi": 0, "count_Basidiomycota": 0, "count_Molluscs": 0, "count_Mosses": 0, "count_Gymnosperms": 0, "unique_species_count": 208.0, "countryCode": "BR" }, "geometry": { "type": "MultiPolygon", "coordinates": [ [ [ [ -59.876055095505606, -4.434258924288263 ], [ -59.856918759532171, -5.319271750856108 ], [ -60.562782958620211, -5.614988418709449 ], [ -61.364262837632246, -5.151573766855769 ], [ -61.456355384103254, -4.394773563367768 ], [ -60.67678777052074, -3.971545345907169 ], [ -59.876055095505606, -4.434258924288263 ] ] ] ] } },
{ "type": "Feature", "properties": { "geogrid_id": "7304811003062231464", "seqnum": 3735.0, "lat_c": -4.8110029649089947, "lon_c": -62.231464070958658, "res": 7.0, "count_Insects": 2, "count_Amphibians": 3, "count_Arachnids": 1, "count_Flowering Plants": 5, "count_Birds": 9, "count_Mammals": 4, "count_Ferns": 1, "count_Reptiles": 12, "count_Sac Fungi": 2, "count_Basidiomycota": 0, "count_Molluscs": 0, "count_Mosses": 0, "count_Gymnosperms": 0, "unique_species_count": 39.0, "countryCode": "BR" }, "geometry": { "type": "MultiPolygon", "coordinates": [ [ [ [ -61.456355384103254, -4.394773563367768 ], [ -61.364262837632246, -5.151573766855769 ], [ -62.148671121660264, -5.578378481264251 ], [ -63.004459554060901, -5.223347038682348 ], [ -63.069785397097696, -4.438370099324177 ], [ -62.302289245652979, -4.03033764284042 ], [ -61.456355384103254, -4.394773563367768 ] ] ] ] } },
{ "type": "Feature", "properties": { "geogrid_id": "7304848959073257211", "seqnum": 3541.0, "lat_c": -4.848958646733176, "lon_c": -73.257210521472288, "res": 7.0, "count_Insects": 0, "count_Amphibians": 0, "count_Arachnids": 0, "count_Flowering Plants": 8, "count_Birds": 0, "count_Mammals": 0, "count_Ferns": 0, "count_Reptiles": 0, "count_Sac Fungi": 0, "count_Basidiomycota": 0, "count_Molluscs": 0, "count_Mosses": 0, "count_Gymnosperms": 0, "unique_species_count": 8.0, "countryCode": "BR" }, "geometry": { "type": "MultiPolygon", "coordinates": [ [ [ [ -72.480899996989777, -4.449122066669941 ], [ -72.467569313981699, -5.255527006941498 ], [ -73.244937392101264, -5.654525254422512 ], [ -74.035326895551336, -5.247834636432258 ], [ -74.044766648286497, -4.442138387502513 ], [ -73.267584521200064, -4.042368190381901 ], [ -72.480899996989777, -4.449122066669941 ] ] ] ] } },
{ "type": "Feature", "properties": { "geogrid_id": "7304855607071692056", "seqnum": 3569.0, "lat_c": -4.855606758224126, "lon_c": -71.6920556085621, "res": 7.0, "count_Insects": 2, "count_Amphibians": 0, "count_Arachnids": 0, "count_Flowering Plants": 8, "count_Birds": 0, "count_Mammals": 0, "count_Ferns": 0, "count_Reptiles": 0, "count_Sac Fungi": 0, "count_Basidiomycota": 0, "count_Molluscs": 0, "count_Mosses": 0, "count_Gymnosperms": 0, "unique_species_count": 10.0, "countryCode": "BR" }, "geometry": { "type": "MultiPolygon", "coordinates": [ [ [ [ -70.9182531186094, -4.454812764594354 ], [ -70.900446453836295, -5.261476797394455 ], [ -71.675274895618045, -5.661515765168748 ], [ -72.467569313981699, -5.255527006941498 ], [ -72.480899996989777, -4.449122066669941 ], [ -71.706243679503146, -4.048372290164655 ], [ -70.9182531186094, -4.454812764594354 ] ] ] ] } },
{ "type": "Feature", "properties": { "geogrid_id": "7304858776065421135", "seqnum": 3679.0, "lat_c": -4.8587761243449661, "lon_c": -65.421135296673768, "res": 7.0, "count_Insects": 19, "count_Amphibians": 0, "count_Arachnids": 0, "count_Flowering Plants": 46, "count_Birds": 1, "count_Mammals": 0, "count_Ferns": 0, "count_Reptiles": 0, "count_Sac Fungi": 0, "count_Basidiomycota": 0, "count_Molluscs": 0, "count_Mosses": 0, "count_Gymnosperms": 0, "unique_species_count": 66.0, "countryCode": "BR" }, "geometry": { "type": "MultiPolygon", "coordinates": [ [ [ [ -64.654598636364028, -4.454460460761978 ], [ -64.605622101007853, -5.251125254075723 ], [ -65.374693238322166, -5.656196051253554 ], [ -66.188905469215683, -5.262521786275096 ], [ -66.22671694411963, -4.46026867288478 ], [ -65.460533698324539, -4.056503342596089 ], [ -64.654598636364028, -4.454460460761978 ] ] ] ] } },
{ "type": "Feature", "properties": { "geogrid_id": "7304860607070127381", "seqnum": 3596.0, "lat_c": -4.8606072654945391, "lon_c": -70.127381250747888, "res": 7.0, "count_Insects": 184, "count_Amphibians": 40, "count_Arachnids": 31, "count_Flowering Plants": 48, "count_Birds": 221, "count_Mammals": 25, "count_Ferns": 0, "count_Reptiles": 41, "count_Sac Fungi": 3, "count_Basidiomycota": 3, "count_Molluscs": 0, "count_Mosses": 0, "count_Gymnosperms": 0, "unique_species_count": 596.0, "countryCode": "BR" }, "geometry": { "type": "MultiPolygon", "coordinates": [ [ [ [ -69.355942362322196, -4.458955649058534 ], [ -69.332847235528178, -5.265263397720073 ], [ -70.105351886373086, -5.666274681118851 ], [ -70.900446453836295, -5.261476797394455 ], [ -70.9182531186094, -4.454812764594354 ], [ -70.146014430191471, -4.053191443134205 ], [ -69.355942362322196, -4.458955649058534 ] ] ] ] } },
{ "type": "Feature", "properties": { "geogrid_id": "7304863491066994223", "seqnum": 3652.0, "lat_c": -4.863490846866215, "lon_c": -66.994222746791209, "res": 7.0, "count_Insects": 6, "count_Amphibians": 0, "count_Arachnids": 0, "count_Flowering Plants": 40, "count_Birds": 7, "count_Mammals": 1, "count_Ferns": 0, "count_Reptiles": 5, "count_Sac Fungi": 0, "count_Basidiomycota": 0, "count_Molluscs": 0, "count_Mosses": 0, "count_Gymnosperms": 0, "unique_species_count": 59.0, "countryCode": "BR" }, "geometry": { "type": "MultiPolygon", "coordinates": [ [ [ [ -66.22671694411963, -4.46026867288478 ], [ -66.188905469215683, -5.262521786275096 ], [ -66.958051595105402, -5.665659616908086 ], [ -67.763173256915962, -5.266118393345594 ], [ -67.792731966180455, -4.461083422827888 ], [ -67.024862686682283, -4.058013776115487 ], [ -66.22671694411963, -4.46026867288478 ] ] ] ] } },
{ "type": "Feature", "properties": { "geogrid_id": "7305002021059143608", "seqnum": 3790.0, "lat_c": -5.0020206716827769, "lon_c": -59.143608212463306, "res": 7.0, "count_Insects": 20, "count_Amphibians": 1, "count_Arachnids": 1, "count_Flowering Plants": 10, "count_Birds": 0, "count_Mammals": 2, "count_Ferns": 1, "count_Reptiles": 3, "count_Sac Fungi": 0, "count_Basidiomycota": 0, "count_Molluscs": 0, "count_Mosses": 0, "count_Gymnosperms": 0, "unique_species_count": 38.0, "countryCode": "BR" }, "geometry": { "type": "MultiPolygon", "coordinates": [ [ [ [ -58.425558290882151, -4.664000650608113 ], [ -58.398370943376825, -5.527490464542716 ], [ -59.118152119975719, -5.870606288917099 ], [ -59.856918759532171, -5.319271750856108 ], [ -59.876055095505606, -4.434258924288263 ], [ -59.168318996358884, -4.130288874503374 ], [ -58.425558290882151, -4.664000650608113 ] ] ] ] } },
{ "type": "Feature", "properties": { "geogrid_id": "7305168004057677642", "seqnum": 3818.0, "lat_c": -5.1680037173925797, "lon_c": -57.677642116374905, "res": 7.0, "count_Insects": 8, "count_Amphibians": 0, "count_Arachnids": 0, "count_Flowering Plants": 1, "count_Birds": 63, "count_Mammals": 4, "count_Ferns": 0, "count_Reptiles": 3, "count_Sac Fungi": 0, "count_Basidiomycota": 2, "count_Molluscs": 0, "count_Mosses": 0, "count_Gymnosperms": 0, "unique_species_count": 81.0, "countryCode": "BR" }, "geometry": { "type": "MultiPolygon", "coordinates": [ [ [ [ -56.958029990318593, -4.793042939115866 ], [ -56.929097496696571, -5.656000072675948 ], [ -57.649559259286079, -6.030074260837039 ], [ -58.398370943376825, -5.527490464542716 ], [ -58.425558290882151, -4.664000650608113 ], [ -57.705639136144235, -4.306224840436459 ], [ -56.958029990318593, -4.793042939115866 ] ] ] ] } },
{ "type": "Feature", "properties": { "geogrid_id": "7305269371056211306", "seqnum": 3845.0, "lat_c": -5.2693712943879136, "lon_c": -56.211306479027598, "res": 7.0, "count_Insects": 19, "count_Amphibians": 4, "count_Arachnids": 3, "count_Flowering Plants": 7, "count_Birds": 73, "count_Mammals": 6, "count_Ferns": 0, "count_Reptiles": 7, "count_Sac Fungi": 1, "count_Basidiomycota": 0, "count_Molluscs": 1, "count_Mosses": 1, "count_Gymnosperms": 0, "unique_species_count": 122.0, "countryCode": "BR" }, "geometry": { "type": "MultiPolygon", "coordinates": [ [ [ [ -55.497704670758338, -4.871024026665879 ], [ -55.46541125213534, -5.739382564316746 ], [ -56.180948497904176, -6.13443363397558 ], [ -56.929097496696571, -5.656000072675948 ], [ -56.958029990318593, -4.793042939115866 ], [ -56.241626043278515, -4.403633846472076 ], [ -55.497704670758338, -4.871024026665879 ] ] ] ] } },
{ "type": "Feature", "properties": { "geogrid_id": "7305334551054754509", "seqnum": 3873.0, "lat_c": -5.334551374314854, "lon_c": -54.754509240813242, "res": 7.0, "count_Insects": 2, "count_Amphibians": 0, "count_Arachnids": 2, "count_Flowering Plants": 1, "count_Birds": 3, "count_Mammals": 1, "count_Ferns": 0, "count_Reptiles": 2, "count_Sac Fungi": 0, "count_Basidiomycota": 0, "count_Molluscs": 0, "count_Mosses": 0, "count_Gymnosperms": 0, "unique_species_count": 11.0, "countryCode": "BR" }, "geometry": { "type": "MultiPolygon", "coordinates": [ [ [ [ -54.049357548418158, -4.920669920880394 ], [ -54.011519929464647, -5.795472749885623 ], [ -54.719964211905513, -6.205244106549642 ], [ -55.46541125213534, -5.739382564316746 ], [ -55.497704670758338, -4.871024026665879 ], [ -54.789793260080209, -4.46186092959503 ], [ -54.049357548418158, -4.920669920880394 ] ] ] ] } },
{ "type": "Feature", "properties": { "geogrid_id": "7305360513029287854", "seqnum": 4371.0, "lat_c": -5.360512573852084, "lon_c": -29.287854058000523, "res": 7.0, "count_Insects": 0, "count_Amphibians": 0, "count_Arachnids": 0, "count_Flowering Plants": 0, "count_Birds": 0, "count_Mammals": 1, "count_Ferns": 0, "count_Reptiles": 1, "count_Sac Fungi": 0, "count_Basidiomycota": 0, "count_Molluscs": 0, "count_Mosses": 0, "count_Gymnosperms": 0, "unique_species_count": 2.0, "countryCode": "BR" }, "geometry": { "type": "MultiPolygon", "coordinates": [ [ [ [ -28.65752940428105, -4.909281322263955 ], [ -28.497936584371566, -5.795541635632089 ], [ -29.132893185913282, -6.246949660851793 ], [ -29.920985673895114, -5.812148854922079 ], [ -30.075515402325426, -4.923513590430685 ], [ -29.447425668436384, -4.471993421322352 ], [ -28.65752940428105, -4.909281322263955 ] ] ] ] } },
{ "type": "Feature", "properties": { "geogrid_id": "7305375415030706629", "seqnum": 4343.0, "lat_c": -5.375415403619626, "lon_c": -30.706628669705026, "res": 7.0, "count_Insects": 0, "count_Amphibians": 0, "count_Arachnids": 0, "count_Flowering Plants": 0, "count_Birds": 2, "count_Mammals": 2, "count_Ferns": 0, "count_Reptiles": 0, "count_Sac Fungi": 0, "count_Basidiomycota": 0, "count_Molluscs": 0, "count_Mosses": 0, "count_Gymnosperms": 0, "unique_species_count": 4.0, "countryCode": "BR" }, "geometry": { "type": "MultiPolygon", "coordinates": [ [ [ [ -30.075515402325426, -4.923513590430685 ], [ -29.920985673895114, -5.812148854922079 ], [ -30.556956212929638, -6.264087887461656 ], [ -31.340791681408049, -5.827591681024681 ], [ -31.490108423086049, -4.936796666713021 ], [ -30.861232485200468, -4.484592356046868 ], [ -30.075515402325426, -4.923513590430685 ] ] ] ] } },
{ "type": "Feature", "properties": { "geogrid_id": "7305377961053308735", "seqnum": 3901.0, "lat_c": -5.3779610611278654, "lon_c": -53.308734627310123, "res": 7.0, "count_Insects": 24, "count_Amphibians": 3, "count_Arachnids": 1, "count_Flowering Plants": 1, "count_Birds": 12, "count_Mammals": 1, "count_Ferns": 0, "count_Reptiles": 4, "count_Sac Fungi": 0, "count_Basidiomycota": 0, "count_Molluscs": 0, "count_Mosses": 0, "count_Gymnosperms": 0, "unique_species_count": 46.0, "countryCode": "BR" }, "geometry": { "type": "MultiPolygon", "coordinates": [ [ [ [ -52.612434292953928, -4.953333829615676 ], [ -52.56755499524688, -5.834067510972472 ], [ -53.268303498051687, -6.254486571703911 ], [ -54.011519929464647, -5.795472749885623 ], [ -54.049357548418158, -4.920669920880394 ], [ -53.351042782657522, -4.49850250761031 ], [ -52.612434292953928, -4.953333829615676 ] ] ] ] } },
{ "type": "Feature", "properties": { "geogrid_id": "7305389250032122264", "seqnum": 4316.0, "lat_c": -5.3892503067085276, "lon_c": -32.122264238932296, "res": 7.0, "count_Insects": 0, "count_Amphibians": 0, "count_Arachnids": 0, "count_Flowering Plants": 0, "count_Birds": 0, "count_Mammals": 1, "count_Ferns": 0, "count_Reptiles": 0, "count_Sac Fungi": 0, "count_Basidiomycota": 0, "count_Molluscs": 0, "count_Mosses": 0, "count_Gymnosperms": 0, "unique_species_count": 1.0, "countryCode": "BR" }, "geometry": { "type": "MultiPolygon", "coordinates": [ [ [ [ -31.490108423086049, -4.936796666713021 ], [ -31.340791681408049, -5.827591681024681 ], [ -31.978030351359831, -6.279933459790532 ], [ -32.757719370503402, -5.841838638201306 ], [ -32.901657818112724, -4.94910838970933 ], [ -32.271736377954859, -4.496337304789082 ], [ -31.490108423086049, -4.936796666713021 ] ] ] ] } },
{ "type": "Feature", "properties": { "geogrid_id": "7305401987033535124", "seqnum": 4288.0, "lat_c": -5.4019866132498731, "lon_c": -33.535123891607, "res": 7.0, "count_Insects": 0, "count_Amphibians": 0, "count_Arachnids": 0, "count_Flowering Plants": 0, "count_Birds": 2, "count_Mammals": 1, "count_Ferns": 0, "count_Reptiles": 0, "count_Sac Fungi": 0, "count_Basidiomycota": 0, "count_Molluscs": 0, "count_Mosses": 0, "count_Gymnosperms": 0, "unique_species_count": 3.0, "countryCode": "BR" }, "geometry": { "type": "MultiPolygon", "coordinates": [ [ [ [ -32.901657818112724, -4.94910838970933 ], [ -32.757719370503402, -5.841838638201306 ], [ -33.396492675532684, -6.294445105579271 ], [ -34.172146097429881, -5.854848825749763 ], [ -34.310524443835781, -4.960419332517893 ], [ -33.679282468490335, -4.507207542886526 ], [ -32.901657818112724, -4.94910838970933 ] ] ] ] } },
{ "type": "Feature", "properties": { "geogrid_id": "7305407438051872947", "seqnum": 3928.0, "lat_c": -5.4074377937043048, "lon_c": -51.872947273802772, "res": 7.0, "count_Insects": 0, "count_Amphibians": 0, "count_Arachnids": 0, "count_Flowering Plants": 0, "count_Birds": 10, "count_Mammals": 0, "count_Ferns": 0, "count_Reptiles": 0, "count_Sac Fungi": 0, "count_Basidiomycota": 0, "count_Molluscs": 0, "count_Mosses": 0, "count_Gymnosperms": 0, "unique_species_count": 10.0, "countryCode": "BR" }, "geometry": { "type": "MultiPolygon", "coordinates": [ [ [ [ -51.185098732077975, -4.975130901026774 ], [ -51.132356928560085, -5.860858201884084 ], [ -51.825519772125553, -6.28917434760255 ], [ -52.56755499524688, -5.834067510972472 ], [ -52.612434292953928, -4.953333829615676 ], [ -51.92341657810158, -4.522233388394788 ], [ -51.185098732077975, -4.975130901026774 ] ] ] ] } },
{ "type": "Feature", "properties": { "geogrid_id": "7305413584034945585", "seqnum": 4260.0, "lat_c": -5.4135842636271896, "lon_c": -34.945584870108334, "res": 7.0, "count_Insects": 241, "count_Amphibians": 20, "count_Arachnids": 55, "count_Flowering Plants": 328, "count_Birds": 174, "count_Mammals": 28, "count_Ferns": 1, "count_Reptiles": 51, "count_Sac Fungi": 2, "count_Basidiomycota": 11, "count_Molluscs": 75, "count_Mosses": 1, "count_Gymnosperms": 0, "unique_species_count": 987.0, "countryCode": "BR" }, "geometry": { "type": "MultiPolygon", "coordinates": [ [ [ [ -34.310524443835781, -4.960419332517893 ], [ -34.172146097429881, -5.854848825749763 ], [ -34.81273501005407, -6.307569822119395 ], [ -35.584465880754493, -5.866569437223086 ], [ -35.717084787855875, -4.970690806079182 ], [ -35.084228443005621, -4.517175359426933 ], [ -34.310524443835781, -4.960419332517893 ] ] ] ] } },
{ "type": "Feature", "properties": { "geogrid_id": "7305423991036354043", "seqnum": 4233.0, "lat_c": -5.4239911971752122, "lon_c": -36.354043069457198, "res": 7.0, "count_Insects": 93, "count_Amphibians": 18, "count_Arachnids": 22, "count_Flowering Plants": 150, "count_Birds": 211, "count_Mammals": 22, "count_Ferns": 0, "count_Reptiles": 41, "count_Sac Fungi": 1, "count_Basidiomycota": 1, "count_Molluscs": 3, "count_Mosses": 0, "count_Gymnosperms": 0, "unique_species_count": 562.0, "countryCode": "BR" }, "geometry": { "type": "MultiPolygon", "coordinates": [ [ [ [ -35.717084787855875, -4.970690806079182 ], [ -35.584465880754493, -5.866569437223086 ], [ -36.22716826534203, -6.319239760362458 ], [ -36.995094296468018, -5.876932420331353 ], [ -37.121736027630433, -4.979872133906128 ], [ -36.486949073445949, -4.526204025845162 ], [ -35.717084787855875, -4.970690806079182 ] ] ] ] } },
{ "type": "Feature", "properties": { "geogrid_id": "7305427504050445499", "seqnum": 3956.0, "lat_c": -5.4275038101638158, "lon_c": -50.445499370668983, "res": 7.0, "count_Insects": 630, "count_Amphibians": 25, "count_Arachnids": 43, "count_Flowering Plants": 163, "count_Birds": 309, "count_Mammals": 34, "count_Ferns": 7, "count_Reptiles": 56, "count_Sac Fungi": 9, "count_Basidiomycota": 17, "count_Molluscs": 4, "count_Mosses": 1, "count_Gymnosperms": 0, "unique_species_count": 1298.0, "countryCode": "BR" }, "geometry": { "type": "MultiPolygon", "coordinates": [ [ [ [ -49.765414485466465, -4.989568640517402 ], [ -49.704463909314825, -5.879314482384348 ], [ -50.390465097057024, -6.313605363103289 ], [ -51.132356928560085, -5.860858201884084 ], [ -51.185098732077975, -4.975130901026774 ], [ -50.504602999911107, -4.53768872075356 ], [ -49.765414485466465, -4.989568640517402 ] ] ] ] } },
{ "type": "Feature", "properties": { "geogrid_id": "7305433140037760919", "seqnum": 4205.0, "lat_c": -5.4331397908453667, "lon_c": -37.76091857855441, "res": 7.0, "count_Insects": 110, "count_Amphibians": 12, "count_Arachnids": 20, "count_Flowering Plants": 226, "count_Birds": 108, "count_Mammals": 13, "count_Ferns": 1, "count_Reptiles": 29, "count_Sac Fungi": 0, "count_Basidiomycota": 11, "count_Molluscs": 9, "count_Mosses": 0, "count_Gymnosperms": 0, "unique_species_count": 539.0, "countryCode": "BR" }, "geometry": { "type": "MultiPolygon", "coordinates": [ [ [ [ -37.121736027630433, -4.979872133906128 ], [ -36.995094296468018, -5.876932420331353 ], [ -37.640227622451519, -6.329368033137918 ], [ -38.404474422804512, -5.885849925158982 ], [ -38.524902311763299, -4.987896882446882 ], [ -37.887841851466384, -4.534244983952361 ], [ -37.121736027630433, -4.979872133906128 ] ] ] ] } },
{ "type": "Feature", "properties": { "geogrid_id": "7305440903049024744", "seqnum": 3984.0, "lat_c": -5.4409033261208242, "lon_c": -49.024744399352464, "res": 7.0, "count_Insects": 98, "count_Amphibians": 7, "count_Arachnids": 11, "count_Flowering Plants": 79, "count_Birds": 148, "count_Mammals": 7, "count_Ferns": 0, "count_Reptiles": 22, "count_Sac Fungi": 1, "count_Basidiomycota": 7, "count_Molluscs": 7, "count_Mosses": 0, "count_Gymnosperms": 0, "unique_species_count": 387.0, "countryCode": "BR" }, "geometry": { "type": "MultiPolygon", "coordinates": [ [ [ [ -48.351662277334434, -4.998766934878555 ], [ -48.282455340348776, -5.891640681053461 ], [ -48.961842333985238, -6.330520303673846 ], [ -49.704463909314825, -5.879314482384348 ], [ -49.765414485466465, -4.989568640517402 ], [ -49.092549073085593, -4.547513515313242 ], [ -48.351662277334434, -4.998766934878555 ] ] ] ] } },
{ "type": "Feature", "properties": { "geogrid_id": "7305440942039166663", "seqnum": 4177.0, "lat_c": -5.4409419366565581, "lon_c": -39.166662520325218, "res": 7.0, "count_Insects": 123, "count_Amphibians": 11, "count_Arachnids": 5, "count_Flowering Plants": 115, "count_Birds": 107, "count_Mammals": 7, "count_Ferns": 1, "count_Reptiles": 16, "count_Sac Fungi": 16, "count_Basidiomycota": 13, "count_Molluscs": 1, "count_Mosses": 0, "count_Gymnosperms": 0, "unique_species_count": 415.0, "countryCode": "BR" }, "geometry": { "type": "MultiPolygon", "coordinates": [ [ [ [ -38.524902311763299, -4.987896882446882 ], [ -38.404474422804512, -5.885849925158982 ], [ -39.052378777346163, -6.337843007108308 ], [ -39.813084116842646, -5.893208017215249 ], [ -39.927042649768346, -4.994677568656411 ], [ -39.287334106753299, -4.541233895388851 ], [ -38.524902311763299, -4.987896882446882 ] ] ] ] } },
{ "type": "Feature", "properties": { "geogrid_id": "7305447282040571766", "seqnum": 4150.0, "lat_c": -5.4472821354485772, "lon_c": -40.571765570622603, "res": 7.0, "count_Insects": 38, "count_Amphibians": 5, "count_Arachnids": 20, "count_Flowering Plants": 45, "count_Birds": 40, "count_Mammals": 3, "count_Ferns": 0, "count_Reptiles": 14, "count_Sac Fungi": 0, "count_Basidiomycota": 0, "count_Molluscs": 8, "count_Mosses": 0, "count_Gymnosperms": 0, "unique_species_count": 173.0, "countryCode": "BR" }, "geometry": { "type": "MultiPolygon", "coordinates": [ [ [ [ -39.927042649768346, -4.994677568656411 ], [ -39.813084116842646, -5.893208017215249 ], [ -40.464125496373676, -6.34452042489539 ], [ -41.221444971948245, -5.898857863628849 ], [ -41.328660923429247, -5.000098105330293 ], [ -40.685892117002204, -4.547084998707078 ], [ -39.927042649768346, -4.994677568656411 ] ] ] ] } },
{ "type": "Feature", "properties": { "geogrid_id": "7305449374047609214", "seqnum": 4011.0, "lat_c": -5.4493740783049134, "lon_c": -47.609214321877417, "res": 7.0, "count_Insects": 107, "count_Amphibians": 7, "count_Arachnids": 21, "count_Flowering Plants": 107, "count_Birds": 116, "count_Mammals": 12, "count_Ferns": 1, "count_Reptiles": 20, "count_Sac Fungi": 1, "count_Basidiomycota": 2, "count_Molluscs": 1, "count_Mosses": 0, "count_Gymnosperms": 0, "unique_species_count": 395.0, "countryCode": "BR" }, "geometry": { "type": "MultiPolygon", "coordinates": [ [ [ [ -46.942390990465583, -5.00406433976698 ], [ -46.86505681900875, -5.899287601522508 ], [ -47.538409203822496, -6.341727940009666 ], [ -48.282455340348776, -5.891640681053461 ], [ -48.351662277334434, -4.998766934878555 ], [ -47.685556524140743, -4.553300870210556 ], [ -46.942390990465583, -5.00406433976698 ] ] ] ] } },
{ "type": "Feature", "properties": { "geogrid_id": "7305452008041976769", "seqnum": 4122.0, "lat_c": -5.4520076458187923, "lon_c": -41.97676864154279, "res": 7.0, "count_Insects": 165, "count_Amphibians": 3, "count_Arachnids": 10, "count_Flowering Plants": 42, "count_Birds": 46, "count_Mammals": 8, "count_Ferns": 0, "count_Reptiles": 19, "count_Sac Fungi": 0, "count_Basidiomycota": 1, "count_Molluscs": 2, "count_Mosses": 0, "count_Gymnosperms": 0, "unique_species_count": 296.0, "countryCode": "BR" }, "geometry": { "type": "MultiPolygon", "coordinates": [ [ [ [ -41.328660923429247, -5.000098105330293 ], [ -41.221444971948245, -5.898857863628849 ], [ -41.876018771776387, -6.349212370130289 ], [ -42.630133373809414, -5.902603171603405 ], [ -42.730318698026672, -5.004002816055085 ], [ -42.084032904441571, -4.55168289833234 ], [ -41.328660923429247, -5.000098105330293 ] ] ] ] } },
{ "type": "Feature", "properties": { "geogrid_id": "7305454057046197648", "seqnum": 4039.0, "lat_c": -5.4540569933878507, "lon_c": -46.197648305798182, "res": 7.0, "count_Insects": 9, "count_Amphibians": 0, "count_Arachnids": 2, "count_Flowering Plants": 3, "count_Birds": 15, "count_Mammals": 0, "count_Ferns": 0, "count_Reptiles": 1, "count_Sac Fungi": 0, "count_Basidiomycota": 0, "count_Molluscs": 0, "count_Mosses": 0, "count_Gymnosperms": 0, "unique_species_count": 30.0, "countryCode": "BR" }, "geometry": { "type": "MultiPolygon", "coordinates": [ [ [ [ -45.53639116443059, -5.006337809002896 ], [ -45.451157044830289, -5.903239531697697 ], [ -46.119043535760731, -6.348458036929974 ], [ -46.86505681900875, -5.899287601522508 ], [ -46.942390990465583, -5.00406433976698 ], [ -46.28224361186701, -4.556054239715779 ], [ -45.53639116443059, -5.006337809002896 ] ] ] ] } },
{ "type": "Feature", "properties": { "geogrid_id": "7305454914043382276", "seqnum": 4094.0, "lat_c": -5.4549141718045568, "lon_c": -43.382276334799421, "res": 7.0, "count_Insects": 149, "count_Amphibians": 10, "count_Arachnids": 23, "count_Flowering Plants": 153, "count_Birds": 125, "count_Mammals": 12, "count_Ferns": 1, "count_Reptiles": 34, "count_Sac Fungi": 0, "count_Basidiomycota": 5, "count_Molluscs": 7, "count_Mosses": 0, "count_Gymnosperms": 0, "unique_species_count": 519.0, "countryCode": "BR" }, "geometry": { "type": "MultiPolygon", "coordinates": [ [ [ [ -42.730318698026672, -5.004002816055085 ], [ -42.630133373809414, -5.902603171603405 ], [ -43.288667879520411, -6.351671555142985 ], [ -44.039794120861117, -5.904181955709383 ], [ -44.132651714746487, -5.006180129286971 ], [ -43.482339669787976, -4.554870366311204 ], [ -42.730318698026672, -5.004002816055085 ] ] ] ] } },
{ "type": "Feature", "properties": { "geogrid_id": "7305455725044788974", "seqnum": 4067.0, "lat_c": -5.4557246389498504, "lon_c": -44.788973880723468, "res": 7.0, "count_Insects": 38, "count_Amphibians": 4, "count_Arachnids": 4, "count_Flowering Plants": 44, "count_Birds": 18, "count_Mammals": 2, "count_Ferns": 0, "count_Reptiles": 1, "count_Sac Fungi": 0, "count_Basidiomycota": 1, "count_Molluscs": 3, "count_Mosses": 0, "count_Gymnosperms": 0, "unique_species_count": 115.0, "countryCode": "BR" }, "geometry": { "type": "MultiPolygon", "coordinates": [ [ [ [ -44.132651714746487, -5.006180129286971 ], [ -44.039794120861117, -5.904181955709383 ], [ -44.702753587101569, -6.351568540325012 ], [ -45.451157044830289, -5.903239531697697 ], [ -45.53639116443059, -5.006337809002896 ], [ -44.88148215204243, -4.556429794120232 ], [ -44.132651714746487, -5.006180129286971 ] ] ] ] } },
{ "type": "Feature", "properties": { "geogrid_id": "7305888654061258700", "seqnum": 3789.0, "lat_c": -5.8886540766482263, "lon_c": -61.258699690312469, "res": 7.0, "count_Insects": 3, "count_Amphibians": 1, "count_Arachnids": 1, "count_Flowering Plants": 3, "count_Birds": 13, "count_Mammals": 1, "count_Ferns": 0, "count_Reptiles": 1, "count_Sac Fungi": 1, "count_Basidiomycota": 0, "count_Molluscs": 0, "count_Mosses": 0, "count_Gymnosperms": 1, "unique_species_count": 25.0, "countryCode": "BR" }, "geometry": { "type": "MultiPolygon", "coordinates": [ [ [ [ -60.562782958620211, -5.614988418709449 ], [ -60.546911814812304, -6.504835325809123 ], [ -61.252132436719549, -6.794866921809704 ], [ -62.054336499278456, -6.330695500715453 ], [ -62.148671121660264, -5.578378481264251 ], [ -61.364262837632246, -5.151573766855769 ], [ -60.562782958620211, -5.614988418709449 ] ] ] ] } },
{ "type": "Feature", "properties": { "geogrid_id": "7305997704062928862", "seqnum": 3761.0, "lat_c": -5.9977043499480027, "lon_c": -62.92886168845893, "res": 7.0, "count_Insects": 12, "count_Amphibians": 14, "count_Arachnids": 4, "count_Flowering Plants": 1, "count_Birds": 56, "count_Mammals": 6, "count_Ferns": 0, "count_Reptiles": 20, "count_Sac Fungi": 0, "count_Basidiomycota": 0, "count_Molluscs": 0, "count_Mosses": 0, "count_Gymnosperms": 0, "unique_species_count": 113.0, "countryCode": "BR" }, "geometry": { "type": "MultiPolygon", "coordinates": [ [ [ [ -62.148671121660264, -5.578378481264251 ], [ -62.054336499278456, -6.330695500715453 ], [ -62.843261926173042, -6.760087515067383 ], [ -63.706883191917335, -6.412456833348873 ], [ -63.776616062881132, -5.633213388223666 ], [ -63.004459554060901, -5.223347038682348 ], [ -62.148671121660264, -5.578378481264251 ] ] ] ] } },
{ "type": "Feature", "properties": { "geogrid_id": "7306041309064548711", "seqnum": 3734.0, "lat_c": -6.0413089904729533, "lon_c": -64.548711002645291, "res": 7.0, "count_Insects": 3, "count_Amphibians": 0, "count_Arachnids": 0, "count_Flowering Plants": 0, "count_Birds": 22, "count_Mammals": 1, "count_Ferns": 0, "count_Reptiles": 1, "count_Sac Fungi": 0, "count_Basidiomycota": 0, "count_Molluscs": 0, "count_Mosses": 0, "count_Gymnosperms": 0, "unique_species_count": 27.0, "countryCode": "BR" }, "geometry": { "type": "MultiPolygon", "coordinates": [ [ [ [ -63.776616062881132, -5.633213388223666 ], [ -63.706883191917335, -6.412456833348873 ], [ -64.483968190758461, -6.824117476608941 ], [ -65.321266567519388, -6.448012696938425 ], [ -65.374693238322166, -5.656196051253554 ], [ -64.605622101007853, -5.251125254075723 ], [ -63.776616062881132, -5.633213388223666 ] ] ] ] } },
{ "type": "Feature", "properties": { "geogrid_id": "7306060482066144875", "seqnum": 3706.0, "lat_c": -6.0604820104588377, "lon_c": -66.144874931212172, "res": 7.0, "count_Insects": 0, "count_Amphibians": 0, "count_Arachnids": 0, "count_Flowering Plants": 1, "count_Birds": 0, "count_Mammals": 0, "count_Ferns": 0, "count_Reptiles": 0, "count_Sac Fungi": 0, "count_Basidiomycota": 0, "count_Molluscs": 0, "count_Mosses": 0, "count_Gymnosperms": 0, "unique_species_count": 1.0, "countryCode": "BR" }, "geometry": { "type": "MultiPolygon", "coordinates": [ [ [ [ -65.374693238322166, -5.656196051253554 ], [ -65.321266567519388, -6.448012696938425 ], [ -66.094663241377688, -6.853533861492246 ], [ -66.916369036977216, -6.463995820215701 ], [ -66.958051595105402, -5.665659616908086 ], [ -66.188905469215683, -5.262521786275096 ], [ -65.374693238322166, -5.656196051253554 ] ] ] ] } },
{ "type": "Feature", "properties": { "geogrid_id": "7306066499070879659", "seqnum": 3623.0, "lat_c": -6.0664986884258623, "lon_c": -70.879658652183281, "res": 7.0, "count_Insects": 0, "count_Amphibians": 1, "count_Arachnids": 0, "count_Flowering Plants": 0, "count_Birds": 0, "count_Mammals": 33, "count_Ferns": 0, "count_Reptiles": 0, "count_Sac Fungi": 0, "count_Basidiomycota": 0, "count_Molluscs": 0, "count_Mosses": 0, "count_Gymnosperms": 0, "unique_species_count": 34.0, "countryCode": "BR" }, "geometry": { "type": "MultiPolygon", "coordinates": [ [ [ [ -70.105351886373086, -5.666274681118851 ], [ -70.079922223010513, -6.469909983150322 ], [ -70.855883591518577, -6.869632535083366 ], [ -71.655895063854231, -6.465882909659298 ], [ -71.675274895618045, -5.661515765168748 ], [ -70.900446453836295, -5.261476797394455 ], [ -70.105351886373086, -5.666274681118851 ] ] ] ] } },
{ "type": "Feature", "properties": { "geogrid_id": "7306068147067728710", "seqnum": 3678.0, "lat_c": -6.0681468883921417, "lon_c": -67.728710455819794, "res": 7.0, "count_Insects": 2, "count_Amphibians": 1, "count_Arachnids": 2, "count_Flowering Plants": 25, "count_Birds": 5, "count_Mammals": 1, "count_Ferns": 0, "count_Reptiles": 1, "count_Sac Fungi": 1, "count_Basidiomycota": 0, "count_Molluscs": 0, "count_Mosses": 0, "count_Gymnosperms": 0, "unique_species_count": 38.0, "countryCode": "BR" }, "geometry": { "type": "MultiPolygon", "coordinates": [ [ [ [ -66.958051595105402, -5.665659616908086 ], [ -66.916369036977216, -6.463995820215701 ], [ -67.689353943066578, -6.866728453881727 ], [ -68.5010154081303, -6.469937531723592 ], [ -68.533691121568722, -5.668099289057129 ], [ -67.763173256915962, -5.266118393345594 ], [ -66.958051595105402, -5.665659616908086 ] ] ] ] } },
{ "type": "Feature", "properties": { "geogrid_id": "7306069381069305900", "seqnum": 3651.0, "lat_c": -6.0693809101628036, "lon_c": -69.305899524021825, "res": 7.0, "count_Insects": 0, "count_Amphibians": 1, "count_Arachnids": 0, "count_Flowering Plants": 23, "count_Birds": 0, "count_Mammals": 41, "count_Ferns": 0, "count_Reptiles": 0, "count_Sac Fungi": 0, "count_Basidiomycota": 0, "count_Molluscs": 0, "count_Mosses": 0, "count_Gymnosperms": 0, "unique_species_count": 65.0, "countryCode": "BR" }, "geometry": { "type": "MultiPolygon", "coordinates": [ [ [ [ -68.533691121568722, -5.668099289057129 ], [ -68.5010154081303, -6.469937531723592 ], [ -69.275097743614964, -6.870983031342525 ], [ -70.079922223010513, -6.469909983150322 ], [ -70.105351886373086, -5.666274681118851 ], [ -69.332847235528178, -5.265263397720073 ], [ -68.533691121568722, -5.668099289057129 ] ] ] ] } },
{ "type": "Feature", "properties": { "geogrid_id": "7306196593059834976", "seqnum": 3817.0, "lat_c": -6.196592644268728, "lon_c": -59.834975776252094, "res": 7.0, "count_Insects": 1, "count_Amphibians": 0, "count_Arachnids": 1, "count_Flowering Plants": 0, "count_Birds": 0, "count_Mammals": 2, "count_Ferns": 0, "count_Reptiles": 3, "count_Sac Fungi": 0, "count_Basidiomycota": 0, "count_Molluscs": 0, "count_Mosses": 0, "count_Gymnosperms": 1, "unique_species_count": 8.0, "countryCode": "BR" }, "geometry": { "type": "MultiPolygon", "coordinates": [ [ [ [ -59.118152119975719, -5.870606288917099 ], [ -59.092426180428198, -6.737597096307947 ], [ -59.811844413328735, -7.069775928707307 ], [ -60.546911814812304, -6.504835325809123 ], [ -60.562782958620211, -5.614988418709449 ], [ -59.856918759532171, -5.319271750856108 ], [ -59.118152119975719, -5.870606288917099 ] ] ] ] } },
{ "type": "Feature", "properties": { "geogrid_id": "7306390833058371171", "seqnum": 3844.0, "lat_c": -6.3908328623328696, "lon_c": -58.371171276836662, "res": 7.0, "count_Insects": 2, "count_Amphibians": 1, "count_Arachnids": 0, "count_Flowering Plants": 0, "count_Birds": 0, "count_Mammals": 0, "count_Ferns": 0, "count_Reptiles": 2, "count_Sac Fungi": 0, "count_Basidiomycota": 0, "count_Molluscs": 0, "count_Mosses": 0, "count_Gymnosperms": 0, "unique_species_count": 5.0, "countryCode": "BR" }, "geometry": { "type": "MultiPolygon", "coordinates": [ [ [ [ -57.649559259286079, -6.030074260837039 ], [ -57.621375785763028, -6.892485452173587 ], [ -58.343968879168649, -7.254252507614815 ], [ -59.092426180428198, -6.737597096307947 ], [ -59.118152119975719, -5.870606288917099 ], [ -58.398370943376825, -5.527490464542716 ], [ -57.649559259286079, -6.030074260837039 ] ] ] ] } },
{ "type": "Feature", "properties": { "geogrid_id": "7306519015056899986", "seqnum": 3872.0, "lat_c": -6.5190154717532049, "lon_c": -56.899985670164845, "res": 7.0, "count_Insects": 3, "count_Amphibians": 0, "count_Arachnids": 0, "count_Flowering Plants": 0, "count_Birds": 0, "count_Mammals": 0, "count_Ferns": 0, "count_Reptiles": 0, "count_Sac Fungi": 0, "count_Basidiomycota": 0, "count_Molluscs": 0, "count_Mosses": 0, "count_Gymnosperms": 0, "unique_species_count": 3.0, "countryCode": "BR" }, "geometry": { "type": "MultiPolygon", "coordinates": [ [ [ [ -56.180948497904176, -6.13443363397558 ], [ -56.150411089879185, -6.999180773231806 ], [ -56.87066150979301, -7.382223032205442 ], [ -57.621375785763028, -6.892485452173587 ], [ -57.649559259286079, -6.030074260837039 ], [ -56.929097496696571, -5.656000072675948 ], [ -56.180948497904176, -6.13443363397558 ] ] ] ] } },
{ "type": "Feature", "properties": { "geogrid_id": "7306606672055433218", "seqnum": 3900.0, "lat_c": -6.6066723171407196, "lon_c": -55.433217602154613, "res": 7.0, "count_Insects": 11, "count_Amphibians": 6, "count_Arachnids": 3, "count_Flowering Plants": 3, "count_Birds": 14, "count_Mammals": 1, "count_Ferns": 1, "count_Reptiles": 13, "count_Sac Fungi": 0, "count_Basidiomycota": 0, "count_Molluscs": 0, "count_Mosses": 0, "count_Gymnosperms": 0, "unique_species_count": 52.0, "countryCode": "BR" }, "geometry": { "type": "MultiPolygon", "coordinates": [ [ [ [ -54.719964211905513, -6.205244106549642 ], [ -54.685639996448394, -7.074619392503835 ], [ -55.400889983657855, -7.473335823379565 ], [ -56.150411089879185, -6.999180773231806 ], [ -56.180948497904176, -6.13443363397558 ], [ -55.46541125213534, -5.739382564316746 ], [ -54.719964211905513, -6.205244106549642 ] ] ] ] } },
{ "type": "Feature", "properties": { "geogrid_id": "7306698691029770495", "seqnum": 13146.0, "lat_c": -6.6986912381447903, "lon_c": -29.770494693985398, "res": 7.0, "count_Insects": 0, "count_Amphibians": 0, "count_Arachnids": 0, "count_Flowering Plants": 0, "count_Birds": 0, "count_Mammals": 1, "count_Ferns": 0, "count_Reptiles": 0, "count_Sac Fungi": 0, "count_Basidiomycota": 0, "count_Molluscs": 0, "count_Mosses": 0, "count_Gymnosperms": 0, "unique_species_count": 1.0, "countryCode": "BR" }, "geometry": { "type": "MultiPolygon", "coordinates": [ [ [ [ -29.132893185183043, -6.246949661812142 ], [ -28.97556551098889, -7.129485610225892 ], [ -29.614716704596603, -7.579387514451618 ], [ -30.410778395196541, -7.150667028589093 ], [ -30.556956212929638, -6.264087887461656 ], [ -29.920985673895114, -5.812148854922079 ], [ -29.132893185183043, -6.246949661812142 ] ] ] ] } },
{ "type": "Feature", "properties": { "geogrid_id": "7306712000052524501", "seqnum": 3955.0, "lat_c": -6.7120003265509327, "lon_c": -52.52450119573723, "res": 7.0, "count_Insects": 44, "count_Amphibians": 1, "count_Arachnids": 2, "count_Flowering Plants": 2, "count_Birds": 247, "count_Mammals": 0, "count_Ferns": 0, "count_Reptiles": 5, "count_Sac Fungi": 0, "count_Basidiomycota": 2, "count_Molluscs": 0, "count_Mosses": 0, "count_Gymnosperms": 0, "unique_species_count": 303.0, "countryCode": "BR" }, "geometry": { "type": "MultiPolygon", "coordinates": [ [ [ [ -51.825519772125553, -6.28917434760255 ], [ -51.779809982948336, -7.168258193601178 ], [ -52.482364906848453, -7.587846904634191 ], [ -53.228796594931104, -7.128891958119248 ], [ -53.268303498051687, -6.254486571703911 ], [ -52.56755499524688, -5.834067510972472 ], [ -51.825519772125553, -6.28917434760255 ] ] ] ] } },
{ "type": "Feature", "properties": { "geogrid_id": "7306716226031195798", "seqnum": 4370.0, "lat_c": -6.7162257810102073, "lon_c": -31.195797518183113, "res": 7.0, "count_Insects": 0, "count_Amphibians": 0, "count_Arachnids": 0, "count_Flowering Plants": 0, "count_Birds": 1, "count_Mammals": 1, "count_Ferns": 0, "count_Reptiles": 1, "count_Sac Fungi": 0, "count_Basidiomycota": 0, "count_Molluscs": 0, "count_Mosses": 0, "count_Gymnosperms": 0, "unique_species_count": 3.0, "countryCode": "BR" }, "geometry": { "type": "MultiPolygon", "coordinates": [ [ [ [ -30.556956212929638, -6.264087887461656 ], [ -30.410778396073294, -7.150667027458983 ], [ -31.053781555649934, -7.602776266476517 ], [ -31.837541258838918, -7.168457074930482 ], [ -31.978030351359831, -6.279933459790532 ], [ -31.340791681408049, -5.827591681024681 ], [ -30.556956212929638, -6.264087887461656 ] ] ] ] } },
{ "type": "Feature", "properties": { "geogrid_id": "7306732330032618370", "seqnum": 4342.0, "lat_c": -6.7323300452859129, "lon_c": -32.618370235125397, "res": 7.0, "count_Insects": 0, "count_Amphibians": 0, "count_Arachnids": 0, "count_Flowering Plants": 0, "count_Birds": 0, "count_Mammals": 1, "count_Ferns": 0, "count_Reptiles": 1, "count_Sac Fungi": 0, "count_Basidiomycota": 0, "count_Molluscs": 0, "count_Mosses": 0, "count_Gymnosperms": 0, "unique_species_count": 2.0, "countryCode": "BR" }, "geometry": { "type": "MultiPolygon", "coordinates": [ [ [ [ -31.978030351359831, -6.279933459790532 ], [ -31.837541258838918, -7.168457074930482 ], [ -32.482218871649351, -7.620674783234583 ], [ -33.261836465770415, -7.184669065495647 ], [ -33.396492675532684, -6.294445105579271 ], [ -32.757719370503402, -5.841838638201306 ], [ -31.978030351359831, -6.279933459790532 ] ] ] ] } },
{ "type": "Feature", "properties": { "geogrid_id": "7306743383051082376", "seqnum": 3983.0, "lat_c": -6.7433830207803389, "lon_c": -51.082376167267881, "res": 7.0, "count_Insects": 15, "count_Amphibians": 2, "count_Arachnids": 1, "count_Flowering Plants": 3, "count_Birds": 70, "count_Mammals": 4, "count_Ferns": 0, "count_Reptiles": 4, "count_Sac Fungi": 1, "count_Basidiomycota": 0, "count_Molluscs": 1, "count_Mosses": 0, "count_Gymnosperms": 0, "unique_species_count": 101.0, "countryCode": "BR" }, "geometry": { "type": "MultiPolygon", "coordinates": [ [ [ [ -50.390465097057024, -6.313605363103289 ], [ -50.337902001313658, -7.19674477212169 ], [ -51.033966992860726, -7.623406998975089 ], [ -51.779809982948336, -7.168258193601178 ], [ -51.825519772125553, -6.28917434760255 ], [ -51.132356928560085, -5.860858201884084 ], [ -50.390465097057024, -6.313605363103289 ] ] ] ] } },
{ "type": "Feature", "properties": { "geogrid_id": "7306746951034038602", "seqnum": 4315.0, "lat_c": -6.7469513009495978, "lon_c": -34.038602361788342, "res": 7.0, "count_Insects": 0, "count_Amphibians": 0, "count_Arachnids": 0, "count_Flowering Plants": 0, "count_Birds": 0, "count_Mammals": 0, "count_Ferns": 0, "count_Reptiles": 1, "count_Sac Fungi": 0, "count_Basidiomycota": 0, "count_Molluscs": 0, "count_Mosses": 0, "count_Gymnosperms": 0, "unique_species_count": 1.0, "countryCode": "BR" }, "geometry": { "type": "MultiPolygon", "coordinates": [ [ [ [ -33.396492675532684, -6.294445105579271 ], [ -33.261836465770415, -7.184669065495647 ], [ -33.908453687018948, -7.636836528602273 ], [ -34.684065914328144, -7.19923703359598 ], [ -34.81273501005407, -6.307569822119395 ], [ -34.172146097429881, -5.854848825749763 ], [ -33.396492675532684, -6.294445105579271 ] ] ] ] } },
{ "type": "Feature", "properties": { "geogrid_id": "7306760022035456900", "seqnum": 4287.0, "lat_c": -6.7600224252435863, "lon_c": -35.456900200630471, "res": 7.0, "count_Insects": 702, "count_Amphibians": 40, "count_Arachnids": 99, "count_Flowering Plants": 857, "count_Birds": 322, "count_Mammals": 62, "count_Ferns": 15, "count_Reptiles": 83, "count_Sac Fungi": 10, "count_Basidiomycota": 39, "count_Molluscs": 44, "count_Mosses": 1, "count_Gymnosperms": 0, "unique_species_count": 2274.0, "countryCode": "BR" }, "geometry": { "type": "MultiPolygon", "coordinates": [ [ [ [ -34.81273501005407, -6.307569822119395 ], [ -34.684065914328144, -7.19923703359598 ], [ -35.332900019957755, -7.651180403391139 ], [ -36.104650155371338, -7.212077574290903 ], [ -36.22716826534203, -6.319239760362458 ], [ -35.584465880754493, -5.866569437223086 ], [ -34.81273501005407, -6.307569822119395 ] ] ] ] } },
{ "type": "Feature", "properties": { "geogrid_id": "7306765669049647090", "seqnum": 4010.0, "lat_c": -6.7656691759522234, "lon_c": -49.647090439640664, "res": 7.0, "count_Insects": 137, "count_Amphibians": 14, "count_Arachnids": 9, "count_Flowering Plants": 99, "count_Birds": 109, "count_Mammals": 13, "count_Ferns": 1, "count_Reptiles": 19, "count_Sac Fungi": 1, "count_Basidiomycota": 2, "count_Molluscs": 1, "count_Mosses": 0, "count_Gymnosperms": 0, "unique_species_count": 405.0, "countryCode": "BR" }, "geometry": { "type": "MultiPolygon", "coordinates": [ [ [ [ -48.961842333985238, -6.330520303673846 ], [ -48.902062507437094, -7.217026391828361 ], [ -49.591895803993644, -7.649279108247964 ], [ -50.337902001313658, -7.19674477212169 ], [ -50.390465097057024, -6.313605363103289 ], [ -49.704463909314825, -5.879314482384348 ], [ -48.961842333985238, -6.330520303673846 ] ] ] ] } },
{ "type": "Feature", "properties": { "geogrid_id": "7306771458036873691", "seqnum": 4259.0, "lat_c": -6.7714580521647454, "lon_c": -36.873691381812904, "res": 7.0, "count_Insects": 264, "count_Amphibians": 19, "count_Arachnids": 34, "count_Flowering Plants": 356, "count_Birds": 168, "count_Mammals": 26, "count_Ferns": 0, "count_Reptiles": 41, "count_Sac Fungi": 1, "count_Basidiomycota": 3, "count_Molluscs": 1, "count_Mosses": 0, "count_Gymnosperms": 0, "unique_species_count": 913.0, "countryCode": "BR" }, "geometry": { "type": "MultiPolygon", "coordinates": [ [ [ [ -36.22716826534203, -6.319239760362458 ], [ -36.104650155371338, -7.212077574290903 ], [ -36.755992191178727, -7.663604417900213 ], [ -37.524033066109475, -7.223085155884287 ], [ -37.640227622451519, -6.329368033137918 ], [ -36.995094296468018, -5.876932420331353 ], [ -36.22716826534203, -6.319239760362458 ] ] ] ] } },
{ "type": "Feature", "properties": { "geogrid_id": "7306781075048217487", "seqnum": 4038.0, "lat_c": -6.7810752127996787, "lon_c": -48.217487316225281, "res": 7.0, "count_Insects": 59, "count_Amphibians": 9, "count_Arachnids": 19, "count_Flowering Plants": 41, "count_Birds": 118, "count_Mammals": 13, "count_Ferns": 0, "count_Reptiles": 17, "count_Sac Fungi": 0, "count_Basidiomycota": 1, "count_Molluscs": 2, "count_Mosses": 0, "count_Gymnosperms": 0, "unique_species_count": 279.0, "countryCode": "BR" }, "geometry": { "type": "MultiPolygon", "coordinates": [ [ [ [ -47.538409203822496, -6.341727940009666 ], [ -47.471253042157095, -7.230930584836731 ], [ -48.155218015509639, -7.667644854568265 ], [ -48.902062507437094, -7.217026391828361 ], [ -48.961842333985238, -6.330520303673846 ], [ -48.282455340348776, -5.891640681053461 ], [ -47.538409203822496, -6.341727940009666 ] ] ] ] } },
{ "type": "Feature", "properties": { "geogrid_id": "7306781149038289430", "seqnum": 4232.0, "lat_c": -6.7811493979667379, "lon_c": -38.289430249652618, "res": 7.0, "count_Insects": 411, "count_Amphibians": 19, "count_Arachnids": 56, "count_Flowering Plants": 449, "count_Birds": 122, "count_Mammals": 20, "count_Ferns": 2, "count_Reptiles": 37, "count_Sac Fungi": 0, "count_Basidiomycota": 8, "count_Molluscs": 5, "count_Mosses": 0, "count_Gymnosperms": 1, "unique_species_count": 1130.0, "countryCode": "BR" }, "geometry": { "type": "MultiPolygon", "coordinates": [ [ [ [ -37.640227622451519, -6.329368033137918 ], [ -37.524033066109475, -7.223085155884287 ], [ -38.178189539296753, -7.673980056968153 ], [ -38.942687330631209, -7.232125824234717 ], [ -39.052378777346163, -6.337843007108308 ], [ -38.404474422804512, -5.885849925158982 ], [ -37.640227622451519, -6.329368033137918 ] ] ] ] } },
{ "type": "Feature", "properties": { "geogrid_id": "7306788957039704604", "seqnum": 4204.0, "lat_c": -6.7889572205253623, "lon_c": -39.704604276221573, "res": 7.0, "count_Insects": 693, "count_Amphibians": 16, "count_Arachnids": 81, "count_Flowering Plants": 490, "count_Birds": 231, "count_Mammals": 27, "count_Ferns": 1, "count_Reptiles": 42, "count_Sac Fungi": 2, "count_Basidiomycota": 13, "count_Molluscs": 11, "count_Mosses": 0, "count_Gymnosperms": 0, "unique_species_count": 1607.0, "countryCode": "BR" }, "geometry": { "type": "MultiPolygon", "coordinates": [ [ [ [ -39.052378777346163, -6.337843007108308 ], [ -38.942687330631209, -7.232125824234717 ], [ -39.599981867960842, -7.682144717980457 ], [ -40.361120866037631, -7.239028643767284 ], [ -40.464125496373676, -6.34452042489539 ], [ -39.813084116842646, -5.893208017215249 ], [ -39.052378777346163, -6.337843007108308 ] ] ] ] } },
{ "type": "Feature", "properties": { "geogrid_id": "7306791112046792467", "seqnum": 4066.0, "lat_c": -6.7911116094560828, "lon_c": -46.79246712501368, "res": 7.0, "count_Insects": 14, "count_Amphibians": 3, "count_Arachnids": 9, "count_Flowering Plants": 25, "count_Birds": 29, "count_Mammals": 1, "count_Ferns": 0, "count_Reptiles": 8, "count_Sac Fungi": 0, "count_Basidiomycota": 0, "count_Molluscs": 0, "count_Mosses": 0, "count_Gymnosperms": 0, "unique_species_count": 89.0, "countryCode": "BR" }, "geometry": { "type": "MultiPolygon", "coordinates": [ [ [ [ -46.119043535760731, -6.348458036929974 ], [ -46.044489422841529, -7.239737407306206 ], [ -46.722994450551418, -7.680035753665648 ], [ -47.471253042157095, -7.230930584836731 ], [ -47.538409203822496, -6.341727940009666 ], [ -46.86505681900875, -5.899287601522508 ], [ -46.119043535760731, -6.348458036929974 ] ] ] ] } },
{ "type": "Feature", "properties": { "geogrid_id": "7306794702041119742", "seqnum": 4176.0, "lat_c": -6.7947021104273517, "lon_c": -41.119741701913938, "res": 7.0, "count_Insects": 8, "count_Amphibians": 0, "count_Arachnids": 1, "count_Flowering Plants": 10, "count_Birds": 8, "count_Mammals": 7, "count_Ferns": 0, "count_Reptiles": 4, "count_Sac Fungi": 0, "count_Basidiomycota": 0, "count_Molluscs": 1, "count_Mosses": 0, "count_Gymnosperms": 0, "unique_species_count": 39.0, "countryCode": "BR" }, "geometry": { "type": "MultiPolygon", "coordinates": [ [ [ [ -40.464125496373676, -6.34452042489539 ], [ -40.361120866037631, -7.239028643767284 ], [ -41.021895700568422, -7.687891439564336 ], [ -41.779884317373174, -7.243573905507122 ], [ -41.876018771776387, -6.349212370130289 ], [ -41.221444971948245, -5.898857863628849 ], [ -40.464125496373676, -6.34452042489539 ] ] ] ] } },
{ "type": "Feature", "properties": { "geogrid_id": "7306796834045371029", "seqnum": 4093.0, "lat_c": -6.7968341595698032, "lon_c": -45.371029422759818, "res": 7.0, "count_Insects": 17, "count_Amphibians": 7, "count_Arachnids": 13, "count_Flowering Plants": 12, "count_Birds": 10, "count_Mammals": 3, "count_Ferns": 0, "count_Reptiles": 5, "count_Sac Fungi": 0, "count_Basidiomycota": 1, "count_Molluscs": 0, "count_Mosses": 0, "count_Gymnosperms": 0, "unique_species_count": 68.0, "countryCode": "BR" }, "geometry": { "type": "MultiPolygon", "coordinates": [ [ [ [ -44.702753587101569, -6.351568540325012 ], [ -44.620869971233319, -7.244363205576655 ], [ -45.294335544296175, -7.687550201631509 ], [ -46.044489422841529, -7.239737407306206 ], [ -46.119043535760731, -6.348458036929974 ], [ -45.451157044830289, -5.903239531697697 ], [ -44.702753587101569, -6.351568540325012 ] ] ] ] } },
{ "type": "Feature", "properties": { "geogrid_id": "7306798151042535421", "seqnum": 4149.0, "lat_c": -6.798150903766131, "lon_c": -42.535420597515902, "res": 7.0, "count_Insects": 36, "count_Amphibians": 8, "count_Arachnids": 13, "count_Flowering Plants": 35, "count_Birds": 82, "count_Mammals": 11, "count_Ferns": 1, "count_Reptiles": 14, "count_Sac Fungi": 0, "count_Basidiomycota": 1, "count_Molluscs": 3, "count_Mosses": 0, "count_Gymnosperms": 0, "unique_species_count": 204.0, "countryCode": "BR" }, "geometry": { "type": "MultiPolygon", "coordinates": [ [ [ [ -41.876018771776387, -6.349212370130289 ], [ -41.779884317373174, -7.243573905507122 ], [ -42.444501361434604, -7.690954764558168 ], [ -43.199579682988798, -7.245476641659407 ], [ -43.288667879520411, -6.351671555142985 ], [ -42.630133373809414, -5.902603171603405 ], [ -41.876018771776387, -6.349212370130289 ] ] ] ] } },
{ "type": "Feature", "properties": { "geogrid_id": "7306798997043952279", "seqnum": 4121.0, "lat_c": -6.7989973563670754, "lon_c": -43.952279480024785, "res": 7.0, "count_Insects": 4, "count_Amphibians": 0, "count_Arachnids": 0, "count_Flowering Plants": 9, "count_Birds": 0, "count_Mammals": 0, "count_Ferns": 0, "count_Reptiles": 0, "count_Sac Fungi": 0, "count_Basidiomycota": 1, "count_Molluscs": 1, "count_Mosses": 0, "count_Gymnosperms": 0, "unique_species_count": 15.0, "countryCode": "BR" }, "geometry": { "type": "MultiPolygon", "coordinates": [ [ [ [ -43.288667879520411, -6.351671555142985 ], [ -43.199579682988798, -7.245476641659407 ], [ -43.868420769191559, -7.690990998573515 ], [ -44.620869971233319, -7.244363205576655 ], [ -44.702753587101569, -6.351568540325012 ], [ -44.039794120861117, -5.904181955709383 ], [ -43.288667879520411, -6.351671555142985 ] ] ] ] } },
{ "type": "Feature", "properties": { "geogrid_id": "7307066366061948931", "seqnum": 3816.0, "lat_c": -7.0663658604432138, "lon_c": -61.948931357028883, "res": 7.0, "count_Insects": 0, "count_Amphibians": 0, "count_Arachnids": 0, "count_Flowering Plants": 1, "count_Birds": 0, "count_Mammals": 0, "count_Ferns": 0, "count_Reptiles": 1, "count_Sac Fungi": 0, "count_Basidiomycota": 0, "count_Molluscs": 0, "count_Mosses": 0, "count_Gymnosperms": 0, "unique_species_count": 2.0, "countryCode": "BR" }, "geometry": { "type": "MultiPolygon", "coordinates": [ [ [ [ -61.252132436719549, -6.794866921809704 ], [ -61.239474060122411, -7.688473463604597 ], [ -61.94498493295, -7.974275138767058 ], [ -62.747959517846859, -7.509249328054128 ], [ -62.843261926173042, -6.760087515067383 ], [ -62.054336499278456, -6.330695500715453 ], [ -61.252132436719549, -6.794866921809704 ] ] ] ] } },
{ "type": "Feature", "properties": { "geogrid_id": "7307181888063628399", "seqnum": 3788.0, "lat_c": -7.1818876504262299, "lon_c": -63.62839872659724, "res": 7.0, "count_Insects": 30, "count_Amphibians": 16, "count_Arachnids": 3, "count_Flowering Plants": 13, "count_Birds": 51, "count_Mammals": 18, "count_Ferns": 0, "count_Reptiles": 26, "count_Sac Fungi": 0, "count_Basidiomycota": 0, "count_Molluscs": 0, "count_Mosses": 0, "count_Gymnosperms": 0, "unique_species_count": 157.0, "countryCode": "BR" }, "geometry": { "type": "MultiPolygon", "coordinates": [ [ [ [ -62.843261926173042, -6.760087515067383 ], [ -62.747959517846859, -7.509249328054128 ], [ -63.541357568876599, -7.940510198714247 ], [ -64.411509486011099, -7.598697839219017 ], [ -64.483968190758461, -6.824117476608941 ], [ -63.706883191917335, -6.412456833348873 ], [ -62.843261926173042, -6.760087515067383 ] ] ] ] } },
{ "type": "Feature", "properties": { "geogrid_id": "7307233501065260923", "seqnum": 3760.0, "lat_c": -7.2335013665810326, "lon_c": -65.260922803998952, "res": 7.0, "count_Insects": 2, "count_Amphibians": 0, "count_Arachnids": 0, "count_Flowering Plants": 62, "count_Birds": 32, "count_Mammals": 0, "count_Ferns": 1, "count_Reptiles": 0, "count_Sac Fungi": 0, "count_Basidiomycota": 1, "count_Molluscs": 0, "count_Mosses": 0, "count_Gymnosperms": 1, "unique_species_count": 99.0, "countryCode": "BR" }, "geometry": { "type": "MultiPolygon", "coordinates": [ [ [ [ -64.483968190758461, -6.824117476608941 ], [ -64.411509486011099, -7.598697839219017 ], [ -65.193737689628676, -8.011965944017794 ], [ -66.038313493497895, -7.641080315832347 ], [ -66.094663241377688, -6.853533861492246 ], [ -65.321266567519388, -6.448012696938425 ], [ -64.483968190758461, -6.824117476608941 ] ] ] ] } },
{ "type": "Feature", "properties": { "geogrid_id": "7307257987066869198", "seqnum": 3733.0, "lat_c": -7.2579873178535568, "lon_c": -66.869197894213698, "res": 7.0, "count_Insects": 1, "count_Amphibians": 0, "count_Arachnids": 0, "count_Flowering Plants": 1, "count_Birds": 6, "count_Mammals": 0, "count_Ferns": 0, "count_Reptiles": 0, "count_Sac Fungi": 0, "count_Basidiomycota": 0, "count_Molluscs": 0, "count_Mosses": 0, "count_Gymnosperms": 0, "unique_species_count": 8.0, "countryCode": "BR" }, "geometry": { "type": "MultiPolygon", "coordinates": [ [ [ [ -66.094663241377688, -6.853533861492246 ], [ -66.038313493497895, -7.641080315832347 ], [ -66.816563990622072, -8.047135561362222 ], [ -67.645115623115927, -7.661431816773689 ], [ -67.689353943066578, -6.866728453881727 ], [ -66.916369036977216, -6.463995820215701 ], [ -66.094663241377688, -6.853533861492246 ] ] ] ] } },
{ "type": "Feature", "properties": { "geogrid_id": "7307261917073214667", "seqnum": 3622.0, "lat_c": -7.2619167079370284, "lon_c": -73.214666836297937, "res": 7.0, "count_Insects": 232, "count_Amphibians": 70, "count_Arachnids": 50, "count_Flowering Plants": 336, "count_Birds": 294, "count_Mammals": 33, "count_Ferns": 9, "count_Reptiles": 70, "count_Sac Fungi": 6, "count_Basidiomycota": 9, "count_Molluscs": 2, "count_Mosses": 0, "count_Gymnosperms": 2, "unique_species_count": 1113.0, "countryCode": "BR" }, "geometry": { "type": "MultiPolygon", "coordinates": [ [ [ [ -72.434188586985542, -6.864373781351819 ], [ -72.41412312923795, -7.66643838351253 ], [ -73.196653457028319, -8.063409779260377 ], [ -73.997457738888428, -7.658456062482632 ], [ -74.011679338594789, -6.856141058095441 ], [ -73.230758655820836, -6.458900143220505 ], [ -72.434188586985542, -6.864373781351819 ] ] ] ] } },
{ "type": "Feature", "properties": { "geogrid_id": "7307268494071633909", "seqnum": 3650.0, "lat_c": -7.2684938431572057, "lon_c": -71.633908655036123, "res": 7.0, "count_Insects": 25, "count_Amphibians": 34, "count_Arachnids": 4, "count_Flowering Plants": 40, "count_Birds": 72, "count_Mammals": 10, "count_Ferns": 6, "count_Reptiles": 30, "count_Sac Fungi": 2, "count_Basidiomycota": 3, "count_Molluscs": 0, "count_Mosses": 0, "count_Gymnosperms": 0, "unique_species_count": 226.0, "countryCode": "BR" }, "geometry": { "type": "MultiPolygon", "coordinates": [ [ [ [ -70.855883591518577, -6.869632535083366 ], [ -70.829114306247718, -7.670635271270426 ], [ -71.609307235919331, -8.069136543305161 ], [ -72.41412312923795, -7.66643838351253 ], [ -72.434188586985542, -6.864373781351819 ], [ -71.655895063854231, -6.465882909659298 ], [ -70.855883591518577, -6.869632535083366 ] ] ] ] } },
{ "type": "Feature", "properties": { "geogrid_id": "7307268657068463993", "seqnum": 3705.0, "lat_c": -7.2686570643978934, "lon_c": -68.463993112677358, "res": 7.0, "count_Insects": 0, "count_Amphibians": 0, "count_Arachnids": 0, "count_Flowering Plants": 1, "count_Birds": 0, "count_Mammals": 0, "count_Ferns": 0, "count_Reptiles": 0, "count_Sac Fungi": 0, "count_Basidiomycota": 0, "count_Molluscs": 0, "count_Mosses": 0, "count_Gymnosperms": 0, "unique_species_count": 1.0, "countryCode": "BR" }, "geometry": { "type": "MultiPolygon", "coordinates": [ [ [ [ -67.689353943066578, -6.866728453881727 ], [ -67.645115623115927, -7.661431816773689 ], [ -68.422628204721775, -8.063891053655063 ], [ -69.240440257178122, -7.669749552732711 ], [ -69.275097743614964, -6.870983031342525 ], [ -68.5010154081303, -6.469937531723592 ], [ -67.689353943066578, -6.866728453881727 ] ] ] ] } },
{ "type": "Feature", "properties": { "geogrid_id": "7307271233070051088", "seqnum": 3677.0, "lat_c": -7.2712329547735441, "lon_c": -70.051087554201104, "res": 7.0, "count_Insects": 54, "count_Amphibians": 1, "count_Arachnids": 0, "count_Flowering Plants": 30, "count_Birds": 27, "count_Mammals": 31, "count_Ferns": 2, "count_Reptiles": 1, "count_Sac Fungi": 1, "count_Basidiomycota": 1, "count_Molluscs": 0, "count_Mosses": 0, "count_Gymnosperms": 0, "unique_species_count": 148.0, "countryCode": "BR" }, "geometry": { "type": "MultiPolygon", "coordinates": [ [ [ [ -69.275097743614964, -6.870983031342525 ], [ -69.240440257178122, -7.669749552732711 ], [ -70.018842598209218, -8.069967324856465 ], [ -70.829114306247718, -7.670635271270426 ], [ -70.855883591518577, -6.869632535083366 ], [ -70.079922223010513, -6.469909983150322 ], [ -69.275097743614964, -6.870983031342525 ] ] ] ] } },
{ "type": "Feature", "properties": { "geogrid_id": "7307386870060527988", "seqnum": 3843.0, "lat_c": -7.3868699345971409, "lon_c": -60.527988137402836, "res": 7.0, "count_Insects": 72, "count_Amphibians": 8, "count_Arachnids": 9, "count_Flowering Plants": 4, "count_Birds": 52, "count_Mammals": 14, "count_Ferns": 1, "count_Reptiles": 20, "count_Sac Fungi": 2, "count_Basidiomycota": 0, "count_Molluscs": 2, "count_Mosses": 0, "count_Gymnosperms": 0, "unique_species_count": 184.0, "countryCode": "BR" }, "geometry": { "type": "MultiPolygon", "coordinates": [ [ [ [ -59.811844413328735, -7.069775928707307 ], [ -59.788201161129564, -7.940596398512078 ], [ -60.507602692854249, -8.26428348979943 ], [ -61.239474060122411, -7.688473463604597 ], [ -61.252132436719549, -6.794866921809704 ], [ -60.546911814812304, -6.504835325809123 ], [ -59.811844413328735, -7.069775928707307 ] ] ] ] } },
{ "type": "Feature", "properties": { "geogrid_id": "7307755286057593077", "seqnum": 3899.0, "lat_c": -7.7552864446471217, "lon_c": -57.593076694301068, "res": 7.0, "count_Insects": 3, "count_Amphibians": 0, "count_Arachnids": 0, "count_Flowering Plants": 16, "count_Birds": 0, "count_Mammals": 0, "count_Ferns": 0, "count_Reptiles": 0, "count_Sac Fungi": 0, "count_Basidiomycota": 0, "count_Molluscs": 0, "count_Mosses": 0, "count_Gymnosperms": 0, "unique_species_count": 19.0, "countryCode": "BR" }, "geometry": { "type": "MultiPolygon", "coordinates": [ [ [ [ -56.87066150979301, -7.382223032205442 ], [ -56.841099400000083, -8.24572337482374 ], [ -57.564646726232191, -8.618526588555246 ], [ -58.316760725817296, -8.117895393265689 ], [ -58.343968879168649, -7.254252507614815 ], [ -57.621375785763028, -6.892485452173587 ], [ -56.87066150979301, -7.382223032205442 ] ] ] ] } },
{ "type": "Feature", "properties": { "geogrid_id": "7307943147054651231", "seqnum": 3954.0, "lat_c": -7.9431471244089007, "lon_c": -54.651230926336872, "res": 7.0, "count_Insects": 1, "count_Amphibians": 0, "count_Arachnids": 0, "count_Flowering Plants": 0, "count_Birds": 0, "count_Mammals": 0, "count_Ferns": 0, "count_Reptiles": 3, "count_Sac Fungi": 0, "count_Basidiomycota": 0, "count_Molluscs": 0, "count_Mosses": 0, "count_Gymnosperms": 0, "unique_species_count": 4.0, "countryCode": "BR" }, "geometry": { "type": "MultiPolygon", "coordinates": [ [ [ [ -53.937885030334428, -7.539414970931711 ], [ -53.901164743365683, -8.409664984147641 ], [ -54.616542769628417, -8.811167019548764 ], [ -55.368285893114944, -8.339680259399687 ], [ -55.400889983657855, -7.473335823379565 ], [ -54.685639996448394, -7.074619392503835 ], [ -53.937885030334428, -7.539414970931711 ] ] ] ] } },
{ "type": "Feature", "properties": { "geogrid_id": "7308001772053189626", "seqnum": 3982.0, "lat_c": -8.0017720532446113, "lon_c": -53.189625738496936, "res": 7.0, "count_Insects": 1, "count_Amphibians": 1, "count_Arachnids": 0, "count_Flowering Plants": 1, "count_Birds": 1, "count_Mammals": 0, "count_Ferns": 0, "count_Reptiles": 1, "count_Sac Fungi": 0, "count_Basidiomycota": 0, "count_Molluscs": 0, "count_Mosses": 0, "count_Gymnosperms": 0, "unique_species_count": 5.0, "countryCode": "BR" }, "geometry": { "type": "MultiPolygon", "coordinates": [ [ [ [ -52.482364906848453, -7.587846904634191 ], [ -52.440558298770817, -8.462150317538438 ], [ -53.150407417514138, -8.873574150498902 ], [ -53.901164743365683, -8.409664984147641 ], [ -53.937885030334428, -7.539414970931711 ], [ -53.228796594931104, -7.128891958119248 ], [ -52.482364906848453, -7.587846904634191 ] ] ] ] } },
{ "type": "Feature", "properties": { "geogrid_id": "7308045319051734964", "seqnum": 4009.0, "lat_c": -8.0453193930100078, "lon_c": -51.734963505340502, "res": 7.0, "count_Insects": 0, "count_Amphibians": 0, "count_Arachnids": 0, "count_Flowering Plants": 2, "count_Birds": 0, "count_Mammals": 0, "count_Ferns": 0, "count_Reptiles": 0, "count_Sac Fungi": 0, "count_Basidiomycota": 0, "count_Molluscs": 0, "count_Mosses": 0, "count_Gymnosperms": 0, "unique_species_count": 2.0, "countryCode": "BR" }, "geometry": { "type": "MultiPolygon", "coordinates": [ [ [ [ -51.033966992860726, -7.623406998975089 ], [ -50.986330573100233, -8.501488422124968 ], [ -51.690404693043575, -8.920851777733432 ], [ -52.440558298770817, -8.462150317538438 ], [ -52.482364906848453, -7.587846904634191 ], [ -51.779809982948336, -7.168258193601178 ], [ -51.033966992860726, -7.623406998975089 ] ] ] ] } },
{ "type": "Feature", "properties": { "geogrid_id": "7308054917031699541", "seqnum": 13145.0, "lat_c": -8.0549167979991587, "lon_c": -31.699541366082705, "res": 7.0, "count_Insects": 0, "count_Amphibians": 0, "count_Arachnids": 0, "count_Flowering Plants": 0, "count_Birds": 1, "count_Mammals": 1, "count_Ferns": 0, "count_Reptiles": 1, "count_Sac Fungi": 0, "count_Basidiomycota": 0, "count_Molluscs": 0, "count_Mosses": 0, "count_Gymnosperms": 0, "unique_species_count": 3.0, "countryCode": "BR" }, "geometry": { "type": "MultiPolygon", "coordinates": [ [ [ [ -31.053781554700915, -7.602776267691723 ], [ -30.90158218786457, -8.480299990188035 ], [ -31.549363172356937, -8.931098259115274 ], [ -32.348094895119551, -8.506985108665047 ], [ -32.482218871649351, -7.620674783234583 ], [ -31.837541258838918, -7.168457074930482 ], [ -31.053781554700915, -7.602776267691723 ] ] ] ] } },
{ "type": "Feature", "properties": { "geogrid_id": "7308072770033129861", "seqnum": 4369.0, "lat_c": -8.0727704419818096, "lon_c": -33.129861499840615, "res": 7.0, "count_Insects": 0, "count_Amphibians": 0, "count_Arachnids": 0, "count_Flowering Plants": 0, "count_Birds": 2, "count_Mammals": 1, "count_Ferns": 0, "count_Reptiles": 1, "count_Sac Fungi": 0, "count_Basidiomycota": 0, "count_Molluscs": 0, "count_Mosses": 0, "count_Gymnosperms": 0, "unique_species_count": 4.0, "countryCode": "BR" }, "geometry": { "type": "MultiPolygon", "coordinates": [ [ [ [ -32.482218871649351, -7.620674783234583 ], [ -32.348094896210917, -8.506985107279228 ], [ -32.999479022997249, -8.958876374676313 ], [ -33.780499929428679, -8.524634159262861 ], [ -33.908453687018948, -7.636836528602273 ], [ -33.261836465770415, -7.184669065495647 ], [ -32.482218871649351, -7.620674783234583 ] ] ] ] } },
{ "type": "Feature", "properties": { "geogrid_id": "7308077533050286738", "seqnum": 4037.0, "lat_c": -8.0775325588659399, "lon_c": -50.286738130085581, "res": 7.0, "count_Insects": 3, "count_Amphibians": 0, "count_Arachnids": 2, "count_Flowering Plants": 9, "count_Birds": 4, "count_Mammals": 1, "count_Ferns": 0, "count_Reptiles": 4, "count_Sac Fungi": 0, "count_Basidiomycota": 0, "count_Molluscs": 0, "count_Mosses": 0, "count_Gymnosperms": 0, "unique_species_count": 23.0, "countryCode": "BR" }, "geometry": { "type": "MultiPolygon", "coordinates": [ [ [ [ -49.591895803993644, -7.649279108247964 ], [ -49.537909970265751, -8.530680785833839 ], [ -50.23622864958655, -8.956466296224061 ], [ -50.986330573100233, -8.501488422124968 ], [ -51.033966992860726, -7.623406998975089 ], [ -50.337902001313658, -7.19674477212169 ], [ -49.591895803993644, -7.649279108247964 ] ] ] ] } },
{ "type": "Feature", "properties": { "geogrid_id": "7308088717034558246", "seqnum": 4341.0, "lat_c": -8.0887168837646701, "lon_c": -34.558245983698214, "res": 7.0, "count_Insects": 773, "count_Amphibians": 33, "count_Arachnids": 95, "count_Flowering Plants": 650, "count_Birds": 254, "count_Mammals": 33, "count_Ferns": 13, "count_Reptiles": 57, "count_Sac Fungi": 12, "count_Basidiomycota": 37, "count_Molluscs": 100, "count_Mosses": 1, "count_Gymnosperms": 0, "unique_species_count": 2058.0, "countryCode": "BR" }, "geometry": { "type": "MultiPolygon", "coordinates": [ [ [ [ -33.908453687018948, -7.636836528602273 ], [ -33.780499929428679, -8.524634159262861 ], [ -34.434164522921897, -8.976154667781756 ], [ -35.211236809467707, -8.540193085095932 ], [ -35.332900019957755, -7.651180403391139 ], [ -34.684065914328144, -7.19923703359598 ], [ -33.908453687018948, -7.636836528602273 ] ] ] ] } },
{ "type": "Feature", "properties": { "geogrid_id": "7308100985048844170", "seqnum": 4065.0, "lat_c": -8.100984557772744, "lon_c": -48.844170339548576, "res": 7.0, "count_Insects": 26, "count_Amphibians": 11, "count_Arachnids": 4, "count_Flowering Plants": 217, "count_Birds": 91, "count_Mammals": 12, "count_Ferns": 7, "count_Reptiles": 18, "count_Sac Fungi": 0, "count_Basidiomycota": 0, "count_Molluscs": 1, "count_Mosses": 0, "count_Gymnosperms": 0, "unique_species_count": 387.0, "countryCode": "BR" }, "geometry": { "type": "MultiPolygon", "coordinates": [ [ [ [ -48.155218015509639, -7.667644854568265 ], [ -48.094548271616794, -8.551845209482813 ], [ -48.787284027527974, -8.982870493158456 ], [ -49.537909970265751, -8.530680785833839 ], [ -49.591895803993644, -7.649279108247964 ], [ -48.902062507437094, -7.217026391828361 ], [ -48.155218015509639, -7.667644854568265 ] ] ] ] } },
{ "type": "Feature", "properties": { "geogrid_id": "7308102658035985120", "seqnum": 4314.0, "lat_c": -8.1026578781537992, "lon_c": -35.98512048891773, "res": 7.0, "count_Insects": 436, "count_Amphibians": 43, "count_Arachnids": 62, "count_Flowering Plants": 577, "count_Birds": 248, "count_Mammals": 27, "count_Ferns": 4, "count_Reptiles": 63, "count_Sac Fungi": 5, "count_Basidiomycota": 16, "count_Molluscs": 6, "count_Mosses": 1, "count_Gymnosperms": 0, "unique_species_count": 1488.0, "countryCode": "BR" }, "geometry": { "type": "MultiPolygon", "coordinates": [ [ [ [ -35.332900019957755, -7.651180403391139 ], [ -35.211236809467707, -8.540193085095932 ], [ -35.867448911838359, -8.991146658837376 ], [ -36.640742173835271, -8.553544374931016 ], [ -36.755992191178727, -7.663604417900213 ], [ -36.104650155371338, -7.212077574290903 ], [ -35.332900019957755, -7.651180403391139 ] ] ] ] } },
{ "type": "Feature", "properties": { "geogrid_id": "7308114470037410932", "seqnum": 4286.0, "lat_c": -8.1144704122029854, "lon_c": -37.410932368592576, "res": 7.0, "count_Insects": 151, "count_Amphibians": 15, "count_Arachnids": 30, "count_Flowering Plants": 249, "count_Birds": 144, "count_Mammals": 13, "count_Ferns": 1, "count_Reptiles": 33, "count_Sac Fungi": 0, "count_Basidiomycota": 0, "count_Molluscs": 1, "count_Mosses": 0, "count_Gymnosperms": 0, "unique_species_count": 637.0, "countryCode": "BR" }, "geometry": { "type": "MultiPolygon", "coordinates": [ [ [ [ -36.755992191178727, -7.663604417900213 ], [ -36.640742173835271, -8.553544374931016 ], [ -37.299778885988474, -9.003713345178214 ], [ -38.0694754021481, -8.564541423626959 ], [ -38.178189539296753, -7.673980056968153 ], [ -37.524033066109475, -7.223085155884287 ], [ -36.755992191178727, -7.663604417900213 ] ] ] ] } },
{ "type": "Feature", "properties": { "geogrid_id": "7308117486047406398", "seqnum": 4092.0, "lat_c": -8.1174860770383077, "lon_c": -47.406398415898209, "res": 7.0, "count_Insects": 48, "count_Amphibians": 2, "count_Arachnids": 3, "count_Flowering Plants": 28, "count_Birds": 7, "count_Mammals": 1, "count_Ferns": 0, "count_Reptiles": 5, "count_Sac Fungi": 0, "count_Basidiomycota": 0, "count_Molluscs": 0, "count_Mosses": 0, "count_Gymnosperms": 0, "unique_species_count": 94.0, "countryCode": "BR" }, "geometry": { "type": "MultiPolygon", "coordinates": [ [ [ [ -46.722994450551418, -7.680035753665648 ], [ -46.655448265518729, -8.566506858148141 ], [ -47.342859191429092, -9.001834830056509 ], [ -48.094548271616794, -8.551845209482813 ], [ -48.155218015509639, -7.667644854568265 ], [ -47.471253042157095, -7.230930584836731 ], [ -46.722994450551418, -7.680035753665648 ] ] ] ] } },
{ "type": "Feature", "properties": { "geogrid_id": "7308124000038836155", "seqnum": 4258.0, "lat_c": -8.1240000070079503, "lon_c": -38.836155312323044, "res": 7.0, "count_Insects": 140, "count_Amphibians": 19, "count_Arachnids": 32, "count_Flowering Plants": 160, "count_Birds": 144, "count_Mammals": 25, "count_Ferns": 0, "count_Reptiles": 35, "count_Sac Fungi": 0, "count_Basidiomycota": 0, "count_Molluscs": 0, "count_Mosses": 0, "count_Gymnosperms": 0, "unique_species_count": 555.0, "countryCode": "BR" }, "geometry": { "type": "MultiPolygon", "coordinates": [ [ [ [ -38.178189539296753, -7.673980056968153 ], [ -38.0694754021481, -8.564541423626959 ], [ -38.731624568248264, -9.013681836413761 ], [ -39.497923088581544, -8.57300065347483 ], [ -39.599981867960842, -7.682144717980457 ], [ -38.942687330631209, -7.232125824234717 ], [ -38.178189539296753, -7.673980056968153 ] ] ] ] } },
{ "type": "Feature", "properties": { "geogrid_id": "7308128338045972567", "seqnum": 4120.0, "lat_c": -8.128338324127661, "lon_c": -45.972566715383479, "res": 7.0, "count_Insects": 41, "count_Amphibians": 5, "count_Arachnids": 13, "count_Flowering Plants": 14, "count_Birds": 10, "count_Mammals": 1, "count_Ferns": 0, "count_Reptiles": 9, "count_Sac Fungi": 0, "count_Basidiomycota": 0, "count_Molluscs": 1, "count_Mosses": 0, "count_Gymnosperms": 0, "unique_species_count": 94.0, "countryCode": "BR" }, "geometry": { "type": "MultiPolygon", "coordinates": [ [ [ [ -45.294335544296175, -7.687550201631509 ], [ -45.219824879963902, -8.575784356481448 ], [ -45.902214095730272, -9.014660323090208 ], [ -46.655448265518729, -8.566506858148141 ], [ -46.722994450551418, -7.680035753665648 ], [ -46.044489422841529, -7.239737407306206 ], [ -45.294335544296175, -7.687550201631509 ] ] ] ] } },
{ "type": "Feature", "properties": { "geogrid_id": "7308131052040261295", "seqnum": 4231.0, "lat_c": -8.131051738582789, "lon_c": -40.26129461222672, "res": 7.0, "count_Insects": 9, "count_Amphibians": 2, "count_Arachnids": 1, "count_Flowering Plants": 15, "count_Birds": 30, "count_Mammals": 8, "count_Ferns": 1, "count_Reptiles": 5, "count_Sac Fungi": 0, "count_Basidiomycota": 0, "count_Molluscs": 0, "count_Mosses": 0, "count_Gymnosperms": 0, "unique_species_count": 71.0, "countryCode": "BR" }, "geometry": { "type": "MultiPolygon", "coordinates": [ [ [ [ -39.599981867960842, -7.682144717980457 ], [ -39.497923088581544, -8.57300065347483 ], [ -40.163483664456542, -9.020836175107309 ], [ -40.926603958582731, -8.578690962421485 ], [ -41.021895700568422, -7.687891439564336 ], [ -40.361120866037631, -7.239028643767284 ], [ -39.599981867960842, -7.682144717980457 ] ] ] ] } },
{ "type": "Feature", "properties": { "geogrid_id": "7308134494044541864", "seqnum": 4148.0, "lat_c": -8.134493948338374, "lon_c": -44.541864009487036, "res": 7.0, "count_Insects": 6, "count_Amphibians": 0, "count_Arachnids": 5, "count_Flowering Plants": 0, "count_Birds": 2, "count_Mammals": 0, "count_Ferns": 0, "count_Reptiles": 0, "count_Sac Fungi": 0, "count_Basidiomycota": 0, "count_Molluscs": 0, "count_Mosses": 0, "count_Gymnosperms": 0, "unique_species_count": 13.0, "countryCode": "BR" }, "geometry": { "type": "MultiPolygon", "coordinates": [ [ [ [ -43.868420769191559, -7.690990998573515 ], [ -43.786932357424675, -8.58051162773981 ], [ -44.464623588142942, -9.022318470461416 ], [ -45.219824879963902, -8.575784356481448 ], [ -45.294335544296175, -7.687550201631509 ], [ -44.620869971233319, -7.244363205576655 ], [ -43.868420769191559, -7.690990998573515 ] ] ] ] } },
{ "type": "Feature", "properties": { "geogrid_id": "7308135378041686893", "seqnum": 4203.0, "lat_c": -8.1353780534645566, "lon_c": -41.686893034827399, "res": 7.0, "count_Insects": 7, "count_Amphibians": 0, "count_Arachnids": 1, "count_Flowering Plants": 12, "count_Birds": 8, "count_Mammals": 6, "count_Ferns": 0, "count_Reptiles": 3, "count_Sac Fungi": 0, "count_Basidiomycota": 0, "count_Molluscs": 0, "count_Mosses": 0, "count_Gymnosperms": 0, "unique_species_count": 37.0, "countryCode": "BR" }, "geometry": { "type": "MultiPolygon", "coordinates": [ [ [ [ -41.021895700568422, -7.687891439564336 ], [ -40.926603958582731, -8.578690962421485 ], [ -41.595885842153287, -9.024905053251748 ], [ -42.356074118995281, -8.581319420536586 ], [ -42.444501361434604, -7.690954764558168 ], [ -41.779884317373174, -7.243573905507122 ], [ -41.021895700568422, -7.687891439564336 ] ] ] ] } },
{ "type": "Feature", "properties": { "geogrid_id": "7308136662043113537", "seqnum": 4175.0, "lat_c": -8.1366620167529717, "lon_c": -43.11353718280845, "res": 7.0, "count_Insects": 12, "count_Amphibians": 0, "count_Arachnids": 0, "count_Flowering Plants": 12, "count_Birds": 1, "count_Mammals": 4, "count_Ferns": 0, "count_Reptiles": 2, "count_Sac Fungi": 0, "count_Basidiomycota": 2, "count_Molluscs": 1, "count_Mosses": 0, "count_Gymnosperms": 0, "unique_species_count": 34.0, "countryCode": "BR" }, "geometry": { "type": "MultiPolygon", "coordinates": [ [ [ [ -42.444501361434604, -7.690954764558168 ], [ -42.356074118995281, -8.581319420536586 ], [ -43.029397092620066, -9.025545179950717 ], [ -43.786932357424675, -8.58051162773981 ], [ -43.868420769191559, -7.690990998573515 ], [ -43.199579682988798, -7.245476641659407 ], [ -42.444501361434604, -7.690954764558168 ] ] ] ] } },
{ "type": "Feature", "properties": { "geogrid_id": "7308244057062643280", "seqnum": 3842.0, "lat_c": -8.2440567726522023, "lon_c": -62.643279525719656, "res": 7.0, "count_Insects": 16, "count_Amphibians": 7, "count_Arachnids": 0, "count_Flowering Plants": 5, "count_Birds": 54, "count_Mammals": 15, "count_Ferns": 0, "count_Reptiles": 23, "count_Sac Fungi": 0, "count_Basidiomycota": 0, "count_Molluscs": 0, "count_Mosses": 0, "count_Gymnosperms": 0, "unique_species_count": 120.0, "countryCode": "BR" }, "geometry": { "type": "MultiPolygon", "coordinates": [ [ [ [ -61.94498493295, -7.974275138767058 ], [ -61.935596635904929, -8.870937604808175 ], [ -62.642152890743198, -9.153397523810945 ], [ -63.445972023277108, -8.687401416769708 ], [ -63.541357568876599, -7.940510198714247 ], [ -62.747959517846859, -7.509249328054128 ], [ -61.94498493295, -7.974275138767058 ] ] ] ] } },
{ "type": "Feature", "properties": { "geogrid_id": "7308364242064331463", "seqnum": 3815.0, "lat_c": -8.3642422962417573, "lon_c": -64.331463030685612, "res": 7.0, "count_Insects": 257, "count_Amphibians": 19, "count_Arachnids": 19, "count_Flowering Plants": 89, "count_Birds": 199, "count_Mammals": 31, "count_Ferns": 0, "count_Reptiles": 44, "count_Sac Fungi": 1, "count_Basidiomycota": 6, "count_Molluscs": 2, "count_Mosses": 1, "count_Gymnosperms": 0, "unique_species_count": 668.0, "countryCode": "BR" }, "geometry": { "type": "MultiPolygon", "coordinates": [ [ [ [ -63.541357568876599, -7.940510198714247 ], [ -63.445972023277108, -8.687401416769708 ], [ -64.243968581280072, -9.11999136844314 ], [ -65.119794906135112, -8.782741441519471 ], [ -65.193737689628676, -8.011965944017794 ], [ -64.411509486011099, -7.598697839219017 ], [ -63.541357568876599, -7.940510198714247 ] ] ] ] } },
{ "type": "Feature", "properties": { "geogrid_id": "7308422545065975874", "seqnum": 3787.0, "lat_c": -8.4225447548274186, "lon_c": -65.975873870731462, "res": 7.0, "count_Insects": 0, "count_Amphibians": 0, "count_Arachnids": 0, "count_Flowering Plants": 63, "count_Birds": 0, "count_Mammals": 0, "count_Ferns": 5, "count_Reptiles": 0, "count_Sac Fungi": 0, "count_Basidiomycota": 0, "count_Molluscs": 0, "count_Mosses": 0, "count_Gymnosperms": 0, "unique_species_count": 68.0, "countryCode": "BR" }, "geometry": { "type": "MultiPolygon", "coordinates": [ [ [ [ -65.193737689628676, -8.011965944017794 ], [ -65.119794906135112, -8.782741441519471 ], [ -65.907397541048169, -9.197372733811346 ], [ -66.758496134771264, -8.830956956233981 ], [ -66.816563990622072, -8.047135561362222 ], [ -66.038313493497895, -7.641080315832347 ], [ -65.193737689628676, -8.011965944017794 ] ] ] ] } },
{ "type": "Feature", "properties": { "geogrid_id": "7308451836067596009", "seqnum": 3759.0, "lat_c": -8.4518359266593528, "lon_c": -67.596008939745559, "res": 7.0, "count_Insects": 53, "count_Amphibians": 5, "count_Arachnids": 2, "count_Flowering Plants": 58, "count_Birds": 98, "count_Mammals": 7, "count_Ferns": 0, "count_Reptiles": 7, "count_Sac Fungi": 2, "count_Basidiomycota": 3, "count_Molluscs": 0, "count_Mosses": 0, "count_Gymnosperms": 0, "unique_species_count": 235.0, "countryCode": "BR" }, "geometry": { "type": "MultiPolygon", "coordinates": [ [ [ [ -66.816563990622072, -8.047135561362222 ], [ -66.758496134771264, -8.830956956233981 ], [ -67.54204889204776, -9.237530933547982 ], [ -68.376925208071256, -8.855280496597237 ], [ -68.422628204721775, -8.063891053655063 ], [ -67.645115623115927, -7.661431816773689 ], [ -66.816563990622072, -8.047135561362222 ] ] ] ] } },
{ "type": "Feature", "properties": { "geogrid_id": "7308459351073981627", "seqnum": 3649.0, "lat_c": -8.4593507476709036, "lon_c": -73.98162684489445, "res": 7.0, "count_Insects": 0, "count_Amphibians": 1, "count_Arachnids": 0, "count_Flowering Plants": 0, "count_Birds": 4, "count_Mammals": 0, "count_Ferns": 0, "count_Reptiles": 0, "count_Sac Fungi": 0, "count_Basidiomycota": 0, "count_Molluscs": 0, "count_Mosses": 0, "count_Gymnosperms": 0, "unique_species_count": 5.0, "countryCode": "BR" }, "geometry": { "type": "MultiPolygon", "coordinates": [ [ [ [ -73.196653457028319, -8.063409779260377 ], [ -73.176709040081306, -8.863215790742672 ], [ -73.964177428467366, -9.258680625890209 ], [ -74.769171298507814, -8.854203046478654 ], [ -74.782689662375063, -8.053935172793176 ], [ -73.997457738888428, -7.658456062482632 ], [ -73.196653457028319, -8.063409779260377 ] ] ] ] } },
{ "type": "Feature", "properties": { "geogrid_id": "7308465366069201925", "seqnum": 3732.0, "lat_c": -8.4653657984989916, "lon_c": -69.20192529768137, "res": 7.0, "count_Insects": 11, "count_Amphibians": 13, "count_Arachnids": 9, "count_Flowering Plants": 20, "count_Birds": 49, "count_Mammals": 8, "count_Ferns": 1, "count_Reptiles": 9, "count_Sac Fungi": 1, "count_Basidiomycota": 1, "count_Molluscs": 2, "count_Mosses": 0, "count_Gymnosperms": 0, "unique_species_count": 124.0, "countryCode": "BR" }, "geometry": { "type": "MultiPolygon", "coordinates": [ [ [ [ -68.422628204721775, -8.063891053655063 ], [ -68.376925208071256, -8.855280496597237 ], [ -69.159550993751978, -9.257523185563269 ], [ -69.983181517271646, -8.865841207104191 ], [ -70.018842598209218, -8.069967324856465 ], [ -69.240440257178122, -7.669749552732711 ], [ -68.422628204721775, -8.063891053655063 ] ] ] ] } },
{ "type": "Feature", "properties": { "geogrid_id": "7308466682072391796", "seqnum": 3676.0, "lat_c": -8.4666820385840253, "lon_c": -72.391795631237144, "res": 7.0, "count_Insects": 42, "count_Amphibians": 17, "count_Arachnids": 2, "count_Flowering Plants": 126, "count_Birds": 39, "count_Mammals": 51, "count_Ferns": 4, "count_Reptiles": 12, "count_Sac Fungi": 1, "count_Basidiomycota": 7, "count_Molluscs": 2, "count_Mosses": 0, "count_Gymnosperms": 0, "unique_species_count": 303.0, "countryCode": "BR" }, "geometry": { "type": "MultiPolygon", "coordinates": [ [ [ [ -71.609307235919331, -8.069136543305161 ], [ -71.582081405494066, -8.867601579605488 ], [ -72.367195837400388, -9.264921039943877 ], [ -73.176709040081306, -8.863215790742672 ], [ -73.196653457028319, -8.063409779260377 ], [ -72.41412312923795, -7.66643838351253 ], [ -71.609307235919331, -8.069136543305161 ] ] ] ] } },
{ "type": "Feature", "properties": { "geogrid_id": "7308469267070799343", "seqnum": 3704.0, "lat_c": -8.4692670129972765, "lon_c": -70.799342999647521, "res": 7.0, "count_Insects": 90, "count_Amphibians": 13, "count_Arachnids": 11, "count_Flowering Plants": 60, "count_Birds": 50, "count_Mammals": 19, "count_Ferns": 4, "count_Reptiles": 14, "count_Sac Fungi": 2, "count_Basidiomycota": 4, "count_Molluscs": 0, "count_Mosses": 0, "count_Gymnosperms": 1, "unique_species_count": 268.0, "countryCode": "BR" }, "geometry": { "type": "MultiPolygon", "coordinates": [ [ [ [ -70.018842598209218, -8.069967324856465 ], [ -69.983181517271646, -8.865841207104191 ], [ -70.766561057669719, -9.265291392233761 ], [ -71.582081405494066, -8.867601579605488 ], [ -71.609307235919331, -8.069136543305161 ], [ -70.829114306247718, -7.670635271270426 ], [ -70.018842598209218, -8.069967324856465 ] ] ] ] } },
{ "type": "Feature", "properties": { "geogrid_id": "7308574492061223748", "seqnum": 3870.0, "lat_c": -8.5744924789321271, "lon_c": -61.223747861673637, "res": 7.0, "count_Insects": 38, "count_Amphibians": 3, "count_Arachnids": 0, "count_Flowering Plants": 3, "count_Birds": 19, "count_Mammals": 4, "count_Ferns": 0, "count_Reptiles": 6, "count_Sac Fungi": 0, "count_Basidiomycota": 1, "count_Molluscs": 0, "count_Mosses": 0, "count_Gymnosperms": 0, "unique_species_count": 74.0, "countryCode": "BR" }, "geometry": { "type": "MultiPolygon", "coordinates": [ [ [ [ -60.507602692854249, -8.26428348979943 ], [ -60.486520956859096, -9.138850312214933 ], [ -61.20642952901003, -9.455713921076311 ], [ -61.935596635904929, -8.870937604808175 ], [ -61.94498493295, -7.974275138767058 ], [ -61.239474060122411, -7.688473463604597 ], [ -60.507602692854249, -8.26428348979943 ] ] ] ] } },
{ "type": "Feature", "properties": { "geogrid_id": "7308810049059764365", "seqnum": 3898.0, "lat_c": -8.810048940503318, "lon_c": -59.764364541473824, "res": 7.0, "count_Insects": 30, "count_Amphibians": 0, "count_Arachnids": 0, "count_Flowering Plants": 2, "count_Birds": 3, "count_Mammals": 2, "count_Ferns": 0, "count_Reptiles": 0, "count_Sac Fungi": 0, "count_Basidiomycota": 4, "count_Molluscs": 0, "count_Mosses": 0, "count_Gymnosperms": 0, "unique_species_count": 41.0, "countryCode": "BR" }, "geometry": { "type": "MultiPolygon", "coordinates": [ [ [ [ -59.040819216357917, -8.469614096564529 ], [ -59.015059412729421, -9.335385384266649 ], [ -59.740497175470281, -9.678743742012438 ], [ -60.486520956859096, -9.138850312214933 ], [ -60.507602692854249, -8.26428348979943 ], [ -59.788201161129564, -7.940596398512078 ], [ -59.040819216357917, -8.469614096564529 ] ] ] ] } },
{ "type": "Feature", "properties": { "geogrid_id": "7308981869058289538", "seqnum": 3925.0, "lat_c": -8.9818686532301015, "lon_c": -58.289538404771982, "res": 7.0, "count_Insects": 28, "count_Amphibians": 2, "count_Arachnids": 2, "count_Flowering Plants": 54, "count_Birds": 6, "count_Mammals": 4, "count_Ferns": 0, "count_Reptiles": 5, "count_Sac Fungi": 1, "count_Basidiomycota": 3, "count_Molluscs": 0, "count_Mosses": 0, "count_Gymnosperms": 0, "unique_species_count": 105.0, "countryCode": "BR" }, "geometry": { "type": "MultiPolygon", "coordinates": [ [ [ [ -57.564646726232191, -8.618526588555246 ], [ -57.536070329700131, -9.482255456728195 ], [ -58.262290899723361, -9.846258500060532 ], [ -59.015059412729421, -9.335385384266649 ], [ -59.040819216357917, -8.469614096564529 ], [ -58.316760725817296, -8.117895393265689 ], [ -57.564646726232191, -8.618526588555246 ] ] ] ] } },
{ "type": "Feature", "properties": { "geogrid_id": "7309109599056811277", "seqnum": 3953.0, "lat_c": -9.1095988717996761, "lon_c": -56.811277096315862, "res": 7.0, "count_Insects": 92, "count_Amphibians": 11, "count_Arachnids": 11, "count_Flowering Plants": 22, "count_Birds": 90, "count_Mammals": 10, "count_Ferns": 0, "count_Reptiles": 12, "count_Sac Fungi": 0, "count_Basidiomycota": 3, "count_Molluscs": 2, "count_Mosses": 0, "count_Gymnosperms": 0, "unique_species_count": 253.0, "countryCode": "BR" }, "geometry": { "type": "MultiPolygon", "coordinates": [ [ [ [ -56.088490658734329, -8.728622255239106 ], [ -56.057009460261973, -9.593622400694748 ], [ -56.781173891983151, -9.97392126851511 ], [ -57.536070329700131, -9.482255456728195 ], [ -57.564646726232191, -8.618526588555246 ], [ -56.841099400000083, -8.24572337482374 ], [ -56.088490658734329, -8.728622255239106 ] ] ] ] } },
{ "type": "Feature", "properties": { "geogrid_id": "7309205931055335310", "seqnum": 3981.0, "lat_c": -9.2059309400757581, "lon_c": -55.335310446896209, "res": 7.0, "count_Insects": 477, "count_Amphibians": 47, "count_Arachnids": 23, "count_Flowering Plants": 71, "count_Birds": 371, "count_Mammals": 51, "count_Ferns": 2, "count_Reptiles": 69, "count_Sac Fungi": 17, "count_Basidiomycota": 48, "count_Molluscs": 6, "count_Mosses": 0, "count_Gymnosperms": 0, "unique_species_count": 1182.0, "countryCode": "BR" }, "geometry": { "type": "MultiPolygon", "coordinates": [ [ [ [ -54.616542769628417, -8.811167019548764 ], [ -54.581443356196537, -9.678935113756083 ], [ -55.301895084016181, -10.07226144697035 ], [ -56.057009460261973, -9.593622400694748 ], [ -56.088490658734329, -8.728622255239106 ], [ -55.368285893114944, -8.339680259399687 ], [ -54.616542769628417, -8.811167019548764 ] ] ] ] } },
{ "type": "Feature", "properties": { "geogrid_id": "7309279272053864157", "seqnum": 4008.0, "lat_c": -9.2792724536350999, "lon_c": -53.864156867914424, "res": 7.0, "count_Insects": 1, "count_Amphibians": 1, "count_Arachnids": 0, "count_Flowering Plants": 1, "count_Birds": 0, "count_Mammals": 0, "count_Ferns": 0, "count_Reptiles": 0, "count_Sac Fungi": 0, "count_Basidiomycota": 0, "count_Molluscs": 0, "count_Mosses": 0, "count_Gymnosperms": 0, "unique_species_count": 3.0, "countryCode": "BR" }, "geometry": { "type": "MultiPolygon", "coordinates": [ [ [ [ -53.150407417514138, -8.873574150498902 ], [ -53.110878733263924, -9.744643785974631 ], [ -53.826697541144334, -10.148507810463604 ], [ -54.581443356196537, -9.678935113756083 ], [ -54.616542769628417, -8.811167019548764 ], [ -53.901164743365683, -8.409664984147641 ], [ -53.150407417514138, -8.873574150498902 ] ] ] ] } },
{ "type": "Feature", "properties": { "geogrid_id": "7309335332052398683", "seqnum": 4036.0, "lat_c": -9.3353320238931179, "lon_c": -52.398682876224633, "res": 7.0, "count_Insects": 1, "count_Amphibians": 0, "count_Arachnids": 0, "count_Flowering Plants": 1, "count_Birds": 0, "count_Mammals": 0, "count_Ferns": 0, "count_Reptiles": 0, "count_Sac Fungi": 0, "count_Basidiomycota": 0, "count_Molluscs": 0, "count_Mosses": 0, "count_Gymnosperms": 0, "unique_species_count": 2.0, "countryCode": "BR" }, "geometry": { "type": "MultiPolygon", "coordinates": [ [ [ [ -51.690404693043575, -8.920851777733432 ], [ -51.645730009122197, -9.795248840158546 ], [ -52.356456648221993, -10.207726192997294 ], [ -53.110878733263924, -9.744643785974631 ], [ -53.150407417514138, -8.873574150498902 ], [ -52.440558298770817, -8.462150317538438 ], [ -51.690404693043575, -8.920851777733432 ] ] ] ] } },
{ "type": "Feature", "properties": { "geogrid_id": "7309378076050938910", "seqnum": 4064.0, "lat_c": -9.3780762316056396, "lon_c": -50.938910059840218, "res": 7.0, "count_Insects": 1, "count_Amphibians": 1, "count_Arachnids": 0, "count_Flowering Plants": 2, "count_Birds": 0, "count_Mammals": 2, "count_Ferns": 0, "count_Reptiles": 4, "count_Sac Fungi": 0, "count_Basidiomycota": 1, "count_Molluscs": 0, "count_Mosses": 0, "count_Gymnosperms": 0, "unique_species_count": 11.0, "countryCode": "BR" }, "geometry": { "type": "MultiPolygon", "coordinates": [ [ [ [ -50.23622864958655, -8.956466296224061 ], [ -50.185838788471614, -9.833954828700078 ], [ -50.891303507217117, -10.253536226089571 ], [ -51.645730009122197, -9.795248840158546 ], [ -51.690404693043575, -8.920851777733432 ], [ -50.986330573100233, -8.501488422124968 ], [ -50.23622864958655, -8.956466296224061 ] ] ] ] } },
{ "type": "Feature", "properties": { "geogrid_id": "7309381980032200087", "seqnum": 13171.0, "lat_c": -9.381980501327094, "lon_c": -32.200087215529066, "res": 7.0, "count_Insects": 0, "count_Amphibians": 0, "count_Arachnids": 0, "count_Flowering Plants": 0, "count_Birds": 0, "count_Mammals": 1, "count_Ferns": 0, "count_Reptiles": 1, "count_Sac Fungi": 0, "count_Basidiomycota": 0, "count_Molluscs": 0, "count_Mosses": 0, "count_Gymnosperms": 0, "unique_species_count": 2.0, "countryCode": "BR" }, "geometry": { "type": "MultiPolygon", "coordinates": [ [ [ [ -31.549363172356937, -8.931098259115274 ], [ -31.397615710678362, -9.805966874208446 ], [ -32.050589169286297, -10.255604975603926 ], [ -32.853787223925544, -9.832836868949471 ], [ -32.999479021835889, -8.958876376147641 ], [ -32.348094895119551, -8.506985108665047 ], [ -31.549363172356937, -8.931098259115274 ] ] ] ] } },
{ "type": "Feature", "properties": { "geogrid_id": "7309410320049484439", "seqnum": 4091.0, "lat_c": -9.4103203452455197, "lon_c": -49.48443878441833, "res": 7.0, "count_Insects": 45, "count_Amphibians": 0, "count_Arachnids": 0, "count_Flowering Plants": 8, "count_Birds": 83, "count_Mammals": 29, "count_Ferns": 0, "count_Reptiles": 16, "count_Sac Fungi": 0, "count_Basidiomycota": 1, "count_Molluscs": 0, "count_Mosses": 0, "count_Gymnosperms": 0, "unique_species_count": 182.0, "countryCode": "BR" }, "geometry": { "type": "MultiPolygon", "coordinates": [ [ [ [ -48.787284027527974, -8.982870493158456 ], [ -48.730756025982089, -9.863086578260692 ], [ -49.430970737868854, -10.288571157013399 ], [ -50.185838788471614, -9.833954828700078 ], [ -50.23622864958655, -8.956466296224061 ], [ -49.537909970265751, -8.530680785833839 ], [ -48.787284027527974, -8.982870493158456 ] ] ] ] } },
{ "type": "Feature", "properties": { "geogrid_id": "7309410485033653730", "seqnum": 13144.0, "lat_c": -9.4104845070148269, "lon_c": -33.653730380074443, "res": 7.0, "count_Insects": 0, "count_Amphibians": 0, "count_Arachnids": 0, "count_Flowering Plants": 0, "count_Birds": 1, "count_Mammals": 3, "count_Ferns": 0, "count_Reptiles": 1, "count_Sac Fungi": 0, "count_Basidiomycota": 0, "count_Molluscs": 0, "count_Mosses": 0, "count_Gymnosperms": 0, "unique_species_count": 5.0, "countryCode": "BR" }, "geometry": { "type": "MultiPolygon", "coordinates": [ [ [ [ -32.999479021835889, -8.958876376147641 ], [ -32.853787223925544, -9.832836868949471 ], [ -33.510495814581787, -10.283556125351593 ], [ -34.310885294548051, -9.861702182872445 ], [ -34.434164522921897, -8.976154667781756 ], [ -33.780499929428679, -8.524634159262861 ], [ -32.999479021835889, -8.958876376147641 ] ] ] ] } },
{ "type": "Feature", "properties": { "geogrid_id": "7309421714063342470", "seqnum": 3869.0, "lat_c": -9.421714432936291, "lon_c": -63.34247016996251, "res": 7.0, "count_Insects": 640, "count_Amphibians": 6, "count_Arachnids": 34, "count_Flowering Plants": 104, "count_Birds": 171, "count_Mammals": 7, "count_Ferns": 1, "count_Reptiles": 30, "count_Sac Fungi": 3, "count_Basidiomycota": 17, "count_Molluscs": 4, "count_Mosses": 1, "count_Gymnosperms": 0, "unique_species_count": 1018.0, "countryCode": "BR" }, "geometry": { "type": "MultiPolygon", "coordinates": [ [ [ [ -62.642152890743198, -9.153397523810945 ], [ -62.636179240548344, -10.052641620051613 ], [ -63.344427105106064, -10.332328458802468 ], [ -64.149176750654533, -9.865236513714793 ], [ -64.243968581280072, -9.11999136844314 ], [ -63.445972023277108, -8.687401416769708 ], [ -62.642152890743198, -9.153397523810945 ] ] ] ] } },
{ "type": "Feature", "properties": { "geogrid_id": "7309427219035090885", "seqnum": 4368.0, "lat_c": -9.4272193800435709, "lon_c": -35.090885150391557, "res": 7.0, "count_Insects": 265, "count_Amphibians": 21, "count_Arachnids": 31, "count_Flowering Plants": 333, "count_Birds": 229, "count_Mammals": 21, "count_Ferns": 6, "count_Reptiles": 34, "count_Sac Fungi": 1, "count_Basidiomycota": 27, "count_Molluscs": 69, "count_Mosses": 1, "count_Gymnosperms": 0, "unique_species_count": 1038.0, "countryCode": "BR" }, "geometry": { "type": "MultiPolygon", "coordinates": [ [ [ [ -34.434164522921897, -8.976154667781756 ], [ -34.310885295846823, -9.861702181229722 ], [ -34.970979716704548, -10.312420905701204 ], [ -35.750691117898526, -9.877714446152751 ], [ -35.867448911838359, -8.991146658837376 ], [ -35.211236809467707, -8.540193085095932 ], [ -34.434164522921897, -8.976154667781756 ] ] ] ] } },
{ "type": "Feature", "properties": { "geogrid_id": "7309434101048034673", "seqnum": 4119.0, "lat_c": -9.4341014526961366, "lon_c": -48.034672668382811, "res": 7.0, "count_Insects": 20, "count_Amphibians": 1, "count_Arachnids": 2, "count_Flowering Plants": 13, "count_Birds": 41, "count_Mammals": 4, "count_Ferns": 1, "count_Reptiles": 10, "count_Sac Fungi": 0, "count_Basidiomycota": 0, "count_Molluscs": 0, "count_Mosses": 0, "count_Gymnosperms": 0, "unique_species_count": 92.0, "countryCode": "BR" }, "geometry": { "type": "MultiPolygon", "coordinates": [ [ [ [ -47.342859191429092, -9.001834830056509 ], [ -47.279896164317279, -9.884359625152388 ], [ -47.974985988148894, -10.314778541006547 ], [ -48.730756025982089, -9.863086578260692 ], [ -48.787284027527974, -8.982870493158456 ], [ -48.094548271616794, -8.551845209482813 ], [ -47.342859191429092, -9.001834830056509 ] ] ] ] } },
{ "type": "Feature", "properties": { "geogrid_id": "7309441458036526904", "seqnum": 4340.0, "lat_c": -9.4414577737200602, "lon_c": -36.526904254496287, "res": 7.0, "count_Insects": 500, "count_Amphibians": 35, "count_Arachnids": 58, "count_Flowering Plants": 932, "count_Birds": 289, "count_Mammals": 36, "count_Ferns": 32, "count_Reptiles": 62, "count_Sac Fungi": 17, "count_Basidiomycota": 50, "count_Molluscs": 40, "count_Mosses": 26, "count_Gymnosperms": 0, "unique_species_count": 2077.0, "countryCode": "BR" }, "geometry": { "type": "MultiPolygon", "coordinates": [ [ [ [ -35.867448911838359, -8.991146658837376 ], [ -35.750691117898526, -9.877714446152751 ], [ -36.413611093270546, -10.327524814223246 ], [ -37.189623936955073, -9.89100531449955 ], [ -37.299778885988474, -9.003713345178214 ], [ -36.640742173835271, -8.553544374931016 ], [ -35.867448911838359, -8.991146658837376 ] ] ] ] } },
{ "type": "Feature", "properties": { "geogrid_id": "7309450920046588938", "seqnum": 4147.0, "lat_c": -9.4509195348532895, "lon_c": -46.588937533933297, "res": 7.0, "count_Insects": 10, "count_Amphibians": 0, "count_Arachnids": 3, "count_Flowering Plants": 7, "count_Birds": 17, "count_Mammals": 1, "count_Ferns": 0, "count_Reptiles": 6, "count_Sac Fungi": 0, "count_Basidiomycota": 0, "count_Molluscs": 0, "count_Mosses": 0, "count_Gymnosperms": 0, "unique_species_count": 44.0, "countryCode": "BR" }, "geometry": { "type": "MultiPolygon", "coordinates": [ [ [ [ -45.902214095730272, -9.014660323090208 ], [ -45.832621084756092, -9.899059562482806 ], [ -46.52278053603488, -10.33362064498437 ], [ -47.279896164317279, -9.884359625152388 ], [ -47.342859191429092, -9.001834830056509 ], [ -46.655448265518729, -8.566506858148141 ], [ -45.902214095730272, -9.014660323090208 ] ] ] ] } },
{ "type": "Feature", "properties": { "geogrid_id": "7309453037037962243", "seqnum": 4313.0, "lat_c": -9.4530368638005164, "lon_c": -37.962243308943677, "res": 7.0, "count_Insects": 56, "count_Amphibians": 3, "count_Arachnids": 12, "count_Flowering Plants": 119, "count_Birds": 100, "count_Mammals": 9, "count_Ferns": 0, "count_Reptiles": 19, "count_Sac Fungi": 0, "count_Basidiomycota": 2, "count_Molluscs": 3, "count_Mosses": 0, "count_Gymnosperms": 0, "unique_species_count": 323.0, "countryCode": "BR" }, "geometry": { "type": "MultiPolygon", "coordinates": [ [ [ [ -37.299778885988474, -9.003713345178214 ], [ -37.189623936955073, -9.89100531449955 ], [ -37.855628111571257, -10.339666958643781 ], [ -38.628146909639689, -9.901385722010035 ], [ -38.731624568248264, -9.013681836413761 ], [ -38.0694754021481, -8.564541423626959 ], [ -37.299778885988474, -9.003713345178214 ] ] ] ] } },
{ "type": "Feature", "properties": { "geogrid_id": "7309461755039397382", "seqnum": 4285.0, "lat_c": -9.461754664769618, "lon_c": -39.397381610674316, "res": 7.0, "count_Insects": 21, "count_Amphibians": 3, "count_Arachnids": 6, "count_Flowering Plants": 48, "count_Birds": 75, "count_Mammals": 7, "count_Ferns": 0, "count_Reptiles": 5, "count_Sac Fungi": 0, "count_Basidiomycota": 0, "count_Molluscs": 0, "count_Mosses": 0, "count_Gymnosperms": 0, "unique_species_count": 165.0, "countryCode": "BR" }, "geometry": { "type": "MultiPolygon", "coordinates": [ [ [ [ -38.731624568248264, -9.013681836413761 ], [ -38.628146909639689, -9.901385722010035 ], [ -39.297499847007217, -10.348629523944567 ], [ -40.066746643874808, -9.908621669554767 ], [ -40.163483664456542, -9.020836175107309 ], [ -39.497923088581544, -8.57300065347483 ], [ -38.731624568248264, -9.013681836413761 ] ] ] ] } },
{ "type": "Feature", "properties": { "geogrid_id": "7309461897045146544", "seqnum": 4174.0, "lat_c": -9.4618966043944344, "lon_c": -45.146543607589074, "res": 7.0, "count_Insects": 3, "count_Amphibians": 0, "count_Arachnids": 2, "count_Flowering Plants": 0, "count_Birds": 22, "count_Mammals": 2, "count_Ferns": 0, "count_Reptiles": 0, "count_Sac Fungi": 0, "count_Basidiomycota": 0, "count_Molluscs": 0, "count_Mosses": 0, "count_Gymnosperms": 0, "unique_species_count": 29.0, "countryCode": "BR" }, "geometry": { "type": "MultiPolygon", "coordinates": [ [ [ [ -44.464623588142942, -9.022318470461416 ], [ -44.388285083979476, -9.908163292219944 ], [ -45.073749888403569, -10.346210476745346 ], [ -45.832621084756092, -9.899059562482806 ], [ -45.902214095730272, -9.014660323090208 ], [ -45.219824879963902, -8.575784356481448 ], [ -44.464623588142942, -9.022318470461416 ] ] ] ] } },
{ "type": "Feature", "properties": { "geogrid_id": "7309467359040832826", "seqnum": 4257.0, "lat_c": -9.4673594228016356, "lon_c": -40.83282582805974, "res": 7.0, "count_Insects": 69, "count_Amphibians": 12, "count_Arachnids": 10, "count_Flowering Plants": 97, "count_Birds": 87, "count_Mammals": 12, "count_Ferns": 0, "count_Reptiles": 21, "count_Sac Fungi": 0, "count_Basidiomycota": 1, "count_Molluscs": 3, "count_Mosses": 0, "count_Gymnosperms": 0, "unique_species_count": 312.0, "countryCode": "BR" }, "geometry": { "type": "MultiPolygon", "coordinates": [ [ [ [ -40.163483664456542, -9.020836175107309 ], [ -40.066746643874808, -9.908621669554767 ], [ -40.739718054192601, -10.354143479403383 ], [ -41.505936256384601, -9.912422065834512 ], [ -41.595885842153287, -9.024905053251748 ], [ -40.926603958582731, -8.578690962421485 ], [ -40.163483664456542, -9.020836175107309 ] ] ] ] } },
{ "type": "Feature", "properties": { "geogrid_id": "7309467884043706817", "seqnum": 4202.0, "lat_c": -9.4678838970171544, "lon_c": -43.706816879536184, "res": 7.0, "count_Insects": 68, "count_Amphibians": 2, "count_Arachnids": 6, "count_Flowering Plants": 8, "count_Birds": 10, "count_Mammals": 2, "count_Ferns": 0, "count_Reptiles": 5, "count_Sac Fungi": 0, "count_Basidiomycota": 0, "count_Molluscs": 0, "count_Mosses": 0, "count_Gymnosperms": 0, "unique_species_count": 101.0, "countryCode": "BR" }, "geometry": { "type": "MultiPolygon", "coordinates": [ [ [ [ -43.029397092620066, -9.025545179950717 ], [ -42.946258028139802, -9.912422494941538 ], [ -43.627286949538757, -10.353405732205825 ], [ -44.388285083979476, -9.908163292219944 ], [ -44.464623588142942, -9.022318470461416 ], [ -43.786932357424675, -8.58051162773981 ], [ -43.029397092620066, -9.025545179950717 ] ] ] ] } },
{ "type": "Feature", "properties": { "geogrid_id": "7309469535042269114", "seqnum": 4230.0, "lat_c": -9.4695354390352247, "lon_c": -42.269113632592465, "res": 7.0, "count_Insects": 41, "count_Amphibians": 6, "count_Arachnids": 8, "count_Flowering Plants": 40, "count_Birds": 36, "count_Mammals": 11, "count_Ferns": 0, "count_Reptiles": 19, "count_Sac Fungi": 0, "count_Basidiomycota": 1, "count_Molluscs": 0, "count_Mosses": 0, "count_Gymnosperms": 0, "unique_species_count": 162.0, "countryCode": "BR" }, "geometry": { "type": "MultiPolygon", "coordinates": [ [ [ [ -41.595885842153287, -9.024905053251748 ], [ -41.505936256384601, -9.912422065834512 ], [ -42.1827994111298, -10.355874743227838 ], [ -42.946258028139802, -9.912422494941538 ], [ -43.029397092620066, -9.025545179950717 ], [ -42.356074118995281, -8.581319420536586 ], [ -41.595885842153287, -9.024905053251748 ] ] ] ] } },
{ "type": "Feature", "properties": { "geogrid_id": "7309545196065039186", "seqnum": 3841.0, "lat_c": -9.5451962346480226, "lon_c": -65.039185765687989, "res": 7.0, "count_Insects": 40, "count_Amphibians": 21, "count_Arachnids": 9, "count_Flowering Plants": 180, "count_Birds": 104, "count_Mammals": 5, "count_Ferns": 3, "count_Reptiles": 21, "count_Sac Fungi": 2, "count_Basidiomycota": 3, "count_Molluscs": 0, "count_Mosses": 0, "count_Gymnosperms": 0, "unique_species_count": 388.0, "countryCode": "BR" }, "geometry": { "type": "MultiPolygon", "coordinates": [ [ [ [ -64.243968581280072, -9.11999136844314 ], [ -64.149176750654533, -9.865236513714793 ], [ -64.952008876313499, -10.298733970090483 ], [ -65.832942541400342, -9.9650335651618 ], [ -65.907397541048169, -9.197372733811346 ], [ -65.119794906135112, -8.782741441519471 ], [ -64.243968581280072, -9.11999136844314 ] ] ] ] } },
{ "type": "Feature", "properties": { "geogrid_id": "7309608984066695026", "seqnum": 3814.0, "lat_c": -9.6089841175197535, "lon_c": -66.69502609969733, "res": 7.0, "count_Insects": 112, "count_Amphibians": 1, "count_Arachnids": 6, "count_Flowering Plants": 35, "count_Birds": 47, "count_Mammals": 1, "count_Ferns": 0, "count_Reptiles": 4, "count_Sac Fungi": 0, "count_Basidiomycota": 2, "count_Molluscs": 0, "count_Mosses": 0, "count_Gymnosperms": 0, "unique_species_count": 208.0, "countryCode": "BR" }, "geometry": { "type": "MultiPolygon", "coordinates": [ [ [ [ -65.907397541048169, -9.197372733811346 ], [ -65.832942541400342, -9.9650335651618 ], [ -66.626188599275167, -10.380767010983941 ], [ -67.48325205109748, -10.0181190969305 ], [ -67.54204889204776, -9.237530933547982 ], [ -66.758496134771264, -8.830956956233981 ], [ -65.907397541048169, -9.197372733811346 ] ] ] ] } },
{ "type": "Feature", "properties": { "geogrid_id": "7309642475068326889", "seqnum": 3786.0, "lat_c": -9.6424749357805783, "lon_c": -68.326889228271426, "res": 7.0, "count_Insects": 806, "count_Amphibians": 55, "count_Arachnids": 90, "count_Flowering Plants": 500, "count_Birds": 387, "count_Mammals": 34, "count_Ferns": 10, "count_Reptiles": 71, "count_Sac Fungi": 5, "count_Basidiomycota": 31, "count_Molluscs": 5, "count_Mosses": 1, "count_Gymnosperms": 1, "unique_species_count": 1996.0, "countryCode": "BR" }, "geometry": { "type": "MultiPolygon", "coordinates": [ [ [ [ -67.54204889204776, -9.237530933547982 ], [ -67.48325205109748, -10.0181190969305 ], [ -68.272525982097946, -10.425133129008165 ], [ -69.113315397626891, -10.045919755274459 ], [ -69.159550993751978, -9.257523185563269 ], [ -68.376925208071256, -8.855280496597237 ], [ -67.54204889204776, -9.237530933547982 ] ] ] ] } },
{ "type": "Feature", "properties": { "geogrid_id": "7309658588069944098", "seqnum": 3758.0, "lat_c": -9.6585875210780294, "lon_c": -69.944097938911796, "res": 7.0, "count_Insects": 35, "count_Amphibians": 17, "count_Arachnids": 9, "count_Flowering Plants": 19, "count_Birds": 71, "count_Mammals": 4, "count_Ferns": 0, "count_Reptiles": 14, "count_Sac Fungi": 0, "count_Basidiomycota": 1, "count_Molluscs": 0, "count_Mosses": 0, "count_Gymnosperms": 0, "unique_species_count": 170.0, "countryCode": "BR" }, "geometry": { "type": "MultiPolygon", "coordinates": [ [ [ [ -69.159550993751978, -9.257523185563269 ], [ -69.113315397626891, -10.045919755274459 ], [ -69.901584979255333, -10.447944393567974 ], [ -70.730759064189812, -10.058475877908696 ], [ -70.766561057669719, -9.265291392233761 ], [ -69.983181517271646, -8.865841207104191 ], [ -69.159550993751978, -9.257523185563269 ] ] ] ] } },
{ "type": "Feature", "properties": { "geogrid_id": "7309661173073154823", "seqnum": 3703.0, "lat_c": -9.6611729415100847, "lon_c": -73.154823104692909, "res": 7.0, "count_Insects": 2, "count_Amphibians": 0, "count_Arachnids": 0, "count_Flowering Plants": 17, "count_Birds": 2, "count_Mammals": 0, "count_Ferns": 0, "count_Reptiles": 0, "count_Sac Fungi": 0, "count_Basidiomycota": 0, "count_Molluscs": 0, "count_Mosses": 0, "count_Gymnosperms": 0, "unique_species_count": 21.0, "countryCode": "BR" }, "geometry": { "type": "MultiPolygon", "coordinates": [ [ [ [ -72.367195837400388, -9.264921039943877 ], [ -72.340312477456209, -10.060974011741944 ], [ -73.13098416570547, -10.45712135429673 ], [ -73.945099321844964, -10.056302684006846 ], [ -73.964177428467366, -9.258680625890209 ], [ -73.176709040081306, -8.863215790742672 ], [ -72.367195837400388, -9.264921039943877 ] ] ] ] } },
{ "type": "Feature", "properties": { "geogrid_id": "7309663682071552221", "seqnum": 3731.0, "lat_c": -9.6636823705846737, "lon_c": -71.552220803059583, "res": 7.0, "count_Insects": 0, "count_Amphibians": 0, "count_Arachnids": 0, "count_Flowering Plants": 2, "count_Birds": 0, "count_Mammals": 0, "count_Ferns": 0, "count_Reptiles": 0, "count_Sac Fungi": 2, "count_Basidiomycota": 1, "count_Molluscs": 2, "count_Mosses": 0, "count_Gymnosperms": 0, "unique_species_count": 7.0, "countryCode": "BR" }, "geometry": { "type": "MultiPolygon", "coordinates": [ [ [ [ -70.766561057669719, -9.265291392233761 ], [ -70.730759064189812, -10.058475877908696 ], [ -71.519714117122021, -10.457175431682565 ], [ -72.340312477456209, -10.060974011741944 ], [ -72.367195837400388, -9.264921039943877 ], [ -71.582081405494066, -8.867601579605488 ], [ -70.766561057669719, -9.265291392233761 ] ] ] ] } },
{ "type": "Feature", "properties": { "geogrid_id": "7309760382061923253", "seqnum": 3897.0, "lat_c": -9.7603816036723234, "lon_c": -61.923252815994651, "res": 7.0, "count_Insects": 50, "count_Amphibians": 4, "count_Arachnids": 15, "count_Flowering Plants": 13, "count_Birds": 20, "count_Mammals": 4, "count_Ferns": 0, "count_Reptiles": 8, "count_Sac Fungi": 0, "count_Basidiomycota": 1, "count_Molluscs": 2, "count_Mosses": 0, "count_Gymnosperms": 0, "unique_species_count": 117.0, "countryCode": "BR" }, "geometry": { "type": "MultiPolygon", "coordinates": [ [ [ [ -61.20642952901003, -9.455713921076311 ], [ -61.188304786368185, -10.333816641337132 ], [ -61.909291260430052, -10.645031341314589 ], [ -62.636179240548344, -10.052641620051613 ], [ -62.642152890743198, -9.153397523810945 ], [ -61.935596635904929, -8.870937604808175 ], [ -61.20642952901003, -9.455713921076311 ] ] ] ] } },
{ "type": "Feature", "properties": { "geogrid_id": "7310011643060465145", "seqnum": 3924.0, "lat_c": -10.011643173208736, "lon_c": -60.4651448915019, "res": 7.0, "count_Insects": 1, "count_Amphibians": 0, "count_Arachnids": 0, "count_Flowering Plants": 1, "count_Birds": 0, "count_Mammals": 1, "count_Ferns": 0, "count_Reptiles": 1, "count_Sac Fungi": 0, "count_Basidiomycota": 0, "count_Molluscs": 0, "count_Mosses": 0, "count_Gymnosperms": 0, "unique_species_count": 4.0, "countryCode": "BR" }, "geometry": { "type": "MultiPolygon", "coordinates": [ [ [ [ -59.740497175470281, -9.678743742012438 ], [ -59.716686567607496, -10.547083772121985 ], [ -60.443699793189438, -10.883356256492036 ], [ -61.188304786368185, -10.333816641337132 ], [ -61.20642952901003, -9.455713921076311 ], [ -60.486520956859096, -9.138850312214933 ], [ -59.740497175470281, -9.678743742012438 ] ] ] ] } },
{ "type": "Feature", "properties": { "geogrid_id": "7310201297058989357", "seqnum": 3952.0, "lat_c": -10.201297020734934, "lon_c": -58.989356972158198, "res": 7.0, "count_Insects": 16, "count_Amphibians": 6, "count_Arachnids": 7, "count_Flowering Plants": 26, "count_Birds": 42, "count_Mammals": 3, "count_Ferns": 0, "count_Reptiles": 4, "count_Sac Fungi": 1, "count_Basidiomycota": 1, "count_Molluscs": 3, "count_Mosses": 4, "count_Gymnosperms": 0, "unique_species_count": 113.0, "countryCode": "BR" }, "geometry": { "type": "MultiPolygon", "coordinates": [ [ [ [ -58.262290899723361, -9.846258500060532 ], [ -58.235005779198232, -10.711139138720087 ], [ -58.963716229123008, -11.067499647323723 ], [ -59.716686567607496, -10.547083772121985 ], [ -59.740497175470281, -9.678743742012438 ], [ -59.015059412729421, -9.335385384266649 ], [ -58.262290899723361, -9.846258500060532 ] ] ] ] } },
{ "type": "Feature", "properties": { "geogrid_id": "7310346523057507332", "seqnum": 3980.0, "lat_c": -10.346522870312695, "lon_c": -57.507331622194954, "res": 7.0, "count_Insects": 55, "count_Amphibians": 10, "count_Arachnids": 3, "count_Flowering Plants": 60, "count_Birds": 72, "count_Mammals": 12, "count_Ferns": 1, "count_Reptiles": 14, "count_Sac Fungi": 2, "count_Basidiomycota": 5, "count_Molluscs": 2, "count_Mosses": 0, "count_Gymnosperms": 0, "unique_species_count": 236.0, "countryCode": "BR" }, "geometry": { "type": "MultiPolygon", "coordinates": [ [ [ [ -56.781173891983151, -9.97392126851511 ], [ -56.75076969239111, -10.838755839817576 ], [ -57.478414351445927, -11.211378924896076 ], [ -58.235005779198232, -10.711139138720087 ], [ -58.262290899723361, -9.846258500060532 ], [ -57.536070329700131, -9.482255456728195 ], [ -56.781173891983151, -9.97392126851511 ] ] ] ] } },
{ "type": "Feature", "properties": { "geogrid_id": "7310458961056025133", "seqnum": 4007.0, "lat_c": -10.458961257089006, "lon_c": -56.025132598424001, "res": 7.0, "count_Insects": 315, "count_Amphibians": 23, "count_Arachnids": 43, "count_Flowering Plants": 180, "count_Birds": 233, "count_Mammals": 24, "count_Ferns": 5, "count_Reptiles": 38, "count_Sac Fungi": 6, "count_Basidiomycota": 16, "count_Molluscs": 7, "count_Mosses": 0, "count_Gymnosperms": 0, "unique_species_count": 890.0, "countryCode": "BR" }, "geometry": { "type": "MultiPolygon", "coordinates": [ [ [ [ -55.301895084016181, -10.07226144697035 ], [ -55.26798640423678, -10.938811449802452 ], [ -55.992829924721335, -11.324730880714434 ], [ -56.75076969239111, -10.838755839817576 ], [ -56.781173891983151, -9.97392126851511 ], [ -56.057009460261973, -9.593622400694748 ], [ -55.301895084016181, -10.07226144697035 ] ] ] ] } },
{ "type": "Feature", "properties": { "geogrid_id": "7310546652054545837", "seqnum": 4035.0, "lat_c": -10.54665183804433, "lon_c": -54.545836728659523, "res": 7.0, "count_Insects": 17, "count_Amphibians": 17, "count_Arachnids": 4, "count_Flowering Plants": 20, "count_Birds": 160, "count_Mammals": 7, "count_Ferns": 0, "count_Reptiles": 22, "count_Sac Fungi": 19, "count_Basidiomycota": 8, "count_Molluscs": 2, "count_Mosses": 0, "count_Gymnosperms": 0, "unique_species_count": 276.0, "countryCode": "BR" }, "geometry": { "type": "MultiPolygon", "coordinates": [ [ [ [ -53.826697541144334, -10.148507810463604 ], [ -53.788665838713861, -11.01758678124291 ], [ -54.509648807693836, -11.414479605675666 ], [ -55.26798640423678, -10.938811449802452 ], [ -55.301895084016181, -10.07226144697035 ], [ -54.581443356196537, -9.678935113756083 ], [ -53.826697541144334, -10.148507810463604 ] ] ] ] } },
{ "type": "Feature", "properties": { "geogrid_id": "7310599322064047248", "seqnum": 3896.0, "lat_c": -10.599322177853002, "lon_c": -64.047248207489204, "res": 7.0, "count_Insects": 318, "count_Amphibians": 5, "count_Arachnids": 5, "count_Flowering Plants": 12, "count_Birds": 20, "count_Mammals": 4, "count_Ferns": 0, "count_Reptiles": 8, "count_Sac Fungi": 0, "count_Basidiomycota": 2, "count_Molluscs": 1, "count_Mosses": 0, "count_Gymnosperms": 0, "unique_species_count": 375.0, "countryCode": "BR" }, "geometry": { "type": "MultiPolygon", "coordinates": [ [ [ [ -63.344427105106064, -10.332328458802468 ], [ -63.342080303713118, -11.233826465531282 ], [ -64.052598750195912, -11.511114506472524 ], [ -64.858369784274615, -11.042795139837185 ], [ -64.952008876313499, -10.298733970090483 ], [ -64.149176750654533, -9.865236513714793 ], [ -63.344427105106064, -10.332328458802468 ] ] ] ] } },
{ "type": "Feature", "properties": { "geogrid_id": "7310615255053070851", "seqnum": 4063.0, "lat_c": -10.615254894485256, "lon_c": -53.070850719602781, "res": 7.0, "count_Insects": 0, "count_Amphibians": 7, "count_Arachnids": 0, "count_Flowering Plants": 0, "count_Birds": 4, "count_Mammals": 1, "count_Ferns": 0, "count_Reptiles": 1, "count_Sac Fungi": 0, "count_Basidiomycota": 0, "count_Molluscs": 0, "count_Mosses": 0, "count_Gymnosperms": 0, "unique_species_count": 13.0, "countryCode": "BR" }, "geometry": { "type": "MultiPolygon", "coordinates": [ [ [ [ -52.356456648221993, -10.207726192997294 ], [ -52.313671678925409, -11.079603432861306 ], [ -53.030181175469401, -11.485630056061122 ], [ -53.788665838713861, -11.01758678124291 ], [ -53.826697541144334, -10.148507810463604 ], [ -53.110878733263924, -9.744643785974631 ], [ -52.356456648221993, -10.207726192997294 ] ] ] ] } },
{ "type": "Feature", "properties": { "geogrid_id": "7310668830051600646", "seqnum": 4090.0, "lat_c": -10.668829613676547, "lon_c": -51.600645727880313, "res": 7.0, "count_Insects": 0, "count_Amphibians": 0, "count_Arachnids": 0, "count_Flowering Plants": 6, "count_Birds": 0, "count_Mammals": 7, "count_Ferns": 0, "count_Reptiles": 0, "count_Sac Fungi": 0, "count_Basidiomycota": 0, "count_Molluscs": 0, "count_Mosses": 0, "count_Gymnosperms": 0, "unique_species_count": 13.0, "countryCode": "BR" }, "geometry": { "type": "MultiPolygon", "coordinates": [ [ [ [ -50.891303507217117, -10.253536226089571 ], [ -50.843210882357702, -11.128170743483189 ], [ -51.554930103079357, -11.541857314007595 ], [ -52.313671678925409, -11.079603432861306 ], [ -52.356456648221993, -10.207726192997294 ], [ -51.645730009122197, -9.795248840158546 ], [ -50.891303507217117, -10.253536226089571 ] ] ] ] } },
{ "type": "Feature", "properties": { "geogrid_id": "7310705382032706690", "seqnum": 13198.0, "lat_c": -10.705381889249137, "lon_c": -32.706689937872298, "res": 7.0, "count_Insects": 0, "count_Amphibians": 0, "count_Arachnids": 0, "count_Flowering Plants": 0, "count_Birds": 0, "count_Mammals": 1, "count_Ferns": 0, "count_Reptiles": 1, "count_Sac Fungi": 0, "count_Basidiomycota": 0, "count_Molluscs": 0, "count_Mosses": 0, "count_Gymnosperms": 0, "unique_species_count": 2.0, "countryCode": "BR" }, "geometry": { "type": "MultiPolygon", "coordinates": [ [ [ [ -32.050589169286297, -10.255604975603926 ], [ -31.899519498529308, -11.127958629142013 ], [ -32.558104942836479, -11.576599625410893 ], [ -33.365946107369496, -11.155180775556484 ], [ -33.510495814581787, -10.283556125351593 ], [ -32.853787223925544, -9.832836868949471 ], [ -32.050589169286297, -10.255604975603926 ] ] ] ] } },
{ "type": "Feature", "properties": { "geogrid_id": "7310710338050135172", "seqnum": 4118.0, "lat_c": -10.710337699955957, "lon_c": -50.135172426279972, "res": 7.0, "count_Insects": 34, "count_Amphibians": 5, "count_Arachnids": 1, "count_Flowering Plants": 16, "count_Birds": 67, "count_Mammals": 19, "count_Ferns": 0, "count_Reptiles": 14, "count_Sac Fungi": 0, "count_Basidiomycota": 0, "count_Molluscs": 0, "count_Mosses": 0, "count_Gymnosperms": 0, "unique_species_count": 156.0, "countryCode": "BR" }, "geometry": { "type": "MultiPolygon", "coordinates": [ [ [ [ -49.430970737868854, -10.288571157013399 ], [ -49.377118077664967, -11.165748445111193 ], [ -50.083927087746993, -11.585900268350885 ], [ -50.843210882357702, -11.128170743483189 ], [ -50.891303507217117, -10.253536226089571 ], [ -50.185838788471614, -9.833954828700078 ], [ -49.430970737868854, -10.288571157013399 ] ] ] ] } },
{ "type": "Feature", "properties": { "geogrid_id": "7310725022065752572", "seqnum": 3868.0, "lat_c": -10.725021707401044, "lon_c": -65.752571650829793, "res": 7.0, "count_Insects": 7, "count_Amphibians": 0, "count_Arachnids": 1, "count_Flowering Plants": 144, "count_Birds": 2, "count_Mammals": 2, "count_Ferns": 0, "count_Reptiles": 6, "count_Sac Fungi": 0, "count_Basidiomycota": 3, "count_Molluscs": 1, "count_Mosses": 1, "count_Gymnosperms": 0, "unique_species_count": 167.0, "countryCode": "BR" }, "geometry": { "type": "MultiPolygon", "coordinates": [ [ [ [ -64.952008876313499, -10.298733970090483 ], [ -64.858369784274615, -11.042795139837185 ], [ -65.666352252768831, -11.476857955144681 ], [ -66.552021260980325, -11.145873974640056 ], [ -66.626188599275167, -10.380767010983941 ], [ -65.832942541400342, -9.9650335651618 ], [ -64.952008876313499, -10.298733970090483 ] ] ] ] } },
{ "type": "Feature", "properties": { "geogrid_id": "7310734026034170245", "seqnum": 13170.0, "lat_c": -10.734025698995154, "lon_c": -34.170245247982805, "res": 7.0, "count_Insects": 0, "count_Amphibians": 0, "count_Arachnids": 0, "count_Flowering Plants": 0, "count_Birds": 1, "count_Mammals": 2, "count_Ferns": 0, "count_Reptiles": 1, "count_Sac Fungi": 0, "count_Basidiomycota": 0, "count_Molluscs": 0, "count_Mosses": 0, "count_Gymnosperms": 0, "unique_species_count": 4.0, "countryCode": "BR" }, "geometry": { "type": "MultiPolygon", "coordinates": [ [ [ [ -33.510495814581787, -10.283556125351593 ], [ -33.365946107369496, -11.155180775556484 ], [ -34.028385340782904, -11.60488333021817 ], [ -34.83306735830098, -11.184131739810242 ], [ -34.970979715338437, -10.312420907429804 ], [ -34.310885294548051, -9.861702182872445 ], [ -33.510495814581787, -10.283556125351593 ] ] ] ] } },
{ "type": "Feature", "properties": { "geogrid_id": "7310741975048674098", "seqnum": 4146.0, "lat_c": -10.741974915605638, "lon_c": -48.674097986347839, "res": 7.0, "count_Insects": 46, "count_Amphibians": 6, "count_Arachnids": 10, "count_Flowering Plants": 58, "count_Birds": 155, "count_Mammals": 15, "count_Ferns": 0, "count_Reptiles": 30, "count_Sac Fungi": 0, "count_Basidiomycota": 1, "count_Molluscs": 1, "count_Mosses": 0, "count_Gymnosperms": 0, "unique_species_count": 322.0, "countryCode": "BR" }, "geometry": { "type": "MultiPolygon", "coordinates": [ [ [ [ -47.974985988148894, -10.314778541006547 ], [ -47.915022166199343, -11.194191025598382 ], [ -48.616931890052633, -11.619828485233015 ], [ -49.377118077664967, -11.165748445111193 ], [ -49.430970737868854, -10.288571157013399 ], [ -48.730756025982089, -9.863086578260692 ], [ -47.974985988148894, -10.314778541006547 ] ] ] ] } },
{ "type": "Feature", "properties": { "geogrid_id": "7310762531035634049", "seqnum": 13143.0, "lat_c": -10.762531055714321, "lon_c": -35.634049149813364, "res": 7.0, "count_Insects": 10, "count_Amphibians": 5, "count_Arachnids": 2, "count_Flowering Plants": 3, "count_Birds": 6, "count_Mammals": 3, "count_Ferns": 0, "count_Reptiles": 3, "count_Sac Fungi": 0, "count_Basidiomycota": 0, "count_Molluscs": 7, "count_Mosses": 0, "count_Gymnosperms": 0, "unique_species_count": 39.0, "countryCode": "BR" }, "geometry": { "type": "MultiPolygon", "coordinates": [ [ [ [ -34.970979715338444, -10.312420907429804 ], [ -34.83306735830098, -11.184131739810242 ], [ -35.498993480894903, -11.633759178099005 ], [ -36.300128591939064, -11.211921925445271 ], [ -36.413611093270546, -10.327524814223246 ], [ -35.750691117898526, -9.877714446152751 ], [ -34.970979715338444, -10.312420907429804 ] ] ] ] } },
{ "type": "Feature", "properties": { "geogrid_id": "7310765393047216942", "seqnum": 4173.0, "lat_c": -10.765393219398998, "lon_c": -47.216942241362851, "res": 7.0, "count_Insects": 15, "count_Amphibians": 8, "count_Arachnids": 2, "count_Flowering Plants": 32, "count_Birds": 47, "count_Mammals": 9, "count_Ferns": 0, "count_Reptiles": 16, "count_Sac Fungi": 0, "count_Basidiomycota": 0, "count_Molluscs": 0, "count_Mosses": 0, "count_Gymnosperms": 0, "unique_species_count": 129.0, "countryCode": "BR" }, "geometry": { "type": "MultiPolygon", "coordinates": [ [ [ [ -46.52278053603488, -10.33362064498437 ], [ -46.456444321198902, -11.214915066295884 ], [ -47.153552320581902, -11.645225846827081 ], [ -47.915022166199343, -11.194191025598382 ], [ -47.974985988148894, -10.314778541006547 ], [ -47.279896164317279, -9.884359625152388 ], [ -46.52278053603488, -10.33362064498437 ] ] ] ] } },
{ "type": "Feature", "properties": { "geogrid_id": "7310776534037079673", "seqnum": 4367.0, "lat_c": -10.776534293398145, "lon_c": -37.079673029233057, "res": 7.0, "count_Insects": 220, "count_Amphibians": 18, "count_Arachnids": 53, "count_Flowering Plants": 296, "count_Birds": 178, "count_Mammals": 21, "count_Ferns": 2, "count_Reptiles": 44, "count_Sac Fungi": 6, "count_Basidiomycota": 10, "count_Molluscs": 23, "count_Mosses": 1, "count_Gymnosperms": 0, "unique_species_count": 872.0, "countryCode": "BR" }, "geometry": { "type": "MultiPolygon", "coordinates": [ [ [ [ -36.413611093270546, -10.327524814223246 ], [ -36.300128593436874, -11.211921923544599 ], [ -36.969252450533197, -11.660481788587662 ], [ -37.748904083904485, -11.22462561947277 ], [ -37.855628111571257, -10.339666958643781 ], [ -37.189623936955073, -9.89100531449955 ], [ -36.413611093270546, -10.327524814223246 ] ] ] ] } },
{ "type": "Feature", "properties": { "geogrid_id": "7310781852045763156", "seqnum": 4201.0, "lat_c": -10.781852193964868, "lon_c": -45.763155953531054, "res": 7.0, "count_Insects": 4, "count_Amphibians": 0, "count_Arachnids": 1, "count_Flowering Plants": 9, "count_Birds": 23, "count_Mammals": 1, "count_Ferns": 0, "count_Reptiles": 3, "count_Sac Fungi": 0, "count_Basidiomycota": 0, "count_Molluscs": 0, "count_Mosses": 0, "count_Gymnosperms": 0, "unique_species_count": 41.0, "countryCode": "BR" }, "geometry": { "type": "MultiPolygon", "coordinates": [ [ [ [ -45.073749888403569, -10.346210476745346 ], [ -45.000855531106232, -11.229015647443212 ], [ -45.693316196671589, -11.663318802865643 ], [ -46.456444321198902, -11.214915066295884 ], [ -46.52278053603488, -10.33362064498437 ], [ -45.832621084756092, -9.899059562482806 ], [ -45.073749888403569, -10.346210476745346 ] ] ] ] } },
{ "type": "Feature", "properties": { "geogrid_id": "7310787319038524936", "seqnum": 4339.0, "lat_c": -10.787319256147947, "lon_c": -38.524935897968433, "res": 7.0, "count_Insects": 71, "count_Amphibians": 4, "count_Arachnids": 21, "count_Flowering Plants": 76, "count_Birds": 43, "count_Mammals": 5, "count_Ferns": 0, "count_Reptiles": 7, "count_Sac Fungi": 0, "count_Basidiomycota": 0, "count_Molluscs": 4, "count_Mosses": 0, "count_Gymnosperms": 0, "unique_species_count": 231.0, "countryCode": "BR" }, "geometry": { "type": "MultiPolygon", "coordinates": [ [ [ [ -37.855628111571257, -10.339666958643781 ], [ -37.748904083904485, -11.22462561947277 ], [ -38.421330538676337, -11.671680523111311 ], [ -39.197565294927671, -11.233837712444132 ], [ -39.297499847007217, -10.348629523944567 ], [ -38.628146909639689, -9.901385722010035 ], [ -37.855628111571257, -10.339666958643781 ] ] ] ] } },
{ "type": "Feature", "properties": { "geogrid_id": "7310792324044312165", "seqnum": 4229.0, "lat_c": -10.792323992499432, "lon_c": -44.31216543421106, "res": 7.0, "count_Insects": 5, "count_Amphibians": 0, "count_Arachnids": 0, "count_Flowering Plants": 2, "count_Birds": 0, "count_Mammals": 0, "count_Ferns": 0, "count_Reptiles": 2, "count_Sac Fungi": 0, "count_Basidiomycota": 0, "count_Molluscs": 0, "count_Mosses": 0, "count_Gymnosperms": 0, "unique_species_count": 9.0, "countryCode": "BR" }, "geometry": { "type": "MultiPolygon", "coordinates": [ [ [ [ -43.627286949538757, -10.353405732205825 ], [ -43.547710038045267, -11.237348548388498 ], [ -44.235714406572754, -11.675067232847558 ], [ -45.000855531106232, -11.229015647443212 ], [ -45.073749888403569, -10.346210476745346 ], [ -44.388285083979476, -9.908163292219944 ], [ -43.627286949538757, -10.353405732205825 ] ] ] ] } },
{ "type": "Feature", "properties": { "geogrid_id": "7310793216067419637", "seqnum": 3840.0, "lat_c": -10.793215621947619, "lon_c": -67.41963657698372, "res": 7.0, "count_Insects": 3, "count_Amphibians": 5, "count_Arachnids": 0, "count_Flowering Plants": 9, "count_Birds": 24, "count_Mammals": 0, "count_Ferns": 0, "count_Reptiles": 6, "count_Sac Fungi": 0, "count_Basidiomycota": 0, "count_Molluscs": 0, "count_Mosses": 0, "count_Gymnosperms": 0, "unique_species_count": 47.0, "countryCode": "BR" }, "geometry": { "type": "MultiPolygon", "coordinates": [ [ [ [ -66.626188599275167, -10.380767010983941 ], [ -66.552021260980325, -11.145873974640056 ], [ -67.351222235884165, -11.562449419261879 ], [ -68.213841828868794, -11.202923671280631 ], [ -68.272525982097946, -10.425133129008165 ], [ -67.48325205109748, -10.0181190969305 ], [ -66.626188599275167, -10.380767010983941 ] ] ] ] } },
{ "type": "Feature", "properties": { "geogrid_id": "7310794637039970311", "seqnum": 4312.0, "lat_c": -10.794636786983862, "lon_c": -39.970310878226599, "res": 7.0, "count_Insects": 83, "count_Amphibians": 5, "count_Arachnids": 33, "count_Flowering Plants": 73, "count_Birds": 42, "count_Mammals": 7, "count_Ferns": 1, "count_Reptiles": 16, "count_Sac Fungi": 0, "count_Basidiomycota": 0, "count_Molluscs": 0, "count_Mosses": 0, "count_Gymnosperms": 0, "unique_species_count": 260.0, "countryCode": "BR" }, "geometry": { "type": "MultiPolygon", "coordinates": [ [ [ [ -39.297499847007217, -10.348629523944567 ], [ -39.197565294927671, -11.233837712444132 ], [ -39.873533089814472, -11.679096874367097 ], [ -40.646587262743026, -11.239275045690059 ], [ -40.739718054192601, -10.354143479403383 ], [ -40.066746643874808, -9.908621669554767 ], [ -39.297499847007217, -10.348629523944567 ] ] ] ] } },
{ "type": "Feature", "properties": { "geogrid_id": "7310797567042863397", "seqnum": 4256.0, "lat_c": -10.797567220045044, "lon_c": -42.863397433466119, "res": 7.0, "count_Insects": 8, "count_Amphibians": 0, "count_Arachnids": 3, "count_Flowering Plants": 20, "count_Birds": 12, "count_Mammals": 7, "count_Ferns": 0, "count_Reptiles": 11, "count_Sac Fungi": 0, "count_Basidiomycota": 0, "count_Molluscs": 0, "count_Mosses": 0, "count_Gymnosperms": 0, "unique_species_count": 61.0, "countryCode": "BR" }, "geometry": { "type": "MultiPolygon", "coordinates": [ [ [ [ -42.1827994111298, -10.355874743227838 ], [ -42.096464305397816, -11.240589124439548 ], [ -42.780226364326133, -11.681229705330736 ], [ -43.547710038045267, -11.237348548388498 ], [ -43.627286949538757, -10.353405732205825 ], [ -42.946258028139802, -9.912422494941538 ], [ -42.1827994111298, -10.355874743227838 ] ] ] ] } },
{ "type": "Feature", "properties": { "geogrid_id": "7310798180041416292", "seqnum": 4284.0, "lat_c": -10.798179716151903, "lon_c": -41.416292399208153, "res": 7.0, "count_Insects": 34, "count_Amphibians": 7, "count_Arachnids": 9, "count_Flowering Plants": 110, "count_Birds": 13, "count_Mammals": 1, "count_Ferns": 0, "count_Reptiles": 13, "count_Sac Fungi": 0, "count_Basidiomycota": 0, "count_Molluscs": 0, "count_Mosses": 1, "count_Gymnosperms": 0, "unique_species_count": 188.0, "countryCode": "BR" }, "geometry": { "type": "MultiPolygon", "coordinates": [ [ [ [ -40.739718054192601, -10.354143479403383 ], [ -40.646587262743026, -11.239275045690059 ], [ -41.326334664174915, -11.682410959289294 ], [ -42.096464305397816, -11.240589124439548 ], [ -42.1827994111298, -10.355874743227838 ], [ -41.505936256384601, -9.912422065834512 ], [ -40.739718054192601, -10.354143479403383 ] ] ] ] } },
{ "type": "Feature", "properties": { "geogrid_id": "7310830261069063217", "seqnum": 3813.0, "lat_c": -10.830260674639915, "lon_c": -69.063216515367671, "res": 7.0, "count_Insects": 104, "count_Amphibians": 8, "count_Arachnids": 20, "count_Flowering Plants": 38, "count_Birds": 49, "count_Mammals": 5, "count_Ferns": 0, "count_Reptiles": 9, "count_Sac Fungi": 3, "count_Basidiomycota": 4, "count_Molluscs": 1, "count_Mosses": 0, "count_Gymnosperms": 0, "unique_species_count": 241.0, "countryCode": "BR" }, "geometry": { "type": "MultiPolygon", "coordinates": [ [ [ [ -68.272525982097946, -10.425133129008165 ], [ -68.213841828868794, -11.202923671280631 ], [ -69.009252339196408, -11.610258705320794 ], [ -69.85563526827805, -11.23365553895062 ], [ -69.901584979255333, -10.447944393567974 ], [ -69.113315397626891, -10.045919755274459 ], [ -68.272525982097946, -10.425133129008165 ] ] ] ] } },
{ "type": "Feature", "properties": { "geogrid_id": "7310848592070691927", "seqnum": 3785.0, "lat_c": -10.848592083031864, "lon_c": -70.691926817674144, "res": 7.0, "count_Insects": 4, "count_Amphibians": 0, "count_Arachnids": 1, "count_Flowering Plants": 0, "count_Birds": 14, "count_Mammals": 0, "count_Ferns": 0, "count_Reptiles": 2, "count_Sac Fungi": 0, "count_Basidiomycota": 0, "count_Molluscs": 0, "count_Mosses": 0, "count_Gymnosperms": 0, "unique_species_count": 21.0, "countryCode": "BR" }, "geometry": { "type": "MultiPolygon", "coordinates": [ [ [ [ -69.901584979255333, -10.447944393567974 ], [ -69.85563526827805, -11.23365553895062 ], [ -70.65005334923633, -11.635416057004345 ], [ -71.484549095107724, -11.24788061315857 ], [ -71.519714117122021, -10.457175431682565 ], [ -70.730759064189812, -10.058475877908696 ], [ -69.901584979255333, -10.447944393567974 ] ] ] ] } },
{ "type": "Feature", "properties": { "geogrid_id": "7310945089062627434", "seqnum": 3923.0, "lat_c": -10.945089099533778, "lon_c": -62.627433897466126, "res": 7.0, "count_Insects": 295, "count_Amphibians": 8, "count_Arachnids": 23, "count_Flowering Plants": 59, "count_Birds": 18, "count_Mammals": 8, "count_Ferns": 0, "count_Reptiles": 10, "count_Sac Fungi": 2, "count_Basidiomycota": 2, "count_Molluscs": 4, "count_Mosses": 0, "count_Gymnosperms": 0, "unique_species_count": 429.0, "countryCode": "BR" }, "geometry": { "type": "MultiPolygon", "coordinates": [ [ [ [ -61.909291260430052, -10.645031341314589 ], [ -61.894481236424213, -11.52643687299596 ], [ -62.617119807383432, -11.832850087664946 ], [ -63.342080303713118, -11.233826465531282 ], [ -63.344427105106064, -10.332328458802468 ], [ -62.636179240548344, -10.052641620051613 ], [ -61.909291260430052, -10.645031341314589 ] ] ] ] } },
{ "type": "Feature", "properties": { "geogrid_id": "7311209878061169821", "seqnum": 3951.0, "lat_c": -11.209877541278468, "lon_c": -61.169821055733436, "res": 7.0, "count_Insects": 28, "count_Amphibians": 10, "count_Arachnids": 6, "count_Flowering Plants": 27, "count_Birds": 10, "count_Mammals": 10, "count_Ferns": 0, "count_Reptiles": 22, "count_Sac Fungi": 0, "count_Basidiomycota": 2, "count_Molluscs": 0, "count_Mosses": 0, "count_Gymnosperms": 0, "unique_species_count": 115.0, "countryCode": "BR" }, "geometry": { "type": "MultiPolygon", "coordinates": [ [ [ [ -60.443699793189438, -10.883356256492036 ], [ -60.422318287998372, -11.754465252129418 ], [ -61.151247057040543, -12.084625305320913 ], [ -61.894481236424213, -11.52643687299596 ], [ -61.909291260430052, -10.645031341314589 ], [ -61.188304786368185, -10.333816641337132 ], [ -60.443699793189438, -10.883356256492036 ] ] ] ] } },
{ "type": "Feature", "properties": { "geogrid_id": "7311576578058207670", "seqnum": 4006.0, "lat_c": -11.576577548993958, "lon_c": -58.207669741404395, "res": 7.0, "count_Insects": 26, "count_Amphibians": 3, "count_Arachnids": 9, "count_Flowering Plants": 13, "count_Birds": 77, "count_Mammals": 6, "count_Ferns": 0, "count_Reptiles": 17, "count_Sac Fungi": 0, "count_Basidiomycota": 0, "count_Molluscs": 0, "count_Mosses": 0, "count_Gymnosperms": 0, "unique_species_count": 151.0, "countryCode": "BR" }, "geometry": { "type": "MultiPolygon", "coordinates": [ [ [ [ -57.478414351445927, -11.211378924896076 ], [ -57.449301854457069, -12.076874017007757 ], [ -58.180268873077132, -12.442636215982816 ], [ -58.93813523164814, -11.934112852909511 ], [ -58.963716229123008, -11.067499647323723 ], [ -58.235005779198232, -10.711139138720087 ], [ -57.478414351445927, -11.211378924896076 ] ] ] ] } },
{ "type": "Feature", "properties": { "geogrid_id": "7311704164056720045", "seqnum": 4034.0, "lat_c": -11.704163794846583, "lon_c": -56.720044503313851, "res": 7.0, "count_Insects": 15, "count_Amphibians": 1, "count_Arachnids": 1, "count_Flowering Plants": 2, "count_Birds": 6, "count_Mammals": 2, "count_Ferns": 0, "count_Reptiles": 6, "count_Sac Fungi": 0, "count_Basidiomycota": 0, "count_Molluscs": 1, "count_Mosses": 0, "count_Gymnosperms": 0, "unique_species_count": 34.0, "countryCode": "BR" }, "geometry": { "type": "MultiPolygon", "coordinates": [ [ [ [ -55.992829924721335, -11.324730880714434 ], [ -55.960073544528314, -12.191012616203567 ], [ -56.688978121546185, -12.57020373982448 ], [ -57.449301854457069, -12.076874017007757 ], [ -57.478414351445927, -11.211378924896076 ], [ -56.75076969239111, -10.838755839817576 ], [ -55.992829924721335, -11.324730880714434 ] ] ] ] } },
{ "type": "Feature", "properties": { "geogrid_id": "7311776858064758381", "seqnum": 3922.0, "lat_c": -11.776858320362289, "lon_c": -64.758380595710292, "res": 7.0, "count_Insects": 21, "count_Amphibians": 8, "count_Arachnids": 3, "count_Flowering Plants": 4, "count_Birds": 19, "count_Mammals": 11, "count_Ferns": 0, "count_Reptiles": 9, "count_Sac Fungi": 0, "count_Basidiomycota": 1, "count_Molluscs": 1, "count_Mosses": 0, "count_Gymnosperms": 0, "unique_species_count": 77.0, "countryCode": "BR" }, "geometry": { "type": "MultiPolygon", "coordinates": [ [ [ [ -64.052598750195912, -11.511114506472524 ], [ -64.054145108417814, -12.414635512452861 ], [ -64.767471609564183, -12.689773241561118 ], [ -65.574356186856889, -12.220090427381079 ], [ -65.666352252768831, -11.476857955144681 ], [ -64.858369784274615, -11.042795139837185 ], [ -64.052598750195912, -11.511114506472524 ] ] ] ] } },
{ "type": "Feature", "properties": { "geogrid_id": "7311805698055233540", "seqnum": 4062.0, "lat_c": -11.805697699918001, "lon_c": -55.23353996128504, "res": 7.0, "count_Insects": 95, "count_Amphibians": 4, "count_Arachnids": 30, "count_Flowering Plants": 80, "count_Birds": 92, "count_Mammals": 9, "count_Ferns": 1, "count_Reptiles": 13, "count_Sac Fungi": 1, "count_Basidiomycota": 13, "count_Molluscs": 1, "count_Mosses": 1, "count_Gymnosperms": 0, "unique_species_count": 340.0, "countryCode": "BR" }, "geometry": { "type": "MultiPolygon", "coordinates": [ [ [ [ -54.509648807693836, -11.414479605675666 ], [ -54.472819042668192, -12.282554192159324 ], [ -55.198516629852534, -12.673021061521094 ], [ -55.960073544528314, -12.191012616203567 ], [ -55.992829924721335, -11.324730880714434 ], [ -55.26798640423678, -10.938811449802452 ], [ -54.509648807693836, -11.414479605675666 ] ] ] ] } },
{ "type": "Feature", "properties": { "geogrid_id": "7311886686053749968", "seqnum": 4089.0, "lat_c": -11.886686344095008, "lon_c": -53.749967789122195, "res": 7.0, "count_Insects": 11, "count_Amphibians": 1, "count_Arachnids": 2, "count_Flowering Plants": 12, "count_Birds": 17, "count_Mammals": 4, "count_Ferns": 0, "count_Reptiles": 4, "count_Sac Fungi": 0, "count_Basidiomycota": 0, "count_Molluscs": 0, "count_Mosses": 0, "count_Gymnosperms": 0, "unique_species_count": 51.0, "countryCode": "BR" }, "geometry": { "type": "MultiPolygon", "coordinates": [ [ [ [ -53.030181175469401, -11.485630056061122 ], [ -52.988758199876727, -12.35595436286817 ], [ -53.710526679881625, -12.755955484088197 ], [ -54.472819042668192, -12.282554192159324 ], [ -54.509648807693836, -11.414479605675666 ], [ -53.788665838713861, -11.01758678124291 ], [ -53.030181175469401, -11.485630056061122 ] ] ] ] } },
{ "type": "Feature", "properties": { "geogrid_id": "7311951187052270168", "seqnum": 4117.0, "lat_c": -11.951187390499944, "lon_c": -52.270168345617357, "res": 7.0, "count_Insects": 8, "count_Amphibians": 0, "count_Arachnids": 0, "count_Flowering Plants": 3, "count_Birds": 6, "count_Mammals": 11, "count_Ferns": 1, "count_Reptiles": 2, "count_Sac Fungi": 0, "count_Basidiomycota": 0, "count_Molluscs": 1, "count_Mosses": 1, "count_Gymnosperms": 0, "unique_species_count": 33.0, "countryCode": "BR" }, "geometry": { "type": "MultiPolygon", "coordinates": [ [ [ [ -51.554930103079357, -11.541857314007595 ], [ -51.50840959847293, -12.414552851715822 ], [ -52.22581917531101, -12.822666531981351 ], [ -52.988758199876727, -12.35595436286817 ], [ -53.030181175469401, -11.485630056061122 ], [ -52.313671678925409, -11.079603432861306 ], [ -51.554930103079357, -11.541857314007595 ] ] ] ] } },
{ "type": "Feature", "properties": { "geogrid_id": "7312002233050794401", "seqnum": 4145.0, "lat_c": -12.002233347988629, "lon_c": -50.794400729915871, "res": 7.0, "count_Insects": 5, "count_Amphibians": 0, "count_Arachnids": 0, "count_Flowering Plants": 5, "count_Birds": 2, "count_Mammals": 1, "count_Ferns": 0, "count_Reptiles": 0, "count_Sac Fungi": 0, "count_Basidiomycota": 0, "count_Molluscs": 0, "count_Mosses": 0, "count_Gymnosperms": 0, "unique_species_count": 13.0, "countryCode": "BR" }, "geometry": { "type": "MultiPolygon", "coordinates": [ [ [ [ -50.083927087746993, -11.585900268350885 ], [ -50.031864746013227, -12.460885338926939 ], [ -50.74468857062913, -12.875939810166528 ], [ -51.50840959847293, -12.414552851715822 ], [ -51.554930103079357, -11.541857314007595 ], [ -50.843210882357702, -11.128170743483189 ], [ -50.083927087746993, -11.585900268350885 ] ] ] ] } },
{ "type": "Feature", "properties": { "geogrid_id": "7312025437033219999", "seqnum": 13225.0, "lat_c": -12.025436586552043, "lon_c": -33.219998906408996, "res": 7.0, "count_Insects": 0, "count_Amphibians": 0, "count_Arachnids": 0, "count_Flowering Plants": 0, "count_Birds": 0, "count_Mammals": 2, "count_Ferns": 0, "count_Reptiles": 0, "count_Sac Fungi": 0, "count_Basidiomycota": 0, "count_Molluscs": 0, "count_Mosses": 0, "count_Gymnosperms": 0, "unique_species_count": 2.0, "countryCode": "BR" }, "geometry": { "type": "MultiPolygon", "coordinates": [ [ [ [ -32.558104942836479, -11.576599625410893 ], [ -32.407948641379555, -12.446583723046075 ], [ -33.07257017924605, -12.894405342232565 ], [ -33.885223811635697, -12.474344926502649 ], [ -34.028385340782904, -11.60488333021817 ], [ -33.365946107369496, -11.155180775556484 ], [ -32.558104942836479, -11.576599625410893 ] ] ] ] } },
{ "type": "Feature", "properties": { "geogrid_id": "7312042121049322579", "seqnum": 4172.0, "lat_c": -12.042121014451018, "lon_c": -49.322578542295538, "res": 7.0, "count_Insects": 57, "count_Amphibians": 2, "count_Arachnids": 9, "count_Flowering Plants": 50, "count_Birds": 18, "count_Mammals": 23, "count_Ferns": 0, "count_Reptiles": 14, "count_Sac Fungi": 2, "count_Basidiomycota": 2, "count_Molluscs": 3, "count_Mosses": 0, "count_Gymnosperms": 0, "unique_species_count": 180.0, "countryCode": "BR" }, "geometry": { "type": "MultiPolygon", "coordinates": [ [ [ [ -48.616931890052633, -11.619828485233015 ], [ -48.55895743373577, -12.496900336103007 ], [ -49.267109858100703, -12.917920522565487 ], [ -50.031864746013227, -12.460885338926939 ], [ -50.083927087746993, -11.585900268350885 ], [ -49.377118077664967, -11.165748445111193 ], [ -48.616931890052633, -11.619828485233015 ] ] ] ] } },
{ "type": "Feature", "properties": { "geogrid_id": "7312054370034694035", "seqnum": 13197.0, "lat_c": -12.054369851586504, "lon_c": -34.694034799216546, "res": 7.0, "count_Insects": 0, "count_Amphibians": 0, "count_Arachnids": 0, "count_Flowering Plants": 0, "count_Birds": 0, "count_Mammals": 1, "count_Ferns": 0, "count_Reptiles": 0, "count_Sac Fungi": 0, "count_Basidiomycota": 0, "count_Molluscs": 0, "count_Mosses": 0, "count_Gymnosperms": 0, "unique_species_count": 1.0, "countryCode": "BR" }, "geometry": { "type": "MultiPolygon", "coordinates": [ [ [ [ -34.028385340782904, -11.60488333021817 ], [ -33.885223811635697, -12.474344926502649 ], [ -34.553801473636817, -12.923198520197388 ], [ -35.362921065004613, -12.503519311057401 ], [ -35.498993480894903, -11.633759178099005 ], [ -34.83306735830098, -11.184131739810242 ], [ -34.028385340782904, -11.60488333021817 ] ] ] ] } },
{ "type": "Feature", "properties": { "geogrid_id": "7312072612047854413", "seqnum": 4200.0, "lat_c": -12.07261167506211, "lon_c": -47.854413478400154, "res": 7.0, "count_Insects": 6, "count_Amphibians": 1, "count_Arachnids": 1, "count_Flowering Plants": 16, "count_Birds": 13, "count_Mammals": 10, "count_Ferns": 0, "count_Reptiles": 4, "count_Sac Fungi": 0, "count_Basidiomycota": 0, "count_Molluscs": 0, "count_Mosses": 0, "count_Gymnosperms": 0, "unique_species_count": 51.0, "countryCode": "BR" }, "geometry": { "type": "MultiPolygon", "coordinates": [ [ [ [ -47.153552320581902, -11.645225846827081 ], [ -47.08936898454175, -12.524111964841623 ], [ -47.792862646221039, -12.95027875017861 ], [ -48.55895743373577, -12.496900336103007 ], [ -48.616931890052633, -11.619828485233015 ], [ -47.915022166199343, -11.194191025598382 ], [ -47.153552320581902, -11.645225846827081 ] ] ] ] } },
{ "type": "Feature", "properties": { "geogrid_id": "7312082792036168054", "seqnum": 13169.0, "lat_c": -12.082791785965062, "lon_c": -36.168054377057743, "res": 7.0, "count_Insects": 0, "count_Amphibians": 0, "count_Arachnids": 0, "count_Flowering Plants": 0, "count_Birds": 1, "count_Mammals": 0, "count_Ferns": 0, "count_Reptiles": 0, "count_Sac Fungi": 0, "count_Basidiomycota": 0, "count_Molluscs": 0, "count_Mosses": 0, "count_Gymnosperms": 0, "unique_species_count": 1.0, "countryCode": "BR" }, "geometry": { "type": "MultiPolygon", "coordinates": [ [ [ [ -35.498993480894903, -11.633759178099005 ], [ -35.362921065004613, -12.503519311057401 ], [ -36.03507006195052, -12.952209426438159 ], [ -36.840280156011197, -12.531112241263205 ], [ -36.969252448971112, -11.660481790574512 ], [ -36.300128591939064, -11.211921925445271 ], [ -35.498993480894903, -11.633759178099005 ] ] ] ] } },
{ "type": "Feature", "properties": { "geogrid_id": "7312095072046389503", "seqnum": 4228.0, "lat_c": -12.09507150738154, "lon_c": -46.389503192413159, "res": 7.0, "count_Insects": 13, "count_Amphibians": 0, "count_Arachnids": 2, "count_Flowering Plants": 16, "count_Birds": 6, "count_Mammals": 1, "count_Ferns": 0, "count_Reptiles": 9, "count_Sac Fungi": 0, "count_Basidiomycota": 0, "count_Molluscs": 0, "count_Mosses": 0, "count_Gymnosperms": 0, "unique_species_count": 47.0, "countryCode": "BR" }, "geometry": { "type": "MultiPolygon", "coordinates": [ [ [ [ -45.693316196671589, -11.663318802865643 ], [ -45.622693858745372, -12.543708972566176 ], [ -46.321609684219773, -12.974327845239976 ], [ -47.08936898454175, -12.524111964841623 ], [ -47.153552320581902, -11.645225846827081 ], [ -46.456444321198902, -11.214915066295884 ], [ -45.693316196671589, -11.663318802865643 ] ] ] ] } },
{ "type": "Feature", "properties": { "geogrid_id": "7312108098037641454", "seqnum": 13142.0, "lat_c": -12.108097956999881, "lon_c": -37.641454465513632, "res": 7.0, "count_Insects": 79, "count_Amphibians": 22, "count_Arachnids": 11, "count_Flowering Plants": 231, "count_Birds": 123, "count_Mammals": 13, "count_Ferns": 3, "count_Reptiles": 33, "count_Sac Fungi": 2, "count_Basidiomycota": 2, "count_Molluscs": 36, "count_Mosses": 2, "count_Gymnosperms": 0, "unique_species_count": 557.0, "countryCode": "BR" }, "geometry": { "type": "MultiPolygon", "coordinates": [ [ [ [ -36.969252448971112, -11.660481790574512 ], [ -36.840280156011197, -12.531112241263205 ], [ -37.515700194149424, -12.978602194060542 ], [ -38.316767644944228, -12.554656820454726 ], [ -38.421330538676337, -11.671680523111311 ], [ -37.748904083904485, -11.22462561947277 ], [ -36.969252448971112, -11.660481790574512 ] ] ] ] } },
{ "type": "Feature", "properties": { "geogrid_id": "7312110571044927385", "seqnum": 4255.0, "lat_c": -12.110571400127004, "lon_c": -44.927385081291355, "res": 7.0, "count_Insects": 24, "count_Amphibians": 12, "count_Arachnids": 4, "count_Flowering Plants": 40, "count_Birds": 85, "count_Mammals": 17, "count_Ferns": 0, "count_Reptiles": 33, "count_Sac Fungi": 35, "count_Basidiomycota": 111, "count_Molluscs": 34, "count_Mosses": 0, "count_Gymnosperms": 0, "unique_species_count": 395.0, "countryCode": "BR" }, "geometry": { "type": "MultiPolygon", "coordinates": [ [ [ [ -44.235714406572754, -11.675067232847558 ], [ -44.158480500933507, -12.556633499864368 ], [ -44.852946637346029, -12.991110253279043 ], [ -45.622693858745372, -12.543708972566176 ], [ -45.693316196671589, -11.663318802865643 ], [ -45.000855531106232, -11.229015647443212 ], [ -44.235714406572754, -11.675067232847558 ] ] ] ] } },
{ "type": "Feature", "properties": { "geogrid_id": "7312117580039096978", "seqnum": 4366.0, "lat_c": -12.117579800643158, "lon_c": -39.096977713508373, "res": 7.0, "count_Insects": 169, "count_Amphibians": 13, "count_Arachnids": 24, "count_Flowering Plants": 316, "count_Birds": 104, "count_Mammals": 12, "count_Ferns": 3, "count_Reptiles": 31, "count_Sac Fungi": 0, "count_Basidiomycota": 6, "count_Molluscs": 8, "count_Mosses": 0, "count_Gymnosperms": 0, "unique_species_count": 686.0, "countryCode": "BR" }, "geometry": { "type": "MultiPolygon", "coordinates": [ [ [ [ -38.421330538676337, -11.671680523111311 ], [ -38.31676764663149, -12.554656818295284 ], [ -38.99522416995859, -13.000043924328759 ], [ -39.775869879679803, -12.562203387420942 ], [ -39.873533089814472, -11.679096874367097 ], [ -39.197565294927671, -11.233837712444132 ], [ -38.421330538676337, -11.671680523111311 ] ] ] ] } },
{ "type": "Feature", "properties": { "geogrid_id": "7312119959043467569", "seqnum": 4283.0, "lat_c": -12.119958853794817, "lon_c": -43.467569027612427, "res": 7.0, "count_Insects": 4, "count_Amphibians": 0, "count_Arachnids": 0, "count_Flowering Plants": 5, "count_Birds": 0, "count_Mammals": 0, "count_Ferns": 0, "count_Reptiles": 0, "count_Sac Fungi": 0, "count_Basidiomycota": 0, "count_Molluscs": 0, "count_Mosses": 0, "count_Gymnosperms": 0, "unique_species_count": 9.0, "countryCode": "BR" }, "geometry": { "type": "MultiPolygon", "coordinates": [ [ [ [ -42.780226364326133, -11.681229705330736 ], [ -42.69625659107075, -12.563638680315961 ], [ -43.386433555507743, -13.001460444498669 ], [ -44.158480500933507, -12.556633499864368 ], [ -44.235714406572754, -11.675067232847558 ], [ -43.547710038045267, -11.237348548388498 ], [ -42.780226364326133, -11.681229705330736 ] ] ] ] } },
{ "type": "Feature", "properties": { "geogrid_id": "7312122970040552855", "seqnum": 4338.0, "lat_c": -12.122970419131248, "lon_c": -40.552854765626186, "res": 7.0, "count_Insects": 39, "count_Amphibians": 7, "count_Arachnids": 14, "count_Flowering Plants": 174, "count_Birds": 48, "count_Mammals": 3, "count_Ferns": 1, "count_Reptiles": 18, "count_Sac Fungi": 67, "count_Basidiomycota": 0, "count_Molluscs": 0, "count_Mosses": 0, "count_Gymnosperms": 0, "unique_species_count": 371.0, "countryCode": "BR" }, "geometry": { "type": "MultiPolygon", "coordinates": [ [ [ [ -39.873533089814472, -11.679096874367097 ], [ -39.775869879679803, -12.562203387420942 ], [ -40.458030170049291, -13.005430433718033 ], [ -41.235544405757992, -12.565331246267059 ], [ -41.326334664174915, -11.682410959289294 ], [ -40.646587262743026, -11.239275045690059 ], [ -39.873533089814472, -11.679096874367097 ] ] ] ] } },
{ "type": "Feature", "properties": { "geogrid_id": "7312123910042009557", "seqnum": 4311.0, "lat_c": -12.123910422601549, "lon_c": -42.00955705026864, "res": 7.0, "count_Insects": 144, "count_Amphibians": 9, "count_Arachnids": 18, "count_Flowering Plants": 282, "count_Birds": 144, "count_Mammals": 9, "count_Ferns": 1, "count_Reptiles": 33, "count_Sac Fungi": 3, "count_Basidiomycota": 16, "count_Molluscs": 18, "count_Mosses": 1, "count_Gymnosperms": 1, "unique_species_count": 679.0, "countryCode": "BR" }, "geometry": { "type": "MultiPolygon", "coordinates": [ [ [ [ -41.326334664174915, -11.682410959289294 ], [ -41.235544405757992, -12.565331246267059 ], [ -41.921614596600925, -13.006051572458528 ], [ -42.69625659107075, -12.563638680315961 ], [ -42.780226364326133, -11.681229705330736 ], [ -42.096464305397816, -11.240589124439548 ], [ -41.326334664174915, -11.682410959289294 ] ] ] ] } },
{ "type": "Feature", "properties": { "geogrid_id": "7312128960063337187", "seqnum": 3950.0, "lat_c": -12.128959819507591, "lon_c": -63.337186871552689, "res": 7.0, "count_Insects": 92, "count_Amphibians": 2, "count_Arachnids": 4, "count_Flowering Plants": 8, "count_Birds": 62, "count_Mammals": 5, "count_Ferns": 0, "count_Reptiles": 7, "count_Sac Fungi": 0, "count_Basidiomycota": 0, "count_Molluscs": 0, "count_Mosses": 0, "count_Gymnosperms": 0, "unique_species_count": 180.0, "countryCode": "BR" }, "geometry": { "type": "MultiPolygon", "coordinates": [ [ [ [ -62.617119807383432, -11.832850087664946 ], [ -62.605972161363546, -12.717340341787608 ], [ -63.330827366059339, -13.01957433563609 ], [ -64.054145108417814, -12.414635512452861 ], [ -64.052598750195912, -11.511114506472524 ], [ -63.342080303713118, -11.233826465531282 ], [ -62.617119807383432, -11.832850087664946 ] ] ] ] } },
{ "type": "Feature", "properties": { "geogrid_id": "7312405641061879290", "seqnum": 3978.0, "lat_c": -12.405640694247355, "lon_c": -61.879289515278181, "res": 7.0, "count_Insects": 2, "count_Amphibians": 0, "count_Arachnids": 0, "count_Flowering Plants": 20, "count_Birds": 5, "count_Mammals": 3, "count_Ferns": 0, "count_Reptiles": 2, "count_Sac Fungi": 3, "count_Basidiomycota": 0, "count_Molluscs": 0, "count_Mosses": 0, "count_Gymnosperms": 0, "unique_species_count": 35.0, "countryCode": "BR" }, "geometry": { "type": "MultiPolygon", "coordinates": [ [ [ [ -61.151247057040543, -12.084625305320913 ], [ -61.132751315100535, -12.958576240837118 ], [ -61.864012256823024, -13.283374977886895 ], [ -62.605972161363546, -12.717340341787608 ], [ -62.617119807383432, -11.832850087664946 ], [ -61.894481236424213, -11.52643687299596 ], [ -61.151247057040543, -12.084625305320913 ] ] ] ] } },
{ "type": "Feature", "properties": { "geogrid_id": "7312625313060401081", "seqnum": 4005.0, "lat_c": -12.625312793262117, "lon_c": -60.401081348256938, "res": 7.0, "count_Insects": 13, "count_Amphibians": 0, "count_Arachnids": 0, "count_Flowering Plants": 19, "count_Birds": 25, "count_Mammals": 2, "count_Ferns": 1, "count_Reptiles": 1, "count_Sac Fungi": 3, "count_Basidiomycota": 2, "count_Molluscs": 1, "count_Mosses": 0, "count_Gymnosperms": 1, "unique_species_count": 68.0, "countryCode": "BR" }, "geometry": { "type": "MultiPolygon", "coordinates": [ [ [ [ -59.669407447928336, -12.283760797449768 ], [ -59.645979686658478, -13.152473164883554 ], [ -60.380039706075358, -13.496156858295789 ], [ -61.132751315100535, -12.958576240837118 ], [ -61.151247057040543, -12.084625305320913 ], [ -60.422318287998372, -11.754465252129418 ], [ -59.669407447928336, -12.283760797449768 ] ] ] ] } },
{ "type": "Feature", "properties": { "geogrid_id": "7312801237058912608", "seqnum": 4033.0, "lat_c": -12.801236534913564, "lon_c": -58.912608345206927, "res": 7.0, "count_Insects": 1, "count_Amphibians": 0, "count_Arachnids": 1, "count_Flowering Plants": 28, "count_Birds": 1, "count_Mammals": 1, "count_Ferns": 0, "count_Reptiles": 2, "count_Sac Fungi": 0, "count_Basidiomycota": 0, "count_Molluscs": 0, "count_Mosses": 0, "count_Gymnosperms": 0, "unique_species_count": 34.0, "countryCode": "BR" }, "geometry": { "type": "MultiPolygon", "coordinates": [ [ [ [ -58.180268873077132, -12.442636215982816 ], [ -58.152788771162506, -13.309374772494031 ], [ -58.887127660574038, -13.668957679074213 ], [ -59.645979686658478, -13.152473164883554 ], [ -59.669407447928336, -12.283760797449768 ], [ -58.93813523164814, -11.934112852909511 ], [ -58.180268873077132, -12.442636215982816 ] ] ] ] } },
{ "type": "Feature", "properties": { "geogrid_id": "7312943059057419977", "seqnum": 4061.0, "lat_c": -12.943058871036131, "lon_c": -57.419977014453572, "res": 7.0, "count_Insects": 2, "count_Amphibians": 2, "count_Arachnids": 0, "count_Flowering Plants": 4, "count_Birds": 55, "count_Mammals": 3, "count_Ferns": 0, "count_Reptiles": 3, "count_Sac Fungi": 0, "count_Basidiomycota": 0, "count_Molluscs": 0, "count_Mosses": 0, "count_Gymnosperms": 0, "unique_species_count": 69.0, "countryCode": "BR" }, "geometry": { "type": "MultiPolygon", "coordinates": [ [ [ [ -56.688978121546185, -12.57020373982448 ], [ -56.657549929981258, -13.436932607383619 ], [ -57.390422215488279, -13.809984566599889 ], [ -58.152788771162506, -13.309374772494031 ], [ -58.180268873077132, -12.442636215982816 ], [ -57.449301854457069, -12.076874017007757 ], [ -56.688978121546185, -12.57020373982448 ] ] ] ] } },
{ "type": "Feature", "properties": { "geogrid_id": "7313057880055926837", "seqnum": 4088.0, "lat_c": -13.057880494122735, "lon_c": -55.926836660370284, "res": 7.0, "count_Insects": 19, "count_Amphibians": 1, "count_Arachnids": 5, "count_Flowering Plants": 40, "count_Birds": 54, "count_Mammals": 2, "count_Ferns": 1, "count_Reptiles": 4, "count_Sac Fungi": 0, "count_Basidiomycota": 1, "count_Molluscs": 2, "count_Mosses": 0, "count_Gymnosperms": 0, "unique_species_count": 129.0, "countryCode": "BR" }, "geometry": { "type": "MultiPolygon", "coordinates": [ [ [ [ -55.198516629852534, -12.673021061521094 ], [ -55.162880378660908, -13.540871152758495 ], [ -55.893092843439234, -13.925403461777393 ], [ -56.657549929981258, -13.436932607383619 ], [ -56.688978121546185, -12.57020373982448 ], [ -55.960073544528314, -12.191012616203567 ], [ -55.198516629852534, -12.673021061521094 ] ] ] ] } },
{ "type": "Feature", "properties": { "geogrid_id": "7313150992054435295", "seqnum": 4116.0, "lat_c": -13.150992314006755, "lon_c": -54.435295334595388, "res": 7.0, "count_Insects": 0, "count_Amphibians": 0, "count_Arachnids": 0, "count_Flowering Plants": 0, "count_Birds": 4, "count_Mammals": 0, "count_Ferns": 0, "count_Reptiles": 0, "count_Sac Fungi": 0, "count_Basidiomycota": 0, "count_Molluscs": 0, "count_Mosses": 0, "count_Gymnosperms": 0, "unique_species_count": 4.0, "countryCode": "BR" }, "geometry": { "type": "MultiPolygon", "coordinates": [ [ [ [ -53.710526679881625, -12.755955484088197 ], [ -53.670276958127062, -13.625522611840836 ], [ -54.397030826311038, -14.019896807146001 ], [ -55.162880378660908, -13.540871152758495 ], [ -55.198516629852534, -12.673021061521094 ], [ -54.472819042668192, -12.282554192159324 ], [ -53.710526679881625, -12.755955484088197 ] ] ] ] } },
{ "type": "Feature", "properties": { "geogrid_id": "7313226385052946490", "seqnum": 4144.0, "lat_c": -13.226385102758963, "lon_c": -52.946489850582438, "res": 7.0, "count_Insects": 27, "count_Amphibians": 2, "count_Arachnids": 5, "count_Flowering Plants": 16, "count_Birds": 28, "count_Mammals": 5, "count_Ferns": 2, "count_Reptiles": 12, "count_Sac Fungi": 0, "count_Basidiomycota": 4, "count_Molluscs": 0, "count_Mosses": 0, "count_Gymnosperms": 0, "unique_species_count": 101.0, "countryCode": "BR" }, "geometry": { "type": "MultiPolygon", "coordinates": [ [ [ [ -52.22581917531101, -12.822666531981351 ], [ -52.180518375064096, -13.694202626365945 ], [ -52.903297436700683, -14.097058646731176 ], [ -53.670276958127062, -13.625522611840836 ], [ -53.710526679881625, -12.755955484088197 ], [ -52.988758199876727, -12.35595436286817 ], [ -52.22581917531101, -12.822666531981351 ] ] ] ] } },
{ "type": "Feature", "properties": { "geogrid_id": "7313287105051460943", "seqnum": 4171.0, "lat_c": -13.287104722026449, "lon_c": -51.460943494050319, "res": 7.0, "count_Insects": 25, "count_Amphibians": 6, "count_Arachnids": 3, "count_Flowering Plants": 8, "count_Birds": 6, "count_Mammals": 4, "count_Ferns": 2, "count_Reptiles": 4, "count_Sac Fungi": 0, "count_Basidiomycota": 0, "count_Molluscs": 1, "count_Mosses": 0, "count_Gymnosperms": 0, "unique_species_count": 59.0, "countryCode": "BR" }, "geometry": { "type": "MultiPolygon", "coordinates": [ [ [ [ -50.74468857062913, -12.875939810166528 ], [ -50.693922524528517, -13.749476364497877 ], [ -51.412413639049213, -14.159676323387217 ], [ -52.180518375064096, -13.694202626365945 ], [ -52.22581917531101, -12.822666531981351 ], [ -51.50840959847293, -12.414552851715822 ], [ -50.74468857062913, -12.875939810166528 ] ] ] ] } },
{ "type": "Feature", "properties": { "geogrid_id": "7313335502049978792", "seqnum": 4199.0, "lat_c": -13.335502098491192, "lon_c": -49.978792381410543, "res": 7.0, "count_Insects": 24, "count_Amphibians": 4, "count_Arachnids": 7, "count_Flowering Plants": 6, "count_Birds": 57, "count_Mammals": 5, "count_Ferns": 0, "count_Reptiles": 19, "count_Sac Fungi": 0, "count_Basidiomycota": 0, "count_Molluscs": 0, "count_Mosses": 0, "count_Gymnosperms": 0, "unique_species_count": 122.0, "countryCode": "BR" }, "geometry": { "type": "MultiPolygon", "coordinates": [ [ [ [ -49.267109858100703, -12.917920522565487 ], [ -49.210512341675809, -13.793348774473404 ], [ -49.924548724092311, -14.209932998767645 ], [ -50.693922524528517, -13.749476364497877 ], [ -50.74468857062913, -12.875939810166528 ], [ -50.031864746013227, -12.460885338926939 ], [ -49.267109858100703, -12.917920522565487 ] ] ] ] } },
{ "type": "Feature", "properties": { "geogrid_id": "7313371870035225753", "seqnum": 13224.0, "lat_c": -13.371869787627563, "lon_c": -35.225753019148428, "res": 7.0, "count_Insects": 0, "count_Amphibians": 0, "count_Arachnids": 0, "count_Flowering Plants": 0, "count_Birds": 1, "count_Mammals": 0, "count_Ferns": 0, "count_Reptiles": 0, "count_Sac Fungi": 0, "count_Basidiomycota": 0, "count_Molluscs": 0, "count_Mosses": 0, "count_Gymnosperms": 0, "unique_species_count": 1.0, "countryCode": "BR" }, "geometry": { "type": "MultiPolygon", "coordinates": [ [ [ [ -34.553801473636817, -12.923198520197388 ], [ -34.412284939231029, -13.790682043471474 ], [ -35.087408634773453, -14.238869098688857 ], [ -35.901098802388816, -13.820229781463096 ], [ -36.03507006195052, -12.952209426438159 ], [ -35.362921065004613, -12.503519311057401 ], [ -34.553801473636817, -12.923198520197388 ] ] ] ] } },
{ "type": "Feature", "properties": { "geogrid_id": "7313373411048499930", "seqnum": 4227.0, "lat_c": -13.373411028152217, "lon_c": -48.499929762955645, "res": 7.0, "count_Insects": 12, "count_Amphibians": 11, "count_Arachnids": 1, "count_Flowering Plants": 23, "count_Birds": 55, "count_Mammals": 6, "count_Ferns": 0, "count_Reptiles": 8, "count_Sac Fungi": 1, "count_Basidiomycota": 2, "count_Molluscs": 0, "count_Mosses": 0, "count_Gymnosperms": 0, "unique_species_count": 119.0, "countryCode": "BR" }, "geometry": { "type": "MultiPolygon", "coordinates": [ [ [ [ -47.792862646221039, -12.95027875017861 ], [ -47.730123378789848, -13.82740202030938 ], [ -48.439643950054943, -14.249554613910135 ], [ -49.210512341675809, -13.793348774473404 ], [ -49.267109858100703, -12.917920522565487 ], [ -48.55895743373577, -12.496900336103007 ], [ -47.792862646221039, -12.95027875017861 ] ] ] ] } },
{ "type": "Feature", "properties": { "geogrid_id": "7313400317036710507", "seqnum": 13196.0, "lat_c": -13.400316738275343, "lon_c": -36.710506972686566, "res": 7.0, "count_Insects": 0, "count_Amphibians": 0, "count_Arachnids": 0, "count_Flowering Plants": 0, "count_Birds": 0, "count_Mammals": 1, "count_Ferns": 0, "count_Reptiles": 0, "count_Sac Fungi": 0, "count_Basidiomycota": 0, "count_Molluscs": 0, "count_Mosses": 0, "count_Gymnosperms": 0, "unique_species_count": 1.0, "countryCode": "BR" }, "geometry": { "type": "MultiPolygon", "coordinates": [ [ [ [ -36.03507006195052, -12.952209426438159 ], [ -35.901098802388816, -13.820229781463096 ], [ -36.579858317941046, -14.268148278187237 ], [ -37.389256153177165, -13.847716689113414 ], [ -37.515700194149424, -12.978602194060542 ], [ -36.840280156011197, -12.531112241263205 ], [ -36.03507006195052, -12.952209426438159 ] ] ] ] } },
{ "type": "Feature", "properties": { "geogrid_id": "7313402276047024099", "seqnum": 4254.0, "lat_c": -13.402276066314187, "lon_c": -47.024098547271109, "res": 7.0, "count_Insects": 49, "count_Amphibians": 15, "count_Arachnids": 10, "count_Flowering Plants": 680, "count_Birds": 111, "count_Mammals": 9, "count_Ferns": 13, "count_Reptiles": 24, "count_Sac Fungi": 0, "count_Basidiomycota": 3, "count_Molluscs": 0, "count_Mosses": 2, "count_Gymnosperms": 1, "unique_species_count": 917.0, "countryCode": "BR" }, "geometry": { "type": "MultiPolygon", "coordinates": [ [ [ [ -46.321609684219773, -12.974327845239976 ], [ -46.252473906211698, -13.852895810228645 ], [ -46.957494018324645, -14.279917578129682 ], [ -47.730123378789848, -13.82740202030938 ], [ -47.792862646221039, -12.95027875017861 ], [ -47.08936898454175, -12.524111964841623 ], [ -46.321609684219773, -12.974327845239976 ] ] ] ] } },
{ "type": "Feature", "properties": { "geogrid_id": "7313423246045550951", "seqnum": 4282.0, "lat_c": -13.423245551407852, "lon_c": -45.550950830234342, "res": 7.0, "count_Insects": 2, "count_Amphibians": 6, "count_Arachnids": 0, "count_Flowering Plants": 10, "count_Birds": 11, "count_Mammals": 0, "count_Ferns": 0, "count_Reptiles": 4, "count_Sac Fungi": 0, "count_Basidiomycota": 1, "count_Molluscs": 0, "count_Mosses": 0, "count_Gymnosperms": 0, "unique_species_count": 34.0, "countryCode": "BR" }, "geometry": { "type": "MultiPolygon", "coordinates": [ [ [ [ -44.852946637346029, -12.991110253279043 ], [ -44.777210695417438, -13.870841404098186 ], [ -45.47780095439164, -14.302128460824164 ], [ -46.252473906211698, -13.852895810228645 ], [ -46.321609684219773, -12.974327845239976 ], [ -45.622693858745372, -12.543708972566176 ], [ -44.852946637346029, -12.991110253279043 ] ] ] ] } },
{ "type": "Feature", "properties": { "geogrid_id": "7313425142038194343", "seqnum": 13168.0, "lat_c": -13.425142335596611, "lon_c": -38.194343051546028, "res": 7.0, "count_Insects": 250, "count_Amphibians": 24, "count_Arachnids": 36, "count_Flowering Plants": 483, "count_Birds": 151, "count_Mammals": 24, "count_Ferns": 12, "count_Reptiles": 41, "count_Sac Fungi": 1, "count_Basidiomycota": 11, "count_Molluscs": 207, "count_Mosses": 0, "count_Gymnosperms": 0, "unique_species_count": 1240.0, "countryCode": "BR" }, "geometry": { "type": "MultiPolygon", "coordinates": [ [ [ [ -37.515700194149424, -12.978602194060542 ], [ -37.389256153177165, -13.847716689113414 ], [ -38.071341044399162, -14.29428370564932 ], [ -38.876236385747326, -13.870612469726359 ], [ -38.995224168210534, -13.000043926574591 ], [ -38.316767644944228, -12.554656820454726 ], [ -37.515700194149424, -12.978602194060542 ] ] ] ] } },
{ "type": "Feature", "properties": { "geogrid_id": "7313437240044080086", "seqnum": 4310.0, "lat_c": -13.437240015210079, "lon_c": -44.080086206582607, "res": 7.0, "count_Insects": 14, "count_Amphibians": 11, "count_Arachnids": 0, "count_Flowering Plants": 28, "count_Birds": 79, "count_Mammals": 14, "count_Ferns": 0, "count_Reptiles": 26, "count_Sac Fungi": 0, "count_Basidiomycota": 0, "count_Molluscs": 0, "count_Mosses": 0, "count_Gymnosperms": 0, "unique_species_count": 172.0, "countryCode": "BR" }, "geometry": { "type": "MultiPolygon", "coordinates": [ [ [ [ -43.386433555507743, -13.001460444498669 ], [ -43.303938892426821, -13.882056763313694 ], [ -44.000209780904839, -14.317083539906601 ], [ -44.777210695417438, -13.870841404098186 ], [ -44.852946637346029, -12.991110253279043 ], [ -44.158480500933507, -12.556633499864368 ], [ -43.386433555507743, -13.001460444498669 ] ] ] ] } },
{ "type": "Feature", "properties": { "geogrid_id": "7313444144039676855", "seqnum": 13141.0, "lat_c": -13.444144033139656, "lon_c": -39.67685531001294, "res": 7.0, "count_Insects": 77, "count_Amphibians": 13, "count_Arachnids": 18, "count_Flowering Plants": 232, "count_Birds": 113, "count_Mammals": 6, "count_Ferns": 2, "count_Reptiles": 28, "count_Sac Fungi": 3, "count_Basidiomycota": 1, "count_Molluscs": 17, "count_Mosses": 0, "count_Gymnosperms": 1, "unique_species_count": 511.0, "countryCode": "BR" }, "geometry": { "type": "MultiPolygon", "coordinates": [ [ [ [ -38.995224168210534, -13.000043926574591 ], [ -38.876236385747326, -13.870612469726359 ], [ -39.561406862885519, -14.314891586826066 ], [ -40.361691352398324, -13.886841174488845 ], [ -40.458030170049291, -13.005430433718033 ], [ -39.775869879679803, -12.562203387420942 ], [ -38.995224168210534, -13.000043926574591 ] ] ] ] } },
{ "type": "Feature", "properties": { "geogrid_id": "7313445003042611076", "seqnum": 4337.0, "lat_c": -13.445003029216263, "lon_c": -42.611076328101198, "res": 7.0, "count_Insects": 16, "count_Amphibians": 4, "count_Arachnids": 4, "count_Flowering Plants": 75, "count_Birds": 19, "count_Mammals": 1, "count_Ferns": 1, "count_Reptiles": 2, "count_Sac Fungi": 0, "count_Basidiomycota": 0, "count_Molluscs": 0, "count_Mosses": 0, "count_Gymnosperms": 0, "unique_species_count": 122.0, "countryCode": "BR" }, "geometry": { "type": "MultiPolygon", "coordinates": [ [ [ [ -41.921614596600925, -13.006051572458528 ], [ -41.832241407367619, -13.887208053510873 ], [ -42.524332086785044, -14.325513720222013 ], [ -43.303938892426821, -13.882056763313694 ], [ -43.386433555507743, -13.001460444498669 ], [ -42.69625659107075, -12.563638680315961 ], [ -41.921614596600925, -13.006051572458528 ] ] ] ] } },
{ "type": "Feature", "properties": { "geogrid_id": "7313447139041143480", "seqnum": 4365.0, "lat_c": -13.447139383138868, "lon_c": -41.143480486888492, "res": 7.0, "count_Insects": 94, "count_Amphibians": 28, "count_Arachnids": 19, "count_Flowering Plants": 369, "count_Birds": 164, "count_Mammals": 25, "count_Ferns": 1, "count_Reptiles": 33, "count_Sac Fungi": 1, "count_Basidiomycota": 0, "count_Molluscs": 1, "count_Mosses": 0, "count_Gymnosperms": 0, "unique_species_count": 735.0, "countryCode": "BR" }, "geometry": { "type": "MultiPolygon", "coordinates": [ [ [ [ -40.458030170049291, -13.005430433718033 ], [ -40.361691354264181, -13.88684117207011 ], [ -41.049761497722677, -14.32801872559356 ], [ -41.832241407367619, -13.887208053510873 ], [ -41.921614596600925, -13.006051572458528 ], [ -41.235544405757992, -12.565331246267059 ], [ -40.458030170049291, -13.005430433718033 ] ] ] ] } },
{ "type": "Feature", "properties": { "geogrid_id": "7313832111061114443", "seqnum": 4032.0, "lat_c": -13.832111379200011, "lon_c": -61.114443388390953, "res": 7.0, "count_Insects": 14, "count_Amphibians": 8, "count_Arachnids": 1, "count_Flowering Plants": 7, "count_Birds": 10, "count_Mammals": 1, "count_Ferns": 0, "count_Reptiles": 7, "count_Sac Fungi": 5, "count_Basidiomycota": 0, "count_Molluscs": 0, "count_Mosses": 0, "count_Gymnosperms": 0, "unique_species_count": 53.0, "countryCode": "BR" }, "geometry": { "type": "MultiPolygon", "coordinates": [ [ [ [ -60.380039706075358, -13.496156858295789 ], [ -60.359225666440956, -14.367199581321341 ], [ -61.096396728433866, -14.705522414843404 ], [ -61.848844694449028, -14.160173888320426 ], [ -61.864012256823024, -13.283374977886895 ], [ -61.132751315100535, -12.958576240837118 ], [ -60.380039706075358, -13.496156858295789 ] ] ] ] } },
{ "type": "Feature", "properties": { "geogrid_id": "7314021624059622704", "seqnum": 4060.0, "lat_c": -14.021623767224899, "lon_c": -59.622704193380777, "res": 7.0, "count_Insects": 6, "count_Amphibians": 0, "count_Arachnids": 1, "count_Flowering Plants": 3, "count_Birds": 9, "count_Mammals": 0, "count_Ferns": 0, "count_Reptiles": 4, "count_Sac Fungi": 0, "count_Basidiomycota": 0, "count_Molluscs": 0, "count_Mosses": 0, "count_Gymnosperms": 0, "unique_species_count": 23.0, "countryCode": "BR" }, "geometry": { "type": "MultiPolygon", "coordinates": [ [ [ [ -58.887127660574038, -13.668957679074213 ], [ -58.861683786694101, -14.537354581538752 ], [ -59.599582523621692, -14.891326097169671 ], [ -60.359225666440956, -14.367199581321341 ], [ -60.380039706075358, -13.496156858295789 ], [ -59.645979686658478, -13.152473164883554 ], [ -58.887127660574038, -13.668957679074213 ] ] ] ] } },
{ "type": "Feature", "properties": { "geogrid_id": "7314176851058125215", "seqnum": 4087.0, "lat_c": -14.176851032483006, "lon_c": -58.125214594124081, "res": 7.0, "count_Insects": 1, "count_Amphibians": 0, "count_Arachnids": 0, "count_Flowering Plants": 17, "count_Birds": 8, "count_Mammals": 1, "count_Ferns": 0, "count_Reptiles": 0, "count_Sac Fungi": 0, "count_Basidiomycota": 0, "count_Molluscs": 0, "count_Mosses": 0, "count_Gymnosperms": 0, "unique_species_count": 27.0, "countryCode": "BR" }, "geometry": { "type": "MultiPolygon", "coordinates": [ [ [ [ -57.390422215488279, -13.809984566599889 ], [ -57.360619294436503, -14.677702566413895 ], [ -58.09753107477659, -15.045121667982873 ], [ -58.861683786694101, -14.537354581538752 ], [ -58.887127660574038, -13.668957679074213 ], [ -58.152788771162506, -13.309374772494031 ], [ -57.390422215488279, -13.809984566599889 ] ] ] ] } },
{ "type": "Feature", "properties": { "geogrid_id": "7314304406056625739", "seqnum": 4115.0, "lat_c": -14.304406270435907, "lon_c": -56.625738748605919, "res": 7.0, "count_Insects": 158, "count_Amphibians": 14, "count_Arachnids": 5, "count_Flowering Plants": 127, "count_Birds": 308, "count_Mammals": 20, "count_Ferns": 1, "count_Reptiles": 20, "count_Sac Fungi": 0, "count_Basidiomycota": 1, "count_Molluscs": 2, "count_Mosses": 0, "count_Gymnosperms": 0, "unique_species_count": 656.0, "countryCode": "BR" }, "geometry": { "type": "MultiPolygon", "coordinates": [ [ [ [ -55.893092843439234, -13.925403461777393 ], [ -55.858815548244053, -14.793646892695742 ], [ -56.593522715934796, -15.172679962505358 ], [ -57.360619294436503, -14.677702566413895 ], [ -57.390422215488279, -13.809984566599889 ], [ -56.657549929981258, -13.436932607383619 ], [ -55.893092843439234, -13.925403461777393 ] ] ] ] } },
{ "type": "Feature", "properties": { "geogrid_id": "7314409329055126597", "seqnum": 4143.0, "lat_c": -14.409329495541765, "lon_c": -55.126596844865652, "res": 7.0, "count_Insects": 12, "count_Amphibians": 1, "count_Arachnids": 0, "count_Flowering Plants": 16, "count_Birds": 33, "count_Mammals": 3, "count_Ferns": 0, "count_Reptiles": 15, "count_Sac Fungi": 0, "count_Basidiomycota": 0, "count_Molluscs": 1, "count_Mosses": 0, "count_Gymnosperms": 0, "unique_species_count": 81.0, "countryCode": "BR" }, "geometry": { "type": "MultiPolygon", "coordinates": [ [ [ [ -54.397030826311038, -14.019896807146001 ], [ -54.357981797620866, -14.889360247608289 ], [ -55.089632381586135, -15.278471707037834 ], [ -55.858815548244053, -14.793646892695742 ], [ -55.893092843439234, -13.925403461777393 ], [ -55.162880378660908, -13.540871152758495 ], [ -54.397030826311038, -14.019896807146001 ] ] ] ] } },
{ "type": "Feature", "properties": { "geogrid_id": "7314495501053629160", "seqnum": 4170.0, "lat_c": -14.49550078896223, "lon_c": -53.62916026125383, "res": 7.0, "count_Insects": 17, "count_Amphibians": 1, "count_Arachnids": 5, "count_Flowering Plants": 3, "count_Birds": 1, "count_Mammals": 0, "count_Ferns": 0, "count_Reptiles": 1, "count_Sac Fungi": 0, "count_Basidiomycota": 0, "count_Molluscs": 0, "count_Mosses": 0, "count_Gymnosperms": 0, "unique_species_count": 28.0, "countryCode": "BR" }, "geometry": { "type": "MultiPolygon", "coordinates": [ [ [ [ -52.903297436700683, -14.097058646731176 ], [ -52.859111037070889, -14.968095432389662 ], [ -53.587122750196336, -15.365991479838423 ], [ -54.357981797620866, -14.889360247608289 ], [ -54.397030826311038, -14.019896807146001 ], [ -53.670276958127062, -13.625522611840836 ], [ -52.903297436700683, -14.097058646731176 ] ] ] ] } },
{ "type": "Feature", "properties": { "geogrid_id": "7314565937052134175", "seqnum": 4198.0, "lat_c": -14.565936945411989, "lon_c": -52.134174854992061, "res": 7.0, "count_Insects": 27, "count_Amphibians": 6, "count_Arachnids": 4, "count_Flowering Plants": 36, "count_Birds": 37, "count_Mammals": 4, "count_Ferns": 0, "count_Reptiles": 14, "count_Sac Fungi": 0, "count_Basidiomycota": 0, "count_Molluscs": 0, "count_Mosses": 0, "count_Gymnosperms": 0, "unique_species_count": 128.0, "countryCode": "BR" }, "geometry": { "type": "MultiPolygon", "coordinates": [ [ [ [ -51.412413639049213, -14.159676323387217 ], [ -51.362717455492628, -15.032411435511944 ], [ -52.086707453603964, -15.437994857899387 ], [ -52.859111037070889, -14.968095432389662 ], [ -52.903297436700683, -14.097058646731176 ], [ -52.180518375064096, -13.694202626365945 ], [ -51.412413639049213, -14.159676323387217 ] ] ] ] } },
{ "type": "Feature", "properties": { "geogrid_id": "7314623006050641974", "seqnum": 4226.0, "lat_c": -14.623005968818042, "lon_c": -50.641973504909124, "res": 7.0, "count_Insects": 19, "count_Amphibians": 8, "count_Arachnids": 1, "count_Flowering Plants": 12, "count_Birds": 109, "count_Mammals": 8, "count_Ferns": 0, "count_Reptiles": 10, "count_Sac Fungi": 0, "count_Basidiomycota": 0, "count_Molluscs": 1, "count_Mosses": 0, "count_Gymnosperms": 0, "unique_species_count": 168.0, "countryCode": "BR" }, "geometry": { "type": "MultiPolygon", "coordinates": [ [ [ [ -49.924548724092311, -14.209932998767645 ], [ -49.868995011023543, -15.084339087101267 ], [ -50.588728374362823, -15.496673091081885 ], [ -51.362717455492628, -15.032411435511944 ], [ -51.412413639049213, -14.159676323387217 ], [ -50.693922524528517, -13.749476364497877 ], [ -49.924548724092311, -14.209932998767645 ] ] ] ] } },
{ "type": "Feature", "properties": { "geogrid_id": "7314668583049152617", "seqnum": 4253.0, "lat_c": -14.668583463939338, "lon_c": -49.152616774261787, "res": 7.0, "count_Insects": 29, "count_Amphibians": 7, "count_Arachnids": 5, "count_Flowering Plants": 35, "count_Birds": 33, "count_Mammals": 3, "count_Ferns": 0, "count_Reptiles": 19, "count_Sac Fungi": 0, "count_Basidiomycota": 1, "count_Molluscs": 1, "count_Mosses": 0, "count_Gymnosperms": 0, "unique_species_count": 133.0, "countryCode": "BR" }, "geometry": { "type": "MultiPolygon", "coordinates": [ [ [ [ -48.439643950054943, -14.249554613910135 ], [ -48.3779239596549, -15.125503437337233 ], [ -49.093275777801587, -15.543782706124176 ], [ -49.868995011023543, -15.084339087101267 ], [ -49.924548724092311, -14.209932998767645 ], [ -49.210512341675809, -13.793348774473404 ], [ -48.439643950054943, -14.249554613910135 ] ] ] ] } },
{ "type": "Feature", "properties": { "geogrid_id": "7314686907035766062", "seqnum": 13250.0, "lat_c": -14.686907361797966, "lon_c": -35.766062042695431, "res": 7.0, "count_Insects": 0, "count_Amphibians": 0, "count_Arachnids": 0, "count_Flowering Plants": 0, "count_Birds": 3, "count_Mammals": 1, "count_Ferns": 0, "count_Reptiles": 0, "count_Sac Fungi": 0, "count_Basidiomycota": 0, "count_Molluscs": 0, "count_Mosses": 0, "count_Gymnosperms": 0, "unique_species_count": 4.0, "countryCode": "BR" }, "geometry": { "type": "MultiPolygon", "coordinates": [ [ [ [ -35.087408634773453, -14.238869098688857 ], [ -34.94780518356982, -15.104576170027631 ], [ -35.629879319688307, -15.552296387130006 ], [ -36.448258043890291, -15.134659114787397 ], [ -36.579858317941046, -14.268148278187237 ], [ -35.901098802388816, -13.820229781463096 ], [ -35.087408634773453, -14.238869098688857 ] ] ] ] } },
{ "type": "Feature", "properties": { "geogrid_id": "7314704168047665987", "seqnum": 4281.0, "lat_c": -14.704167692284436, "lon_c": -47.66598653993249, "res": 7.0, "count_Insects": 336, "count_Amphibians": 20, "count_Arachnids": 41, "count_Flowering Plants": 760, "count_Birds": 234, "count_Mammals": 14, "count_Ferns": 15, "count_Reptiles": 45, "count_Sac Fungi": 1, "count_Basidiomycota": 5, "count_Molluscs": 2, "count_Mosses": 6, "count_Gymnosperms": 0, "unique_species_count": 1479.0, "countryCode": "BR" }, "geometry": { "type": "MultiPolygon", "coordinates": [ [ [ [ -46.957494018324645, -14.279917578129682 ], [ -46.889342773243264, -15.157214943635958 ], [ -47.600270135298913, -15.58074243343524 ], [ -48.3779239596549, -15.125503437337233 ], [ -48.439643950054943, -14.249554613910135 ], [ -47.730123378789848, -13.82740202030938 ], [ -46.957494018324645, -14.279917578129682 ] ] ] ] } },
{ "type": "Feature", "properties": { "geogrid_id": "7314715494037262050", "seqnum": 13223.0, "lat_c": -14.71549387268594, "lon_c": -37.262050110698361, "res": 7.0, "count_Insects": 0, "count_Amphibians": 0, "count_Arachnids": 0, "count_Flowering Plants": 0, "count_Birds": 1, "count_Mammals": 1, "count_Ferns": 0, "count_Reptiles": 0, "count_Sac Fungi": 0, "count_Basidiomycota": 0, "count_Molluscs": 0, "count_Mosses": 0, "count_Gymnosperms": 0, "unique_species_count": 2.0, "countryCode": "BR" }, "geometry": { "type": "MultiPolygon", "coordinates": [ [ [ [ -36.579858317941046, -14.268148278187237 ], [ -36.448258043890291, -15.134659114787397 ], [ -37.134008410236177, -15.581985357208014 ], [ -37.947691682931897, -15.16213407622603 ], [ -38.071341044399162, -14.29428370564932 ], [ -37.389256153177165, -13.847716689113414 ], [ -36.579858317941046, -14.268148278187237 ] ] ] ] } },
{ "type": "Feature", "properties": { "geogrid_id": "7314730965046181849", "seqnum": 4309.0, "lat_c": -14.730965002166071, "lon_c": -46.181848589645924, "res": 7.0, "count_Insects": 57, "count_Amphibians": 18, "count_Arachnids": 15, "count_Flowering Plants": 319, "count_Birds": 141, "count_Mammals": 13, "count_Ferns": 4, "count_Reptiles": 31, "count_Sac Fungi": 0, "count_Basidiomycota": 0, "count_Molluscs": 1, "count_Mosses": 1, "count_Gymnosperms": 0, "unique_species_count": 600.0, "countryCode": "BR" }, "geometry": { "type": "MultiPolygon", "coordinates": [ [ [ [ -45.47780095439164, -14.302128460824164 ], [ -45.402996862410845, -15.180538009909053 ], [ -46.109518085874754, -15.608706289386856 ], [ -46.889342773243264, -15.157214943635958 ], [ -46.957494018324645, -14.279917578129682 ], [ -46.252473906211698, -13.852895810228645 ], [ -45.47780095439164, -14.302128460824164 ] ] ] ] } },
{ "type": "Feature", "properties": { "geogrid_id": "7314739891038756784", "seqnum": 13195.0, "lat_c": -14.73989128374286, "lon_c": -38.756784081244454, "res": 7.0, "count_Insects": 217, "count_Amphibians": 40, "count_Arachnids": 34, "count_Flowering Plants": 822, "count_Birds": 211, "count_Mammals": 30, "count_Ferns": 12, "count_Reptiles": 45, "count_Sac Fungi": 7, "count_Basidiomycota": 29, "count_Molluscs": 31, "count_Mosses": 2, "count_Gymnosperms": 0, "unique_species_count": 1480.0, "countryCode": "BR" }, "geometry": { "type": "MultiPolygon", "coordinates": [ [ [ [ -38.071341044399162, -14.29428370564932 ], [ -37.947691682931897, -15.16213407622603 ], [ -38.636799398554039, -15.607935417748312 ], [ -39.445606598702696, -15.184412076236971 ], [ -39.561406862885519, -14.314891586826066 ], [ -38.876236385747326, -13.870612469726359 ], [ -38.071341044399162, -14.29428370564932 ] ] ] ] } },
{ "type": "Feature", "properties": { "geogrid_id": "7314749954044699895", "seqnum": 4336.0, "lat_c": -14.749953848248792, "lon_c": -44.699894579410859, "res": 7.0, "count_Insects": 77, "count_Amphibians": 15, "count_Arachnids": 14, "count_Flowering Plants": 120, "count_Birds": 124, "count_Mammals": 18, "count_Ferns": 1, "count_Reptiles": 39, "count_Sac Fungi": 0, "count_Basidiomycota": 0, "count_Molluscs": 1, "count_Mosses": 0, "count_Gymnosperms": 0, "unique_species_count": 409.0, "countryCode": "BR" }, "geometry": { "type": "MultiPolygon", "coordinates": [ [ [ [ -44.000209780904839, -14.317083539906601 ], [ -43.918571638728039, -15.196342948828976 ], [ -44.620750812227769, -15.628619132726907 ], [ -45.402996862410845, -15.180538009909053 ], [ -45.47780095439164, -14.302128460824164 ], [ -44.777210695417438, -13.870841404098186 ], [ -44.000209780904839, -14.317083539906601 ] ] ] ] } },
{ "type": "Feature", "properties": { "geogrid_id": "7314757858040249880", "seqnum": 13167.0, "lat_c": -14.757857940138384, "lon_c": -40.249880066156749, "res": 7.0, "count_Insects": 199, "count_Amphibians": 19, "count_Arachnids": 25, "count_Flowering Plants": 232, "count_Birds": 255, "count_Mammals": 6, "count_Ferns": 2, "count_Reptiles": 29, "count_Sac Fungi": 0, "count_Basidiomycota": 10, "count_Molluscs": 2, "count_Mosses": 0, "count_Gymnosperms": 1, "unique_species_count": 780.0, "countryCode": "BR" }, "geometry": { "type": "MultiPolygon", "coordinates": [ [ [ [ -39.561406862885519, -14.314891586826066 ], [ -39.445606598702696, -15.184412076236971 ], [ -40.137828735395132, -15.627717983536511 ], [ -40.94168040172169, -15.199389124528622 ], [ -41.04976149579992, -14.32801872809878 ], [ -40.361691352398324, -13.886841174488845 ], [ -39.561406862885519, -14.314891586826066 ] ] ] ] } },
{ "type": "Feature", "properties": { "geogrid_id": "7314761933043219770", "seqnum": 4364.0, "lat_c": -14.761933201963119, "lon_c": -43.219770159648121, "res": 7.0, "count_Insects": 29, "count_Amphibians": 8, "count_Arachnids": 4, "count_Flowering Plants": 65, "count_Birds": 28, "count_Mammals": 5, "count_Ferns": 1, "count_Reptiles": 17, "count_Sac Fungi": 0, "count_Basidiomycota": 1, "count_Molluscs": 0, "count_Mosses": 0, "count_Gymnosperms": 0, "unique_species_count": 158.0, "countryCode": "BR" }, "geometry": { "type": "MultiPolygon", "coordinates": [ [ [ [ -42.524332086785044, -14.325513720222013 ], [ -42.435714930097888, -15.205345709564474 ], [ -43.13365037644094, -15.641259239955826 ], [ -43.918571638728039, -15.196342948828976 ], [ -44.000209780904839, -14.317083539906601 ], [ -43.303938892426821, -13.882056763313694 ], [ -42.524332086785044, -14.325513720222013 ] ] ] ] } },
{ "type": "Feature", "properties": { "geogrid_id": "7314767559041741094", "seqnum": 13140.0, "lat_c": -14.767559483317864, "lon_c": -41.741093767570163, "res": 7.0, "count_Insects": 90, "count_Amphibians": 8, "count_Arachnids": 22, "count_Flowering Plants": 49, "count_Birds": 37, "count_Mammals": 4, "count_Ferns": 1, "count_Reptiles": 13, "count_Sac Fungi": 0, "count_Basidiomycota": 1, "count_Molluscs": 0, "count_Mosses": 0, "count_Gymnosperms": 0, "unique_species_count": 225.0, "countryCode": "BR" }, "geometry": { "type": "MultiPolygon", "coordinates": [ [ [ [ -41.04976149579992, -14.32801872809878 ], [ -40.94168040172169, -15.199389124528622 ], [ -41.636831002099093, -15.639362157620194 ], [ -42.435714928065572, -15.20534571224265 ], [ -42.524332086785044, -14.325513720222013 ], [ -41.832241407367619, -13.887208053510873 ], [ -41.04976149579992, -14.32801872809878 ] ] ] ] } },
{ "type": "Feature", "properties": { "geogrid_id": "7315238605060338660", "seqnum": 4086.0, "lat_c": -15.238605129583966, "lon_c": -60.338659932840379, "res": 7.0, "count_Insects": 4, "count_Amphibians": 5, "count_Arachnids": 0, "count_Flowering Plants": 21, "count_Birds": 46, "count_Mammals": 4, "count_Ferns": 0, "count_Reptiles": 7, "count_Sac Fungi": 0, "count_Basidiomycota": 0, "count_Molluscs": 0, "count_Mosses": 0, "count_Gymnosperms": 0, "unique_species_count": 87.0, "countryCode": "BR" }, "geometry": { "type": "MultiPolygon", "coordinates": [ [ [ [ -59.599582523621692, -14.891326097169671 ], [ -59.576613103498573, -15.761679307428635 ], [ -60.318355709733339, -16.110511198636981 ], [ -61.078661948278203, -15.579040222810022 ], [ -61.096396728433866, -14.705522414843404 ], [ -60.359225666440956, -14.367199581321341 ], [ -59.599582523621692, -14.891326097169671 ] ] ] ] } },
{ "type": "Feature", "properties": { "geogrid_id": "7315406500058836266", "seqnum": 4114.0, "lat_c": -15.406499576488894, "lon_c": -58.836266310548581, "res": 7.0, "count_Insects": 14, "count_Amphibians": 11, "count_Arachnids": 2, "count_Flowering Plants": 64, "count_Birds": 71, "count_Mammals": 11, "count_Ferns": 1, "count_Reptiles": 10, "count_Sac Fungi": 0, "count_Basidiomycota": 0, "count_Molluscs": 2, "count_Mosses": 0, "count_Gymnosperms": 0, "unique_species_count": 186.0, "countryCode": "BR" }, "geometry": { "type": "MultiPolygon", "coordinates": [ [ [ [ -58.09753107477659, -15.045121667982873 ], [ -58.069722510673174, -15.914242669187061 ], [ -58.810864068429183, -16.276460856025803 ], [ -59.576613103498573, -15.761679307428635 ], [ -59.599582523621692, -14.891326097169671 ], [ -58.861683786694101, -14.537354581538752 ], [ -58.09753107477659, -15.045121667982873 ] ] ] ] } },
{ "type": "Feature", "properties": { "geogrid_id": "7315546265057330549", "seqnum": 4142.0, "lat_c": -15.546264744690916, "lon_c": -57.330549490082845, "res": 7.0, "count_Insects": 69, "count_Amphibians": 3, "count_Arachnids": 6, "count_Flowering Plants": 88, "count_Birds": 97, "count_Mammals": 6, "count_Ferns": 0, "count_Reptiles": 4, "count_Sac Fungi": 1, "count_Basidiomycota": 2, "count_Molluscs": 1, "count_Mosses": 0, "count_Gymnosperms": 0, "unique_species_count": 277.0, "countryCode": "BR" }, "geometry": { "type": "MultiPolygon", "coordinates": [ [ [ [ -56.593522715934796, -15.172679962505358 ], [ -56.560879186772979, -16.041808575516505 ], [ -57.300193388976602, -16.415723416121793 ], [ -58.069722510673174, -15.914242669187061 ], [ -58.09753107477659, -15.045121667982873 ], [ -57.360619294436503, -14.677702566413895 ], [ -56.593522715934796, -15.172679962505358 ] ] ] ] } },
{ "type": "Feature", "properties": { "geogrid_id": "7315662674055823978", "seqnum": 4169.0, "lat_c": -15.662673636138658, "lon_c": -55.823977769627476, "res": 7.0, "count_Insects": 371, "count_Amphibians": 19, "count_Arachnids": 44, "count_Flowering Plants": 439, "count_Birds": 410, "count_Mammals": 43, "count_Ferns": 9, "count_Reptiles": 38, "count_Sac Fungi": 35, "count_Basidiomycota": 5, "count_Molluscs": 1, "count_Mosses": 4, "count_Gymnosperms": 0, "unique_species_count": 1418.0, "countryCode": "BR" }, "geometry": { "type": "MultiPolygon", "coordinates": [ [ [ [ -55.089632381586135, -15.278471707037834 ], [ -55.051953392977254, -16.148369059044253 ], [ -55.788551784920067, -16.532544765231734 ], [ -56.560879186772979, -16.041808575516505 ], [ -56.593522715934796, -15.172679962505358 ], [ -55.858815548244053, -14.793646892695742 ], [ -55.089632381586135, -15.278471707037834 ] ] ] ] } },
{ "type": "Feature", "properties": { "geogrid_id": "7315759468054318106", "seqnum": 4197.0, "lat_c": -15.759467536304259, "lon_c": -54.318106234853552, "res": 7.0, "count_Insects": 31, "count_Amphibians": 3, "count_Arachnids": 1, "count_Flowering Plants": 45, "count_Birds": 29, "count_Mammals": 4, "count_Ferns": 2, "count_Reptiles": 2, "count_Sac Fungi": 0, "count_Basidiomycota": 1, "count_Molluscs": 0, "count_Mosses": 0, "count_Gymnosperms": 0, "unique_species_count": 118.0, "countryCode": "BR" }, "geometry": { "type": "MultiPolygon", "coordinates": [ [ [ [ -53.587122750196336, -15.365991479838423 ], [ -53.544113261155381, -16.237087293050706 ], [ -54.277362822790778, -16.630297779644057 ], [ -55.051953392977254, -16.148369059044253 ], [ -55.089632381586135, -15.278471707037834 ], [ -54.357981797620866, -14.889360247608289 ], [ -53.587122750196336, -15.365991479838423 ] ] ] ] } },
{ "type": "Feature", "properties": { "geogrid_id": "7315839604052813866", "seqnum": 4225.0, "lat_c": -15.839603627758338, "lon_c": -52.813866419805869, "res": 7.0, "count_Insects": 39, "count_Amphibians": 7, "count_Arachnids": 1, "count_Flowering Plants": 91, "count_Birds": 86, "count_Mammals": 20, "count_Ferns": 3, "count_Reptiles": 7, "count_Sac Fungi": 0, "count_Basidiomycota": 1, "count_Molluscs": 0, "count_Mosses": 0, "count_Gymnosperms": 0, "unique_species_count": 255.0, "countryCode": "BR" }, "geometry": { "type": "MultiPolygon", "coordinates": [ [ [ [ -52.086707453603964, -15.437994857899387 ], [ -52.038041585563732, -16.310489279833341 ], [ -52.767502865036938, -16.711681865178839 ], [ -53.544113261155381, -16.237087293050706 ], [ -53.587122750196336, -15.365991479838423 ], [ -52.859111037070889, -14.968095432389662 ], [ -52.086707453603964, -15.437994857899387 ] ] ] ] } },
{ "type": "Feature", "properties": { "geogrid_id": "7315905438051311763", "seqnum": 4252.0, "lat_c": -15.90543836658045, "lon_c": -51.311763044725801, "res": 7.0, "count_Insects": 18, "count_Amphibians": 17, "count_Arachnids": 2, "count_Flowering Plants": 74, "count_Birds": 87, "count_Mammals": 25, "count_Ferns": 1, "count_Reptiles": 15, "count_Sac Fungi": 0, "count_Basidiomycota": 0, "count_Molluscs": 0, "count_Mosses": 0, "count_Gymnosperms": 0, "unique_species_count": 239.0, "countryCode": "BR" }, "geometry": { "type": "MultiPolygon", "coordinates": [ [ [ [ -50.588728374362823, -15.496673091081885 ], [ -50.534085061499233, -16.37060740345569 ], [ -51.259465683544242, -16.778873127756299 ], [ -52.038041585563732, -16.310489279833341 ], [ -52.086707453603964, -15.437994857899387 ], [ -51.362717455492628, -15.032411435511944 ], [ -50.588728374362823, -15.496673091081885 ] ] ] ] } },
{ "type": "Feature", "properties": { "geogrid_id": "7315958864049812008", "seqnum": 4280.0, "lat_c": -15.958864162140834, "lon_c": -49.812008404717922, "res": 7.0, "count_Insects": 110, "count_Amphibians": 11, "count_Arachnids": 27, "count_Flowering Plants": 185, "count_Birds": 128, "count_Mammals": 19, "count_Ferns": 2, "count_Reptiles": 13, "count_Sac Fungi": 2, "count_Basidiomycota": 2, "count_Molluscs": 2, "count_Mosses": 0, "count_Gymnosperms": 0, "unique_species_count": 501.0, "countryCode": "BR" }, "geometry": { "type": "MultiPolygon", "coordinates": [ [ [ [ -49.093275777801587, -15.543782706124176 ], [ -49.032357560758143, -16.41908863287841 ], [ -49.753477210200955, -16.833638036918607 ], [ -50.534085061499233, -16.37060740345569 ], [ -50.588728374362823, -15.496673091081885 ], [ -49.868995011023543, -15.084339087101267 ], [ -49.093275777801587, -15.543782706124176 ] ] ] ] } },
{ "type": "Feature", "properties": { "geogrid_id": "7315999901036315628", "seqnum": 13277.0, "lat_c": -15.999900809365776, "lon_c": -36.315628247756692, "res": 7.0, "count_Insects": 0, "count_Amphibians": 0, "count_Arachnids": 0, "count_Flowering Plants": 0, "count_Birds": 1, "count_Mammals": 1, "count_Ferns": 0, "count_Reptiles": 0, "count_Sac Fungi": 0, "count_Basidiomycota": 0, "count_Molluscs": 0, "count_Mosses": 0, "count_Gymnosperms": 0, "unique_species_count": 2.0, "countryCode": "BR" }, "geometry": { "type": "MultiPolygon", "coordinates": [ [ [ [ -35.629879319688307, -15.552296387130006 ], [ -35.492468057652815, -16.416450948713528 ], [ -36.181889075503463, -16.863924286905529 ], [ -37.005055790945079, -16.447241961413532 ], [ -37.134008410236177, -15.581985357208014 ], [ -36.448258043890291, -15.134659114787397 ], [ -35.629879319688307, -15.552296387130006 ] ] ] ] } },
{ "type": "Feature", "properties": { "geogrid_id": "7316001412048314615", "seqnum": 4308.0, "lat_c": -16.001411988562619, "lon_c": -48.3146146564128, "res": 7.0, "count_Insects": 1809, "count_Amphibians": 52, "count_Arachnids": 195, "count_Flowering Plants": 1494, "count_Birds": 364, "count_Mammals": 58, "count_Ferns": 17, "count_Reptiles": 77, "count_Sac Fungi": 11, "count_Basidiomycota": 81, "count_Molluscs": 20, "count_Mosses": 7, "count_Gymnosperms": 1, "unique_species_count": 4186.0, "countryCode": "BR" }, "geometry": { "type": "MultiPolygon", "coordinates": [ [ [ [ -47.600270135298913, -15.58074243343524 ], [ -47.532811937112804, -16.457276654039699 ], [ -48.249575909700802, -16.877420009724148 ], [ -49.032357560758143, -16.41908863287841 ], [ -49.093275777801587, -15.543782706124176 ], [ -48.3779239596549, -15.125503437337233 ], [ -47.600270135298913, -15.58074243343524 ] ] ] ] } },
{ "type": "Feature", "properties": { "geogrid_id": "7316028746037823324", "seqnum": 13249.0, "lat_c": -16.028745923255531, "lon_c": -37.823323707453213, "res": 7.0, "count_Insects": 0, "count_Amphibians": 0, "count_Arachnids": 0, "count_Flowering Plants": 0, "count_Birds": 2, "count_Mammals": 2, "count_Ferns": 0, "count_Reptiles": 0, "count_Sac Fungi": 0, "count_Basidiomycota": 0, "count_Molluscs": 0, "count_Mosses": 0, "count_Gymnosperms": 0, "unique_species_count": 4.0, "countryCode": "BR" }, "geometry": { "type": "MultiPolygon", "coordinates": [ [ [ [ -37.134008410236177, -15.581985357208014 ], [ -37.005055790945079, -16.447241961413532 ], [ -37.69816435784535, -16.894171102545293 ], [ -38.516213195190339, -16.474799602739601 ], [ -38.636799398554039, -15.607935417748312 ], [ -37.947691682931897, -15.16213407622603 ], [ -37.134008410236177, -15.581985357208014 ] ] ] ] } },
{ "type": "Feature", "properties": { "geogrid_id": "7316034329046819457", "seqnum": 4335.0, "lat_c": -16.034329007016293, "lon_c": -46.819457479301263, "res": 7.0, "count_Insects": 309, "count_Amphibians": 10, "count_Arachnids": 19, "count_Flowering Plants": 117, "count_Birds": 268, "count_Mammals": 14, "count_Ferns": 1, "count_Reptiles": 21, "count_Sac Fungi": 0, "count_Basidiomycota": 0, "count_Molluscs": 3, "count_Mosses": 0, "count_Gymnosperms": 0, "unique_species_count": 762.0, "countryCode": "BR" }, "geometry": { "type": "MultiPolygon", "coordinates": [ [ [ [ -46.109518085874754, -15.608706289386856 ], [ -46.035290143526879, -16.486274666454833 ], [ -46.747669306241633, -16.911405813968106 ], [ -47.532811937112804, -16.457276654039699 ], [ -47.600270135298913, -15.58074243343524 ], [ -46.889342773243264, -15.157214943635958 ], [ -46.109518085874754, -15.608706289386856 ] ] ] ] } },
{ "type": "Feature", "properties": { "geogrid_id": "7316052764039329388", "seqnum": 13222.0, "lat_c": -16.05276354839371, "lon_c": -39.329388384665663, "res": 7.0, "count_Insects": 429, "count_Amphibians": 20, "count_Arachnids": 40, "count_Flowering Plants": 425, "count_Birds": 249, "count_Mammals": 20, "count_Ferns": 9, "count_Reptiles": 36, "count_Sac Fungi": 24, "count_Basidiomycota": 25, "count_Molluscs": 23, "count_Mosses": 1, "count_Gymnosperms": 1, "unique_species_count": 1302.0, "countryCode": "BR" }, "geometry": { "type": "MultiPolygon", "coordinates": [ [ [ [ -38.636799398554039, -15.607935417748312 ], [ -38.516213195190339, -16.474799602739601 ], [ -39.212684724468232, -16.920004265807176 ], [ -40.025472430490943, -16.49648334917249 ], [ -40.137828735395132, -15.627717983536511 ], [ -39.445606598702696, -15.184412076236971 ], [ -38.636799398554039, -15.607935417748312 ] ] ] ] } },
{ "type": "Feature", "properties": { "geogrid_id": "7316058638045326320", "seqnum": 4363.0, "lat_c": -16.058637740036055, "lon_c": -45.326320139219661, "res": 7.0, "count_Insects": 16, "count_Amphibians": 1, "count_Arachnids": 0, "count_Flowering Plants": 26, "count_Birds": 152, "count_Mammals": 3, "count_Ferns": 0, "count_Reptiles": 9, "count_Sac Fungi": 0, "count_Basidiomycota": 0, "count_Molluscs": 0, "count_Mosses": 0, "count_Gymnosperms": 0, "unique_species_count": 207.0, "countryCode": "BR" }, "geometry": { "type": "MultiPolygon", "coordinates": [ [ [ [ -44.620750812227769, -15.628619132726907 ], [ -44.539558304686537, -16.506993748279889 ], [ -45.247573866253546, -16.936576847035056 ], [ -46.035290143526879, -16.486274666454833 ], [ -46.109518085874754, -15.608706289386856 ], [ -45.402996862410845, -15.180538009909053 ], [ -44.620750812227769, -15.628619132726907 ] ] ] ] } },
{ "type": "Feature", "properties": { "geogrid_id": "7316069680040833469", "seqnum": 13194.0, "lat_c": -16.069680246888286, "lon_c": -40.833469334544979, "res": 7.0, "count_Insects": 110, "count_Amphibians": 17, "count_Arachnids": 13, "count_Flowering Plants": 212, "count_Birds": 57, "count_Mammals": 8, "count_Ferns": 1, "count_Reptiles": 25, "count_Sac Fungi": 0, "count_Basidiomycota": 6, "count_Molluscs": 7, "count_Mosses": 0, "count_Gymnosperms": 0, "unique_species_count": 456.0, "countryCode": "BR" }, "geometry": { "type": "MultiPolygon", "coordinates": [ [ [ [ -40.137828735395132, -15.627717983536511 ], [ -40.025472430490943, -16.49648334917249 ], [ -40.725063883820219, -16.938959041678515 ], [ -41.532545842484787, -16.510169544299142 ], [ -41.636831002099093, -15.639362157620194 ], [ -40.94168040172169, -15.199389124528622 ], [ -40.137828735395132, -15.627717983536511 ] ] ] ] } },
{ "type": "Feature", "properties": { "geogrid_id": "7316075182043834924", "seqnum": 13139.0, "lat_c": -16.075181533458554, "lon_c": -43.834924041644989, "res": 7.0, "count_Insects": 153, "count_Amphibians": 7, "count_Arachnids": 16, "count_Flowering Plants": 103, "count_Birds": 139, "count_Mammals": 8, "count_Ferns": 2, "count_Reptiles": 19, "count_Sac Fungi": 0, "count_Basidiomycota": 0, "count_Molluscs": 2, "count_Mosses": 0, "count_Gymnosperms": 0, "unique_species_count": 449.0, "countryCode": "BR" }, "geometry": { "type": "MultiPolygon", "coordinates": [ [ [ [ -43.133650374356066, -15.641259242720436 ], [ -43.037268562661886, -16.514139457362585 ], [ -43.742594516919112, -16.948695635818172 ], [ -44.539558302501227, -16.50699375121718 ], [ -44.620750812227769, -15.628619132726907 ], [ -43.918571638728039, -15.196342948828976 ], [ -43.133650374356066, -15.641259242720436 ] ] ] ] } },
{ "type": "Feature", "properties": { "geogrid_id": "7316077654042335354", "seqnum": 13166.0, "lat_c": -16.077653563272825, "lon_c": -42.335353627137096, "res": 7.0, "count_Insects": 12, "count_Amphibians": 4, "count_Arachnids": 4, "count_Flowering Plants": 49, "count_Birds": 8, "count_Mammals": 2, "count_Ferns": 0, "count_Reptiles": 5, "count_Sac Fungi": 0, "count_Basidiomycota": 1, "count_Molluscs": 1, "count_Mosses": 0, "count_Gymnosperms": 0, "unique_species_count": 86.0, "countryCode": "BR" }, "geometry": { "type": "MultiPolygon", "coordinates": [ [ [ [ -41.636831002099093, -15.639362157620194 ], [ -41.532545842484787, -16.510169544299142 ], [ -42.235074204817451, -16.949056089023035 ], [ -43.037268562661886, -16.514139457362585 ], [ -43.133650374356066, -15.641259242720436 ], [ -42.435714928065572, -15.20534571224265 ], [ -41.636831002099093, -15.639362157620194 ] ] ] ] } },
{ "type": "Feature", "properties": { "geogrid_id": "7316784270058041773", "seqnum": 4168.0, "lat_c": -16.784269668260741, "lon_c": -58.041772740414814, "res": 7.0, "count_Insects": 7, "count_Amphibians": 1, "count_Arachnids": 1, "count_Flowering Plants": 3, "count_Birds": 19, "count_Mammals": 5, "count_Ferns": 0, "count_Reptiles": 4, "count_Sac Fungi": 0, "count_Basidiomycota": 0, "count_Molluscs": 0, "count_Mosses": 0, "count_Gymnosperms": 0, "unique_species_count": 40.0, "countryCode": "BR" }, "geometry": { "type": "MultiPolygon", "coordinates": [ [ [ [ -57.300193388976602, -16.415723416121793 ], [ -57.269530867701143, -17.286131365478028 ], [ -58.013665110363966, -17.655258175086988 ], [ -58.785465306033508, -17.147303719980531 ], [ -58.810864068429183, -16.276460856025803 ], [ -58.069722510673174, -15.914242669187061 ], [ -57.300193388976602, -16.415723416121793 ] ] ] ] } },
{ "type": "Feature", "properties": { "geogrid_id": "7316911847056527785", "seqnum": 4196.0, "lat_c": -16.911846877853478, "lon_c": -56.527784638078359, "res": 7.0, "count_Insects": 271, "count_Amphibians": 22, "count_Arachnids": 23, "count_Flowering Plants": 189, "count_Birds": 381, "count_Mammals": 53, "count_Ferns": 2, "count_Reptiles": 45, "count_Sac Fungi": 1, "count_Basidiomycota": 0, "count_Molluscs": 7, "count_Mosses": 0, "count_Gymnosperms": 0, "unique_species_count": 994.0, "countryCode": "BR" }, "geometry": { "type": "MultiPolygon", "coordinates": [ [ [ [ -55.788551784920067, -16.532544765231734 ], [ -55.752508947446664, -17.403320122866731 ], [ -56.494214577858415, -17.782849679320115 ], [ -57.269530867701143, -17.286131365478028 ], [ -57.300193388976602, -16.415723416121793 ], [ -56.560879186772979, -16.041808575516505 ], [ -55.788551784920067, -16.532544765231734 ] ] ] ] } },
{ "type": "Feature", "properties": { "geogrid_id": "7317019090055013526", "seqnum": 4224.0, "lat_c": -17.019089610667553, "lon_c": -55.013525848012627, "res": 7.0, "count_Insects": 89, "count_Amphibians": 6, "count_Arachnids": 15, "count_Flowering Plants": 72, "count_Birds": 49, "count_Mammals": 11, "count_Ferns": 0, "count_Reptiles": 12, "count_Sac Fungi": 0, "count_Basidiomycota": 3, "count_Molluscs": 1, "count_Mosses": 0, "count_Gymnosperms": 0, "unique_species_count": 258.0, "countryCode": "BR" }, "geometry": { "type": "MultiPolygon", "coordinates": [ [ [ [ -54.277362822790778, -16.630297779644057 ], [ -54.235710206662517, -17.501925681978886 ], [ -54.974314907010857, -17.890699046967519 ], [ -55.752508947446664, -17.403320122866731 ], [ -55.788551784920067, -16.532544765231734 ], [ -55.051953392977254, -16.148369059044253 ], [ -54.277362822790778, -16.630297779644057 ] ] ] ] } },
{ "type": "Feature", "properties": { "geogrid_id": "7317108874053500082", "seqnum": 4251.0, "lat_c": -17.108874017200701, "lon_c": -53.500081983403923, "res": 7.0, "count_Insects": 55, "count_Amphibians": 2, "count_Arachnids": 2, "count_Flowering Plants": 82, "count_Birds": 52, "count_Mammals": 15, "count_Ferns": 2, "count_Reptiles": 13, "count_Sac Fungi": 0, "count_Basidiomycota": 0, "count_Molluscs": 1, "count_Mosses": 0, "count_Gymnosperms": 0, "unique_species_count": 224.0, "countryCode": "BR" }, "geometry": { "type": "MultiPolygon", "coordinates": [ [ [ [ -52.767502865036938, -16.711681865178839 ], [ -52.719961581637712, -17.584421309757943 ], [ -53.454979481557238, -17.981432155633069 ], [ -54.235710206662517, -17.501925681978886 ], [ -54.277362822790778, -16.630297779644057 ], [ -53.544113261155381, -16.237087293050706 ], [ -52.767502865036938, -16.711681865178839 ] ] ] ] } },
{ "type": "Feature", "properties": { "geogrid_id": "7317183523051988107", "seqnum": 4279.0, "lat_c": -17.183523298203493, "lon_c": -51.988106827434059, "res": 7.0, "count_Insects": 24, "count_Amphibians": 5, "count_Arachnids": 4, "count_Flowering Plants": 41, "count_Birds": 34, "count_Mammals": 21, "count_Ferns": 0, "count_Reptiles": 10, "count_Sac Fungi": 0, "count_Basidiomycota": 0, "count_Molluscs": 0, "count_Mosses": 0, "count_Gymnosperms": 0, "unique_species_count": 139.0, "countryCode": "BR" }, "geometry": { "type": "MultiPolygon", "coordinates": [ [ [ [ -51.259465683544242, -16.778873127756299 ], [ -51.205745255414669, -17.652821889081256 ], [ -51.936835132912023, -18.057192190065919 ], [ -52.719961581637712, -17.584421309757943 ], [ -52.767502865036938, -16.711681865178839 ], [ -52.038041585563732, -16.310489279833341 ], [ -51.259465683544242, -16.778873127756299 ] ] ] ] } },
{ "type": "Feature", "properties": { "geogrid_id": "7317209538030791123", "seqnum": 13414.0, "lat_c": -17.209537610513006, "lon_c": -30.791123076254777, "res": 7.0, "count_Insects": 0, "count_Amphibians": 0, "count_Arachnids": 0, "count_Flowering Plants": 0, "count_Birds": 0, "count_Mammals": 1, "count_Ferns": 0, "count_Reptiles": 0, "count_Sac Fungi": 0, "count_Basidiomycota": 0, "count_Molluscs": 0, "count_Mosses": 0, "count_Gymnosperms": 0, "unique_species_count": 1.0, "countryCode": "BR" }, "geometry": { "type": "MultiPolygon", "coordinates": [ [ [ [ -30.11776209258354, -16.774323945712322 ], [ -29.948490272168097, -17.644552057325193 ], [ -30.6245661148943, -18.076889048822935 ], [ -31.469208914239271, -17.647025477436845 ], [ -31.630596646078796, -16.781900635383526 ], [ -30.955483092408635, -16.342278075733418 ], [ -30.11776209258354, -16.774323945712322 ] ] ] ] } },
{ "type": "Feature", "properties": { "geogrid_id": "7317215128029277488", "seqnum": 13442.0, "lat_c": -17.215128241028417, "lon_c": -29.277487963149678, "res": 7.0, "count_Insects": 0, "count_Amphibians": 0, "count_Arachnids": 0, "count_Flowering Plants": 0, "count_Birds": 0, "count_Mammals": 0, "count_Ferns": 0, "count_Reptiles": 0, "count_Sac Fungi": 0, "count_Basidiomycota": 0, "count_Molluscs": 2, "count_Mosses": 0, "count_Gymnosperms": 0, "unique_species_count": 2.0, "countryCode": "BR" }, "geometry": { "type": "MultiPolygon", "coordinates": [ [ [ [ -28.611615039060617, -16.788809705971325 ], [ -28.435817353899239, -17.668131141813088 ], [ -29.103661865884771, -18.09007075430257 ], [ -29.948490272168097, -17.644552057325193 ], [ -30.11776209258354, -16.774323945712322 ], [ -29.44916849604126, -16.341568884124918 ], [ -28.611615039060617, -16.788809705971325 ] ] ] ] } },
{ "type": "Feature", "properties": { "geogrid_id": "7317244927050477949", "seqnum": 4307.0, "lat_c": -17.244926659241749, "lon_c": -50.477948999844799, "res": 7.0, "count_Insects": 54, "count_Amphibians": 13, "count_Arachnids": 7, "count_Flowering Plants": 64, "count_Birds": 84, "count_Mammals": 24, "count_Ferns": 0, "count_Reptiles": 20, "count_Sac Fungi": 1, "count_Basidiomycota": 3, "count_Molluscs": 1, "count_Mosses": 0, "count_Gymnosperms": 0, "unique_species_count": 271.0, "countryCode": "BR" }, "geometry": { "type": "MultiPolygon", "coordinates": [ [ [ [ -49.753477210200955, -16.833638036918607 ], [ -49.693297326862719, -17.708779120177709 ], [ -50.420230472725187, -18.119738953490916 ], [ -51.205745255414669, -17.652821889081256 ], [ -51.259465683544242, -16.778873127756299 ], [ -50.534085061499233, -16.37060740345569 ], [ -49.753477210200955, -16.833638036918607 ] ] ] ] } },
{ "type": "Feature", "properties": { "geogrid_id": "7317250032027773539", "seqnum": 13470.0, "lat_c": -17.250032360699588, "lon_c": -27.773539013165124, "res": 7.0, "count_Insects": 0, "count_Amphibians": 0, "count_Arachnids": 0, "count_Flowering Plants": 0, "count_Birds": 0, "count_Mammals": 1, "count_Ferns": 0, "count_Reptiles": 0, "count_Sac Fungi": 0, "count_Basidiomycota": 0, "count_Molluscs": 0, "count_Mosses": 0, "count_Gymnosperms": 0, "unique_species_count": 1.0, "countryCode": "BR" }, "geometry": { "type": "MultiPolygon", "coordinates": [ [ [ [ -27.116891610468212, -16.835964886073963 ], [ -26.93698270377627, -17.730182634124951 ], [ -27.594509508115266, -18.137863926779552 ], [ -28.435817353899239, -17.668131141813088 ], [ -28.611615039060617, -16.788809705971325 ], [ -27.950923390415522, -16.365782346449084 ], [ -27.116891610468212, -16.835964886073963 ] ] ] ] } },
{ "type": "Feature", "properties": { "geogrid_id": "7317279425035353743", "seqnum": 13331.0, "lat_c": -17.279425213107828, "lon_c": -35.353743353166692, "res": 7.0, "count_Insects": 0, "count_Amphibians": 0, "count_Arachnids": 0, "count_Flowering Plants": 0, "count_Birds": 1, "count_Mammals": 1, "count_Ferns": 0, "count_Reptiles": 0, "count_Sac Fungi": 0, "count_Basidiomycota": 0, "count_Molluscs": 0, "count_Mosses": 0, "count_Gymnosperms": 0, "unique_species_count": 2.0, "countryCode": "BR" }, "geometry": { "type": "MultiPolygon", "coordinates": [ [ [ [ -34.664478863905934, -16.832353664281825 ], [ -34.520578617250322, -17.694547784941179 ], [ -35.213617748612556, -18.141273683034832 ], [ -36.046958515871523, -17.726779900855846 ], [ -36.181889075503463, -16.863924286905529 ], [ -35.492468057652815, -16.416450948713528 ], [ -34.664478863905934, -16.832353664281825 ] ] ] ] } },
{ "type": "Feature", "properties": { "geogrid_id": "7317294630048969741", "seqnum": 4334.0, "lat_c": -17.294630260385702, "lon_c": -48.969741294421397, "res": 7.0, "count_Insects": 335, "count_Amphibians": 36, "count_Arachnids": 44, "count_Flowering Plants": 328, "count_Birds": 174, "count_Mammals": 19, "count_Ferns": 4, "count_Reptiles": 25, "count_Sac Fungi": 5, "count_Basidiomycota": 10, "count_Molluscs": 3, "count_Mosses": 2, "count_Gymnosperms": 1, "unique_species_count": 986.0, "countryCode": "BR" }, "geometry": { "type": "MultiPolygon", "coordinates": [ [ [ [ -48.249575909700802, -16.877420009724148 ], [ -48.18267816489098, -17.753655007687364 ], [ -48.905313627314037, -18.170525790137983 ], [ -49.693297326862719, -17.708779120177709 ], [ -49.753477210200955, -16.833638036918607 ], [ -49.032357560758143, -16.41908863287841 ], [ -48.249575909700802, -16.877420009724148 ] ] ] ] } },
{ "type": "Feature", "properties": { "geogrid_id": "7317311314036875115", "seqnum": 13304.0, "lat_c": -17.311313733146797, "lon_c": -36.875115200742776, "res": 7.0, "count_Insects": 0, "count_Amphibians": 0, "count_Arachnids": 0, "count_Flowering Plants": 0, "count_Birds": 2, "count_Mammals": 1, "count_Ferns": 0, "count_Reptiles": 0, "count_Sac Fungi": 0, "count_Basidiomycota": 0, "count_Molluscs": 3, "count_Mosses": 0, "count_Gymnosperms": 0, "unique_species_count": 6.0, "countryCode": "BR" }, "geometry": { "type": "MultiPolygon", "coordinates": [ [ [ [ -36.181889075503463, -16.863924286905529 ], [ -36.046958515871523, -17.726779900855846 ], [ -36.744107601363304, -18.174249970571658 ], [ -37.57213918342164, -17.758460904832816 ], [ -37.69816435784535, -16.894171102545293 ], [ -37.005055790945079, -16.447241961413532 ], [ -36.181889075503463, -16.863924286905529 ] ] ] ] } },
{ "type": "Feature", "properties": { "geogrid_id": "7317333907047463464", "seqnum": 4362.0, "lat_c": -17.333907189859438, "lon_c": -47.46346395709228, "res": 7.0, "count_Insects": 80, "count_Amphibians": 7, "count_Arachnids": 9, "count_Flowering Plants": 152, "count_Birds": 22, "count_Mammals": 3, "count_Ferns": 0, "count_Reptiles": 9, "count_Sac Fungi": 3, "count_Basidiomycota": 2, "count_Molluscs": 1, "count_Mosses": 0, "count_Gymnosperms": 0, "unique_species_count": 288.0, "countryCode": "BR" }, "geometry": { "type": "MultiPolygon", "coordinates": [ [ [ [ -46.747669306241633, -16.911405813968106 ], [ -46.673822761946781, -17.788578930189924 ], [ -47.392088231154261, -18.210759500603043 ], [ -48.18267816489098, -17.753655007687364 ], [ -48.249575909700802, -16.877420009724148 ], [ -47.532811937112804, -16.457276654039699 ], [ -46.747669306241633, -16.911405813968106 ] ] ] ] } },
{ "type": "Feature", "properties": { "geogrid_id": "7317340538038394955", "seqnum": 13276.0, "lat_c": -17.34053837155081, "lon_c": -38.394954839164214, "res": 7.0, "count_Insects": 13, "count_Amphibians": 1, "count_Arachnids": 2, "count_Flowering Plants": 25, "count_Birds": 44, "count_Mammals": 4, "count_Ferns": 0, "count_Reptiles": 2, "count_Sac Fungi": 0, "count_Basidiomycota": 0, "count_Molluscs": 23, "count_Mosses": 0, "count_Gymnosperms": 0, "unique_species_count": 114.0, "countryCode": "BR" }, "geometry": { "type": "MultiPolygon", "coordinates": [ [ [ [ -37.69816435784535, -16.894171102545293 ], [ -37.57213918342164, -17.758460904832816 ], [ -38.272951988532213, -18.205206203962931 ], [ -39.095426501949596, -17.786192936066055 ], [ -39.212684724468232, -16.920004265807176 ], [ -38.516213195190339, -16.474799602739601 ], [ -37.69816435784535, -16.894171102545293 ] ] ] ] } },
{ "type": "Feature", "properties": { "geogrid_id": "7317363812045958990", "seqnum": 13138.0, "lat_c": -17.363811652621475, "lon_c": -45.958989663049294, "res": 7.0, "count_Insects": 53, "count_Amphibians": 10, "count_Arachnids": 4, "count_Flowering Plants": 15, "count_Birds": 25, "count_Mammals": 6, "count_Ferns": 0, "count_Reptiles": 9, "count_Sac Fungi": 0, "count_Basidiomycota": 0, "count_Molluscs": 0, "count_Mosses": 0, "count_Gymnosperms": 0, "unique_species_count": 122.0, "countryCode": "BR" }, "geometry": { "type": "MultiPolygon", "coordinates": [ [ [ [ -45.24757386402046, -16.936576850058554 ], [ -45.163545790983648, -17.81152097340706 ], [ -45.879199679217656, -18.239540947529417 ], [ -46.67382275962327, -17.788578933385452 ], [ -46.747669306241633, -16.911405813968106 ], [ -46.035290143526879, -16.486274666454833 ], [ -45.24757386402046, -16.936576850058554 ] ] ] ] } },
{ "type": "Feature", "properties": { "geogrid_id": "7317364217039912745", "seqnum": 13248.0, "lat_c": -17.364216991276695, "lon_c": -39.912744632623046, "res": 7.0, "count_Insects": 43, "count_Amphibians": 13, "count_Arachnids": 13, "count_Flowering Plants": 234, "count_Birds": 101, "count_Mammals": 8, "count_Ferns": 2, "count_Reptiles": 15, "count_Sac Fungi": 4, "count_Basidiomycota": 8, "count_Molluscs": 43, "count_Mosses": 0, "count_Gymnosperms": 0, "unique_species_count": 484.0, "countryCode": "BR" }, "geometry": { "type": "MultiPolygon", "coordinates": [ [ [ [ -39.212684724468232, -16.920004265807176 ], [ -39.095426501949596, -17.786192936066055 ], [ -39.799576881546187, -18.230983146087617 ], [ -40.616397635914836, -17.807294198428153 ], [ -40.725063883820219, -16.938959041678515 ], [ -40.025472430490943, -16.49648334917249 ], [ -39.212684724468232, -16.920004265807176 ] ] ] ] } },
{ "type": "Feature", "properties": { "geogrid_id": "7317380054041428174", "seqnum": 13221.0, "lat_c": -17.380054301742227, "lon_c": -41.428173545098574, "res": 7.0, "count_Insects": 44, "count_Amphibians": 1, "count_Arachnids": 11, "count_Flowering Plants": 46, "count_Birds": 72, "count_Mammals": 6, "count_Ferns": 0, "count_Reptiles": 6, "count_Sac Fungi": 0, "count_Basidiomycota": 0, "count_Molluscs": 0, "count_Mosses": 0, "count_Gymnosperms": 0, "unique_species_count": 186.0, "countryCode": "BR" }, "geometry": { "type": "MultiPolygon", "coordinates": [ [ [ [ -40.725063883820219, -16.938959041678515 ], [ -40.616397635914836, -17.807294198428153 ], [ -41.323646719984609, -18.249091782083063 ], [ -42.134810559316307, -17.819632375907943 ], [ -42.235074204817451, -16.949056089023035 ], [ -41.532545842484787, -16.510169544299142 ], [ -40.725063883820219, -16.938959041678515 ] ] ] ] } },
{ "type": "Feature", "properties": { "geogrid_id": "7317381198044451349", "seqnum": 13165.0, "lat_c": -17.381197664862917, "lon_c": -44.451348514940278, "res": 7.0, "count_Insects": 60, "count_Amphibians": 10, "count_Arachnids": 7, "count_Flowering Plants": 78, "count_Birds": 87, "count_Mammals": 8, "count_Ferns": 1, "count_Reptiles": 19, "count_Sac Fungi": 31, "count_Basidiomycota": 13, "count_Molluscs": 5, "count_Mosses": 0, "count_Gymnosperms": 1, "unique_species_count": 320.0, "countryCode": "BR" }, "geometry": { "type": "MultiPolygon", "coordinates": [ [ [ [ -43.742594516919112, -16.948695635818172 ], [ -43.650542133051644, -17.821500057957714 ], [ -44.36350512190505, -18.254796505711308 ], [ -45.163545790983648, -17.81152097340706 ], [ -45.24757386402046, -16.936576850058554 ], [ -44.539558302501227, -16.50699375121718 ], [ -43.742594516919112, -16.948695635818172 ] ] ] ] } },
{ "type": "Feature", "properties": { "geogrid_id": "7317386210042941069", "seqnum": 13193.0, "lat_c": -17.386209730541733, "lon_c": -42.941068760364331, "res": 7.0, "count_Insects": 216, "count_Amphibians": 12, "count_Arachnids": 11, "count_Flowering Plants": 186, "count_Birds": 138, "count_Mammals": 13, "count_Ferns": 2, "count_Reptiles": 25, "count_Sac Fungi": 0, "count_Basidiomycota": 0, "count_Molluscs": 0, "count_Mosses": 0, "count_Gymnosperms": 0, "unique_species_count": 603.0, "countryCode": "BR" }, "geometry": { "type": "MultiPolygon", "coordinates": [ [ [ [ -42.235074204817451, -16.949056089023035 ], [ -42.134810559316307, -17.819632375907943 ], [ -42.844982305876393, -18.257556200612843 ], [ -43.650542133051644, -17.821500057957714 ], [ -43.742594516919112, -16.948695635818172 ], [ -43.037268562661886, -16.514139457362585 ], [ -42.235074204817451, -16.949056089023035 ] ] ] ] } },
{ "type": "Feature", "properties": { "geogrid_id": "7318157542057238541", "seqnum": 4223.0, "lat_c": -18.157541877882249, "lon_c": -57.23854103116723, "res": 7.0, "count_Insects": 20, "count_Amphibians": 3, "count_Arachnids": 1, "count_Flowering Plants": 16, "count_Birds": 156, "count_Mammals": 20, "count_Ferns": 1, "count_Reptiles": 7, "count_Sac Fungi": 0, "count_Basidiomycota": 0, "count_Molluscs": 0, "count_Mosses": 0, "count_Gymnosperms": 0, "unique_species_count": 224.0, "countryCode": "BR" }, "geometry": { "type": "MultiPolygon", "coordinates": [ [ [ [ -56.494214577858415, -17.782849679320115 ], [ -56.460143453790806, -18.654871960025265 ], [ -57.207202146500833, -19.030008769793572 ], [ -57.985382434179648, -18.527263754721563 ], [ -58.013665110363966, -17.655258175086988 ], [ -57.269530867701143, -17.286131365478028 ], [ -56.494214577858415, -17.782849679320115 ] ] ] ] } },
{ "type": "Feature", "properties": { "geogrid_id": "7318275059055715820", "seqnum": 4250.0, "lat_c": -18.275058729013658, "lon_c": -55.715819510693443, "res": 7.0, "count_Insects": 2, "count_Amphibians": 1, "count_Arachnids": 0, "count_Flowering Plants": 10, "count_Birds": 29, "count_Mammals": 1, "count_Ferns": 0, "count_Reptiles": 2, "count_Sac Fungi": 0, "count_Basidiomycota": 0, "count_Molluscs": 0, "count_Mosses": 0, "count_Gymnosperms": 0, "unique_species_count": 45.0, "countryCode": "BR" }, "geometry": { "type": "MultiPolygon", "coordinates": [ [ [ [ -54.974314907010857, -17.890699046967519 ], [ -54.93428461965923, -18.763261311209732 ], [ -55.678452469987299, -19.147819091270204 ], [ -56.460143453790806, -18.654871960025265 ], [ -56.494214577858415, -17.782849679320115 ], [ -55.752508947446664, -17.403320122866731 ], [ -54.974314907010857, -17.890699046967519 ] ] ] ] } },
{ "type": "Feature", "properties": { "geogrid_id": "7318374423054193106", "seqnum": 4278.0, "lat_c": -18.374422593518549, "lon_c": -54.193106429435765, "res": 7.0, "count_Insects": 9, "count_Amphibians": 2, "count_Arachnids": 2, "count_Flowering Plants": 9, "count_Birds": 11, "count_Mammals": 4, "count_Ferns": 0, "count_Reptiles": 4, "count_Sac Fungi": 1, "count_Basidiomycota": 0, "count_Molluscs": 0, "count_Mosses": 0, "count_Gymnosperms": 0, "unique_species_count": 42.0, "countryCode": "BR" }, "geometry": { "type": "MultiPolygon", "coordinates": [ [ [ [ -53.454979481557238, -17.981432155633069 ], [ -53.40875594651606, -18.854838099774025 ], [ -54.149508483795628, -19.247857311155556 ], [ -54.93428461965923, -18.763261311209732 ], [ -54.974314907010857, -17.890699046967519 ], [ -54.235710206662517, -17.501925681978886 ], [ -53.454979481557238, -17.981432155633069 ] ] ] ] } },
{ "type": "Feature", "properties": { "geogrid_id": "7318457907052671185", "seqnum": 4306.0, "lat_c": -18.457907244761149, "lon_c": -52.671184520990273, "res": 7.0, "count_Insects": 99, "count_Amphibians": 9, "count_Arachnids": 8, "count_Flowering Plants": 64, "count_Birds": 171, "count_Mammals": 26, "count_Ferns": 1, "count_Reptiles": 38, "count_Sac Fungi": 0, "count_Basidiomycota": 0, "count_Molluscs": 0, "count_Mosses": 0, "count_Gymnosperms": 0, "unique_species_count": 416.0, "countryCode": "BR" }, "geometry": { "type": "MultiPolygon", "coordinates": [ [ [ [ -51.936835132912023, -18.057192190065919 ], [ -51.884159476564555, -18.931584993816969 ], [ -52.621113459384262, -19.332220301681964 ], [ -53.40875594651606, -18.854838099774025 ], [ -53.454979481557238, -17.981432155633069 ], [ -52.719961581637712, -17.584421309757943 ], [ -51.936835132912023, -18.057192190065919 ] ] ] ] } },
{ "type": "Feature", "properties": { "geogrid_id": "7318511941031305656", "seqnum": 13441.0, "lat_c": -18.511941174574844, "lon_c": -31.305655594088382, "res": 7.0, "count_Insects": 0, "count_Amphibians": 0, "count_Arachnids": 0, "count_Flowering Plants": 0, "count_Birds": 0, "count_Mammals": 1, "count_Ferns": 0, "count_Reptiles": 0, "count_Sac Fungi": 0, "count_Basidiomycota": 0, "count_Molluscs": 0, "count_Mosses": 0, "count_Gymnosperms": 0, "unique_species_count": 1.0, "countryCode": "BR" }, "geometry": { "type": "MultiPolygon", "coordinates": [ [ [ [ -30.6245661148943, -18.076889048822935 ], [ -30.455763958066431, -18.944671201775229 ], [ -31.139865360958854, -19.376912624088863 ], [ -31.991694682701372, -18.94950476255913 ], [ -32.151973965026201, -18.08659850953282 ], [ -31.469208914239271, -17.647025477436845 ], [ -30.6245661148943, -18.076889048822935 ] ] ] ] } },
{ "type": "Feature", "properties": { "geogrid_id": "7318515653029777003", "seqnum": 13469.0, "lat_c": -18.515652790733188, "lon_c": -29.777002524691124, "res": 7.0, "count_Insects": 0, "count_Amphibians": 0, "count_Arachnids": 0, "count_Flowering Plants": 0, "count_Birds": 0, "count_Mammals": 1, "count_Ferns": 0, "count_Reptiles": 0, "count_Sac Fungi": 0, "count_Basidiomycota": 0, "count_Molluscs": 0, "count_Mosses": 0, "count_Gymnosperms": 0, "unique_species_count": 1.0, "countryCode": "BR" }, "geometry": { "type": "MultiPolygon", "coordinates": [ [ [ [ -29.103661865884771, -18.09007075430257 ], [ -28.927765438834413, -18.967061607382295 ], [ -29.603318559986445, -19.388164167501003 ], [ -30.455763958066431, -18.944671201775229 ], [ -30.6245661148943, -18.076889048822935 ], [ -29.948490272168097, -17.644552057325193 ], [ -29.103661865884771, -18.09007075430257 ] ] ] ] } },
{ "type": "Feature", "properties": { "geogrid_id": "7318527383051150524", "seqnum": 4333.0, "lat_c": -18.527382898804319, "lon_c": -51.150524320676737, "res": 7.0, "count_Insects": 12, "count_Amphibians": 5, "count_Arachnids": 1, "count_Flowering Plants": 24, "count_Birds": 46, "count_Mammals": 24, "count_Ferns": 0, "count_Reptiles": 13, "count_Sac Fungi": 0, "count_Basidiomycota": 0, "count_Molluscs": 0, "count_Mosses": 0, "count_Gymnosperms": 0, "unique_species_count": 125.0, "countryCode": "BR" }, "geometry": { "type": "MultiPolygon", "coordinates": [ [ [ [ -50.420230472725187, -18.119738953490916 ], [ -50.360842587268706, -18.995144514775244 ], [ -51.093726628745692, -19.402647997971261 ], [ -51.884159476564555, -18.931584993816969 ], [ -51.936835132912023, -18.057192190065919 ], [ -51.205745255414669, -17.652821889081256 ], [ -50.420230472725187, -18.119738953490916 ] ] ] ] } },
{ "type": "Feature", "properties": { "geogrid_id": "7318550224028258132", "seqnum": 13496.0, "lat_c": -18.550224242507749, "lon_c": -28.258131895551916, "res": 7.0, "count_Insects": 0, "count_Amphibians": 0, "count_Arachnids": 0, "count_Flowering Plants": 0, "count_Birds": 0, "count_Mammals": 1, "count_Ferns": 0, "count_Reptiles": 0, "count_Sac Fungi": 0, "count_Basidiomycota": 0, "count_Molluscs": 0, "count_Mosses": 0, "count_Gymnosperms": 0, "unique_species_count": 1.0, "countryCode": "BR" }, "geometry": { "type": "MultiPolygon", "coordinates": [ [ [ [ -27.594509508115266, -18.137863926779552 ], [ -27.414202291635291, -19.030538339685975 ], [ -28.078812020764001, -19.436142068089147 ], [ -28.927765438834413, -18.967061607382295 ], [ -29.103661865884771, -18.09007075430257 ], [ -28.435817353899239, -17.668131141813088 ], [ -27.594509508115266, -18.137863926779552 ] ] ] ] } },
{ "type": "Feature", "properties": { "geogrid_id": "7318584396049631370", "seqnum": 4361.0, "lat_c": -18.584396473659247, "lon_c": -49.631369560287112, "res": 7.0, "count_Insects": 61, "count_Amphibians": 9, "count_Arachnids": 6, "count_Flowering Plants": 78, "count_Birds": 93, "count_Mammals": 18, "count_Ferns": 2, "count_Reptiles": 13, "count_Sac Fungi": 1, "count_Basidiomycota": 1, "count_Molluscs": 4, "count_Mosses": 0, "count_Gymnosperms": 0, "unique_species_count": 286.0, "countryCode": "BR" }, "geometry": { "type": "MultiPolygon", "coordinates": [ [ [ [ -48.905313627314037, -18.170525790137983 ], [ -48.838966003706567, -19.046884466603455 ], [ -49.567597539852578, -19.46059146380577 ], [ -50.360842587268706, -18.995144514775244 ], [ -50.420230472725187, -18.119738953490916 ], [ -49.693297326862719, -17.708779120177709 ], [ -48.905313627314037, -18.170525790137983 ] ] ] ] } },
{ "type": "Feature", "properties": { "geogrid_id": "7318588518035910752", "seqnum": 13358.0, "lat_c": -18.588517510294707, "lon_c": -35.910752183357459, "res": 7.0, "count_Insects": 0, "count_Amphibians": 0, "count_Arachnids": 0, "count_Flowering Plants": 0, "count_Birds": 0, "count_Mammals": 1, "count_Ferns": 0, "count_Reptiles": 0, "count_Sac Fungi": 0, "count_Basidiomycota": 0, "count_Molluscs": 0, "count_Mosses": 0, "count_Gymnosperms": 0, "unique_species_count": 1.0, "countryCode": "BR" }, "geometry": { "type": "MultiPolygon", "coordinates": [ [ [ [ -35.213617748612556, -18.141273683034832 ], [ -35.072000993325673, -19.002051538595076 ], [ -35.773183088454751, -19.449186574994226 ], [ -36.611951764265086, -19.036099241773289 ], [ -36.744107601363304, -18.174249970571658 ], [ -36.046958515871523, -17.726779900855846 ], [ -35.213617748612556, -18.141273683034832 ] ] ] ] } },
{ "type": "Feature", "properties": { "geogrid_id": "7318621666037445172", "seqnum": 13330.0, "lat_c": -18.621666118744745, "lon_c": -37.44517184218418, "res": 7.0, "count_Insects": 0, "count_Amphibians": 0, "count_Arachnids": 0, "count_Flowering Plants": 0, "count_Birds": 5, "count_Mammals": 2, "count_Ferns": 0, "count_Reptiles": 0, "count_Sac Fungi": 0, "count_Basidiomycota": 0, "count_Molluscs": 0, "count_Mosses": 0, "count_Gymnosperms": 0, "unique_species_count": 7.0, "countryCode": "BR" }, "geometry": { "type": "MultiPolygon", "coordinates": [ [ [ [ -36.744107601363304, -18.174249970571658 ], [ -36.611951764265086, -19.036099241773289 ], [ -37.317183887302619, -19.483837105084167 ], [ -38.150130348514935, -19.068857706069007 ], [ -38.272951988532213, -18.205206203962931 ], [ -37.57213918342164, -17.758460904832816 ], [ -36.744107601363304, -18.174249970571658 ] ] ] ] } },
{ "type": "Feature", "properties": { "geogrid_id": "7318630234048113799", "seqnum": 13137.0, "lat_c": -18.630234299824298, "lon_c": -48.113799050992881, "res": 7.0, "count_Insects": 200, "count_Amphibians": 4, "count_Arachnids": 53, "count_Flowering Plants": 420, "count_Birds": 195, "count_Mammals": 19, "count_Ferns": 9, "count_Reptiles": 18, "count_Sac Fungi": 0, "count_Basidiomycota": 8, "count_Molluscs": 6, "count_Mosses": 0, "count_Gymnosperms": 0, "unique_species_count": 932.0, "countryCode": "BR" }, "geometry": { "type": "MultiPolygon", "coordinates": [ [ [ [ -47.392088228788204, -18.210759503884344 ], [ -47.320920461795517, -19.088172803646884 ], [ -48.04700351945111, -19.508536121863379 ], [ -48.838966001260992, -19.046884470055687 ], [ -48.905313627314037, -18.170525790137983 ], [ -48.18267816489098, -17.753655007687364 ], [ -47.392088228788204, -18.210759503884344 ] ] ] ] } },
{ "type": "Feature", "properties": { "geogrid_id": "7318630368026756234", "seqnum": 13524.0, "lat_c": -18.630367966626967, "lon_c": -26.756234009572683, "res": 7.0, "count_Insects": 0, "count_Amphibians": 0, "count_Arachnids": 0, "count_Flowering Plants": 0, "count_Birds": 0, "count_Mammals": 1, "count_Ferns": 0, "count_Reptiles": 0, "count_Sac Fungi": 0, "count_Basidiomycota": 0, "count_Molluscs": 0, "count_Mosses": 0, "count_Gymnosperms": 0, "unique_species_count": 1.0, "countryCode": "BR" }, "geometry": { "type": "MultiPolygon", "coordinates": [ [ [ [ -26.030087164504966, -18.02647895880008 ], [ -25.774512521123459, -18.732684878041102 ], [ -26.499487233785363, -19.329659966046687 ], [ -27.414202291635291, -19.030538339685975 ], [ -27.594509508115266, -18.137863926779552 ], [ -26.93698270377627, -17.730182634124951 ], [ -26.030087164504966, -18.02647895880008 ] ] ] ] } },
{ "type": "Feature", "properties": { "geogrid_id": "7318651389038977543", "seqnum": 13303.0, "lat_c": -18.651388996696749, "lon_c": -38.977542688444117, "res": 7.0, "count_Insects": 55, "count_Amphibians": 8, "count_Arachnids": 8, "count_Flowering Plants": 91, "count_Birds": 95, "count_Mammals": 11, "count_Ferns": 1, "count_Reptiles": 8, "count_Sac Fungi": 0, "count_Basidiomycota": 2, "count_Molluscs": 18, "count_Mosses": 0, "count_Gymnosperms": 0, "unique_species_count": 297.0, "countryCode": "BR" }, "geometry": { "type": "MultiPolygon", "coordinates": [ [ [ [ -38.272951988532213, -18.205206203962931 ], [ -38.150130348514935, -19.068857706069007 ], [ -38.858960001063899, -19.515652974482471 ], [ -39.685898353469653, -19.09684779781276 ], [ -39.799576881546187, -18.230983146087617 ], [ -39.095426501949596, -17.786192936066055 ], [ -38.272951988532213, -18.205206203962931 ] ] ] ] } },
{ "type": "Feature", "properties": { "geogrid_id": "7318665133046598322", "seqnum": 13164.0, "lat_c": -18.66513302698219, "lon_c": -46.598321502833748, "res": 7.0, "count_Insects": 153, "count_Amphibians": 8, "count_Arachnids": 21, "count_Flowering Plants": 158, "count_Birds": 95, "count_Mammals": 31, "count_Ferns": 1, "count_Reptiles": 27, "count_Sac Fungi": 0, "count_Basidiomycota": 11, "count_Molluscs": 2, "count_Mosses": 0, "count_Gymnosperms": 0, "unique_species_count": 507.0, "countryCode": "BR" }, "geometry": { "type": "MultiPolygon", "coordinates": [ [ [ [ -45.879199679217656, -18.239540947529417 ], [ -45.799933347967674, -19.114885376492644 ], [ -46.523410046114755, -19.541416877149416 ], [ -47.320920461795517, -19.088172803646884 ], [ -47.392088228788204, -18.210759503884344 ], [ -46.67382275962327, -17.788578933385452 ], [ -45.879199679217656, -18.239540947529417 ] ] ] ] } },
{ "type": "Feature", "properties": { "geogrid_id": "7318674757040507402", "seqnum": 13275.0, "lat_c": -18.674756691438976, "lon_c": -40.507401671497711, "res": 7.0, "count_Insects": 562, "count_Amphibians": 36, "count_Arachnids": 70, "count_Flowering Plants": 845, "count_Birds": 325, "count_Mammals": 27, "count_Ferns": 12, "count_Reptiles": 49, "count_Sac Fungi": 7, "count_Basidiomycota": 32, "count_Molluscs": 23, "count_Mosses": 0, "count_Gymnosperms": 0, "unique_species_count": 1988.0, "countryCode": "BR" }, "geometry": { "type": "MultiPolygon", "coordinates": [ [ [ [ -39.799576881546187, -18.230983146087617 ], [ -39.685898353469653, -19.09684779781276 ], [ -40.398003940841626, -19.541420459724097 ], [ -41.218894611636657, -19.117360762939224 ], [ -41.323646719984609, -18.249091782083063 ], [ -40.616397635914836, -17.807294198428153 ], [ -39.799576881546187, -18.230983146087617 ] ] ] ] } },
{ "type": "Feature", "properties": { "geogrid_id": "7318685968045079967", "seqnum": 13192.0, "lat_c": -18.685968461527679, "lon_c": -45.07996658934151, "res": 7.0, "count_Insects": 159, "count_Amphibians": 13, "count_Arachnids": 32, "count_Flowering Plants": 107, "count_Birds": 215, "count_Mammals": 15, "count_Ferns": 0, "count_Reptiles": 17, "count_Sac Fungi": 1, "count_Basidiomycota": 5, "count_Molluscs": 16, "count_Mosses": 0, "count_Gymnosperms": 0, "unique_species_count": 580.0, "countryCode": "BR" }, "geometry": { "type": "MultiPolygon", "coordinates": [ [ [ [ -44.36350512190505, -18.254796505711308 ], [ -44.275950012323342, -19.127892029782902 ], [ -44.996750887609949, -19.560029464344414 ], [ -45.799933347967674, -19.114885376492644 ], [ -45.879199679217656, -18.239540947529417 ], [ -45.163545790983648, -17.81152097340706 ], [ -44.36350512190505, -18.254796505711308 ] ] ] ] } },
{ "type": "Feature", "properties": { "geogrid_id": "7318689465042034493", "seqnum": 13247.0, "lat_c": -18.689465250797049, "lon_c": -42.034493028364679, "res": 7.0, "count_Insects": 271, "count_Amphibians": 12, "count_Arachnids": 37, "count_Flowering Plants": 156, "count_Birds": 273, "count_Mammals": 17, "count_Ferns": 1, "count_Reptiles": 22, "count_Sac Fungi": 1, "count_Basidiomycota": 3, "count_Molluscs": 3, "count_Mosses": 0, "count_Gymnosperms": 0, "unique_species_count": 796.0, "countryCode": "BR" }, "geometry": { "type": "MultiPolygon", "coordinates": [ [ [ [ -41.323646719984609, -18.249091782083063 ], [ -41.218894611636657, -19.117360762939224 ], [ -41.934047374625457, -19.558642217009954 ], [ -42.748935749268455, -19.128269867977046 ], [ -42.844982305876393, -18.257556200612843 ], [ -42.134810559316307, -17.819632375907943 ], [ -41.323646719984609, -18.249091782083063 ] ] ] ] } },
{ "type": "Feature", "properties": { "geogrid_id": "7318693689043558694", "seqnum": 13220.0, "lat_c": -18.693688523936647, "lon_c": -43.55869428663393, "res": 7.0, "count_Insects": 304, "count_Amphibians": 32, "count_Arachnids": 47, "count_Flowering Plants": 778, "count_Birds": 260, "count_Mammals": 24, "count_Ferns": 6, "count_Reptiles": 49, "count_Sac Fungi": 3, "count_Basidiomycota": 4, "count_Molluscs": 1, "count_Mosses": 4, "count_Gymnosperms": 0, "unique_species_count": 1512.0, "countryCode": "BR" }, "geometry": { "type": "MultiPolygon", "coordinates": [ [ [ [ -42.844982305876393, -18.257556200612843 ], [ -42.748935749268455, -19.128269867977046 ], [ -43.466972000907781, -19.565360795724072 ], [ -44.275950012323342, -19.127892029782902 ], [ -44.36350512190505, -18.254796505711308 ], [ -43.650542133051644, -17.821500057957714 ], [ -42.844982305876393, -18.257556200612843 ] ] ] ] } },
{ "type": "Feature", "properties": { "geogrid_id": "7319400342057956907", "seqnum": 4249.0, "lat_c": -19.400342165473269, "lon_c": -57.956906946444683, "res": 7.0, "count_Insects": 47, "count_Amphibians": 5, "count_Arachnids": 6, "count_Flowering Plants": 205, "count_Birds": 119, "count_Mammals": 16, "count_Ferns": 3, "count_Reptiles": 18, "count_Sac Fungi": 0, "count_Basidiomycota": 4, "count_Molluscs": 1, "count_Mosses": 0, "count_Gymnosperms": 0, "unique_species_count": 424.0, "countryCode": "BR" }, "geometry": { "type": "MultiPolygon", "coordinates": [ [ [ [ -57.207202146500833, -19.030008769793572 ], [ -57.175491572050397, -19.903586420756611 ], [ -57.92822025098986, -20.274549469937629 ], [ -58.709165141510965, -19.765748307224399 ], [ -58.734628759529286, -18.891885982328528 ], [ -57.985382434179648, -18.527263754721563 ], [ -57.207202146500833, -19.030008769793572 ] ] ] ] } },
{ "type": "Feature", "properties": { "geogrid_id": "7319527969056425545", "seqnum": 4277.0, "lat_c": -19.527968974347623, "lon_c": -56.425544559250667, "res": 7.0, "count_Insects": 237, "count_Amphibians": 29, "count_Arachnids": 32, "count_Flowering Plants": 251, "count_Birds": 337, "count_Mammals": 51, "count_Ferns": 1, "count_Reptiles": 51, "count_Sac Fungi": 0, "count_Basidiomycota": 15, "count_Molluscs": 4, "count_Mosses": 0, "count_Gymnosperms": 0, "unique_species_count": 1008.0, "countryCode": "BR" }, "geometry": { "type": "MultiPolygon", "coordinates": [ [ [ [ -55.678452469987299, -19.147819091270204 ], [ -55.640375412999362, -20.021659446729473 ], [ -56.39038993499242, -20.402196337453244 ], [ -57.175491572050397, -19.903586420756611 ], [ -57.207202146500833, -19.030008769793572 ], [ -56.460143453790806, -18.654871960025265 ], [ -55.678452469987299, -19.147819091270204 ] ] ] ] } },
{ "type": "Feature", "properties": { "geogrid_id": "7319636839054893398", "seqnum": 4305.0, "lat_c": -19.636839089824672, "lon_c": -54.893397667958318, "res": 7.0, "count_Insects": 52, "count_Amphibians": 19, "count_Arachnids": 15, "count_Flowering Plants": 190, "count_Birds": 185, "count_Mammals": 17, "count_Ferns": 2, "count_Reptiles": 17, "count_Sac Fungi": 26, "count_Basidiomycota": 5, "count_Molluscs": 0, "count_Mosses": 0, "count_Gymnosperms": 0, "unique_species_count": 528.0, "countryCode": "BR" }, "geometry": { "type": "MultiPolygon", "coordinates": [ [ [ [ -54.149508483795628, -19.247857311155556 ], [ -54.104871939033039, -20.122296699460701 ], [ -54.851615136429025, -20.511494190671765 ], [ -55.640375412999362, -20.021659446729473 ], [ -55.678452469987299, -19.147819091270204 ], [ -54.93428461965923, -18.763261311209732 ], [ -54.149508483795628, -19.247857311155556 ] ] ] ] } },
{ "type": "Feature", "properties": { "geogrid_id": "7319729165053361361", "seqnum": 4332.0, "lat_c": -19.729165038154971, "lon_c": -53.361360599425844, "res": 7.0, "count_Insects": 4, "count_Amphibians": 0, "count_Arachnids": 4, "count_Flowering Plants": 2, "count_Birds": 19, "count_Mammals": 16, "count_Ferns": 0, "count_Reptiles": 2, "count_Sac Fungi": 0, "count_Basidiomycota": 0, "count_Molluscs": 0, "count_Mosses": 0, "count_Gymnosperms": 0, "unique_species_count": 47.0, "countryCode": "BR" }, "geometry": { "type": "MultiPolygon", "coordinates": [ [ [ [ -52.621113459384262, -19.332220301681964 ], [ -52.569689263433204, -20.207437425714829 ], [ -53.312741198030238, -20.604483669605798 ], [ -54.104871939033039, -20.122296699460701 ], [ -54.149508483795628, -19.247857311155556 ], [ -53.40875594651606, -18.854838099774025 ], [ -52.621113459384262, -19.332220301681964 ] ] ] ] } },
{ "type": "Feature", "properties": { "geogrid_id": "7319806786051830013", "seqnum": 4360.0, "lat_c": -19.806785745032929, "lon_c": -51.83001279227593, "res": 7.0, "count_Insects": 54, "count_Amphibians": 10, "count_Arachnids": 4, "count_Flowering Plants": 29, "count_Birds": 63, "count_Mammals": 9, "count_Ferns": 0, "count_Reptiles": 11, "count_Sac Fungi": 2, "count_Basidiomycota": 9, "count_Molluscs": 1, "count_Mosses": 0, "count_Gymnosperms": 0, "unique_species_count": 192.0, "countryCode": "BR" }, "geometry": { "type": "MultiPolygon", "coordinates": [ [ [ [ -51.093726628745692, -19.402647997971261 ], [ -51.035275938675113, -20.278703826715279 ], [ -51.774327115506232, -20.682874458347673 ], [ -52.569689263433204, -20.207437425714829 ], [ -52.621113459384262, -19.332220301681964 ], [ -51.884159476564555, -18.931584993816969 ], [ -51.093726628745692, -19.402647997971261 ] ] ] ] } },
{ "type": "Feature", "properties": { "geogrid_id": "7319846966028749956", "seqnum": 13523.0, "lat_c": -19.846965672391217, "lon_c": -28.749955710052681, "res": 7.0, "count_Insects": 0, "count_Amphibians": 0, "count_Arachnids": 0, "count_Flowering Plants": 0, "count_Birds": 1, "count_Mammals": 1, "count_Ferns": 0, "count_Reptiles": 0, "count_Sac Fungi": 0, "count_Basidiomycota": 0, "count_Molluscs": 0, "count_Mosses": 0, "count_Gymnosperms": 0, "unique_species_count": 2.0, "countryCode": "BR" }, "geometry": { "type": "MultiPolygon", "coordinates": [ [ [ [ -28.078812020764001, -19.436142068089147 ], [ -27.89828255124392, -20.327287692076808 ], [ -28.570518202086784, -20.730933574652624 ], [ -29.427516098326365, -20.262783176567879 ], [ -29.603318559986445, -19.388164167501003 ], [ -28.927765438834413, -18.967061607382295 ], [ -28.078812020764001, -19.436142068089147 ] ] ] ] } },
{ "type": "Feature", "properties": { "geogrid_id": "7319861815034928800", "seqnum": 13412.0, "lat_c": -19.861815093181008, "lon_c": -34.928799791649581, "res": 7.0, "count_Insects": 0, "count_Amphibians": 0, "count_Arachnids": 0, "count_Flowering Plants": 0, "count_Birds": 1, "count_Mammals": 0, "count_Ferns": 0, "count_Reptiles": 0, "count_Sac Fungi": 0, "count_Basidiomycota": 0, "count_Molluscs": 0, "count_Mosses": 0, "count_Gymnosperms": 0, "unique_species_count": 1.0, "countryCode": "BR" }, "geometry": { "type": "MultiPolygon", "coordinates": [ [ [ [ -34.227839522628798, -19.415874548200026 ], [ -34.078805686832098, -20.275150228221776 ], [ -34.783917537928573, -20.720622415869457 ], [ -35.634161393194795, -20.308836276518552 ], [ -35.773183088454751, -19.449186574994226 ], [ -35.072000993325673, -19.002051538595076 ], [ -34.227839522628798, -19.415874548200026 ] ] ] ] } },
{ "type": "Feature", "properties": { "geogrid_id": "7319871237050299700", "seqnum": 13136.0, "lat_c": -19.871237140871681, "lon_c": -50.299699687286498, "res": 7.0, "count_Insects": 27, "count_Amphibians": 4, "count_Arachnids": 6, "count_Flowering Plants": 88, "count_Birds": 59, "count_Mammals": 11, "count_Ferns": 0, "count_Reptiles": 8, "count_Sac Fungi": 5, "count_Basidiomycota": 1, "count_Molluscs": 1, "count_Mosses": 0, "count_Gymnosperms": 0, "unique_species_count": 210.0, "countryCode": "BR" }, "geometry": { "type": "MultiPolygon", "coordinates": [ [ [ [ -49.567597537370126, -19.460591467343097 ], [ -49.509637914883399, -20.340738637009661 ], [ -50.246190964989694, -20.75233171236772 ], [ -51.035275936124933, -20.278703830421929 ], [ -51.093726628745692, -19.402647997971261 ], [ -50.360842587268706, -18.995144514775244 ], [ -49.567597537370126, -19.460591467343097 ] ] ] ] } },
{ "type": "Feature", "properties": { "geogrid_id": "7319896909036478564", "seqnum": 13385.0, "lat_c": -19.896909402734092, "lon_c": -36.478564056252971, "res": 7.0, "count_Insects": 0, "count_Amphibians": 0, "count_Arachnids": 0, "count_Flowering Plants": 0, "count_Birds": 1, "count_Mammals": 1, "count_Ferns": 0, "count_Reptiles": 0, "count_Sac Fungi": 0, "count_Basidiomycota": 0, "count_Molluscs": 0, "count_Mosses": 0, "count_Gymnosperms": 0, "unique_species_count": 2.0, "countryCode": "BR" }, "geometry": { "type": "MultiPolygon", "coordinates": [ [ [ [ -35.773183088454751, -19.449186574994226 ], [ -35.634161393194795, -20.308836276518552 ], [ -36.343858213587332, -20.756727613656189 ], [ -37.188094538027805, -20.345023887366434 ], [ -37.317183887302619, -19.483837105084167 ], [ -36.611951764265086, -19.036099241773289 ], [ -35.773183088454751, -19.449186574994226 ] ] ] ] } },
{ "type": "Feature", "properties": { "geogrid_id": "7319926099048776575", "seqnum": 13163.0, "lat_c": -19.926099180547951, "lon_c": -48.776575288257135, "res": 7.0, "count_Insects": 60, "count_Amphibians": 5, "count_Arachnids": 9, "count_Flowering Plants": 75, "count_Birds": 74, "count_Mammals": 17, "count_Ferns": 0, "count_Reptiles": 15, "count_Sac Fungi": 1, "count_Basidiomycota": 4, "count_Molluscs": 1, "count_Mosses": 0, "count_Gymnosperms": 0, "unique_species_count": 261.0, "countryCode": "BR" }, "geometry": { "type": "MultiPolygon", "coordinates": [ [ [ [ -48.04700351945111, -19.508536121863379 ], [ -47.980900339315085, -20.386803704800258 ], [ -48.714911366954411, -20.805400196986778 ], [ -49.509637914883399, -20.340738637009661 ], [ -49.567597537370126, -19.460591467343097 ], [ -48.838966001260992, -19.046884470055687 ], [ -48.04700351945111, -19.508536121863379 ] ] ] ] } },
{ "type": "Feature", "properties": { "geogrid_id": "7319931548038026413", "seqnum": 13357.0, "lat_c": -19.931547836753055, "lon_c": -38.026413399061063, "res": 7.0, "count_Insects": 0, "count_Amphibians": 0, "count_Arachnids": 0, "count_Flowering Plants": 0, "count_Birds": 1, "count_Mammals": 4, "count_Ferns": 0, "count_Reptiles": 0, "count_Sac Fungi": 0, "count_Basidiomycota": 0, "count_Molluscs": 0, "count_Mosses": 0, "count_Gymnosperms": 0, "unique_species_count": 5.0, "countryCode": "BR" }, "geometry": { "type": "MultiPolygon", "coordinates": [ [ [ [ -37.317183887302619, -19.483837105084167 ], [ -37.188094538027805, -20.345023887366434 ], [ -37.90172208270706, -20.793332199724308 ], [ -38.739602493587554, -20.379046946223028 ], [ -38.858960001063899, -19.515652974482471 ], [ -38.150130348514935, -19.068857706069007 ], [ -37.317183887302619, -19.483837105084167 ] ] ] ] } },
{ "type": "Feature", "properties": { "geogrid_id": "7319961879039571635", "seqnum": 13329.0, "lat_c": -19.961879270014474, "lon_c": -39.5716353427405, "res": 7.0, "count_Insects": 415, "count_Amphibians": 47, "count_Arachnids": 56, "count_Flowering Plants": 498, "count_Birds": 252, "count_Mammals": 24, "count_Ferns": 10, "count_Reptiles": 45, "count_Sac Fungi": 5, "count_Basidiomycota": 15, "count_Molluscs": 139, "count_Mosses": 0, "count_Gymnosperms": 0, "unique_species_count": 1506.0, "countryCode": "BR" }, "geometry": { "type": "MultiPolygon", "coordinates": [ [ [ [ -38.858960001063899, -19.515652974482471 ], [ -38.739602493587554, -20.379046946223028 ], [ -39.456710609041068, -20.826148986830766 ], [ -40.288128469477172, -20.407363270938419 ], [ -40.398003940841626, -19.541420459724097 ], [ -39.685898353469653, -19.09684779781276 ], [ -38.858960001063899, -19.515652974482471 ] ] ] ] } },
{ "type": "Feature", "properties": { "geogrid_id": "7319965433047250399", "seqnum": 13191.0, "lat_c": -19.965432879501563, "lon_c": -47.250399052361054, "res": 7.0, "count_Insects": 249, "count_Amphibians": 14, "count_Arachnids": 28, "count_Flowering Plants": 336, "count_Birds": 283, "count_Mammals": 28, "count_Ferns": 4, "count_Reptiles": 33, "count_Sac Fungi": 2, "count_Basidiomycota": 7, "count_Molluscs": 2, "count_Mosses": 1, "count_Gymnosperms": 0, "unique_species_count": 987.0, "countryCode": "BR" }, "geometry": { "type": "MultiPolygon", "coordinates": [ [ [ [ -46.523410046114755, -19.541416877149416 ], [ -46.448982478063108, -20.417558189358218 ], [ -47.180404423751149, -20.84267645063699 ], [ -47.980900339315085, -20.386803704800258 ], [ -48.04700351945111, -19.508536121863379 ], [ -47.320920461795517, -19.088172803646884 ], [ -46.523410046114755, -19.541416877149416 ] ] ] ] } },
{ "type": "Feature", "properties": { "geogrid_id": "7319984944041113842", "seqnum": 13302.0, "lat_c": -19.98494436568539, "lon_c": -41.113842182413592, "res": 7.0, "count_Insects": 1335, "count_Amphibians": 72, "count_Arachnids": 123, "count_Flowering Plants": 1295, "count_Birds": 469, "count_Mammals": 45, "count_Ferns": 25, "count_Reptiles": 77, "count_Sac Fungi": 24, "count_Basidiomycota": 75, "count_Molluscs": 26, "count_Mosses": 13, "count_Gymnosperms": 3, "unique_species_count": 3582.0, "countryCode": "BR" }, "geometry": { "type": "MultiPolygon", "coordinates": [ [ [ [ -40.398003940841626, -19.541420459724097 ], [ -40.288128469477172, -20.407363270938419 ], [ -41.00840892059216, -20.8519312206992 ], [ -41.833393471417999, -20.427256626804397 ], [ -41.934047374625457, -19.558642217009954 ], [ -41.218894611636657, -19.117360762939224 ], [ -40.398003940841626, -19.541420459724097 ] ] ] ] } },
{ "type": "Feature", "properties": { "geogrid_id": "7319989964045721096", "seqnum": 13219.0, "lat_c": -19.989963764697087, "lon_c": -45.721096095024734, "res": 7.0, "count_Insects": 291, "count_Amphibians": 25, "count_Arachnids": 21, "count_Flowering Plants": 230, "count_Birds": 282, "count_Mammals": 13, "count_Ferns": 5, "count_Reptiles": 25, "count_Sac Fungi": 0, "count_Basidiomycota": 4, "count_Molluscs": 2, "count_Mosses": 0, "count_Gymnosperms": 1, "unique_species_count": 899.0, "countryCode": "BR" }, "geometry": { "type": "MultiPolygon", "coordinates": [ [ [ [ -44.996750887609949, -19.560029464344414 ], [ -44.913802523020045, -20.433822605243616 ], [ -45.64257963272977, -20.864904633170134 ], [ -46.448982478063108, -20.417558189358218 ], [ -46.523410046114755, -19.541416877149416 ], [ -45.799933347967674, -19.114885376492644 ], [ -44.996750887609949, -19.560029464344414 ] ] ] ] } },
{ "type": "Feature", "properties": { "geogrid_id": "7319998448042652849", "seqnum": 13274.0, "lat_c": -19.998447743441332, "lon_c": -42.652849451236911, "res": 7.0, "count_Insects": 386, "count_Amphibians": 46, "count_Arachnids": 59, "count_Flowering Plants": 425, "count_Birds": 249, "count_Mammals": 28, "count_Ferns": 11, "count_Reptiles": 44, "count_Sac Fungi": 8, "count_Basidiomycota": 17, "count_Molluscs": 4, "count_Mosses": 3, "count_Gymnosperms": 2, "unique_species_count": 1282.0, "countryCode": "BR" }, "geometry": { "type": "MultiPolygon", "coordinates": [ [ [ [ -41.934047374625457, -19.558642217009954 ], [ -41.833393471417999, -20.427256626804397 ], [ -42.556635748644034, -20.868194282453029 ], [ -43.375288034686037, -20.436624036024554 ], [ -43.466972000907781, -19.565360795724072 ], [ -42.748935749268455, -19.128269867977046 ], [ -41.934047374625457, -19.558642217009954 ] ] ] ] } },
{ "type": "Feature", "properties": { "geogrid_id": "7320000593044188597", "seqnum": 13246.0, "lat_c": -20.000593241192181, "lon_c": -44.188596715608817, "res": 7.0, "count_Insects": 1230, "count_Amphibians": 63, "count_Arachnids": 159, "count_Flowering Plants": 1338, "count_Birds": 416, "count_Mammals": 53, "count_Ferns": 22, "count_Reptiles": 68, "count_Sac Fungi": 107, "count_Basidiomycota": 37, "count_Molluscs": 18, "count_Mosses": 8, "count_Gymnosperms": 5, "unique_species_count": 3524.0, "countryCode": "BR" }, "geometry": { "type": "MultiPolygon", "coordinates": [ [ [ [ -43.466972000907781, -19.565360795724072 ], [ -43.375288034686037, -20.436624036024554 ], [ -44.101347904349936, -20.8730179657442 ], [ -44.913802523020045, -20.433822605243616 ], [ -44.996750887609949, -19.560029464344414 ], [ -44.275950012323342, -19.127892029782902 ], [ -43.466972000907781, -19.565360795724072 ] ] ] ] } },
{ "type": "Feature", "properties": { "geogrid_id": "7320778330057143386", "seqnum": 4304.0, "lat_c": -20.778329805964681, "lon_c": -57.143385680987549, "res": 7.0, "count_Insects": 147, "count_Amphibians": 16, "count_Arachnids": 21, "count_Flowering Plants": 81, "count_Birds": 207, "count_Mammals": 20, "count_Ferns": 2, "count_Reptiles": 29, "count_Sac Fungi": 1, "count_Basidiomycota": 3, "count_Molluscs": 6, "count_Mosses": 0, "count_Gymnosperms": 0, "unique_species_count": 533.0, "countryCode": "BR" }, "geometry": { "type": "MultiPolygon", "coordinates": [ [ [ [ -56.39038993499242, -20.402196337453244 ], [ -56.354650265049301, -21.277610099476266 ], [ -57.110859778917209, -21.654294529689565 ], [ -57.899303264113144, -21.149942127204813 ], [ -57.92822025098986, -20.274549469937629 ], [ -57.175491572050397, -19.903586420756611 ], [ -56.39038993499242, -20.402196337453244 ] ] ] ] } },
{ "type": "Feature", "properties": { "geogrid_id": "7320896638055601554", "seqnum": 4331.0, "lat_c": -20.896637954385593, "lon_c": -55.601554373076027, "res": 7.0, "count_Insects": 77, "count_Amphibians": 14, "count_Arachnids": 16, "count_Flowering Plants": 82, "count_Birds": 181, "count_Mammals": 34, "count_Ferns": 0, "count_Reptiles": 22, "count_Sac Fungi": 1, "count_Basidiomycota": 1, "count_Molluscs": 1, "count_Mosses": 0, "count_Gymnosperms": 0, "unique_species_count": 429.0, "countryCode": "BR" }, "geometry": { "type": "MultiPolygon", "coordinates": [ [ [ [ -54.851615136429025, -20.511494190671765 ], [ -54.808896297456251, -21.387287842974747 ], [ -55.561953681046006, -21.772812851465602 ], [ -56.354650265049301, -21.277610099476266 ], [ -56.39038993499242, -20.402196337453244 ], [ -55.640375412999362, -20.021659446729473 ], [ -54.851615136429025, -20.511494190671765 ] ] ] ] } },
{ "type": "Feature", "properties": { "geogrid_id": "7320997806054059151", "seqnum": 4359.0, "lat_c": -20.99780617905007, "lon_c": -54.059150616015231, "res": 7.0, "count_Insects": 242, "count_Amphibians": 19, "count_Arachnids": 41, "count_Flowering Plants": 305, "count_Birds": 234, "count_Mammals": 39, "count_Ferns": 1, "count_Reptiles": 30, "count_Sac Fungi": 29, "count_Basidiomycota": 12, "count_Molluscs": 4, "count_Mosses": 0, "count_Gymnosperms": 1, "unique_species_count": 957.0, "countryCode": "BR" }, "geometry": { "type": "MultiPolygon", "coordinates": [ [ [ [ -53.312741198030238, -20.604483669605798 ], [ -53.262843610727032, -21.480862769625702 ], [ -54.012296291639942, -21.874450115941588 ], [ -54.808896297456251, -21.387287842974747 ], [ -54.851615136429025, -20.511494190671765 ], [ -54.104871939033039, -20.122296699460701 ], [ -53.312741198030238, -20.604483669605798 ] ] ] ] } },
{ "type": "Feature", "properties": { "geogrid_id": "7321083633052516851", "seqnum": 13135.0, "lat_c": -21.083632645811697, "lon_c": -52.516851277557684, "res": 7.0, "count_Insects": 9, "count_Amphibians": 7, "count_Arachnids": 0, "count_Flowering Plants": 22, "count_Birds": 47, "count_Mammals": 21, "count_Ferns": 0, "count_Reptiles": 11, "count_Sac Fungi": 0, "count_Basidiomycota": 0, "count_Molluscs": 0, "count_Mosses": 0, "count_Gymnosperms": 0, "unique_species_count": 117.0, "countryCode": "BR" }, "geometry": { "type": "MultiPolygon", "coordinates": [ [ [ [ -51.774327112925278, -20.682874462138475 ], [ -51.729753002123971, -21.565891066170035 ], [ -52.476747180238554, -21.967615574936765 ], [ -53.262843608090968, -21.480862773583645 ], [ -53.312741198030238, -20.604483669605798 ], [ -52.569689263433204, -20.207437425714829 ], [ -51.774327112925278, -20.682874462138475 ] ] ] ] } },
{ "type": "Feature", "properties": { "geogrid_id": "7321108436030801368", "seqnum": 13522.0, "lat_c": -21.108435809561037, "lon_c": -30.80136839590018, "res": 7.0, "count_Insects": 0, "count_Amphibians": 0, "count_Arachnids": 0, "count_Flowering Plants": 0, "count_Birds": 0, "count_Mammals": 1, "count_Ferns": 0, "count_Reptiles": 0, "count_Sac Fungi": 0, "count_Basidiomycota": 0, "count_Molluscs": 0, "count_Mosses": 0, "count_Gymnosperms": 0, "unique_species_count": 1.0, "countryCode": "BR" }, "geometry": { "type": "MultiPolygon", "coordinates": [ [ [ [ -30.111366036120359, -20.683356480980684 ], [ -29.935861963419612, -21.555535119798609 ], [ -30.628633389571412, -21.975963947631815 ], [ -31.497376008194923, -21.537760231106237 ], [ -31.664470385485277, -20.674803648248854 ], [ -30.971780896575659, -20.24227011091412 ], [ -30.111366036120359, -20.683356480980684 ] ] ] ] } },
{ "type": "Feature", "properties": { "geogrid_id": "7321110664032362640", "seqnum": 13494.0, "lat_c": -21.110663614855987, "lon_c": -32.362639868927715, "res": 7.0, "count_Insects": 0, "count_Amphibians": 0, "count_Arachnids": 0, "count_Flowering Plants": 0, "count_Birds": 0, "count_Mammals": 1, "count_Ferns": 0, "count_Reptiles": 0, "count_Sac Fungi": 0, "count_Basidiomycota": 0, "count_Molluscs": 0, "count_Mosses": 0, "count_Gymnosperms": 0, "unique_species_count": 1.0, "countryCode": "BR" }, "geometry": { "type": "MultiPolygon", "coordinates": [ [ [ [ -31.664470385485277, -20.674803648248854 ], [ -31.497376008194923, -21.537760231106237 ], [ -32.199231625292668, -21.971058253847261 ], [ -33.066160809556827, -21.549594794392195 ], [ -33.223318227799979, -20.690739531725331 ], [ -32.523737222579236, -20.250176704966563 ], [ -31.664470385485277, -20.674803648248854 ] ] ] ] } },
{ "type": "Feature", "properties": { "geogrid_id": "7321140435029249765", "seqnum": 13550.0, "lat_c": -21.140434661883862, "lon_c": -29.249765166649269, "res": 7.0, "count_Insects": 1, "count_Amphibians": 0, "count_Arachnids": 0, "count_Flowering Plants": 2, "count_Birds": 7, "count_Mammals": 3, "count_Ferns": 0, "count_Reptiles": 0, "count_Sac Fungi": 0, "count_Basidiomycota": 0, "count_Molluscs": 4, "count_Mosses": 0, "count_Gymnosperms": 0, "unique_species_count": 17.0, "countryCode": "BR" }, "geometry": { "type": "MultiPolygon", "coordinates": [ [ [ [ -28.570518202086784, -20.730933574652624 ], [ -28.38994497137088, -21.620535238815584 ], [ -29.070385795316074, -22.022378505370622 ], [ -29.935861963419612, -21.555535119798609 ], [ -30.111366036120359, -20.683356480980684 ], [ -29.427516098326365, -20.262783176567879 ], [ -28.570518202086784, -20.730933574652624 ] ] ] ] } },
{ "type": "Feature", "properties": { "geogrid_id": "7321160756050986231", "seqnum": 13162.0, "lat_c": -21.160756298465561, "lon_c": -50.986231307987822, "res": 7.0, "count_Insects": 116, "count_Amphibians": 16, "count_Arachnids": 27, "count_Flowering Plants": 197, "count_Birds": 119, "count_Mammals": 24, "count_Ferns": 3, "count_Reptiles": 23, "count_Sac Fungi": 0, "count_Basidiomycota": 1, "count_Molluscs": 5, "count_Mosses": 0, "count_Gymnosperms": 1, "unique_species_count": 532.0, "countryCode": "BR" }, "geometry": { "type": "MultiPolygon", "coordinates": [ [ [ [ -50.246190964989694, -20.75233171236772 ], [ -50.193439220529157, -21.633756886381132 ], [ -50.937937353599729, -22.043262462295456 ], [ -51.729753002123971, -21.565891066170035 ], [ -51.774327112925278, -20.682874462138475 ], [ -51.035275936124933, -20.278703830421929 ], [ -50.246190964989694, -20.75233171236772 ] ] ] ] } },
{ "type": "Feature", "properties": { "geogrid_id": "7321205276037057820", "seqnum": 13411.0, "lat_c": -21.205276265812696, "lon_c": -37.05782043133599, "res": 7.0, "count_Insects": 0, "count_Amphibians": 0, "count_Arachnids": 0, "count_Flowering Plants": 0, "count_Birds": 1, "count_Mammals": 1, "count_Ferns": 0, "count_Reptiles": 0, "count_Sac Fungi": 0, "count_Basidiomycota": 0, "count_Molluscs": 0, "count_Mosses": 0, "count_Gymnosperms": 0, "unique_species_count": 2.0, "countryCode": "BR" }, "geometry": { "type": "MultiPolygon", "coordinates": [ [ [ [ -36.343858213587332, -20.756727613656189 ], [ -36.207745103255085, -21.615600353593386 ], [ -36.926275349172073, -22.064643965576231 ], [ -37.775974437847083, -21.654267428019597 ], [ -37.90172208270706, -20.793332199724308 ], [ -37.188094538027805, -20.345023887366434 ], [ -36.343858213587332, -20.756727613656189 ] ] ] ] } },
{ "type": "Feature", "properties": { "geogrid_id": "7321221094049452427", "seqnum": 13190.0, "lat_c": -21.221093841653737, "lon_c": -49.452426965837596, "res": 7.0, "count_Insects": 115, "count_Amphibians": 5, "count_Arachnids": 19, "count_Flowering Plants": 183, "count_Birds": 97, "count_Mammals": 19, "count_Ferns": 0, "count_Reptiles": 17, "count_Sac Fungi": 1, "count_Basidiomycota": 3, "count_Molluscs": 1, "count_Mosses": 0, "count_Gymnosperms": 0, "unique_species_count": 460.0, "countryCode": "BR" }, "geometry": { "type": "MultiPolygon", "coordinates": [ [ [ [ -48.714911366954411, -20.805400196986778 ], [ -48.653819563137354, -21.684942406439806 ], [ -49.395788190869006, -22.101821007119533 ], [ -50.193439220529157, -21.633756886381132 ], [ -50.246190964989694, -20.75233171236772 ], [ -49.509637914883399, -20.340738637009661 ], [ -48.714911366954411, -20.805400196986778 ] ] ] ] } },
{ "type": "Feature", "properties": { "geogrid_id": "7321225577027717242", "seqnum": 13577.0, "lat_c": -21.22557652639259, "lon_c": -27.717241516045632, "res": 7.0, "count_Insects": 0, "count_Amphibians": 0, "count_Arachnids": 0, "count_Flowering Plants": 0, "count_Birds": 0, "count_Mammals": 2, "count_Ferns": 0, "count_Reptiles": 0, "count_Sac Fungi": 0, "count_Basidiomycota": 0, "count_Molluscs": 0, "count_Mosses": 0, "count_Gymnosperms": 0, "unique_species_count": 2.0, "countryCode": "BR" }, "geometry": { "type": "MultiPolygon", "coordinates": [ [ [ [ -26.975386790647306, -20.629382891563896 ], [ -26.718035975252981, -21.337562413161077 ], [ -27.45849792269469, -21.925757914995085 ], [ -28.38994497137088, -21.620535238815584 ], [ -28.570518202086784, -20.730933574652624 ], [ -27.89828255124392, -20.327287692076808 ], [ -26.975386790647306, -20.629382891563896 ] ] ] ] } },
{ "type": "Feature", "properties": { "geogrid_id": "7321241635038619391", "seqnum": 13384.0, "lat_c": -21.24163513946365, "lon_c": -38.619391053033041, "res": 7.0, "count_Insects": 0, "count_Amphibians": 0, "count_Arachnids": 0, "count_Flowering Plants": 0, "count_Birds": 1, "count_Mammals": 1, "count_Ferns": 0, "count_Reptiles": 0, "count_Sac Fungi": 0, "count_Basidiomycota": 0, "count_Molluscs": 0, "count_Mosses": 0, "count_Gymnosperms": 0, "unique_species_count": 2.0, "countryCode": "BR" }, "geometry": { "type": "MultiPolygon", "coordinates": [ [ [ [ -37.90172208270706, -20.793332199724308 ], [ -37.775974437847083, -21.654267428019597 ], [ -38.498242761416634, -22.103484729133868 ], [ -39.3410425331965, -21.689732467100225 ], [ -39.456710609041068, -20.826148986830766 ], [ -38.739602493587554, -20.379046946223028 ], [ -37.90172208270706, -20.793332199724308 ] ] ] ] } },
{ "type": "Feature", "properties": { "geogrid_id": "7321265183047915354", "seqnum": 13218.0, "lat_c": -21.26518284859667, "lon_c": -47.915353745005675, "res": 7.0, "count_Insects": 757, "count_Amphibians": 19, "count_Arachnids": 80, "count_Flowering Plants": 517, "count_Birds": 288, "count_Mammals": 45, "count_Ferns": 3, "count_Reptiles": 43, "count_Sac Fungi": 6, "count_Basidiomycota": 28, "count_Molluscs": 16, "count_Mosses": 0, "count_Gymnosperms": 1, "unique_species_count": 1803.0, "countryCode": "BR" }, "geometry": { "type": "MultiPolygon", "coordinates": [ [ [ [ -47.180404423751149, -20.84267645063699 ], [ -47.110795791416344, -21.72005230082506 ], [ -47.850202101535395, -22.143832533837003 ], [ -48.653819563137354, -21.684942406439806 ], [ -48.714911366954411, -20.805400196986778 ], [ -47.980900339315085, -20.386803704800258 ], [ -47.180404423751149, -20.84267645063699 ] ] ] ] } },
{ "type": "Feature", "properties": { "geogrid_id": "7321272668040177694", "seqnum": 13356.0, "lat_c": -21.272667833027803, "lon_c": -40.177694324630181, "res": 7.0, "count_Insects": 233, "count_Amphibians": 25, "count_Arachnids": 28, "count_Flowering Plants": 340, "count_Birds": 192, "count_Mammals": 22, "count_Ferns": 8, "count_Reptiles": 28, "count_Sac Fungi": 4, "count_Basidiomycota": 12, "count_Molluscs": 168, "count_Mosses": 0, "count_Gymnosperms": 1, "unique_species_count": 1061.0, "countryCode": "BR" }, "geometry": { "type": "MultiPolygon", "coordinates": [ [ [ [ -39.456710609041068, -20.826148986830766 ], [ -39.3410425331965, -21.689732467100225 ], [ -40.066614238478643, -22.137423243491924 ], [ -40.902507258322522, -21.718416963080806 ], [ -41.00840892059216, -20.8519312206992 ], [ -40.288128469477172, -20.407363270938419 ], [ -39.456710609041068, -20.826148986830766 ] ] ] ] } },
{ "type": "Feature", "properties": { "geogrid_id": "7321293696046374916", "seqnum": 13245.0, "lat_c": -21.293695567240572, "lon_c": -46.374915716633616, "res": 7.0, "count_Insects": 410, "count_Amphibians": 20, "count_Arachnids": 52, "count_Flowering Plants": 294, "count_Birds": 306, "count_Mammals": 23, "count_Ferns": 7, "count_Reptiles": 38, "count_Sac Fungi": 6, "count_Basidiomycota": 24, "count_Molluscs": 9, "count_Mosses": 0, "count_Gymnosperms": 2, "unique_species_count": 1191.0, "countryCode": "BR" }, "geometry": { "type": "MultiPolygon", "coordinates": [ [ [ [ -45.64257963272977, -20.864904633170134 ], [ -45.564257851588231, -21.73984816100544 ], [ -46.301064371028744, -22.169980642583216 ], [ -47.110795791416344, -21.72005230082506 ], [ -47.180404423751149, -20.84267645063699 ], [ -46.448982478063108, -20.417558189358218 ], [ -45.64257963272977, -20.864904633170134 ] ] ] ] } },
{ "type": "Feature", "properties": { "geogrid_id": "7321295409041732444", "seqnum": 13328.0, "lat_c": -21.295409165057237, "lon_c": -41.732443569113677, "res": 7.0, "count_Insects": 1001, "count_Amphibians": 68, "count_Arachnids": 144, "count_Flowering Plants": 846, "count_Birds": 337, "count_Mammals": 40, "count_Ferns": 18, "count_Reptiles": 60, "count_Sac Fungi": 19, "count_Basidiomycota": 40, "count_Molluscs": 31, "count_Mosses": 8, "count_Gymnosperms": 1, "unique_species_count": 2613.0, "countryCode": "BR" }, "geometry": { "type": "MultiPolygon", "coordinates": [ [ [ [ -41.00840892059216, -20.8519312206992 ], [ -40.902507258322522, -21.718416963080806 ], [ -41.63109996584469, -22.163209746448057 ], [ -42.460196512514024, -21.737623192865662 ], [ -42.556635748644034, -20.868194282453029 ], [ -41.833393471417999, -20.427256626804397 ], [ -41.00840892059216, -20.8519312206992 ] ] ] ] } },
{ "type": "Feature", "properties": { "geogrid_id": "7321307477044831011", "seqnum": 13273.0, "lat_c": -21.30747675621128, "lon_c": -44.831011309236594, "res": 7.0, "count_Insects": 459, "count_Amphibians": 24, "count_Arachnids": 46, "count_Flowering Plants": 494, "count_Birds": 290, "count_Mammals": 26, "count_Ferns": 7, "count_Reptiles": 52, "count_Sac Fungi": 4, "count_Basidiomycota": 21, "count_Molluscs": 9, "count_Mosses": 1, "count_Gymnosperms": 1, "unique_species_count": 1434.0, "countryCode": "BR" }, "geometry": { "type": "MultiPolygon", "coordinates": [ [ [ [ -44.101347904349936, -20.8730179657442 ], [ -44.014092084834878, -21.745294799003279 ], [ -44.748248738574517, -22.181133222669843 ], [ -45.564257851588231, -21.73984816100544 ], [ -45.64257963272977, -20.864904633170134 ], [ -44.913802523020045, -20.433822605243616 ], [ -44.101347904349936, -20.8730179657442 ] ] ] ] } },
{ "type": "Feature", "properties": { "geogrid_id": "7321307595043283544", "seqnum": 13301.0, "lat_c": -21.307594503654101, "lon_c": -43.283544388423017, "res": 7.0, "count_Insects": 430, "count_Amphibians": 37, "count_Arachnids": 51, "count_Flowering Plants": 510, "count_Birds": 262, "count_Mammals": 42, "count_Ferns": 7, "count_Reptiles": 46, "count_Sac Fungi": 42, "count_Basidiomycota": 27, "count_Molluscs": 5, "count_Mosses": 5, "count_Gymnosperms": 2, "unique_species_count": 1466.0, "countryCode": "BR" }, "geometry": { "type": "MultiPolygon", "coordinates": [ [ [ [ -42.556635748644034, -20.868194282453029 ], [ -42.460196512514024, -21.737623192865662 ], [ -43.191628964328956, -22.178399679873881 ], [ -44.014092084834878, -21.745294799003279 ], [ -44.101347904349936, -20.8730179657442 ], [ -43.375288034686037, -20.436624036024554 ], [ -42.556635748644034, -20.868194282453029 ] ] ] ] } },
{ "type": "Feature", "properties": { "geogrid_id": "7322026577057870136", "seqnum": 4330.0, "lat_c": -22.026577071841206, "lon_c": -57.870136152627772, "res": 7.0, "count_Insects": 20, "count_Amphibians": 15, "count_Arachnids": 1, "count_Flowering Plants": 92, "count_Birds": 41, "count_Mammals": 2, "count_Ferns": 0, "count_Reptiles": 11, "count_Sac Fungi": 0, "count_Basidiomycota": 0, "count_Molluscs": 0, "count_Mosses": 0, "count_Gymnosperms": 0, "unique_species_count": 182.0, "countryCode": "BR" }, "geometry": { "type": "MultiPolygon", "coordinates": [ [ [ [ -57.110859778917209, -21.654294529689565 ], [ -57.077888014847005, -22.531536859632368 ], [ -57.840698266488445, -22.904511783534677 ], [ -58.632428821908597, -22.394345603370059 ], [ -58.658079405399931, -21.516917948196333 ], [ -57.899303264113144, -21.149942127204813 ], [ -57.110859778917209, -21.654294529689565 ] ] ] ] } },
{ "type": "Feature", "properties": { "geogrid_id": "7322053959026461234", "seqnum": 13632.0, "lat_c": -22.053958680615075, "lon_c": -26.461234278474222, "res": 7.0, "count_Insects": 0, "count_Amphibians": 0, "count_Arachnids": 0, "count_Flowering Plants": 0, "count_Birds": 0, "count_Mammals": 0, "count_Ferns": 0, "count_Reptiles": 0, "count_Sac Fungi": 0, "count_Basidiomycota": 0, "count_Molluscs": 2, "count_Mosses": 0, "count_Gymnosperms": 0, "unique_species_count": 2.0, "countryCode": "BR" }, "geometry": { "type": "MultiPolygon", "coordinates": [ [ [ [ -25.730575116145349, -21.473049729109434 ], [ -25.474878903785385, -22.20173715582775 ], [ -26.205064787780138, -22.778233649533924 ], [ -27.200577689425593, -22.635364640085509 ], [ -27.45849792269469, -21.925757914995085 ], [ -26.718035975252981, -21.337562413161077 ], [ -25.730575116145349, -21.473049729109434 ] ] ] ] } },
{ "type": "Feature", "properties": { "geogrid_id": "7322154267056318295", "seqnum": 4358.0, "lat_c": -22.15426681092443, "lon_c": -56.318294765576297, "res": 7.0, "count_Insects": 30, "count_Amphibians": 7, "count_Arachnids": 3, "count_Flowering Plants": 52, "count_Birds": 89, "count_Mammals": 8, "count_Ferns": 0, "count_Reptiles": 19, "count_Sac Fungi": 2, "count_Basidiomycota": 0, "count_Molluscs": 2, "count_Mosses": 0, "count_Gymnosperms": 0, "unique_species_count": 212.0, "countryCode": "BR" }, "geometry": { "type": "MultiPolygon", "coordinates": [ [ [ [ -55.561953681046006, -21.772812851465602 ], [ -55.521535812159371, -22.65024258316571 ], [ -56.281291065427595, -23.03222358183643 ], [ -57.077888014847005, -22.531536859632368 ], [ -57.110859778917209, -21.654294529689565 ], [ -56.354650265049301, -21.277610099476266 ], [ -55.561953681046006, -21.772812851465602 ] ] ] ] } },
{ "type": "Feature", "properties": { "geogrid_id": "7322264281054765198", "seqnum": 13134.0, "lat_c": -22.26428094318139, "lon_c": -54.765198400446351, "res": 7.0, "count_Insects": 73, "count_Amphibians": 6, "count_Arachnids": 12, "count_Flowering Plants": 66, "count_Birds": 103, "count_Mammals": 15, "count_Ferns": 0, "count_Reptiles": 10, "count_Sac Fungi": 0, "count_Basidiomycota": 0, "count_Molluscs": 2, "count_Mosses": 0, "count_Gymnosperms": 0, "unique_species_count": 287.0, "countryCode": "BR" }, "geometry": { "type": "MultiPolygon", "coordinates": [ [ [ [ -54.012296288979627, -21.874450119982441 ], [ -53.981102215089912, -22.760357161656383 ], [ -54.738429699528218, -23.151138802687498 ], [ -55.521535809457376, -22.650242587370894 ], [ -55.561953681046006, -21.772812851465602 ], [ -54.808896297456251, -21.387287842974747 ], [ -54.012296288979627, -21.874450119982441 ] ] ] ] } },
{ "type": "Feature", "properties": { "geogrid_id": "7322365810053227202", "seqnum": 13161.0, "lat_c": -22.365810383514866, "lon_c": -53.227201936582496, "res": 7.0, "count_Insects": 14, "count_Amphibians": 3, "count_Arachnids": 5, "count_Flowering Plants": 49, "count_Birds": 53, "count_Mammals": 16, "count_Ferns": 0, "count_Reptiles": 12, "count_Sac Fungi": 0, "count_Basidiomycota": 0, "count_Molluscs": 0, "count_Mosses": 0, "count_Gymnosperms": 0, "unique_species_count": 152.0, "countryCode": "BR" }, "geometry": { "type": "MultiPolygon", "coordinates": [ [ [ [ -52.476747180238554, -21.967615574936765 ], [ -52.437333146316419, -22.852298886557055 ], [ -53.192193913030422, -23.251581522802351 ], [ -53.981102215089912, -22.760357161656383 ], [ -54.012296288979627, -21.874450119982441 ], [ -53.262843608090968, -21.480862773583645 ], [ -52.476747180238554, -21.967615574936765 ] ] ] ] } },
{ "type": "Feature", "properties": { "geogrid_id": "7322401436031327890", "seqnum": 13549.0, "lat_c": -22.401435590109667, "lon_c": -31.327890463532302, "res": 7.0, "count_Insects": 0, "count_Amphibians": 0, "count_Arachnids": 0, "count_Flowering Plants": 0, "count_Birds": 0, "count_Mammals": 1, "count_Ferns": 0, "count_Reptiles": 0, "count_Sac Fungi": 0, "count_Basidiomycota": 0, "count_Molluscs": 0, "count_Mosses": 0, "count_Gymnosperms": 0, "unique_species_count": 1.0, "countryCode": "BR" }, "geometry": { "type": "MultiPolygon", "coordinates": [ [ [ [ -30.628633389571412, -21.975963947631815 ], [ -30.453647830896553, -22.845603529004155 ], [ -31.156005288924881, -23.266378126328728 ], [ -32.033430418377208, -22.831650657810034 ], [ -32.199231625292668, -21.971058253847261 ], [ -31.497376008194923, -21.537760231106237 ], [ -30.628633389571412, -21.975963947631815 ] ] ] ] } },
{ "type": "Feature", "properties": { "geogrid_id": "7322408048032906768", "seqnum": 13521.0, "lat_c": -22.408048491686081, "lon_c": -32.90676791410862, "res": 7.0, "count_Insects": 0, "count_Amphibians": 0, "count_Arachnids": 0, "count_Flowering Plants": 0, "count_Birds": 0, "count_Mammals": 1, "count_Ferns": 0, "count_Reptiles": 0, "count_Sac Fungi": 0, "count_Basidiomycota": 0, "count_Molluscs": 0, "count_Mosses": 0, "count_Gymnosperms": 0, "unique_species_count": 1.0, "countryCode": "BR" }, "geometry": { "type": "MultiPolygon", "coordinates": [ [ [ [ -32.199231625292668, -21.971058253847261 ], [ -32.033430418377208, -22.831650657810034 ], [ -32.745036748727166, -23.266296753841875 ], [ -33.619807479782935, -22.848440399720509 ], [ -33.774897136645798, -21.991334859847516 ], [ -33.066160809556827, -21.549594794392195 ], [ -32.199231625292668, -21.971058253847261 ] ] ] ] } },
{ "type": "Feature", "properties": { "geogrid_id": "7322449485051685908", "seqnum": 13189.0, "lat_c": -22.449484706692594, "lon_c": -51.685907610585986, "res": 7.0, "count_Insects": 134, "count_Amphibians": 15, "count_Arachnids": 20, "count_Flowering Plants": 167, "count_Birds": 191, "count_Mammals": 35, "count_Ferns": 0, "count_Reptiles": 18, "count_Sac Fungi": 0, "count_Basidiomycota": 3, "count_Molluscs": 2, "count_Mosses": 0, "count_Gymnosperms": 0, "unique_species_count": 585.0, "countryCode": "BR" }, "geometry": { "type": "MultiPolygon", "coordinates": [ [ [ [ -50.937937353599729, -22.043262462295456 ], [ -50.890164387978693, -22.926403994156686 ], [ -51.642529502286187, -23.333845687684146 ], [ -52.437333146316419, -22.852298886557055 ], [ -52.476747180238554, -21.967615574936765 ], [ -51.729753002123971, -21.565891066170035 ], [ -50.937937353599729, -22.043262462295456 ] ] ] ] } },
{ "type": "Feature", "properties": { "geogrid_id": "7322514412037649085", "seqnum": 13438.0, "lat_c": -22.5144117010034, "lon_c": -37.649085154931633, "res": 7.0, "count_Insects": 0, "count_Amphibians": 0, "count_Arachnids": 0, "count_Flowering Plants": 0, "count_Birds": 1, "count_Mammals": 1, "count_Ferns": 0, "count_Reptiles": 0, "count_Sac Fungi": 0, "count_Basidiomycota": 0, "count_Molluscs": 0, "count_Mosses": 0, "count_Gymnosperms": 0, "unique_species_count": 2.0, "countryCode": "BR" }, "geometry": { "type": "MultiPolygon", "coordinates": [ [ [ [ -36.926275349172073, -22.064643965576231 ], [ -36.793369913870535, -22.923176835660627 ], [ -37.520965020592236, -23.373825454666079 ], [ -38.376070060234781, -22.964666912813843 ], [ -38.498242761416634, -22.103484729133868 ], [ -37.775974437847083, -21.654267428019597 ], [ -36.926275349172073, -22.064643965576231 ] ] ] ] } },
{ "type": "Feature", "properties": { "geogrid_id": "7322515686050141243", "seqnum": 13217.0, "lat_c": -22.515685530971972, "lon_c": -50.141243016263566, "res": 7.0, "count_Insects": 256, "count_Amphibians": 11, "count_Arachnids": 26, "count_Flowering Plants": 205, "count_Birds": 127, "count_Mammals": 26, "count_Ferns": 1, "count_Reptiles": 23, "count_Sac Fungi": 0, "count_Basidiomycota": 6, "count_Molluscs": 1, "count_Mosses": 0, "count_Gymnosperms": 1, "unique_species_count": 683.0, "countryCode": "BR" }, "geometry": { "type": "MultiPolygon", "coordinates": [ [ [ [ -49.395788190869006, -22.101821007119533 ], [ -49.339507849196906, -22.983099270237627 ], [ -50.089356876763389, -23.398306618177973 ], [ -50.890164387978693, -22.926403994156686 ], [ -50.937937353599729, -22.043262462295456 ], [ -50.193439220529157, -21.633756886381132 ], [ -49.395788190869006, -22.101821007119533 ] ] ] ] } },
{ "type": "Feature", "properties": { "geogrid_id": "7322517974028209070", "seqnum": 13604.0, "lat_c": -22.517973856357724, "lon_c": -28.209069579680502, "res": 7.0, "count_Insects": 0, "count_Amphibians": 0, "count_Arachnids": 0, "count_Flowering Plants": 0, "count_Birds": 0, "count_Mammals": 2, "count_Ferns": 0, "count_Reptiles": 0, "count_Sac Fungi": 0, "count_Basidiomycota": 0, "count_Molluscs": 0, "count_Mosses": 0, "count_Gymnosperms": 0, "unique_species_count": 2.0, "countryCode": "BR" }, "geometry": { "type": "MultiPolygon", "coordinates": [ [ [ [ -27.45849792269469, -21.925757914995085 ], [ -27.200577689425593, -22.635364640085509 ], [ -27.94957023771968, -23.218891991085535 ], [ -28.889948519475681, -22.91038198656469 ], [ -29.070385795316074, -22.022378505370622 ], [ -28.38994497137088, -21.620535238815584 ], [ -27.45849792269469, -21.925757914995085 ] ] ] ] } },
{ "type": "Feature", "properties": { "geogrid_id": "7322552711039224544", "seqnum": 13410.0, "lat_c": -22.552710642387442, "lon_c": -39.224543995160616, "res": 7.0, "count_Insects": 0, "count_Amphibians": 0, "count_Arachnids": 0, "count_Flowering Plants": 0, "count_Birds": 1, "count_Mammals": 2, "count_Ferns": 0, "count_Reptiles": 0, "count_Sac Fungi": 0, "count_Basidiomycota": 0, "count_Molluscs": 0, "count_Mosses": 0, "count_Gymnosperms": 0, "unique_species_count": 3.0, "countryCode": "BR" }, "geometry": { "type": "MultiPolygon", "coordinates": [ [ [ [ -38.498242761416634, -22.103484729133868 ], [ -38.376070060234781, -22.964666912813843 ], [ -39.107120839777217, -23.415171632476916 ], [ -39.954792729570222, -23.001726904947866 ], [ -40.066614238478643, -22.137423243491924 ], [ -39.3410425331965, -21.689732467100225 ], [ -38.498242761416634, -22.103484729133868 ] ] ] ] } },
{ "type": "Feature", "properties": { "geogrid_id": "7322564895048593114", "seqnum": 13244.0, "lat_c": -22.564894929224916, "lon_c": -48.593114003116874, "res": 7.0, "count_Insects": 367, "count_Amphibians": 36, "count_Arachnids": 54, "count_Flowering Plants": 497, "count_Birds": 364, "count_Mammals": 44, "count_Ferns": 3, "count_Reptiles": 50, "count_Sac Fungi": 26, "count_Basidiomycota": 29, "count_Molluscs": 16, "count_Mosses": 1, "count_Gymnosperms": 2, "unique_species_count": 1489.0, "countryCode": "BR" }, "geometry": { "type": "MultiPolygon", "coordinates": [ [ [ [ -47.850202101535395, -22.143832533837003 ], [ -47.785250198762554, -23.02292731187088 ], [ -48.53256834698098, -23.445443593829491 ], [ -49.339507849196906, -22.983099270237627 ], [ -49.395788190869006, -22.101821007119533 ], [ -48.653819563137354, -21.684942406439806 ], [ -47.850202101535395, -22.143832533837003 ] ] ] ] } },
{ "type": "Feature", "properties": { "geogrid_id": "7322584506040796040", "seqnum": 13383.0, "lat_c": -22.584506175660689, "lon_c": -40.79604042750006, "res": 7.0, "count_Insects": 28, "count_Amphibians": 11, "count_Arachnids": 5, "count_Flowering Plants": 77, "count_Birds": 113, "count_Mammals": 11, "count_Ferns": 2, "count_Reptiles": 19, "count_Sac Fungi": 1, "count_Basidiomycota": 2, "count_Molluscs": 17, "count_Mosses": 0, "count_Gymnosperms": 0, "unique_species_count": 286.0, "countryCode": "BR" }, "geometry": { "type": "MultiPolygon", "coordinates": [ [ [ [ -40.066614238478643, -22.137423243491924 ], [ -39.954792729570222, -23.001726904947866 ], [ -40.688899490404729, -23.450314944885591 ], [ -41.52925181770329, -23.030779967798015 ], [ -41.63109996584469, -22.163209746448057 ], [ -40.902507258322522, -21.718416963080806 ], [ -40.066614238478643, -22.137423243491924 ] ] ] ] } },
{ "type": "Feature", "properties": { "geogrid_id": "7322597724047041405", "seqnum": 13272.0, "lat_c": -22.59772355239846, "lon_c": -47.041404829688474, "res": 7.0, "count_Insects": 1519, "count_Amphibians": 44, "count_Arachnids": 157, "count_Flowering Plants": 1059, "count_Birds": 349, "count_Mammals": 60, "count_Ferns": 17, "count_Reptiles": 66, "count_Sac Fungi": 29, "count_Basidiomycota": 97, "count_Molluscs": 19, "count_Mosses": 1, "count_Gymnosperms": 3, "unique_species_count": 3420.0, "countryCode": "BR" }, "geometry": { "type": "MultiPolygon", "coordinates": [ [ [ [ -46.301064371028744, -22.169980642583216 ], [ -46.227253883440525, -23.046580658277705 ], [ -46.972027209500446, -23.47587039803124 ], [ -47.785250198762554, -23.02292731187088 ], [ -47.850202101535395, -22.143832533837003 ], [ -47.110795791416344, -21.72005230082506 ], [ -46.301064371028744, -22.169980642583216 ] ] ] ] } },
{ "type": "Feature", "properties": { "geogrid_id": "7322606860042363420", "seqnum": 13355.0, "lat_c": -22.606859734995773, "lon_c": -42.363419841519324, "res": 7.0, "count_Insects": 2050, "count_Amphibians": 100, "count_Arachnids": 175, "count_Flowering Plants": 1484, "count_Birds": 499, "count_Mammals": 71, "count_Ferns": 36, "count_Reptiles": 73, "count_Sac Fungi": 29, "count_Basidiomycota": 76, "count_Molluscs": 304, "count_Mosses": 4, "count_Gymnosperms": 4, "unique_species_count": 4905.0, "countryCode": "BR" }, "geometry": { "type": "MultiPolygon", "coordinates": [ [ [ [ -41.63109996584469, -22.163209746448057 ], [ -41.52925181770329, -23.030779967798015 ], [ -42.266175504720735, -23.476043676253759 ], [ -43.099411021512346, -23.049180957188021 ], [ -43.191628964328956, -22.178399679873881 ], [ -42.460196512514024, -21.737623192865662 ], [ -41.63109996584469, -22.163209746448057 ] ] ] ] } },
{ "type": "Feature", "properties": { "geogrid_id": "7322614949045485981", "seqnum": 13300.0, "lat_c": -22.614948584005543, "lon_c": -45.485981344941592, "res": 7.0, "count_Insects": 1075, "count_Amphibians": 69, "count_Arachnids": 115, "count_Flowering Plants": 803, "count_Birds": 435, "count_Mammals": 44, "count_Ferns": 19, "count_Reptiles": 49, "count_Sac Fungi": 39, "count_Basidiomycota": 50, "count_Molluscs": 15, "count_Mosses": 18, "count_Gymnosperms": 4, "unique_species_count": 2735.0, "countryCode": "BR" }, "geometry": { "type": "MultiPolygon", "coordinates": [ [ [ [ -44.748248738574517, -22.181133222669843 ], [ -44.665362187611755, -23.05494844793181 ], [ -45.40757001363486, -23.490377138873793 ], [ -46.227253883440525, -23.046580658277705 ], [ -46.301064371028744, -22.169980642583216 ], [ -45.564257851588231, -21.73984816100544 ], [ -44.748248738574517, -22.181133222669843 ] ] ] ] } },
{ "type": "Feature", "properties": { "geogrid_id": "7322617566043926699", "seqnum": 13327.0, "lat_c": -22.617565534929483, "lon_c": -43.926699147163738, "res": 7.0, "count_Insects": 2010, "count_Amphibians": 115, "count_Arachnids": 209, "count_Flowering Plants": 2434, "count_Birds": 519, "count_Mammals": 87, "count_Ferns": 118, "count_Reptiles": 82, "count_Sac Fungi": 62, "count_Basidiomycota": 116, "count_Molluscs": 185, "count_Mosses": 47, "count_Gymnosperms": 7, "unique_species_count": 5991.0, "countryCode": "BR" }, "geometry": { "type": "MultiPolygon", "coordinates": [ [ [ [ -43.191628964328956, -22.178399679873881 ], [ -43.099411021512346, -23.049180957188021 ], [ -43.839014290087, -23.489988214358025 ], [ -44.665362187611755, -23.05494844793181 ], [ -44.748248738574517, -22.181133222669843 ], [ -44.014092084834878, -21.745294799003279 ], [ -43.191628964328956, -22.178399679873881 ] ] ] ] } },
{ "type": "Feature", "properties": { "geogrid_id": "7323354016026943605", "seqnum": 13658.0, "lat_c": -23.354015531195895, "lon_c": -26.943604715431515, "res": 7.0, "count_Insects": 0, "count_Amphibians": 0, "count_Arachnids": 0, "count_Flowering Plants": 0, "count_Birds": 0, "count_Mammals": 1, "count_Ferns": 0, "count_Reptiles": 0, "count_Sac Fungi": 0, "count_Basidiomycota": 0, "count_Molluscs": 0, "count_Mosses": 0, "count_Gymnosperms": 0, "unique_species_count": 1.0, "countryCode": "BR" }, "geometry": { "type": "MultiPolygon", "coordinates": [ [ [ [ -26.205064787780138, -22.778233649533924 ], [ -25.949613058915464, -23.510028775522748 ], [ -26.687707038753285, -24.081301677232474 ], [ -27.69134977953329, -23.930287288407296 ], [ -27.94957023771968, -23.218891991085535 ], [ -27.200577689425593, -22.635364640085509 ], [ -26.205064787780138, -22.778233649533924 ] ] ] ] } },
{ "type": "Feature", "properties": { "geogrid_id": "7323538040055499163", "seqnum": 13160.0, "lat_c": -23.538039536790389, "lon_c": -55.49916270596615, "res": 7.0, "count_Insects": 9, "count_Amphibians": 0, "count_Arachnids": 1, "count_Flowering Plants": 10, "count_Birds": 1, "count_Mammals": 0, "count_Ferns": 0, "count_Reptiles": 0, "count_Sac Fungi": 0, "count_Basidiomycota": 0, "count_Molluscs": 0, "count_Mosses": 0, "count_Gymnosperms": 0, "unique_species_count": 21.0, "countryCode": "BR" }, "geometry": { "type": "MultiPolygon", "coordinates": [ [ [ [ -54.738429699528218, -23.151138802687498 ], [ -54.712124280288883, -24.039065266749461 ], [ -55.477136799630586, -24.427026810458244 ], [ -56.263276078019267, -23.920945044835843 ], [ -56.281291062708256, -23.032223586122953 ], [ -55.521535809457376, -22.650242587370894 ], [ -54.738429699528218, -23.151138802687498 ] ] ] ] } },
{ "type": "Feature", "properties": { "geogrid_id": "7323647211053950467", "seqnum": 13188.0, "lat_c": -23.647210515049103, "lon_c": -53.950466550738255, "res": 7.0, "count_Insects": 68, "count_Amphibians": 4, "count_Arachnids": 11, "count_Flowering Plants": 110, "count_Birds": 59, "count_Mammals": 13, "count_Ferns": 0, "count_Reptiles": 6, "count_Sac Fungi": 1, "count_Basidiomycota": 12, "count_Molluscs": 0, "count_Mosses": 0, "count_Gymnosperms": 0, "unique_species_count": 284.0, "countryCode": "BR" }, "geometry": { "type": "MultiPolygon", "coordinates": [ [ [ [ -53.192193913030422, -23.251581522802351 ], [ -53.157483319997098, -24.138383140499172 ], [ -53.920009671210202, -24.53522511089696 ], [ -54.712124280288883, -24.039065266749461 ], [ -54.738429699528218, -23.151138802687498 ], [ -53.981102215089912, -22.760357161656383 ], [ -53.192193913030422, -23.251581522802351 ] ] ] ] } },
{ "type": "Feature", "properties": { "geogrid_id": "7323737881052398312", "seqnum": 13216.0, "lat_c": -23.737881316801371, "lon_c": -52.398312292315119, "res": 7.0, "count_Insects": 506, "count_Amphibians": 18, "count_Arachnids": 72, "count_Flowering Plants": 404, "count_Birds": 145, "count_Mammals": 29, "count_Ferns": 9, "count_Reptiles": 27, "count_Sac Fungi": 2, "count_Basidiomycota": 17, "count_Molluscs": 9, "count_Mosses": 0, "count_Gymnosperms": 1, "unique_species_count": 1239.0, "countryCode": "BR" }, "geometry": { "type": "MultiPolygon", "coordinates": [ [ [ [ -51.642529502286187, -23.333845687684146 ], [ -51.599297182742639, -24.219181917916099 ], [ -52.359318373116842, -24.624579803307398 ], [ -53.157483319997098, -24.138383140499172 ], [ -53.192193913030422, -23.251581522802351 ], [ -52.437333146316419, -22.852298886557055 ], [ -51.642529502286187, -23.333845687684146 ] ] ] ] } },
{ "type": "Feature", "properties": { "geogrid_id": "7323810379050842631", "seqnum": 13243.0, "lat_c": -23.810379470352363, "lon_c": -50.842631096073553, "res": 7.0, "count_Insects": 408, "count_Amphibians": 8, "count_Arachnids": 78, "count_Flowering Plants": 217, "count_Birds": 142, "count_Mammals": 28, "count_Ferns": 2, "count_Reptiles": 17, "count_Sac Fungi": 0, "count_Basidiomycota": 5, "count_Molluscs": 7, "count_Mosses": 0, "count_Gymnosperms": 1, "unique_species_count": 913.0, "countryCode": "BR" }, "geometry": { "type": "MultiPolygon", "coordinates": [ [ [ [ -50.089356876763389, -23.398306618177973 ], [ -50.037478291660321, -24.281827762491798 ], [ -50.794989346367174, -24.695406883854112 ], [ -51.599297182742639, -24.219181917916099 ], [ -51.642529502286187, -23.333845687684146 ], [ -50.890164387978693, -22.926403994156686 ], [ -50.089356876763389, -23.398306618177973 ] ] ] ] } },
{ "type": "Feature", "properties": { "geogrid_id": "7323825258038252780", "seqnum": 13465.0, "lat_c": -23.825258389413104, "lon_c": -38.252779618707208, "res": 7.0, "count_Insects": 0, "count_Amphibians": 0, "count_Arachnids": 0, "count_Flowering Plants": 0, "count_Birds": 1, "count_Mammals": 1, "count_Ferns": 0, "count_Reptiles": 0, "count_Sac Fungi": 0, "count_Basidiomycota": 0, "count_Molluscs": 0, "count_Mosses": 0, "count_Gymnosperms": 0, "unique_species_count": 2.0, "countryCode": "BR" }, "geometry": { "type": "MultiPolygon", "coordinates": [ [ [ [ -37.520965020592236, -23.373825454666079 ], [ -37.391520193418728, -24.232572379741146 ], [ -38.128270744352662, -24.685343433718582 ], [ -38.98866971589387, -24.277213178105448 ], [ -39.107120839777217, -23.415171632476916 ], [ -38.376070060234781, -22.964666912813843 ], [ -37.520965020592236, -23.373825454666079 ] ] ] ] } },
{ "type": "Feature", "properties": { "geogrid_id": "7323865126049283324", "seqnum": 13271.0, "lat_c": -23.865125504049271, "lon_c": -49.283323931489583, "res": 7.0, "count_Insects": 272, "count_Amphibians": 26, "count_Arachnids": 49, "count_Flowering Plants": 235, "count_Birds": 158, "count_Mammals": 20, "count_Ferns": 1, "count_Reptiles": 25, "count_Sac Fungi": 4, "count_Basidiomycota": 13, "count_Molluscs": 7, "count_Mosses": 7, "count_Gymnosperms": 2, "unique_species_count": 819.0, "countryCode": "BR" }, "geometry": { "type": "MultiPolygon", "coordinates": [ [ [ [ -48.53256834698098, -23.445443593829491 ], [ -48.471903395063066, -24.326793839071911 ], [ -49.226911410942989, -24.748117232732309 ], [ -50.037478291660321, -24.281827762491798 ], [ -50.089356876763389, -23.398306618177973 ], [ -49.339507849196906, -22.983099270237627 ], [ -48.53256834698098, -23.445443593829491 ] ] ] ] } },
{ "type": "Feature", "properties": { "geogrid_id": "7323865687039842123", "seqnum": 13437.0, "lat_c": -23.865687094150523, "lon_c": -39.842123474682374, "res": 7.0, "count_Insects": 0, "count_Amphibians": 0, "count_Arachnids": 0, "count_Flowering Plants": 0, "count_Birds": 1, "count_Mammals": 2, "count_Ferns": 0, "count_Reptiles": 0, "count_Sac Fungi": 0, "count_Basidiomycota": 0, "count_Molluscs": 1, "count_Mosses": 0, "count_Gymnosperms": 0, "unique_species_count": 4.0, "countryCode": "BR" }, "geometry": { "type": "MultiPolygon", "coordinates": [ [ [ [ -39.107120839777217, -23.415171632476916 ], [ -38.98866971589387, -24.277213178105448 ], [ -39.728485534542543, -24.729426461325641 ], [ -40.580959133346184, -24.3159742675929 ], [ -40.688899490404729, -23.450314944885591 ], [ -39.954792729570222, -23.001726904947866 ], [ -39.107120839777217, -23.415171632476916 ] ] ] ] } },
{ "type": "Feature", "properties": { "geogrid_id": "7323898256041426771", "seqnum": 13409.0, "lat_c": -23.898256313874512, "lon_c": -41.426770682655714, "res": 7.0, "count_Insects": 0, "count_Amphibians": 0, "count_Arachnids": 0, "count_Flowering Plants": 1, "count_Birds": 2, "count_Mammals": 2, "count_Ferns": 0, "count_Reptiles": 1, "count_Sac Fungi": 0, "count_Basidiomycota": 0, "count_Molluscs": 0, "count_Mosses": 0, "count_Gymnosperms": 0, "unique_species_count": 6.0, "countryCode": "BR" }, "geometry": { "type": "MultiPolygon", "coordinates": [ [ [ [ -40.688899490404729, -23.450314944885591 ], [ -40.580959133346184, -24.3159742675929 ], [ -41.323504162507916, -24.765794397382468 ], [ -42.168308541332806, -24.345333123893599 ], [ -42.266175504720735, -23.476043676253759 ], [ -41.52925181770329, -23.030779967798015 ], [ -40.688899490404729, -23.450314944885591 ] ] ] ] } },
{ "type": "Feature", "properties": { "geogrid_id": "7323902660047720259", "seqnum": 13299.0, "lat_c": -23.902660144574035, "lon_c": -47.720258948845192, "res": 7.0, "count_Insects": 1434, "count_Amphibians": 92, "count_Arachnids": 232, "count_Flowering Plants": 862, "count_Birds": 505, "count_Mammals": 71, "count_Ferns": 17, "count_Reptiles": 66, "count_Sac Fungi": 71, "count_Basidiomycota": 52, "count_Molluscs": 121, "count_Mosses": 4, "count_Gymnosperms": 3, "unique_species_count": 3530.0, "countryCode": "BR" }, "geometry": { "type": "MultiPolygon", "coordinates": [ [ [ [ -46.972027209500446, -23.47587039803124 ], [ -46.902411147189113, -24.354693381458176 ], [ -47.654931439903855, -24.783245766550543 ], [ -48.471903395063066, -24.326793839071911 ], [ -48.53256834698098, -23.445443593829491 ], [ -47.785250198762554, -23.02292731187088 ], [ -46.972027209500446, -23.47587039803124 ] ] ] ] } },
{ "type": "Feature", "properties": { "geogrid_id": "7323920097043006735", "seqnum": 13382.0, "lat_c": -23.920097067269978, "lon_c": -43.006734886301352, "res": 7.0, "count_Insects": 1, "count_Amphibians": 0, "count_Arachnids": 0, "count_Flowering Plants": 0, "count_Birds": 5, "count_Mammals": 3, "count_Ferns": 0, "count_Reptiles": 0, "count_Sac Fungi": 0, "count_Basidiomycota": 0, "count_Molluscs": 0, "count_Mosses": 0, "count_Gymnosperms": 0, "unique_species_count": 9.0, "countryCode": "BR" }, "geometry": { "type": "MultiPolygon", "coordinates": [ [ [ [ -42.266175504720735, -23.476043676253759 ], [ -42.168308541332806, -24.345333123893599 ], [ -42.913411089831342, -24.791328486149986 ], [ -43.750849591487459, -24.362740976190487 ], [ -43.839014290087, -23.489988214358025 ], [ -43.099411021512346, -23.049180957188021 ], [ -42.266175504720735, -23.476043676253759 ] ] ] ] } },
{ "type": "Feature", "properties": { "geogrid_id": "7323923682046153271", "seqnum": 13326.0, "lat_c": -23.923681607295094, "lon_c": -46.153271254975415, "res": 7.0, "count_Insects": 2669, "count_Amphibians": 107, "count_Arachnids": 264, "count_Flowering Plants": 2035, "count_Birds": 565, "count_Mammals": 75, "count_Ferns": 62, "count_Reptiles": 86, "count_Sac Fungi": 106, "count_Basidiomycota": 171, "count_Molluscs": 183, "count_Mosses": 18, "count_Gymnosperms": 10, "unique_species_count": 6351.0, "countryCode": "BR" }, "geometry": { "type": "MultiPolygon", "coordinates": [ [ [ [ -45.40757001363486, -23.490377138873793 ], [ -45.328802934057364, -24.3663256881776 ], [ -46.078852329339114, -24.801492049020887 ], [ -46.902411147189113, -24.354693381458176 ], [ -46.972027209500446, -23.47587039803124 ], [ -46.227253883440525, -23.046580658277705 ], [ -45.40757001363486, -23.490377138873793 ] ] ] ] } },
{ "type": "Feature", "properties": { "geogrid_id": "7323929097044582167", "seqnum": 13354.0, "lat_c": -23.929097378146825, "lon_c": -44.582166989482985, "res": 7.0, "count_Insects": 457, "count_Amphibians": 69, "count_Arachnids": 54, "count_Flowering Plants": 540, "count_Birds": 371, "count_Mammals": 41, "count_Ferns": 10, "count_Reptiles": 47, "count_Sac Fungi": 72, "count_Basidiomycota": 39, "count_Molluscs": 123, "count_Mosses": 3, "count_Gymnosperms": 3, "unique_species_count": 1829.0, "countryCode": "BR" }, "geometry": { "type": "MultiPolygon", "coordinates": [ [ [ [ -43.839014290087, -23.489988214358025 ], [ -43.750849591487459, -24.362740976190487 ], [ -44.498435415746386, -24.803777666852696 ], [ -45.328802934057364, -24.3663256881776 ], [ -45.40757001363486, -23.490377138873793 ], [ -44.665362187611755, -23.05494844793181 ], [ -43.839014290087, -23.489988214358025 ] ] ] ] } },
{ "type": "Feature", "properties": { "geogrid_id": "7324928283054685855", "seqnum": 13215.0, "lat_c": -24.928283012253676, "lon_c": -54.68585485463467, "res": 7.0, "count_Insects": 729, "count_Amphibians": 11, "count_Arachnids": 96, "count_Flowering Plants": 470, "count_Birds": 324, "count_Mammals": 34, "count_Ferns": 15, "count_Reptiles": 30, "count_Sac Fungi": 7, "count_Basidiomycota": 46, "count_Molluscs": 14, "count_Mosses": 4, "count_Gymnosperms": 2, "unique_species_count": 1782.0, "countryCode": "BR" }, "geometry": { "type": "MultiPolygon", "coordinates": [ [ [ [ -53.920009671210202, -24.53522511089696 ], [ -53.889261213498244, -25.424634952951237 ], [ -54.659091254877687, -25.819034063332158 ], [ -55.454978704848209, -25.31743459934648 ], [ -55.477136799630586, -24.427026810458244 ], [ -54.712124280288883, -24.039065266749461 ], [ -53.920009671210202, -24.53522511089696 ] ] ] ] } },
{ "type": "Feature", "properties": { "geogrid_id": "7325026441053122654", "seqnum": 13242.0, "lat_c": -25.026440876956602, "lon_c": -53.122654363460029, "res": 7.0, "count_Insects": 173, "count_Amphibians": 11, "count_Arachnids": 30, "count_Flowering Plants": 237, "count_Birds": 146, "count_Mammals": 14, "count_Ferns": 3, "count_Reptiles": 15, "count_Sac Fungi": 1, "count_Basidiomycota": 12, "count_Molluscs": 4, "count_Mosses": 0, "count_Gymnosperms": 1, "unique_species_count": 647.0, "countryCode": "BR" }, "geometry": { "type": "MultiPolygon", "coordinates": [ [ [ [ -52.359318373116842, -24.624579803307398 ], [ -52.319895524738556, -25.51263182303811 ], [ -53.087188518793106, -25.916001251125977 ], [ -53.889261213498244, -25.424634952951237 ], [ -53.920009671210202, -24.53522511089696 ], [ -53.157483319997098, -24.138383140499172 ], [ -52.359318373116842, -24.624579803307398 ] ] ] ] } },
{ "type": "Feature", "properties": { "geogrid_id": "7325105721051555811", "seqnum": 13270.0, "lat_c": -25.105721357024347, "lon_c": -51.555811495279521, "res": 7.0, "count_Insects": 304, "count_Amphibians": 19, "count_Arachnids": 64, "count_Flowering Plants": 406, "count_Birds": 64, "count_Mammals": 13, "count_Ferns": 10, "count_Reptiles": 12, "count_Sac Fungi": 5, "count_Basidiomycota": 26, "count_Molluscs": 6, "count_Mosses": 2, "count_Gymnosperms": 2, "unique_species_count": 933.0, "countryCode": "BR" }, "geometry": { "type": "MultiPolygon", "coordinates": [ [ [ [ -50.794989346367174, -24.695406883854112 ], [ -50.746803887893499, -25.581726423091517 ], [ -51.511572097012035, -25.993714640769422 ], [ -52.319895524738556, -25.51263182303811 ], [ -52.359318373116842, -24.624579803307398 ], [ -51.599297182742639, -24.219181917916099 ], [ -50.794989346367174, -24.695406883854112 ] ] ] ] } },
{ "type": "Feature", "properties": { "geogrid_id": "7325138946038869075", "seqnum": 13491.0, "lat_c": -25.138946035914007, "lon_c": -38.869074936949694, "res": 7.0, "count_Insects": 0, "count_Amphibians": 0, "count_Arachnids": 0, "count_Flowering Plants": 0, "count_Birds": 1, "count_Mammals": 1, "count_Ferns": 0, "count_Reptiles": 0, "count_Sac Fungi": 0, "count_Basidiomycota": 0, "count_Molluscs": 0, "count_Mosses": 0, "count_Gymnosperms": 0, "unique_species_count": 2.0, "countryCode": "BR" }, "geometry": { "type": "MultiPolygon", "coordinates": [ [ [ [ -38.128270744352662, -24.685343433718582 ], [ -38.002433063960048, -25.545016871020266 ], [ -38.748203767149938, -26.000498811810143 ], [ -39.613737780632242, -25.593086876890215 ], [ -39.728485534542543, -24.729426461325641 ], [ -38.98866971589387, -24.277213178105448 ], [ -38.128270744352662, -24.685343433718582 ] ] ] ] } },
{ "type": "Feature", "properties": { "geogrid_id": "7325166478049985230", "seqnum": 13298.0, "lat_c": -25.166478095550854, "lon_c": -49.985230334158523, "res": 7.0, "count_Insects": 1011, "count_Amphibians": 36, "count_Arachnids": 113, "count_Flowering Plants": 908, "count_Birds": 253, "count_Mammals": 31, "count_Ferns": 27, "count_Reptiles": 37, "count_Sac Fungi": 17, "count_Basidiomycota": 66, "count_Molluscs": 18, "count_Mosses": 35, "count_Gymnosperms": 5, "unique_species_count": 2557.0, "countryCode": "BR" }, "geometry": { "type": "MultiPolygon", "coordinates": [ [ [ [ -49.226911410942989, -24.748117232732309 ], [ -49.169862279805571, -25.63231595167311 ], [ -49.93213814254856, -26.052511452825783 ], [ -50.746803887893499, -25.581726423091517 ], [ -50.794989346367174, -24.695406883854112 ], [ -50.037478291660321, -24.281827762491798 ], [ -49.226911410942989, -24.748117232732309 ] ] ] ] } },
{ "type": "Feature", "properties": { "geogrid_id": "7325181635040472072", "seqnum": 13464.0, "lat_c": -25.181634655753069, "lon_c": -40.472071562895302, "res": 7.0, "count_Insects": 0, "count_Amphibians": 0, "count_Arachnids": 0, "count_Flowering Plants": 0, "count_Birds": 1, "count_Mammals": 2, "count_Ferns": 0, "count_Reptiles": 0, "count_Sac Fungi": 0, "count_Basidiomycota": 0, "count_Molluscs": 0, "count_Mosses": 0, "count_Gymnosperms": 0, "unique_species_count": 3.0, "countryCode": "BR" }, "geometry": { "type": "MultiPolygon", "coordinates": [ [ [ [ -39.728485534542543, -24.729426461325641 ], [ -39.613737780632242, -25.593086876890215 ], [ -40.362057416021344, -26.047472452828529 ], [ -41.219266622527769, -25.633574634750559 ], [ -41.323504162507916, -24.765794397382468 ], [ -40.580959133346184, -24.3159742675929 ], [ -39.728485534542543, -24.729426461325641 ] ] ] ] } },
{ "type": "Feature", "properties": { "geogrid_id": "7325209174048410770", "seqnum": 13325.0, "lat_c": -25.209174091210762, "lon_c": -48.410770309923507, "res": 7.0, "count_Insects": 1161, "count_Amphibians": 64, "count_Arachnids": 142, "count_Flowering Plants": 1058, "count_Birds": 391, "count_Mammals": 44, "count_Ferns": 47, "count_Reptiles": 47, "count_Sac Fungi": 120, "count_Basidiomycota": 85, "count_Molluscs": 116, "count_Mosses": 22, "count_Gymnosperms": 5, "unique_species_count": 3302.0, "countryCode": "BR" }, "geometry": { "type": "MultiPolygon", "coordinates": [ [ [ [ -47.654931439903855, -24.783245766550543 ], [ -47.588893804039351, -25.664924635361533 ], [ -48.348727603977849, -26.092839638408833 ], [ -49.169862279805571, -25.63231595167311 ], [ -49.226911410942989, -24.748117232732309 ], [ -48.471903395063066, -24.326793839071911 ], [ -47.654931439903855, -24.783245766550543 ] ] ] ] } },
{ "type": "Feature", "properties": { "geogrid_id": "7325214910042069630", "seqnum": 13436.0, "lat_c": -25.214909545922488, "lon_c": -42.069630089357879, "res": 7.0, "count_Insects": 0, "count_Amphibians": 0, "count_Arachnids": 0, "count_Flowering Plants": 0, "count_Birds": 1, "count_Mammals": 1, "count_Ferns": 0, "count_Reptiles": 0, "count_Sac Fungi": 0, "count_Basidiomycota": 0, "count_Molluscs": 0, "count_Mosses": 0, "count_Gymnosperms": 0, "unique_species_count": 2.0, "countryCode": "BR" }, "geometry": { "type": "MultiPolygon", "coordinates": [ [ [ [ -41.323504162507916, -24.765794397382468 ], [ -41.219266622527769, -25.633574634750559 ], [ -41.969903952938729, -26.084984412094066 ], [ -42.819203635479795, -25.663083137649039 ], [ -42.913411089831342, -24.791328486149986 ], [ -42.168308541332806, -24.345333123893599 ], [ -41.323504162507916, -24.765794397382468 ] ] ] ] } },
{ "type": "Feature", "properties": { "geogrid_id": "7325234417046832242", "seqnum": 13353.0, "lat_c": -25.234417325497425, "lon_c": -46.832241696660915, "res": 7.0, "count_Insects": 22, "count_Amphibians": 4, "count_Arachnids": 5, "count_Flowering Plants": 63, "count_Birds": 84, "count_Mammals": 2, "count_Ferns": 0, "count_Reptiles": 8, "count_Sac Fungi": 1, "count_Basidiomycota": 1, "count_Molluscs": 17, "count_Mosses": 1, "count_Gymnosperms": 0, "unique_species_count": 208.0, "countryCode": "BR" }, "geometry": { "type": "MultiPolygon", "coordinates": [ [ [ [ -46.078852329339114, -24.801492049020887 ], [ -46.00366409366557, -25.680247738358034 ], [ -46.761118884236133, -26.115296000167127 ], [ -47.588893804039351, -25.664924635361533 ], [ -47.654931439903855, -24.783245766550543 ], [ -46.902411147189113, -24.354693381458176 ], [ -46.078852329339114, -24.801492049020887 ] ] ] ] } },
{ "type": "Feature", "properties": { "geogrid_id": "7325236027043661972", "seqnum": 13408.0, "lat_c": -25.236026950408107, "lon_c": -43.661972106647184, "res": 7.0, "count_Insects": 0, "count_Amphibians": 0, "count_Arachnids": 0, "count_Flowering Plants": 0, "count_Birds": 1, "count_Mammals": 3, "count_Ferns": 0, "count_Reptiles": 1, "count_Sac Fungi": 0, "count_Basidiomycota": 0, "count_Molluscs": 0, "count_Mosses": 0, "count_Gymnosperms": 0, "unique_species_count": 5.0, "countryCode": "BR" }, "geometry": { "type": "MultiPolygon", "coordinates": [ [ [ [ -42.913411089831342, -24.791328486149986 ], [ -42.819203635479795, -25.663083137649039 ], [ -43.572086743404057, -26.110080501822782 ], [ -44.413881101201504, -25.679214942885771 ], [ -44.498435415746386, -24.803777666852696 ], [ -43.750849591487459, -24.362740976190487 ], [ -42.913411089831342, -24.791328486149986 ] ] ] ] } },
{ "type": "Feature", "properties": { "geogrid_id": "7325243011045249404", "seqnum": 13381.0, "lat_c": -25.243011189851781, "lon_c": -45.249404262770845, "res": 7.0, "count_Insects": 0, "count_Amphibians": 0, "count_Arachnids": 0, "count_Flowering Plants": 0, "count_Birds": 2, "count_Mammals": 4, "count_Ferns": 0, "count_Reptiles": 0, "count_Sac Fungi": 0, "count_Basidiomycota": 0, "count_Molluscs": 0, "count_Mosses": 0, "count_Gymnosperms": 0, "unique_species_count": 6.0, "countryCode": "BR" }, "geometry": { "type": "MultiPolygon", "coordinates": [ [ [ [ -44.498435415746386, -24.803777666852696 ], [ -44.413881101201504, -25.679214942885771 ], [ -45.169023299529385, -26.120681200867093 ], [ -46.00366409366557, -25.680247738358034 ], [ -46.078852329339114, -24.801492049020887 ], [ -45.328802934057364, -24.3663256881776 ], [ -44.498435415746386, -24.803777666852696 ] ] ] ] } },
{ "type": "Feature", "properties": { "geogrid_id": "7326315695053857634", "seqnum": 13269.0, "lat_c": -26.315695112440103, "lon_c": -53.857633775979252, "res": 7.0, "count_Insects": 422, "count_Amphibians": 9, "count_Arachnids": 52, "count_Flowering Plants": 298, "count_Birds": 119, "count_Mammals": 19, "count_Ferns": 14, "count_Reptiles": 28, "count_Sac Fungi": 7, "count_Basidiomycota": 41, "count_Molluscs": 15, "count_Mosses": 1, "count_Gymnosperms": 1, "unique_species_count": 1026.0, "countryCode": "BR" }, "geometry": { "type": "MultiPolygon", "coordinates": [ [ [ [ -53.087188518793106, -25.916001251125977 ], [ -53.050433629962278, -26.807333801424939 ], [ -53.824387847266756, -27.208683537472627 ], [ -54.631170732433354, -26.711581551046496 ], [ -54.659091254877687, -25.819034063332158 ], [ -53.889261213498244, -25.424634952951237 ], [ -53.087188518793106, -25.916001251125977 ] ] ] ] } },
{ "type": "Feature", "properties": { "geogrid_id": "7326402298052279471", "seqnum": 13297.0, "lat_c": -26.402297805105597, "lon_c": -52.279471210381857, "res": 7.0, "count_Insects": 533, "count_Amphibians": 27, "count_Arachnids": 48, "count_Flowering Plants": 401, "count_Birds": 250, "count_Mammals": 37, "count_Ferns": 7, "count_Reptiles": 28, "count_Sac Fungi": 5, "count_Basidiomycota": 13, "count_Molluscs": 8, "count_Mosses": 1, "count_Gymnosperms": 1, "unique_species_count": 1359.0, "countryCode": "BR" }, "geometry": { "type": "MultiPolygon", "coordinates": [ [ [ [ -51.511572097012035, -25.993714640769422 ], [ -51.465945666817163, -26.883437759160302 ], [ -52.237319687028894, -27.29386342971101 ], [ -53.050433629962278, -26.807333801424939 ], [ -53.087188518793106, -25.916001251125977 ], [ -52.319895524738556, -25.51263182303811 ], [ -51.511572097012035, -25.993714640769422 ] ] ] ] } },
{ "type": "Feature", "properties": { "geogrid_id": "7326469603050697525", "seqnum": 13324.0, "lat_c": -26.469603445480875, "lon_c": -50.69752489302779, "res": 7.0, "count_Insects": 213, "count_Amphibians": 10, "count_Arachnids": 26, "count_Flowering Plants": 264, "count_Birds": 169, "count_Mammals": 24, "count_Ferns": 7, "count_Reptiles": 14, "count_Sac Fungi": 18, "count_Basidiomycota": 21, "count_Molluscs": 21, "count_Mosses": 3, "count_Gymnosperms": 1, "unique_species_count": 791.0, "countryCode": "BR" }, "geometry": { "type": "MultiPolygon", "coordinates": [ [ [ [ -49.93213814254856, -26.052511452825783 ], [ -49.877596694638697, -26.940209775466542 ], [ -50.646450363359918, -27.359331472256766 ], [ -51.465945666817163, -26.883437759160302 ], [ -51.511572097012035, -25.993714640769422 ], [ -50.746803887893499, -25.581726423091517 ], [ -49.93213814254856, -26.052511452825783 ] ] ] ] } },
{ "type": "Feature", "properties": { "geogrid_id": "7326501810041113825", "seqnum": 13490.0, "lat_c": -26.501809937611348, "lon_c": -41.113825305738914, "res": 7.0, "count_Insects": 0, "count_Amphibians": 0, "count_Arachnids": 0, "count_Flowering Plants": 0, "count_Birds": 2, "count_Mammals": 1, "count_Ferns": 0, "count_Reptiles": 0, "count_Sac Fungi": 0, "count_Basidiomycota": 0, "count_Molluscs": 0, "count_Mosses": 0, "count_Gymnosperms": 0, "unique_species_count": 3.0, "countryCode": "BR" }, "geometry": { "type": "MultiPolygon", "coordinates": [ [ [ [ -40.362057416021344, -26.047472452828529 ], [ -40.25069183360614, -26.913698633014718 ], [ -41.006878980680106, -27.370756262604864 ], [ -41.868826451092275, -26.955808056635579 ], [ -41.969903952938729, -26.084984412094066 ], [ -41.219266622527769, -25.633574634750559 ], [ -40.362057416021344, -26.047472452828529 ] ] ] ] } },
{ "type": "Feature", "properties": { "geogrid_id": "7326517991049111658", "seqnum": 13352.0, "lat_c": -26.517990821057975, "lon_c": -49.11165817886554, "res": 7.0, "count_Insects": 1353, "count_Amphibians": 66, "count_Arachnids": 136, "count_Flowering Plants": 1680, "count_Birds": 435, "count_Mammals": 56, "count_Ferns": 54, "count_Reptiles": 46, "count_Sac Fungi": 53, "count_Basidiomycota": 98, "count_Molluscs": 140, "count_Mosses": 11, "count_Gymnosperms": 5, "unique_species_count": 4133.0, "countryCode": "BR" }, "geometry": { "type": "MultiPolygon", "coordinates": [ [ [ [ -48.348727603977849, -26.092839638408833 ], [ -48.285209127233408, -26.978076963438909 ], [ -49.051632347872442, -27.405442603164708 ], [ -49.877596694638697, -26.940209775466542 ], [ -49.93213814254856, -26.052511452825783 ], [ -49.169862279805571, -25.63231595167311 ], [ -48.348727603977849, -26.092839638408833 ] ] ] ] } },
{ "type": "Feature", "properties": { "geogrid_id": "7326535604042723811", "seqnum": 13463.0, "lat_c": -26.53560382505168, "lon_c": -42.72381131395543, "res": 7.0, "count_Insects": 0, "count_Amphibians": 0, "count_Arachnids": 0, "count_Flowering Plants": 0, "count_Birds": 1, "count_Mammals": 2, "count_Ferns": 0, "count_Reptiles": 0, "count_Sac Fungi": 0, "count_Basidiomycota": 0, "count_Molluscs": 0, "count_Mosses": 0, "count_Gymnosperms": 0, "unique_species_count": 3.0, "countryCode": "BR" }, "geometry": { "type": "MultiPolygon", "coordinates": [ [ [ [ -41.969903952938729, -26.084984412094066 ], [ -41.868826451092275, -26.955808056635579 ], [ -42.62683963496805, -27.40917795668549 ], [ -43.480811106591908, -26.985175212984863 ], [ -43.572086743404057, -26.110080501822782 ], [ -42.819203635479795, -25.663083137649039 ], [ -41.969903952938729, -26.084984412094066 ] ] ] ] } },
{ "type": "Feature", "properties": { "geogrid_id": "7326547968047521669", "seqnum": 13380.0, "lat_c": -26.547967504669419, "lon_c": -47.5216685910884, "res": 7.0, "count_Insects": 1, "count_Amphibians": 0, "count_Arachnids": 0, "count_Flowering Plants": 0, "count_Birds": 0, "count_Mammals": 2, "count_Ferns": 0, "count_Reptiles": 0, "count_Sac Fungi": 0, "count_Basidiomycota": 0, "count_Molluscs": 2, "count_Mosses": 0, "count_Gymnosperms": 0, "unique_species_count": 5.0, "countryCode": "BR" }, "geometry": { "type": "MultiPolygon", "coordinates": [ [ [ [ -46.761118884236133, -26.115296000167127 ], [ -46.688526783766626, -26.997617587731519 ], [ -47.452637128670453, -27.432680575213787 ], [ -48.285209127233408, -26.978076963438909 ], [ -48.348727603977849, -26.092839638408833 ], [ -47.588893804039351, -25.664924635361533 ], [ -46.761118884236133, -26.115296000167127 ] ] ] ] } },
{ "type": "Feature", "properties": { "geogrid_id": "7326555669044328137", "seqnum": 13435.0, "lat_c": -26.555669411267854, "lon_c": -44.32813661651663, "res": 7.0, "count_Insects": 0, "count_Amphibians": 0, "count_Arachnids": 0, "count_Flowering Plants": 0, "count_Birds": 0, "count_Mammals": 2, "count_Ferns": 0, "count_Reptiles": 0, "count_Sac Fungi": 0, "count_Basidiomycota": 0, "count_Molluscs": 0, "count_Mosses": 0, "count_Gymnosperms": 0, "unique_species_count": 2.0, "countryCode": "BR" }, "geometry": { "type": "MultiPolygon", "coordinates": [ [ [ [ -43.572086743404057, -26.110080501822782 ], [ -43.480811106591908, -26.985175212984863 ], [ -44.240720512913796, -27.433444087647949 ], [ -45.087205773026973, -26.999620614425496 ], [ -45.169023299529385, -26.120681200867093 ], [ -44.413881101201504, -25.679214942885771 ], [ -43.572086743404057, -26.110080501822782 ] ] ] ] } },
{ "type": "Feature", "properties": { "geogrid_id": "7326560217045927280", "seqnum": 13407.0, "lat_c": -26.560217202183846, "lon_c": -45.927279640569353, "res": 7.0, "count_Insects": 0, "count_Amphibians": 0, "count_Arachnids": 0, "count_Flowering Plants": 0, "count_Birds": 0, "count_Mammals": 1, "count_Ferns": 0, "count_Reptiles": 0, "count_Sac Fungi": 0, "count_Basidiomycota": 0, "count_Molluscs": 0, "count_Mosses": 0, "count_Gymnosperms": 0, "unique_species_count": 1.0, "countryCode": "BR" }, "geometry": { "type": "MultiPolygon", "coordinates": [ [ [ [ -45.169023299529385, -26.120681200867093 ], [ -45.087205773026973, -26.999620614425496 ], [ -45.849142114647108, -27.441708358115751 ], [ -46.688526783766626, -26.997617587731519 ], [ -46.761118884236133, -26.115296000167127 ], [ -46.00366409366557, -25.680247738358034 ], [ -45.169023299529385, -26.120681200867093 ] ] ] ] } },
{ "type": "Feature", "properties": { "geogrid_id": "7327606211054601258", "seqnum": 13296.0, "lat_c": -27.606211132429962, "lon_c": -54.601258387804641, "res": 7.0, "count_Insects": 195, "count_Amphibians": 5, "count_Arachnids": 21, "count_Flowering Plants": 174, "count_Birds": 112, "count_Mammals": 10, "count_Ferns": 1, "count_Reptiles": 9, "count_Sac Fungi": 1, "count_Basidiomycota": 9, "count_Molluscs": 4, "count_Mosses": 0, "count_Gymnosperms": 1, "unique_species_count": 542.0, "countryCode": "BR" }, "geometry": { "type": "MultiPolygon", "coordinates": [ [ [ [ -53.824387847266756, -27.208683537472627 ], [ -53.788584538981922, -28.103902340553581 ], [ -54.568293900770676, -28.503231646927063 ], [ -55.380965764096892, -27.999784100818371 ], [ -55.407734891929429, -27.103531551769464 ], [ -54.631170732433354, -26.711581551046496 ], [ -53.824387847266756, -27.208683537472627 ] ] ] ] } },
{ "type": "Feature", "properties": { "geogrid_id": "7327700733053011562", "seqnum": 13323.0, "lat_c": -27.700732921074863, "lon_c": -53.011562219792808, "res": 7.0, "count_Insects": 270, "count_Amphibians": 17, "count_Arachnids": 42, "count_Flowering Plants": 313, "count_Birds": 204, "count_Mammals": 22, "count_Ferns": 2, "count_Reptiles": 16, "count_Sac Fungi": 1, "count_Basidiomycota": 18, "count_Molluscs": 6, "count_Mosses": 0, "count_Gymnosperms": 1, "unique_species_count": 912.0, "countryCode": "BR" }, "geometry": { "type": "MultiPolygon", "coordinates": [ [ [ [ -52.237319687028894, -27.29386342971101 ], [ -52.192512081510216, -28.187641452207679 ], [ -52.969514586354812, -28.596518916097001 ], [ -53.788584538981922, -28.103902340553581 ], [ -53.824387847266756, -27.208683537472627 ], [ -53.050433629962278, -26.807333801424939 ], [ -52.237319687028894, -27.29386342971101 ] ] ] ] } },
{ "type": "Feature", "properties": { "geogrid_id": "7327775195051418122", "seqnum": 13351.0, "lat_c": -27.775194525946745, "lon_c": -51.418122415353196, "res": 7.0, "count_Insects": 693, "count_Amphibians": 31, "count_Arachnids": 73, "count_Flowering Plants": 371, "count_Birds": 152, "count_Mammals": 38, "count_Ferns": 8, "count_Reptiles": 16, "count_Sac Fungi": 2, "count_Basidiomycota": 15, "count_Molluscs": 11, "count_Mosses": 1, "count_Gymnosperms": 2, "unique_species_count": 1413.0, "countryCode": "BR" }, "geometry": { "type": "MultiPolygon", "coordinates": [ [ [ [ -50.646450363359918, -27.359331472256766 ], [ -50.592673965512326, -28.251234841862228 ], [ -51.367055811177295, -28.669318334288931 ], [ -52.192512081510216, -28.187641452207679 ], [ -52.237319687028894, -27.29386342971101 ], [ -51.465945666817163, -26.883437759160302 ], [ -50.646450363359918, -27.359331472256766 ] ] ] ] } },
{ "type": "Feature", "properties": { "geogrid_id": "7327829886049820826", "seqnum": 13379.0, "lat_c": -27.829886489677641, "lon_c": -49.820826047010414, "res": 7.0, "count_Insects": 538, "count_Amphibians": 59, "count_Arachnids": 62, "count_Flowering Plants": 882, "count_Birds": 324, "count_Mammals": 47, "count_Ferns": 28, "count_Reptiles": 33, "count_Sac Fungi": 13, "count_Basidiomycota": 44, "count_Molluscs": 12, "count_Mosses": 46, "count_Gymnosperms": 2, "unique_species_count": 2090.0, "countryCode": "BR" }, "geometry": { "type": "MultiPolygon", "coordinates": [ [ [ [ -49.051632347872442, -27.405442603164708 ], [ -48.988915928928357, -28.295007517828736 ], [ -49.760808240643748, -28.721889358369825 ], [ -50.592673965512326, -28.251234841862228 ], [ -50.646450363359918, -27.359331472256766 ], [ -49.877596694638697, -26.940209775466542 ], [ -49.051632347872442, -27.405442603164708 ] ] ] ] } },
{ "type": "Feature", "properties": { "geogrid_id": "7327865208048219479", "seqnum": 13406.0, "lat_c": -27.865208362349478, "lon_c": -48.219478847165476, "res": 7.0, "count_Insects": 891, "count_Amphibians": 43, "count_Arachnids": 82, "count_Flowering Plants": 1253, "count_Birds": 306, "count_Mammals": 40, "count_Ferns": 30, "count_Reptiles": 46, "count_Sac Fungi": 30, "count_Basidiomycota": 84, "count_Molluscs": 113, "count_Mosses": 3, "count_Gymnosperms": 2, "unique_species_count": 2923.0, "countryCode": "BR" }, "geometry": { "type": "MultiPolygon", "coordinates": [ [ [ [ -47.452637128670453, -27.432680575213787 ], [ -47.380985397280213, -28.319410997386754 ], [ -48.150565894591253, -28.754596402576876 ], [ -48.988915928928357, -28.295007517828736 ], [ -49.051632347872442, -27.405442603164708 ], [ -48.285209127233408, -26.978076963438909 ], [ -47.452637128670453, -27.432680575213787 ] ] ] ] } },
{ "type": "Feature", "properties": { "geogrid_id": "7327880160045003352", "seqnum": 13462.0, "lat_c": -27.880159791401326, "lon_c": -45.003351655366842, "res": 7.0, "count_Insects": 0, "count_Amphibians": 0, "count_Arachnids": 0, "count_Flowering Plants": 0, "count_Birds": 0, "count_Mammals": 2, "count_Ferns": 0, "count_Reptiles": 0, "count_Sac Fungi": 0, "count_Basidiomycota": 0, "count_Molluscs": 1, "count_Mosses": 0, "count_Gymnosperms": 0, "unique_species_count": 3.0, "countryCode": "BR" }, "geometry": { "type": "MultiPolygon", "coordinates": [ [ [ [ -44.240720512913796, -27.433444087647949 ], [ -44.150987799726337, -28.312894940183011 ], [ -44.916651809376603, -28.762684084607713 ], [ -45.768511775917737, -28.325076139629616 ], [ -45.849142114647108, -27.441708358115751 ], [ -45.087205773026973, -26.999620614425496 ], [ -44.240720512913796, -27.433444087647949 ] ] ] ] } },
{ "type": "Feature", "properties": { "geogrid_id": "7327881711046613789", "seqnum": 13434.0, "lat_c": -27.881710898447675, "lon_c": -46.613789010572027, "res": 7.0, "count_Insects": 0, "count_Amphibians": 0, "count_Arachnids": 0, "count_Flowering Plants": 0, "count_Birds": 1, "count_Mammals": 3, "count_Ferns": 0, "count_Reptiles": 0, "count_Sac Fungi": 0, "count_Basidiomycota": 0, "count_Molluscs": 2, "count_Mosses": 0, "count_Gymnosperms": 0, "unique_species_count": 6.0, "countryCode": "BR" }, "geometry": { "type": "MultiPolygon", "coordinates": [ [ [ [ -45.849142114647108, -27.441708358115751 ], [ -45.768511775917737, -28.325076139629616 ], [ -46.536003435234953, -28.767952043767526 ], [ -47.380985397280213, -28.319410997386754 ], [ -47.452637128670453, -27.432680575213787 ], [ -46.688526783766626, -26.997617587731519 ], [ -45.849142114647108, -27.441708358115751 ] ] ] ] } },
{ "type": "Feature", "properties": { "geogrid_id": "7328774554056948553", "seqnum": 13295.0, "lat_c": -28.77455425631414, "lon_c": -56.948552791824582, "res": 7.0, "count_Insects": 5, "count_Amphibians": 2, "count_Arachnids": 0, "count_Flowering Plants": 14, "count_Birds": 3, "count_Mammals": 1, "count_Ferns": 0, "count_Reptiles": 4, "count_Sac Fungi": 0, "count_Basidiomycota": 0, "count_Molluscs": 2, "count_Mosses": 0, "count_Gymnosperms": 0, "unique_species_count": 31.0, "countryCode": "BR" }, "geometry": { "type": "MultiPolygon", "coordinates": [ [ [ [ -56.163426437846425, -28.389273530789897 ], [ -56.135382608987477, -29.28983020660905 ], [ -56.922556298953239, -29.676840395630677 ], [ -57.736253112011568, -29.155505022785047 ], [ -57.754885386784679, -28.254518808023679 ], [ -56.969666806732015, -27.875121364388452 ], [ -56.163426437846425, -28.389273530789897 ] ] ] ] } },
{ "type": "Feature", "properties": { "geogrid_id": "7328898585055350594", "seqnum": 13322.0, "lat_c": -28.898584850804237, "lon_c": -55.350593528586835, "res": 7.0, "count_Insects": 38, "count_Amphibians": 13, "count_Arachnids": 8, "count_Flowering Plants": 65, "count_Birds": 81, "count_Mammals": 13, "count_Ferns": 1, "count_Reptiles": 9, "count_Sac Fungi": 0, "count_Basidiomycota": 5, "count_Molluscs": 2, "count_Mosses": 0, "count_Gymnosperms": 0, "unique_species_count": 235.0, "countryCode": "BR" }, "geometry": { "type": "MultiPolygon", "coordinates": [ [ [ [ -54.568293900770676, -28.503231646927063 ], [ -54.530919016436478, -29.402974283657954 ], [ -55.315091457838079, -29.800268356076675 ], [ -56.135382608987477, -29.28983020660905 ], [ -56.163426437846425, -28.389273530789897 ], [ -55.380965764096892, -27.999784100818371 ], [ -54.568293900770676, -28.503231646927063 ] ] ] ] } },
{ "type": "Feature", "properties": { "geogrid_id": "7329001678053749021", "seqnum": 13350.0, "lat_c": -29.001677970450935, "lon_c": -53.749021152418116, "res": 7.0, "count_Insects": 1146, "count_Amphibians": 21, "count_Arachnids": 102, "count_Flowering Plants": 631, "count_Birds": 309, "count_Mammals": 33, "count_Ferns": 17, "count_Reptiles": 31, "count_Sac Fungi": 7, "count_Basidiomycota": 49, "count_Molluscs": 15, "count_Mosses": 0, "count_Gymnosperms": 2, "unique_species_count": 2363.0, "countryCode": "BR" }, "geometry": { "type": "MultiPolygon", "coordinates": [ [ [ [ -52.969514586354812, -28.596518916097001 ], [ -52.922920158597023, -29.495037444566492 ], [ -53.704142269700348, -29.90235923390836 ], [ -54.530919016436478, -29.402974283657954 ], [ -54.568293900770676, -28.503231646927063 ], [ -53.788584538981922, -28.103902340553581 ], [ -52.969514586354812, -28.596518916097001 ] ] ] ] } },
{ "type": "Feature", "properties": { "geogrid_id": "7329083972052143847", "seqnum": 13378.0, "lat_c": -29.083972387453219, "lon_c": -52.143847291357673, "res": 7.0, "count_Insects": 309, "count_Amphibians": 20, "count_Arachnids": 44, "count_Flowering Plants": 549, "count_Birds": 226, "count_Mammals": 18, "count_Ferns": 14, "count_Reptiles": 24, "count_Sac Fungi": 18, "count_Basidiomycota": 102, "count_Molluscs": 8, "count_Mosses": 7, "count_Gymnosperms": 5, "unique_species_count": 1344.0, "countryCode": "BR" }, "geometry": { "type": "MultiPolygon", "coordinates": [ [ [ [ -51.367055811177295, -28.669318334288931 ], [ -51.311377861006179, -29.566172254205963 ], [ -52.089755022512215, -29.983222851173835 ], [ -52.922920158597023, -29.495037444566492 ], [ -52.969514586354812, -28.596518916097001 ], [ -52.192512081510216, -28.187641452207679 ], [ -51.367055811177295, -28.669318334288931 ] ] ] ] } },
{ "type": "Feature", "properties": { "geogrid_id": "7329145670050535012", "seqnum": 13405.0, "lat_c": -29.145670310304393, "lon_c": -50.535011599449298, "res": 7.0, "count_Insects": 853, "count_Amphibians": 59, "count_Arachnids": 81, "count_Flowering Plants": 1045, "count_Birds": 388, "count_Mammals": 42, "count_Ferns": 21, "count_Reptiles": 49, "count_Sac Fungi": 11, "count_Basidiomycota": 52, "count_Molluscs": 36, "count_Mosses": 14, "count_Gymnosperms": 5, "unique_species_count": 2656.0, "countryCode": "BR" }, "geometry": { "type": "MultiPolygon", "coordinates": [ [ [ [ -49.760808240643748, -28.721889358369825 ], [ -49.696196929820076, -29.616601794162882 ], [ -50.471896402414778, -30.043026243216143 ], [ -51.311377861006179, -29.566172254205963 ], [ -51.367055811177295, -28.669318334288931 ], [ -50.592673965512326, -28.251234841862228 ], [ -49.760808240643748, -28.721889358369825 ] ] ] ] } },
{ "type": "Feature", "properties": { "geogrid_id": "7329187060048922361", "seqnum": 13433.0, "lat_c": -29.187060308122426, "lon_c": -48.922360938326669, "res": 7.0, "count_Insects": 335, "count_Amphibians": 42, "count_Arachnids": 41, "count_Flowering Plants": 602, "count_Birds": 297, "count_Mammals": 29, "count_Ferns": 17, "count_Reptiles": 29, "count_Sac Fungi": 3, "count_Basidiomycota": 11, "count_Molluscs": 42, "count_Mosses": 0, "count_Gymnosperms": 1, "unique_species_count": 1449.0, "countryCode": "BR" }, "geometry": { "type": "MultiPolygon", "coordinates": [ [ [ [ -48.150565894591253, -28.754596402576876 ], [ -48.077169542347661, -29.646647220737083 ], [ -48.85042777910953, -30.082015064678927 ], [ -49.696196929820076, -29.616601794162882 ], [ -49.760808240643748, -28.721889358369825 ], [ -48.988915928928357, -28.295007517828736 ], [ -48.150565894591253, -28.754596402576876 ] ] ] ] } },
{ "type": "Feature", "properties": { "geogrid_id": "7329208552047305625", "seqnum": 13461.0, "lat_c": -29.208552111481932, "lon_c": -47.305624732006237, "res": 7.0, "count_Insects": 0, "count_Amphibians": 0, "count_Arachnids": 0, "count_Flowering Plants": 0, "count_Birds": 3, "count_Mammals": 2, "count_Ferns": 0, "count_Reptiles": 0, "count_Sac Fungi": 0, "count_Basidiomycota": 0, "count_Molluscs": 0, "count_Mosses": 0, "count_Gymnosperms": 0, "unique_species_count": 5.0, "countryCode": "BR" }, "geometry": { "type": "MultiPolygon", "coordinates": [ [ [ [ -46.536003435234953, -28.767952043767526 ], [ -46.453944378246241, -29.656770720307009 ], [ -47.22507322957248, -30.10054700009055 ], [ -48.077169542347661, -29.646647220737083 ], [ -48.150565894591253, -28.754596402576876 ], [ -47.380985397280213, -28.319410997386754 ], [ -46.536003435234953, -28.767952043767526 ] ] ] ] } },
{ "type": "Feature", "properties": { "geogrid_id": "7329210731045684387", "seqnum": 13488.0, "lat_c": -29.210730754370978, "lon_c": -45.6843865845034, "res": 7.0, "count_Insects": 0, "count_Amphibians": 0, "count_Arachnids": 0, "count_Flowering Plants": 0, "count_Birds": 1, "count_Mammals": 3, "count_Ferns": 0, "count_Reptiles": 1, "count_Sac Fungi": 0, "count_Basidiomycota": 0, "count_Molluscs": 0, "count_Mosses": 0, "count_Gymnosperms": 0, "unique_species_count": 5.0, "countryCode": "BR" }, "geometry": { "type": "MultiPolygon", "coordinates": [ [ [ [ -44.916651809376603, -28.762684084607713 ], [ -44.825990496869508, -29.64764429488017 ], [ -45.595380184527578, -30.09914540421066 ], [ -46.453944378246241, -29.656770720307009 ], [ -46.536003435234953, -28.767952043767526 ], [ -45.768511775917737, -28.325076139629616 ], [ -44.916651809376603, -28.762684084607713 ] ] ] ] } },
{ "type": "Feature", "properties": { "geogrid_id": "7330059493057712006", "seqnum": 13321.0, "lat_c": -30.059492699595793, "lon_c": -57.712005745053766, "res": 7.0, "count_Insects": 70, "count_Amphibians": 6, "count_Arachnids": 9, "count_Flowering Plants": 60, "count_Birds": 131, "count_Mammals": 12, "count_Ferns": 0, "count_Reptiles": 18, "count_Sac Fungi": 0, "count_Basidiomycota": 1, "count_Molluscs": 0, "count_Mosses": 0, "count_Gymnosperms": 0, "unique_species_count": 307.0, "countryCode": "BR" }, "geometry": { "type": "MultiPolygon", "coordinates": [ [ [ [ -56.922556298953239, -29.676840395630677 ], [ -56.889773664157566, -30.582317153375062 ], [ -57.680030637682279, -30.966818814136996 ], [ -58.503618114890408, -30.437669164252345 ], [ -58.526431580499803, -29.532008645586412 ], [ -57.736253112011568, -29.155505022785047 ], [ -56.922556298953239, -29.676840395630677 ] ] ] ] } },
{ "type": "Feature", "properties": { "geogrid_id": "7330193426056101418", "seqnum": 13349.0, "lat_c": -30.19342572440728, "lon_c": -56.101417839932246, "res": 7.0, "count_Insects": 18, "count_Amphibians": 1, "count_Arachnids": 2, "count_Flowering Plants": 60, "count_Birds": 21, "count_Mammals": 10, "count_Ferns": 0, "count_Reptiles": 6, "count_Sac Fungi": 0, "count_Basidiomycota": 0, "count_Molluscs": 0, "count_Mosses": 0, "count_Gymnosperms": 0, "unique_species_count": 118.0, "countryCode": "BR" }, "geometry": { "type": "MultiPolygon", "coordinates": [ [ [ [ -55.315091457838079, -29.800268356076675 ], [ -55.272486623175183, -30.705183813495236 ], [ -56.059325826570301, -31.100406626801764 ], [ -56.889773664157566, -30.582317153375062 ], [ -56.922556298953239, -29.676840395630677 ], [ -56.135382608987477, -29.28983020660905 ], [ -55.315091457838079, -29.800268356076675 ] ] ] ] } },
{ "type": "Feature", "properties": { "geogrid_id": "7330305789054487378", "seqnum": 13377.0, "lat_c": -30.305789015820157, "lon_c": -54.487377658583377, "res": 7.0, "count_Insects": 53, "count_Amphibians": 8, "count_Arachnids": 7, "count_Flowering Plants": 122, "count_Birds": 132, "count_Mammals": 14, "count_Ferns": 1, "count_Reptiles": 18, "count_Sac Fungi": 60, "count_Basidiomycota": 74, "count_Molluscs": 8, "count_Mosses": 0, "count_Gymnosperms": 1, "unique_species_count": 498.0, "countryCode": "BR" }, "geometry": { "type": "MultiPolygon", "coordinates": [ [ [ [ -53.704142269700348, -29.90235923390836 ], [ -53.651915466268669, -30.806311370489091 ], [ -54.435376590853075, -31.212036172577175 ], [ -55.272486623175183, -30.705183813495236 ], [ -55.315091457838079, -29.800268356076675 ], [ -54.530919016436478, -29.402974283657954 ], [ -53.704142269700348, -29.90235923390836 ] ] ] ] } },
{ "type": "Feature", "properties": { "geogrid_id": "7330396656052869987", "seqnum": 13404.0, "lat_c": -30.396655849490941, "lon_c": -52.869987340887356, "res": 7.0, "count_Insects": 143, "count_Amphibians": 23, "count_Arachnids": 17, "count_Flowering Plants": 227, "count_Birds": 135, "count_Mammals": 12, "count_Ferns": 6, "count_Reptiles": 11, "count_Sac Fungi": 3, "count_Basidiomycota": 12, "count_Molluscs": 1, "count_Mosses": 0, "count_Gymnosperms": 2, "unique_species_count": 592.0, "countryCode": "BR" }, "geometry": { "type": "MultiPolygon", "coordinates": [ [ [ [ -52.089755022512215, -29.983222851173835 ], [ -52.02815770228942, -30.885779393027054 ], [ -52.808346992210105, -31.301753756510752 ], [ -53.651915466268669, -30.806311370489091 ], [ -53.704142269700348, -29.90235923390836 ], [ -52.922920158597023, -29.495037444566492 ], [ -52.089755022512215, -29.983222851173835 ] ] ] ] } },
{ "type": "Feature", "properties": { "geogrid_id": "7330466146051249278", "seqnum": 13432.0, "lat_c": -30.466145731426554, "lon_c": -51.249278204971759, "res": 7.0, "count_Insects": 777, "count_Amphibians": 32, "count_Arachnids": 91, "count_Flowering Plants": 807, "count_Birds": 288, "count_Mammals": 26, "count_Ferns": 14, "count_Reptiles": 35, "count_Sac Fungi": 17, "count_Basidiomycota": 68, "count_Molluscs": 31, "count_Mosses": 8, "count_Gymnosperms": 2, "unique_species_count": 2196.0, "countryCode": "BR" }, "geometry": { "type": "MultiPolygon", "coordinates": [ [ [ [ -50.471896402414778, -30.043026243216143 ], [ -50.401226059104651, -30.94371684779793 ], [ -51.178328715847051, -31.369644689909695 ], [ -52.02815770228942, -30.885779393027054 ], [ -52.089755022512215, -29.983222851173835 ], [ -51.311377861006179, -29.566172254205963 ], [ -50.471896402414778, -30.043026243216143 ] ] ] ] } },
{ "type": "Feature", "properties": { "geogrid_id": "7330514441049625186", "seqnum": 13460.0, "lat_c": -30.51444066451122, "lon_c": -49.625185670727419, "res": 7.0, "count_Insects": 125, "count_Amphibians": 22, "count_Arachnids": 26, "count_Flowering Plants": 157, "count_Birds": 154, "count_Mammals": 14, "count_Ferns": 2, "count_Reptiles": 12, "count_Sac Fungi": 0, "count_Basidiomycota": 5, "count_Molluscs": 22, "count_Mosses": 0, "count_Gymnosperms": 0, "unique_species_count": 539.0, "countryCode": "BR" }, "geometry": { "type": "MultiPolygon", "coordinates": [ [ [ [ -48.85042777910953, -30.082015064678927 ], [ -48.771017734756519, -30.980320904297354 ], [ -49.545312288534717, -31.415846786065735 ], [ -50.401226059104651, -30.94371684779793 ], [ -50.471896402414778, -30.043026243216143 ], [ -49.696196929820076, -29.616601794162882 ], [ -48.85042777910953, -30.082015064678927 ] ] ] ] } },
{ "type": "Feature", "properties": { "geogrid_id": "7330541811047997517", "seqnum": 13487.0, "lat_c": -30.541810548691664, "lon_c": -47.997517383731079, "res": 7.0, "count_Insects": 0, "count_Amphibians": 0, "count_Arachnids": 0, "count_Flowering Plants": 0, "count_Birds": 4, "count_Mammals": 2, "count_Ferns": 0, "count_Reptiles": 0, "count_Sac Fungi": 0, "count_Basidiomycota": 0, "count_Molluscs": 0, "count_Mosses": 0, "count_Gymnosperms": 0, "unique_species_count": 6.0, "countryCode": "BR" }, "geometry": { "type": "MultiPolygon", "coordinates": [ [ [ [ -47.22507322957248, -30.10054700009055 ], [ -47.13727432050301, -30.995887233675138 ], [ -47.909148945205416, -31.440572107740081 ], [ -48.771017734756519, -30.980320904297354 ], [ -48.85042777910953, -30.082015064678927 ], [ -48.077169542347661, -29.646647220737083 ], [ -47.22507322957248, -30.10054700009055 ] ] ] ] } },
{ "type": "Feature", "properties": { "geogrid_id": "7330548654046365913", "seqnum": 13515.0, "lat_c": -30.548654048374758, "lon_c": -46.365912635131728, "res": 7.0, "count_Insects": 0, "count_Amphibians": 0, "count_Arachnids": 0, "count_Flowering Plants": 0, "count_Birds": 0, "count_Mammals": 2, "count_Ferns": 0, "count_Reptiles": 0, "count_Sac Fungi": 0, "count_Basidiomycota": 0, "count_Molluscs": 0, "count_Mosses": 0, "count_Gymnosperms": 0, "unique_species_count": 2.0, "countryCode": "BR" }, "geometry": { "type": "MultiPolygon", "coordinates": [ [ [ [ -45.595380184527578, -30.09914540421066 ], [ -45.499529380360535, -30.990860460595847 ], [ -46.269499478236007, -31.444143272598399 ], [ -47.13727432050301, -30.995887233675138 ], [ -47.22507322957248, -30.10054700009055 ], [ -46.453944378246241, -29.656770720307009 ], [ -45.595380184527578, -30.09914540421066 ] ] ] ] } },
{ "type": "Feature", "properties": { "geogrid_id": "7331613684055220205", "seqnum": 13403.0, "lat_c": -31.6136838925162, "lon_c": -55.220204613023284, "res": 7.0, "count_Insects": 65, "count_Amphibians": 3, "count_Arachnids": 7, "count_Flowering Plants": 41, "count_Birds": 20, "count_Mammals": 1, "count_Ferns": 1, "count_Reptiles": 1, "count_Sac Fungi": 0, "count_Basidiomycota": 0, "count_Molluscs": 3, "count_Mosses": 0, "count_Gymnosperms": 1, "unique_species_count": 143.0, "countryCode": "BR" }, "geometry": { "type": "MultiPolygon", "coordinates": [ [ [ [ -54.435376590853075, -31.212036172577175 ], [ -54.371888422923199, -32.122069483129813 ], [ -55.154850604165425, -32.526103479286007 ], [ -56.006230316585302, -32.011115263158572 ], [ -56.059325826570301, -31.100406626801764 ], [ -55.272486623175183, -30.705183813495236 ], [ -54.435376590853075, -31.212036172577175 ] ] ] ] } },
{ "type": "Feature", "properties": { "geogrid_id": "7331713903053589655", "seqnum": 13431.0, "lat_c": -31.713903051203093, "lon_c": -53.589655139058287, "res": 7.0, "count_Insects": 78, "count_Amphibians": 7, "count_Arachnids": 34, "count_Flowering Plants": 164, "count_Birds": 100, "count_Mammals": 9, "count_Ferns": 2, "count_Reptiles": 12, "count_Sac Fungi": 2, "count_Basidiomycota": 7, "count_Molluscs": 6, "count_Mosses": 1, "count_Gymnosperms": 0, "unique_species_count": 422.0, "countryCode": "BR" }, "geometry": { "type": "MultiPolygon", "coordinates": [ [ [ [ -52.808346992210105, -31.301753756510752 ], [ -52.734826588308024, -32.210703266279793 ], [ -53.513769080729652, -32.625480809949011 ], [ -54.371888422923199, -32.122069483129813 ], [ -54.435376590853075, -31.212036172577175 ], [ -53.651915466268669, -30.806311370489091 ], [ -52.808346992210105, -31.301753756510752 ] ] ] ] } },
{ "type": "Feature", "properties": { "geogrid_id": "7331792034051956271", "seqnum": 13459.0, "lat_c": -31.792033916633439, "lon_c": -51.956270676004479, "res": 7.0, "count_Insects": 616, "count_Amphibians": 22, "count_Arachnids": 66, "count_Flowering Plants": 655, "count_Birds": 274, "count_Mammals": 27, "count_Ferns": 9, "count_Reptiles": 29, "count_Sac Fungi": 11, "count_Basidiomycota": 39, "count_Molluscs": 33, "count_Mosses": 2, "count_Gymnosperms": 2, "unique_species_count": 1785.0, "countryCode": "BR" }, "geometry": { "type": "MultiPolygon", "coordinates": [ [ [ [ -51.178328715847051, -31.369644689909695 ], [ -51.095224495628536, -32.277069134090503 ], [ -51.870308139876464, -32.702353589105904 ], [ -52.734826588308024, -32.210703266279793 ], [ -52.808346992210105, -31.301753756510752 ], [ -52.02815770228942, -30.885779393027054 ], [ -51.178328715847051, -31.369644689909695 ] ] ] ] } },
{ "type": "Feature", "properties": { "geogrid_id": "7331848167050320137", "seqnum": 13486.0, "lat_c": -31.848166640545788, "lon_c": -50.320136644725714, "res": 7.0, "count_Insects": 7, "count_Amphibians": 5, "count_Arachnids": 0, "count_Flowering Plants": 10, "count_Birds": 86, "count_Mammals": 6, "count_Ferns": 0, "count_Reptiles": 3, "count_Sac Fungi": 0, "count_Basidiomycota": 0, "count_Molluscs": 0, "count_Mosses": 0, "count_Gymnosperms": 0, "unique_species_count": 117.0, "countryCode": "BR" }, "geometry": { "type": "MultiPolygon", "coordinates": [ [ [ [ -49.545312288534717, -31.415846786065735 ], [ -49.453162250224295, -32.321260743723542 ], [ -50.224660942862727, -32.756776036004631 ], [ -51.095224495628536, -32.277069134090503 ], [ -51.178328715847051, -31.369644689909695 ], [ -50.401226059104651, -30.94371684779793 ], [ -49.545312288534717, -31.415846786065735 ] ] ] ] } },
{ "type": "Feature", "properties": { "geogrid_id": "7331882447048681218", "seqnum": 13514.0, "lat_c": -31.8824467257093, "lon_c": -48.681218152974068, "res": 7.0, "count_Insects": 0, "count_Amphibians": 0, "count_Arachnids": 0, "count_Flowering Plants": 0, "count_Birds": 1, "count_Mammals": 3, "count_Ferns": 0, "count_Reptiles": 0, "count_Sac Fungi": 0, "count_Basidiomycota": 0, "count_Molluscs": 0, "count_Mosses": 0, "count_Gymnosperms": 0, "unique_species_count": 4.0, "countryCode": "BR" }, "geometry": { "type": "MultiPolygon", "coordinates": [ [ [ [ -47.909148945205416, -31.440572107740081 ], [ -47.80857742978435, -32.343429393712668 ], [ -48.576905659781772, -32.788843481705527 ], [ -49.453162250224295, -32.321260743723542 ], [ -49.545312288534717, -31.415846786065735 ], [ -48.771017734756519, -30.980320904297354 ], [ -47.909148945205416, -31.440572107740081 ] ] ] ] } },
{ "type": "Feature", "properties": { "geogrid_id": "7331895100047039312", "seqnum": 13542.0, "lat_c": -31.895100124998841, "lon_c": -47.039312165343766, "res": 7.0, "count_Insects": 0, "count_Amphibians": 0, "count_Arachnids": 0, "count_Flowering Plants": 0, "count_Birds": 2, "count_Mammals": 2, "count_Ferns": 0, "count_Reptiles": 0, "count_Sac Fungi": 0, "count_Basidiomycota": 0, "count_Molluscs": 0, "count_Mosses": 0, "count_Gymnosperms": 0, "unique_species_count": 4.0, "countryCode": "BR" }, "geometry": { "type": "MultiPolygon", "coordinates": [ [ [ [ -46.269499478236007, -31.444143272598399 ], [ -46.16120443906037, -32.34381281952578 ], [ -46.926952632313842, -32.798710164015539 ], [ -47.80857742978435, -32.343429393712668 ], [ -47.909148945205416, -31.440572107740081 ], [ -47.13727432050301, -30.995887233675138 ], [ -46.269499478236007, -31.444143272598399 ] ] ] ] } },
{ "type": "Feature", "properties": { "geogrid_id": "7333036204054292869", "seqnum": 13458.0, "lat_c": -33.036204228948229, "lon_c": -54.292869140034604, "res": 7.0, "count_Insects": 0, "count_Amphibians": 0, "count_Arachnids": 0, "count_Flowering Plants": 1, "count_Birds": 1, "count_Mammals": 0, "count_Ferns": 0, "count_Reptiles": 0, "count_Sac Fungi": 0, "count_Basidiomycota": 0, "count_Molluscs": 0, "count_Mosses": 0, "count_Gymnosperms": 0, "unique_species_count": 2.0, "countryCode": "BR" }, "geometry": { "type": "MultiPolygon", "coordinates": [ [ [ [ -53.513769080729652, -32.625480809949011 ], [ -53.419388202078053, -33.54132116527559 ], [ -54.19284703284017, -33.954659322574841 ], [ -55.071896503848414, -33.442721048687673 ], [ -55.154850604165425, -32.526103479286007 ], [ -54.371888422923199, -32.122069483129813 ], [ -53.513769080729652, -32.625480809949011 ] ] ] ] } },
{ "type": "Feature", "properties": { "geogrid_id": "7333123830052645119", "seqnum": 13485.0, "lat_c": -33.123830362505942, "lon_c": -52.645119008668395, "res": 7.0, "count_Insects": 19, "count_Amphibians": 5, "count_Arachnids": 4, "count_Flowering Plants": 71, "count_Birds": 59, "count_Mammals": 13, "count_Ferns": 1, "count_Reptiles": 7, "count_Sac Fungi": 0, "count_Basidiomycota": 1, "count_Molluscs": 5, "count_Mosses": 0, "count_Gymnosperms": 0, "unique_species_count": 185.0, "countryCode": "BR" }, "geometry": { "type": "MultiPolygon", "coordinates": [ [ [ [ -51.870308139876464, -32.702353589105904 ], [ -51.765042417341675, -33.617022176294213 ], [ -52.533288345216612, -34.041342296109171 ], [ -53.419388202078053, -33.54132116527559 ], [ -53.513769080729652, -32.625480809949011 ], [ -52.734826588308024, -32.210703266279793 ], [ -51.870308139876464, -32.702353589105904 ] ] ] ] } },
{ "type": "Feature", "properties": { "geogrid_id": "7333188767050995394", "seqnum": 13513.0, "lat_c": -33.188767232669676, "lon_c": -50.995394082417711, "res": 7.0, "count_Insects": 0, "count_Amphibians": 0, "count_Arachnids": 0, "count_Flowering Plants": 0, "count_Birds": 5, "count_Mammals": 2, "count_Ferns": 0, "count_Reptiles": 0, "count_Sac Fungi": 0, "count_Basidiomycota": 0, "count_Molluscs": 4, "count_Mosses": 0, "count_Gymnosperms": 0, "unique_species_count": 11.0, "countryCode": "BR" }, "geometry": { "type": "MultiPolygon", "coordinates": [ [ [ [ -50.224660942862727, -32.756776036004631 ], [ -50.109201086795998, -33.669850521428081 ], [ -50.87240081435823, -34.104944999617523 ], [ -51.765042417341675, -33.617022176294213 ], [ -51.870308139876464, -32.702353589105904 ], [ -51.095224495628536, -32.277069134090503 ], [ -50.224660942862727, -32.756776036004631 ] ] ] ] } },
{ "type": "Feature", "properties": { "geogrid_id": "7333231070049343909", "seqnum": 13541.0, "lat_c": -33.231069614528984, "lon_c": -49.343908730514116, "res": 7.0, "count_Insects": 0, "count_Amphibians": 0, "count_Arachnids": 0, "count_Flowering Plants": 0, "count_Birds": 1, "count_Mammals": 2, "count_Ferns": 0, "count_Reptiles": 0, "count_Sac Fungi": 0, "count_Basidiomycota": 0, "count_Molluscs": 0, "count_Mosses": 0, "count_Gymnosperms": 0, "unique_species_count": 3.0, "countryCode": "BR" }, "geometry": { "type": "MultiPolygon", "coordinates": [ [ [ [ -48.576905659781772, -32.788843481705527 ], [ -48.452112394265974, -33.699860490103283 ], [ -49.210582039515266, -34.145495864924584 ], [ -50.109201086795998, -33.669850521428081 ], [ -50.224660942862727, -32.756776036004631 ], [ -49.453162250224295, -32.321260743723542 ], [ -48.576905659781772, -32.788843481705527 ] ] ] ] } },
{ "type": "Feature", "properties": { "geogrid_id": "7333250832047690747", "seqnum": 13568.0, "lat_c": -33.250832189902439, "lon_c": -47.690746681797307, "res": 7.0, "count_Insects": 0, "count_Amphibians": 0, "count_Arachnids": 0, "count_Flowering Plants": 0, "count_Birds": 2, "count_Mammals": 2, "count_Ferns": 0, "count_Reptiles": 0, "count_Sac Fungi": 0, "count_Basidiomycota": 0, "count_Molluscs": 0, "count_Mosses": 0, "count_Gymnosperms": 0, "unique_species_count": 4.0, "countryCode": "BR" }, "geometry": { "type": "MultiPolygon", "coordinates": [ [ [ [ -46.926952632313842, -32.798710164015539 ], [ -46.793879890654601, -33.707143488086615 ], [ -47.54813361591394, -34.163048262462574 ], [ -48.452112394265974, -33.699860490103283 ], [ -48.576905659781772, -32.788843481705527 ], [ -47.80857742978435, -32.343429393712668 ], [ -46.926952632313842, -32.798710164015539 ] ] ] ] } },
{ "type": "Feature", "properties": { "geogrid_id": "7334461543053299817", "seqnum": 13512.0, "lat_c": -34.461542899572713, "lon_c": -53.299816661518484, "res": 7.0, "count_Insects": 1, "count_Amphibians": 2, "count_Arachnids": 1, "count_Flowering Plants": 22, "count_Birds": 9, "count_Mammals": 3, "count_Ferns": 0, "count_Reptiles": 2, "count_Sac Fungi": 0, "count_Basidiomycota": 0, "count_Molluscs": 2, "count_Mosses": 0, "count_Gymnosperms": 0, "unique_species_count": 42.0, "countryCode": "BR" }, "geometry": { "type": "MultiPolygon", "coordinates": [ [ [ [ -52.533288345216612, -34.041342296109171 ], [ -52.391019221248669, -34.963192760298497 ], [ -53.14570161566089, -35.385947410936701 ], [ -54.064315300569781, -34.877453381886113 ], [ -54.19284703284017, -33.954659322574841 ], [ -53.419388202078053, -33.54132116527559 ], [ -52.533288345216612, -34.041342296109171 ] ] ] ] } },
{ "type": "Feature", "properties": { "geogrid_id": "7334536128051633131", "seqnum": 13540.0, "lat_c": -34.536128360785206, "lon_c": -51.633130692526429, "res": 7.0, "count_Insects": 0, "count_Amphibians": 0, "count_Arachnids": 0, "count_Flowering Plants": 0, "count_Birds": 3, "count_Mammals": 3, "count_Ferns": 0, "count_Reptiles": 0, "count_Sac Fungi": 0, "count_Basidiomycota": 0, "count_Molluscs": 0, "count_Mosses": 0, "count_Gymnosperms": 0, "unique_species_count": 6.0, "countryCode": "BR" }, "geometry": { "type": "MultiPolygon", "coordinates": [ [ [ [ -50.87240081435823, -34.104944999617523 ], [ -50.717003661736484, -35.025491207334888 ], [ -51.464065985271965, -35.45935440469016 ], [ -52.391019221248669, -34.963192760298497 ], [ -52.533288345216612, -34.041342296109171 ], [ -51.765042417341675, -33.617022176294213 ], [ -50.87240081435823, -34.104944999617523 ] ] ] ] } },
{ "type": "Feature", "properties": { "geogrid_id": "7334587459049965696", "seqnum": 13567.0, "lat_c": -34.587459039375744, "lon_c": -49.965695883334021, "res": 7.0, "count_Insects": 0, "count_Amphibians": 0, "count_Arachnids": 0, "count_Flowering Plants": 0, "count_Birds": 2, "count_Mammals": 3, "count_Ferns": 0, "count_Reptiles": 1, "count_Sac Fungi": 0, "count_Basidiomycota": 0, "count_Molluscs": 0, "count_Mosses": 0, "count_Gymnosperms": 0, "unique_species_count": 6.0, "countryCode": "BR" }, "geometry": { "type": "MultiPolygon", "coordinates": [ [ [ [ -49.210582039515266, -34.145495864924584 ], [ -49.042878925419153, -35.064369853403058 ], [ -49.782274347876239, -35.509152606268422 ], [ -50.717003661736484, -35.025491207334888 ], [ -50.87240081435823, -34.104944999617523 ], [ -50.109201086795998, -33.669850521428081 ], [ -49.210582039515266, -34.145495864924584 ] ] ] ] } },
{ "type": "Feature", "properties": { "geogrid_id": "7334615567048297986", "seqnum": 13595.0, "lat_c": -34.615567062646853, "lon_c": -48.297985512010818, "res": 7.0, "count_Insects": 0, "count_Amphibians": 0, "count_Arachnids": 0, "count_Flowering Plants": 0, "count_Birds": 2, "count_Mammals": 2, "count_Ferns": 0, "count_Reptiles": 0, "count_Sac Fungi": 0, "count_Basidiomycota": 0, "count_Molluscs": 0, "count_Mosses": 0, "count_Gymnosperms": 0, "unique_species_count": 4.0, "countryCode": "BR" }, "geometry": { "type": "MultiPolygon", "coordinates": [ [ [ [ -47.54813361591394, -34.163048262462574 ], [ -47.36921706265597, -35.079868183718276 ], [ -48.101028258641314, -35.535375537034341 ], [ -49.042878925419153, -35.064369853403058 ], [ -49.210582039515266, -34.145495864924584 ], [ -48.452112394265974, -33.699860490103283 ], [ -47.54813361591394, -34.163048262462574 ] ] ] ] } },
{ "type": "Feature", "properties": { "geogrid_id": "7335949638050515651", "seqnum": 13594.0, "lat_c": -35.949637719873436, "lon_c": -50.515651324293586, "res": 7.0, "count_Insects": 0, "count_Amphibians": 0, "count_Arachnids": 0, "count_Flowering Plants": 0, "count_Birds": 0, "count_Mammals": 2, "count_Ferns": 0, "count_Reptiles": 0, "count_Sac Fungi": 0, "count_Basidiomycota": 0, "count_Molluscs": 0, "count_Mosses": 0, "count_Gymnosperms": 0, "unique_species_count": 2.0, "countryCode": "BR" }, "geometry": { "type": "MultiPolygon", "coordinates": [ [ [ [ -49.782274347876239, -35.509152606268422 ], [ -49.814465817622334, -36.427345755455946 ], [ -50.80362767747085, -36.859146936415847 ], [ -51.515806857005998, -36.375662623793737 ], [ -51.464065985271965, -35.45935440469016 ], [ -50.717003661736484, -35.025491207334888 ], [ -49.782274347876239, -35.509152606268422 ] ] ] ] } }
]
}
