{
"type": "FeatureCollection",
"name": "CL",
"crs": { "type": "name", "properties": { "name": "urn:ogc:def:crs:OGC:1.3:CRS84" } },
"features": [
{ "type": "Feature", "properties": { "geogrid_id": "-7431717474078750000", "seqnum": 39368.0, "lat_c": -31.717474420416284, "lon_c": -78.749999998110482, "res": 8.0, "count_Insects": 0, "count_Flowering Plants": 0, "count_Ferns": 0, "count_Reptiles": 0, "count_Mammals": 1, "count_Amphibians": 0, "count_Birds": 0, "count_Arachnids": 0, "count_Gymnosperms": 0, "count_Basidiomycota": 0, "count_Molluscs": 0, "count_Sac Fungi": 0, "count_Mosses": 0, "unique_species_count": 1.0, "countryCode": "CL" }, "geometry": { "type": "MultiPolygon", "coordinates": [ [ [ [ -78.214499435580009, -31.864129165007228 ], [ -78.749999998121609, -32.195680014326328 ], [ -79.285500559346204, -31.864129161066398 ], [ -79.079062723193815, -31.330175151628122 ], [ -78.42093727501522, -31.33017515670922 ], [ -78.214499435580009, -31.864129165007228 ] ] ] ] } },
{ "type": "Feature", "properties": { "geogrid_id": "7417359450069363293", "seqnum": 12082.0, "lat_c": -17.359449638661189, "lon_c": -69.363292745927893, "res": 8.0, "count_Insects": 0, "count_Flowering Plants": 39, "count_Ferns": 0, "count_Reptiles": 0, "count_Mammals": 6, "count_Amphibians": 2, "count_Birds": 17, "count_Arachnids": 0, "count_Gymnosperms": 0, "count_Basidiomycota": 0, "count_Molluscs": 0, "count_Sac Fungi": 0, "count_Mosses": 0, "unique_species_count": 64.0, "countryCode": "CL" }, "geometry": { "type": "MultiPolygon", "coordinates": [ [ [ [ -68.776123280865491, -17.318214127242758 ], [ -69.030409303820662, -17.710082036103579 ], [ -69.618894313909138, -17.751123462552094 ], [ -69.947049848570117, -17.394728638931714 ], [ -69.691403064618157, -17.003085378409018 ], [ -69.108999694847171, -16.967706322318527 ], [ -68.776123280865491, -17.318214127242758 ] ] ] ] } },
{ "type": "Feature", "properties": { "geogrid_id": "7417786281070204029", "seqnum": 12081.0, "lat_c": -17.786280972584617, "lon_c": -70.204028693403032, "res": 8.0, "count_Insects": 0, "count_Flowering Plants": 38, "count_Ferns": 2, "count_Reptiles": 0, "count_Mammals": 1, "count_Amphibians": 0, "count_Birds": 2, "count_Arachnids": 0, "count_Gymnosperms": 0, "count_Basidiomycota": 0, "count_Molluscs": 0, "count_Sac Fungi": 0, "count_Mosses": 0, "unique_species_count": 43.0, "countryCode": "CL" }, "geometry": { "type": "MultiPolygon", "coordinates": [ [ [ [ -69.618894313909138, -17.751123462552094 ], [ -69.87584215992969, -18.14272532551475 ], [ -70.462378088699182, -18.177740285751931 ], [ -70.786167822802781, -17.816309269068967 ], [ -70.527762823720778, -17.42483207460495 ], [ -69.947049848570117, -17.394728638931714 ], [ -69.618894313909138, -17.751123462552094 ] ] ] ] } },
{ "type": "Feature", "properties": { "geogrid_id": "7418101896069286015", "seqnum": 12163.0, "lat_c": -18.101896463167375, "lon_c": -69.286015155268728, "res": 8.0, "count_Insects": 48, "count_Flowering Plants": 320, "count_Ferns": 8, "count_Reptiles": 7, "count_Mammals": 31, "count_Amphibians": 5, "count_Birds": 122, "count_Arachnids": 1, "count_Gymnosperms": 2, "count_Basidiomycota": 1, "count_Molluscs": 0, "count_Sac Fungi": 4, "count_Mosses": 13, "unique_species_count": 562.0, "countryCode": "CL" }, "geometry": { "type": "MultiPolygon", "coordinates": [ [ [ [ -68.692509854171377, -18.054378578865649 ], [ -68.948175735111363, -18.446466434874367 ], [ -69.54297858486936, -18.493654484747207 ], [ -69.87584215992969, -18.14272532551475 ], [ -69.618894313909138, -17.751123462552094 ], [ -69.030409303820662, -17.710082036103579 ], [ -68.692509854171377, -18.054378578865649 ] ] ] ] } },
{ "type": "Feature", "properties": { "geogrid_id": "7418207671071045966", "seqnum": 12080.0, "lat_c": -18.207671110014864, "lon_c": -71.045966162048956, "res": 8.0, "count_Insects": 1, "count_Flowering Plants": 0, "count_Ferns": 0, "count_Reptiles": 0, "count_Mammals": 0, "count_Amphibians": 0, "count_Birds": 2, "count_Arachnids": 0, "count_Gymnosperms": 0, "count_Basidiomycota": 0, "count_Molluscs": 0, "count_Sac Fungi": 0, "count_Mosses": 0, "unique_species_count": 3.0, "countryCode": "CL" }, "geometry": { "type": "MultiPolygon", "coordinates": [ [ [ [ -70.462378088699182, -18.177740285751931 ], [ -70.722137098096809, -18.569104225427129 ], [ -71.307197658829054, -18.598915582032976 ], [ -71.626911342613994, -18.233129812545478 ], [ -71.365626597270861, -17.841839041297717 ], [ -70.786167822802781, -17.816309269068967 ], [ -70.462378088699182, -18.177740285751931 ] ] ] ] } },
{ "type": "Feature", "properties": { "geogrid_id": "7418534253070134175", "seqnum": 12162.0, "lat_c": -18.534252543878633, "lon_c": -70.134174642052258, "res": 8.0, "count_Insects": 82, "count_Flowering Plants": 160, "count_Ferns": 5, "count_Reptiles": 7, "count_Mammals": 24, "count_Amphibians": 1, "count_Birds": 187, "count_Arachnids": 14, "count_Gymnosperms": 2, "count_Basidiomycota": 1, "count_Molluscs": 19, "count_Sac Fungi": 6, "count_Mosses": 0, "unique_species_count": 508.0, "countryCode": "CL" }, "geometry": { "type": "MultiPolygon", "coordinates": [ [ [ [ -69.54297858486936, -18.493654484747207 ], [ -69.801337977259635, -18.885352997939787 ], [ -70.39393073975225, -18.92570221728591 ], [ -70.722137098096809, -18.569104225427129 ], [ -70.462378088699182, -18.177740285751931 ], [ -69.87584215992969, -18.14272532551475 ], [ -69.54297858486936, -18.493654484747207 ] ] ] ] } },
{ "type": "Feature", "properties": { "geogrid_id": "7418838509069205207", "seqnum": 12244.0, "lat_c": -18.838508718676998, "lon_c": -69.205207150597374, "res": 8.0, "count_Insects": 9, "count_Flowering Plants": 221, "count_Ferns": 6, "count_Reptiles": 7, "count_Mammals": 22, "count_Amphibians": 1, "count_Birds": 103, "count_Arachnids": 1, "count_Gymnosperms": 2, "count_Basidiomycota": 0, "count_Molluscs": 0, "count_Sac Fungi": 0, "count_Mosses": 0, "unique_species_count": 372.0, "countryCode": "CL" }, "geometry": { "type": "MultiPolygon", "coordinates": [ [ [ [ -68.728695679038225, -18.97305278022921 ], [ -68.986520870875069, -19.365502481758327 ], [ -69.463642701989841, -19.230502178069749 ], [ -69.801337977259635, -18.885352997939787 ], [ -69.54297858486936, -18.493654484747207 ], [ -68.948175735111363, -18.446466434874367 ], [ -68.728695679038225, -18.97305278022921 ] ] ] ] } },
{ "type": "Feature", "properties": { "geogrid_id": "7418960370070983345", "seqnum": 12161.0, "lat_c": -18.960370180739169, "lon_c": -70.983345386660915, "res": 8.0, "count_Insects": 0, "count_Flowering Plants": 0, "count_Ferns": 0, "count_Reptiles": 0, "count_Mammals": 1, "count_Amphibians": 0, "count_Birds": 1, "count_Arachnids": 0, "count_Gymnosperms": 0, "count_Basidiomycota": 0, "count_Molluscs": 0, "count_Sac Fungi": 5, "count_Mosses": 0, "unique_species_count": 7.0, "countryCode": "CL" }, "geometry": { "type": "MultiPolygon", "coordinates": [ [ [ [ -70.39393073975225, -18.92570221728591 ], [ -70.655150078562826, -19.317071226444142 ], [ -71.246043248108037, -19.351535283411955 ], [ -71.569902709726534, -18.990040373418193 ], [ -71.307197658829054, -18.598915582032976 ], [ -70.722137098096809, -18.569104225427129 ], [ -70.39393073975225, -18.92570221728591 ] ] ] ] } },
{ "type": "Feature", "properties": { "geogrid_id": "7419036608072735562", "seqnum": 12078.0, "lat_c": -19.036608171649217, "lon_c": -72.735561507366597, "res": 8.0, "count_Insects": 0, "count_Flowering Plants": 0, "count_Ferns": 0, "count_Reptiles": 0, "count_Mammals": 1, "count_Amphibians": 0, "count_Birds": 0, "count_Arachnids": 0, "count_Gymnosperms": 0, "count_Basidiomycota": 0, "count_Molluscs": 0, "count_Sac Fungi": 0, "count_Mosses": 0, "unique_species_count": 1.0, "countryCode": "CL" }, "geometry": { "type": "MultiPolygon", "coordinates": [ [ [ [ -72.153889236580056, -19.015289837744934 ], [ -72.419665260818334, -19.406154673934665 ], [ -73.002921533229042, -19.42734778045379 ], [ -73.315149798030546, -19.054412737959598 ], [ -73.047769260608987, -18.663607441648015 ], [ -72.469763586686398, -18.645702321321409 ], [ -72.153889236580056, -19.015289837744934 ] ] ] ] } },
{ "type": "Feature", "properties": { "geogrid_id": "7419276989070061132", "seqnum": 12243.0, "lat_c": -19.276988715711934, "lon_c": -70.061132374546276, "res": 8.0, "count_Insects": 30, "count_Flowering Plants": 13, "count_Ferns": 0, "count_Reptiles": 4, "count_Mammals": 11, "count_Amphibians": 1, "count_Birds": 71, "count_Arachnids": 2, "count_Gymnosperms": 1, "count_Basidiomycota": 0, "count_Molluscs": 3, "count_Sac Fungi": 0, "count_Mosses": 0, "unique_species_count": 136.0, "countryCode": "CL" }, "geometry": { "type": "MultiPolygon", "coordinates": [ [ [ [ -69.463642701989841, -19.230502178069749 ], [ -69.723521669756977, -19.62244338998687 ], [ -70.322401499256515, -19.668558161595936 ], [ -70.655150078562826, -19.317071226444142 ], [ -70.39393073975225, -18.92570221728591 ], [ -69.801337977259635, -18.885352997939787 ], [ -69.463642701989841, -19.230502178069749 ] ] ] ] } },
{ "type": "Feature", "properties": { "geogrid_id": "7419381043071834122", "seqnum": 12160.0, "lat_c": -19.381042878806923, "lon_c": -71.834122320349735, "res": 8.0, "count_Insects": 0, "count_Flowering Plants": 0, "count_Ferns": 0, "count_Reptiles": 0, "count_Mammals": 1, "count_Amphibians": 0, "count_Birds": 0, "count_Arachnids": 0, "count_Gymnosperms": 0, "count_Basidiomycota": 0, "count_Molluscs": 0, "count_Sac Fungi": 0, "count_Mosses": 0, "unique_species_count": 1.0, "countryCode": "CL" }, "geometry": { "type": "MultiPolygon", "coordinates": [ [ [ [ -71.246043248108037, -19.351535283411955 ], [ -71.510271631990648, -19.742596407248239 ], [ -72.099898134850633, -19.771920200640373 ], [ -72.419665260818334, -19.406154673934665 ], [ -72.153889236580056, -19.015289837744934 ], [ -71.569902709726534, -18.990040373418193 ], [ -71.246043248108037, -19.351535283411955 ] ] ] ] } },
{ "type": "Feature", "properties": { "geogrid_id": "7419493951068505060", "seqnum": 12326.0, "lat_c": -19.493950600831877, "lon_c": -68.505060211340762, "res": 8.0, "count_Insects": 4, "count_Flowering Plants": 18, "count_Ferns": 3, "count_Reptiles": 1, "count_Mammals": 6, "count_Amphibians": 0, "count_Birds": 18, "count_Arachnids": 0, "count_Gymnosperms": 0, "count_Basidiomycota": 0, "count_Molluscs": 0, "count_Sac Fungi": 0, "count_Mosses": 0, "unique_species_count": 50.0, "countryCode": "CL" }, "geometry": { "type": "MultiPolygon", "coordinates": [ [ [ [ -68.019692125253584, -19.616205141347052 ], [ -68.277798647439127, -20.009868954211999 ], [ -68.763727138120871, -19.88693437516212 ], [ -68.986520870875069, -19.365502481758327 ], [ -68.728695679038225, -18.97305278022921 ], [ -68.247803371215909, -19.100924380204255 ], [ -68.019692125253584, -19.616205141347052 ] ] ] ] } },
{ "type": "Feature", "properties": { "geogrid_id": "7419708356070917873", "seqnum": 12242.0, "lat_c": -19.708356230182794, "lon_c": -70.917872954945565, "res": 8.0, "count_Insects": 0, "count_Flowering Plants": 0, "count_Ferns": 0, "count_Reptiles": 0, "count_Mammals": 1, "count_Amphibians": 0, "count_Birds": 0, "count_Arachnids": 0, "count_Gymnosperms": 0, "count_Basidiomycota": 0, "count_Molluscs": 0, "count_Sac Fungi": 0, "count_Mosses": 0, "unique_species_count": 1.0, "countryCode": "CL" }, "geometry": { "type": "MultiPolygon", "coordinates": [ [ [ [ -70.322401499256515, -19.668558161595936 ], [ -70.585185777781135, -20.060057664005537 ], [ -71.182140361449498, -20.099553661861297 ], [ -71.510271631990648, -19.742596407248239 ], [ -71.246043248108037, -19.351535283411955 ], [ -70.655150078562826, -19.317071226444142 ], [ -70.322401499256515, -19.668558161595936 ] ] ] ] } },
{ "type": "Feature", "properties": { "geogrid_id": "7419757907069245774", "seqnum": 12325.0, "lat_c": -19.75790714651173, "lon_c": -69.245774097626821, "res": 8.0, "count_Insects": 35, "count_Flowering Plants": 47, "count_Ferns": 1, "count_Reptiles": 2, "count_Mammals": 10, "count_Amphibians": 1, "count_Birds": 34, "count_Arachnids": 2, "count_Gymnosperms": 0, "count_Basidiomycota": 0, "count_Molluscs": 0, "count_Sac Fungi": 0, "count_Mosses": 0, "unique_species_count": 132.0, "countryCode": "CL" }, "geometry": { "type": "MultiPolygon", "coordinates": [ [ [ [ -68.763727138120871, -19.88693437516212 ], [ -69.023844359072186, -20.279872903146551 ], [ -69.50649539944483, -20.150263445613081 ], [ -69.723521669756977, -19.62244338998687 ], [ -69.463642701989841, -19.230502178069749 ], [ -68.986520870875069, -19.365502481758327 ], [ -68.763727138120871, -19.88693437516212 ] ] ] ] } },
{ "type": "Feature", "properties": { "geogrid_id": "7419796873072687022", "seqnum": 12159.0, "lat_c": -19.796872575137691, "lon_c": -72.687022267860456, "res": 8.0, "count_Insects": 0, "count_Flowering Plants": 0, "count_Ferns": 0, "count_Reptiles": 0, "count_Mammals": 1, "count_Amphibians": 0, "count_Birds": 0, "count_Arachnids": 0, "count_Gymnosperms": 0, "count_Basidiomycota": 0, "count_Molluscs": 0, "count_Sac Fungi": 0, "count_Mosses": 0, "unique_species_count": 1.0, "countryCode": "CL" }, "geometry": { "type": "MultiPolygon", "coordinates": [ [ [ [ -72.099898134850633, -19.771920200640373 ], [ -72.367272465271697, -20.162669149548204 ], [ -72.956003263984044, -20.187440527221408 ], [ -73.271886724414856, -19.817918612799801 ], [ -73.002921533229042, -19.42734778045379 ], [ -72.419665260818334, -19.406154673934665 ], [ -72.099898134850633, -19.771920200640373 ] ] ] ] } },
{ "type": "Feature", "properties": { "geogrid_id": "7420014329069984884", "seqnum": 12324.0, "lat_c": -20.014328753848908, "lon_c": -69.984884036116199, "res": 8.0, "count_Insects": 52, "count_Flowering Plants": 31, "count_Ferns": 0, "count_Reptiles": 5, "count_Mammals": 11, "count_Amphibians": 0, "count_Birds": 51, "count_Arachnids": 13, "count_Gymnosperms": 0, "count_Basidiomycota": 1, "count_Molluscs": 73, "count_Sac Fungi": 1, "count_Mosses": 0, "unique_species_count": 238.0, "countryCode": "CL" }, "geometry": { "type": "MultiPolygon", "coordinates": [ [ [ [ -69.50649539944483, -20.150263445613081 ], [ -69.768725537384555, -20.542567857675898 ], [ -70.247770508283111, -20.406154484671198 ], [ -70.585185777781135, -20.060057664005537 ], [ -70.322401499256515, -19.668558161595936 ], [ -69.723521669756977, -19.62244338998687 ], [ -69.50649539944483, -20.150263445613081 ] ] ] ] } },
{ "type": "Feature", "properties": { "geogrid_id": "7420133550071776072", "seqnum": 12241.0, "lat_c": -20.133550166715086, "lon_c": -71.776072170934299, "res": 8.0, "count_Insects": 0, "count_Flowering Plants": 0, "count_Ferns": 0, "count_Reptiles": 0, "count_Mammals": 1, "count_Amphibians": 0, "count_Birds": 0, "count_Arachnids": 0, "count_Gymnosperms": 0, "count_Basidiomycota": 0, "count_Molluscs": 0, "count_Sac Fungi": 0, "count_Mosses": 0, "unique_species_count": 1.0, "countryCode": "CL" }, "geometry": { "type": "MultiPolygon", "coordinates": [ [ [ [ -71.182140361449498, -20.099553661861297 ], [ -71.447994012214721, -20.490659725167998 ], [ -72.043487208011001, -20.524392914696016 ], [ -72.367272465271697, -20.162669149548204 ], [ -72.099898134850633, -19.771920200640373 ], [ -71.510271631990648, -19.742596407248239 ], [ -71.182140361449498, -20.099553661861297 ] ] ] ] } },
{ "type": "Feature", "properties": { "geogrid_id": "7420403487068537336", "seqnum": 12407.0, "lat_c": -20.403487077735246, "lon_c": -68.537335965059938, "res": 8.0, "count_Insects": 4, "count_Flowering Plants": 25, "count_Ferns": 1, "count_Reptiles": 2, "count_Mammals": 3, "count_Amphibians": 1, "count_Birds": 29, "count_Arachnids": 0, "count_Gymnosperms": 0, "count_Basidiomycota": 0, "count_Molluscs": 0, "count_Sac Fungi": 0, "count_Mosses": 0, "unique_species_count": 65.0, "countryCode": "CL" }, "geometry": { "type": "MultiPolygon", "coordinates": [ [ [ [ -68.047339685409511, -20.521415294718491 ], [ -68.307761881246194, -20.915747248949504 ], [ -68.798345198279875, -20.797057175645332 ], [ -69.023844359072186, -20.279872903146551 ], [ -68.763727138120871, -19.88693437516212 ], [ -68.277798647439127, -20.009868954211999 ], [ -68.047339685409511, -20.521415294718491 ] ] ] ] } },
{ "type": "Feature", "properties": { "geogrid_id": "7420451483070849526", "seqnum": 12323.0, "lat_c": -20.451483350180727, "lon_c": -70.849526364341784, "res": 8.0, "count_Insects": 0, "count_Flowering Plants": 0, "count_Ferns": 0, "count_Reptiles": 0, "count_Mammals": 1, "count_Amphibians": 0, "count_Birds": 4, "count_Arachnids": 0, "count_Gymnosperms": 0, "count_Basidiomycota": 0, "count_Molluscs": 0, "count_Sac Fungi": 0, "count_Mosses": 0, "unique_species_count": 5.0, "countryCode": "CL" }, "geometry": { "type": "MultiPolygon", "coordinates": [ [ [ [ -70.247770508283111, -20.406154484671198 ], [ -70.512222542349235, -20.797916605922037 ], [ -71.1154651655131, -20.842831139766357 ], [ -71.447994012214721, -20.490659725167998 ], [ -71.182140361449498, -20.099553661861297 ], [ -70.585185777781135, -20.060057664005537 ], [ -70.247770508283111, -20.406154484671198 ] ] ] ] } },
{ "type": "Feature", "properties": { "geogrid_id": "7420553286072636288", "seqnum": 12240.0, "lat_c": -20.553286243732998, "lon_c": -72.636288320827688, "res": 8.0, "count_Insects": 0, "count_Flowering Plants": 0, "count_Ferns": 0, "count_Reptiles": 0, "count_Mammals": 1, "count_Amphibians": 0, "count_Birds": 1, "count_Arachnids": 0, "count_Gymnosperms": 0, "count_Basidiomycota": 0, "count_Molluscs": 0, "count_Sac Fungi": 0, "count_Mosses": 0, "unique_species_count": 2.0, "countryCode": "CL" }, "geometry": { "type": "MultiPolygon", "coordinates": [ [ [ [ -72.043487208011001, -20.524392914696016 ], [ -72.312559824323174, -20.915120739464637 ], [ -72.906989437217803, -20.943767707424332 ], [ -73.22665193902921, -20.577855196048546 ], [ -72.956003263984044, -20.187440527221408 ], [ -72.367272465271697, -20.162669149548204 ], [ -72.043487208011001, -20.524392914696016 ] ] ] ] } },
{ "type": "Feature", "properties": { "geogrid_id": "7420672763069285453", "seqnum": 12406.0, "lat_c": -20.672763165735429, "lon_c": -69.285452790386117, "res": 8.0, "count_Insects": 41, "count_Flowering Plants": 43, "count_Ferns": 1, "count_Reptiles": 5, "count_Mammals": 9, "count_Amphibians": 0, "count_Birds": 35, "count_Arachnids": 8, "count_Gymnosperms": 0, "count_Basidiomycota": 1, "count_Molluscs": 0, "count_Sac Fungi": 0, "count_Mosses": 0, "unique_species_count": 143.0, "countryCode": "CL" }, "geometry": { "type": "MultiPolygon", "coordinates": [ [ [ [ -68.798345198279875, -20.797057175645332 ], [ -69.060868188252158, -21.190576654083245 ], [ -69.54859408300986, -21.065601921613325 ], [ -69.768725537384555, -20.542567857675898 ], [ -69.50649539944483, -20.150263445613081 ], [ -69.023844359072186, -20.279872903146551 ], [ -68.798345198279875, -20.797057175645332 ] ] ] ] } },
{ "type": "Feature", "properties": { "geogrid_id": "7420881670071715476", "seqnum": 12322.0, "lat_c": -20.881670389342045, "lon_c": -71.715476368872345, "res": 8.0, "count_Insects": 0, "count_Flowering Plants": 0, "count_Ferns": 0, "count_Reptiles": 0, "count_Mammals": 1, "count_Amphibians": 0, "count_Birds": 0, "count_Arachnids": 0, "count_Gymnosperms": 0, "count_Basidiomycota": 0, "count_Molluscs": 0, "count_Sac Fungi": 0, "count_Mosses": 0, "unique_species_count": 1.0, "countryCode": "CL" }, "geometry": { "type": "MultiPolygon", "coordinates": [ [ [ [ -71.1154651655131, -20.842831139766357 ], [ -71.383044865329452, -21.234096738027041 ], [ -71.984630666888492, -21.272581383843946 ], [ -72.312559824323174, -20.915120739464637 ], [ -72.043487208011001, -20.524392914696016 ], [ -71.447994012214721, -20.490659725167998 ], [ -71.1154651655131, -20.842831139766357 ] ] ] ] } },
{ "type": "Feature", "properties": { "geogrid_id": "7420934817070032506", "seqnum": 12405.0, "lat_c": -20.934816662784385, "lon_c": -70.032506018063714, "res": 8.0, "count_Insects": 11, "count_Flowering Plants": 14, "count_Ferns": 0, "count_Reptiles": 4, "count_Mammals": 9, "count_Amphibians": 0, "count_Birds": 46, "count_Arachnids": 3, "count_Gymnosperms": 1, "count_Basidiomycota": 0, "count_Molluscs": 15, "count_Sac Fungi": 1, "count_Mosses": 0, "unique_species_count": 104.0, "countryCode": "CL" }, "geometry": { "type": "MultiPolygon", "coordinates": [ [ [ [ -69.54859408300986, -21.065601921613325 ], [ -69.813310649223595, -21.458385703275091 ], [ -70.297879118924371, -21.327005936098459 ], [ -70.512222542349235, -20.797916605922037 ], [ -70.247770508283111, -20.406154484671198 ], [ -69.768725537384555, -20.542567857675898 ], [ -69.54859408300986, -21.065601921613325 ] ] ] ] } },
{ "type": "Feature", "properties": { "geogrid_id": "7420968113073499013", "seqnum": 12239.0, "lat_c": -20.968112926997819, "lon_c": -73.499012697330045, "res": 8.0, "count_Insects": 0, "count_Flowering Plants": 0, "count_Ferns": 0, "count_Reptiles": 0, "count_Mammals": 1, "count_Amphibians": 0, "count_Birds": 0, "count_Arachnids": 0, "count_Gymnosperms": 0, "count_Basidiomycota": 0, "count_Molluscs": 0, "count_Sac Fungi": 0, "count_Mosses": 0, "unique_species_count": 1.0, "countryCode": "CL" }, "geometry": { "type": "MultiPolygon", "coordinates": [ [ [ [ -72.906989437217803, -20.943767707424332 ], [ -73.179420306053586, -21.334109468460952 ], [ -73.773130688616959, -21.358209743524061 ], [ -74.088853658390533, -20.988587937868353 ], [ -73.814808066475479, -20.59854208622189 ], [ -73.22665193902921, -20.577855196048546 ], [ -72.906989437217803, -20.943767707424332 ] ] ] ] } },
{ "type": "Feature", "properties": { "geogrid_id": "7421189611070778282", "seqnum": 12404.0, "lat_c": -21.189610942119568, "lon_c": -70.778282367809524, "res": 8.0, "count_Insects": 0, "count_Flowering Plants": 0, "count_Ferns": 0, "count_Reptiles": 0, "count_Mammals": 1, "count_Amphibians": 0, "count_Birds": 1, "count_Arachnids": 0, "count_Gymnosperms": 0, "count_Basidiomycota": 0, "count_Molluscs": 0, "count_Sac Fungi": 0, "count_Mosses": 0, "unique_species_count": 2.0, "countryCode": "CL" }, "geometry": { "type": "MultiPolygon", "coordinates": [ [ [ [ -70.297879118924371, -21.327005936098459 ], [ -70.564887914129272, -21.719131541085932 ], [ -71.045993012761713, -21.581233111155907 ], [ -71.383044865329452, -21.234096738027041 ], [ -71.1154651655131, -20.842831139766357 ], [ -70.512222542349235, -20.797916605922037 ], [ -70.297879118924371, -21.327005936098459 ] ] ] ] } },
{ "type": "Feature", "properties": { "geogrid_id": "7421310027068569678", "seqnum": 12488.0, "lat_c": -21.310026859609192, "lon_c": -68.569677625268184, "res": 8.0, "count_Insects": 9, "count_Flowering Plants": 40, "count_Ferns": 2, "count_Reptiles": 4, "count_Mammals": 5, "count_Amphibians": 1, "count_Birds": 30, "count_Arachnids": 2, "count_Gymnosperms": 0, "count_Basidiomycota": 0, "count_Molluscs": 0, "count_Sac Fungi": 0, "count_Mosses": 0, "unique_species_count": 93.0, "countryCode": "CL" }, "geometry": { "type": "MultiPolygon", "coordinates": [ [ [ [ -68.075342159211786, -21.42422138709183 ], [ -68.338168943506275, -21.819272758752035 ], [ -68.833129694868177, -21.704252007615729 ], [ -69.060868188252158, -21.190576654083245 ], [ -68.798345198279875, -20.797057175645332 ], [ -68.307761881246194, -20.915747248949504 ], [ -68.075342159211786, -21.42422138709183 ] ] ] ] } },
{ "type": "Feature", "properties": { "geogrid_id": "7421584043069324948", "seqnum": 12487.0, "lat_c": -21.584042661071209, "lon_c": -69.324947525127442, "res": 8.0, "count_Insects": 12, "count_Flowering Plants": 8, "count_Ferns": 0, "count_Reptiles": 3, "count_Mammals": 4, "count_Amphibians": 0, "count_Birds": 11, "count_Arachnids": 1, "count_Gymnosperms": 0, "count_Basidiomycota": 0, "count_Molluscs": 0, "count_Sac Fungi": 0, "count_Mosses": 0, "unique_species_count": 39.0, "countryCode": "CL" }, "geometry": { "type": "MultiPolygon", "coordinates": [ [ [ [ -68.833129694868177, -21.704252007615729 ], [ -69.098161633801595, -22.098420278947533 ], [ -69.590626576509479, -21.977452085025888 ], [ -69.813310649223595, -21.458385703275091 ], [ -69.54859408300986, -21.065601921613325 ], [ -69.060868188252158, -21.190576654083245 ], [ -68.833129694868177, -21.704252007615729 ] ] ] ] } },
{ "type": "Feature", "properties": { "geogrid_id": "7421625276071652309", "seqnum": 12403.0, "lat_c": -21.62527562869829, "lon_c": -71.652308951004841, "res": 8.0, "count_Insects": 0, "count_Flowering Plants": 0, "count_Ferns": 0, "count_Reptiles": 0, "count_Mammals": 1, "count_Amphibians": 0, "count_Birds": 0, "count_Arachnids": 0, "count_Gymnosperms": 0, "count_Basidiomycota": 0, "count_Molluscs": 0, "count_Sac Fungi": 0, "count_Mosses": 0, "unique_species_count": 1.0, "countryCode": "CL" }, "geometry": { "type": "MultiPolygon", "coordinates": [ [ [ [ -71.045993012761713, -21.581233111155907 ], [ -71.31539832979945, -21.972778516336536 ], [ -71.923301739294388, -22.016363066471804 ], [ -72.255500942396452, -21.66338819249518 ], [ -71.984630666888492, -21.272581383843946 ], [ -71.383044865329452, -21.234096738027041 ], [ -71.045993012761713, -21.581233111155907 ] ] ] ] } },
{ "type": "Feature", "properties": { "geogrid_id": "7421851111070079646", "seqnum": 12486.0, "lat_c": -21.851110812479778, "lon_c": -70.079645689758706, "res": 8.0, "count_Insects": 8, "count_Flowering Plants": 19, "count_Ferns": 0, "count_Reptiles": 5, "count_Mammals": 3, "count_Amphibians": 0, "count_Birds": 41, "count_Arachnids": 1, "count_Gymnosperms": 0, "count_Basidiomycota": 0, "count_Molluscs": 10, "count_Sac Fungi": 0, "count_Mosses": 0, "unique_species_count": 87.0, "countryCode": "CL" }, "geometry": { "type": "MultiPolygon", "coordinates": [ [ [ [ -69.590626576509479, -21.977452085025888 ], [ -69.857949516412702, -22.37080155238494 ], [ -70.347643221499951, -22.243773315112787 ], [ -70.564887914129272, -21.719131541085932 ], [ -70.297879118924371, -21.327005936098459 ], [ -69.813310649223595, -21.458385703275091 ], [ -69.590626576509479, -21.977452085025888 ] ] ] ] } },
{ "type": "Feature", "properties": { "geogrid_id": "7421929349067840351", "seqnum": 12570.0, "lat_c": -21.929348732004332, "lon_c": -67.840351162655281, "res": 8.0, "count_Insects": 4, "count_Flowering Plants": 14, "count_Ferns": 0, "count_Reptiles": 0, "count_Mammals": 4, "count_Amphibians": 1, "count_Birds": 25, "count_Arachnids": 0, "count_Gymnosperms": 0, "count_Basidiomycota": 0, "count_Molluscs": 1, "count_Sac Fungi": 4, "count_Mosses": 0, "unique_species_count": 53.0, "countryCode": "CL" }, "geometry": { "type": "MultiPolygon", "coordinates": [ [ [ [ -67.339938444747759, -22.034709477439005 ], [ -67.603011709443322, -22.431511816910696 ], [ -68.104086190642477, -22.32522162487653 ], [ -68.338168943506275, -21.819272758752035 ], [ -68.075342159211786, -21.42422138709183 ], [ -67.578154458618584, -21.533412998147657 ], [ -67.339938444747759, -22.034709477439005 ] ] ] ] } },
{ "type": "Feature", "properties": { "geogrid_id": "7422054086072528132", "seqnum": 12402.0, "lat_c": -22.054086047102533, "lon_c": -72.52813205955843, "res": 8.0, "count_Insects": 0, "count_Flowering Plants": 0, "count_Ferns": 0, "count_Reptiles": 0, "count_Mammals": 1, "count_Amphibians": 0, "count_Birds": 0, "count_Arachnids": 0, "count_Gymnosperms": 0, "count_Basidiomycota": 0, "count_Molluscs": 0, "count_Sac Fungi": 0, "count_Mosses": 0, "unique_species_count": 1.0, "countryCode": "CL" }, "geometry": { "type": "MultiPolygon", "coordinates": [ [ [ [ -71.923301739294388, -22.016363066471804 ], [ -72.196068403524819, -22.407354069111037 ], [ -72.802569738495905, -22.444669920578665 ], [ -73.130165617701124, -22.08657150431349 ], [ -72.855853976730728, -21.696214626160966 ], [ -72.255500942396452, -21.66338819249518 ], [ -71.923301739294388, -22.016363066471804 ] ] ] ] } },
{ "type": "Feature", "properties": { "geogrid_id": "7422111189070833576", "seqnum": 12485.0, "lat_c": -22.111189122382324, "lon_c": -70.833576301121425, "res": 8.0, "count_Insects": 0, "count_Flowering Plants": 0, "count_Ferns": 0, "count_Reptiles": 0, "count_Mammals": 1, "count_Amphibians": 0, "count_Birds": 2, "count_Arachnids": 0, "count_Gymnosperms": 0, "count_Basidiomycota": 0, "count_Molluscs": 0, "count_Sac Fungi": 0, "count_Mosses": 0, "unique_species_count": 3.0, "countryCode": "CL" }, "geometry": { "type": "MultiPolygon", "coordinates": [ [ [ [ -70.347643221499951, -22.243773315112787 ], [ -70.617348105811871, -22.636369035480346 ], [ -71.103989027876437, -22.503174098276446 ], [ -71.31539832979945, -21.972778516336536 ], [ -71.045993012761713, -21.581233111155907 ], [ -70.564887914129272, -21.719131541085932 ], [ -70.347643221499951, -22.243773315112787 ] ] ] ] } },
{ "type": "Feature", "properties": { "geogrid_id": "7422214265068602555", "seqnum": 12569.0, "lat_c": -22.214265034761539, "lon_c": -68.602555035120758, "res": 8.0, "count_Insects": 31, "count_Flowering Plants": 63, "count_Ferns": 1, "count_Reptiles": 8, "count_Mammals": 8, "count_Amphibians": 1, "count_Birds": 68, "count_Arachnids": 5, "count_Gymnosperms": 1, "count_Basidiomycota": 1, "count_Molluscs": 0, "count_Sac Fungi": 0, "count_Mosses": 0, "unique_species_count": 187.0, "countryCode": "CL" }, "geometry": { "type": "MultiPolygon", "coordinates": [ [ [ [ -68.104086190642477, -22.32522162487653 ], [ -68.369404160679579, -22.721030502820799 ], [ -68.86854492768714, -22.609196248282764 ], [ -69.098161633801595, -22.098420278947533 ], [ -68.833129694868177, -21.704252007615729 ], [ -68.338168943506275, -21.819272758752035 ], [ -68.104086190642477, -22.32522162487653 ] ] ] ] } },
{ "type": "Feature", "properties": { "geogrid_id": "7422364242071586543", "seqnum": 12484.0, "lat_c": -22.364242338122541, "lon_c": -71.586543022622266, "res": 8.0, "count_Insects": 0, "count_Flowering Plants": 0, "count_Ferns": 0, "count_Reptiles": 0, "count_Mammals": 1, "count_Amphibians": 0, "count_Birds": 1, "count_Arachnids": 0, "count_Gymnosperms": 0, "count_Basidiomycota": 0, "count_Molluscs": 0, "count_Sac Fungi": 0, "count_Mosses": 0, "unique_species_count": 2.0, "countryCode": "CL" }, "geometry": { "type": "MultiPolygon", "coordinates": [ [ [ [ -71.103989027876437, -22.503174098276446 ], [ -71.376171720876158, -22.895081652818032 ], [ -71.859472673385298, -22.755619525562633 ], [ -72.196068403524819, -22.407354069111037 ], [ -71.923301739294388, -22.016363066471804 ], [ -71.31539832979945, -21.972778516336536 ], [ -71.103989027876437, -22.503174098276446 ] ] ] ] } },
{ "type": "Feature", "properties": { "geogrid_id": "7422492529069364818", "seqnum": 12568.0, "lat_c": -22.492528965469287, "lon_c": -69.364817782267679, "res": 8.0, "count_Insects": 11, "count_Flowering Plants": 20, "count_Ferns": 0, "count_Reptiles": 6, "count_Mammals": 1, "count_Amphibians": 0, "count_Birds": 35, "count_Arachnids": 3, "count_Gymnosperms": 0, "count_Basidiomycota": 0, "count_Molluscs": 1, "count_Sac Fungi": 0, "count_Mosses": 0, "unique_species_count": 77.0, "countryCode": "CL" }, "geometry": { "type": "MultiPolygon", "coordinates": [ [ [ [ -68.86854492768714, -22.609196248282764 ], [ -69.136183934174682, -23.00406410543248 ], [ -69.633143307494962, -22.886575064636336 ], [ -69.857949516412702, -22.37080155238494 ], [ -69.590626576509479, -21.977452085025888 ], [ -69.098161633801595, -22.098420278947533 ], [ -68.86854492768714, -22.609196248282764 ] ] ] ] } },
{ "type": "Feature", "properties": { "geogrid_id": "7422764087070126961", "seqnum": 12567.0, "lat_c": -22.76408742440459, "lon_c": -70.126961354772888, "res": 8.0, "count_Insects": 4, "count_Flowering Plants": 30, "count_Ferns": 0, "count_Reptiles": 4, "count_Mammals": 4, "count_Amphibians": 0, "count_Birds": 30, "count_Arachnids": 8, "count_Gymnosperms": 0, "count_Basidiomycota": 0, "count_Molluscs": 11, "count_Sac Fungi": 0, "count_Mosses": 0, "unique_species_count": 91.0, "countryCode": "CL" }, "geometry": { "type": "MultiPolygon", "coordinates": [ [ [ [ -69.633143307494962, -22.886575064636336 ], [ -69.903184234886055, -23.280555278157095 ], [ -70.397707967559711, -23.157305793176256 ], [ -70.617348105811871, -22.636369035480346 ], [ -70.347643221499951, -22.243773315112787 ], [ -69.857949516412702, -22.37080155238494 ], [ -69.633143307494962, -22.886575064636336 ] ] ] ] } },
{ "type": "Feature", "properties": { "geogrid_id": "7422798243072470655", "seqnum": 12483.0, "lat_c": -22.798243409191333, "lon_c": -72.470655001321447, "res": 8.0, "count_Insects": 0, "count_Flowering Plants": 0, "count_Ferns": 0, "count_Reptiles": 0, "count_Mammals": 1, "count_Amphibians": 0, "count_Birds": 0, "count_Arachnids": 0, "count_Gymnosperms": 0, "count_Basidiomycota": 0, "count_Molluscs": 0, "count_Sac Fungi": 0, "count_Mosses": 0, "unique_species_count": 1.0, "countryCode": "CL" }, "geometry": { "type": "MultiPolygon", "coordinates": [ [ [ [ -71.859472673385298, -22.755619525562633 ], [ -72.134233770812642, -23.146904787401457 ], [ -72.747108503058669, -23.189025605457424 ], [ -73.078860583825701, -22.835134519566783 ], [ -72.802569738495905, -22.444669920578665 ], [ -72.196068403524819, -22.407354069111037 ], [ -71.859472673385298, -22.755619525562633 ] ] ] ] } },
{ "type": "Feature", "properties": { "geogrid_id": "7422828246067867647", "seqnum": 12651.0, "lat_c": -22.828246040621814, "lon_c": -67.867646828968503, "res": 8.0, "count_Insects": 50, "count_Flowering Plants": 108, "count_Ferns": 1, "count_Reptiles": 6, "count_Mammals": 14, "count_Amphibians": 1, "count_Birds": 79, "count_Arachnids": 6, "count_Gymnosperms": 3, "count_Basidiomycota": 0, "count_Molluscs": 0, "count_Sac Fungi": 0, "count_Mosses": 1, "unique_species_count": 269.0, "countryCode": "CL" }, "geometry": { "type": "MultiPolygon", "coordinates": [ [ [ [ -67.363504122417254, -22.93104514107441 ], [ -67.629027295409315, -23.328672570737126 ], [ -68.13388931654822, -23.224911403110145 ], [ -68.369404160679579, -22.721030502820799 ], [ -68.104086190642477, -22.32522162487653 ], [ -67.603011709443322, -22.431511816910696 ], [ -67.363504122417254, -22.93104514107441 ] ] ] ] } },
{ "type": "Feature", "properties": { "geogrid_id": "7423028894070888806", "seqnum": 12566.0, "lat_c": -23.028893550054971, "lon_c": -70.888806077528841, "res": 8.0, "count_Insects": 7, "count_Flowering Plants": 3, "count_Ferns": 0, "count_Reptiles": 2, "count_Mammals": 5, "count_Amphibians": 0, "count_Birds": 47, "count_Arachnids": 2, "count_Gymnosperms": 0, "count_Basidiomycota": 0, "count_Molluscs": 14, "count_Sac Fungi": 0, "count_Mosses": 0, "unique_species_count": 80.0, "countryCode": "CL" }, "geometry": { "type": "MultiPolygon", "coordinates": [ [ [ [ -70.397707967559711, -23.157305793176256 ], [ -70.670236127537933, -23.550452476901715 ], [ -71.162063774646484, -23.421342180685787 ], [ -71.376171720876158, -22.895081652818032 ], [ -71.103989027876437, -22.503174098276446 ], [ -70.617348105811871, -22.636369035480346 ], [ -70.397707967559711, -23.157305793176256 ] ] ] ] } },
{ "type": "Feature", "properties": { "geogrid_id": "7423116774068636351", "seqnum": 12650.0, "lat_c": -23.116773830573184, "lon_c": -68.636350504742197, "res": 8.0, "count_Insects": 8, "count_Flowering Plants": 19, "count_Ferns": 0, "count_Reptiles": 3, "count_Mammals": 3, "count_Amphibians": 0, "count_Birds": 18, "count_Arachnids": 1, "count_Gymnosperms": 2, "count_Basidiomycota": 0, "count_Molluscs": 0, "count_Sac Fungi": 0, "count_Mosses": 0, "unique_species_count": 54.0, "countryCode": "CL" }, "geometry": { "type": "MultiPolygon", "coordinates": [ [ [ [ -68.13388931654822, -23.224911403110145 ], [ -68.401785529358108, -23.621506770151402 ], [ -68.904971501160205, -23.512449715874936 ], [ -69.136183934174682, -23.00406410543248 ], [ -68.86854492768714, -22.609196248282764 ], [ -68.369404160679579, -22.721030502820799 ], [ -68.13388931654822, -23.224911403110145 ] ] ] ] } },
{ "type": "Feature", "properties": { "geogrid_id": "7423225474073357052", "seqnum": 12482.0, "lat_c": -23.225474276574168, "lon_c": -73.357052113837156, "res": 8.0, "count_Insects": 0, "count_Flowering Plants": 0, "count_Ferns": 0, "count_Reptiles": 0, "count_Mammals": 1, "count_Amphibians": 0, "count_Birds": 0, "count_Arachnids": 0, "count_Gymnosperms": 0, "count_Basidiomycota": 0, "count_Molluscs": 0, "count_Sac Fungi": 0, "count_Mosses": 0, "unique_species_count": 1.0, "countryCode": "CL" }, "geometry": { "type": "MultiPolygon", "coordinates": [ [ [ [ -72.747108503058669, -23.189025605457424 ], [ -73.025476821060664, -23.579694913789734 ], [ -73.63719279034423, -23.61568334161624 ], [ -73.964317319001509, -23.256820813458592 ], [ -73.684349636343285, -22.866880051099365 ], [ -73.078860583825701, -22.835134519566783 ], [ -72.747108503058669, -23.189025605457424 ] ] ] ] } },
{ "type": "Feature", "properties": { "geogrid_id": "7423286907071650171", "seqnum": 12565.0, "lat_c": -23.286906727541801, "lon_c": -71.650170913832682, "res": 8.0, "count_Insects": 0, "count_Flowering Plants": 0, "count_Ferns": 0, "count_Reptiles": 0, "count_Mammals": 1, "count_Amphibians": 0, "count_Birds": 0, "count_Arachnids": 0, "count_Gymnosperms": 0, "count_Basidiomycota": 0, "count_Molluscs": 0, "count_Sac Fungi": 0, "count_Mosses": 0, "unique_species_count": 1.0, "countryCode": "CL" }, "geometry": { "type": "MultiPolygon", "coordinates": [ [ [ [ -71.162063774646484, -23.421342180685787 ], [ -71.437168768751619, -23.813709987283577 ], [ -71.926034077191133, -23.678644012800675 ], [ -72.134233770812642, -23.146904787401457 ], [ -71.859472673385298, -22.755619525562633 ], [ -71.376171720876158, -22.895081652818032 ], [ -71.162063774646484, -23.421342180685787 ] ] ] ] } },
{ "type": "Feature", "properties": { "geogrid_id": "7423371748078750000", "seqnum": 12233.0, "lat_c": -23.371747617767241, "lon_c": -78.749999999725929, "res": 8.0, "count_Insects": 0, "count_Flowering Plants": 0, "count_Ferns": 0, "count_Reptiles": 0, "count_Mammals": 0, "count_Amphibians": 0, "count_Birds": 1, "count_Arachnids": 0, "count_Gymnosperms": 0, "count_Basidiomycota": 0, "count_Molluscs": 0, "count_Sac Fungi": 0, "count_Mosses": 0, "unique_species_count": 1.0, "countryCode": "CL" }, "geometry": { "type": "MultiPolygon", "coordinates": [ [ [ [ -78.157294488975097, -23.36782538099142 ], [ -78.45252250200646, -23.755027552999703 ], [ -79.047477496700139, -23.755027547879742 ], [ -79.342705509738423, -23.367825375915093 ], [ -79.044947243688128, -22.984615625530882 ], [ -78.455052755065481, -22.984615630653835 ], [ -78.157294488975097, -23.36782538099142 ] ] ] ] } },
{ "type": "Feature", "properties": { "geogrid_id": "7423398866069405518", "seqnum": 12649.0, "lat_c": -23.398865986764491, "lon_c": -69.405518218848655, "res": 8.0, "count_Insects": 14, "count_Flowering Plants": 4, "count_Ferns": 0, "count_Reptiles": 2, "count_Mammals": 0, "count_Amphibians": 0, "count_Birds": 13, "count_Arachnids": 2, "count_Gymnosperms": 0, "count_Basidiomycota": 17, "count_Molluscs": 4, "count_Sac Fungi": 7, "count_Mosses": 0, "unique_species_count": 63.0, "countryCode": "CL" }, "geometry": { "type": "MultiPolygon", "coordinates": [ [ [ [ -68.904971501160205, -23.512449715874936 ], [ -69.175314307722573, -23.908055912353348 ], [ -69.676594829831288, -23.793598947538339 ], [ -69.903184234886055, -23.280555278157095 ], [ -69.633143307494962, -22.886575064636336 ], [ -69.136183934174682, -23.00406410543248 ], [ -68.904971501160205, -23.512449715874936 ] ] ] ] } },
{ "type": "Feature", "properties": { "geogrid_id": "7423428242067121973", "seqnum": 12733.0, "lat_c": -23.42824233279303, "lon_c": -67.121973477872032, "res": 8.0, "count_Insects": 1, "count_Flowering Plants": 9, "count_Ferns": 0, "count_Reptiles": 1, "count_Mammals": 5, "count_Amphibians": 1, "count_Birds": 14, "count_Arachnids": 0, "count_Gymnosperms": 0, "count_Basidiomycota": 0, "count_Molluscs": 0, "count_Sac Fungi": 0, "count_Mosses": 0, "unique_species_count": 31.0, "countryCode": "CL" }, "geometry": { "type": "MultiPolygon", "coordinates": [ [ [ [ -66.612920382379428, -23.523795570117532 ], [ -66.87853544047951, -23.923362093517742 ], [ -67.388369875410717, -23.826788516870089 ], [ -67.629027295409315, -23.328672570737126 ], [ -67.363504122417254, -22.93104514107441 ], [ -66.857188646366879, -23.029618767698469 ], [ -66.612920382379428, -23.523795570117532 ] ] ] ] } },
{ "type": "Feature", "properties": { "geogrid_id": "7423674466070174987", "seqnum": 12648.0, "lat_c": -23.674466009680849, "lon_c": -70.174987479774018, "res": 8.0, "count_Insects": 101, "count_Flowering Plants": 130, "count_Ferns": 3, "count_Reptiles": 9, "count_Mammals": 10, "count_Amphibians": 0, "count_Birds": 117, "count_Arachnids": 19, "count_Gymnosperms": 1, "count_Basidiomycota": 0, "count_Molluscs": 39, "count_Sac Fungi": 4, "count_Mosses": 0, "unique_species_count": 433.0, "countryCode": "CL" }, "geometry": { "type": "MultiPolygon", "coordinates": [ [ [ [ -69.676594829831288, -23.793598947538339 ], [ -69.949461732317133, -24.18825971685494 ], [ -70.448600879840754, -24.0683033615677 ], [ -70.670236127537933, -23.550452476901715 ], [ -70.397707967559711, -23.157305793176256 ], [ -69.903184234886055, -23.280555278157095 ], [ -69.676594829831288, -23.793598947538339 ] ] ] ] } },
{ "type": "Feature", "properties": { "geogrid_id": "7423713540081440206", "seqnum": 38474.0, "lat_c": -23.713539937495632, "lon_c": -81.440206079504478, "res": 8.0, "count_Insects": 0, "count_Flowering Plants": 0, "count_Ferns": 0, "count_Reptiles": 1, "count_Mammals": 1, "count_Amphibians": 0, "count_Birds": 0, "count_Arachnids": 0, "count_Gymnosperms": 0, "count_Basidiomycota": 0, "count_Molluscs": 0, "count_Sac Fungi": 0, "count_Mosses": 0, "unique_species_count": 2.0, "countryCode": "CL" }, "geometry": { "type": "MultiPolygon", "coordinates": [ [ [ [ -80.839632465520779, -23.728458306296798 ], [ -81.15053644087979, -24.101987941510743 ], [ -81.754877342498929, -24.083978748146755 ], [ -82.04262932340032, -23.695147419088336 ], [ -81.727747650261279, -23.324872307808803 ], [ -81.129077546358076, -23.340149410665049 ], [ -80.839632465520779, -23.728458306296798 ] ] ] ] } },
{ "type": "Feature", "properties": { "geogrid_id": "7423726227067896183", "seqnum": 12732.0, "lat_c": -23.72622661873676, "lon_c": -67.896183123827583, "res": 8.0, "count_Insects": 16, "count_Flowering Plants": 48, "count_Ferns": 0, "count_Reptiles": 4, "count_Mammals": 9, "count_Amphibians": 1, "count_Birds": 51, "count_Arachnids": 1, "count_Gymnosperms": 1, "count_Basidiomycota": 0, "count_Molluscs": 1, "count_Sac Fungi": 0, "count_Mosses": 0, "unique_species_count": 132.0, "countryCode": "CL" }, "geometry": { "type": "MultiPolygon", "coordinates": [ [ [ [ -67.388369875410717, -23.826788516870089 ], [ -67.656425102209241, -24.225257299153917 ], [ -68.165018878858703, -24.123706513135254 ], [ -68.401785529358108, -23.621506770151402 ], [ -68.13388931654822, -23.224911403110145 ], [ -67.629027295409315, -23.328672570737126 ], [ -67.388369875410717, -23.826788516870089 ] ] ] ] } },
{ "type": "Feature", "properties": { "geogrid_id": "7423748968077856591", "seqnum": 12315.0, "lat_c": -23.748967739782859, "lon_c": -77.856590641688726, "res": 8.0, "count_Insects": 0, "count_Flowering Plants": 0, "count_Ferns": 0, "count_Reptiles": 0, "count_Mammals": 1, "count_Amphibians": 0, "count_Birds": 0, "count_Arachnids": 0, "count_Gymnosperms": 0, "count_Basidiomycota": 0, "count_Molluscs": 0, "count_Sac Fungi": 0, "count_Mosses": 0, "unique_species_count": 1.0, "countryCode": "CL" }, "geometry": { "type": "MultiPolygon", "coordinates": [ [ [ [ -77.259250834072773, -23.740184650637062 ], [ -77.552802630157274, -24.127869346683934 ], [ -78.152101054055777, -24.136262994855652 ], [ -78.45252250200646, -23.755027552999703 ], [ -78.157294488975097, -23.36782538099142 ], [ -77.56329974897767, -23.361387703553778 ], [ -77.259250834072773, -23.740184650637062 ] ] ] ] } },
{ "type": "Feature", "properties": { "geogrid_id": "7423943523070944594", "seqnum": 12647.0, "lat_c": -23.943523014459089, "lon_c": -70.944593535722063, "res": 8.0, "count_Insects": 1, "count_Flowering Plants": 0, "count_Ferns": 0, "count_Reptiles": 0, "count_Mammals": 2, "count_Amphibians": 0, "count_Birds": 5, "count_Arachnids": 0, "count_Gymnosperms": 0, "count_Basidiomycota": 0, "count_Molluscs": 0, "count_Sac Fungi": 0, "count_Mosses": 0, "unique_species_count": 8.0, "countryCode": "CL" }, "geometry": { "type": "MultiPolygon", "coordinates": [ [ [ [ -70.448600879840754, -24.0683033615677 ], [ -70.724073228245899, -24.462063130788103 ], [ -71.220828853568094, -24.336512659285461 ], [ -71.437168768751619, -23.813709987283577 ], [ -71.162063774646484, -23.421342180685787 ], [ -70.670236127537933, -23.550452476901715 ], [ -70.448600879840754, -24.0683033615677 ] ] ] ] } },
{ "type": "Feature", "properties": { "geogrid_id": "7423970245073305809", "seqnum": 12563.0, "lat_c": -23.970245317769418, "lon_c": -73.305808839579242, "res": 8.0, "count_Insects": 0, "count_Flowering Plants": 0, "count_Ferns": 0, "count_Reptiles": 0, "count_Mammals": 0, "count_Amphibians": 0, "count_Birds": 2, "count_Arachnids": 0, "count_Gymnosperms": 0, "count_Basidiomycota": 0, "count_Molluscs": 0, "count_Sac Fungi": 0, "count_Mosses": 0, "unique_species_count": 2.0, "countryCode": "CL" }, "geometry": { "type": "MultiPolygon", "coordinates": [ [ [ [ -72.689440967618253, -23.929177112003099 ], [ -72.969984841481804, -24.320152305889412 ], [ -73.588154445575285, -24.360670518830958 ], [ -73.919332049245469, -24.005755573370418 ], [ -73.63719279034423, -23.61568334161624 ], [ -73.025476821060664, -23.579694913789734 ], [ -72.689440967618253, -23.929177112003099 ] ] ] ] } },
{ "type": "Feature", "properties": { "geogrid_id": "7424018031068671383", "seqnum": 12731.0, "lat_c": -24.018030624181268, "lon_c": -68.671382701876126, "res": 8.0, "count_Insects": 2, "count_Flowering Plants": 3, "count_Ferns": 0, "count_Reptiles": 4, "count_Mammals": 2, "count_Amphibians": 0, "count_Birds": 15, "count_Arachnids": 0, "count_Gymnosperms": 0, "count_Basidiomycota": 0, "count_Molluscs": 0, "count_Sac Fungi": 0, "count_Mosses": 0, "unique_species_count": 26.0, "countryCode": "CL" }, "geometry": { "type": "MultiPolygon", "coordinates": [ [ [ [ -68.165018878858703, -24.123706513135254 ], [ -68.435582743496411, -24.521111076057711 ], [ -68.94272897996261, -24.414481068182965 ], [ -69.175314307722573, -23.908055912353348 ], [ -68.904971501160205, -23.512449715874936 ], [ -68.401785529358108, -23.621506770151402 ], [ -68.165018878858703, -24.123706513135254 ] ] ] ] } },
{ "type": "Feature", "properties": { "geogrid_id": "7424062184082361221", "seqnum": 38473.0, "lat_c": -24.062183966155924, "lon_c": -82.361220678259414, "res": 8.0, "count_Insects": 0, "count_Flowering Plants": 0, "count_Ferns": 0, "count_Reptiles": 0, "count_Mammals": 1, "count_Amphibians": 0, "count_Birds": 0, "count_Arachnids": 0, "count_Gymnosperms": 0, "count_Basidiomycota": 0, "count_Molluscs": 0, "count_Sac Fungi": 0, "count_Mosses": 0, "unique_species_count": 1.0, "countryCode": "CL" }, "geometry": { "type": "MultiPolygon", "coordinates": [ [ [ [ -81.754877342498929, -24.083978748146755 ], [ -82.073249457799392, -24.451224525558349 ], [ -82.683685321013755, -24.425717213450824 ], [ -82.969750685101587, -24.036245772156246 ], [ -82.6470753756101, -23.67295991159358 ], [ -82.04262932340032, -23.695147419088336 ], [ -81.754877342498929, -24.083978748146755 ] ] ] ] } },
{ "type": "Feature", "properties": { "geogrid_id": "7424141923078750000", "seqnum": 12314.0, "lat_c": -24.141923405496946, "lon_c": -78.749999999709473, "res": 8.0, "count_Insects": 0, "count_Flowering Plants": 0, "count_Ferns": 0, "count_Reptiles": 0, "count_Mammals": 1, "count_Amphibians": 0, "count_Birds": 1, "count_Arachnids": 0, "count_Gymnosperms": 0, "count_Basidiomycota": 0, "count_Molluscs": 0, "count_Sac Fungi": 0, "count_Mosses": 0, "unique_species_count": 2.0, "countryCode": "CL" }, "geometry": { "type": "MultiPolygon", "coordinates": [ [ [ [ -78.152101054055777, -24.136262994855652 ], [ -78.449885620412815, -24.523266249017659 ], [ -79.050114378246334, -24.523266243900839 ], [ -79.347898944609824, -24.136262989782846 ], [ -79.047477496700139, -23.755027547879742 ], [ -78.45252250200646, -23.755027552999703 ], [ -78.152101054055777, -24.136262994855652 ] ] ] ] } },
{ "type": "Feature", "properties": { "geogrid_id": "7424205992071714170", "seqnum": 12646.0, "lat_c": -24.205991759986524, "lon_c": -71.714169596226895, "res": 8.0, "count_Insects": 0, "count_Flowering Plants": 0, "count_Ferns": 0, "count_Reptiles": 0, "count_Mammals": 2, "count_Amphibians": 0, "count_Birds": 1, "count_Arachnids": 0, "count_Gymnosperms": 0, "count_Basidiomycota": 0, "count_Molluscs": 0, "count_Sac Fungi": 0, "count_Mosses": 0, "unique_species_count": 3.0, "countryCode": "CL" }, "geometry": { "type": "MultiPolygon", "coordinates": [ [ [ [ -71.220828853568094, -24.336512659285461 ], [ -71.498991735944728, -24.729416372596209 ], [ -71.993115790265719, -24.598182010809595 ], [ -72.203809648440327, -24.070287938699444 ], [ -71.926034077191133, -23.678644012800675 ], [ -71.437168768751619, -23.813709987283577 ], [ -71.220828853568094, -24.336512659285461 ] ] ] ] } },
{ "type": "Feature", "properties": { "geogrid_id": "7424303590069447427", "seqnum": 12730.0, "lat_c": -24.303589821060907, "lon_c": -69.44742699545786, "res": 8.0, "count_Insects": 2, "count_Flowering Plants": 4, "count_Ferns": 0, "count_Reptiles": 2, "count_Mammals": 2, "count_Amphibians": 0, "count_Birds": 6, "count_Arachnids": 3, "count_Gymnosperms": 0, "count_Basidiomycota": 0, "count_Molluscs": 5, "count_Sac Fungi": 0, "count_Mosses": 0, "unique_species_count": 24.0, "countryCode": "CL" }, "geometry": { "type": "MultiPolygon", "coordinates": [ [ [ [ -68.94272897996261, -24.414481068182965 ], [ -69.215873455712497, -24.810855828146462 ], [ -69.721358583139903, -24.699048490761555 ], [ -69.949461732317133, -24.18825971685494 ], [ -69.676594829831288, -23.793598947538339 ], [ -69.175314307722573, -23.908055912353348 ], [ -68.94272897996261, -24.414481068182965 ] ] ] ] } },
{ "type": "Feature", "properties": { "geogrid_id": "7424461833072483547", "seqnum": 12645.0, "lat_c": -24.461832665618655, "lon_c": -72.483547063259877, "res": 8.0, "count_Insects": 0, "count_Flowering Plants": 0, "count_Ferns": 0, "count_Reptiles": 0, "count_Mammals": 1, "count_Amphibians": 0, "count_Birds": 1, "count_Arachnids": 0, "count_Gymnosperms": 0, "count_Basidiomycota": 0, "count_Molluscs": 0, "count_Sac Fungi": 0, "count_Mosses": 0, "unique_species_count": 2.0, "countryCode": "CL" }, "geometry": { "type": "MultiPolygon", "coordinates": [ [ [ [ -71.993115790265719, -24.598182010809595 ], [ -72.274057913732534, -24.990274964777353 ], [ -72.765296787532591, -24.8532720743172 ], [ -72.969984841481804, -24.320152305889412 ], [ -72.689440967618253, -23.929177112003099 ], [ -72.203809648440327, -24.070287938699444 ], [ -71.993115790265719, -24.598182010809595 ] ] ] ] } },
{ "type": "Feature", "properties": { "geogrid_id": "7424515284077848598", "seqnum": 12396.0, "lat_c": -24.51528388399786, "lon_c": -77.848597825737883, "res": 8.0, "count_Insects": 0, "count_Flowering Plants": 0, "count_Ferns": 0, "count_Reptiles": 0, "count_Mammals": 1, "count_Amphibians": 0, "count_Birds": 0, "count_Arachnids": 0, "count_Gymnosperms": 0, "count_Basidiomycota": 0, "count_Molluscs": 0, "count_Sac Fungi": 0, "count_Mosses": 0, "unique_species_count": 1.0, "countryCode": "CL" }, "geometry": { "type": "MultiPolygon", "coordinates": [ [ [ [ -77.245787818818741, -24.50434512840933 ], [ -77.541870982657116, -24.891908812202857 ], [ -78.146691504961368, -24.902420784900706 ], [ -78.449885620412815, -24.523266249017659 ], [ -78.152101054055777, -24.136262994855652 ], [ -77.552802630157274, -24.127869346683934 ], [ -77.245787818818741, -24.50434512840933 ] ] ] ] } },
{ "type": "Feature", "properties": { "geogrid_id": "7424515284079651402", "seqnum": 38638.0, "lat_c": -24.515283878972998, "lon_c": -79.651402172885994, "res": 8.0, "count_Insects": 0, "count_Flowering Plants": 0, "count_Ferns": 0, "count_Reptiles": 0, "count_Mammals": 1, "count_Amphibians": 0, "count_Birds": 0, "count_Arachnids": 0, "count_Gymnosperms": 0, "count_Basidiomycota": 0, "count_Molluscs": 0, "count_Sac Fungi": 0, "count_Mosses": 0, "unique_species_count": 1.0, "countryCode": "CL" }, "geometry": { "type": "MultiPolygon", "coordinates": [ [ [ [ -79.050114378246334, -24.523266243900839 ], [ -79.353308493655874, -24.902420779831584 ], [ -79.958129015924285, -24.891908807226777 ], [ -80.254212179770121, -24.504345123477609 ], [ -79.947197368473866, -24.127869341703178 ], [ -79.347898944609824, -24.136262989782846 ], [ -79.050114378246334, -24.523266243900839 ] ] ] ] } },
{ "type": "Feature", "properties": { "geogrid_id": "7424582845070224168", "seqnum": 12729.0, "lat_c": -24.582844695728014, "lon_c": -70.224167842493259, "res": 8.0, "count_Insects": 16, "count_Flowering Plants": 120, "count_Ferns": 3, "count_Reptiles": 8, "count_Mammals": 5, "count_Amphibians": 0, "count_Birds": 23, "count_Arachnids": 10, "count_Gymnosperms": 0, "count_Basidiomycota": 3, "count_Molluscs": 2, "count_Sac Fungi": 0, "count_Mosses": 0, "unique_species_count": 190.0, "countryCode": "CL" }, "geometry": { "type": "MultiPolygon", "coordinates": [ [ [ [ -69.721358583139903, -24.699048490761555 ], [ -69.997159072566475, -25.094428617040133 ], [ -70.500763062213835, -24.977349954149631 ], [ -70.724073228245899, -24.462063130788103 ], [ -70.448600879840754, -24.0683033615677 ], [ -69.949461732317133, -24.18825971685494 ], [ -69.721358583139903, -24.699048490761555 ] ] ] ] } },
{ "type": "Feature", "properties": { "geogrid_id": "7424711012073252556", "seqnum": 12644.0, "lat_c": -24.711011816136473, "lon_c": -73.252555772941832, "res": 8.0, "count_Insects": 0, "count_Flowering Plants": 0, "count_Ferns": 0, "count_Reptiles": 0, "count_Mammals": 0, "count_Amphibians": 0, "count_Birds": 1, "count_Arachnids": 0, "count_Gymnosperms": 0, "count_Basidiomycota": 0, "count_Molluscs": 0, "count_Sac Fungi": 0, "count_Mosses": 0, "unique_species_count": 1.0, "countryCode": "CL" }, "geometry": { "type": "MultiPolygon", "coordinates": [ [ [ [ -72.765296787532591, -24.8532720743172 ], [ -73.049110350251539, -25.244599755600788 ], [ -73.537205233694991, -25.101749004235323 ], [ -73.872564560330318, -24.750963925989844 ], [ -73.588154445575285, -24.360670518830958 ], [ -72.969984841481804, -24.320152305889412 ], [ -72.765296787532591, -24.8532720743172 ] ] ] ] } },
{ "type": "Feature", "properties": { "geogrid_id": "7424815019082395485", "seqnum": 38554.0, "lat_c": -24.815018909811563, "lon_c": -82.39548463595122, "res": 8.0, "count_Insects": 0, "count_Flowering Plants": 0, "count_Ferns": 0, "count_Reptiles": 1, "count_Mammals": 0, "count_Amphibians": 0, "count_Birds": 0, "count_Arachnids": 0, "count_Gymnosperms": 0, "count_Basidiomycota": 0, "count_Molluscs": 0, "count_Sac Fungi": 0, "count_Mosses": 0, "unique_species_count": 1.0, "countryCode": "CL" }, "geometry": { "type": "MultiPolygon", "coordinates": [ [ [ [ -81.783109042612665, -24.840074616568717 ], [ -82.105095491825637, -25.204143649318546 ], [ -82.721749045115629, -25.175085281445028 ], [ -83.01019088159147, -24.7854634540086 ], [ -82.683685321013755, -24.425717213450824 ], [ -82.073249457799392, -24.451224525558349 ], [ -81.783109042612665, -24.840074616568717 ] ] ] ] } },
{ "type": "Feature", "properties": { "geogrid_id": "7424855741071001454", "seqnum": 12728.0, "lat_c": -24.855740803991154, "lon_c": -71.001454307513853, "res": 8.0, "count_Insects": 0, "count_Flowering Plants": 0, "count_Ferns": 0, "count_Reptiles": 0, "count_Mammals": 2, "count_Amphibians": 0, "count_Birds": 6, "count_Arachnids": 0, "count_Gymnosperms": 0, "count_Basidiomycota": 0, "count_Molluscs": 0, "count_Sac Fungi": 0, "count_Mosses": 0, "unique_species_count": 8.0, "countryCode": "CL" }, "geometry": { "type": "MultiPolygon", "coordinates": [ [ [ [ -70.500763062213835, -24.977349954149631 ], [ -70.779298314477728, -25.371771227198881 ], [ -71.28079492422475, -25.249331551773814 ], [ -71.498991735944728, -24.729416372596209 ], [ -71.220828853568094, -24.336512659285461 ], [ -70.724073228245899, -24.462063130788103 ], [ -70.500763062213835, -24.977349954149631 ] ] ] ] } },
{ "type": "Feature", "properties": { "geogrid_id": "7424878197076935400", "seqnum": 12478.0, "lat_c": -24.878197488220856, "lon_c": -76.935399511267008, "res": 8.0, "count_Insects": 0, "count_Flowering Plants": 0, "count_Ferns": 0, "count_Reptiles": 0, "count_Mammals": 1, "count_Amphibians": 0, "count_Birds": 0, "count_Arachnids": 0, "count_Gymnosperms": 0, "count_Basidiomycota": 0, "count_Molluscs": 0, "count_Sac Fungi": 0, "count_Mosses": 0, "unique_species_count": 1.0, "countryCode": "CL" }, "geometry": { "type": "MultiPolygon", "coordinates": [ [ [ [ -76.32712698443919, -24.861020027440432 ], [ -76.621486966638074, -25.249215441004988 ], [ -77.231774677869595, -25.265944247296023 ], [ -77.541870982657116, -24.891908812202857 ], [ -77.245787818818741, -24.50434512840933 ], [ -76.641314124319521, -24.490209524922044 ], [ -76.32712698443919, -24.861020027440432 ] ] ] ] } },
{ "type": "Feature", "properties": { "geogrid_id": "7424909970078750000", "seqnum": 12395.0, "lat_c": -24.909969845267778, "lon_c": -78.749999999693074, "res": 8.0, "count_Insects": 0, "count_Flowering Plants": 0, "count_Ferns": 0, "count_Reptiles": 0, "count_Mammals": 1, "count_Amphibians": 0, "count_Birds": 0, "count_Arachnids": 0, "count_Gymnosperms": 0, "count_Basidiomycota": 0, "count_Molluscs": 0, "count_Sac Fungi": 0, "count_Mosses": 0, "unique_species_count": 1.0, "countryCode": "CL" }, "geometry": { "type": "MultiPolygon", "coordinates": [ [ [ [ -78.146691504961368, -24.902420784900706 ], [ -78.447139814512255, -25.289272139766759 ], [ -79.052860184098989, -25.289272134653231 ], [ -79.353308493655874, -24.902420779831584 ], [ -79.050114378246334, -24.523266243900839 ], [ -78.449885620412815, -24.523266249017659 ], [ -78.146691504961368, -24.902420784900706 ] ] ] ] } },
{ "type": "Feature", "properties": { "geogrid_id": "7424918439068707924", "seqnum": 12812.0, "lat_c": -24.91843872822038, "lon_c": -68.707923847489184, "res": 8.0, "count_Insects": 0, "count_Flowering Plants": 6, "count_Ferns": 0, "count_Reptiles": 2, "count_Mammals": 0, "count_Amphibians": 0, "count_Birds": 2, "count_Arachnids": 0, "count_Gymnosperms": 0, "count_Basidiomycota": 0, "count_Molluscs": 0, "count_Sac Fungi": 0, "count_Mosses": 0, "unique_species_count": 10.0, "countryCode": "CL" }, "geometry": { "type": "MultiPolygon", "coordinates": [ [ [ [ -68.197705704522434, -25.021960424851777 ], [ -68.471030319876647, -25.420192594068457 ], [ -68.982092303171271, -25.315687491978643 ], [ -69.215873455712497, -24.810855828146462 ], [ -68.94272897996261, -24.414481068182965 ], [ -68.435582743496411, -24.521111076057711 ], [ -68.197705704522434, -25.021960424851777 ] ] ] ] } },
{ "type": "Feature", "properties": { "geogrid_id": "7425122229071779133", "seqnum": 12727.0, "lat_c": -25.122228815956245, "lon_c": -71.779132864925415, "res": 8.0, "count_Insects": 0, "count_Flowering Plants": 0, "count_Ferns": 0, "count_Reptiles": 0, "count_Mammals": 2, "count_Amphibians": 0, "count_Birds": 1, "count_Arachnids": 0, "count_Gymnosperms": 0, "count_Basidiomycota": 0, "count_Molluscs": 0, "count_Sac Fungi": 0, "count_Mosses": 0, "unique_species_count": 3.0, "countryCode": "CL" }, "geometry": { "type": "MultiPolygon", "coordinates": [ [ [ [ -71.28079492422475, -25.249331551773814 ], [ -71.562146944554669, -25.642830222176542 ], [ -72.061303984441764, -25.514944343213784 ], [ -72.274057913732534, -24.990274964777353 ], [ -71.993115790265719, -24.598182010809595 ], [ -71.498991735944728, -24.729416372596209 ], [ -71.28079492422475, -25.249331551773814 ] ] ] ] } },
{ "type": "Feature", "properties": { "geogrid_id": "7425207152069490866", "seqnum": 12811.0, "lat_c": -25.207152254191165, "lon_c": -69.490866203123716, "res": 8.0, "count_Insects": 10, "count_Flowering Plants": 2, "count_Ferns": 0, "count_Reptiles": 0, "count_Mammals": 0, "count_Amphibians": 0, "count_Birds": 9, "count_Arachnids": 0, "count_Gymnosperms": 0, "count_Basidiomycota": 0, "count_Molluscs": 1, "count_Sac Fungi": 0, "count_Mosses": 0, "unique_species_count": 22.0, "countryCode": "CL" }, "geometry": { "type": "MultiPolygon", "coordinates": [ [ [ [ -68.982092303171271, -25.315687491978643 ], [ -69.258139242215989, -25.712854992986045 ], [ -69.76775831462713, -25.603367320431218 ], [ -69.997159072566475, -25.094428617040133 ], [ -69.721358583139903, -24.699048490761555 ], [ -69.215873455712497, -24.810855828146462 ], [ -68.982092303171271, -25.315687491978643 ] ] ] ] } },
{ "type": "Feature", "properties": { "geogrid_id": "7425228727076009254", "seqnum": 12560.0, "lat_c": -25.228726909828428, "lon_c": -76.00925430808806, "res": 8.0, "count_Insects": 0, "count_Flowering Plants": 0, "count_Ferns": 0, "count_Reptiles": 0, "count_Mammals": 1, "count_Amphibians": 0, "count_Birds": 0, "count_Arachnids": 0, "count_Gymnosperms": 0, "count_Basidiomycota": 0, "count_Molluscs": 0, "count_Sac Fungi": 0, "count_Mosses": 0, "unique_species_count": 1.0, "countryCode": "CL" }, "geometry": { "type": "MultiPolygon", "coordinates": [ [ [ [ -75.394904506605172, -25.204143653953988 ], [ -75.687536353343376, -25.593083873617154 ], [ -76.3038954450126, -25.617173690874473 ], [ -76.621486966638074, -25.249215441004988 ], [ -76.32712698443919, -24.861020027440432 ], [ -75.716890955862894, -24.840074621257763 ], [ -75.394904506605172, -25.204143653953988 ] ] ] ] } },
{ "type": "Feature", "properties": { "geogrid_id": "7425234417110667758", "seqnum": 36817.0, "lat_c": -25.234417325320937, "lon_c": -110.66775830088145, "res": 8.0, "count_Insects": 0, "count_Flowering Plants": 0, "count_Ferns": 0, "count_Reptiles": 0, "count_Mammals": 0, "count_Amphibians": 0, "count_Birds": 1, "count_Arachnids": 0, "count_Gymnosperms": 0, "count_Basidiomycota": 0, "count_Molluscs": 0, "count_Sac Fungi": 0, "count_Mosses": 0, "unique_species_count": 1.0, "countryCode": "CL" }, "geometry": { "type": "MultiPolygon", "coordinates": [ [ [ [ -110.141116223676477, -25.22789721889346 ], [ -110.439029358299308, -25.671912609273381 ], [ -110.96743564601482, -25.677008956964965 ], [ -111.194878748357752, -25.239085331516723 ], [ -110.895318557419088, -24.79723421426861 ], [ -110.369961813687638, -24.791163387268799 ], [ -110.141116223676477, -25.22789721889346 ] ] ] ] } },
{ "type": "Feature", "properties": { "geogrid_id": "7425279209077840277", "seqnum": 12477.0, "lat_c": -25.279209166468164, "lon_c": -77.840276550878187, "res": 8.0, "count_Insects": 0, "count_Flowering Plants": 0, "count_Ferns": 0, "count_Reptiles": 0, "count_Mammals": 1, "count_Amphibians": 0, "count_Birds": 0, "count_Arachnids": 0, "count_Gymnosperms": 0, "count_Basidiomycota": 0, "count_Molluscs": 0, "count_Sac Fungi": 0, "count_Mosses": 0, "unique_species_count": 1.0, "countryCode": "CL" }, "geometry": { "type": "MultiPolygon", "coordinates": [ [ [ [ -77.231774677869595, -25.265944247296023 ], [ -77.530495686009132, -25.653441804581846 ], [ -78.141061183085441, -25.666238026642446 ], [ -78.447139814512255, -25.289272139766759 ], [ -78.146691504961368, -24.902420784900706 ], [ -77.541870982657116, -24.891908812202857 ], [ -77.231774677869595, -25.265944247296023 ] ] ] ] } },
{ "type": "Feature", "properties": { "geogrid_id": "7425382265072557048", "seqnum": 12726.0, "lat_c": -25.382264550537414, "lon_c": -72.557047592903388, "res": 8.0, "count_Insects": 0, "count_Flowering Plants": 0, "count_Ferns": 0, "count_Reptiles": 0, "count_Mammals": 0, "count_Amphibians": 0, "count_Birds": 5, "count_Arachnids": 0, "count_Gymnosperms": 0, "count_Basidiomycota": 0, "count_Molluscs": 0, "count_Sac Fungi": 0, "count_Mosses": 0, "unique_species_count": 5.0, "countryCode": "CL" }, "geometry": { "type": "MultiPolygon", "coordinates": [ [ [ [ -72.061303984441764, -25.514944343213784 ], [ -72.345557935838286, -25.907556991803322 ], [ -72.842137552121073, -25.774144390449287 ], [ -73.049110350251539, -25.244599755600788 ], [ -72.765296787532591, -24.8532720743172 ], [ -72.274057913732534, -24.990274964777353 ], [ -72.061303984441764, -25.514944343213784 ] ] ] ] } },
{ "type": "Feature", "properties": { "geogrid_id": "7425489727070274879", "seqnum": 12810.0, "lat_c": -25.489726540299966, "lon_c": -70.274879484659621, "res": 8.0, "count_Insects": 48, "count_Flowering Plants": 163, "count_Ferns": 2, "count_Reptiles": 10, "count_Mammals": 11, "count_Amphibians": 0, "count_Birds": 50, "count_Arachnids": 8, "count_Gymnosperms": 0, "count_Basidiomycota": 2, "count_Molluscs": 12, "count_Sac Fungi": 1, "count_Mosses": 0, "unique_species_count": 307.0, "countryCode": "CL" }, "geometry": { "type": "MultiPolygon", "coordinates": [ [ [ [ -69.76775831462713, -25.603367320431218 ], [ -70.046601938522969, -25.999497623651152 ], [ -70.554571896434837, -25.884938242703573 ], [ -70.779298314477728, -25.371771227198881 ], [ -70.500763062213835, -24.977349954149631 ], [ -69.997159072566475, -25.094428617040133 ], [ -69.76775831462713, -25.603367320431218 ] ] ] ] } },
{ "type": "Feature", "properties": { "geogrid_id": "7425637184080581841", "seqnum": 38718.0, "lat_c": -25.637183701954669, "lon_c": -80.581840930911028, "res": 8.0, "count_Insects": 0, "count_Flowering Plants": 0, "count_Ferns": 0, "count_Reptiles": 0, "count_Mammals": 1, "count_Amphibians": 0, "count_Birds": 0, "count_Arachnids": 0, "count_Gymnosperms": 0, "count_Basidiomycota": 0, "count_Molluscs": 0, "count_Sac Fungi": 0, "count_Mosses": 0, "unique_species_count": 1.0, "countryCode": "CL" }, "geometry": { "type": "MultiPolygon", "coordinates": [ [ [ [ -79.969504312522005, -25.653441799610654 ], [ -80.2828001151385, -26.02491657269411 ], [ -80.899129643473827, -26.005406872854746 ], [ -81.196104553445011, -25.61717368609548 ], [ -80.878513031864017, -25.249215436174097 ], [ -80.268225320668577, -25.265944242369613 ], [ -79.969504312522005, -25.653441799610654 ] ] ] ] } },
{ "type": "Feature", "properties": { "geogrid_id": "7425664925109911106", "seqnum": 36899.0, "lat_c": -25.664924635073785, "lon_c": -109.91110619342865, "res": 8.0, "count_Insects": 0, "count_Flowering Plants": 0, "count_Ferns": 0, "count_Reptiles": 1, "count_Mammals": 0, "count_Amphibians": 0, "count_Birds": 0, "count_Arachnids": 0, "count_Gymnosperms": 0, "count_Basidiomycota": 0, "count_Molluscs": 0, "count_Sac Fungi": 0, "count_Mosses": 0, "unique_species_count": 1.0, "countryCode": "CL" }, "geometry": { "type": "MultiPolygon", "coordinates": [ [ [ [ -109.383656015574303, -25.656014141841606 ], [ -109.679995979664938, -26.10227614881995 ], [ -110.20919532114948, -26.109751826096577 ], [ -110.439029358299308, -25.671912609273381 ], [ -110.141116223676477, -25.22789721889346 ], [ -109.614942990703938, -25.219492628593482 ], [ -109.383656015574303, -25.656014141841606 ] ] ] ] } },
{ "type": "Feature", "properties": { "geogrid_id": "7425766104071059826", "seqnum": 12809.0, "lat_c": -25.766103910234452, "lon_c": -71.059825579756307, "res": 8.0, "count_Insects": 3, "count_Flowering Plants": 47, "count_Ferns": 0, "count_Reptiles": 4, "count_Mammals": 6, "count_Amphibians": 0, "count_Birds": 8, "count_Arachnids": 1, "count_Gymnosperms": 0, "count_Basidiomycota": 0, "count_Molluscs": 0, "count_Sac Fungi": 0, "count_Mosses": 0, "unique_species_count": 69.0, "countryCode": "CL" }, "geometry": { "type": "MultiPolygon", "coordinates": [ [ [ [ -70.554571896434837, -25.884938242703573 ], [ -70.83628947888711, -26.280059344102774 ], [ -71.342397933218848, -26.160343053204482 ], [ -71.562146944554669, -25.642830222176542 ], [ -71.28079492422475, -25.249331551773814 ], [ -70.779298314477728, -25.371771227198881 ], [ -70.554571896434837, -25.884938242703573 ] ] ] ] } },
{ "type": "Feature", "properties": { "geogrid_id": "7425818343068746212", "seqnum": 12893.0, "lat_c": -25.818343021282203, "lon_c": -68.746212316706405, "res": 8.0, "count_Insects": 0, "count_Flowering Plants": 4, "count_Ferns": 0, "count_Reptiles": 1, "count_Mammals": 0, "count_Amphibians": 0, "count_Birds": 5, "count_Arachnids": 0, "count_Gymnosperms": 0, "count_Basidiomycota": 0, "count_Molluscs": 0, "count_Sac Fungi": 0, "count_Mosses": 0, "unique_species_count": 10.0, "countryCode": "CL" }, "geometry": { "type": "MultiPolygon", "coordinates": [ [ [ [ -68.232154182663479, -25.919977326241479 ], [ -68.508337328832596, -26.319052609971212 ], [ -69.023303889300237, -26.216409577814598 ], [ -69.258139242215989, -25.712854992986045 ], [ -68.982092303171271, -25.315687491978643 ], [ -68.471030319876647, -25.420192594068457 ], [ -68.232154182663479, -25.919977326241479 ] ] ] ] } },
{ "type": "Feature", "properties": { "geogrid_id": "7425882828074112951", "seqnum": 12724.0, "lat_c": -25.882828341908823, "lon_c": -74.112951127302054, "res": 8.0, "count_Insects": 0, "count_Flowering Plants": 0, "count_Ferns": 0, "count_Reptiles": 0, "count_Mammals": 2, "count_Amphibians": 0, "count_Birds": 4, "count_Arachnids": 0, "count_Gymnosperms": 0, "count_Basidiomycota": 0, "count_Molluscs": 0, "count_Sac Fungi": 0, "count_Mosses": 0, "unique_species_count": 6.0, "countryCode": "CL" }, "geometry": { "type": "MultiPolygon", "coordinates": [ [ [ [ -73.623140626486872, -26.026892784238353 ], [ -73.913466022807583, -26.417843764086879 ], [ -74.404156104406567, -26.273155661193492 ], [ -74.738707372814289, -25.920982859802887 ], [ -74.447787368539082, -25.531127467847991 ], [ -73.823985788094419, -25.492356930386421 ], [ -73.623140626486872, -26.026892784238353 ] ] ] ] } },
{ "type": "Feature", "properties": { "geogrid_id": "7425981832075982466", "seqnum": 12641.0, "lat_c": -25.981831648193563, "lon_c": -75.982466286679838, "res": 8.0, "count_Insects": 0, "count_Flowering Plants": 0, "count_Ferns": 0, "count_Reptiles": 0, "count_Mammals": 1, "count_Amphibians": 0, "count_Birds": 0, "count_Arachnids": 0, "count_Gymnosperms": 0, "count_Basidiomycota": 0, "count_Molluscs": 0, "count_Sac Fungi": 0, "count_Mosses": 0, "unique_species_count": 1.0, "countryCode": "CL" }, "geometry": { "type": "MultiPolygon", "coordinates": [ [ [ [ -75.361809531548104, -25.953827673910837 ], [ -75.657037030705979, -26.342932382923841 ], [ -76.279750866779523, -26.370378678679938 ], [ -76.600870354975697, -26.005406877678951 ], [ -76.3038954450126, -25.617173690874473 ], [ -75.687536353343376, -25.593083873617154 ], [ -75.361809531548104, -25.953827673910837 ] ] ] ] } },
{ "type": "Feature", "properties": { "geogrid_id": "7426040682079668380", "seqnum": 38800.0, "lat_c": -26.04068173848114, "lon_c": -79.668380262329748, "res": 8.0, "count_Insects": 0, "count_Flowering Plants": 4, "count_Ferns": 0, "count_Reptiles": 0, "count_Mammals": 0, "count_Amphibians": 0, "count_Birds": 0, "count_Arachnids": 0, "count_Gymnosperms": 0, "count_Basidiomycota": 0, "count_Molluscs": 1, "count_Sac Fungi": 0, "count_Mosses": 0, "unique_species_count": 5.0, "countryCode": "CL" }, "geometry": { "type": "MultiPolygon", "coordinates": [ [ [ [ -79.055717322712511, -26.052986786938781 ], [ -79.36479479422367, -26.427655212311564 ], [ -79.981332812063101, -26.412405389123037 ], [ -80.2828001151385, -26.02491657269411 ], [ -79.969504312522005, -25.653441799610654 ], [ -79.358938815482929, -25.66623802157719 ], [ -79.055717322712511, -26.052986786938781 ] ] ] ] } },
{ "type": "Feature", "properties": { "geogrid_id": "7426109938069536117", "seqnum": 12892.0, "lat_c": -26.109938460543088, "lon_c": -69.536116853352368, "res": 8.0, "count_Insects": 7, "count_Flowering Plants": 16, "count_Ferns": 0, "count_Reptiles": 5, "count_Mammals": 4, "count_Amphibians": 0, "count_Birds": 9, "count_Arachnids": 0, "count_Gymnosperms": 1, "count_Basidiomycota": 0, "count_Molluscs": 0, "count_Sac Fungi": 0, "count_Mosses": 0, "unique_species_count": 42.0, "countryCode": "CL" }, "geometry": { "type": "MultiPolygon", "coordinates": [ [ [ [ -69.023303889300237, -26.216409577814598 ], [ -69.30235833061495, -26.614389720762755 ], [ -69.816078421087383, -26.506934726703474 ], [ -70.046601938522969, -25.999497623651152 ], [ -69.76775831462713, -25.603367320431218 ], [ -69.258139242215989, -25.712854992986045 ], [ -69.023303889300237, -26.216409577814598 ] ] ] ] } },
{ "type": "Feature", "properties": { "geogrid_id": "7426300060072631949", "seqnum": 12807.0, "lat_c": -26.300060473420768, "lon_c": -72.631948694367779, "res": 8.0, "count_Insects": 0, "count_Flowering Plants": 0, "count_Ferns": 0, "count_Reptiles": 0, "count_Mammals": 0, "count_Amphibians": 0, "count_Birds": 1, "count_Arachnids": 0, "count_Gymnosperms": 0, "count_Basidiomycota": 0, "count_Molluscs": 0, "count_Sac Fungi": 0, "count_Mosses": 0, "unique_species_count": 1.0, "countryCode": "CL" }, "geometry": { "type": "MultiPolygon", "coordinates": [ [ [ [ -72.131098178294494, -26.429529065935661 ], [ -72.418806754667514, -26.822717253586319 ], [ -72.920531406666285, -26.692448164070562 ], [ -73.129381649399079, -26.165907790141148 ], [ -72.842137552121073, -25.774144390449287 ], [ -72.345557935838286, -25.907556991803322 ], [ -72.131098178294494, -26.429529065935661 ] ] ] ] } },
{ "type": "Feature", "properties": { "geogrid_id": "7426395539070327450", "seqnum": 12891.0, "lat_c": -26.395539380849687, "lon_c": -70.327450317370051, "res": 8.0, "count_Insects": 24, "count_Flowering Plants": 91, "count_Ferns": 0, "count_Reptiles": 8, "count_Mammals": 10, "count_Amphibians": 1, "count_Birds": 44, "count_Arachnids": 15, "count_Gymnosperms": 1, "count_Basidiomycota": 0, "count_Molluscs": 13, "count_Sac Fungi": 1, "count_Mosses": 0, "unique_species_count": 208.0, "countryCode": "CL" }, "geometry": { "type": "MultiPolygon", "coordinates": [ [ [ [ -69.816078421087383, -26.506934726703474 ], [ -70.098078365477463, -26.903840224195623 ], [ -70.610357827373903, -26.791488425700472 ], [ -70.83628947888711, -26.280059344102774 ], [ -70.554571896434837, -25.884938242703573 ], [ -70.046601938522969, -25.999497623651152 ], [ -69.816078421087383, -26.506934726703474 ] ] ] ] } },
{ "type": "Feature", "properties": { "geogrid_id": "7426402298105220529", "seqnum": 37229.0, "lat_c": -26.402297804051937, "lon_c": -105.22052878717047, "res": 8.0, "count_Insects": 0, "count_Flowering Plants": 0, "count_Ferns": 0, "count_Reptiles": 0, "count_Mammals": 0, "count_Amphibians": 0, "count_Birds": 5, "count_Arachnids": 0, "count_Gymnosperms": 0, "count_Basidiomycota": 0, "count_Molluscs": 0, "count_Sac Fungi": 0, "count_Mosses": 0, "unique_species_count": 5.0, "countryCode": "CL" }, "geometry": { "type": "MultiPolygon", "coordinates": [ [ [ [ -104.694059215299788, -26.375590040825092 ], [ -104.977308081218354, -26.834871238316943 ], [ -105.505469391497925, -26.860235356195595 ], [ -105.747418313062767, -26.426860670057099 ], [ -105.462804442250174, -25.969930652642283 ], [ -104.937600238804905, -25.944030316435519 ], [ -104.694059215299788, -26.375590040825092 ] ] ] ] } },
{ "type": "Feature", "properties": { "geogrid_id": "7426439446078750000", "seqnum": 12557.0, "lat_c": -26.439446414829504, "lon_c": -78.749999999660474, "res": 8.0, "count_Insects": 0, "count_Flowering Plants": 0, "count_Ferns": 0, "count_Reptiles": 0, "count_Mammals": 0, "count_Amphibians": 0, "count_Birds": 1, "count_Arachnids": 0, "count_Gymnosperms": 0, "count_Basidiomycota": 0, "count_Molluscs": 0, "count_Sac Fungi": 0, "count_Mosses": 0, "unique_species_count": 1.0, "countryCode": "CL" }, "geometry": { "type": "MultiPolygon", "coordinates": [ [ [ [ -78.135205204295346, -26.427655217372784 ], [ -78.441311678942711, -26.814352937654199 ], [ -79.058688319571274, -26.814352932547738 ], [ -79.36479479422367, -26.427655212311564 ], [ -79.055717322712511, -26.052986786938781 ], [ -78.44428267585036, -26.052986792048856 ], [ -78.135205204295346, -26.427655217372784 ] ] ] ] } },
{ "type": "Feature", "properties": { "geogrid_id": "7426517991108388342", "seqnum": 37063.0, "lat_c": -26.517990820548025, "lon_c": -108.38834181846109, "res": 8.0, "count_Insects": 0, "count_Flowering Plants": 0, "count_Ferns": 0, "count_Reptiles": 1, "count_Mammals": 0, "count_Amphibians": 0, "count_Birds": 0, "count_Arachnids": 0, "count_Gymnosperms": 0, "count_Basidiomycota": 0, "count_Molluscs": 0, "count_Sac Fungi": 0, "count_Mosses": 0, "unique_species_count": 1.0, "countryCode": "CL" }, "geometry": { "type": "MultiPolygon", "coordinates": [ [ [ [ -107.859272936748738, -26.503935486326405 ], [ -108.152739493257656, -26.954907734163342 ], [ -108.683532199494067, -26.967523070765282 ], [ -108.917868184230556, -26.529999095719713 ], [ -108.623014713444519, -26.081415717727637 ], [ -108.095213929511431, -26.067980283312782 ], [ -107.859272936748738, -26.503935486326405 ] ] ] ] } },
{ "type": "Feature", "properties": { "geogrid_id": "7426547968109978331", "seqnum": 36980.0, "lat_c": -26.547967504436947, "lon_c": -109.97833140613812, "res": 8.0, "count_Insects": 0, "count_Flowering Plants": 0, "count_Ferns": 0, "count_Reptiles": 1, "count_Mammals": 0, "count_Amphibians": 0, "count_Birds": 0, "count_Arachnids": 0, "count_Gymnosperms": 0, "count_Basidiomycota": 0, "count_Molluscs": 0, "count_Sac Fungi": 0, "count_Mosses": 0, "unique_species_count": 1.0, "countryCode": "CL" }, "geometry": { "type": "MultiPolygon", "coordinates": [ [ [ [ -109.447861306722928, -26.539982976003603 ], [ -109.746526010261391, -26.986592867230545 ], [ -110.278749218517177, -26.99309678775041 ], [ -110.509289671029308, -26.55398038055483 ], [ -110.20919532114948, -26.109751826096577 ], [ -109.679995979664938, -26.10227614881995 ], [ -109.447861306722928, -26.539982976003603 ] ] ] ] } },
{ "type": "Feature", "properties": { "geogrid_id": "7426557548073418835", "seqnum": 12806.0, "lat_c": -26.557547727524824, "lon_c": -73.418834913008368, "res": 8.0, "count_Insects": 0, "count_Flowering Plants": 0, "count_Ferns": 0, "count_Reptiles": 0, "count_Mammals": 0, "count_Amphibians": 0, "count_Birds": 4, "count_Arachnids": 0, "count_Gymnosperms": 0, "count_Basidiomycota": 0, "count_Molluscs": 0, "count_Sac Fungi": 0, "count_Mosses": 0, "unique_species_count": 4.0, "countryCode": "CL" }, "geometry": { "type": "MultiPolygon", "coordinates": [ [ [ [ -72.920531406666285, -26.692448164070562 ], [ -73.211362429246094, -27.084713093481358 ], [ -73.710553579080923, -26.949056841257534 ], [ -73.913466022807583, -26.417843764086879 ], [ -73.623140626486872, -26.026892784238353 ], [ -73.129381649399079, -26.165907790141148 ], [ -72.920531406666285, -26.692448164070562 ] ] ] ] } },
{ "type": "Feature", "properties": { "geogrid_id": "7426675085071120087", "seqnum": 12890.0, "lat_c": -26.67508509699654, "lon_c": -71.120086535840642, "res": 8.0, "count_Insects": 21, "count_Flowering Plants": 83, "count_Ferns": 1, "count_Reptiles": 6, "count_Mammals": 5, "count_Amphibians": 0, "count_Birds": 44, "count_Arachnids": 4, "count_Gymnosperms": 0, "count_Basidiomycota": 0, "count_Molluscs": 32, "count_Sac Fungi": 0, "count_Mosses": 0, "unique_species_count": 196.0, "countryCode": "CL" }, "geometry": { "type": "MultiPolygon", "coordinates": [ [ [ [ -70.610357827373903, -26.791488425700472 ], [ -70.895380018820688, -27.187340203970514 ], [ -71.406018543809651, -27.070010380547906 ], [ -71.627069582901612, -26.554483354100622 ], [ -71.342397933218848, -26.160343053204482 ], [ -70.83628947888711, -26.280059344102774 ], [ -70.610357827373903, -26.791488425700472 ] ] ] ] } },
{ "type": "Feature", "properties": { "geogrid_id": "7426718042068786462", "seqnum": 12974.0, "lat_c": -26.718041846385447, "lon_c": -68.786462040086164, "res": 8.0, "count_Insects": 0, "count_Flowering Plants": 11, "count_Ferns": 0, "count_Reptiles": 2, "count_Mammals": 2, "count_Amphibians": 0, "count_Birds": 18, "count_Arachnids": 1, "count_Gymnosperms": 0, "count_Basidiomycota": 1, "count_Molluscs": 0, "count_Sac Fungi": 0, "count_Mosses": 0, "unique_species_count": 35.0, "countryCode": "CL" }, "geometry": { "type": "MultiPolygon", "coordinates": [ [ [ [ -68.268549825816933, -26.818022081329296 ], [ -68.54769474237402, -27.217954071899882 ], [ -69.066582724702542, -27.116942691190573 ], [ -69.30235833061495, -26.614389720762755 ], [ -69.023303889300237, -26.216409577814598 ], [ -68.508337328832596, -26.319052609971212 ], [ -68.268549825816933, -26.818022081329296 ] ] ] ] } },
{ "type": "Feature", "properties": { "geogrid_id": "7426731848081545361", "seqnum": 38798.0, "lat_c": -26.731848258763957, "lon_c": -81.545360830510575, "res": 8.0, "count_Insects": 0, "count_Flowering Plants": 0, "count_Ferns": 0, "count_Reptiles": 0, "count_Mammals": 1, "count_Amphibians": 0, "count_Birds": 0, "count_Arachnids": 0, "count_Gymnosperms": 0, "count_Basidiomycota": 0, "count_Molluscs": 0, "count_Sac Fungi": 0, "count_Mosses": 0, "unique_species_count": 1.0, "countryCode": "CL" }, "geometry": { "type": "MultiPolygon", "coordinates": [ [ [ [ -80.920552131771345, -26.75871627520182 ], [ -81.245325631629228, -27.120566459522415 ], [ -81.874629778782065, -27.089547956105797 ], [ -82.172558419420056, -26.700201506609329 ], [ -81.842962967660554, -26.342932378251909 ], [ -81.220249131624584, -26.37037867390838 ], [ -80.920552131771345, -26.75871627520182 ] ] ] ] } },
{ "type": "Feature", "properties": { "geogrid_id": "7426799641077822620", "seqnum": 12639.0, "lat_c": -26.799641073144912, "lon_c": -77.822619962866327, "res": 8.0, "count_Insects": 0, "count_Flowering Plants": 0, "count_Ferns": 0, "count_Reptiles": 0, "count_Mammals": 1, "count_Amphibians": 0, "count_Birds": 0, "count_Arachnids": 0, "count_Gymnosperms": 0, "count_Basidiomycota": 0, "count_Molluscs": 0, "count_Sac Fungi": 0, "count_Mosses": 0, "unique_species_count": 1.0, "countryCode": "CL" }, "geometry": { "type": "MultiPolygon", "coordinates": [ [ [ [ -77.2020513683416, -26.78119814440284 ], [ -77.506375480964167, -27.168738036844221 ], [ -78.129118450313499, -27.186614095263998 ], [ -78.441311678942711, -26.814352937654199 ], [ -78.135205204295346, -26.427655217372784 ], [ -77.518667186417261, -26.412405394089127 ], [ -77.2020513683416, -26.78119814440284 ] ] ] ] } },
{ "type": "Feature", "properties": { "geogrid_id": "7426799641079677380", "seqnum": 38881.0, "lat_c": -26.799641068133443, "lon_c": -79.677380035608081, "res": 8.0, "count_Insects": 0, "count_Flowering Plants": 0, "count_Ferns": 0, "count_Reptiles": 0, "count_Mammals": 1, "count_Amphibians": 0, "count_Birds": 0, "count_Arachnids": 0, "count_Gymnosperms": 0, "count_Basidiomycota": 0, "count_Molluscs": 0, "count_Sac Fungi": 0, "count_Mosses": 0, "unique_species_count": 1.0, "countryCode": "CL" }, "geometry": { "type": "MultiPolygon", "coordinates": [ [ [ [ -79.058688319571274, -26.814352932547738 ], [ -79.370881548155651, -27.186614090207005 ], [ -79.993624517464852, -27.16873803188345 ], [ -80.297948630093614, -26.781198139487746 ], [ -79.981332812063101, -26.412405389123037 ], [ -79.36479479422367, -26.427655212311564 ], [ -79.058688319571274, -26.814352932547738 ] ] ] ] } },
{ "type": "Feature", "properties": { "geogrid_id": "7426808654074206073", "seqnum": 12805.0, "lat_c": -26.808654257566022, "lon_c": -74.206072695725112, "res": 8.0, "count_Insects": 0, "count_Flowering Plants": 0, "count_Ferns": 0, "count_Reptiles": 0, "count_Mammals": 1, "count_Amphibians": 0, "count_Birds": 0, "count_Arachnids": 0, "count_Gymnosperms": 0, "count_Basidiomycota": 0, "count_Molluscs": 0, "count_Sac Fungi": 0, "count_Mosses": 0, "unique_species_count": 1.0, "countryCode": "CL" }, "geometry": { "type": "MultiPolygon", "coordinates": [ [ [ [ -73.710553579080923, -26.949056841257534 ], [ -74.004595130263368, -27.340427418636832 ], [ -74.501018016735117, -27.199316234497648 ], [ -74.697656770533399, -26.663330973180827 ], [ -74.404156104406567, -26.273155661193492 ], [ -73.913466022807583, -26.417843764086879 ], [ -73.710553579080923, -26.949056841257534 ] ] ] ] } },
{ "type": "Feature", "properties": { "geogrid_id": "7426948519071913896", "seqnum": 12889.0, "lat_c": -26.948519151577308, "lon_c": -71.913895908866451, "res": 8.0, "count_Insects": 0, "count_Flowering Plants": 0, "count_Ferns": 0, "count_Reptiles": 0, "count_Mammals": 1, "count_Amphibians": 0, "count_Birds": 0, "count_Arachnids": 0, "count_Gymnosperms": 0, "count_Basidiomycota": 0, "count_Molluscs": 0, "count_Sac Fungi": 0, "count_Mosses": 0, "unique_species_count": 1.0, "countryCode": "CL" }, "geometry": { "type": "MultiPolygon", "coordinates": [ [ [ [ -71.406018543809651, -27.070010380547906 ], [ -71.694142192917155, -27.464829693684912 ], [ -72.202933503394519, -27.342444416751871 ], [ -72.418806754667514, -26.822717253586319 ], [ -72.131098178294494, -26.429529065935661 ], [ -71.627069582901612, -26.554483354100622 ], [ -71.406018543809651, -27.070010380547906 ] ] ] ] } },
{ "type": "Feature", "properties": { "geogrid_id": "7426978077109214791", "seqnum": 37062.0, "lat_c": -26.978076963094828, "lon_c": -109.21479086992112, "res": 8.0, "count_Insects": 24, "count_Flowering Plants": 100, "count_Ferns": 5, "count_Reptiles": 5, "count_Mammals": 4, "count_Amphibians": 1, "count_Birds": 23, "count_Arachnids": 8, "count_Gymnosperms": 0, "count_Basidiomycota": 3, "count_Molluscs": 67, "count_Sac Fungi": 1, "count_Mosses": 1, "unique_species_count": 242.0, "countryCode": "CL" }, "geometry": { "type": "MultiPolygon", "coordinates": [ [ [ [ -108.683532199494067, -26.967523070765282 ], [ -108.980888044565617, -27.416590489014222 ], [ -109.513882483226439, -27.425661729516978 ], [ -109.746526010261391, -26.986592867230545 ], [ -109.447861306722928, -26.539982976003603 ], [ -108.917868184230556, -26.529999095719713 ], [ -108.683532199494067, -26.967523070765282 ] ] ] ] } },
{ "type": "Feature", "properties": { "geogrid_id": "7427012280069583430", "seqnum": 12973.0, "lat_c": -27.012280492308903, "lon_c": -69.583430072271852, "res": 8.0, "count_Insects": 8, "count_Flowering Plants": 49, "count_Ferns": 0, "count_Reptiles": 3, "count_Mammals": 4, "count_Amphibians": 0, "count_Birds": 27, "count_Arachnids": 2, "count_Gymnosperms": 2, "count_Basidiomycota": 1, "count_Molluscs": 1, "count_Sac Fungi": 0, "count_Mosses": 0, "unique_species_count": 97.0, "countryCode": "CL" }, "geometry": { "type": "MultiPolygon", "coordinates": [ [ [ [ -69.066582724702542, -27.116942691190573 ], [ -69.348754975292408, -27.515752369656305 ], [ -69.866574725708205, -27.410078517810842 ], [ -70.098078365477463, -26.903840224195623 ], [ -69.816078421087383, -26.506934726703474 ], [ -69.30235833061495, -26.614389720762755 ], [ -69.066582724702542, -27.116942691190573 ] ] ] ] } },
{ "type": "Feature", "properties": { "geogrid_id": "7427146835076881616", "seqnum": 12721.0, "lat_c": -27.146835368233269, "lon_c": -76.881616309528567, "res": 8.0, "count_Insects": 0, "count_Flowering Plants": 0, "count_Ferns": 0, "count_Reptiles": 0, "count_Mammals": 1, "count_Amphibians": 0, "count_Birds": 0, "count_Arachnids": 0, "count_Gymnosperms": 0, "count_Basidiomycota": 0, "count_Molluscs": 0, "count_Sac Fungi": 0, "count_Mosses": 0, "unique_species_count": 1.0, "countryCode": "CL" }, "geometry": { "type": "MultiPolygon", "coordinates": [ [ [ [ -76.254674366720778, -27.120566464286242 ], [ -76.55720233701328, -27.509077739850042 ], [ -77.186316507553457, -27.534726446925919 ], [ -77.506375480964167, -27.168738036844221 ], [ -77.2020513683416, -26.78119814440284 ], [ -76.579447866625046, -26.758716280019065 ], [ -76.254674366720778, -27.120566464286242 ] ] ] ] } },
{ "type": "Feature", "properties": { "geogrid_id": "7427146835080618384", "seqnum": 38880.0, "lat_c": -27.146835363370187, "lon_c": -80.618383688860732, "res": 8.0, "count_Insects": 0, "count_Flowering Plants": 0, "count_Ferns": 0, "count_Reptiles": 0, "count_Mammals": 1, "count_Amphibians": 0, "count_Birds": 2, "count_Arachnids": 0, "count_Gymnosperms": 0, "count_Basidiomycota": 0, "count_Molluscs": 0, "count_Sac Fungi": 0, "count_Mosses": 0, "unique_species_count": 3.0, "countryCode": "CL" }, "geometry": { "type": "MultiPolygon", "coordinates": [ [ [ [ -79.993624517464852, -27.16873803188345 ], [ -80.313683490829419, -27.53472644201684 ], [ -80.942797661329394, -27.509077735040034 ], [ -81.245325631629228, -27.120566459522415 ], [ -80.920552131771345, -26.75871627520182 ], [ -80.297948630093614, -26.781198139487746 ], [ -79.993624517464852, -27.16873803188345 ] ] ] ] } },
{ "type": "Feature", "properties": { "geogrid_id": "7427300651070382172", "seqnum": 12972.0, "lat_c": -27.300650983208438, "lon_c": -70.382172282993963, "res": 8.0, "count_Insects": 94, "count_Flowering Plants": 149, "count_Ferns": 0, "count_Reptiles": 6, "count_Mammals": 7, "count_Amphibians": 0, "count_Birds": 64, "count_Arachnids": 14, "count_Gymnosperms": 1, "count_Basidiomycota": 2, "count_Molluscs": 2, "count_Sac Fungi": 1, "count_Mosses": 0, "unique_species_count": 340.0, "countryCode": "CL" }, "geometry": { "type": "MultiPolygon", "coordinates": [ [ [ [ -69.866574725708205, -27.410078517810842 ], [ -70.151849124527374, -27.807780002720573 ], [ -70.668416988528548, -27.697362627082242 ], [ -70.895380018820688, -27.187340203970514 ], [ -70.610357827373903, -26.791488425700472 ], [ -70.098078365477463, -26.903840224195623 ], [ -69.866574725708205, -27.410078517810842 ] ] ] ] } },
{ "type": "Feature", "properties": { "geogrid_id": "7427405443108448368", "seqnum": 37144.0, "lat_c": -27.405442602709144, "lon_c": -108.44836764921288, "res": 8.0, "count_Insects": 0, "count_Flowering Plants": 0, "count_Ferns": 0, "count_Reptiles": 1, "count_Mammals": 0, "count_Amphibians": 0, "count_Birds": 1, "count_Arachnids": 0, "count_Gymnosperms": 0, "count_Basidiomycota": 0, "count_Molluscs": 0, "count_Sac Fungi": 0, "count_Mosses": 0, "unique_species_count": 2.0, "countryCode": "CL" }, "geometry": { "type": "MultiPolygon", "coordinates": [ [ [ [ -107.916310610568658, -27.392196249993603 ], [ -108.212494011265377, -27.843789092180618 ], [ -108.746272830647186, -27.855556335284479 ], [ -108.980888044565617, -27.416590489014222 ], [ -108.683532199494067, -26.967523070765282 ], [ -108.152739493257656, -26.954907734163342 ], [ -107.916310610568658, -27.392196249993603 ] ] ] ] } },
{ "type": "Feature", "properties": { "geogrid_id": "7427476848073504499", "seqnum": 12887.0, "lat_c": -27.476847933884176, "lon_c": -73.504499368044904, "res": 8.0, "count_Insects": 0, "count_Flowering Plants": 0, "count_Ferns": 0, "count_Reptiles": 0, "count_Mammals": 0, "count_Amphibians": 0, "count_Birds": 3, "count_Arachnids": 0, "count_Gymnosperms": 0, "count_Basidiomycota": 0, "count_Molluscs": 0, "count_Sac Fungi": 0, "count_Mosses": 0, "unique_species_count": 3.0, "countryCode": "CL" }, "geometry": { "type": "MultiPolygon", "coordinates": [ [ [ [ -73.000972259266916, -27.608738539740134 ], [ -73.295545940689877, -28.00155748469167 ], [ -73.800001119068796, -27.868844988144332 ], [ -74.004595130263368, -27.340427418636832 ], [ -73.710553579080923, -26.949056841257534 ], [ -73.211362429246094, -27.084713093481358 ], [ -73.000972259266916, -27.608738539740134 ] ] ] ] } },
{ "type": "Feature", "properties": { "geogrid_id": "7427478707081574248", "seqnum": 38879.0, "lat_c": -27.478707328151472, "lon_c": -81.574248377555648, "res": 8.0, "count_Insects": 0, "count_Flowering Plants": 0, "count_Ferns": 0, "count_Reptiles": 0, "count_Mammals": 1, "count_Amphibians": 0, "count_Birds": 0, "count_Arachnids": 0, "count_Gymnosperms": 0, "count_Basidiomycota": 0, "count_Molluscs": 0, "count_Sac Fungi": 0, "count_Mosses": 0, "unique_species_count": 1.0, "countryCode": "CL" }, "geometry": { "type": "MultiPolygon", "coordinates": [ [ [ [ -80.942797661329394, -27.509077735040034 ], [ -81.271353773581112, -27.86767026660041 ], [ -81.907487826368083, -27.832860371300598 ], [ -82.208224409909548, -27.443192144533079 ], [ -81.874629778782065, -27.089547956105797 ], [ -81.245325631629228, -27.120566459522415 ], [ -80.942797661329394, -27.509077735040034 ] ] ] ] } },
{ "type": "Feature", "properties": { "geogrid_id": "7427556028077813269", "seqnum": 12720.0, "lat_c": -27.556027934028467, "lon_c": -77.813269461396814, "res": 8.0, "count_Insects": 0, "count_Flowering Plants": 0, "count_Ferns": 0, "count_Reptiles": 0, "count_Mammals": 1, "count_Amphibians": 0, "count_Birds": 0, "count_Arachnids": 0, "count_Gymnosperms": 0, "count_Basidiomycota": 0, "count_Molluscs": 0, "count_Sac Fungi": 0, "count_Mosses": 0, "unique_species_count": 1.0, "countryCode": "CL" }, "geometry": { "type": "MultiPolygon", "coordinates": [ [ [ [ -77.186316507553457, -27.534726446925919 ], [ -77.493610100871095, -27.922379593135108 ], [ -78.122795559568786, -27.943057656991186 ], [ -78.438224176656405, -27.573314491235966 ], [ -78.129118450313499, -27.186614095263998 ], [ -77.506375480964167, -27.168738036844221 ], [ -77.186316507553457, -27.534726446925919 ] ] ] ] } },
{ "type": "Feature", "properties": { "geogrid_id": "7427556028079686731", "seqnum": 38962.0, "lat_c": -27.556027929021862, "lon_c": -79.686730537026705, "res": 8.0, "count_Insects": 0, "count_Flowering Plants": 0, "count_Ferns": 0, "count_Reptiles": 0, "count_Mammals": 1, "count_Amphibians": 0, "count_Birds": 0, "count_Arachnids": 0, "count_Gymnosperms": 0, "count_Basidiomycota": 0, "count_Molluscs": 0, "count_Sac Fungi": 0, "count_Mosses": 0, "unique_species_count": 1.0, "countryCode": "CL" }, "geometry": { "type": "MultiPolygon", "coordinates": [ [ [ [ -79.061775821808183, -27.573314486133292 ], [ -79.37720443884993, -27.943057651938595 ], [ -80.006389897506025, -27.922379588179876 ], [ -80.313683490829419, -27.53472644201684 ], [ -79.993624517464852, -27.16873803188345 ], [ -79.370881548155651, -27.186614090207005 ], [ -79.061775821808183, -27.573314486133292 ] ] ] ] } },
{ "type": "Feature", "properties": { "geogrid_id": "7427583090071182574", "seqnum": 12971.0, "lat_c": -27.58308976792976, "lon_c": -71.182573657603854, "res": 8.0, "count_Insects": 44, "count_Flowering Plants": 173, "count_Ferns": 1, "count_Reptiles": 9, "count_Mammals": 6, "count_Amphibians": 0, "count_Birds": 69, "count_Arachnids": 10, "count_Gymnosperms": 2, "count_Basidiomycota": 0, "count_Molluscs": 20, "count_Sac Fungi": 0, "count_Mosses": 0, "unique_species_count": 334.0, "countryCode": "CL" }, "geometry": { "type": "MultiPolygon", "coordinates": [ [ [ [ -70.668416988528548, -27.697362627082242 ], [ -70.956870558585081, -28.093970366938688 ], [ -71.471996767891156, -27.978731769778747 ], [ -71.694142192917155, -27.464829693684912 ], [ -71.406018543809651, -27.070010380547906 ], [ -70.895380018820688, -27.187340203970514 ], [ -70.668416988528548, -27.697362627082242 ] ] ] ] } },
{ "type": "Feature", "properties": { "geogrid_id": "7427617796068828870", "seqnum": 13055.0, "lat_c": -27.61779617146426, "lon_c": -68.828869648469237, "res": 8.0, "count_Insects": 1, "count_Flowering Plants": 2, "count_Ferns": 0, "count_Reptiles": 1, "count_Mammals": 0, "count_Amphibians": 0, "count_Birds": 2, "count_Arachnids": 0, "count_Gymnosperms": 0, "count_Basidiomycota": 0, "count_Molluscs": 0, "count_Sac Fungi": 0, "count_Mosses": 0, "unique_species_count": 6.0, "countryCode": "CL" }, "geometry": { "type": "MultiPolygon", "coordinates": [ [ [ [ -68.307065053165886, -27.716327920223986 ], [ -68.589281091364327, -28.117128993167171 ], [ -69.11213131499666, -28.017545760900774 ], [ -69.348754975292408, -27.515752369656305 ], [ -69.066582724702542, -27.116942691190573 ], [ -68.54769474237402, -27.217954071899882 ], [ -68.307065053165886, -27.716327920223986 ] ] ] ] } },
{ "type": "Feature", "properties": { "geogrid_id": "7427859537071984515", "seqnum": 12970.0, "lat_c": -27.85953714730481, "lon_c": -71.984515428918627, "res": 8.0, "count_Insects": 0, "count_Flowering Plants": 0, "count_Ferns": 0, "count_Reptiles": 0, "count_Mammals": 1, "count_Amphibians": 0, "count_Birds": 0, "count_Arachnids": 0, "count_Gymnosperms": 0, "count_Basidiomycota": 0, "count_Molluscs": 0, "count_Sac Fungi": 0, "count_Mosses": 0, "unique_species_count": 1.0, "countryCode": "CL" }, "geometry": { "type": "MultiPolygon", "coordinates": [ [ [ [ -71.471996767891156, -27.978731769778747 ], [ -71.763708675979586, -28.374260454115255 ], [ -72.277197496377326, -28.254126455595419 ], [ -72.494240212260081, -27.736252744196413 ], [ -72.202933503394519, -27.342444416751871 ], [ -71.694142192917155, -27.464829693684912 ], [ -71.471996767891156, -27.978731769778747 ] ] ] ] } },
{ "type": "Feature", "properties": { "geogrid_id": "7427897372076862284", "seqnum": 12802.0, "lat_c": -27.897372436259271, "lon_c": -76.862284113601987, "res": 8.0, "count_Insects": 0, "count_Flowering Plants": 0, "count_Ferns": 0, "count_Reptiles": 0, "count_Mammals": 1, "count_Amphibians": 0, "count_Birds": 0, "count_Arachnids": 0, "count_Gymnosperms": 0, "count_Basidiomycota": 0, "count_Molluscs": 0, "count_Sac Fungi": 0, "count_Mosses": 0, "unique_species_count": 1.0, "countryCode": "CL" }, "geometry": { "type": "MultiPolygon", "coordinates": [ [ [ [ -76.228646224714169, -27.867670271356207 ], [ -76.534115834092844, -28.256427013500232 ], [ -77.169982096819325, -28.285440476310775 ], [ -77.493610100871095, -27.922379593135108 ], [ -77.186316507553457, -27.534726446925919 ], [ -76.55720233701328, -27.509077739850042 ], [ -76.228646224714169, -27.867670271356207 ] ] ] ] } },
{ "type": "Feature", "properties": { "geogrid_id": "7427897372080637716", "seqnum": 38961.0, "lat_c": -27.897372431402932, "lon_c": -80.637715884733979, "res": 8.0, "count_Insects": 0, "count_Flowering Plants": 0, "count_Ferns": 0, "count_Reptiles": 0, "count_Mammals": 1, "count_Amphibians": 0, "count_Birds": 0, "count_Arachnids": 0, "count_Gymnosperms": 0, "count_Basidiomycota": 0, "count_Molluscs": 0, "count_Sac Fungi": 0, "count_Mosses": 0, "unique_species_count": 1.0, "countryCode": "CL" }, "geometry": { "type": "MultiPolygon", "coordinates": [ [ [ [ -80.006389897506025, -27.922379588179876 ], [ -80.330017901510629, -28.285440471407949 ], [ -80.965884164195472, -28.256427008697745 ], [ -81.271353773581112, -27.86767026660041 ], [ -80.942797661329394, -27.509077735040034 ], [ -80.313683490829419, -27.53472644201684 ], [ -80.006389897506025, -27.922379588179876 ] ] ] ] } },
{ "type": "Feature", "properties": { "geogrid_id": "7427914468069633036", "seqnum": 13054.0, "lat_c": -27.914467674688971, "lon_c": -69.633035611360739, "res": 8.0, "count_Insects": 32, "count_Flowering Plants": 88, "count_Ferns": 0, "count_Reptiles": 1, "count_Mammals": 7, "count_Amphibians": 0, "count_Birds": 20, "count_Arachnids": 1, "count_Gymnosperms": 3, "count_Basidiomycota": 0, "count_Molluscs": 0, "count_Sac Fungi": 0, "count_Mosses": 0, "unique_species_count": 152.0, "countryCode": "CL" }, "geometry": { "type": "MultiPolygon", "coordinates": [ [ [ [ -69.11213131499666, -28.017545760900774 ], [ -69.39753778948301, -28.417199774999382 ], [ -69.919482723179101, -28.313084963710274 ], [ -70.151849124527374, -27.807780002720573 ], [ -69.866574725708205, -27.410078517810842 ], [ -69.348754975292408, -27.515752369656305 ], [ -69.11213131499666, -28.017545760900774 ] ] ] ] } },
{ "type": "Feature", "properties": { "geogrid_id": "7427959732078750000", "seqnum": 12719.0, "lat_c": -27.959731828154649, "lon_c": -78.749999999628102, "res": 8.0, "count_Insects": 0, "count_Flowering Plants": 0, "count_Ferns": 0, "count_Reptiles": 0, "count_Mammals": 1, "count_Amphibians": 0, "count_Birds": 0, "count_Arachnids": 0, "count_Gymnosperms": 0, "count_Basidiomycota": 0, "count_Molluscs": 0, "count_Sac Fungi": 0, "count_Mosses": 0, "unique_species_count": 1.0, "countryCode": "CL" }, "geometry": { "type": "MultiPolygon", "coordinates": [ [ [ [ -78.122795559568786, -27.943057656991186 ], [ -78.435017395304172, -28.329816566813648 ], [ -79.064982603110479, -28.329816561714924 ], [ -79.37720443884993, -27.943057651938595 ], [ -79.061775821808183, -27.573314486133292 ], [ -78.438224176656405, -27.573314491235966 ], [ -78.122795559568786, -27.943057656991186 ] ] ] ] } },
{ "type": "Feature", "properties": { "geogrid_id": "7428205381070439311", "seqnum": 13053.0, "lat_c": -28.205380728370571, "lon_c": -70.439311368092504, "res": 8.0, "count_Insects": 34, "count_Flowering Plants": 101, "count_Ferns": 0, "count_Reptiles": 5, "count_Mammals": 5, "count_Amphibians": 0, "count_Birds": 21, "count_Arachnids": 1, "count_Gymnosperms": 1, "count_Basidiomycota": 1, "count_Molluscs": 2, "count_Sac Fungi": 0, "count_Mosses": 0, "unique_species_count": 171.0, "countryCode": "CL" }, "geometry": { "type": "MultiPolygon", "coordinates": [ [ [ [ -69.919482723179101, -28.313084963710274 ], [ -70.208155717012559, -28.711600154378221 ], [ -70.729020866410011, -28.602876046660146 ], [ -70.956870558585081, -28.093970366938688 ], [ -70.668416988528548, -27.697362627082242 ], [ -70.151849124527374, -27.807780002720573 ], [ -69.919482723179101, -28.313084963710274 ] ] ] ] } },
{ "type": "Feature", "properties": { "geogrid_id": "7428309784077803560", "seqnum": 12801.0, "lat_c": -28.309784442522037, "lon_c": -77.803560098076545, "res": 8.0, "count_Insects": 0, "count_Flowering Plants": 0, "count_Ferns": 0, "count_Reptiles": 0, "count_Mammals": 1, "count_Amphibians": 0, "count_Birds": 1, "count_Arachnids": 0, "count_Gymnosperms": 0, "count_Basidiomycota": 0, "count_Molluscs": 0, "count_Sac Fungi": 0, "count_Mosses": 0, "unique_species_count": 2.0, "countryCode": "CL" }, "geometry": { "type": "MultiPolygon", "coordinates": [ [ [ [ -77.169982096819325, -28.285440476310775 ], [ -77.480360093755223, -28.673271344003098 ], [ -78.11623091748551, -28.696930173874925 ], [ -78.435017395304172, -28.329816566813648 ], [ -78.122795559568786, -27.943057656991186 ], [ -77.493610100871095, -27.922379593135108 ], [ -77.169982096819325, -28.285440476310775 ] ] ] ] } },
{ "type": "Feature", "properties": { "geogrid_id": "7428490469071247592", "seqnum": 13052.0, "lat_c": -28.490468995276675, "lon_c": -71.247592375705764, "res": 8.0, "count_Insects": 95, "count_Flowering Plants": 262, "count_Ferns": 1, "count_Reptiles": 10, "count_Mammals": 16, "count_Amphibians": 1, "count_Birds": 97, "count_Arachnids": 10, "count_Gymnosperms": 0, "count_Basidiomycota": 3, "count_Molluscs": 22, "count_Sac Fungi": 1, "count_Mosses": 0, "unique_species_count": 518.0, "countryCode": "CL" }, "geometry": { "type": "MultiPolygon", "coordinates": [ [ [ [ -70.729020866410011, -28.602876046660146 ], [ -71.021038386350838, -29.000260873667848 ], [ -71.540643174179692, -28.886852878555445 ], [ -71.763708675979586, -28.374260454115255 ], [ -71.471996767891156, -27.978731769778747 ], [ -70.956870558585081, -28.093970366938688 ], [ -70.729020866410011, -28.602876046660146 ] ] ] ] } },
{ "type": "Feature", "properties": { "geogrid_id": "7428596519104530485", "seqnum": 37473.0, "lat_c": -28.59651891503421, "lon_c": -104.53048541066843, "res": 8.0, "count_Insects": 0, "count_Flowering Plants": 0, "count_Ferns": 0, "count_Reptiles": 0, "count_Mammals": 0, "count_Amphibians": 0, "count_Birds": 1, "count_Arachnids": 0, "count_Gymnosperms": 0, "count_Basidiomycota": 0, "count_Molluscs": 0, "count_Sac Fungi": 0, "count_Mosses": 0, "unique_species_count": 1.0, "countryCode": "CL" }, "geometry": { "type": "MultiPolygon", "coordinates": [ [ [ [ -103.997153158244984, -28.567709980592266 ], [ -104.285635318369913, -29.031411909692807 ], [ -104.820692555464689, -29.058840916306924 ], [ -105.064225864272785, -28.623050801834442 ], [ -104.77505050740865, -28.161979973837273 ], [ -104.243027251211544, -28.134069786544618 ], [ -103.997153158244984, -28.567709980592266 ] ] ] ] } },
{ "type": "Feature", "properties": { "geogrid_id": "7428644967076842224", "seqnum": 12883.0, "lat_c": -28.64496737447389, "lon_c": -76.842223653390661, "res": 8.0, "count_Insects": 0, "count_Flowering Plants": 0, "count_Ferns": 0, "count_Reptiles": 0, "count_Mammals": 1, "count_Amphibians": 0, "count_Birds": 0, "count_Arachnids": 0, "count_Gymnosperms": 0, "count_Basidiomycota": 0, "count_Molluscs": 0, "count_Sac Fungi": 0, "count_Mosses": 0, "unique_species_count": 1.0, "countryCode": "CL" }, "geometry": { "type": "MultiPolygon", "coordinates": [ [ [ [ -76.201645855327897, -28.611625090275385 ], [ -76.510169631270728, -29.000701537358815 ], [ -77.153034331409259, -29.033280731302828 ], [ -77.480360093755223, -28.673271344003098 ], [ -77.169982096819325, -28.285440476310775 ], [ -76.534115834092844, -28.256427013500232 ], [ -76.201645855327897, -28.611625090275385 ] ] ] ] } },
{ "type": "Feature", "properties": { "geogrid_id": "7428669318106132944", "seqnum": 37390.0, "lat_c": -28.669318333499842, "lon_c": -106.13294418571891, "res": 8.0, "count_Insects": 0, "count_Flowering Plants": 0, "count_Ferns": 0, "count_Reptiles": 1, "count_Mammals": 0, "count_Amphibians": 0, "count_Birds": 0, "count_Arachnids": 0, "count_Gymnosperms": 0, "count_Basidiomycota": 0, "count_Molluscs": 0, "count_Sac Fungi": 0, "count_Mosses": 0, "unique_species_count": 1.0, "countryCode": "CL" }, "geometry": { "type": "MultiPolygon", "coordinates": [ [ [ [ -105.598377466913306, -28.64731410952103 ], [ -105.892018966024196, -29.106814658849665 ], [ -106.428295673153073, -29.127377116942913 ], [ -106.667931089391701, -28.689074109388464 ], [ -106.373620568363776, -28.232257603680999 ], [ -105.840343075396262, -28.211063772880443 ], [ -105.598377466913306, -28.64731410952103 ] ] ] ] } },
{ "type": "Feature", "properties": { "geogrid_id": "7428716294078750000", "seqnum": 12800.0, "lat_c": -28.716293549144542, "lon_c": -78.749999999612001, "res": 8.0, "count_Insects": 0, "count_Flowering Plants": 0, "count_Ferns": 0, "count_Reptiles": 0, "count_Mammals": 0, "count_Amphibians": 0, "count_Birds": 1, "count_Arachnids": 0, "count_Gymnosperms": 0, "count_Basidiomycota": 0, "count_Molluscs": 0, "count_Sac Fungi": 0, "count_Mosses": 0, "unique_species_count": 1.0, "countryCode": "CL" }, "geometry": { "type": "MultiPolygon", "coordinates": [ [ [ [ -78.11623091748551, -28.696930173874925 ], [ -78.431688429433464, -29.083805492907626 ], [ -79.068311568930696, -29.083805487813031 ], [ -79.383769080882217, -28.696930168826935 ], [ -79.064982603110479, -28.329816561714924 ], [ -78.435017395304172, -28.329816566813648 ], [ -78.11623091748551, -28.696930173874925 ] ] ] ] } },
{ "type": "Feature", "properties": { "geogrid_id": "7428721889107739192", "seqnum": 37307.0, "lat_c": -28.721889357858448, "lon_c": -107.73919175613396, "res": 8.0, "count_Insects": 0, "count_Flowering Plants": 0, "count_Ferns": 0, "count_Reptiles": 1, "count_Mammals": 0, "count_Amphibians": 0, "count_Birds": 0, "count_Arachnids": 0, "count_Gymnosperms": 0, "count_Basidiomycota": 0, "count_Molluscs": 0, "count_Sac Fungi": 0, "count_Mosses": 0, "unique_species_count": 1.0, "countryCode": "CL" }, "geometry": { "type": "MultiPolygon", "coordinates": [ [ [ [ -107.203344434564087, -28.706593342734902 ], [ -107.502104044475999, -29.16170608885826 ], [ -108.039650963538278, -29.175497768273363 ], [ -108.275481961381814, -28.73497706906096 ], [ -107.976049155039149, -28.282594142493004 ], [ -107.441466233642714, -28.268008754356561 ], [ -107.203344434564087, -28.706593342734902 ] ] ] ] } },
{ "type": "Feature", "properties": { "geogrid_id": "7428767952110963997", "seqnum": 37141.0, "lat_c": -28.767952043822181, "lon_c": -110.96399656133258, "res": 8.0, "count_Insects": 0, "count_Flowering Plants": 0, "count_Ferns": 0, "count_Reptiles": 0, "count_Mammals": 1, "count_Amphibians": 0, "count_Birds": 0, "count_Arachnids": 0, "count_Gymnosperms": 0, "count_Basidiomycota": 0, "count_Molluscs": 0, "count_Sac Fungi": 0, "count_Mosses": 0, "unique_species_count": 1.0, "countryCode": "CL" }, "geometry": { "type": "MultiPolygon", "coordinates": [ [ [ [ -110.425303333618203, -28.765610776036034 ], [ -110.734262414519648, -29.21138886507077 ], [ -111.274667851821448, -29.212104811954411 ], [ -111.5032205401657, -28.768221441461975 ], [ -111.193463904566158, -28.325221270296627 ], [ -110.655978941219871, -28.323343730186767 ], [ -110.425303333618203, -28.765610776036034 ] ] ] ] } },
{ "type": "Feature", "properties": { "geogrid_id": "7428769670072057770", "seqnum": 13051.0, "lat_c": -28.769669649455437, "lon_c": -72.057770055386328, "res": 8.0, "count_Insects": 0, "count_Flowering Plants": 0, "count_Ferns": 0, "count_Reptiles": 0, "count_Mammals": 4, "count_Amphibians": 0, "count_Birds": 9, "count_Arachnids": 0, "count_Gymnosperms": 0, "count_Basidiomycota": 0, "count_Molluscs": 0, "count_Sac Fungi": 0, "count_Mosses": 0, "unique_species_count": 13.0, "countryCode": "CL" }, "geometry": { "type": "MultiPolygon", "coordinates": [ [ [ [ -71.540643174179692, -28.886852878555445 ], [ -71.836085087083035, -29.283115948780374 ], [ -72.354242973224174, -29.164952758819791 ], [ -72.572248983038079, -28.648590926482882 ], [ -72.277197496377326, -28.254126455595419 ], [ -71.763708675979586, -28.374260454115255 ], [ -71.540643174179692, -28.886852878555445 ] ] ] ] } },
{ "type": "Feature", "properties": { "geogrid_id": "7428816755069685148", "seqnum": 39379.0, "lat_c": -28.816754704691682, "lon_c": -69.685148438920422, "res": 8.0, "count_Insects": 2, "count_Flowering Plants": 31, "count_Ferns": 0, "count_Reptiles": 2, "count_Mammals": 1, "count_Amphibians": 0, "count_Birds": 2, "count_Arachnids": 0, "count_Gymnosperms": 0, "count_Basidiomycota": 0, "count_Molluscs": 0, "count_Sac Fungi": 0, "count_Mosses": 0, "unique_species_count": 38.0, "countryCode": "CL" }, "geometry": { "type": "MultiPolygon", "coordinates": [ [ [ [ -69.157954562143203, -28.917926219970866 ], [ -69.442599654544168, -29.317850701996562 ], [ -69.971159110975222, -29.215124264247844 ], [ -70.208155717012559, -28.711600154378221 ], [ -69.919482723179101, -28.313084963710274 ], [ -69.39753778948301, -28.417199774999382 ], [ -69.157954562143203, -28.917926219970866 ] ] ] ] } },
{ "type": "Feature", "properties": { "geogrid_id": "7428904357075205186", "seqnum": 12966.0, "lat_c": -28.904357085584245, "lon_c": -75.205185723865497, "res": 8.0, "count_Insects": 0, "count_Flowering Plants": 0, "count_Ferns": 0, "count_Reptiles": 0, "count_Mammals": 1, "count_Amphibians": 0, "count_Birds": 0, "count_Arachnids": 0, "count_Gymnosperms": 0, "count_Basidiomycota": 0, "count_Molluscs": 0, "count_Sac Fungi": 0, "count_Mosses": 0, "unique_species_count": 1.0, "countryCode": "CL" }, "geometry": { "type": "MultiPolygon", "coordinates": [ [ [ [ -74.701304442054379, -29.043926654487638 ], [ -75.006881690300702, -29.435287752919898 ], [ -75.511750413386366, -29.294906070897621 ], [ -75.705378893219773, -28.760305411139754 ], [ -75.400479038880491, -28.370325251723813 ], [ -74.901251460992256, -28.513625264594808 ], [ -74.701304442054379, -29.043926654487638 ] ] ] ] } },
{ "type": "Feature", "properties": { "geogrid_id": "7429042923072869732", "seqnum": 13050.0, "lat_c": -29.042923451210445, "lon_c": -72.869731865446141, "res": 8.0, "count_Insects": 0, "count_Flowering Plants": 0, "count_Ferns": 0, "count_Reptiles": 0, "count_Mammals": 1, "count_Amphibians": 0, "count_Birds": 4, "count_Arachnids": 0, "count_Gymnosperms": 0, "count_Basidiomycota": 0, "count_Molluscs": 0, "count_Sac Fungi": 0, "count_Mosses": 0, "unique_species_count": 5.0, "countryCode": "CL" }, "geometry": { "type": "MultiPolygon", "coordinates": [ [ [ [ -72.354242973224174, -29.164952758819791 ], [ -72.653190937909415, -29.560102749389817 ], [ -73.169709555857665, -29.437116493048912 ], [ -73.382373183622505, -28.916906186085104 ], [ -73.083898879127602, -28.523491021798257 ], [ -72.572248983038079, -28.648590926482882 ], [ -72.354242973224174, -29.164952758819791 ] ] ] ] } },
{ "type": "Feature", "properties": { "geogrid_id": "7429083972105356153", "seqnum": 37472.0, "lat_c": -29.083972386553341, "lon_c": -105.35615270548222, "res": 8.0, "count_Insects": 0, "count_Flowering Plants": 0, "count_Ferns": 0, "count_Reptiles": 1, "count_Mammals": 0, "count_Amphibians": 0, "count_Birds": 0, "count_Arachnids": 0, "count_Gymnosperms": 0, "count_Basidiomycota": 0, "count_Molluscs": 0, "count_Sac Fungi": 0, "count_Mosses": 0, "unique_species_count": 1.0, "countryCode": "CL" }, "geometry": { "type": "MultiPolygon", "coordinates": [ [ [ [ -104.820692555464689, -29.058840916306924 ], [ -105.113864202774465, -29.521065069010206 ], [ -105.651043828339525, -29.544773954872095 ], [ -105.892018966024196, -29.106814658849665 ], [ -105.598377466913306, -28.64731410952103 ], [ -105.064225864272785, -28.623050801834442 ], [ -104.820692555464689, -29.058840916306924 ] ] ] ] } },
{ "type": "Feature", "properties": { "geogrid_id": "7429110009070499115", "seqnum": 39378.0, "lat_c": -29.110008724786553, "lon_c": -70.49911535915038, "res": 8.0, "count_Insects": 62, "count_Flowering Plants": 122, "count_Ferns": 1, "count_Reptiles": 8, "count_Mammals": 7, "count_Amphibians": 1, "count_Birds": 43, "count_Arachnids": 1, "count_Gymnosperms": 0, "count_Basidiomycota": 0, "count_Molluscs": 0, "count_Sac Fungi": 1, "count_Mosses": 0, "unique_species_count": 246.0, "countryCode": "CL" }, "geometry": { "type": "MultiPolygon", "coordinates": [ [ [ [ -69.971159110975222, -29.215124264247844 ], [ -70.257363556053392, -29.613333363995295 ], [ -70.786709190751509, -29.506630388424167 ], [ -71.021038386350838, -29.000260873667848 ], [ -70.729020866410011, -28.602876046660146 ], [ -70.208155717012559, -28.711600154378221 ], [ -69.971159110975222, -29.215124264247844 ] ] ] ] } },
{ "type": "Feature", "properties": { "geogrid_id": "7429150091081487076", "seqnum": 39041.0, "lat_c": -29.150091186178873, "lon_c": -81.487075711929407, "res": 8.0, "count_Insects": 0, "count_Flowering Plants": 0, "count_Ferns": 0, "count_Reptiles": 0, "count_Mammals": 1, "count_Amphibians": 0, "count_Birds": 0, "count_Arachnids": 0, "count_Gymnosperms": 0, "count_Basidiomycota": 0, "count_Molluscs": 0, "count_Sac Fungi": 0, "count_Mosses": 0, "unique_species_count": 1.0, "countryCode": "CL" }, "geometry": { "type": "MultiPolygon", "coordinates": [ [ [ [ -80.989830366962607, -29.000701532564165 ], [ -81.176819103540524, -29.539672160773865 ], [ -81.678988630322507, -29.685262109087052 ], [ -81.988249582994186, -29.294906068401172 ], [ -81.794621103269165, -28.76030540859637 ], [ -81.298354142912032, -28.611625085527951 ], [ -80.989830366962607, -29.000701532564165 ] ] ] ] } },
{ "type": "Feature", "properties": { "geogrid_id": "7429397530071315426", "seqnum": 39377.0, "lat_c": -29.397529687878684, "lon_c": -71.315426096693173, "res": 8.0, "count_Insects": 171, "count_Flowering Plants": 303, "count_Ferns": 3, "count_Reptiles": 11, "count_Mammals": 35, "count_Amphibians": 1, "count_Birds": 146, "count_Arachnids": 26, "count_Gymnosperms": 3, "count_Basidiomycota": 1, "count_Molluscs": 42, "count_Sac Fungi": 6, "count_Mosses": 0, "unique_species_count": 748.0, "countryCode": "CL" }, "geometry": { "type": "MultiPolygon", "coordinates": [ [ [ [ -70.786709190751509, -29.506630388424167 ], [ -71.074373803651682, -29.903097790579455 ], [ -71.60450577178743, -29.792377602470385 ], [ -71.836085087083035, -29.283115948780374 ], [ -71.540643174179692, -28.886852878555445 ], [ -71.021038386350838, -29.000260873667848 ], [ -70.786709190751509, -29.506630388424167 ] ] ] ] } },
{ "type": "Feature", "properties": { "geogrid_id": "7429402974102969081", "seqnum": 37637.0, "lat_c": -29.402974282375634, "lon_c": -102.96908098048856, "res": 8.0, "count_Insects": 0, "count_Flowering Plants": 0, "count_Ferns": 0, "count_Reptiles": 0, "count_Mammals": 1, "count_Amphibians": 0, "count_Birds": 0, "count_Arachnids": 0, "count_Gymnosperms": 0, "count_Basidiomycota": 0, "count_Molluscs": 0, "count_Sac Fungi": 0, "count_Mosses": 0, "unique_species_count": 1.0, "countryCode": "CL" }, "geometry": { "type": "MultiPolygon", "coordinates": [ [ [ [ -102.43386529820846, -29.36760780180116 ], [ -102.721508129941142, -29.836665009822436 ], [ -103.258491792207209, -29.870693965500692 ], [ -103.504688930852879, -29.435998013929865 ], [ -103.216721947013937, -28.969632547472909 ], [ -102.682864321029186, -28.935269866710374 ], [ -102.43386529820846, -29.36760780180116 ] ] ] ] } },
{ "type": "Feature", "properties": { "geogrid_id": "7429470399078750000", "seqnum": 12881.0, "lat_c": -29.470398615330577, "lon_c": -78.749999999595943, "res": 8.0, "count_Insects": 0, "count_Flowering Plants": 0, "count_Ferns": 0, "count_Reptiles": 0, "count_Mammals": 0, "count_Amphibians": 0, "count_Birds": 1, "count_Arachnids": 0, "count_Gymnosperms": 0, "count_Basidiomycota": 0, "count_Molluscs": 0, "count_Sac Fungi": 0, "count_Mosses": 0, "unique_species_count": 1.0, "countryCode": "CL" }, "geometry": { "type": "MultiPolygon", "coordinates": [ [ [ [ -78.109418646175243, -29.448177206549342 ], [ -78.428234236290734, -29.83522882631004 ], [ -79.071765762022338, -29.835228821219747 ], [ -79.390581352140913, -29.448177201506141 ], [ -79.068311568930696, -29.083805487813031 ], [ -78.431688429433464, -29.083805492907626 ], [ -78.109418646175243, -29.448177206549342 ] ] ] ] } },
{ "type": "Feature", "properties": { "geogrid_id": "7429495037104577080", "seqnum": 37554.0, "lat_c": -29.495037443556068, "lon_c": -104.57707983819017, "res": 8.0, "count_Insects": 0, "count_Flowering Plants": 0, "count_Ferns": 0, "count_Reptiles": 1, "count_Mammals": 0, "count_Amphibians": 0, "count_Birds": 0, "count_Arachnids": 0, "count_Gymnosperms": 0, "count_Basidiomycota": 0, "count_Molluscs": 0, "count_Sac Fungi": 0, "count_Mosses": 0, "unique_species_count": 1.0, "countryCode": "CL" }, "geometry": { "type": "MultiPolygon", "coordinates": [ [ [ [ -104.040688477834394, -29.466683875010194 ], [ -104.333605018615131, -29.931665452165642 ], [ -104.871733724701855, -29.958617957640772 ], [ -105.113864202774465, -29.521065069010206 ], [ -104.820692555464689, -29.058840916306924 ], [ -104.285635318369913, -29.031411909692807 ], [ -104.040688477834394, -29.466683875010194 ] ] ] ] } },
{ "type": "Feature", "properties": { "geogrid_id": "7429566172106188622", "seqnum": 37471.0, "lat_c": -29.566172253471791, "lon_c": -106.18862213565151, "res": 8.0, "count_Insects": 0, "count_Flowering Plants": 0, "count_Ferns": 0, "count_Reptiles": 1, "count_Mammals": 0, "count_Amphibians": 0, "count_Birds": 1, "count_Arachnids": 0, "count_Gymnosperms": 0, "count_Basidiomycota": 0, "count_Molluscs": 0, "count_Sac Fungi": 0, "count_Mosses": 0, "unique_species_count": 2.0, "countryCode": "CL" }, "geometry": { "type": "MultiPolygon", "coordinates": [ [ [ [ -105.651043828339525, -29.544773954872095 ], [ -105.94914107146549, -30.005487083171108 ], [ -106.488425610250502, -30.025418558762375 ], [ -106.726603814303118, -29.585269175077372 ], [ -106.428295673153073, -29.127377116942913 ], [ -105.892018966024196, -29.106814658849665 ], [ -105.651043828339525, -29.544773954872095 ] ] ] ] } },
{ "type": "Feature", "properties": { "geogrid_id": "7429571372074498538", "seqnum": 13048.0, "lat_c": -29.571371885930276, "lon_c": -74.49853841720919, "res": 8.0, "count_Insects": 0, "count_Flowering Plants": 0, "count_Ferns": 0, "count_Reptiles": 0, "count_Mammals": 0, "count_Amphibians": 0, "count_Birds": 0, "count_Arachnids": 0, "count_Gymnosperms": 0, "count_Basidiomycota": 0, "count_Molluscs": 1, "count_Sac Fungi": 0, "count_Mosses": 0, "unique_species_count": 1.0, "countryCode": "CL" }, "geometry": { "type": "MultiPolygon", "coordinates": [ [ [ [ -73.986928260311259, -29.703288464032997 ], [ -74.293140105343454, -30.096238227549783 ], [ -74.805780563146698, -29.963416697990819 ], [ -75.006881690300702, -29.435287752919898 ], [ -74.701304442054379, -29.043926654487638 ], [ -74.193959280783346, -29.179154438822177 ], [ -73.986928260311259, -29.703288464032997 ] ] ] ] } },
{ "type": "Feature", "properties": { "geogrid_id": "7429616602107803803", "seqnum": 37388.0, "lat_c": -29.616601793708941, "lon_c": -107.80380306671671, "res": 8.0, "count_Insects": 0, "count_Flowering Plants": 0, "count_Ferns": 0, "count_Reptiles": 1, "count_Mammals": 1, "count_Amphibians": 0, "count_Birds": 0, "count_Arachnids": 0, "count_Gymnosperms": 0, "count_Basidiomycota": 0, "count_Molluscs": 0, "count_Sac Fungi": 0, "count_Mosses": 0, "unique_species_count": 2.0, "countryCode": "CL" }, "geometry": { "type": "MultiPolygon", "coordinates": [ [ [ [ -107.264994934582461, -29.602075113856685 ], [ -107.568181567351616, -30.058320294961444 ], [ -108.108667755835185, -30.071312223774207 ], [ -108.343037407737924, -29.628862437584857 ], [ -108.039650963538278, -29.175497768273363 ], [ -107.502104044475999, -29.16170608885826 ], [ -107.264994934582461, -29.602075113856685 ] ] ] ] } },
{ "type": "Feature", "properties": { "geogrid_id": "7429679252072133982", "seqnum": 39376.0, "lat_c": -29.679251699831795, "lon_c": -72.133981692169684, "res": 8.0, "count_Insects": 0, "count_Flowering Plants": 0, "count_Ferns": 0, "count_Reptiles": 0, "count_Mammals": 2, "count_Amphibians": 0, "count_Birds": 1, "count_Arachnids": 0, "count_Gymnosperms": 0, "count_Basidiomycota": 0, "count_Molluscs": 0, "count_Sac Fungi": 0, "count_Mosses": 0, "unique_species_count": 3.0, "countryCode": "CL" }, "geometry": { "type": "MultiPolygon", "coordinates": [ [ [ [ -71.60450577178743, -29.792377602470385 ], [ -71.89352698352242, -30.187079245632777 ], [ -72.424445575801741, -30.072302248451077 ], [ -72.653190937909415, -29.560102749389817 ], [ -72.354242973224174, -29.164952758819791 ], [ -71.836085087083035, -29.283115948780374 ], [ -71.60450577178743, -29.792377602470385 ] ] ] ] } },
{ "type": "Feature", "properties": { "geogrid_id": "7429717634069727397", "seqnum": 39460.0, "lat_c": -29.717634364586569, "lon_c": -69.727397307190969, "res": 8.0, "count_Insects": 4, "count_Flowering Plants": 19, "count_Ferns": 0, "count_Reptiles": 1, "count_Mammals": 1, "count_Amphibians": 0, "count_Birds": 6, "count_Arachnids": 0, "count_Gymnosperms": 0, "count_Basidiomycota": 0, "count_Molluscs": 0, "count_Sac Fungi": 0, "count_Mosses": 0, "unique_species_count": 31.0, "countryCode": "CL" }, "geometry": { "type": "MultiPolygon", "coordinates": [ [ [ [ -69.196818904214808, -29.819529235181228 ], [ -69.48012624334153, -30.220778734785952 ], [ -70.012175192290002, -30.117302799998583 ], [ -70.257363556053392, -29.613333363995295 ], [ -69.971159110975222, -29.215124264247844 ], [ -69.442599654544168, -29.317850701996562 ], [ -69.196818904214808, -29.819529235181228 ] ] ] ] } },
{ "type": "Feature", "properties": { "geogrid_id": "7429955112072954679", "seqnum": 39375.0, "lat_c": -29.955112147026174, "lon_c": -72.954678945757877, "res": 8.0, "count_Insects": 0, "count_Flowering Plants": 0, "count_Ferns": 0, "count_Reptiles": 0, "count_Mammals": 2, "count_Amphibians": 0, "count_Birds": 5, "count_Arachnids": 0, "count_Gymnosperms": 0, "count_Basidiomycota": 0, "count_Molluscs": 0, "count_Sac Fungi": 0, "count_Mosses": 0, "unique_species_count": 7.0, "countryCode": "CL" }, "geometry": { "type": "MultiPolygon", "coordinates": [ [ [ [ -72.424445575801741, -30.072302248451077 ], [ -72.714715485189458, -30.465216457860969 ], [ -73.246421134151419, -30.34634407809471 ], [ -73.472246950488042, -29.831162075135556 ], [ -73.169709555857665, -29.437116493048912 ], [ -72.653190937909415, -29.560102749389817 ], [ -72.424445575801741, -30.072302248451077 ] ] ] ] } },
{ "type": "Feature", "properties": { "geogrid_id": "7430011408070543594", "seqnum": 39459.0, "lat_c": -30.011407686359899, "lon_c": -70.543594057545832, "res": 8.0, "count_Insects": 169, "count_Flowering Plants": 246, "count_Ferns": 3, "count_Reptiles": 8, "count_Mammals": 13, "count_Amphibians": 0, "count_Birds": 101, "count_Arachnids": 11, "count_Gymnosperms": 1, "count_Basidiomycota": 6, "count_Molluscs": 3, "count_Sac Fungi": 8, "count_Mosses": 1, "unique_species_count": 570.0, "countryCode": "CL" }, "geometry": { "type": "MultiPolygon", "coordinates": [ [ [ [ -70.012175192290002, -30.117302799998583 ], [ -70.296745488691911, -30.516883064851879 ], [ -70.829667951363717, -30.409374424840454 ], [ -71.074373803651682, -29.903097790579455 ], [ -70.786709190751509, -29.506630388424167 ], [ -70.257363556053392, -29.613333363995295 ], [ -70.012175192290002, -30.117302799998583 ] ] ] ] } },
{ "type": "Feature", "properties": { "geogrid_id": "7430225052073777410", "seqnum": 39374.0, "lat_c": -30.225051773282097, "lon_c": -73.777410476690918, "res": 8.0, "count_Insects": 0, "count_Flowering Plants": 0, "count_Ferns": 0, "count_Reptiles": 0, "count_Mammals": 1, "count_Amphibians": 0, "count_Birds": 0, "count_Arachnids": 0, "count_Gymnosperms": 0, "count_Basidiomycota": 0, "count_Molluscs": 0, "count_Sac Fungi": 0, "count_Mosses": 0, "unique_species_count": 1.0, "countryCode": "CL" }, "geometry": { "type": "MultiPolygon", "coordinates": [ [ [ [ -73.246421134151419, -30.34634407809471 ], [ -73.537827570906813, -30.737451694708628 ], [ -74.070320858258569, -30.614446326198948 ], [ -74.293140105343454, -30.096238227549783 ], [ -73.986928260311259, -29.703288464032997 ], [ -73.472246950488042, -29.831162075135556 ], [ -73.246421134151419, -30.34634407809471 ] ] ] ] } },
{ "type": "Feature", "properties": { "geogrid_id": "7430299438071361932", "seqnum": 39458.0, "lat_c": -30.299438242557102, "lon_c": -71.361931515931317, "res": 8.0, "count_Insects": 369, "count_Flowering Plants": 494, "count_Ferns": 7, "count_Reptiles": 13, "count_Mammals": 30, "count_Amphibians": 2, "count_Birds": 179, "count_Arachnids": 38, "count_Gymnosperms": 3, "count_Basidiomycota": 17, "count_Molluscs": 88, "count_Sac Fungi": 12, "count_Mosses": 1, "unique_species_count": 1253.0, "countryCode": "CL" }, "geometry": { "type": "MultiPolygon", "coordinates": [ [ [ [ -70.829667951363717, -30.409374424840454 ], [ -71.115386450020637, -30.807262358067597 ], [ -71.649189099837244, -30.695680688968658 ], [ -71.89352698352242, -30.187079245632777 ], [ -71.60450577178743, -29.792377602470385 ], [ -71.074373803651682, -29.903097790579455 ], [ -70.829667951363717, -30.409374424840454 ] ] ] ] } },
{ "type": "Feature", "properties": { "geogrid_id": "7430489015074602065", "seqnum": 39373.0, "lat_c": -30.489014752749011, "lon_c": -74.602064794891334, "res": 8.0, "count_Insects": 0, "count_Flowering Plants": 0, "count_Ferns": 0, "count_Reptiles": 0, "count_Mammals": 2, "count_Amphibians": 0, "count_Birds": 0, "count_Arachnids": 0, "count_Gymnosperms": 0, "count_Basidiomycota": 0, "count_Molluscs": 0, "count_Sac Fungi": 0, "count_Mosses": 0, "unique_species_count": 2.0, "countryCode": "CL" }, "geometry": { "type": "MultiPolygon", "coordinates": [ [ [ [ -74.070320858258569, -30.614446326198948 ], [ -74.362747457426948, -31.003730831703649 ], [ -74.896029122355969, -30.876555779607806 ], [ -75.115753439935688, -30.355279077448618 ], [ -74.805780563146698, -29.963416697990819 ], [ -74.293140105343454, -30.096238227549783 ], [ -74.070320858258569, -30.614446326198948 ] ] ] ] } },
{ "type": "Feature", "properties": { "geogrid_id": "7430554713077772192", "seqnum": 13044.0, "lat_c": -30.554713400276896, "lon_c": -77.772191728914038, "res": 8.0, "count_Insects": 0, "count_Flowering Plants": 0, "count_Ferns": 0, "count_Reptiles": 0, "count_Mammals": 1, "count_Amphibians": 0, "count_Birds": 0, "count_Arachnids": 0, "count_Gymnosperms": 0, "count_Basidiomycota": 0, "count_Molluscs": 0, "count_Sac Fungi": 0, "count_Mosses": 0, "unique_species_count": 1.0, "countryCode": "CL" }, "geometry": { "type": "MultiPolygon", "coordinates": [ [ [ [ -77.270898181075324, -30.707075139292211 ], [ -77.592687941424799, -31.095723338621365 ], [ -78.095026321423745, -30.942583586125199 ], [ -78.424651629940342, -30.584035364499453 ], [ -78.10235259349389, -30.196745618163295 ], [ -77.452359856950153, -30.166577744854166 ], [ -77.270898181075324, -30.707075139292211 ] ] ] ] } },
{ "type": "Feature", "properties": { "geogrid_id": "7430554713079727808", "seqnum": 39286.0, "lat_c": -30.554713395291873, "lon_c": -79.727808269299985, "res": 8.0, "count_Insects": 0, "count_Flowering Plants": 0, "count_Ferns": 0, "count_Reptiles": 0, "count_Mammals": 0, "count_Amphibians": 0, "count_Birds": 1, "count_Arachnids": 0, "count_Gymnosperms": 0, "count_Basidiomycota": 0, "count_Molluscs": 0, "count_Sac Fungi": 0, "count_Mosses": 0, "unique_species_count": 1.0, "countryCode": "CL" }, "geometry": { "type": "MultiPolygon", "coordinates": [ [ [ [ -79.075348368321031, -30.584035359413647 ], [ -79.404973676787378, -30.942583581092208 ], [ -79.907312054744381, -31.095723336014508 ], [ -80.229101815147772, -30.707075136696595 ], [ -80.047640141267578, -30.16657773991696 ], [ -79.397647404770055, -30.196745613125081 ], [ -79.075348368321031, -30.584035359413647 ] ] ] ] } },
{ "type": "Feature", "properties": { "geogrid_id": "7430581664072182302", "seqnum": 39457.0, "lat_c": -30.581663705340414, "lon_c": -72.182301869777334, "res": 8.0, "count_Insects": 46, "count_Flowering Plants": 149, "count_Ferns": 6, "count_Reptiles": 8, "count_Mammals": 17, "count_Amphibians": 3, "count_Birds": 69, "count_Arachnids": 4, "count_Gymnosperms": 0, "count_Basidiomycota": 2, "count_Molluscs": 5, "count_Sac Fungi": 2, "count_Mosses": 0, "unique_species_count": 311.0, "countryCode": "CL" }, "geometry": { "type": "MultiPolygon", "coordinates": [ [ [ [ -71.649189099837244, -30.695680688968658 ], [ -71.935936573918468, -31.091855786740087 ], [ -72.470626424342612, -30.976161831332529 ], [ -72.714715485189458, -30.465216457860969 ], [ -72.424445575801741, -30.072302248451077 ], [ -71.89352698352242, -30.187079245632777 ], [ -71.649189099837244, -30.695680688968658 ] ] ] ] } },
{ "type": "Feature", "properties": { "geogrid_id": "7430621960069763174", "seqnum": 39541.0, "lat_c": -30.621959526814255, "lon_c": -69.763173735871774, "res": 8.0, "count_Insects": 4, "count_Flowering Plants": 4, "count_Ferns": 0, "count_Reptiles": 1, "count_Mammals": 2, "count_Amphibians": 0, "count_Birds": 6, "count_Arachnids": 0, "count_Gymnosperms": 0, "count_Basidiomycota": 0, "count_Molluscs": 0, "count_Sac Fungi": 0, "count_Mosses": 0, "unique_species_count": 17.0, "countryCode": "CL" }, "geometry": { "type": "MultiPolygon", "coordinates": [ [ [ [ -69.228962697785704, -30.724599271885033 ], [ -69.509938698299067, -31.127346293200979 ], [ -70.045750863509483, -31.023099985430814 ], [ -70.296745488691911, -30.516883064851879 ], [ -70.012175192290002, -30.117302799998583 ], [ -69.48012624334153, -30.220778734785952 ], [ -69.228962697785704, -30.724599271885033 ] ] ] ] } },
{ "type": "Feature", "properties": { "geogrid_id": "7430746949075428526", "seqnum": 39372.0, "lat_c": -30.746948758496941, "lon_c": -75.428526384861627, "res": 8.0, "count_Insects": 0, "count_Flowering Plants": 0, "count_Ferns": 0, "count_Reptiles": 0, "count_Mammals": 2, "count_Amphibians": 0, "count_Birds": 0, "count_Arachnids": 0, "count_Gymnosperms": 0, "count_Basidiomycota": 0, "count_Molluscs": 0, "count_Sac Fungi": 0, "count_Mosses": 0, "unique_species_count": 2.0, "countryCode": "CL" }, "geometry": { "type": "MultiPolygon", "coordinates": [ [ [ [ -74.896029122355969, -30.876555779607806 ], [ -75.189355410221538, -31.264003416972262 ], [ -75.723426358619747, -31.132622841503135 ], [ -75.939966148925322, -30.608236127533413 ], [ -75.626144183754221, -30.217452925766562 ], [ -75.115753439935688, -30.355279077448618 ], [ -74.896029122355969, -30.876555779607806 ] ] ] ] } },
{ "type": "Feature", "properties": { "geogrid_id": "7430746949082071474", "seqnum": 39121.0, "lat_c": -30.746948754330152, "lon_c": -82.07147361355193, "res": 8.0, "count_Insects": 0, "count_Flowering Plants": 0, "count_Ferns": 0, "count_Reptiles": 0, "count_Mammals": 1, "count_Amphibians": 0, "count_Birds": 0, "count_Arachnids": 0, "count_Gymnosperms": 0, "count_Basidiomycota": 0, "count_Molluscs": 0, "count_Sac Fungi": 0, "count_Mosses": 0, "unique_species_count": 1.0, "countryCode": "CL" }, "geometry": { "type": "MultiPolygon", "coordinates": [ [ [ [ -81.560033847238401, -30.608236125061143 ], [ -81.776573639746118, -31.132622837317957 ], [ -82.31064458806469, -31.264003412852741 ], [ -82.603970875978732, -30.876555775506773 ], [ -82.384246556228561, -30.355279075042784 ], [ -81.873855812463972, -30.217452923305231 ], [ -81.560033847238401, -30.608236125061143 ] ] ] ] } },
{ "type": "Feature", "properties": { "geogrid_id": "7430858025073004593", "seqnum": 39456.0, "lat_c": -30.858025344412539, "lon_c": -73.004593175273754, "res": 8.0, "count_Insects": 0, "count_Flowering Plants": 0, "count_Ferns": 0, "count_Reptiles": 0, "count_Mammals": 2, "count_Amphibians": 0, "count_Birds": 0, "count_Arachnids": 0, "count_Gymnosperms": 0, "count_Basidiomycota": 0, "count_Molluscs": 0, "count_Sac Fungi": 0, "count_Mosses": 0, "unique_species_count": 2.0, "countryCode": "CL" }, "geometry": { "type": "MultiPolygon", "coordinates": [ [ [ [ -72.470626424342612, -30.976161831332529 ], [ -72.758279258202634, -31.370606318956654 ], [ -73.293863660123648, -31.250761820607565 ], [ -73.537827570906813, -30.737451694708628 ], [ -73.246421134151419, -30.34634407809471 ], [ -72.714715485189458, -30.465216457860969 ], [ -72.470626424342612, -30.976161831332529 ] ] ] ] } },
{ "type": "Feature", "properties": { "geogrid_id": "7430916404070580904", "seqnum": 39540.0, "lat_c": -30.916403748023459, "lon_c": -70.580903647895354, "res": 8.0, "count_Insects": 82, "count_Flowering Plants": 151, "count_Ferns": 4, "count_Reptiles": 12, "count_Mammals": 4, "count_Amphibians": 2, "count_Birds": 99, "count_Arachnids": 6, "count_Gymnosperms": 1, "count_Basidiomycota": 6, "count_Molluscs": 4, "count_Sac Fungi": 7, "count_Mosses": 0, "unique_species_count": 378.0, "countryCode": "CL" }, "geometry": { "type": "MultiPolygon", "coordinates": [ [ [ [ -70.045750863509483, -31.023099985430814 ], [ -70.327628348983509, -31.424230016925396 ], [ -70.864427061882637, -31.31589503627146 ], [ -71.115386450020637, -30.807262358067597 ], [ -70.829667951363717, -30.409374424840454 ], [ -70.296745488691911, -30.516883064851879 ], [ -70.045750863509483, -31.023099985430814 ] ] ] ] } },
{ "type": "Feature", "properties": { "geogrid_id": "7430998805076256676", "seqnum": 39371.0, "lat_c": -30.998805026552141, "lon_c": -76.256675801892044, "res": 8.0, "count_Insects": 0, "count_Flowering Plants": 0, "count_Ferns": 0, "count_Reptiles": 0, "count_Mammals": 1, "count_Amphibians": 0, "count_Birds": 0, "count_Arachnids": 0, "count_Gymnosperms": 0, "count_Basidiomycota": 0, "count_Molluscs": 0, "count_Sac Fungi": 0, "count_Mosses": 0, "unique_species_count": 1.0, "countryCode": "CL" }, "geometry": { "type": "MultiPolygon", "coordinates": [ [ [ [ -75.723426358619747, -31.132622841503135 ], [ -76.017527850166601, -31.518222730675831 ], [ -76.552389164695043, -31.382601590760579 ], [ -76.765653696607544, -30.8550645699572 ], [ -76.447893200881381, -30.465352638750023 ], [ -75.939966148925322, -30.608236127533413 ], [ -75.723426358619747, -31.132622841503135 ] ] ] ] } },
{ "type": "Feature", "properties": { "geogrid_id": "7430998805081243324", "seqnum": 39203.0, "lat_c": -30.998805022302232, "lon_c": -81.243324196553843, "res": 8.0, "count_Insects": 0, "count_Flowering Plants": 0, "count_Ferns": 0, "count_Reptiles": 0, "count_Mammals": 1, "count_Amphibians": 0, "count_Birds": 0, "count_Arachnids": 0, "count_Gymnosperms": 0, "count_Basidiomycota": 0, "count_Molluscs": 0, "count_Sac Fungi": 0, "count_Mosses": 0, "unique_species_count": 1.0, "countryCode": "CL" }, "geometry": { "type": "MultiPolygon", "coordinates": [ [ [ [ -80.734346299557799, -30.855064567417909 ], [ -80.947610833705752, -31.382601586492786 ], [ -81.482472148153406, -31.518222726472661 ], [ -81.776573639746118, -31.132622837317957 ], [ -81.560033847238401, -30.608236125061143 ], [ -81.052106795338162, -30.46535263622183 ], [ -80.734346299557799, -30.855064567417909 ] ] ] ] } },
{ "type": "Feature", "properties": { "geogrid_id": "7431128468073828689", "seqnum": 39455.0, "lat_c": -31.128468096713497, "lon_c": -73.828689438344796, "res": 8.0, "count_Insects": 0, "count_Flowering Plants": 0, "count_Ferns": 0, "count_Reptiles": 0, "count_Mammals": 1, "count_Amphibians": 0, "count_Birds": 0, "count_Arachnids": 0, "count_Gymnosperms": 0, "count_Basidiomycota": 0, "count_Molluscs": 0, "count_Sac Fungi": 0, "count_Mosses": 0, "unique_species_count": 1.0, "countryCode": "CL" }, "geometry": { "type": "MultiPolygon", "coordinates": [ [ [ [ -73.293863660123648, -31.250761820607565 ], [ -73.582293944551623, -31.643460783603938 ], [ -74.118780583990159, -31.519428420071069 ], [ -74.362747457426948, -31.003730831703649 ], [ -74.070320858258569, -30.614446326198948 ], [ -73.537827570906813, -30.737451694708628 ], [ -73.293863660123648, -31.250761820607565 ] ] ] ] } },
{ "type": "Feature", "properties": { "geogrid_id": "7431128468083671311", "seqnum": 39038.0, "lat_c": -31.12846809274669, "lon_c": -83.671310559833486, "res": 8.0, "count_Insects": 0, "count_Flowering Plants": 0, "count_Ferns": 0, "count_Reptiles": 1, "count_Mammals": 1, "count_Amphibians": 0, "count_Birds": 0, "count_Arachnids": 0, "count_Gymnosperms": 0, "count_Basidiomycota": 0, "count_Molluscs": 0, "count_Sac Fungi": 0, "count_Mosses": 0, "unique_species_count": 2.0, "countryCode": "CL" }, "geometry": { "type": "MultiPolygon", "coordinates": [ [ [ [ -83.137252540829323, -31.00373082766928 ], [ -83.381219414138059, -31.519428416085603 ], [ -83.917706053498264, -31.643460779686865 ], [ -84.206136337977071, -31.250761816709218 ], [ -83.962172427323324, -30.737451690760846 ], [ -83.429679140048762, -30.614446322183518 ], [ -83.137252540829323, -31.00373082766928 ] ] ] ] } },
{ "type": "Feature", "properties": { "geogrid_id": "7431205102071400533", "seqnum": 39539.0, "lat_c": -31.205101922482761, "lon_c": -71.400533374380146, "res": 8.0, "count_Insects": 128, "count_Flowering Plants": 291, "count_Ferns": 8, "count_Reptiles": 12, "count_Mammals": 24, "count_Amphibians": 1, "count_Birds": 117, "count_Arachnids": 20, "count_Gymnosperms": 1, "count_Basidiomycota": 3, "count_Molluscs": 10, "count_Sac Fungi": 1, "count_Mosses": 0, "unique_species_count": 616.0, "countryCode": "CL" }, "geometry": { "type": "MultiPolygon", "coordinates": [ [ [ [ -70.864427061882637, -31.31589503627146 ], [ -71.147073625135278, -31.715388776221371 ], [ -71.684873785955801, -31.602925282422227 ], [ -71.935936573918468, -31.091855786740087 ], [ -71.649189099837244, -30.695680688968658 ], [ -71.115386450020637, -30.807262358067597 ], [ -70.864427061882637, -31.31589503627146 ] ] ] ] } },
{ "type": "Feature", "properties": { "geogrid_id": "7431244538080413610", "seqnum": 39285.0, "lat_c": -31.244538410794899, "lon_c": -80.413610217896249, "res": 8.0, "count_Insects": 0, "count_Flowering Plants": 0, "count_Ferns": 0, "count_Reptiles": 0, "count_Mammals": 1, "count_Amphibians": 0, "count_Birds": 0, "count_Arachnids": 0, "count_Gymnosperms": 0, "count_Basidiomycota": 0, "count_Molluscs": 0, "count_Sac Fungi": 0, "count_Mosses": 0, "unique_species_count": 1.0, "countryCode": "CL" }, "geometry": { "type": "MultiPolygon", "coordinates": [ [ [ [ -79.907312054744381, -31.095723336014508 ], [ -80.117209574882793, -31.626449831780654 ], [ -80.652862525718561, -31.766345834845186 ], [ -80.947610833705752, -31.382601586492786 ], [ -80.734346299557799, -30.855064567417909 ], [ -80.229101815147772, -30.707075136696595 ], [ -79.907312054744381, -31.095723336014508 ] ] ] ] } },
{ "type": "Feature", "properties": { "geogrid_id": "7431392941074654471", "seqnum": 39454.0, "lat_c": -31.392940631129402, "lon_c": -74.654470708137964, "res": 8.0, "count_Insects": 0, "count_Flowering Plants": 0, "count_Ferns": 0, "count_Reptiles": 0, "count_Mammals": 2, "count_Amphibians": 0, "count_Birds": 0, "count_Arachnids": 0, "count_Gymnosperms": 0, "count_Basidiomycota": 0, "count_Molluscs": 0, "count_Sac Fungi": 0, "count_Mosses": 0, "unique_species_count": 2.0, "countryCode": "CL" }, "geometry": { "type": "MultiPolygon", "coordinates": [ [ [ [ -74.118780583990159, -31.519428420071069 ], [ -74.407856223791029, -31.910369929787663 ], [ -74.945253119865143, -31.782113247069002 ], [ -75.189355410221538, -31.264003416972262 ], [ -74.896029122355969, -30.876555779607806 ], [ -74.362747457426948, -31.003730831703649 ], [ -74.118780583990159, -31.519428420071069 ] ] ] ] } },
{ "type": "Feature", "properties": { "geogrid_id": "7431392941082845529", "seqnum": 39120.0, "lat_c": -31.392940627076452, "lon_c": -82.845529290069038, "res": 8.0, "count_Insects": 0, "count_Flowering Plants": 0, "count_Ferns": 0, "count_Reptiles": 0, "count_Mammals": 1, "count_Amphibians": 0, "count_Birds": 0, "count_Arachnids": 0, "count_Gymnosperms": 0, "count_Basidiomycota": 0, "count_Molluscs": 0, "count_Sac Fungi": 0, "count_Mosses": 0, "unique_species_count": 1.0, "countryCode": "CL" }, "geometry": { "type": "MultiPolygon", "coordinates": [ [ [ [ -82.31064458806469, -31.264003412852741 ], [ -82.554746878294495, -31.782113242997877 ], [ -83.09214377428907, -31.910369925783943 ], [ -83.381219414138059, -31.519428416085603 ], [ -83.137252540829323, -31.00373082766928 ], [ -82.603970875978732, -30.876555775506773 ], [ -82.31064458806469, -31.264003412852741 ] ] ] ] } },
{ "type": "Feature", "properties": { "geogrid_id": "7431484107077917541", "seqnum": 39369.0, "lat_c": -31.484107458798206, "lon_c": -77.917541355635919, "res": 8.0, "count_Insects": 0, "count_Flowering Plants": 0, "count_Ferns": 0, "count_Reptiles": 0, "count_Mammals": 1, "count_Amphibians": 0, "count_Birds": 0, "count_Arachnids": 0, "count_Gymnosperms": 0, "count_Basidiomycota": 0, "count_Molluscs": 0, "count_Sac Fungi": 0, "count_Mosses": 0, "unique_species_count": 1.0, "countryCode": "CL" }, "geometry": { "type": "MultiPolygon", "coordinates": [ [ [ [ -77.382790423556727, -31.626449836129481 ], [ -77.678053378904778, -32.008333643381683 ], [ -78.214499435580009, -31.864129165007228 ], [ -78.42093727501522, -31.33017515670922 ], [ -78.095026321423745, -30.942583586125199 ], [ -77.592687941424799, -31.095723338621365 ], [ -77.382790423556727, -31.626449836129481 ] ] ] ] } },
{ "type": "Feature", "properties": { "geogrid_id": "7431484107079582459", "seqnum": 39367.0, "lat_c": -31.484107454386756, "lon_c": -79.582458642885825, "res": 8.0, "count_Insects": 0, "count_Flowering Plants": 0, "count_Ferns": 0, "count_Reptiles": 0, "count_Mammals": 1, "count_Amphibians": 0, "count_Birds": 0, "count_Arachnids": 0, "count_Gymnosperms": 0, "count_Basidiomycota": 0, "count_Molluscs": 0, "count_Sac Fungi": 0, "count_Mosses": 0, "unique_species_count": 1.0, "countryCode": "CL" }, "geometry": { "type": "MultiPolygon", "coordinates": [ [ [ [ -79.079062723193815, -31.330175151628122 ], [ -79.285500559346204, -31.864129161066398 ], [ -79.821946615972138, -32.008333639511832 ], [ -80.117209574882793, -31.626449831780654 ], [ -79.907312054744381, -31.095723336014508 ], [ -79.404973676787378, -30.942583581092208 ], [ -79.079062723193815, -31.330175151628122 ] ] ] ] } },
{ "type": "Feature", "properties": { "geogrid_id": "7431487996072221946", "seqnum": 39538.0, "lat_c": -31.4879959824578, "lon_c": -72.22194590166221, "res": 8.0, "count_Insects": 0, "count_Flowering Plants": 0, "count_Ferns": 0, "count_Reptiles": 0, "count_Mammals": 3, "count_Amphibians": 0, "count_Birds": 4, "count_Arachnids": 0, "count_Gymnosperms": 0, "count_Basidiomycota": 0, "count_Molluscs": 0, "count_Sac Fungi": 0, "count_Mosses": 0, "unique_species_count": 7.0, "countryCode": "CL" }, "geometry": { "type": "MultiPolygon", "coordinates": [ [ [ [ -71.684873785955801, -31.602925282422227 ], [ -71.9681525121661, -32.00076639612027 ], [ -72.506969589567134, -31.884135586725666 ], [ -72.758279258202634, -31.370606318956654 ], [ -72.470626424342612, -30.976161831332529 ], [ -71.935936573918468, -31.091855786740087 ], [ -71.684873785955801, -31.602925282422227 ] ] ] ] } },
{ "type": "Feature", "properties": { "geogrid_id": "7431651395075481813", "seqnum": 39453.0, "lat_c": -31.651395407965683, "lon_c": -75.481813183043855, "res": 8.0, "count_Insects": 0, "count_Flowering Plants": 0, "count_Ferns": 0, "count_Reptiles": 0, "count_Mammals": 1, "count_Amphibians": 0, "count_Birds": 0, "count_Arachnids": 0, "count_Gymnosperms": 0, "count_Basidiomycota": 0, "count_Molluscs": 0, "count_Sac Fungi": 0, "count_Mosses": 0, "unique_species_count": 1.0, "countryCode": "CL" }, "geometry": { "type": "MultiPolygon", "coordinates": [ [ [ [ -74.945253119865143, -31.782113247069002 ], [ -75.23483795378624, -32.171288480420898 ], [ -75.773153456879299, -32.038771826839216 ], [ -76.017527850166601, -31.518222730675831 ], [ -75.723426358619747, -31.132622841503135 ], [ -75.189355410221538, -31.264003416972262 ], [ -74.945253119865143, -31.782113247069002 ] ] ] ] } },
{ "type": "Feature", "properties": { "geogrid_id": "7431651395082018187", "seqnum": 39202.0, "lat_c": -31.651395403828069, "lon_c": -82.018186815195762, "res": 8.0, "count_Insects": 0, "count_Flowering Plants": 0, "count_Ferns": 0, "count_Reptiles": 0, "count_Mammals": 1, "count_Amphibians": 0, "count_Birds": 0, "count_Arachnids": 0, "count_Gymnosperms": 0, "count_Basidiomycota": 0, "count_Molluscs": 0, "count_Sac Fungi": 0, "count_Mosses": 0, "unique_species_count": 1.0, "countryCode": "CL" }, "geometry": { "type": "MultiPolygon", "coordinates": [ [ [ [ -81.482472148153406, -31.518222726472661 ], [ -81.726846541315695, -32.038771822683948 ], [ -82.265162044328051, -32.171288476332037 ], [ -82.554746878294495, -31.782113242997877 ], [ -82.31064458806469, -31.264003412852741 ], [ -81.776573639746118, -31.132622837317957 ], [ -81.482472148153406, -31.518222726472661 ] ] ] ] } },
{ "type": "Feature", "properties": { "geogrid_id": "7431765032073045020", "seqnum": 39537.0, "lat_c": -31.765031791000961, "lon_c": -73.045020266304988, "res": 8.0, "count_Insects": 0, "count_Flowering Plants": 0, "count_Ferns": 0, "count_Reptiles": 0, "count_Mammals": 2, "count_Amphibians": 0, "count_Birds": 0, "count_Arachnids": 0, "count_Gymnosperms": 0, "count_Basidiomycota": 0, "count_Molluscs": 0, "count_Sac Fungi": 0, "count_Mosses": 0, "unique_species_count": 2.0, "countryCode": "CL" }, "geometry": { "type": "MultiPolygon", "coordinates": [ [ [ [ -72.506969589567134, -31.884135586725666 ], [ -72.790739177126596, -32.280310843913938 ], [ -73.3305891928172, -32.159474876064742 ], [ -73.582293944551623, -31.643460783603938 ], [ -73.293863660123648, -31.250761820607565 ], [ -72.758279258202634, -31.370606318956654 ], [ -72.506969589567134, -31.884135586725666 ] ] ] ] } },
{ "type": "Feature", "properties": { "geogrid_id": "7431825381070608557", "seqnum": 39621.0, "lat_c": -31.825381112686916, "lon_c": -70.608556643548766, "res": 8.0, "count_Insects": 77, "count_Flowering Plants": 180, "count_Ferns": 4, "count_Reptiles": 13, "count_Mammals": 13, "count_Amphibians": 1, "count_Birds": 68, "count_Arachnids": 5, "count_Gymnosperms": 1, "count_Basidiomycota": 0, "count_Molluscs": 1, "count_Sac Fungi": 0, "count_Mosses": 0, "unique_species_count": 363.0, "countryCode": "CL" }, "geometry": { "type": "MultiPolygon", "coordinates": [ [ [ [ -70.069334566987493, -31.932897037460538 ], [ -70.347217070983717, -32.335764491194567 ], [ -70.888264293030645, -32.226586395519412 ], [ -71.147073625135278, -31.715388776221371 ], [ -70.864427061882637, -31.31589503627146 ], [ -70.327628348983509, -31.424230016925396 ], [ -70.069334566987493, -31.932897037460538 ] ] ] ] } },
{ "type": "Feature", "properties": { "geogrid_id": "7431903789076310589", "seqnum": 39452.0, "lat_c": -31.903788732947611, "lon_c": -76.310589329198038, "res": 8.0, "count_Insects": 0, "count_Flowering Plants": 0, "count_Ferns": 0, "count_Reptiles": 0, "count_Mammals": 0, "count_Amphibians": 0, "count_Birds": 1, "count_Arachnids": 0, "count_Gymnosperms": 0, "count_Basidiomycota": 0, "count_Molluscs": 0, "count_Sac Fungi": 0, "count_Mosses": 0, "unique_species_count": 1.0, "countryCode": "CL" }, "geometry": { "type": "MultiPolygon", "coordinates": [ [ [ [ -75.773153456879299, -32.038771826839216 ], [ -76.063107389830378, -32.426175179762041 ], [ -76.602350179899531, -32.289363640468693 ], [ -76.847137472639062, -31.766345839130441 ], [ -76.552389164695043, -31.382601590760579 ], [ -76.017527850166601, -31.518222730675831 ], [ -75.773153456879299, -32.038771826839216 ] ] ] ] } },
{ "type": "Feature", "properties": { "geogrid_id": "7431903789081189411", "seqnum": 39284.0, "lat_c": -31.903788728726877, "lon_c": -81.189410669078072, "res": 8.0, "count_Insects": 0, "count_Flowering Plants": 0, "count_Ferns": 0, "count_Reptiles": 0, "count_Mammals": 1, "count_Amphibians": 0, "count_Birds": 0, "count_Arachnids": 0, "count_Gymnosperms": 0, "count_Basidiomycota": 0, "count_Molluscs": 0, "count_Sac Fungi": 0, "count_Mosses": 0, "unique_species_count": 1.0, "countryCode": "CL" }, "geometry": { "type": "MultiPolygon", "coordinates": [ [ [ [ -80.652862525718561, -31.766345834845186 ], [ -80.897649814880154, -32.289363636742685 ], [ -81.436892604901402, -32.42617517610887 ], [ -81.726846541315695, -32.038771822683948 ], [ -81.482472148153406, -31.518222726472661 ], [ -80.947610833705752, -31.382601586492786 ], [ -80.652862525718561, -31.766345834845186 ] ] ] ] } },
{ "type": "Feature", "properties": { "geogrid_id": "7432036159083630368", "seqnum": 39119.0, "lat_c": -32.03615919735018, "lon_c": -83.630368337646928, "res": 8.0, "count_Insects": 0, "count_Flowering Plants": 0, "count_Ferns": 0, "count_Reptiles": 0, "count_Mammals": 1, "count_Amphibians": 0, "count_Birds": 0, "count_Arachnids": 0, "count_Gymnosperms": 0, "count_Basidiomycota": 0, "count_Molluscs": 0, "count_Sac Fungi": 0, "count_Mosses": 0, "unique_species_count": 1.0, "countryCode": "CL" }, "geometry": { "type": "MultiPolygon", "coordinates": [ [ [ [ -83.09214377428907, -31.910369925783943 ], [ -83.344396397699725, -32.428896190359261 ], [ -83.885295910446487, -32.553974277819393 ], [ -84.16941080510523, -32.159474872198587 ], [ -83.917706053498264, -31.643460779686865 ], [ -83.381219414138059, -31.519428416085603 ], [ -83.09214377428907, -31.910369925783943 ] ] ] ] } },
{ "type": "Feature", "properties": { "geogrid_id": "7432114919071428580", "seqnum": 39620.0, "lat_c": -32.114918531052915, "lon_c": -71.428580182652894, "res": 8.0, "count_Insects": 226, "count_Flowering Plants": 515, "count_Ferns": 12, "count_Reptiles": 11, "count_Mammals": 26, "count_Amphibians": 3, "count_Birds": 135, "count_Arachnids": 76, "count_Gymnosperms": 2, "count_Basidiomycota": 31, "count_Molluscs": 52, "count_Sac Fungi": 26, "count_Mosses": 6, "unique_species_count": 1121.0, "countryCode": "CL" }, "geometry": { "type": "MultiPolygon", "coordinates": [ [ [ [ -70.888264293030645, -32.226586395519412 ], [ -71.166456173025239, -32.627880657055087 ], [ -71.708660855259055, -32.514519629873597 ], [ -71.9681525121661, -32.00076639612027 ], [ -71.684873785955801, -31.602925282422227 ], [ -71.147073625135278, -31.715388776221371 ], [ -70.888264293030645, -32.226586395519412 ] ] ] ] } },
{ "type": "Feature", "properties": { "geogrid_id": "7432150081080359332", "seqnum": 39366.0, "lat_c": -32.150080801724741, "lon_c": -80.359331983478853, "res": 8.0, "count_Insects": 0, "count_Flowering Plants": 0, "count_Ferns": 0, "count_Reptiles": 0, "count_Mammals": 2, "count_Amphibians": 0, "count_Birds": 0, "count_Arachnids": 0, "count_Gymnosperms": 0, "count_Basidiomycota": 0, "count_Molluscs": 0, "count_Sac Fungi": 0, "count_Mosses": 0, "unique_species_count": 2.0, "countryCode": "CL" }, "geometry": { "type": "MultiPolygon", "coordinates": [ [ [ [ -79.821946615972138, -32.008333639511832 ], [ -79.807905360787515, -32.465106820264232 ], [ -80.347614717688842, -32.607438077776138 ], [ -80.897649814880154, -32.289363636742685 ], [ -80.652862525718561, -31.766345834845186 ], [ -80.117209574882793, -31.626449831780654 ], [ -79.821946615972138, -32.008333639511832 ] ] ] ] } },
{ "type": "Feature", "properties": { "geogrid_id": "7432301332082804348", "seqnum": 39201.0, "lat_c": -32.301332105881102, "lon_c": -82.804348448780416, "res": 8.0, "count_Insects": 0, "count_Flowering Plants": 0, "count_Ferns": 0, "count_Reptiles": 0, "count_Mammals": 1, "count_Amphibians": 0, "count_Birds": 0, "count_Arachnids": 0, "count_Gymnosperms": 0, "count_Basidiomycota": 0, "count_Molluscs": 0, "count_Sac Fungi": 0, "count_Mosses": 0, "unique_species_count": 1.0, "countryCode": "CL" }, "geometry": { "type": "MultiPolygon", "coordinates": [ [ [ [ -82.265162044328051, -32.171288476332037 ], [ -82.518119762979083, -32.692356745302227 ], [ -83.06008585238574, -32.821713108800552 ], [ -83.344396397699725, -32.428896190359261 ], [ -83.09214377428907, -31.910369925783943 ], [ -82.554746878294495, -31.782113242997877 ], [ -82.265162044328051, -32.171288476332037 ] ] ] ] } },
{ "type": "Feature", "properties": { "geogrid_id": "7432320303078230828", "seqnum": 39450.0, "lat_c": -32.320303336775858, "lon_c": -78.230827903693552, "res": 8.0, "count_Insects": 0, "count_Flowering Plants": 0, "count_Ferns": 0, "count_Reptiles": 0, "count_Mammals": 1, "count_Amphibians": 0, "count_Birds": 0, "count_Arachnids": 0, "count_Gymnosperms": 0, "count_Basidiomycota": 0, "count_Molluscs": 0, "count_Sac Fungi": 0, "count_Mosses": 0, "unique_species_count": 1.0, "countryCode": "CL" }, "geometry": { "type": "MultiPolygon", "coordinates": [ [ [ [ -77.692094631448001, -32.465106826261554 ], [ -78.227340411644292, -32.797688553134101 ], [ -78.749999998132949, -32.67322075720282 ], [ -78.749999998121609, -32.195680014326328 ], [ -78.214499435580009, -31.864129165007228 ], [ -77.678053378904778, -32.008333643381683 ], [ -77.692094631448001, -32.465106826261554 ] ] ] ] } },
{ "type": "Feature", "properties": { "geogrid_id": "7432320303079269172", "seqnum": 39449.0, "lat_c": -32.32030333785513, "lon_c": -79.269172090947322, "res": 8.0, "count_Insects": 0, "count_Flowering Plants": 0, "count_Ferns": 0, "count_Reptiles": 0, "count_Mammals": 2, "count_Amphibians": 0, "count_Birds": 0, "count_Arachnids": 0, "count_Gymnosperms": 0, "count_Basidiomycota": 0, "count_Molluscs": 0, "count_Sac Fungi": 0, "count_Mosses": 0, "unique_species_count": 2.0, "countryCode": "CL" }, "geometry": { "type": "MultiPolygon", "coordinates": [ [ [ [ -78.749999998132949, -32.67322075720282 ], [ -79.272659583029053, -32.797688554188369 ], [ -79.807905360787515, -32.465106820264232 ], [ -79.821946615972138, -32.008333639511832 ], [ -79.285500559346204, -31.864129161066398 ], [ -78.749999998121609, -32.195680014326328 ], [ -78.749999998132949, -32.67322075720282 ] ] ] ] } },
{ "type": "Feature", "properties": { "geogrid_id": "7432398661072250093", "seqnum": 39619.0, "lat_c": -32.398661075825203, "lon_c": -72.250092556446063, "res": 8.0, "count_Insects": 0, "count_Flowering Plants": 0, "count_Ferns": 0, "count_Reptiles": 0, "count_Mammals": 2, "count_Amphibians": 0, "count_Birds": 6, "count_Arachnids": 0, "count_Gymnosperms": 0, "count_Basidiomycota": 0, "count_Molluscs": 0, "count_Sac Fungi": 0, "count_Mosses": 0, "unique_species_count": 8.0, "countryCode": "CL" }, "geometry": { "type": "MultiPolygon", "coordinates": [ [ [ [ -71.708660855259055, -32.514519629873597 ], [ -71.987005232924247, -32.914229207351042 ], [ -72.530393384603954, -32.79664703984546 ], [ -72.790739177126596, -32.280310843913938 ], [ -72.506969589567134, -31.884135586725666 ], [ -71.9681525121661, -32.00076639612027 ], [ -71.708660855259055, -32.514519629873597 ] ] ] ] } },
{ "type": "Feature", "properties": { "geogrid_id": "7432442447069805451", "seqnum": 39703.0, "lat_c": -32.442447422928204, "lon_c": -69.805451271587984, "res": 8.0, "count_Insects": 1, "count_Flowering Plants": 8, "count_Ferns": 0, "count_Reptiles": 0, "count_Mammals": 1, "count_Amphibians": 0, "count_Birds": 7, "count_Arachnids": 0, "count_Gymnosperms": 0, "count_Basidiomycota": 0, "count_Molluscs": 0, "count_Sac Fungi": 0, "count_Mosses": 0, "unique_species_count": 17.0, "countryCode": "CL" }, "geometry": { "type": "MultiPolygon", "coordinates": [ [ [ [ -69.262980168483608, -32.546629904180854 ], [ -69.535333713125624, -32.952921602414442 ], [ -70.07977909685313, -32.847087234100243 ], [ -70.347217070983717, -32.335764491194567 ], [ -70.069334566987493, -31.932897037460538 ], [ -69.529419613257602, -32.037931398289146 ], [ -69.262980168483608, -32.546629904180854 ] ] ] ] } },
{ "type": "Feature", "properties": { "geogrid_id": "7432560508081977052", "seqnum": 39283.0, "lat_c": -32.56050850032527, "lon_c": -81.977052192372469, "res": 8.0, "count_Insects": 0, "count_Flowering Plants": 0, "count_Ferns": 0, "count_Reptiles": 0, "count_Mammals": 1, "count_Amphibians": 0, "count_Birds": 0, "count_Arachnids": 0, "count_Gymnosperms": 0, "count_Basidiomycota": 0, "count_Molluscs": 0, "count_Sac Fungi": 0, "count_Mosses": 0, "unique_species_count": 1.0, "countryCode": "CL" }, "geometry": { "type": "MultiPolygon", "coordinates": [ [ [ [ -81.436892604901402, -32.42617517610887 ], [ -81.429932480504675, -32.88465480653354 ], [ -81.972524591274848, -33.019525848444651 ], [ -82.518119762979083, -32.692356745302227 ], [ -82.265162044328051, -32.171288476332037 ], [ -81.726846541315695, -32.038771822683948 ], [ -81.436892604901402, -32.42617517610887 ] ] ] ] } },
{ "type": "Feature", "properties": { "geogrid_id": "7432676560073072964", "seqnum": 39618.0, "lat_c": -32.676559995337783, "lon_c": -73.072963610718205, "res": 8.0, "count_Insects": 0, "count_Flowering Plants": 0, "count_Ferns": 0, "count_Reptiles": 0, "count_Mammals": 1, "count_Amphibians": 0, "count_Birds": 1, "count_Arachnids": 0, "count_Gymnosperms": 0, "count_Basidiomycota": 0, "count_Molluscs": 0, "count_Sac Fungi": 0, "count_Mosses": 0, "unique_species_count": 2.0, "countryCode": "CL" }, "geometry": { "type": "MultiPolygon", "coordinates": [ [ [ [ -72.530393384603954, -32.79664703984546 ], [ -72.80872907829179, -33.194763953899788 ], [ -73.353327492911006, -33.072923333499745 ], [ -73.614704087428478, -32.553974281703468 ], [ -73.3305891928172, -32.159474876064742 ], [ -72.790739177126596, -32.280310843913938 ], [ -72.530393384603954, -32.79664703984546 ] ] ] ] } },
{ "type": "Feature", "properties": { "geogrid_id": "7432676560084427036", "seqnum": 39118.0, "lat_c": -32.676559991523817, "lon_c": -84.427036387078005, "res": 8.0, "count_Insects": 0, "count_Flowering Plants": 0, "count_Ferns": 0, "count_Reptiles": 1, "count_Mammals": 1, "count_Amphibians": 0, "count_Birds": 0, "count_Arachnids": 0, "count_Gymnosperms": 0, "count_Basidiomycota": 0, "count_Molluscs": 0, "count_Sac Fungi": 0, "count_Mosses": 0, "unique_species_count": 2.0, "countryCode": "CL" }, "geometry": { "type": "MultiPolygon", "coordinates": [ [ [ [ -83.885295910446487, -32.553974277819393 ], [ -84.146672501589407, -33.07292333021973 ], [ -84.691270916164143, -33.194763950696156 ], [ -84.969606613114038, -32.796647036102499 ], [ -84.709260820717759, -32.28031084011792 ], [ -84.16941080510523, -32.159474872198587 ], [ -83.885295910446487, -32.553974277819393 ] ] ] ] } },
{ "type": "Feature", "properties": { "geogrid_id": "7432738738070623491", "seqnum": 39702.0, "lat_c": -32.738738407077648, "lon_c": -70.623491177378455, "res": 8.0, "count_Insects": 300, "count_Flowering Plants": 516, "count_Ferns": 15, "count_Reptiles": 14, "count_Mammals": 21, "count_Amphibians": 3, "count_Birds": 92, "count_Arachnids": 31, "count_Gymnosperms": 2, "count_Basidiomycota": 22, "count_Molluscs": 8, "count_Sac Fungi": 4, "count_Mosses": 1, "unique_species_count": 1029.0, "countryCode": "CL" }, "geometry": { "type": "MultiPolygon", "coordinates": [ [ [ [ -70.07977909685313, -32.847087234100243 ], [ -70.352060482532025, -33.251885809127806 ], [ -70.89782546095924, -33.141854553829411 ], [ -71.166456173025239, -32.627880657055087 ], [ -70.888264293030645, -32.226586395519412 ], [ -70.347217070983717, -32.335764491194567 ], [ -70.07977909685313, -32.847087234100243 ] ] ] ] } },
{ "type": "Feature", "properties": { "geogrid_id": "7432747290080888293", "seqnum": 39365.0, "lat_c": -32.74728981981724, "lon_c": -80.888293027951917, "res": 8.0, "count_Insects": 0, "count_Flowering Plants": 0, "count_Ferns": 0, "count_Reptiles": 0, "count_Mammals": 2, "count_Amphibians": 0, "count_Birds": 0, "count_Arachnids": 0, "count_Gymnosperms": 0, "count_Basidiomycota": 0, "count_Molluscs": 0, "count_Sac Fungi": 0, "count_Mosses": 0, "unique_species_count": 2.0, "countryCode": "CL" }, "geometry": { "type": "MultiPolygon", "coordinates": [ [ [ [ -80.347614717688842, -32.607438077776138 ], [ -80.33929424236797, -33.065988403995235 ], [ -80.882458418302832, -33.20641105519686 ], [ -81.429932480504675, -32.88465480653354 ], [ -81.436892604901402, -32.42617517610887 ], [ -80.897649814880154, -32.289363636742685 ], [ -80.347614717688842, -32.607438077776138 ] ] ] ] } },
{ "type": "Feature", "properties": { "geogrid_id": "7432923070077702862", "seqnum": 39532.0, "lat_c": -32.923070500564705, "lon_c": -77.702861730499549, "res": 8.0, "count_Insects": 0, "count_Flowering Plants": 0, "count_Ferns": 0, "count_Reptiles": 0, "count_Mammals": 1, "count_Amphibians": 0, "count_Birds": 0, "count_Arachnids": 0, "count_Gymnosperms": 0, "count_Basidiomycota": 0, "count_Molluscs": 0, "count_Sac Fungi": 0, "count_Mosses": 0, "unique_species_count": 1.0, "countryCode": "CL" }, "geometry": { "type": "MultiPolygon", "coordinates": [ [ [ [ -77.160705749736977, -33.065988409899788 ], [ -77.695735143302187, -33.399681565272338 ], [ -78.223792801909852, -33.274423292520233 ], [ -78.227340411644292, -32.797688553134101 ], [ -77.692094631448001, -32.465106826261554 ], [ -77.152385274506102, -32.607438083667695 ], [ -77.160705749736977, -33.065988409899788 ] ] ] ] } },
{ "type": "Feature", "properties": { "geogrid_id": "7432923070079797138", "seqnum": 39530.0, "lat_c": -32.923070501626967, "lon_c": -79.79713826420668, "res": 8.0, "count_Insects": 0, "count_Flowering Plants": 0, "count_Ferns": 0, "count_Reptiles": 0, "count_Mammals": 2, "count_Amphibians": 0, "count_Birds": 0, "count_Arachnids": 0, "count_Gymnosperms": 0, "count_Basidiomycota": 0, "count_Molluscs": 0, "count_Sac Fungi": 0, "count_Mosses": 0, "unique_species_count": 2.0, "countryCode": "CL" }, "geometry": { "type": "MultiPolygon", "coordinates": [ [ [ [ -79.276207192796477, -33.274423293549596 ], [ -79.804264851437225, -33.39968156630983 ], [ -80.33929424236797, -33.065988403995235 ], [ -80.347614717688842, -32.607438077776138 ], [ -79.807905360787515, -32.465106820264232 ], [ -79.272659583029053, -32.797688554188369 ], [ -79.276207192796477, -33.274423293549596 ] ] ] ] } },
{ "type": "Feature", "properties": { "geogrid_id": "7432948571073897060", "seqnum": 39617.0, "lat_c": -32.948570860217231, "lon_c": -73.897059644802738, "res": 8.0, "count_Insects": 0, "count_Flowering Plants": 0, "count_Ferns": 0, "count_Reptiles": 0, "count_Mammals": 1, "count_Amphibians": 0, "count_Birds": 4, "count_Arachnids": 0, "count_Gymnosperms": 0, "count_Basidiomycota": 0, "count_Molluscs": 1, "count_Sac Fungi": 0, "count_Mosses": 0, "unique_species_count": 6.0, "countryCode": "CL" }, "geometry": { "type": "MultiPolygon", "coordinates": [ [ [ [ -73.353327492911006, -33.072923333499745 ], [ -73.894077995376819, -33.40910431072227 ], [ -74.439470489254944, -33.281757636968798 ], [ -74.439914142205495, -32.821713112231599 ], [ -74.155603600254537, -32.428896194312522 ], [ -73.614704087428478, -32.553974281703468 ], [ -73.353327492911006, -33.072923333499745 ] ] ] ] } },
{ "type": "Feature", "properties": { "geogrid_id": "7432948571083602940", "seqnum": 39200.0, "lat_c": -32.948570856861416, "lon_c": -83.602940349742795, "res": 8.0, "count_Insects": 0, "count_Flowering Plants": 0, "count_Ferns": 0, "count_Reptiles": 1, "count_Mammals": 1, "count_Amphibians": 0, "count_Birds": 0, "count_Arachnids": 0, "count_Gymnosperms": 0, "count_Basidiomycota": 0, "count_Molluscs": 0, "count_Sac Fungi": 0, "count_Mosses": 0, "unique_species_count": 2.0, "countryCode": "CL" }, "geometry": { "type": "MultiPolygon", "coordinates": [ [ [ [ -83.06008585238574, -32.821713108800552 ], [ -83.060529502747883, -33.281757631614248 ], [ -83.605921996589956, -33.409104305476703 ], [ -84.146672501589407, -33.07292333021973 ], [ -83.885295910446487, -32.553974277819393 ], [ -83.344396397699725, -32.428896190359261 ], [ -83.06008585238574, -32.821713108800552 ] ] ] ] } },
{ "type": "Feature", "properties": { "geogrid_id": "7433029300071442812", "seqnum": 39701.0, "lat_c": -33.029300383564284, "lon_c": -71.44281158327243, "res": 8.0, "count_Insects": 617, "count_Flowering Plants": 1033, "count_Ferns": 14, "count_Reptiles": 13, "count_Mammals": 42, "count_Amphibians": 3, "count_Birds": 196, "count_Arachnids": 78, "count_Gymnosperms": 8, "count_Basidiomycota": 107, "count_Molluscs": 78, "count_Sac Fungi": 54, "count_Mosses": 18, "unique_species_count": 2261.0, "countryCode": "CL" }, "geometry": { "type": "MultiPolygon", "coordinates": [ [ [ [ -70.89782546095924, -33.141854553829411 ], [ -71.169859647889538, -33.54515026575406 ], [ -71.716982190620996, -33.43088376692689 ], [ -71.987005232924247, -32.914229207351042 ], [ -71.708660855259055, -32.514519629873597 ], [ -71.166456173025239, -32.627880657055087 ], [ -70.89782546095924, -33.141854553829411 ] ] ] ] } },
{ "type": "Feature", "properties": { "geogrid_id": "7433150108078750000", "seqnum": 39531.0, "lat_c": -33.150107673491398, "lon_c": -78.749999998144474, "res": 8.0, "count_Insects": 0, "count_Flowering Plants": 0, "count_Ferns": 0, "count_Reptiles": 0, "count_Mammals": 1, "count_Amphibians": 0, "count_Birds": 1, "count_Arachnids": 0, "count_Gymnosperms": 0, "count_Basidiomycota": 0, "count_Molluscs": 1, "count_Sac Fungi": 0, "count_Mosses": 0, "unique_species_count": 3.0, "countryCode": "CL" }, "geometry": { "type": "MultiPolygon", "coordinates": [ [ [ [ -78.223792801909852, -33.274423292520233 ], [ -78.749999998156227, -33.62635166716634 ], [ -79.276207192796477, -33.274423293549596 ], [ -79.272659583029053, -32.797688554188369 ], [ -78.749999998132949, -32.67322075720282 ], [ -78.227340411644292, -32.797688553134101 ], [ -78.223792801909852, -33.274423292520233 ] ] ] ] } },
{ "type": "Feature", "properties": { "geogrid_id": "7433151896074983940", "seqnum": 39616.0, "lat_c": -33.151895818543984, "lon_c": -74.983939786155346, "res": 8.0, "count_Insects": 0, "count_Flowering Plants": 0, "count_Ferns": 0, "count_Reptiles": 0, "count_Mammals": 1, "count_Amphibians": 0, "count_Birds": 0, "count_Arachnids": 0, "count_Gymnosperms": 0, "count_Basidiomycota": 0, "count_Molluscs": 0, "count_Sac Fungi": 0, "count_Mosses": 0, "unique_species_count": 1.0, "countryCode": "CL" }, "geometry": { "type": "MultiPolygon", "coordinates": [ [ [ [ -74.439470489254944, -33.281757636968798 ], [ -74.982083862031502, -33.612632406735514 ], [ -75.528221541699111, -33.479740511405879 ], [ -75.527475400802558, -33.019525854015605 ], [ -74.981880231658465, -32.69235674880791 ], [ -74.439914142205495, -32.821713112231599 ], [ -74.439470489254944, -33.281757636968798 ] ] ] ] } },
{ "type": "Feature", "properties": { "geogrid_id": "7433151896082516060", "seqnum": 39282.0, "lat_c": -33.151895813080969, "lon_c": -82.516060205884372, "res": 8.0, "count_Insects": 0, "count_Flowering Plants": 0, "count_Ferns": 0, "count_Reptiles": 0, "count_Mammals": 1, "count_Amphibians": 0, "count_Birds": 0, "count_Arachnids": 0, "count_Gymnosperms": 0, "count_Basidiomycota": 0, "count_Molluscs": 0, "count_Sac Fungi": 0, "count_Mosses": 0, "unique_species_count": 1.0, "countryCode": "CL" }, "geometry": { "type": "MultiPolygon", "coordinates": [ [ [ [ -81.972524591274848, -33.019525848444651 ], [ -81.971778450285782, -33.47974050582345 ], [ -82.517916129914937, -33.612632401261557 ], [ -83.060529502747883, -33.281757631614248 ], [ -83.06008585238574, -32.821713108800552 ], [ -82.518119762979083, -32.692356745302227 ], [ -81.972524591274848, -33.019525848444651 ] ] ] ] } },
{ "type": "Feature", "properties": { "geogrid_id": "7433314086072263276", "seqnum": 39700.0, "lat_c": -33.314086230689476, "lon_c": -72.263276426278722, "res": 8.0, "count_Insects": 0, "count_Flowering Plants": 1, "count_Ferns": 0, "count_Reptiles": 0, "count_Mammals": 1, "count_Amphibians": 0, "count_Birds": 17, "count_Arachnids": 0, "count_Gymnosperms": 0, "count_Basidiomycota": 0, "count_Molluscs": 1, "count_Sac Fungi": 0, "count_Mosses": 0, "unique_species_count": 20.0, "countryCode": "CL" }, "geometry": { "type": "MultiPolygon", "coordinates": [ [ [ [ -71.716982190620996, -33.43088376692689 ], [ -72.252476053909561, -33.77598467068389 ], [ -72.800568652096928, -33.656224620840995 ], [ -72.80872907829179, -33.194763953899788 ], [ -72.530393384603954, -32.79664703984546 ], [ -71.987005232924247, -32.914229207351042 ], [ -71.716982190620996, -33.43088376692689 ] ] ] ] } },
{ "type": "Feature", "properties": { "geogrid_id": "7433344331076073377", "seqnum": 39615.0, "lat_c": -33.34433092182126, "lon_c": -76.073377255851298, "res": 8.0, "count_Insects": 0, "count_Flowering Plants": 0, "count_Ferns": 0, "count_Reptiles": 0, "count_Mammals": 1, "count_Amphibians": 0, "count_Birds": 1, "count_Arachnids": 0, "count_Gymnosperms": 0, "count_Basidiomycota": 0, "count_Molluscs": 0, "count_Sac Fungi": 0, "count_Mosses": 0, "unique_species_count": 2.0, "countryCode": "CL" }, "geometry": { "type": "MultiPolygon", "coordinates": [ [ [ [ -75.528221541699111, -33.479740511405879 ], [ -76.073242745798197, -33.805101227539588 ], [ -76.620055984250641, -33.666627034278555 ], [ -76.617541573761358, -33.20641106099459 ], [ -76.070067511611185, -32.884654812211906 ], [ -75.527475400802558, -33.019525854015605 ], [ -75.528221541699111, -33.479740511405879 ] ] ] ] } },
{ "type": "Feature", "properties": { "geogrid_id": "7433344331081426623", "seqnum": 39364.0, "lat_c": -33.344330916130907, "lon_c": -81.426622736172874, "res": 8.0, "count_Insects": 0, "count_Flowering Plants": 0, "count_Ferns": 0, "count_Reptiles": 0, "count_Mammals": 2, "count_Amphibians": 0, "count_Birds": 0, "count_Arachnids": 0, "count_Gymnosperms": 0, "count_Basidiomycota": 0, "count_Molluscs": 0, "count_Sac Fungi": 0, "count_Mosses": 0, "unique_species_count": 2.0, "countryCode": "CL" }, "geometry": { "type": "MultiPolygon", "coordinates": [ [ [ [ -80.882458418302832, -33.20641105519686 ], [ -80.879944007719374, -33.666627028468042 ], [ -81.426757246130862, -33.805101221836978 ], [ -81.971778450285782, -33.47974050582345 ], [ -81.972524591274848, -33.019525848444651 ], [ -81.429932480504675, -32.88465480653354 ], [ -80.882458418302832, -33.20641105519686 ] ] ] ] } },
{ "type": "Feature", "properties": { "geogrid_id": "7433359388069805531", "seqnum": 39784.0, "lat_c": -33.359388352028695, "lon_c": -69.805530848841585, "res": 8.0, "count_Insects": 95, "count_Flowering Plants": 262, "count_Ferns": 2, "count_Reptiles": 12, "count_Mammals": 12, "count_Amphibians": 1, "count_Birds": 81, "count_Arachnids": 6, "count_Gymnosperms": 1, "count_Basidiomycota": 0, "count_Molluscs": 0, "count_Sac Fungi": 3, "count_Mosses": 0, "unique_species_count": 475.0, "countryCode": "CL" }, "geometry": { "type": "MultiPolygon", "coordinates": [ [ [ [ -69.258251337648502, -33.464356502582476 ], [ -69.523664155276933, -33.872702201499145 ], [ -70.073185824907185, -33.766065501655866 ], [ -70.352060482532025, -33.251885809127806 ], [ -70.07977909685313, -32.847087234100243 ], [ -69.535333713125624, -32.952921602414442 ], [ -69.258251337648502, -33.464356502582476 ] ] ] ] } },
{ "type": "Feature", "properties": { "geogrid_id": "7433525633077165827", "seqnum": 39614.0, "lat_c": -33.525633369573384, "lon_c": -77.165827461649386, "res": 8.0, "count_Insects": 0, "count_Flowering Plants": 0, "count_Ferns": 0, "count_Reptiles": 0, "count_Mammals": 1, "count_Amphibians": 0, "count_Birds": 1, "count_Arachnids": 0, "count_Gymnosperms": 0, "count_Basidiomycota": 0, "count_Molluscs": 0, "count_Sac Fungi": 0, "count_Mosses": 0, "unique_species_count": 2.0, "countryCode": "CL" }, "geometry": { "type": "MultiPolygon", "coordinates": [ [ [ [ -76.620055984250641, -33.666627034278555 ], [ -77.154903813065218, -34.001513371730269 ], [ -77.688484774401346, -33.875657294252797 ], [ -77.695735143302187, -33.399681565272338 ], [ -77.160705749736977, -33.065988409899788 ], [ -76.617541573761358, -33.20641106099459 ], [ -76.620055984250641, -33.666627034278555 ] ] ] ] } },
{ "type": "Feature", "properties": { "geogrid_id": "7433525633080334173", "seqnum": 39611.0, "lat_c": -33.525633370616653, "lon_c": -80.33417253312345, "res": 8.0, "count_Insects": 0, "count_Flowering Plants": 0, "count_Ferns": 0, "count_Reptiles": 0, "count_Mammals": 2, "count_Amphibians": 0, "count_Birds": 3, "count_Arachnids": 0, "count_Gymnosperms": 0, "count_Basidiomycota": 0, "count_Molluscs": 0, "count_Sac Fungi": 0, "count_Mosses": 0, "unique_species_count": 5.0, "countryCode": "CL" }, "geometry": { "type": "MultiPolygon", "coordinates": [ [ [ [ -79.81151522037176, -33.875657295265619 ], [ -80.345096181741525, -34.00151337274896 ], [ -80.879944007719374, -33.666627028468042 ], [ -80.882458418302832, -33.20641105519686 ], [ -80.33929424236797, -33.065988403995235 ], [ -79.804264851437225, -33.39968156630983 ], [ -79.81151522037176, -33.875657295265619 ] ] ] ] } },
{ "type": "Feature", "properties": { "geogrid_id": "7433533929073347773", "seqnum": 39699.0, "lat_c": -33.533928918099789, "lon_c": -73.347773449537016, "res": 8.0, "count_Insects": 0, "count_Flowering Plants": 0, "count_Ferns": 0, "count_Reptiles": 0, "count_Mammals": 1, "count_Amphibians": 0, "count_Birds": 0, "count_Arachnids": 0, "count_Gymnosperms": 0, "count_Basidiomycota": 0, "count_Molluscs": 0, "count_Sac Fungi": 0, "count_Mosses": 0, "unique_species_count": 1.0, "countryCode": "CL" }, "geometry": { "type": "MultiPolygon", "coordinates": [ [ [ [ -72.800568652096928, -33.656224620840995 ], [ -73.337883540478501, -33.996128708795958 ], [ -73.886903734065314, -33.870833753061 ], [ -73.894077995376819, -33.40910431072227 ], [ -73.353327492911006, -33.072923333499745 ], [ -72.80872907829179, -33.194763953899788 ], [ -72.800568652096928, -33.656224620840995 ] ] ] ] } },
{ "type": "Feature", "properties": { "geogrid_id": "7433533929084152227", "seqnum": 39199.0, "lat_c": -33.533928912963717, "lon_c": -84.152226542394558, "res": 8.0, "count_Insects": 0, "count_Flowering Plants": 0, "count_Ferns": 0, "count_Reptiles": 1, "count_Mammals": 1, "count_Amphibians": 0, "count_Birds": 0, "count_Arachnids": 0, "count_Gymnosperms": 0, "count_Basidiomycota": 0, "count_Molluscs": 0, "count_Sac Fungi": 0, "count_Mosses": 0, "unique_species_count": 2.0, "countryCode": "CL" }, "geometry": { "type": "MultiPolygon", "coordinates": [ [ [ [ -83.605921996589956, -33.409104305476703 ], [ -83.613096257806717, -33.87083374780557 ], [ -84.162116451357676, -33.996128703650569 ], [ -84.699431339800356, -33.656224615814899 ], [ -84.691270916164143, -33.194763950696156 ], [ -84.146672501589407, -33.07292333021973 ], [ -83.605921996589956, -33.409104305476703 ] ] ] ] } },
{ "type": "Feature", "properties": { "geogrid_id": "7433656880070621923", "seqnum": 39783.0, "lat_c": -33.656879536653214, "lon_c": -70.62192269143749, "res": 8.0, "count_Insects": 621, "count_Flowering Plants": 1032, "count_Ferns": 20, "count_Reptiles": 19, "count_Mammals": 35, "count_Amphibians": 5, "count_Birds": 178, "count_Arachnids": 55, "count_Gymnosperms": 15, "count_Basidiomycota": 170, "count_Molluscs": 17, "count_Sac Fungi": 59, "count_Mosses": 11, "unique_species_count": 2237.0, "countryCode": "CL" }, "geometry": { "type": "MultiPolygon", "coordinates": [ [ [ [ -70.073185824907185, -33.766065501655866 ], [ -70.603005605575078, -34.119984906857994 ], [ -71.153680478736177, -34.007871307709912 ], [ -71.169859647889538, -33.54515026575406 ], [ -70.89782546095924, -33.141854553829411 ], [ -70.352060482532025, -33.251885809127806 ], [ -70.073185824907185, -33.766065501655866 ] ] ] ] } },
{ "type": "Feature", "properties": { "geogrid_id": "7433742999074434974", "seqnum": 39698.0, "lat_c": -33.742999249540311, "lon_c": -74.434974329327602, "res": 8.0, "count_Insects": 0, "count_Flowering Plants": 0, "count_Ferns": 0, "count_Reptiles": 0, "count_Mammals": 1, "count_Amphibians": 0, "count_Birds": 0, "count_Arachnids": 0, "count_Gymnosperms": 0, "count_Basidiomycota": 0, "count_Molluscs": 0, "count_Sac Fungi": 0, "count_Mosses": 0, "unique_species_count": 1.0, "countryCode": "CL" }, "geometry": { "type": "MultiPolygon", "coordinates": [ [ [ [ -73.886903734065314, -33.870833753061 ], [ -74.426645512966701, -34.205329307604607 ], [ -74.976527505677979, -34.074460070447643 ], [ -74.982083862031502, -33.612632406735514 ], [ -74.439470489254944, -33.281757636968798 ], [ -73.894077995376819, -33.40910431072227 ], [ -73.886903734065314, -33.870833753061 ] ] ] ] } },
{ "type": "Feature", "properties": { "geogrid_id": "7433742999083065026", "seqnum": 39281.0, "lat_c": -33.742999244175358, "lon_c": -83.065025662581206, "res": 8.0, "count_Insects": 0, "count_Flowering Plants": 0, "count_Ferns": 0, "count_Reptiles": 1, "count_Mammals": 1, "count_Amphibians": 0, "count_Birds": 0, "count_Arachnids": 0, "count_Gymnosperms": 0, "count_Basidiomycota": 0, "count_Molluscs": 0, "count_Sac Fungi": 0, "count_Mosses": 0, "unique_species_count": 2.0, "countryCode": "CL" }, "geometry": { "type": "MultiPolygon", "coordinates": [ [ [ [ -82.517916129914937, -33.612632401261557 ], [ -82.523472486171613, -34.074460064962494 ], [ -83.073354478844422, -34.205329302229011 ], [ -83.613096257806717, -33.87083374780557 ], [ -83.605921996589956, -33.409104305476703 ], [ -83.060529502747883, -33.281757631614248 ], [ -82.517916129914937, -33.612632401261557 ] ] ] ] } },
{ "type": "Feature", "properties": { "geogrid_id": "7433750518078220184", "seqnum": 39613.0, "lat_c": -33.750518450829738, "lon_c": -78.220183666923177, "res": 8.0, "count_Insects": 0, "count_Flowering Plants": 0, "count_Ferns": 0, "count_Reptiles": 0, "count_Mammals": 1, "count_Amphibians": 0, "count_Birds": 1, "count_Arachnids": 0, "count_Gymnosperms": 0, "count_Basidiomycota": 0, "count_Molluscs": 0, "count_Sac Fungi": 0, "count_Mosses": 0, "unique_species_count": 2.0, "countryCode": "CL" }, "geometry": { "type": "MultiPolygon", "coordinates": [ [ [ [ -77.688484774401346, -33.875657294252797 ], [ -78.216511551597264, -34.225984808326551 ], [ -78.749999998168178, -34.101963524563374 ], [ -78.749999998156227, -33.62635166716634 ], [ -78.223792801909852, -33.274423292520233 ], [ -77.695735143302187, -33.399681565272338 ], [ -77.688484774401346, -33.875657294252797 ] ] ] ] } },
{ "type": "Feature", "properties": { "geogrid_id": "7433750518079279816", "seqnum": 39612.0, "lat_c": -33.750518451834296, "lon_c": -79.279816327816633, "res": 8.0, "count_Insects": 18, "count_Flowering Plants": 83, "count_Ferns": 16, "count_Reptiles": 0, "count_Mammals": 7, "count_Amphibians": 1, "count_Birds": 17, "count_Arachnids": 24, "count_Gymnosperms": 1, "count_Basidiomycota": 5, "count_Molluscs": 16, "count_Sac Fungi": 10, "count_Mosses": 29, "unique_species_count": 227.0, "countryCode": "CL" }, "geometry": { "type": "MultiPolygon", "coordinates": [ [ [ [ -78.749999998168178, -34.101963524563374 ], [ -79.283488443176566, -34.225984809306389 ], [ -79.81151522037176, -33.875657295265619 ], [ -79.804264851437225, -33.39968156630983 ], [ -79.276207192796477, -33.274423293549596 ], [ -78.749999998156227, -33.62635166716634 ], [ -78.749999998168178, -34.101963524563374 ] ] ] ] } },
{ "type": "Feature", "properties": { "geogrid_id": "7433893202071703509", "seqnum": 39782.0, "lat_c": -33.893202415886442, "lon_c": -71.703508750995454, "res": 8.0, "count_Insects": 283, "count_Flowering Plants": 661, "count_Ferns": 10, "count_Reptiles": 6, "count_Mammals": 26, "count_Amphibians": 3, "count_Birds": 164, "count_Arachnids": 36, "count_Gymnosperms": 6, "count_Basidiomycota": 55, "count_Molluscs": 53, "count_Sac Fungi": 9, "count_Mosses": 1, "unique_species_count": 1313.0, "countryCode": "CL" }, "geometry": { "type": "MultiPolygon", "coordinates": [ [ [ [ -71.153680478736177, -34.007871307709912 ], [ -71.685250015038505, -34.356705519031628 ], [ -72.237043555028478, -34.239071574481429 ], [ -72.252476053909561, -33.77598467068389 ], [ -71.716982190620996, -33.43088376692689 ], [ -71.169859647889538, -33.54515026575406 ], [ -71.153680478736177, -34.007871307709912 ] ] ] ] } },
{ "type": "Feature", "properties": { "geogrid_id": "7433941048075525397", "seqnum": 39697.0, "lat_c": -33.941048152513183, "lon_c": -75.525396700552335, "res": 8.0, "count_Insects": 0, "count_Flowering Plants": 0, "count_Ferns": 0, "count_Reptiles": 0, "count_Mammals": 1, "count_Amphibians": 0, "count_Birds": 1, "count_Arachnids": 0, "count_Gymnosperms": 0, "count_Basidiomycota": 0, "count_Molluscs": 0, "count_Sac Fungi": 0, "count_Mosses": 0, "unique_species_count": 2.0, "countryCode": "CL" }, "geometry": { "type": "MultiPolygon", "coordinates": [ [ [ [ -74.976527505677979, -34.074460070447643 ], [ -75.519200480269234, -34.403351820960339 ], [ -76.069859695263872, -34.266870567274289 ], [ -76.073242745798197, -33.805101227539588 ], [ -75.528221541699111, -33.479740511405879 ], [ -74.982083862031502, -33.612632406735514 ], [ -74.976527505677979, -34.074460070447643 ] ] ] ] } },
{ "type": "Feature", "properties": { "geogrid_id": "7433941048081974603", "seqnum": 39363.0, "lat_c": -33.94104814691903, "lon_c": -81.974603291336578, "res": 8.0, "count_Insects": 0, "count_Flowering Plants": 0, "count_Ferns": 0, "count_Reptiles": 0, "count_Mammals": 1, "count_Amphibians": 0, "count_Birds": 0, "count_Arachnids": 0, "count_Gymnosperms": 0, "count_Basidiomycota": 0, "count_Molluscs": 0, "count_Sac Fungi": 0, "count_Mosses": 0, "unique_species_count": 1.0, "countryCode": "CL" }, "geometry": { "type": "MultiPolygon", "coordinates": [ [ [ [ -81.426757246130862, -33.805101221836978 ], [ -81.430140296566762, -34.266870561559188 ], [ -81.980799511520274, -34.403351815354235 ], [ -82.523472486171613, -34.074460064962494 ], [ -82.517916129914937, -33.612632401261557 ], [ -81.971778450285782, -33.47974050582345 ], [ -81.426757246130862, -33.805101221836978 ] ] ] ] } },
{ "type": "Feature", "properties": { "geogrid_id": "7434118877072787926", "seqnum": 39781.0, "lat_c": -34.118876993221868, "lon_c": -72.787925881807794, "res": 8.0, "count_Insects": 0, "count_Flowering Plants": 0, "count_Ferns": 0, "count_Reptiles": 0, "count_Mammals": 1, "count_Amphibians": 0, "count_Birds": 1, "count_Arachnids": 0, "count_Gymnosperms": 0, "count_Basidiomycota": 0, "count_Molluscs": 0, "count_Sac Fungi": 0, "count_Mosses": 0, "unique_species_count": 2.0, "countryCode": "CL" }, "geometry": { "type": "MultiPolygon", "coordinates": [ [ [ [ -72.237043555028478, -34.239071574481429 ], [ -72.771036594214578, -34.582605316204251 ], [ -73.32388798892373, -34.45940941086711 ], [ -73.337883540478501, -33.996128708795958 ], [ -72.800568652096928, -33.656224620840995 ], [ -72.252476053909561, -33.77598467068389 ], [ -72.237043555028478, -34.239071574481429 ] ] ] ] } },
{ "type": "Feature", "properties": { "geogrid_id": "7434118877084712074", "seqnum": 39198.0, "lat_c": -34.118876988187026, "lon_c": -84.712074109993438, "res": 8.0, "count_Insects": 0, "count_Flowering Plants": 0, "count_Ferns": 0, "count_Reptiles": 0, "count_Mammals": 1, "count_Amphibians": 0, "count_Birds": 0, "count_Arachnids": 0, "count_Gymnosperms": 0, "count_Basidiomycota": 0, "count_Molluscs": 0, "count_Sac Fungi": 0, "count_Mosses": 0, "unique_species_count": 1.0, "countryCode": "CL" }, "geometry": { "type": "MultiPolygon", "coordinates": [ [ [ [ -84.162116451357676, -33.996128703650569 ], [ -84.176112002813184, -34.459409405712201 ], [ -84.728963397486666, -34.582605311160457 ], [ -85.262956436738776, -34.239071569557623 ], [ -85.247523937954341, -33.77598466576827 ], [ -84.699431339800356, -33.656224615814899 ], [ -84.162116451357676, -33.996128703650569 ] ] ] ] } },
{ "type": "Feature", "properties": { "geogrid_id": "7434127844076619442", "seqnum": 39696.0, "lat_c": -34.127844314857988, "lon_c": -76.61944220678491, "res": 8.0, "count_Insects": 0, "count_Flowering Plants": 0, "count_Ferns": 0, "count_Reptiles": 0, "count_Mammals": 1, "count_Amphibians": 0, "count_Birds": 0, "count_Arachnids": 0, "count_Gymnosperms": 0, "count_Basidiomycota": 0, "count_Molluscs": 0, "count_Sac Fungi": 0, "count_Mosses": 0, "unique_species_count": 1.0, "countryCode": "CL" }, "geometry": { "type": "MultiPolygon", "coordinates": [ [ [ [ -76.069859695263872, -34.266870567274289 ], [ -76.604556880179004, -34.603033060369135 ], [ -77.143788963231572, -34.476773864024935 ], [ -77.154903813065218, -34.001513371730269 ], [ -76.620055984250641, -33.666627034278555 ], [ -76.073242745798197, -33.805101227539588 ], [ -76.069859695263872, -34.266870567274289 ] ] ] ] } },
{ "type": "Feature", "properties": { "geogrid_id": "7434127844080880558", "seqnum": 39692.0, "lat_c": -34.127844315880267, "lon_c": -80.880557788055796, "res": 8.0, "count_Insects": 3, "count_Flowering Plants": 13, "count_Ferns": 2, "count_Reptiles": 0, "count_Mammals": 5, "count_Amphibians": 0, "count_Birds": 0, "count_Arachnids": 1, "count_Gymnosperms": 0, "count_Basidiomycota": 0, "count_Molluscs": 2, "count_Sac Fungi": 0, "count_Mosses": 25, "unique_species_count": 51.0, "countryCode": "CL" }, "geometry": { "type": "MultiPolygon", "coordinates": [ [ [ [ -80.356211031609604, -34.47677386501914 ], [ -80.895443114696363, -34.603033061366993 ], [ -81.430140296566762, -34.266870561559188 ], [ -81.426757246130862, -33.805101221836978 ], [ -80.879944007719374, -33.666627028468042 ], [ -80.345096181741525, -34.00151337274896 ], [ -80.356211031609604, -34.47677386501914 ] ] ] ] } },
{ "type": "Feature", "properties": { "geogrid_id": "7434229537070051499", "seqnum": 39865.0, "lat_c": -34.229536889865777, "lon_c": -70.051499126214424, "res": 8.0, "count_Insects": 76, "count_Flowering Plants": 220, "count_Ferns": 3, "count_Reptiles": 15, "count_Mammals": 21, "count_Amphibians": 2, "count_Birds": 63, "count_Arachnids": 23, "count_Gymnosperms": 2, "count_Basidiomycota": 3, "count_Molluscs": 0, "count_Sac Fungi": 1, "count_Mosses": 1, "unique_species_count": 430.0, "countryCode": "CL" }, "geometry": { "type": "MultiPolygon", "coordinates": [ [ [ [ -69.499176654299546, -34.336521055432222 ], [ -70.024546395874907, -34.694175809965124 ], [ -70.578986365851677, -34.584264294960498 ], [ -70.603005605575078, -34.119984906857994 ], [ -70.073185824907185, -33.766065501655866 ], [ -69.523664155276933, -33.872702201499145 ], [ -69.499176654299546, -34.336521055432222 ] ] ] ] } },
{ "type": "Feature", "properties": { "geogrid_id": "7434333648073875762", "seqnum": 39780.0, "lat_c": -34.333648262125244, "lon_c": -73.875761764695099, "res": 8.0, "count_Insects": 0, "count_Flowering Plants": 0, "count_Ferns": 0, "count_Reptiles": 0, "count_Mammals": 1, "count_Amphibians": 0, "count_Birds": 0, "count_Arachnids": 0, "count_Gymnosperms": 0, "count_Basidiomycota": 0, "count_Molluscs": 0, "count_Sac Fungi": 0, "count_Mosses": 0, "unique_species_count": 1.0, "countryCode": "CL" }, "geometry": { "type": "MultiPolygon", "coordinates": [ [ [ [ -73.32388798892373, -34.45940941086711 ], [ -73.86086457467907, -34.797445097663989 ], [ -74.414692016243649, -34.668647068195298 ], [ -74.426645512966701, -34.205329307604607 ], [ -73.886903734065314, -33.870833753061 ], [ -73.337883540478501, -33.996128708795958 ], [ -73.32388798892373, -34.45940941086711 ] ] ] ] } },
{ "type": "Feature", "properties": { "geogrid_id": "7434333648083624238", "seqnum": 39280.0, "lat_c": -34.333648256859725, "lon_c": -83.62423822707845, "res": 8.0, "count_Insects": 0, "count_Flowering Plants": 0, "count_Ferns": 0, "count_Reptiles": 0, "count_Mammals": 1, "count_Amphibians": 0, "count_Birds": 0, "count_Arachnids": 0, "count_Gymnosperms": 0, "count_Basidiomycota": 0, "count_Molluscs": 0, "count_Sac Fungi": 0, "count_Mosses": 0, "unique_species_count": 1.0, "countryCode": "CL" }, "geometry": { "type": "MultiPolygon", "coordinates": [ [ [ [ -83.073354478844422, -34.205329302229011 ], [ -83.085307975466208, -34.668647062808851 ], [ -83.639135416992332, -34.797445092388195 ], [ -84.176112002813184, -34.459409405712201 ], [ -84.162116451357676, -33.996128703650569 ], [ -83.613096257806717, -33.87083374780557 ], [ -83.073354478844422, -34.205329302229011 ] ] ] ] } },
{ "type": "Feature", "properties": { "geogrid_id": "7434351008077681108", "seqnum": 39695.0, "lat_c": -34.351008502440557, "lon_c": -77.681107689390146, "res": 8.0, "count_Insects": 0, "count_Flowering Plants": 0, "count_Ferns": 0, "count_Reptiles": 0, "count_Mammals": 1, "count_Amphibians": 0, "count_Birds": 0, "count_Arachnids": 0, "count_Gymnosperms": 0, "count_Basidiomycota": 0, "count_Molluscs": 0, "count_Sac Fungi": 0, "count_Mosses": 0, "unique_species_count": 1.0, "countryCode": "CL" }, "geometry": { "type": "MultiPolygon", "coordinates": [ [ [ [ -77.143788963231572, -34.476773864024935 ], [ -77.673600854008924, -34.825745896305179 ], [ -78.212774951389804, -34.700833032481071 ], [ -78.216511551597264, -34.225984808326551 ], [ -77.688484774401346, -33.875657294252797 ], [ -77.154903813065218, -34.001513371730269 ], [ -77.143788963231572, -34.476773864024935 ] ] ] ] } },
{ "type": "Feature", "properties": { "geogrid_id": "7434351008079818892", "seqnum": 39693.0, "lat_c": -34.351008503428801, "lon_c": -79.81889230541718, "res": 8.0, "count_Insects": 0, "count_Flowering Plants": 0, "count_Ferns": 0, "count_Reptiles": 0, "count_Mammals": 1, "count_Amphibians": 0, "count_Birds": 0, "count_Arachnids": 0, "count_Gymnosperms": 0, "count_Basidiomycota": 0, "count_Molluscs": 0, "count_Sac Fungi": 0, "count_Mosses": 0, "unique_species_count": 1.0, "countryCode": "CL" }, "geometry": { "type": "MultiPolygon", "coordinates": [ [ [ [ -79.287225043418573, -34.700833033436282 ], [ -79.826399140833161, -34.825745897268938 ], [ -80.356211031609604, -34.47677386501914 ], [ -80.345096181741525, -34.00151337274896 ], [ -79.81151522037176, -33.875657295265619 ], [ -79.283488443176566, -34.225984809306389 ], [ -79.287225043418573, -34.700833033436282 ] ] ] ] } },
{ "type": "Feature", "properties": { "geogrid_id": "7434471772071132559", "seqnum": 39864.0, "lat_c": -34.471771998245536, "lon_c": -71.132559368290529, "res": 8.0, "count_Insects": 270, "count_Flowering Plants": 492, "count_Ferns": 9, "count_Reptiles": 9, "count_Mammals": 17, "count_Amphibians": 2, "count_Birds": 113, "count_Arachnids": 29, "count_Gymnosperms": 3, "count_Basidiomycota": 49, "count_Molluscs": 5, "count_Sac Fungi": 8, "count_Mosses": 3, "unique_species_count": 1009.0, "countryCode": "CL" }, "geometry": { "type": "MultiPolygon", "coordinates": [ [ [ [ -70.578986365851677, -34.584264294960498 ], [ -71.106750861591934, -34.936728619754014 ], [ -71.662453948796156, -34.821272114221202 ], [ -71.685250015038505, -34.356705519031628 ], [ -71.153680478736177, -34.007871307709912 ], [ -70.603005605575078, -34.119984906857994 ], [ -70.578986365851677, -34.584264294960498 ] ] ] ] } },
{ "type": "Feature", "properties": { "geogrid_id": "7434537280074967474", "seqnum": 39779.0, "lat_c": -34.537279993826211, "lon_c": -74.967474403028035, "res": 8.0, "count_Insects": 0, "count_Flowering Plants": 0, "count_Ferns": 0, "count_Reptiles": 0, "count_Mammals": 1, "count_Amphibians": 0, "count_Birds": 0, "count_Arachnids": 0, "count_Gymnosperms": 0, "count_Basidiomycota": 0, "count_Molluscs": 0, "count_Sac Fungi": 0, "count_Mosses": 0, "unique_species_count": 1.0, "countryCode": "CL" }, "geometry": { "type": "MultiPolygon", "coordinates": [ [ [ [ -74.414692016243649, -34.668647068195298 ], [ -74.955117524309046, -35.00100050205851 ], [ -75.509822226345378, -34.866561464911989 ], [ -75.519200480269234, -34.403351820960339 ], [ -74.976527505677979, -34.074460070447643 ], [ -74.426645512966701, -34.205329307604607 ], [ -74.414692016243649, -34.668647068195298 ] ] ] ] } },
{ "type": "Feature", "properties": { "geogrid_id": "7434537280082532526", "seqnum": 39362.0, "lat_c": -34.537279988329658, "lon_c": -82.532525588721199, "res": 8.0, "count_Insects": 0, "count_Flowering Plants": 0, "count_Ferns": 0, "count_Reptiles": 0, "count_Mammals": 1, "count_Amphibians": 0, "count_Birds": 0, "count_Arachnids": 0, "count_Gymnosperms": 0, "count_Basidiomycota": 0, "count_Molluscs": 0, "count_Sac Fungi": 0, "count_Mosses": 0, "unique_species_count": 1.0, "countryCode": "CL" }, "geometry": { "type": "MultiPolygon", "coordinates": [ [ [ [ -81.980799511520274, -34.403351815354235 ], [ -81.990177765341343, -34.86656145929372 ], [ -82.544882467336393, -35.001000496550361 ], [ -83.085307975466208, -34.668647062808851 ], [ -83.073354478844422, -34.205329302229011 ], [ -82.523472486171613, -34.074460064962494 ], [ -81.980799511520274, -34.403351815354235 ] ] ] ] } },
{ "type": "Feature", "properties": { "geogrid_id": "7434576954078750000", "seqnum": 39694.0, "lat_c": -34.576953917146035, "lon_c": -78.749999998180357, "res": 8.0, "count_Insects": 0, "count_Flowering Plants": 0, "count_Ferns": 0, "count_Reptiles": 0, "count_Mammals": 1, "count_Amphibians": 0, "count_Birds": 0, "count_Arachnids": 0, "count_Gymnosperms": 0, "count_Basidiomycota": 0, "count_Molluscs": 0, "count_Sac Fungi": 0, "count_Mosses": 0, "unique_species_count": 1.0, "countryCode": "CL" }, "geometry": { "type": "MultiPolygon", "coordinates": [ [ [ [ -78.212774951389804, -34.700833032481071 ], [ -78.749999998192749, -35.051333404207568 ], [ -79.287225043418573, -34.700833033436282 ], [ -79.283488443176566, -34.225984809306389 ], [ -78.749999998168178, -34.101963524563374 ], [ -78.216511551597264, -34.225984808326551 ], [ -78.212774951389804, -34.700833032481071 ] ] ] ] } },
{ "type": "Feature", "properties": { "geogrid_id": "7434703229072217221", "seqnum": 39863.0, "lat_c": -34.703228632782427, "lon_c": -72.217220663745067, "res": 8.0, "count_Insects": 117, "count_Flowering Plants": 280, "count_Ferns": 6, "count_Reptiles": 7, "count_Mammals": 19, "count_Amphibians": 3, "count_Birds": 130, "count_Arachnids": 26, "count_Gymnosperms": 4, "count_Basidiomycota": 19, "count_Molluscs": 31, "count_Sac Fungi": 1, "count_Mosses": 0, "unique_species_count": 643.0, "countryCode": "CL" }, "geometry": { "type": "MultiPolygon", "coordinates": [ [ [ [ -71.662453948796156, -34.821272114221202 ], [ -72.19323488476924, -35.168346665563533 ], [ -72.750123024358345, -35.047302633802794 ], [ -72.771036594214578, -34.582605316204251 ], [ -72.237043555028478, -34.239071574481429 ], [ -71.685250015038505, -34.356705519031628 ], [ -71.662453948796156, -34.821272114221202 ] ] ] ] } },
{ "type": "Feature", "properties": { "geogrid_id": "7434729550076063414", "seqnum": 39778.0, "lat_c": -34.729550457361462, "lon_c": -76.063414001211498, "res": 8.0, "count_Insects": 0, "count_Flowering Plants": 0, "count_Ferns": 0, "count_Reptiles": 0, "count_Mammals": 1, "count_Amphibians": 0, "count_Birds": 0, "count_Arachnids": 0, "count_Gymnosperms": 0, "count_Basidiomycota": 0, "count_Molluscs": 0, "count_Sac Fungi": 0, "count_Mosses": 0, "unique_species_count": 1.0, "countryCode": "CL" }, "geometry": { "type": "MultiPolygon", "coordinates": [ [ [ [ -75.509822226345378, -34.866561464911989 ], [ -76.044395434736657, -35.204084318250082 ], [ -76.589408957127063, -35.07761871781441 ], [ -76.604556880179004, -34.603033060369135 ], [ -76.069859695263872, -34.266870567274289 ], [ -75.519200480269234, -34.403351820960339 ], [ -75.509822226345378, -34.866561464911989 ] ] ] ] } },
{ "type": "Feature", "properties": { "geogrid_id": "7434729550081436586", "seqnum": 39773.0, "lat_c": -34.729550458360748, "lon_c": -81.436585993698372, "res": 8.0, "count_Insects": 0, "count_Flowering Plants": 0, "count_Ferns": 0, "count_Reptiles": 0, "count_Mammals": 1, "count_Amphibians": 0, "count_Birds": 0, "count_Arachnids": 0, "count_Gymnosperms": 0, "count_Basidiomycota": 0, "count_Molluscs": 0, "count_Sac Fungi": 0, "count_Mosses": 0, "unique_species_count": 1.0, "countryCode": "CL" }, "geometry": { "type": "MultiPolygon", "coordinates": [ [ [ [ -80.910591037783504, -35.077618718787946 ], [ -81.455604560208641, -35.204084319225068 ], [ -81.990177765341343, -34.86656145929372 ], [ -81.980799511520274, -34.403351815354235 ], [ -81.430140296566762, -34.266870561559188 ], [ -80.895443114696363, -34.603033061366993 ], [ -80.910591037783504, -35.077618718787946 ] ] ] ] } },
{ "type": "Feature", "properties": { "geogrid_id": "7434923666073306004", "seqnum": 39862.0, "lat_c": -34.923666213969156, "lon_c": -73.306004029900905, "res": 8.0, "count_Insects": 1, "count_Flowering Plants": 0, "count_Ferns": 0, "count_Reptiles": 0, "count_Mammals": 4, "count_Amphibians": 0, "count_Birds": 8, "count_Arachnids": 0, "count_Gymnosperms": 0, "count_Basidiomycota": 0, "count_Molluscs": 0, "count_Sac Fungi": 0, "count_Mosses": 0, "unique_species_count": 13.0, "countryCode": "CL" }, "geometry": { "type": "MultiPolygon", "coordinates": [ [ [ [ -72.750123024358345, -35.047302633802794 ], [ -73.284436657075801, -35.388802226237203 ], [ -73.84241294535363, -35.262129166743264 ], [ -73.86086457467907, -34.797445097663989 ], [ -73.32388798892373, -34.45940941086711 ], [ -72.771036594214578, -34.582605316204251 ], [ -72.750123024358345, -35.047302633802794 ] ] ] ] } },
{ "type": "Feature", "properties": { "geogrid_id": "7434923666084193996", "seqnum": 39279.0, "lat_c": -34.923666208804541, "lon_c": -84.193995961733023, "res": 8.0, "count_Insects": 0, "count_Flowering Plants": 0, "count_Ferns": 0, "count_Reptiles": 0, "count_Mammals": 1, "count_Amphibians": 0, "count_Birds": 0, "count_Arachnids": 0, "count_Gymnosperms": 0, "count_Basidiomycota": 0, "count_Molluscs": 0, "count_Sac Fungi": 0, "count_Mosses": 0, "unique_species_count": 1.0, "countryCode": "CL" }, "geometry": { "type": "MultiPolygon", "coordinates": [ [ [ [ -83.639135416992332, -34.797445092388195 ], [ -83.657587046212001, -35.262129161457018 ], [ -84.215563334451417, -35.388802221062726 ], [ -84.749876967239075, -35.047302628749868 ], [ -84.728963397486666, -34.582605311160457 ], [ -84.176112002813184, -34.459409405712201 ], [ -83.639135416992332, -34.797445092388195 ] ] ] ] } },
{ "type": "Feature", "properties": { "geogrid_id": "7434951426077132478", "seqnum": 39777.0, "lat_c": -34.951425624119452, "lon_c": -77.132478323643483, "res": 8.0, "count_Insects": 0, "count_Flowering Plants": 0, "count_Ferns": 0, "count_Reptiles": 0, "count_Mammals": 1, "count_Amphibians": 0, "count_Birds": 0, "count_Arachnids": 0, "count_Gymnosperms": 0, "count_Basidiomycota": 0, "count_Molluscs": 0, "count_Sac Fungi": 0, "count_Mosses": 0, "unique_species_count": 1.0, "countryCode": "CL" }, "geometry": { "type": "MultiPolygon", "coordinates": [ [ [ [ -76.589408957127063, -35.07761871781441 ], [ -77.120967148441125, -35.425479330493779 ], [ -77.665961130035626, -35.299880076865605 ], [ -77.673600854008924, -34.825745896305179 ], [ -77.143788963231572, -34.476773864024935 ], [ -76.604556880179004, -34.603033060369135 ], [ -76.589408957127063, -35.07761871781441 ] ] ] ] } },
{ "type": "Feature", "properties": { "geogrid_id": "7434951426080367522", "seqnum": 39774.0, "lat_c": -34.951425625089286, "lon_c": -80.36752167123268, "res": 8.0, "count_Insects": 0, "count_Flowering Plants": 0, "count_Ferns": 0, "count_Reptiles": 0, "count_Mammals": 1, "count_Amphibians": 0, "count_Birds": 0, "count_Arachnids": 0, "count_Gymnosperms": 0, "count_Basidiomycota": 0, "count_Molluscs": 0, "count_Sac Fungi": 0, "count_Mosses": 0, "unique_species_count": 1.0, "countryCode": "CL" }, "geometry": { "type": "MultiPolygon", "coordinates": [ [ [ [ -79.834038864841773, -35.299880077804985 ], [ -80.379032846470565, -35.425479331439334 ], [ -80.910591037783504, -35.077618718787946 ], [ -80.895443114696363, -34.603033061366993 ], [ -80.356211031609604, -34.47677386501914 ], [ -79.826399140833161, -34.825745897268938 ], [ -79.834038864841773, -35.299880077804985 ] ] ] ] } },
{ "type": "Feature", "properties": { "geogrid_id": "7435049591070550126", "seqnum": 39946.0, "lat_c": -35.049591120796777, "lon_c": -70.550126467467834, "res": 8.0, "count_Insects": 156, "count_Flowering Plants": 281, "count_Ferns": 11, "count_Reptiles": 11, "count_Mammals": 6, "count_Amphibians": 2, "count_Birds": 38, "count_Arachnids": 24, "count_Gymnosperms": 3, "count_Basidiomycota": 6, "count_Molluscs": 0, "count_Sac Fungi": 1, "count_Mosses": 0, "unique_species_count": 539.0, "countryCode": "CL" }, "geometry": { "type": "MultiPolygon", "coordinates": [ [ [ [ -69.992596476343834, -35.159852707435213 ], [ -70.516671033597575, -35.515849031615375 ], [ -71.076493886901829, -35.402627296974799 ], [ -71.106750861591934, -34.936728619754014 ], [ -70.578986365851677, -34.584264294960498 ], [ -70.024546395874907, -34.694175809965124 ], [ -69.992596476343834, -35.159852707435213 ] ] ] ] } },
{ "type": "Feature", "properties": { "geogrid_id": "7435132859074399311", "seqnum": 39861.0, "lat_c": -35.132859176756625, "lon_c": -74.399310617149098, "res": 8.0, "count_Insects": 0, "count_Flowering Plants": 0, "count_Ferns": 0, "count_Reptiles": 0, "count_Mammals": 1, "count_Amphibians": 0, "count_Birds": 1, "count_Arachnids": 0, "count_Gymnosperms": 0, "count_Basidiomycota": 0, "count_Molluscs": 0, "count_Sac Fungi": 0, "count_Mosses": 0, "unique_species_count": 2.0, "countryCode": "CL" }, "geometry": { "type": "MultiPolygon", "coordinates": [ [ [ [ -73.84241294535363, -35.262129166743264 ], [ -74.380687538360732, -35.597879185550624 ], [ -74.939639737531039, -35.465536602694186 ], [ -74.955117524309046, -35.00100050205851 ], [ -74.414692016243649, -34.668647068195298 ], [ -73.86086457467907, -34.797445097663989 ], [ -73.84241294535363, -35.262129166743264 ] ] ] ] } },
{ "type": "Feature", "properties": { "geogrid_id": "7435132859083100689", "seqnum": 39361.0, "lat_c": -35.132859171359151, "lon_c": -83.100689374455953, "res": 8.0, "count_Insects": 0, "count_Flowering Plants": 0, "count_Ferns": 0, "count_Reptiles": 0, "count_Mammals": 1, "count_Amphibians": 0, "count_Birds": 0, "count_Arachnids": 0, "count_Gymnosperms": 0, "count_Basidiomycota": 0, "count_Molluscs": 0, "count_Sac Fungi": 0, "count_Mosses": 0, "unique_species_count": 1.0, "countryCode": "CL" }, "geometry": { "type": "MultiPolygon", "coordinates": [ [ [ [ -82.544882467336393, -35.001000496550361 ], [ -82.560360254007179, -35.465536597174264 ], [ -83.119312453136047, -35.597879180141966 ], [ -83.657587046212001, -35.262129161457018 ], [ -83.639135416992332, -34.797445092388195 ], [ -83.085307975466208, -34.668647062808851 ], [ -82.544882467336393, -35.001000496550361 ] ] ] ] } },
{ "type": "Feature", "properties": { "geogrid_id": "7435175074078208972", "seqnum": 39776.0, "lat_c": -35.175073680751652, "lon_c": -78.208972310270013, "res": 8.0, "count_Insects": 0, "count_Flowering Plants": 0, "count_Ferns": 0, "count_Reptiles": 0, "count_Mammals": 1, "count_Amphibians": 0, "count_Birds": 0, "count_Arachnids": 0, "count_Gymnosperms": 0, "count_Basidiomycota": 0, "count_Molluscs": 0, "count_Sac Fungi": 0, "count_Mosses": 0, "unique_species_count": 1.0, "countryCode": "CL" }, "geometry": { "type": "MultiPolygon", "coordinates": [ [ [ [ -77.665961130035626, -35.299880076865605 ], [ -78.205102018581485, -35.648717203312287 ], [ -78.749999998205382, -35.525112435510536 ], [ -78.749999998192749, -35.051333404207568 ], [ -78.212774951389804, -34.700833032481071 ], [ -77.673600854008924, -34.825745896305179 ], [ -77.665961130035626, -35.299880076865605 ] ] ] ] } },
{ "type": "Feature", "properties": { "geogrid_id": "7435175074079291028", "seqnum": 39775.0, "lat_c": -35.175073681682321, "lon_c": -79.291027684573478, "res": 8.0, "count_Insects": 0, "count_Flowering Plants": 0, "count_Ferns": 0, "count_Reptiles": 0, "count_Mammals": 1, "count_Amphibians": 0, "count_Birds": 0, "count_Arachnids": 0, "count_Gymnosperms": 0, "count_Basidiomycota": 0, "count_Molluscs": 0, "count_Sac Fungi": 0, "count_Mosses": 0, "unique_species_count": 1.0, "countryCode": "CL" }, "geometry": { "type": "MultiPolygon", "coordinates": [ [ [ [ -78.749999998205382, -35.525112435510536 ], [ -79.294897976297676, -35.648717204218499 ], [ -79.834038864841773, -35.299880077804985 ], [ -79.826399140833161, -34.825745897268938 ], [ -79.287225043418573, -34.700833033436282 ], [ -78.749999998192749, -35.051333404207568 ], [ -78.749999998205382, -35.525112435510536 ] ] ] ] } },
{ "type": "Feature", "properties": { "geogrid_id": "7435286791071635354", "seqnum": 39945.0, "lat_c": -35.286790716034361, "lon_c": -71.635353614784549, "res": 8.0, "count_Insects": 237, "count_Flowering Plants": 428, "count_Ferns": 6, "count_Reptiles": 5, "count_Mammals": 21, "count_Amphibians": 3, "count_Birds": 102, "count_Arachnids": 26, "count_Gymnosperms": 5, "count_Basidiomycota": 55, "count_Molluscs": 6, "count_Sac Fungi": 11, "count_Mosses": 2, "unique_species_count": 907.0, "countryCode": "CL" }, "geometry": { "type": "MultiPolygon", "coordinates": [ [ [ [ -71.076493886901829, -35.402627296974799 ], [ -71.604168045645636, -35.753158652593811 ], [ -72.16530032160415, -35.634324993527265 ], [ -72.19323488476924, -35.168346665563533 ], [ -71.662453948796156, -34.821272114221202 ], [ -71.106750861591934, -34.936728619754014 ], [ -71.076493886901829, -35.402627296974799 ] ] ] ] } },
{ "type": "Feature", "properties": { "geogrid_id": "7435330593075497442", "seqnum": 39860.0, "lat_c": -35.330593500153554, "lon_c": -75.497441618073339, "res": 8.0, "count_Insects": 0, "count_Flowering Plants": 0, "count_Ferns": 0, "count_Reptiles": 0, "count_Mammals": 1, "count_Amphibians": 0, "count_Birds": 0, "count_Arachnids": 0, "count_Gymnosperms": 0, "count_Basidiomycota": 0, "count_Molluscs": 0, "count_Sac Fungi": 0, "count_Mosses": 0, "unique_species_count": 1.0, "countryCode": "CL" }, "geometry": { "type": "MultiPolygon", "coordinates": [ [ [ [ -74.939639737531039, -35.465536602694186 ], [ -75.474111002902916, -35.804505259422065 ], [ -76.025038669583864, -35.678032013871523 ], [ -76.044395434736657, -35.204084318250082 ], [ -75.509822226345378, -34.866561464911989 ], [ -74.955117524309046, -35.00100050205851 ], [ -74.939639737531039, -35.465536602694186 ] ] ] ] } },
{ "type": "Feature", "properties": { "geogrid_id": "7435330593082002558", "seqnum": 39854.0, "lat_c": -35.330593501127836, "lon_c": -82.00255837690699, "res": 8.0, "count_Insects": 0, "count_Flowering Plants": 0, "count_Ferns": 0, "count_Reptiles": 0, "count_Mammals": 1, "count_Amphibians": 0, "count_Birds": 0, "count_Arachnids": 0, "count_Gymnosperms": 0, "count_Basidiomycota": 0, "count_Molluscs": 0, "count_Sac Fungi": 0, "count_Mosses": 0, "unique_species_count": 1.0, "countryCode": "CL" }, "geometry": { "type": "MultiPolygon", "coordinates": [ [ [ [ -81.474961325397402, -35.6780320148223 ], [ -82.025888992113607, -35.80450526037211 ], [ -82.560360254007179, -35.465536597174264 ], [ -82.544882467336393, -35.001000496550361 ], [ -81.990177765341343, -34.86656145929372 ], [ -81.455604560208641, -35.204084319225068 ], [ -81.474961325397402, -35.6780320148223 ] ] ] ] } },
{ "type": "Feature", "properties": { "geogrid_id": "7435512870072725395", "seqnum": 39944.0, "lat_c": -35.512870192702984, "lon_c": -72.725394601530354, "res": 8.0, "count_Insects": 103, "count_Flowering Plants": 294, "count_Ferns": 7, "count_Reptiles": 5, "count_Mammals": 10, "count_Amphibians": 3, "count_Birds": 78, "count_Arachnids": 16, "count_Gymnosperms": 2, "count_Basidiomycota": 42, "count_Molluscs": 11, "count_Sac Fungi": 3, "count_Mosses": 1, "unique_species_count": 575.0, "countryCode": "CL" }, "geometry": { "type": "MultiPolygon", "coordinates": [ [ [ [ -72.16530032160415, -35.634324993527265 ], [ -72.697048693343206, -35.979216882518095 ], [ -73.259379330613541, -35.854727942282196 ], [ -73.284436657075801, -35.388802226237203 ], [ -72.750123024358345, -35.047302633802794 ], [ -72.19323488476924, -35.168346665563533 ], [ -72.16530032160415, -35.634324993527265 ] ] ] ] } },
{ "type": "Feature", "properties": { "geogrid_id": "7435551612076573992", "seqnum": 39859.0, "lat_c": -35.551612067067339, "lon_c": -76.573992059291243, "res": 8.0, "count_Insects": 0, "count_Flowering Plants": 0, "count_Ferns": 0, "count_Reptiles": 0, "count_Mammals": 1, "count_Amphibians": 0, "count_Birds": 0, "count_Arachnids": 0, "count_Gymnosperms": 0, "count_Basidiomycota": 0, "count_Molluscs": 0, "count_Sac Fungi": 0, "count_Mosses": 0, "unique_species_count": 1.0, "countryCode": "CL" }, "geometry": { "type": "MultiPolygon", "coordinates": [ [ [ [ -76.025038669583864, -35.678032013871523 ], [ -76.5582995879289, -36.025023799987302 ], [ -77.109250527870927, -35.898945565791813 ], [ -77.120967148441125, -35.425479330493779 ], [ -76.589408957127063, -35.07761871781441 ], [ -76.044395434736657, -35.204084318250082 ], [ -76.025038669583864, -35.678032013871523 ] ] ] ] } },
{ "type": "Feature", "properties": { "geogrid_id": "7435551612080926008", "seqnum": 39855.0, "lat_c": -35.551612068016645, "lon_c": -80.926007935655065, "res": 8.0, "count_Insects": 0, "count_Flowering Plants": 0, "count_Ferns": 0, "count_Reptiles": 0, "count_Mammals": 1, "count_Amphibians": 0, "count_Birds": 1, "count_Arachnids": 0, "count_Gymnosperms": 0, "count_Basidiomycota": 0, "count_Molluscs": 0, "count_Sac Fungi": 0, "count_Mosses": 0, "unique_species_count": 2.0, "countryCode": "CL" }, "geometry": { "type": "MultiPolygon", "coordinates": [ [ [ [ -80.390749467076873, -35.898945566713188 ], [ -80.941700407053759, -36.025023800912493 ], [ -81.474961325397402, -35.6780320148223 ], [ -81.455604560208641, -35.204084319225068 ], [ -80.910591037783504, -35.077618718787946 ], [ -80.379032846470565, -35.425479331439334 ], [ -80.390749467076873, -35.898945566713188 ] ] ] ] } },
{ "type": "Feature", "properties": { "geogrid_id": "7435626449069955901", "seqnum": 40028.0, "lat_c": -35.626448661041117, "lon_c": -69.955901037646626, "res": 8.0, "count_Insects": 1, "count_Flowering Plants": 33, "count_Ferns": 0, "count_Reptiles": 1, "count_Mammals": 3, "count_Amphibians": 1, "count_Birds": 5, "count_Arachnids": 0, "count_Gymnosperms": 1, "count_Basidiomycota": 0, "count_Molluscs": 0, "count_Sac Fungi": 0, "count_Mosses": 0, "unique_species_count": 45.0, "countryCode": "CL" }, "geometry": { "type": "MultiPolygon", "coordinates": [ [ [ [ -69.394200521596105, -35.734419050449858 ], [ -69.914695610266932, -36.09385460022586 ], [ -70.47884979103425, -35.982931162093024 ], [ -70.516671033597575, -35.515849031615375 ], [ -69.992596476343834, -35.159852707435213 ], [ -69.434177233478721, -35.267506594820482 ], [ -69.394200521596105, -35.734419050449858 ] ] ] ] } },
{ "type": "Feature", "properties": { "geogrid_id": "7435727613073820597", "seqnum": 39943.0, "lat_c": -35.727612517750579, "lon_c": -73.82059662614158, "res": 8.0, "count_Insects": 0, "count_Flowering Plants": 0, "count_Ferns": 0, "count_Reptiles": 0, "count_Mammals": 4, "count_Amphibians": 0, "count_Birds": 3, "count_Arachnids": 0, "count_Gymnosperms": 0, "count_Basidiomycota": 0, "count_Molluscs": 0, "count_Sac Fungi": 0, "count_Mosses": 0, "unique_species_count": 7.0, "countryCode": "CL" }, "geometry": { "type": "MultiPolygon", "coordinates": [ [ [ [ -73.259379330613541, -35.854727942282196 ], [ -73.795594971623871, -36.193813866138569 ], [ -74.358999055346089, -36.063627101801991 ], [ -74.380687538360732, -35.597879185550624 ], [ -73.84241294535363, -35.262129166743264 ], [ -73.284436657075801, -35.388802226237203 ], [ -73.259379330613541, -35.854727942282196 ] ] ] ] } },
{ "type": "Feature", "properties": { "geogrid_id": "7435727613083679403", "seqnum": 39360.0, "lat_c": -35.727612512453746, "lon_c": -83.679403365314741, "res": 8.0, "count_Insects": 0, "count_Flowering Plants": 0, "count_Ferns": 0, "count_Reptiles": 0, "count_Mammals": 1, "count_Amphibians": 0, "count_Birds": 0, "count_Arachnids": 0, "count_Gymnosperms": 0, "count_Basidiomycota": 0, "count_Molluscs": 0, "count_Sac Fungi": 0, "count_Mosses": 0, "unique_species_count": 1.0, "countryCode": "CL" }, "geometry": { "type": "MultiPolygon", "coordinates": [ [ [ [ -83.119312453136047, -35.597879180141966 ], [ -83.141000936038978, -36.063627096382021 ], [ -83.704405019719616, -36.193813860831035 ], [ -84.240620660803344, -35.854727937097735 ], [ -84.215563334451417, -35.388802221062726 ], [ -83.657587046212001, -35.262129161457018 ], [ -83.119312453136047, -35.597879180141966 ] ] ] ] } },
{ "type": "Feature", "properties": { "geogrid_id": "7435773422077658185", "seqnum": 39858.0, "lat_c": -35.773421542671628, "lon_c": -77.658185270966626, "res": 8.0, "count_Insects": 0, "count_Flowering Plants": 0, "count_Ferns": 0, "count_Reptiles": 0, "count_Mammals": 1, "count_Amphibians": 0, "count_Birds": 0, "count_Arachnids": 0, "count_Gymnosperms": 0, "count_Basidiomycota": 0, "count_Molluscs": 0, "count_Sac Fungi": 0, "count_Mosses": 0, "unique_species_count": 1.0, "countryCode": "CL" }, "geometry": { "type": "MultiPolygon", "coordinates": [ [ [ [ -77.109250527870927, -35.898945565791813 ], [ -77.650269917475669, -36.246380692757015 ], [ -78.201162410795263, -36.121773945729288 ], [ -78.205102018581485, -35.648717203312287 ], [ -77.665961130035626, -35.299880076865605 ], [ -77.120967148441125, -35.425479330493779 ], [ -77.109250527870927, -35.898945565791813 ] ] ] ] } },
{ "type": "Feature", "properties": { "geogrid_id": "7435773422079841815", "seqnum": 39856.0, "lat_c": -35.773421543586714, "lon_c": -79.841814723946669, "res": 8.0, "count_Insects": 0, "count_Flowering Plants": 0, "count_Ferns": 0, "count_Reptiles": 0, "count_Mammals": 1, "count_Amphibians": 0, "count_Birds": 0, "count_Arachnids": 0, "count_Gymnosperms": 0, "count_Basidiomycota": 0, "count_Molluscs": 0, "count_Sac Fungi": 0, "count_Mosses": 0, "unique_species_count": 1.0, "countryCode": "CL" }, "geometry": { "type": "MultiPolygon", "coordinates": [ [ [ [ -79.29883758412015, -36.121773946611135 ], [ -79.849730077474092, -36.2463806936479 ], [ -80.390749467076873, -35.898945566713188 ], [ -80.379032846470565, -35.425479331439334 ], [ -79.834038864841773, -35.299880077804985 ], [ -79.294897976297676, -35.648717204218499 ], [ -79.29883758412015, -36.121773946611135 ] ] ] ] } },
{ "type": "Feature", "properties": { "geogrid_id": "7435869363071042013", "seqnum": 40027.0, "lat_c": -35.869363296742023, "lon_c": -71.042012678397427, "res": 8.0, "count_Insects": 195, "count_Flowering Plants": 433, "count_Ferns": 16, "count_Reptiles": 13, "count_Mammals": 22, "count_Amphibians": 4, "count_Birds": 87, "count_Arachnids": 30, "count_Gymnosperms": 4, "count_Basidiomycota": 105, "count_Molluscs": 3, "count_Sac Fungi": 21, "count_Mosses": 2, "unique_species_count": 935.0, "countryCode": "CL" }, "geometry": { "type": "MultiPolygon", "coordinates": [ [ [ [ -70.47884979103425, -35.982931162093024 ], [ -71.003517646331574, -36.336840373178084 ], [ -71.569103069103278, -36.220281444580117 ], [ -71.604168045645636, -35.753158652593811 ], [ -71.076493886901829, -35.402627296974799 ], [ -70.516671033597575, -35.515849031615375 ], [ -70.47884979103425, -35.982931162093024 ] ] ] ] } },
{ "type": "Feature", "properties": { "geogrid_id": "7435930810074921214", "seqnum": 39942.0, "lat_c": -35.930809555168935, "lon_c": -74.92121439474154, "res": 8.0, "count_Insects": 0, "count_Flowering Plants": 0, "count_Ferns": 0, "count_Reptiles": 0, "count_Mammals": 2, "count_Amphibians": 0, "count_Birds": 0, "count_Arachnids": 0, "count_Gymnosperms": 0, "count_Basidiomycota": 0, "count_Molluscs": 0, "count_Sac Fungi": 0, "count_Mosses": 0, "unique_species_count": 2.0, "countryCode": "CL" }, "geometry": { "type": "MultiPolygon", "coordinates": [ [ [ [ -74.358999055346089, -36.063627101801991 ], [ -74.893385367150742, -36.404128247077431 ], [ -75.450362136848469, -36.277848175940477 ], [ -75.474111002902916, -35.804505259422065 ], [ -74.939639737531039, -35.465536602694186 ], [ -74.380687538360732, -35.597879185550624 ], [ -74.358999055346089, -36.063627101801991 ] ] ] ] } },
{ "type": "Feature", "properties": { "geogrid_id": "7435930810082578786", "seqnum": 39935.0, "lat_c": -35.930809556116174, "lon_c": -82.578785600310539, "res": 8.0, "count_Insects": 0, "count_Flowering Plants": 0, "count_Ferns": 0, "count_Reptiles": 0, "count_Mammals": 1, "count_Amphibians": 0, "count_Birds": 0, "count_Arachnids": 0, "count_Gymnosperms": 0, "count_Basidiomycota": 0, "count_Molluscs": 0, "count_Sac Fungi": 0, "count_Mosses": 0, "unique_species_count": 1.0, "countryCode": "CL" }, "geometry": { "type": "MultiPolygon", "coordinates": [ [ [ [ -82.049637858204846, -36.277848176866399 ], [ -82.606614627938356, -36.404128248000482 ], [ -83.141000936038978, -36.063627096382021 ], [ -83.119312453136047, -35.597879180141966 ], [ -82.560360254007179, -35.465536597174264 ], [ -82.025888992113607, -35.80450526037211 ], [ -82.049637858204846, -36.277848176866399 ] ] ] ] } },
{ "type": "Feature", "properties": { "geogrid_id": "7435998301078750000", "seqnum": 39857.0, "lat_c": -35.998301353866154, "lon_c": -78.749999998218243, "res": 8.0, "count_Insects": 0, "count_Flowering Plants": 0, "count_Ferns": 0, "count_Reptiles": 0, "count_Mammals": 1, "count_Amphibians": 0, "count_Birds": 0, "count_Arachnids": 0, "count_Gymnosperms": 0, "count_Basidiomycota": 0, "count_Molluscs": 0, "count_Sac Fungi": 0, "count_Mosses": 0, "unique_species_count": 1.0, "countryCode": "CL" }, "geometry": { "type": "MultiPolygon", "coordinates": [ [ [ [ -78.201162410795263, -36.121773945729288 ], [ -78.74999999823136, -36.470910397655182 ], [ -79.29883758412015, -36.121773946611135 ], [ -79.294897976297676, -35.648717204218499 ], [ -78.749999998205382, -35.525112435510536 ], [ -78.205102018581485, -35.648717203312287 ], [ -78.201162410795263, -36.121773945729288 ] ] ] ] } },
{ "type": "Feature", "properties": { "geogrid_id": "7436101071072133618", "seqnum": 40026.0, "lat_c": -36.101070848748677, "lon_c": -72.133618459565056, "res": 8.0, "count_Insects": 163, "count_Flowering Plants": 360, "count_Ferns": 9, "count_Reptiles": 6, "count_Mammals": 14, "count_Amphibians": 4, "count_Birds": 69, "count_Arachnids": 16, "count_Gymnosperms": 4, "count_Basidiomycota": 46, "count_Molluscs": 8, "count_Sac Fungi": 12, "count_Mosses": 1, "unique_species_count": 712.0, "countryCode": "CL" }, "geometry": { "type": "MultiPolygon", "coordinates": [ [ [ [ -71.569103069103278, -36.220281444580117 ], [ -72.098378903164033, -36.568498824106804 ], [ -72.665271307246527, -36.446258712292071 ], [ -72.697048693343206, -35.979216882518095 ], [ -72.16530032160415, -35.634324993527265 ], [ -71.604168045645636, -35.753158652593811 ], [ -71.569103069103278, -36.220281444580117 ] ] ] ] } },
{ "type": "Feature", "properties": { "geogrid_id": "7436151404076005335", "seqnum": 39941.0, "lat_c": -36.151404361284058, "lon_c": -76.005335392866215, "res": 8.0, "count_Insects": 0, "count_Flowering Plants": 0, "count_Ferns": 0, "count_Reptiles": 0, "count_Mammals": 1, "count_Amphibians": 0, "count_Birds": 0, "count_Arachnids": 0, "count_Gymnosperms": 0, "count_Basidiomycota": 0, "count_Molluscs": 0, "count_Sac Fungi": 0, "count_Mosses": 0, "unique_species_count": 1.0, "countryCode": "CL" }, "geometry": { "type": "MultiPolygon", "coordinates": [ [ [ [ -75.450362136848469, -36.277848175940477 ], [ -75.98527700229296, -36.624212102333878 ], [ -76.542324714652779, -36.497864524235446 ], [ -76.5582995879289, -36.025023799987302 ], [ -76.025038669583864, -35.678032013871523 ], [ -75.474111002902916, -35.804505259422065 ], [ -75.450362136848469, -36.277848175940477 ] ] ] ] } },
{ "type": "Feature", "properties": { "geogrid_id": "7436151404081494665", "seqnum": 39936.0, "lat_c": -36.15140436221072, "lon_c": -81.494664602151616, "res": 8.0, "count_Insects": 0, "count_Flowering Plants": 0, "count_Ferns": 0, "count_Reptiles": 0, "count_Mammals": 1, "count_Amphibians": 0, "count_Birds": 0, "count_Arachnids": 0, "count_Gymnosperms": 0, "count_Basidiomycota": 0, "count_Molluscs": 0, "count_Sac Fungi": 0, "count_Mosses": 0, "unique_species_count": 1.0, "countryCode": "CL" }, "geometry": { "type": "MultiPolygon", "coordinates": [ [ [ [ -80.957675280366786, -36.497864525136613 ], [ -81.514722992762003, -36.624212103236538 ], [ -82.049637858204846, -36.277848176866399 ], [ -82.025888992113607, -35.80450526037211 ], [ -81.474961325397402, -35.6780320148223 ], [ -80.941700407053759, -36.025023800912493 ], [ -80.957675280366786, -36.497864525136613 ] ] ] ] } },
{ "type": "Feature", "properties": { "geogrid_id": "7436321361073231015", "seqnum": 40025.0, "lat_c": -36.321360745090871, "lon_c": -73.231014645325459, "res": 8.0, "count_Insects": 177, "count_Flowering Plants": 376, "count_Ferns": 12, "count_Reptiles": 7, "count_Mammals": 16, "count_Amphibians": 5, "count_Birds": 122, "count_Arachnids": 19, "count_Gymnosperms": 2, "count_Basidiomycota": 44, "count_Molluscs": 88, "count_Sac Fungi": 6, "count_Mosses": 0, "unique_species_count": 874.0, "countryCode": "CL" }, "geometry": { "type": "MultiPolygon", "coordinates": [ [ [ [ -72.665271307246527, -36.446258712292071 ], [ -73.199514960839224, -36.788624440012256 ], [ -73.76757754312969, -36.660658150239549 ], [ -73.795594971623871, -36.193813866138569 ], [ -73.259379330613541, -35.854727942282196 ], [ -72.697048693343206, -35.979216882518095 ], [ -72.665271307246527, -36.446258712292071 ] ] ] ] } },
{ "type": "Feature", "properties": { "geogrid_id": "7436371835077097323", "seqnum": 39940.0, "lat_c": -36.371834820170442, "lon_c": -77.097323381411599, "res": 8.0, "count_Insects": 0, "count_Flowering Plants": 0, "count_Ferns": 0, "count_Reptiles": 0, "count_Mammals": 1, "count_Amphibians": 0, "count_Birds": 0, "count_Arachnids": 0, "count_Gymnosperms": 0, "count_Basidiomycota": 0, "count_Molluscs": 0, "count_Sac Fungi": 0, "count_Mosses": 0, "unique_species_count": 1.0, "countryCode": "CL" }, "geometry": { "type": "MultiPolygon", "coordinates": [ [ [ [ -76.542324714652779, -36.497864524235446 ], [ -77.085180450545423, -36.844157494659299 ], [ -77.642211592637778, -36.718767829569416 ], [ -77.650269917475669, -36.246380692757015 ], [ -77.109250527870927, -35.898945565791813 ], [ -76.5582995879289, -36.025023799987302 ], [ -76.542324714652779, -36.497864524235446 ] ] ] ] } },
{ "type": "Feature", "properties": { "geogrid_id": "7436371835080402677", "seqnum": 39937.0, "lat_c": -36.371834821067722, "lon_c": -80.402676613572893, "res": 8.0, "count_Insects": 0, "count_Flowering Plants": 0, "count_Ferns": 0, "count_Reptiles": 0, "count_Mammals": 0, "count_Amphibians": 0, "count_Birds": 1, "count_Arachnids": 0, "count_Gymnosperms": 0, "count_Basidiomycota": 0, "count_Molluscs": 0, "count_Sac Fungi": 0, "count_Mosses": 0, "unique_species_count": 1.0, "countryCode": "CL" }, "geometry": { "type": "MultiPolygon", "coordinates": [ [ [ [ -79.857788402349058, -36.7187678304362 ], [ -80.414819544476359, -36.844157495532585 ], [ -80.957675280366786, -36.497864525136613 ], [ -80.941700407053759, -36.025023800912493 ], [ -80.390749467076873, -35.898945566713188 ], [ -79.849730077474092, -36.2463806936479 ], [ -79.857788402349058, -36.7187678304362 ] ] ] ] } },
{ "type": "Feature", "properties": { "geogrid_id": "7436450739070436878", "seqnum": 40109.0, "lat_c": -36.450739443336602, "lon_c": -70.436877989127197, "res": 8.0, "count_Insects": 3, "count_Flowering Plants": 42, "count_Ferns": 0, "count_Reptiles": 2, "count_Mammals": 3, "count_Amphibians": 1, "count_Birds": 12, "count_Arachnids": 0, "count_Gymnosperms": 0, "count_Basidiomycota": 0, "count_Molluscs": 0, "count_Sac Fungi": 0, "count_Mosses": 0, "unique_species_count": 63.0, "countryCode": "CL" }, "geometry": { "type": "MultiPolygon", "coordinates": [ [ [ [ -69.869200556772228, -36.561970575349768 ], [ -70.39095726216361, -36.919183959669475 ], [ -70.961206194587206, -36.804970157417969 ], [ -71.003517646331574, -36.336840373178084 ], [ -70.47884979103425, -35.982931162093024 ], [ -69.914695610266932, -36.09385460022586 ], [ -69.869200556772228, -36.561970575349768 ] ] ] ] } },
{ "type": "Feature", "properties": { "geogrid_id": "7436530029074334412", "seqnum": 40024.0, "lat_c": -36.530028964458793, "lon_c": -74.334412076612338, "res": 8.0, "count_Insects": 0, "count_Flowering Plants": 0, "count_Ferns": 0, "count_Reptiles": 0, "count_Mammals": 3, "count_Amphibians": 0, "count_Birds": 2, "count_Arachnids": 0, "count_Gymnosperms": 0, "count_Basidiomycota": 0, "count_Molluscs": 0, "count_Sac Fungi": 0, "count_Mosses": 0, "unique_species_count": 5.0, "countryCode": "CL" }, "geometry": { "type": "MultiPolygon", "coordinates": [ [ [ [ -73.76757754312969, -36.660658150239549 ], [ -74.301890404903318, -37.002779710096029 ], [ -74.865053331764557, -36.876895710718976 ], [ -74.893385367150742, -36.404128247077431 ], [ -74.358999055346089, -36.063627101801991 ], [ -73.795594971623871, -36.193813866138569 ], [ -73.76757754312969, -36.660658150239549 ] ] ] ] } },
{ "type": "Feature", "properties": { "geogrid_id": "7436530029083165588", "seqnum": 40016.0, "lat_c": -36.53002896537695, "lon_c": -83.165587918512784, "res": 8.0, "count_Insects": 0, "count_Flowering Plants": 0, "count_Ferns": 0, "count_Reptiles": 0, "count_Mammals": 1, "count_Amphibians": 0, "count_Birds": 0, "count_Arachnids": 0, "count_Gymnosperms": 0, "count_Basidiomycota": 0, "count_Molluscs": 0, "count_Sac Fungi": 0, "count_Mosses": 0, "unique_species_count": 1.0, "countryCode": "CL" }, "geometry": { "type": "MultiPolygon", "coordinates": [ [ [ [ -82.634946663362143, -36.876895711617934 ], [ -83.198109590259662, -37.002779710989998 ], [ -83.732422448097481, -36.660658144921207 ], [ -83.704405019719616, -36.193813860831035 ], [ -83.141000936038978, -36.063627096382021 ], [ -82.606614627938356, -36.404128248000482 ], [ -82.634946663362143, -36.876895711617934 ] ] ] ] } },
{ "type": "Feature", "properties": { "geogrid_id": "7436594254078197152", "seqnum": 39939.0, "lat_c": -36.594254151589723, "lon_c": -78.197151763146309, "res": 8.0, "count_Insects": 0, "count_Flowering Plants": 0, "count_Ferns": 0, "count_Reptiles": 0, "count_Mammals": 1, "count_Amphibians": 0, "count_Birds": 0, "count_Arachnids": 0, "count_Gymnosperms": 0, "count_Basidiomycota": 0, "count_Molluscs": 0, "count_Sac Fungi": 0, "count_Mosses": 0, "unique_species_count": 1.0, "countryCode": "CL" }, "geometry": { "type": "MultiPolygon", "coordinates": [ [ [ [ -77.642211592637778, -36.718767829569416 ], [ -78.193068291146645, -37.066167965084453 ], [ -78.749999998244704, -36.942949703292427 ], [ -78.74999999823136, -36.470910397655182 ], [ -78.201162410795263, -36.121773945729288 ], [ -77.650269917475669, -36.246380692757015 ], [ -77.642211592637778, -36.718767829569416 ] ] ] ] } },
{ "type": "Feature", "properties": { "geogrid_id": "7436688072071530352", "seqnum": 40108.0, "lat_c": -36.688072225785078, "lon_c": -71.530352083943967, "res": 8.0, "count_Insects": 259, "count_Flowering Plants": 440, "count_Ferns": 15, "count_Reptiles": 9, "count_Mammals": 24, "count_Amphibians": 3, "count_Birds": 70, "count_Arachnids": 22, "count_Gymnosperms": 7, "count_Basidiomycota": 57, "count_Molluscs": 8, "count_Sac Fungi": 18, "count_Mosses": 5, "unique_species_count": 937.0, "countryCode": "CL" }, "geometry": { "type": "MultiPolygon", "coordinates": [ [ [ [ -70.961206194587206, -36.804970157417969 ], [ -71.4880967892353, -37.156451202841531 ], [ -72.059760069898331, -37.036530359338734 ], [ -72.098378903164033, -36.568498824106804 ], [ -71.569103069103278, -36.220281444580117 ], [ -71.003517646331574, -36.336840373178084 ], [ -70.961206194587206, -36.804970157417969 ] ] ] ] } },
{ "type": "Feature", "properties": { "geogrid_id": "7436750633075426185", "seqnum": 40023.0, "lat_c": -36.750633134107694, "lon_c": -75.426184618261004, "res": 8.0, "count_Insects": 0, "count_Flowering Plants": 0, "count_Ferns": 0, "count_Reptiles": 0, "count_Mammals": 1, "count_Amphibians": 0, "count_Birds": 0, "count_Arachnids": 0, "count_Gymnosperms": 0, "count_Basidiomycota": 0, "count_Molluscs": 0, "count_Sac Fungi": 0, "count_Mosses": 0, "unique_species_count": 1.0, "countryCode": "CL" }, "geometry": { "type": "MultiPolygon", "coordinates": [ [ [ [ -74.865053331764557, -36.876895710718976 ], [ -75.40156768071617, -37.222870957276072 ], [ -75.964854593940302, -37.096465908060075 ], [ -75.98527700229296, -36.624212102333878 ], [ -75.450362136848469, -36.277848175940477 ], [ -74.893385367150742, -36.404128247077431 ], [ -74.865053331764557, -36.876895710718976 ] ] ] ] } },
{ "type": "Feature", "properties": { "geogrid_id": "7436750633082073815", "seqnum": 40017.0, "lat_c": -36.750633135009579, "lon_c": -82.073815376829685, "res": 8.0, "count_Insects": 0, "count_Flowering Plants": 0, "count_Ferns": 0, "count_Reptiles": 0, "count_Mammals": 1, "count_Amphibians": 0, "count_Birds": 0, "count_Arachnids": 0, "count_Gymnosperms": 0, "count_Basidiomycota": 0, "count_Molluscs": 0, "count_Sac Fungi": 0, "count_Mosses": 0, "unique_species_count": 1.0, "countryCode": "CL" }, "geometry": { "type": "MultiPolygon", "coordinates": [ [ [ [ -81.53514540115242, -37.096465908938825 ], [ -82.098432314412506, -37.222870958154026 ], [ -82.634946663362143, -36.876895711617934 ], [ -82.606614627938356, -36.404128248000482 ], [ -82.049637858204846, -36.277848176866399 ], [ -81.514722992762003, -36.624212103236538 ], [ -81.53514540115242, -37.096465908938825 ] ] ] ] } },
{ "type": "Feature", "properties": { "geogrid_id": "7436913918072630238", "seqnum": 40107.0, "lat_c": -36.913918321267623, "lon_c": -72.630237751367744, "res": 8.0, "count_Insects": 414, "count_Flowering Plants": 722, "count_Ferns": 21, "count_Reptiles": 14, "count_Mammals": 28, "count_Amphibians": 11, "count_Birds": 145, "count_Arachnids": 95, "count_Gymnosperms": 18, "count_Basidiomycota": 153, "count_Molluscs": 88, "count_Sac Fungi": 78, "count_Mosses": 11, "unique_species_count": 1798.0, "countryCode": "CL" }, "geometry": { "type": "MultiPolygon", "coordinates": [ [ [ [ -72.059760069898331, -37.036530359338734 ], [ -72.592113256571977, -37.382124521980849 ], [ -73.165042995544965, -37.256448819050078 ], [ -73.199514960839224, -36.788624440012256 ], [ -72.665271307246527, -36.446258712292071 ], [ -72.098378903164033, -36.568498824106804 ], [ -72.059760069898331, -37.036530359338734 ] ] ] ] } },
{ "type": "Feature", "properties": { "geogrid_id": "7436970145076526060", "seqnum": 40022.0, "lat_c": -36.970144767140127, "lon_c": -76.52606037171654, "res": 8.0, "count_Insects": 0, "count_Flowering Plants": 0, "count_Ferns": 0, "count_Reptiles": 0, "count_Mammals": 1, "count_Amphibians": 0, "count_Birds": 0, "count_Arachnids": 0, "count_Gymnosperms": 0, "count_Basidiomycota": 0, "count_Molluscs": 0, "count_Sac Fungi": 0, "count_Mosses": 0, "unique_species_count": 1.0, "countryCode": "CL" }, "geometry": { "type": "MultiPolygon", "coordinates": [ [ [ [ -75.964854593940302, -37.096465908060075 ], [ -76.509499241797542, -37.441874979623854 ], [ -77.072816291154041, -37.315923904539737 ], [ -77.085180450545423, -36.844157494659299 ], [ -76.542324714652779, -36.497864524235446 ], [ -75.98527700229296, -36.624212102333878 ], [ -75.964854593940302, -37.096465908060075 ] ] ] ] } },
{ "type": "Feature", "properties": { "geogrid_id": "7436970145080973940", "seqnum": 40018.0, "lat_c": -36.970144768017356, "lon_c": -80.973939623340542, "res": 8.0, "count_Insects": 0, "count_Flowering Plants": 0, "count_Ferns": 0, "count_Reptiles": 0, "count_Mammals": 1, "count_Amphibians": 0, "count_Birds": 0, "count_Arachnids": 0, "count_Gymnosperms": 0, "count_Basidiomycota": 0, "count_Molluscs": 0, "count_Sac Fungi": 0, "count_Mosses": 0, "unique_species_count": 1.0, "countryCode": "CL" }, "geometry": { "type": "MultiPolygon", "coordinates": [ [ [ [ -80.427183703905655, -37.315923905389134 ], [ -80.990500753297695, -37.441874980477259 ], [ -81.53514540115242, -37.096465908938825 ], [ -81.514722992762003, -36.624212103236538 ], [ -80.957675280366786, -36.497864525136613 ], [ -80.414819544476359, -36.844157495532585 ], [ -80.427183703905655, -37.315923905389134 ] ] ] ] } },
{ "type": "Feature", "properties": { "geogrid_id": "7437128076073736705", "seqnum": 40106.0, "lat_c": -37.128076116021148, "lon_c": -73.736704681924522, "res": 8.0, "count_Insects": 60, "count_Flowering Plants": 179, "count_Ferns": 6, "count_Reptiles": 6, "count_Mammals": 11, "count_Amphibians": 2, "count_Birds": 87, "count_Arachnids": 10, "count_Gymnosperms": 1, "count_Basidiomycota": 13, "count_Molluscs": 33, "count_Sac Fungi": 2, "count_Mosses": 0, "unique_species_count": 410.0, "countryCode": "CL" }, "geometry": { "type": "MultiPolygon", "coordinates": [ [ [ [ -73.165042995544965, -37.256448819050078 ], [ -73.699287949415307, -37.600279954051352 ], [ -74.268775997088539, -37.474997019582943 ], [ -74.301890404903318, -37.002779710096029 ], [ -73.76757754312969, -36.660658150239549 ], [ -73.199514960839224, -36.788624440012256 ], [ -73.165042995544965, -37.256448819050078 ] ] ] ] } },
{ "type": "Feature", "properties": { "geogrid_id": "7437190593077634007", "seqnum": 40021.0, "lat_c": -37.190593161882127, "lon_c": -77.634006696904109, "res": 8.0, "count_Insects": 0, "count_Flowering Plants": 0, "count_Ferns": 0, "count_Reptiles": 0, "count_Mammals": 1, "count_Amphibians": 0, "count_Birds": 0, "count_Arachnids": 0, "count_Gymnosperms": 0, "count_Basidiomycota": 0, "count_Molluscs": 0, "count_Sac Fungi": 0, "count_Mosses": 0, "unique_species_count": 1.0, "countryCode": "CL" }, "geometry": { "type": "MultiPolygon", "coordinates": [ [ [ [ -77.072816291154041, -37.315923904539737 ], [ -77.625651502812715, -37.661866807693222 ], [ -78.18891014696743, -37.537525433548609 ], [ -78.193068291146645, -37.066167965084453 ], [ -77.642211592637778, -36.718767829569416 ], [ -77.085180450545423, -36.844157494659299 ], [ -77.072816291154041, -37.315923904539737 ] ] ] ] } },
{ "type": "Feature", "properties": { "geogrid_id": "7437273672070915263", "seqnum": 40190.0, "lat_c": -37.273671589279637, "lon_c": -70.915263488033574, "res": 8.0, "count_Insects": 30, "count_Flowering Plants": 162, "count_Ferns": 9, "count_Reptiles": 7, "count_Mammals": 9, "count_Amphibians": 4, "count_Birds": 28, "count_Arachnids": 2, "count_Gymnosperms": 4, "count_Basidiomycota": 1, "count_Molluscs": 0, "count_Sac Fungi": 1, "count_Mosses": 0, "unique_species_count": 257.0, "countryCode": "CL" }, "geometry": { "type": "MultiPolygon", "coordinates": [ [ [ [ -70.341276437818991, -37.388182350370847 ], [ -70.865863172101626, -37.742870388361695 ], [ -71.442507869006505, -37.625345151824014 ], [ -71.4880967892353, -37.156451202841531 ], [ -70.961206194587206, -36.804970157417969 ], [ -70.39095726216361, -36.919183959669475 ], [ -70.341276437818991, -37.388182350370847 ] ] ] ] } },
{ "type": "Feature", "properties": { "geogrid_id": "7437349123074836206", "seqnum": 40105.0, "lat_c": -37.349122922864524, "lon_c": -74.836205633940622, "res": 8.0, "count_Insects": 0, "count_Flowering Plants": 0, "count_Ferns": 0, "count_Reptiles": 0, "count_Mammals": 1, "count_Amphibians": 0, "count_Birds": 0, "count_Arachnids": 0, "count_Gymnosperms": 0, "count_Basidiomycota": 0, "count_Molluscs": 0, "count_Sac Fungi": 0, "count_Mosses": 0, "unique_species_count": 1.0, "countryCode": "CL" }, "geometry": { "type": "MultiPolygon", "coordinates": [ [ [ [ -74.268775997088539, -37.474997019582943 ], [ -74.806829172071531, -37.820820814477834 ], [ -75.376500177488992, -37.694572412844266 ], [ -75.40156768071617, -37.222870957276072 ], [ -74.865053331764557, -36.876895710718976 ], [ -74.301890404903318, -37.002779710096029 ], [ -74.268775997088539, -37.474997019582943 ] ] ] ] } },
{ "type": "Feature", "properties": { "geogrid_id": "7437414429078750000", "seqnum": 40020.0, "lat_c": -37.414429307636468, "lon_c": -78.749999998258318, "res": 8.0, "count_Insects": 0, "count_Flowering Plants": 0, "count_Ferns": 0, "count_Reptiles": 0, "count_Mammals": 1, "count_Amphibians": 0, "count_Birds": 0, "count_Arachnids": 0, "count_Gymnosperms": 0, "count_Basidiomycota": 0, "count_Molluscs": 0, "count_Sac Fungi": 0, "count_Mosses": 0, "unique_species_count": 1.0, "countryCode": "CL" }, "geometry": { "type": "MultiPolygon", "coordinates": [ [ [ [ -78.18891014696743, -37.537525433548609 ], [ -78.749999998272173, -37.885359150346495 ], [ -79.311089848060391, -37.537525434357867 ], [ -79.306931703843077, -37.066167965917828 ], [ -78.749999998244704, -36.942949703292427 ], [ -78.193068291146645, -37.066167965084453 ], [ -78.18891014696743, -37.537525433548609 ] ] ] ] } },
{ "type": "Feature", "properties": { "geogrid_id": "7437505093072017930", "seqnum": 40189.0, "lat_c": -37.505093261603335, "lon_c": -72.017929842493601, "res": 8.0, "count_Insects": 226, "count_Flowering Plants": 350, "count_Ferns": 10, "count_Reptiles": 6, "count_Mammals": 9, "count_Amphibians": 2, "count_Birds": 71, "count_Arachnids": 16, "count_Gymnosperms": 6, "count_Basidiomycota": 52, "count_Molluscs": 3, "count_Sac Fungi": 13, "count_Mosses": 1, "unique_species_count": 765.0, "countryCode": "CL" }, "geometry": { "type": "MultiPolygon", "coordinates": [ [ [ [ -71.442507869006505, -37.625345151824014 ], [ -71.973046181641124, -37.974121258504098 ], [ -72.551053561627555, -37.850811873798442 ], [ -72.592113256571977, -37.382124521980849 ], [ -72.059760069898331, -37.036530359338734 ], [ -71.4880967892353, -37.156451202841531 ], [ -71.442507869006505, -37.625345151824014 ] ] ] ] } },
{ "type": "Feature", "properties": { "geogrid_id": "7437568176075944059", "seqnum": 40104.0, "lat_c": -37.568176383204715, "lon_c": -75.94405894939274, "res": 8.0, "count_Insects": 0, "count_Flowering Plants": 0, "count_Ferns": 0, "count_Reptiles": 0, "count_Mammals": 1, "count_Amphibians": 0, "count_Birds": 0, "count_Arachnids": 0, "count_Gymnosperms": 0, "count_Basidiomycota": 0, "count_Molluscs": 0, "count_Sac Fungi": 0, "count_Mosses": 0, "unique_species_count": 1.0, "countryCode": "CL" }, "geometry": { "type": "MultiPolygon", "coordinates": [ [ [ [ -75.376500177488992, -37.694572412844266 ], [ -75.92288052221852, -38.039354070845121 ], [ -76.492633747247382, -37.913065540204698 ], [ -76.509499241797542, -37.441874979623854 ], [ -75.964854593940302, -37.096465908060075 ], [ -75.40156768071617, -37.222870957276072 ], [ -75.376500177488992, -37.694572412844266 ] ] ] ] } },
{ "type": "Feature", "properties": { "geogrid_id": "7437724769073127752", "seqnum": 40188.0, "lat_c": -37.724769254333729, "lon_c": -73.127752391657822, "res": 8.0, "count_Insects": 277, "count_Flowering Plants": 419, "count_Ferns": 15, "count_Reptiles": 9, "count_Mammals": 24, "count_Amphibians": 8, "count_Birds": 83, "count_Arachnids": 65, "count_Gymnosperms": 5, "count_Basidiomycota": 63, "count_Molluscs": 20, "count_Sac Fungi": 19, "count_Mosses": 11, "unique_species_count": 1018.0, "countryCode": "CL" }, "geometry": { "type": "MultiPolygon", "coordinates": [ [ [ [ -72.551053561627555, -37.850811873798442 ], [ -73.085229677210322, -38.196442966815439 ], [ -73.661183502347669, -38.071968204659463 ], [ -73.699287949415307, -37.600279954051352 ], [ -73.165042995544965, -37.256448819050078 ], [ -72.592113256571977, -37.382124521980849 ], [ -72.551053561627555, -37.850811873798442 ] ] ] ] } },
{ "type": "Feature", "properties": { "geogrid_id": "7437787144077060225", "seqnum": 40103.0, "lat_c": -37.787144282751896, "lon_c": -77.060225265515868, "res": 8.0, "count_Insects": 0, "count_Flowering Plants": 0, "count_Ferns": 0, "count_Reptiles": 0, "count_Mammals": 1, "count_Amphibians": 0, "count_Birds": 0, "count_Arachnids": 0, "count_Gymnosperms": 0, "count_Basidiomycota": 0, "count_Molluscs": 0, "count_Sac Fungi": 0, "count_Mosses": 0, "unique_species_count": 1.0, "countryCode": "CL" }, "geometry": { "type": "MultiPolygon", "coordinates": [ [ [ [ -76.492633747247382, -37.913065540204698 ], [ -77.047401533881597, -38.257828783339761 ], [ -77.617142149419223, -38.132598797117971 ], [ -77.625651502812715, -37.661866807693222 ], [ -77.072816291154041, -37.315923904539737 ], [ -76.509499241797542, -37.441874979623854 ], [ -76.492633747247382, -37.913065540204698 ] ] ] ] } },
{ "type": "Feature", "properties": { "geogrid_id": "7437946692074235054", "seqnum": 40187.0, "lat_c": -37.946691981663172, "lon_c": -74.235053770760132, "res": 8.0, "count_Insects": 0, "count_Flowering Plants": 0, "count_Ferns": 0, "count_Reptiles": 0, "count_Mammals": 4, "count_Amphibians": 0, "count_Birds": 10, "count_Arachnids": 0, "count_Gymnosperms": 0, "count_Basidiomycota": 0, "count_Molluscs": 0, "count_Sac Fungi": 0, "count_Mosses": 0, "unique_species_count": 14.0, "countryCode": "CL" }, "geometry": { "type": "MultiPolygon", "coordinates": [ [ [ [ -73.661183502347669, -38.071968204659463 ], [ -74.20070810707044, -38.417875655278245 ], [ -74.776910378438558, -38.292000276573233 ], [ -74.806829172071531, -37.820820814477834 ], [ -74.268775997088539, -37.474997019582943 ], [ -73.699287949415307, -37.600279954051352 ], [ -73.661183502347669, -38.071968204659463 ] ] ] ] } },
{ "type": "Feature", "properties": { "geogrid_id": "7438008337078184675", "seqnum": 40102.0, "lat_c": -38.008336509962454, "lon_c": -78.184675416682168, "res": 8.0, "count_Insects": 0, "count_Flowering Plants": 0, "count_Ferns": 0, "count_Reptiles": 0, "count_Mammals": 1, "count_Amphibians": 0, "count_Birds": 0, "count_Arachnids": 0, "count_Gymnosperms": 0, "count_Basidiomycota": 0, "count_Molluscs": 0, "count_Sac Fungi": 0, "count_Mosses": 0, "unique_species_count": 1.0, "countryCode": "CL" }, "geometry": { "type": "MultiPolygon", "coordinates": [ [ [ [ -77.617142149419223, -38.132598797117971 ], [ -78.180362117362421, -38.478611055415669 ], [ -78.749999998286313, -38.355749076187877 ], [ -78.749999998272173, -37.885359150346495 ], [ -78.18891014696743, -37.537525433548609 ], [ -77.625651502812715, -37.661866807693222 ], [ -77.617142149419223, -38.132598797117971 ] ] ] ] } },
{ "type": "Feature", "properties": { "geogrid_id": "7438094687071393746", "seqnum": 40271.0, "lat_c": -38.09468694948599, "lon_c": -71.393745634600521, "res": 8.0, "count_Insects": 158, "count_Flowering Plants": 290, "count_Ferns": 13, "count_Reptiles": 11, "count_Mammals": 14, "count_Amphibians": 4, "count_Birds": 62, "count_Arachnids": 8, "count_Gymnosperms": 6, "count_Basidiomycota": 37, "count_Molluscs": 4, "count_Sac Fungi": 15, "count_Mosses": 4, "unique_species_count": 626.0, "countryCode": "CL" }, "geometry": { "type": "MultiPolygon", "coordinates": [ [ [ [ -70.81316804697633, -38.212498562131479 ], [ -71.341960626871085, -38.564415136981893 ], [ -71.925257701238621, -38.44355358159315 ], [ -71.973046181641124, -37.974121258504098 ], [ -71.442507869006505, -37.625345151824014 ], [ -70.865863172101626, -37.742870388361695 ], [ -70.81316804697633, -38.212498562131479 ] ] ] ] } },
{ "type": "Feature", "properties": { "geogrid_id": "7438165748075350971", "seqnum": 40186.0, "lat_c": -38.16574821751805, "lon_c": -75.350970565229517, "res": 8.0, "count_Insects": 0, "count_Flowering Plants": 0, "count_Ferns": 0, "count_Reptiles": 0, "count_Mammals": 2, "count_Amphibians": 0, "count_Birds": 0, "count_Arachnids": 0, "count_Gymnosperms": 0, "count_Basidiomycota": 0, "count_Molluscs": 1, "count_Sac Fungi": 0, "count_Mosses": 0, "unique_species_count": 3.0, "countryCode": "CL" }, "geometry": { "type": "MultiPolygon", "coordinates": [ [ [ [ -74.776910378438558, -38.292000276573233 ], [ -75.324966886793334, -38.636409042761755 ], [ -75.90130942373996, -38.510009457166518 ], [ -75.92288052221852, -38.039354070845121 ], [ -75.376500177488992, -37.694572412844266 ], [ -74.806829172071531, -37.820820814477834 ], [ -74.776910378438558, -38.292000276573233 ] ] ] ] } },
{ "type": "Feature", "properties": { "geogrid_id": "7438319920072507205", "seqnum": 40270.0, "lat_c": -38.319920285783354, "lon_c": -72.507205469070044, "res": 8.0, "count_Insects": 237, "count_Flowering Plants": 319, "count_Ferns": 10, "count_Reptiles": 6, "count_Mammals": 10, "count_Amphibians": 6, "count_Birds": 95, "count_Arachnids": 38, "count_Gymnosperms": 3, "count_Basidiomycota": 77, "count_Molluscs": 7, "count_Sac Fungi": 21, "count_Mosses": 6, "unique_species_count": 835.0, "countryCode": "CL" }, "geometry": { "type": "MultiPolygon", "coordinates": [ [ [ [ -71.925257701238621, -38.44355358159315 ], [ -72.459357026922916, -38.791076218973224 ], [ -73.041918728832073, -38.667618869398076 ], [ -73.085229677210322, -38.196442966815439 ], [ -72.551053561627555, -37.850811873798442 ], [ -71.973046181641124, -37.974121258504098 ], [ -71.925257701238621, -38.44355358159315 ] ] ] ] } },
{ "type": "Feature", "properties": { "geogrid_id": "7438383727076475456", "seqnum": 40185.0, "lat_c": -38.383726759086159, "lon_c": -76.475456038778631, "res": 8.0, "count_Insects": 0, "count_Flowering Plants": 0, "count_Ferns": 0, "count_Reptiles": 0, "count_Mammals": 2, "count_Amphibians": 0, "count_Birds": 1, "count_Arachnids": 0, "count_Gymnosperms": 0, "count_Basidiomycota": 0, "count_Molluscs": 0, "count_Sac Fungi": 0, "count_Mosses": 0, "unique_species_count": 3.0, "countryCode": "CL" }, "geometry": { "type": "MultiPolygon", "coordinates": [ [ [ [ -75.90130942373996, -38.510009457166518 ], [ -76.457957983553882, -38.853868882351065 ], [ -77.034339045602081, -38.727987484944855 ], [ -77.047401533881597, -38.257828783339761 ], [ -76.492633747247382, -37.913065540204698 ], [ -75.92288052221852, -38.039354070845121 ], [ -75.90130942373996, -38.510009457166518 ] ] ] ] } },
{ "type": "Feature", "properties": { "geogrid_id": "7438543152073622374", "seqnum": 40269.0, "lat_c": -38.543152082426595, "lon_c": -73.622373644718536, "res": 8.0, "count_Insects": 74, "count_Flowering Plants": 159, "count_Ferns": 15, "count_Reptiles": 7, "count_Mammals": 17, "count_Amphibians": 3, "count_Birds": 106, "count_Arachnids": 11, "count_Gymnosperms": 2, "count_Basidiomycota": 12, "count_Molluscs": 6, "count_Sac Fungi": 1, "count_Mosses": 3, "unique_species_count": 416.0, "countryCode": "CL" }, "geometry": { "type": "MultiPolygon", "coordinates": [ [ [ [ -73.041918728832073, -38.667618869398076 ], [ -73.582840046838356, -39.013842788577222 ], [ -74.165722827620982, -38.888559076244455 ], [ -74.20070810707044, -38.417875655278245 ], [ -73.661183502347669, -38.071968204659463 ], [ -73.085229677210322, -38.196442966815439 ], [ -73.041918728832073, -38.667618869398076 ] ] ] ] } },
{ "type": "Feature", "properties": { "geogrid_id": "7438602799077608475", "seqnum": 40184.0, "lat_c": -38.602799075280849, "lon_c": -77.608474636430174, "res": 8.0, "count_Insects": 0, "count_Flowering Plants": 0, "count_Ferns": 0, "count_Reptiles": 0, "count_Mammals": 2, "count_Amphibians": 0, "count_Birds": 0, "count_Arachnids": 0, "count_Gymnosperms": 0, "count_Basidiomycota": 0, "count_Molluscs": 0, "count_Sac Fungi": 0, "count_Mosses": 0, "unique_species_count": 2.0, "countryCode": "CL" }, "geometry": { "type": "MultiPolygon", "coordinates": [ [ [ [ -77.034339045602081, -38.727987484944855 ], [ -77.599644818020849, -39.072477505213861 ], [ -78.175968194016718, -38.948358841538116 ], [ -78.180362117362421, -38.478611055415669 ], [ -77.617142149419223, -38.132598797117971 ], [ -77.047401533881597, -38.257828783339761 ], [ -77.034339045602081, -38.727987484944855 ] ] ] ] } },
{ "type": "Feature", "properties": { "geogrid_id": "7438682494070757331", "seqnum": 40353.0, "lat_c": -38.682493948659925, "lon_c": -70.757330698761479, "res": 8.0, "count_Insects": 45, "count_Flowering Plants": 56, "count_Ferns": 2, "count_Reptiles": 4, "count_Mammals": 7, "count_Amphibians": 1, "count_Birds": 28, "count_Arachnids": 0, "count_Gymnosperms": 3, "count_Basidiomycota": 6, "count_Molluscs": 1, "count_Sac Fungi": 4, "count_Mosses": 0, "unique_species_count": 157.0, "countryCode": "CL" }, "geometry": { "type": "MultiPolygon", "coordinates": [ [ [ [ -70.171385119957947, -38.797779082715415 ], [ -70.698494089912174, -39.152799791760842 ], [ -71.287294180345626, -39.034473514011708 ], [ -71.341960626871085, -38.564415136981893 ], [ -70.81316804697633, -38.212498562131479 ], [ -70.231330268843166, -38.32754578993918 ], [ -70.171385119957947, -38.797779082715415 ] ] ] ] } },
{ "type": "Feature", "properties": { "geogrid_id": "7438762672074746435", "seqnum": 40268.0, "lat_c": -38.762672166309585, "lon_c": -74.746435199081219, "res": 8.0, "count_Insects": 1, "count_Flowering Plants": 0, "count_Ferns": 0, "count_Reptiles": 0, "count_Mammals": 2, "count_Amphibians": 0, "count_Birds": 6, "count_Arachnids": 0, "count_Gymnosperms": 0, "count_Basidiomycota": 0, "count_Molluscs": 0, "count_Sac Fungi": 0, "count_Mosses": 0, "unique_species_count": 9.0, "countryCode": "CL" }, "geometry": { "type": "MultiPolygon", "coordinates": [ [ [ [ -74.165722827620982, -38.888559076244455 ], [ -74.715389072626877, -39.232847313348984 ], [ -75.298476753178207, -39.106565520464741 ], [ -75.324966886793334, -38.636409042761755 ], [ -74.776910378438558, -38.292000276573233 ], [ -74.20070810707044, -38.417875655278245 ], [ -74.165722827620982, -38.888559076244455 ] ] ] ] } },
{ "type": "Feature", "properties": { "geogrid_id": "7438913335071874704", "seqnum": 40352.0, "lat_c": -38.913334579266973, "lon_c": -71.874704213971995, "res": 8.0, "count_Insects": 374, "count_Flowering Plants": 432, "count_Ferns": 21, "count_Reptiles": 9, "count_Mammals": 16, "count_Amphibians": 9, "count_Birds": 109, "count_Arachnids": 49, "count_Gymnosperms": 8, "count_Basidiomycota": 88, "count_Molluscs": 6, "count_Sac Fungi": 25, "count_Mosses": 17, "unique_species_count": 1163.0, "countryCode": "CL" }, "geometry": { "type": "MultiPolygon", "coordinates": [ [ [ [ -71.287294180345626, -39.034473514011708 ], [ -71.821301154972275, -39.383980459344109 ], [ -72.410613987880112, -39.261751913869837 ], [ -72.459357026922916, -38.791076218973224 ], [ -71.925257701238621, -38.44355358159315 ], [ -71.341960626871085, -38.564415136981893 ], [ -71.287294180345626, -39.034473514011708 ] ] ] ] } },
{ "type": "Feature", "properties": { "geogrid_id": "7438980153075879335", "seqnum": 40267.0, "lat_c": -38.980152976395445, "lon_c": -75.879335408057443, "res": 8.0, "count_Insects": 0, "count_Flowering Plants": 0, "count_Ferns": 0, "count_Reptiles": 0, "count_Mammals": 2, "count_Amphibians": 0, "count_Birds": 0, "count_Arachnids": 0, "count_Gymnosperms": 0, "count_Basidiomycota": 0, "count_Molluscs": 0, "count_Sac Fungi": 0, "count_Mosses": 0, "unique_species_count": 2.0, "countryCode": "CL" }, "geometry": { "type": "MultiPolygon", "coordinates": [ [ [ [ -75.298476753178207, -39.106565520464741 ], [ -75.856947856282886, -39.449795015916017 ], [ -76.440131152641456, -39.323502096276428 ], [ -76.457957983553882, -38.853868882351065 ], [ -75.90130942373996, -38.510009457166518 ], [ -75.324966886793334, -38.636409042761755 ], [ -75.298476753178207, -39.106565520464741 ] ] ] ] } },
{ "type": "Feature", "properties": { "geogrid_id": "7439138308072997799", "seqnum": 40351.0, "lat_c": -39.138308310326906, "lon_c": -72.997799039534399, "res": 8.0, "count_Insects": 154, "count_Flowering Plants": 314, "count_Ferns": 10, "count_Reptiles": 4, "count_Mammals": 13, "count_Amphibians": 8, "count_Birds": 111, "count_Arachnids": 21, "count_Gymnosperms": 5, "count_Basidiomycota": 40, "count_Molluscs": 15, "count_Sac Fungi": 12, "count_Mosses": 5, "unique_species_count": 712.0, "countryCode": "CL" }, "geometry": { "type": "MultiPolygon", "coordinates": [ [ [ [ -72.410613987880112, -39.261751913869837 ], [ -72.952849363118972, -39.60852264103444 ], [ -73.542563717892733, -39.484051518505112 ], [ -73.582840046838356, -39.013842788577222 ], [ -73.041918728832073, -38.667618869398076 ], [ -72.459357026922916, -38.791076218973224 ], [ -72.410613987880112, -39.261751913869837 ] ] ] ] } },
{ "type": "Feature", "properties": { "geogrid_id": "7439197630077021032", "seqnum": 40266.0, "lat_c": -39.19763039436026, "lon_c": -77.021031529781112, "res": 8.0, "count_Insects": 0, "count_Flowering Plants": 0, "count_Ferns": 0, "count_Reptiles": 0, "count_Mammals": 2, "count_Amphibians": 0, "count_Birds": 0, "count_Arachnids": 0, "count_Gymnosperms": 0, "count_Basidiomycota": 0, "count_Molluscs": 0, "count_Sac Fungi": 0, "count_Mosses": 0, "unique_species_count": 2.0, "countryCode": "CL" }, "geometry": { "type": "MultiPolygon", "coordinates": [ [ [ [ -76.440131152641456, -39.323502096276428 ], [ -77.007472485424202, -39.666767450157629 ], [ -77.590648396317619, -39.541643870768631 ], [ -77.599644818020849, -39.072477505213861 ], [ -77.034339045602081, -38.727987484944855 ], [ -76.457957983553882, -38.853868882351065 ], [ -76.440131152641456, -39.323502096276428 ] ] ] ] } },
{ "type": "Feature", "properties": { "geogrid_id": "7439358753074130081", "seqnum": 40350.0, "lat_c": -39.358753264237322, "lon_c": -74.130081170166733, "res": 8.0, "count_Insects": 0, "count_Flowering Plants": 0, "count_Ferns": 0, "count_Reptiles": 0, "count_Mammals": 2, "count_Amphibians": 0, "count_Birds": 1, "count_Arachnids": 0, "count_Gymnosperms": 0, "count_Basidiomycota": 0, "count_Molluscs": 0, "count_Sac Fungi": 0, "count_Mosses": 0, "unique_species_count": 3.0, "countryCode": "CL" }, "geometry": { "type": "MultiPolygon", "coordinates": [ [ [ [ -73.542563717892733, -39.484051518505112 ], [ -74.093765763069683, -39.828469230118358 ], [ -74.683756908021095, -39.702536526511274 ], [ -74.715389072626877, -39.232847313348984 ], [ -74.165722827620982, -38.888559076244455 ], [ -73.582840046838356, -39.013842788577222 ], [ -73.542563717892733, -39.484051518505112 ] ] ] ] } },
{ "type": "Feature", "properties": { "geogrid_id": "7439417590078171492", "seqnum": 40265.0, "lat_c": -39.417589552900395, "lon_c": -78.17149151636302, "res": 8.0, "count_Insects": 0, "count_Flowering Plants": 0, "count_Ferns": 0, "count_Reptiles": 0, "count_Mammals": 1, "count_Amphibians": 0, "count_Birds": 0, "count_Arachnids": 0, "count_Gymnosperms": 0, "count_Basidiomycota": 0, "count_Molluscs": 0, "count_Sac Fungi": 0, "count_Mosses": 0, "unique_species_count": 1.0, "countryCode": "CL" }, "geometry": { "type": "MultiPolygon", "coordinates": [ [ [ [ -77.590648396317619, -39.541643870768631 ], [ -78.166929875424032, -39.886312789387574 ], [ -78.749999998330367, -39.76377642378619 ], [ -78.749999998315403, -39.29494809534458 ], [ -78.175968194016718, -38.948358841538116 ], [ -77.599644818020849, -39.072477505213861 ], [ -77.590648396317619, -39.541643870768631 ] ] ] ] } },
{ "type": "Feature", "properties": { "geogrid_id": "7439504811071229879", "seqnum": 40434.0, "lat_c": -39.504810762334749, "lon_c": -71.2298789574278, "res": 8.0, "count_Insects": 71, "count_Flowering Plants": 163, "count_Ferns": 11, "count_Reptiles": 4, "count_Mammals": 14, "count_Amphibians": 5, "count_Birds": 34, "count_Arachnids": 21, "count_Gymnosperms": 3, "count_Basidiomycota": 19, "count_Molluscs": 1, "count_Sac Fungi": 6, "count_Mosses": 3, "unique_species_count": 355.0, "countryCode": "CL" }, "geometry": { "type": "MultiPolygon", "coordinates": [ [ [ [ -70.636792111156353, -39.623364346398077 ], [ -71.170682934125637, -39.974949506010077 ], [ -71.766890978237072, -39.854163325116325 ], [ -71.821301154972275, -39.383980459344109 ], [ -71.287294180345626, -39.034473514011708 ], [ -70.698494089912174, -39.152799791760842 ], [ -70.636792111156353, -39.623364346398077 ] ] ] ] } },
{ "type": "Feature", "properties": { "geogrid_id": "7439576228075271487", "seqnum": 40349.0, "lat_c": -39.576228248850008, "lon_c": -75.271487324514908, "res": 8.0, "count_Insects": 0, "count_Flowering Plants": 0, "count_Ferns": 0, "count_Reptiles": 0, "count_Mammals": 2, "count_Amphibians": 0, "count_Birds": 1, "count_Arachnids": 0, "count_Gymnosperms": 0, "count_Basidiomycota": 0, "count_Molluscs": 0, "count_Sac Fungi": 0, "count_Mosses": 0, "unique_species_count": 3.0, "countryCode": "CL" }, "geometry": { "type": "MultiPolygon", "coordinates": [ [ [ [ -74.683756908021095, -39.702536526511274 ], [ -75.243985290057452, -40.045407798654786 ], [ -75.834135759935833, -39.918945921593675 ], [ -75.856947856282886, -39.449795015916017 ], [ -75.298476753178207, -39.106565520464741 ], [ -74.715389072626877, -39.232847313348984 ], [ -74.683756908021095, -39.702536526511274 ] ] ] ] } },
{ "type": "Feature", "properties": { "geogrid_id": "7439731959072360953", "seqnum": 40433.0, "lat_c": -39.731958853872555, "lon_c": -72.360952824536852, "res": 8.0, "count_Insects": 324, "count_Flowering Plants": 345, "count_Ferns": 23, "count_Reptiles": 5, "count_Mammals": 22, "count_Amphibians": 8, "count_Birds": 93, "count_Arachnids": 36, "count_Gymnosperms": 6, "count_Basidiomycota": 58, "count_Molluscs": 9, "count_Sac Fungi": 23, "count_Mosses": 19, "unique_species_count": 971.0, "countryCode": "CL" }, "geometry": { "type": "MultiPolygon", "coordinates": [ [ [ [ -71.766890978237072, -39.854163325116325 ], [ -72.310349155959742, -40.201708541852987 ], [ -72.907047682030807, -40.07827322452043 ], [ -72.952849363118972, -39.60852264103444 ], [ -72.410613987880112, -39.261751913869837 ], [ -71.821301154972275, -39.383980459344109 ], [ -71.766890978237072, -39.854163325116325 ] ] ] ] } },
{ "type": "Feature", "properties": { "geogrid_id": "7439792637076421967", "seqnum": 40348.0, "lat_c": -39.792636531787984, "lon_c": -76.421966807799279, "res": 8.0, "count_Insects": 0, "count_Flowering Plants": 0, "count_Ferns": 0, "count_Reptiles": 0, "count_Mammals": 2, "count_Amphibians": 0, "count_Birds": 0, "count_Arachnids": 0, "count_Gymnosperms": 0, "count_Basidiomycota": 0, "count_Molluscs": 0, "count_Sac Fungi": 0, "count_Mosses": 0, "unique_species_count": 2.0, "countryCode": "CL" }, "geometry": { "type": "MultiPolygon", "coordinates": [ [ [ [ -75.834135759935833, -39.918945921593675 ], [ -76.403455887546244, -40.261282269074989 ], [ -76.993655171051998, -40.135408526401456 ], [ -77.007472485424202, -39.666767450157629 ], [ -76.440131152641456, -39.323502096276428 ], [ -75.856947856282886, -39.449795015916017 ], [ -75.834135759935833, -39.918945921593675 ] ] ] ] } },
{ "type": "Feature", "properties": { "geogrid_id": "7439953789073501525", "seqnum": 40432.0, "lat_c": -39.953789469679485, "lon_c": -73.501524977103315, "res": 8.0, "count_Insects": 290, "count_Flowering Plants": 430, "count_Ferns": 24, "count_Reptiles": 5, "count_Mammals": 37, "count_Amphibians": 12, "count_Birds": 148, "count_Arachnids": 54, "count_Gymnosperms": 13, "count_Basidiomycota": 138, "count_Molluscs": 53, "count_Sac Fungi": 34, "count_Mosses": 58, "unique_species_count": 1296.0, "countryCode": "CL" }, "geometry": { "type": "MultiPolygon", "coordinates": [ [ [ [ -72.907047682030807, -40.07827322452043 ], [ -73.459703423411625, -40.423067849972057 ], [ -74.056758598431983, -40.297717983642137 ], [ -74.093765763069683, -39.828469230118358 ], [ -73.542563717892733, -39.484051518505112 ], [ -72.952849363118972, -39.60852264103444 ], [ -72.907047682030807, -40.07827322452043 ] ] ] ] } },
{ "type": "Feature", "properties": { "geogrid_id": "7440010308077581481", "seqnum": 40347.0, "lat_c": -40.01030787955024, "lon_c": -77.581480914524164, "res": 8.0, "count_Insects": 0, "count_Flowering Plants": 0, "count_Ferns": 0, "count_Reptiles": 0, "count_Mammals": 2, "count_Amphibians": 0, "count_Birds": 0, "count_Arachnids": 0, "count_Gymnosperms": 0, "count_Basidiomycota": 0, "count_Molluscs": 0, "count_Sac Fungi": 0, "count_Mosses": 0, "unique_species_count": 2.0, "countryCode": "CL" }, "geometry": { "type": "MultiPolygon", "coordinates": [ [ [ [ -76.993655171051998, -40.135408526401456 ], [ -77.572137749668585, -40.478479165881552 ], [ -78.162280979934096, -40.354538068549672 ], [ -78.166929875424032, -39.886312789387574 ], [ -77.590648396317619, -39.541643870768631 ], [ -77.007472485424202, -39.666767450157629 ], [ -76.993655171051998, -40.135408526401456 ] ] ] ] } },
{ "type": "Feature", "properties": { "geogrid_id": "7440171751074651523", "seqnum": 40431.0, "lat_c": -40.171750600758848, "lon_c": -74.651523061096498, "res": 8.0, "count_Insects": 0, "count_Flowering Plants": 0, "count_Ferns": 0, "count_Reptiles": 0, "count_Mammals": 5, "count_Amphibians": 0, "count_Birds": 4, "count_Arachnids": 0, "count_Gymnosperms": 0, "count_Basidiomycota": 0, "count_Molluscs": 0, "count_Sac Fungi": 0, "count_Mosses": 0, "unique_species_count": 9.0, "countryCode": "CL" }, "geometry": { "type": "MultiPolygon", "coordinates": [ [ [ [ -74.056758598431983, -40.297717983642137 ], [ -74.618671309913921, -40.640500324549642 ], [ -75.215956847114299, -40.514114719616011 ], [ -75.243985290057452, -40.045407798654786 ], [ -74.683756908021095, -39.702536526511274 ], [ -74.093765763069683, -39.828469230118358 ], [ -74.056758598431983, -40.297717983642137 ] ] ] ] } },
{ "type": "Feature", "properties": { "geogrid_id": "7440323895071711447", "seqnum": 40515.0, "lat_c": -40.323894789996601, "lon_c": -71.711446914030688, "res": 8.0, "count_Insects": 65, "count_Flowering Plants": 180, "count_Ferns": 15, "count_Reptiles": 3, "count_Mammals": 8, "count_Amphibians": 7, "count_Birds": 41, "count_Arachnids": 6, "count_Gymnosperms": 4, "count_Basidiomycota": 28, "count_Molluscs": 1, "count_Sac Fungi": 5, "count_Mosses": 10, "unique_species_count": 373.0, "countryCode": "CL" }, "geometry": { "type": "MultiPolygon", "coordinates": [ [ [ [ -71.110360788942273, -40.444641962979013 ], [ -71.654941215444168, -40.793186502525089 ], [ -72.258777710431588, -40.671012509368204 ], [ -72.310349155959742, -40.201708541852987 ], [ -71.766890978237072, -39.854163325116325 ], [ -71.170682934125637, -39.974949506010077 ], [ -71.110360788942273, -40.444641962979013 ] ] ] ] } },
{ "type": "Feature", "properties": { "geogrid_id": "7440387616075810888", "seqnum": 40430.0, "lat_c": -40.387616003333299, "lon_c": -75.810887703452352, "res": 8.0, "count_Insects": 0, "count_Flowering Plants": 0, "count_Ferns": 0, "count_Reptiles": 0, "count_Mammals": 3, "count_Amphibians": 0, "count_Birds": 1, "count_Arachnids": 0, "count_Gymnosperms": 0, "count_Basidiomycota": 0, "count_Molluscs": 0, "count_Sac Fungi": 0, "count_Mosses": 0, "unique_species_count": 4.0, "countryCode": "CL" }, "geometry": { "type": "MultiPolygon", "coordinates": [ [ [ [ -75.215956847114299, -40.514114719616011 ], [ -75.787191845753881, -40.855815540901965 ], [ -76.384588992477518, -40.729449342388214 ], [ -76.403455887546244, -40.261282269074989 ], [ -75.834135759935833, -39.918945921593675 ], [ -75.243985290057452, -40.045407798654786 ], [ -75.215956847114299, -40.514114719616011 ] ] ] ] } },
{ "type": "Feature", "properties": { "geogrid_id": "7440547571072860371", "seqnum": 40514.0, "lat_c": -40.547571444183532, "lon_c": -72.860371173579111, "res": 8.0, "count_Insects": 317, "count_Flowering Plants": 299, "count_Ferns": 14, "count_Reptiles": 4, "count_Mammals": 21, "count_Amphibians": 8, "count_Birds": 95, "count_Arachnids": 44, "count_Gymnosperms": 8, "count_Basidiomycota": 63, "count_Molluscs": 9, "count_Sac Fungi": 18, "count_Mosses": 6, "unique_species_count": 906.0, "countryCode": "CL" }, "geometry": { "type": "MultiPolygon", "coordinates": [ [ [ [ -72.258777710431588, -40.671012509368204 ], [ -72.812796174439484, -41.016428713151441 ], [ -73.417077903605588, -40.891897886450053 ], [ -73.459703423411625, -40.423067849972057 ], [ -72.907047682030807, -40.07827322452043 ], [ -72.310349155959742, -40.201708541852987 ], [ -72.258777710431588, -40.671012509368204 ] ] ] ] } },
{ "type": "Feature", "properties": { "geogrid_id": "7440603563076979573", "seqnum": 40429.0, "lat_c": -40.603563436465976, "lon_c": -76.979572593745033, "res": 8.0, "count_Insects": 0, "count_Flowering Plants": 0, "count_Ferns": 0, "count_Reptiles": 0, "count_Mammals": 2, "count_Amphibians": 0, "count_Birds": 0, "count_Arachnids": 0, "count_Gymnosperms": 0, "count_Basidiomycota": 0, "count_Molluscs": 0, "count_Sac Fungi": 0, "count_Mosses": 0, "unique_species_count": 2.0, "countryCode": "CL" }, "geometry": { "type": "MultiPolygon", "coordinates": [ [ [ [ -76.384588992477518, -40.729449342388214 ], [ -76.965217497584121, -41.071241936972001 ], [ -77.562614104947556, -40.946167293807733 ], [ -77.572137749668585, -40.478479165881552 ], [ -76.993655171051998, -40.135408526401456 ], [ -76.403455887546244, -40.261282269074989 ], [ -76.384588992477518, -40.729449342388214 ] ] ] ] } },
{ "type": "Feature", "properties": { "geogrid_id": "7440766511074019041", "seqnum": 40513.0, "lat_c": -40.766510541585646, "lon_c": -74.019041003835525, "res": 8.0, "count_Insects": 55, "count_Flowering Plants": 126, "count_Ferns": 11, "count_Reptiles": 2, "count_Mammals": 8, "count_Amphibians": 9, "count_Birds": 69, "count_Arachnids": 34, "count_Gymnosperms": 5, "count_Basidiomycota": 9, "count_Molluscs": 33, "count_Sac Fungi": 0, "count_Mosses": 2, "unique_species_count": 363.0, "countryCode": "CL" }, "geometry": { "type": "MultiPolygon", "coordinates": [ [ [ [ -73.417077903605588, -40.891897886450053 ], [ -73.980593612610875, -41.234857936346174 ], [ -74.585184828806334, -41.108796487600266 ], [ -74.618671309913921, -40.640500324549642 ], [ -74.056758598431983, -40.297717983642137 ], [ -73.459703423411625, -40.423067849972057 ], [ -73.417077903605588, -40.891897886450053 ] ] ] ] } },
{ "type": "Feature", "properties": { "geogrid_id": "7440822275078157542", "seqnum": 40428.0, "lat_c": -40.822274827932752, "lon_c": -78.157542452545442, "res": 8.0, "count_Insects": 0, "count_Flowering Plants": 0, "count_Ferns": 0, "count_Reptiles": 0, "count_Mammals": 2, "count_Amphibians": 0, "count_Birds": 0, "count_Arachnids": 0, "count_Gymnosperms": 0, "count_Basidiomycota": 0, "count_Molluscs": 0, "count_Sac Fungi": 0, "count_Mosses": 0, "unique_species_count": 2.0, "countryCode": "CL" }, "geometry": { "type": "MultiPolygon", "coordinates": [ [ [ [ -77.562614104947556, -40.946167293807733 ], [ -78.152711825820901, -41.28953242739464 ], [ -78.749999998377092, -41.167290285818375 ], [ -78.749999998361204, -40.699938156850955 ], [ -78.162280979934096, -40.354538068549672 ], [ -77.572137749668585, -40.478479165881552 ], [ -77.562614104947556, -40.946167293807733 ] ] ] ] } },
{ "type": "Feature", "properties": { "geogrid_id": "7440982360075187388", "seqnum": 40512.0, "lat_c": -40.982359547297136, "lon_c": -75.187387678859253, "res": 8.0, "count_Insects": 0, "count_Flowering Plants": 0, "count_Ferns": 0, "count_Reptiles": 0, "count_Mammals": 5, "count_Amphibians": 0, "count_Birds": 0, "count_Arachnids": 0, "count_Gymnosperms": 0, "count_Basidiomycota": 0, "count_Molluscs": 0, "count_Sac Fungi": 0, "count_Mosses": 0, "unique_species_count": 5.0, "countryCode": "CL" }, "geometry": { "type": "MultiPolygon", "coordinates": [ [ [ [ -74.585184828806334, -41.108796487600266 ], [ -75.158262930956582, -41.450152810296764 ], [ -75.763035900819759, -41.323554790049386 ], [ -75.787191845753881, -40.855815540901965 ], [ -75.215956847114299, -40.514114719616011 ], [ -74.618671309913921, -40.640500324549642 ], [ -74.585184828806334, -41.108796487600266 ] ] ] ] } },
{ "type": "Feature", "properties": { "geogrid_id": "7441139882072206212", "seqnum": 40596.0, "lat_c": -41.139882326393924, "lon_c": -72.206212286317808, "res": 8.0, "count_Insects": 192, "count_Flowering Plants": 269, "count_Ferns": 21, "count_Reptiles": 3, "count_Mammals": 27, "count_Amphibians": 9, "count_Birds": 88, "count_Arachnids": 75, "count_Gymnosperms": 7, "count_Basidiomycota": 40, "count_Molluscs": 20, "count_Sac Fungi": 33, "count_Mosses": 16, "unique_species_count": 800.0, "countryCode": "CL" }, "geometry": { "type": "MultiPolygon", "coordinates": [ [ [ [ -71.59734511561517, -41.262050156368289 ], [ -72.152625710958404, -41.608329611629813 ], [ -72.764298143347318, -41.484856484160815 ], [ -72.812796174439484, -41.016428713151441 ], [ -72.258777710431588, -40.671012509368204 ], [ -71.654941215444168, -40.793186502525089 ], [ -71.59734511561517, -41.262050156368289 ] ] ] ] } },
{ "type": "Feature", "properties": { "geogrid_id": "7441197148076365356", "seqnum": 40511.0, "lat_c": -41.197147745046543, "lon_c": -76.365356369777587, "res": 8.0, "count_Insects": 0, "count_Flowering Plants": 0, "count_Ferns": 0, "count_Reptiles": 0, "count_Mammals": 2, "count_Amphibians": 0, "count_Birds": 0, "count_Arachnids": 0, "count_Gymnosperms": 0, "count_Basidiomycota": 0, "count_Molluscs": 0, "count_Sac Fungi": 0, "count_Mosses": 0, "unique_species_count": 2.0, "countryCode": "CL" }, "geometry": { "type": "MultiPolygon", "coordinates": [ [ [ [ -75.763035900819759, -41.323554790049386 ], [ -76.345747896881363, -41.664387434680393 ], [ -76.950582351448475, -41.538453731862916 ], [ -76.965217497584121, -41.071241936972001 ], [ -76.384588992477518, -40.729449342388214 ], [ -75.787191845753881, -40.855815540901965 ], [ -75.763035900819759, -41.323554790049386 ] ] ] ] } },
{ "type": "Feature", "properties": { "geogrid_id": "7441360291073373626", "seqnum": 40595.0, "lat_c": -41.360290834684463, "lon_c": -73.373626478805249, "res": 8.0, "count_Insects": 239, "count_Flowering Plants": 322, "count_Ferns": 16, "count_Reptiles": 2, "count_Mammals": 22, "count_Amphibians": 7, "count_Birds": 146, "count_Arachnids": 46, "count_Gymnosperms": 10, "count_Basidiomycota": 67, "count_Molluscs": 67, "count_Sac Fungi": 16, "count_Mosses": 8, "unique_species_count": 968.0, "countryCode": "CL" }, "geometry": { "type": "MultiPolygon", "coordinates": [ [ [ [ -72.764298143347318, -41.484856484160815 ], [ -73.329326389219702, -41.828257988628145 ], [ -73.941396332554874, -41.702771225058953 ], [ -73.980593612610875, -41.234857936346174 ], [ -73.417077903605588, -40.891897886450053 ], [ -72.812796174439484, -41.016428713151441 ], [ -72.764298143347318, -41.484856484160815 ] ] ] ] } },
{ "type": "Feature", "properties": { "geogrid_id": "7441413382077552905", "seqnum": 40510.0, "lat_c": -41.413381760151537, "lon_c": -77.55290500164152, "res": 8.0, "count_Insects": 0, "count_Flowering Plants": 0, "count_Ferns": 0, "count_Reptiles": 0, "count_Mammals": 2, "count_Amphibians": 0, "count_Birds": 0, "count_Arachnids": 0, "count_Gymnosperms": 0, "count_Basidiomycota": 0, "count_Molluscs": 0, "count_Sac Fungi": 0, "count_Mosses": 0, "unique_species_count": 2.0, "countryCode": "CL" }, "geometry": { "type": "MultiPolygon", "coordinates": [ [ [ [ -76.950582351448475, -41.538453731862916 ], [ -77.543005270572948, -41.880131997631267 ], [ -78.147786537998783, -41.756320151409767 ], [ -78.152711825820901, -41.28953242739464 ], [ -77.562614104947556, -40.946167293807733 ], [ -76.965217497584121, -41.071241936972001 ], [ -76.950582351448475, -41.538453731862916 ] ] ] ] } },
{ "type": "Feature", "properties": { "geogrid_id": "7441576650074551046", "seqnum": 40594.0, "lat_c": -41.576649889105717, "lon_c": -74.551046161052184, "res": 8.0, "count_Insects": 0, "count_Flowering Plants": 0, "count_Ferns": 0, "count_Reptiles": 0, "count_Mammals": 2, "count_Amphibians": 0, "count_Birds": 14, "count_Arachnids": 0, "count_Gymnosperms": 0, "count_Basidiomycota": 0, "count_Molluscs": 0, "count_Sac Fungi": 0, "count_Mosses": 0, "unique_species_count": 16.0, "countryCode": "CL" }, "geometry": { "type": "MultiPolygon", "coordinates": [ [ [ [ -73.941396332554874, -41.702771225058953 ], [ -74.516237190101108, -42.044071346467312 ], [ -75.128567186931647, -41.917505037884041 ], [ -75.158262930956582, -41.450152810296764 ], [ -74.585184828806334, -41.108796487600266 ], [ -73.980593612610875, -41.234857936346174 ], [ -73.941396332554874, -41.702771225058953 ] ] ] ] } },
{ "type": "Feature", "properties": { "geogrid_id": "7441634169078750000", "seqnum": 40509.0, "lat_c": -41.634168937879338, "lon_c": -78.749999998393292, "res": 8.0, "count_Insects": 0, "count_Flowering Plants": 0, "count_Ferns": 0, "count_Reptiles": 0, "count_Mammals": 2, "count_Amphibians": 0, "count_Birds": 0, "count_Arachnids": 0, "count_Gymnosperms": 0, "count_Basidiomycota": 0, "count_Molluscs": 0, "count_Sac Fungi": 0, "count_Mosses": 0, "unique_species_count": 2.0, "countryCode": "CL" }, "geometry": { "type": "MultiPolygon", "coordinates": [ [ [ [ -78.147786537998783, -41.756320151409767 ], [ -78.74999999840982, -42.100583276011584 ], [ -79.352213457402954, -41.756320152005536 ], [ -79.347288169536299, -41.289532428013828 ], [ -78.749999998377092, -41.167290285818375 ], [ -78.152711825820901, -41.28953242739464 ], [ -78.147786537998783, -41.756320151409767 ] ] ] ] } },
{ "type": "Feature", "properties": { "geogrid_id": "7441730497071538629", "seqnum": 40678.0, "lat_c": -41.730497500901102, "lon_c": -71.538628782809383, "res": 8.0, "count_Insects": 14, "count_Flowering Plants": 67, "count_Ferns": 8, "count_Reptiles": 1, "count_Mammals": 2, "count_Amphibians": 3, "count_Birds": 7, "count_Arachnids": 0, "count_Gymnosperms": 2, "count_Basidiomycota": 1, "count_Molluscs": 1, "count_Sac Fungi": 2, "count_Mosses": 1, "unique_species_count": 109.0, "countryCode": "CL" }, "geometry": { "type": "MultiPolygon", "coordinates": [ [ [ [ -70.922329551371035, -41.851159186887777 ], [ -71.478761273257973, -42.198540352428545 ], [ -72.097989797485425, -42.076366043434419 ], [ -72.152625710958404, -41.608329611629813 ], [ -71.59734511561517, -41.262050156368289 ], [ -70.986216034812173, -41.382734992041094 ], [ -70.922329551371035, -41.851159186887777 ] ] ] ] } },
{ "type": "Feature", "properties": { "geogrid_id": "7441790844075738407", "seqnum": 40593.0, "lat_c": -41.790843988963317, "lon_c": -75.738407117203877, "res": 8.0, "count_Insects": 0, "count_Flowering Plants": 0, "count_Ferns": 0, "count_Reptiles": 0, "count_Mammals": 2, "count_Amphibians": 0, "count_Birds": 1, "count_Arachnids": 0, "count_Gymnosperms": 0, "count_Basidiomycota": 0, "count_Molluscs": 0, "count_Sac Fungi": 0, "count_Mosses": 0, "unique_species_count": 3.0, "countryCode": "CL" }, "geometry": { "type": "MultiPolygon", "coordinates": [ [ [ [ -75.128567186931647, -41.917505037884041 ], [ -75.713292256432311, -42.257693365101254 ], [ -76.325753064231179, -42.131178338743574 ], [ -76.345747896881363, -41.664387434680393 ], [ -75.763035900819759, -41.323554790049386 ], [ -75.158262930956582, -41.450152810296764 ], [ -75.128567186931647, -41.917505037884041 ] ] ] ] } },
{ "type": "Feature", "properties": { "geogrid_id": "7441952866072714852", "seqnum": 40677.0, "lat_c": -41.95286626004367, "lon_c": -72.714851621888485, "res": 8.0, "count_Insects": 115, "count_Flowering Plants": 178, "count_Ferns": 16, "count_Reptiles": 2, "count_Mammals": 13, "count_Amphibians": 9, "count_Birds": 96, "count_Arachnids": 33, "count_Gymnosperms": 4, "count_Basidiomycota": 20, "count_Molluscs": 91, "count_Sac Fungi": 15, "count_Mosses": 7, "unique_species_count": 599.0, "countryCode": "CL" }, "geometry": { "type": "MultiPolygon", "coordinates": [ [ [ [ -72.097989797485425, -42.076366043434419 ], [ -72.664430193289903, -42.420469604882527 ], [ -73.284154017084433, -42.295810691124075 ], [ -73.329326389219702, -41.828257988628145 ], [ -72.764298143347318, -41.484856484160815 ], [ -72.152625710958404, -41.608329611629813 ], [ -72.097989797485425, -42.076366043434419 ] ] ] ] } },
{ "type": "Feature", "properties": { "geogrid_id": "7442005208076935659", "seqnum": 40592.0, "lat_c": -42.005208476641045, "lon_c": -76.935659336130556, "res": 8.0, "count_Insects": 0, "count_Flowering Plants": 0, "count_Ferns": 0, "count_Reptiles": 0, "count_Mammals": 2, "count_Amphibians": 0, "count_Birds": 0, "count_Arachnids": 0, "count_Gymnosperms": 0, "count_Basidiomycota": 0, "count_Molluscs": 0, "count_Sac Fungi": 0, "count_Mosses": 0, "unique_species_count": 2.0, "countryCode": "CL" }, "geometry": { "type": "MultiPolygon", "coordinates": [ [ [ [ -76.325753064231179, -42.131178338743574 ], [ -76.920440330724333, -42.471515782788458 ], [ -77.53290954307819, -42.346427378054372 ], [ -77.543005270572948, -41.880131997631267 ], [ -76.950582351448475, -41.538453731862916 ], [ -76.345747896881363, -41.664387434680393 ], [ -76.325753064231179, -42.131178338743574 ] ] ] ] } },
{ "type": "Feature", "properties": { "geogrid_id": "7442170261073901428", "seqnum": 40676.0, "lat_c": -42.1702614992912, "lon_c": -73.901428313012175, "res": 8.0, "count_Insects": 299, "count_Flowering Plants": 294, "count_Ferns": 18, "count_Reptiles": 2, "count_Mammals": 28, "count_Amphibians": 10, "count_Birds": 139, "count_Arachnids": 61, "count_Gymnosperms": 9, "count_Basidiomycota": 54, "count_Molluscs": 79, "count_Sac Fungi": 22, "count_Mosses": 16, "unique_species_count": 1031.0, "countryCode": "CL" }, "geometry": { "type": "MultiPolygon", "coordinates": [ [ [ [ -73.284154017084433, -42.295810691124075 ], [ -73.860667910232834, -42.637339895375455 ], [ -74.480739109270942, -42.511071704585994 ], [ -74.516237190101108, -42.044071346467312 ], [ -73.941396332554874, -41.702771225058953 ], [ -73.329326389219702, -41.828257988628145 ], [ -73.284154017084433, -42.295810691124075 ] ] ] ] } },
{ "type": "Feature", "properties": { "geogrid_id": "7442222647078142764", "seqnum": 40591.0, "lat_c": -42.22264721136785, "lon_c": -78.142763928515038, "res": 8.0, "count_Insects": 0, "count_Flowering Plants": 0, "count_Ferns": 0, "count_Reptiles": 0, "count_Mammals": 2, "count_Amphibians": 0, "count_Birds": 0, "count_Arachnids": 0, "count_Gymnosperms": 0, "count_Basidiomycota": 0, "count_Molluscs": 0, "count_Sac Fungi": 0, "count_Mosses": 0, "unique_species_count": 2.0, "countryCode": "CL" }, "geometry": { "type": "MultiPolygon", "coordinates": [ [ [ [ -77.53290954307819, -42.346427378054372 ], [ -78.137641233266265, -42.688522747871552 ], [ -78.749999998426688, -42.566542386994328 ], [ -78.74999999840982, -42.100583276011584 ], [ -78.147786537998783, -41.756320151409767 ], [ -77.543005270572948, -41.880131997631267 ], [ -77.53290954307819, -42.346427378054372 ] ] ] ] } },
{ "type": "Feature", "properties": { "geogrid_id": "7442222647079357236", "seqnum": 40590.0, "lat_c": -42.22264721194027, "lon_c": -79.357236066932074, "res": 8.0, "count_Insects": 0, "count_Flowering Plants": 0, "count_Ferns": 0, "count_Reptiles": 0, "count_Mammals": 2, "count_Amphibians": 0, "count_Birds": 0, "count_Arachnids": 0, "count_Gymnosperms": 0, "count_Basidiomycota": 0, "count_Molluscs": 0, "count_Sac Fungi": 0, "count_Mosses": 0, "unique_species_count": 2.0, "countryCode": "CL" }, "geometry": { "type": "MultiPolygon", "coordinates": [ [ [ [ -78.749999998426688, -42.566542386994328 ], [ -79.362358762227061, -42.688522748420709 ], [ -79.967090452406339, -42.346427378638701 ], [ -79.95699472486595, -41.880131998238667 ], [ -79.352213457402954, -41.756320152005536 ], [ -78.74999999840982, -42.100583276011584 ], [ -78.749999998426688, -42.566542386994328 ] ] ] ] } },
{ "type": "Feature", "properties": { "geogrid_id": "7442384427075098284", "seqnum": 40675.0, "lat_c": -42.384426768110885, "lon_c": -75.098284442214563, "res": 8.0, "count_Insects": 0, "count_Flowering Plants": 0, "count_Ferns": 0, "count_Reptiles": 0, "count_Mammals": 3, "count_Amphibians": 0, "count_Birds": 1, "count_Arachnids": 0, "count_Gymnosperms": 0, "count_Basidiomycota": 0, "count_Molluscs": 0, "count_Sac Fungi": 0, "count_Mosses": 0, "unique_species_count": 4.0, "countryCode": "CL" }, "geometry": { "type": "MultiPolygon", "coordinates": [ [ [ [ -74.480739109270942, -42.511071704585994 ], [ -75.067398076779995, -42.850928556456971 ], [ -75.68767757021476, -42.72411314244453 ], [ -75.713292256432311, -42.257693365101254 ], [ -75.128567186931647, -41.917505037884041 ], [ -74.516237190101108, -42.044071346467312 ], [ -74.480739109270942, -42.511071704585994 ] ] ] ] } },
{ "type": "Feature", "properties": { "geogrid_id": "7442544003072042275", "seqnum": 40759.0, "lat_c": -42.544003371452732, "lon_c": -72.042275299463242, "res": 8.0, "count_Insects": 52, "count_Flowering Plants": 121, "count_Ferns": 15, "count_Reptiles": 1, "count_Mammals": 15, "count_Amphibians": 7, "count_Birds": 64, "count_Arachnids": 5, "count_Gymnosperms": 3, "count_Basidiomycota": 22, "count_Molluscs": 20, "count_Sac Fungi": 7, "count_Mosses": 7, "unique_species_count": 339.0, "countryCode": "CL" }, "geometry": { "type": "MultiPolygon", "coordinates": [ [ [ [ -71.417710481642914, -42.666190606109993 ], [ -71.985451863245743, -43.011253429006047 ], [ -72.613006439109597, -42.887678155903394 ], [ -72.664430193289903, -42.420469604882527 ], [ -72.097989797485425, -42.076366043434419 ], [ -71.478761273257973, -42.198540352428545 ], [ -71.417710481642914, -42.666190606109993 ] ] ] ] } },
{ "type": "Feature", "properties": { "geogrid_id": "7442597530076305361", "seqnum": 40674.0, "lat_c": -42.597530360328896, "lon_c": -76.305360957073432, "res": 8.0, "count_Insects": 0, "count_Flowering Plants": 0, "count_Ferns": 0, "count_Reptiles": 0, "count_Mammals": 3, "count_Amphibians": 0, "count_Birds": 0, "count_Arachnids": 0, "count_Gymnosperms": 0, "count_Basidiomycota": 0, "count_Molluscs": 0, "count_Sac Fungi": 0, "count_Mosses": 0, "unique_species_count": 3.0, "countryCode": "CL" }, "geometry": { "type": "MultiPolygon", "coordinates": [ [ [ [ -75.68767757021476, -42.72411314244453 ], [ -76.284560236235379, -43.063453384327175 ], [ -76.904916898240245, -42.937385222398852 ], [ -76.920440330724333, -42.471515782788458 ], [ -76.325753064231179, -42.131178338743574 ], [ -75.713292256432311, -42.257693365101254 ], [ -75.68767757021476, -42.72411314244453 ] ] ] ] } },
{ "type": "Feature", "properties": { "geogrid_id": "7442762960073238085", "seqnum": 40758.0, "lat_c": -42.762960345110436, "lon_c": -73.238084847683865, "res": 8.0, "count_Insects": 115, "count_Flowering Plants": 168, "count_Ferns": 15, "count_Reptiles": 1, "count_Mammals": 16, "count_Amphibians": 7, "count_Birds": 117, "count_Arachnids": 24, "count_Gymnosperms": 5, "count_Basidiomycota": 34, "count_Molluscs": 75, "count_Sac Fungi": 6, "count_Mosses": 9, "unique_species_count": 592.0, "countryCode": "CL" }, "geometry": { "type": "MultiPolygon", "coordinates": [ [ [ [ -72.613006439109597, -42.887678155903394 ], [ -73.191093428361825, -43.229718425596523 ], [ -73.819092650913788, -43.104017605452043 ], [ -73.860667910232834, -42.637339895375455 ], [ -73.284154017084433, -42.295810691124075 ], [ -72.664430193289903, -42.420469604882527 ], [ -72.613006439109597, -42.887678155903394 ] ] ] ] } },
{ "type": "Feature", "properties": { "geogrid_id": "7442812277077522612", "seqnum": 40673.0, "lat_c": -42.812277215601519, "lon_c": -77.522612241460479, "res": 8.0, "count_Insects": 0, "count_Flowering Plants": 0, "count_Ferns": 0, "count_Reptiles": 0, "count_Mammals": 2, "count_Amphibians": 0, "count_Birds": 0, "count_Arachnids": 0, "count_Gymnosperms": 0, "count_Basidiomycota": 0, "count_Molluscs": 0, "count_Sac Fungi": 0, "count_Mosses": 0, "unique_species_count": 2.0, "countryCode": "CL" }, "geometry": { "type": "MultiPolygon", "coordinates": [ [ [ [ -76.904916898240245, -42.937385222398852 ], [ -77.512107568890215, -43.277690770217518 ], [ -78.132415579596298, -43.153955833039021 ], [ -78.137641233266265, -42.688522747871552 ], [ -77.53290954307819, -42.346427378054372 ], [ -76.920440330724333, -42.471515782788458 ], [ -76.904916898240245, -42.937385222398852 ] ] ] ] } },
{ "type": "Feature", "properties": { "geogrid_id": "7442977662074444532", "seqnum": 40757.0, "lat_c": -42.977661845785022, "lon_c": -74.444532389831437, "res": 8.0, "count_Insects": 72, "count_Flowering Plants": 136, "count_Ferns": 11, "count_Reptiles": 2, "count_Mammals": 20, "count_Amphibians": 6, "count_Birds": 80, "count_Arachnids": 32, "count_Gymnosperms": 4, "count_Basidiomycota": 29, "count_Molluscs": 15, "count_Sac Fungi": 10, "count_Mosses": 10, "unique_species_count": 427.0, "countryCode": "CL" }, "geometry": { "type": "MultiPolygon", "coordinates": [ [ [ [ -73.819092650913788, -43.104017605452043 ], [ -74.407596747386435, -43.443852700433062 ], [ -75.035890826303387, -43.317020985069874 ], [ -75.067398076779995, -42.850928556456971 ], [ -74.480739109270942, -42.511071704585994 ], [ -73.860667910232834, -42.637339895375455 ], [ -73.819092650913788, -43.104017605452043 ] ] ] ] } },
{ "type": "Feature", "properties": { "geogrid_id": "7443032055078750000", "seqnum": 40672.0, "lat_c": -43.03205528328261, "lon_c": -78.749999998443897, "res": 8.0, "count_Insects": 0, "count_Flowering Plants": 0, "count_Ferns": 0, "count_Reptiles": 0, "count_Mammals": 2, "count_Amphibians": 0, "count_Birds": 0, "count_Arachnids": 0, "count_Gymnosperms": 0, "count_Basidiomycota": 0, "count_Molluscs": 0, "count_Sac Fungi": 0, "count_Mosses": 0, "unique_species_count": 2.0, "countryCode": "CL" }, "geometry": { "type": "MultiPolygon", "coordinates": [ [ [ [ -78.132415579596298, -43.153955833039021 ], [ -78.749999998461476, -43.497130904845541 ], [ -79.367584415944137, -43.153955833564986 ], [ -79.362358762227061, -42.688522748420709 ], [ -78.749999998426688, -42.566542386994328 ], [ -78.137641233266265, -42.688522747871552 ], [ -78.132415579596298, -43.153955833039021 ] ] ] ] } },
{ "type": "Feature", "properties": { "geogrid_id": "7443133460071355443", "seqnum": 40841.0, "lat_c": -43.133460248654529, "lon_c": -71.355443089119547, "res": 8.0, "count_Insects": 17, "count_Flowering Plants": 43, "count_Ferns": 5, "count_Reptiles": 1, "count_Mammals": 2, "count_Amphibians": 1, "count_Birds": 23, "count_Arachnids": 0, "count_Gymnosperms": 4, "count_Basidiomycota": 16, "count_Molluscs": 0, "count_Sac Fungi": 4, "count_Mosses": 0, "unique_species_count": 116.0, "countryCode": "CL" }, "geometry": { "type": "MultiPolygon", "coordinates": [ [ [ [ -70.723004988926618, -43.254085742576379 ], [ -71.291924508764183, -43.600361371863286 ], [ -71.927487977942505, -43.478128146320735 ], [ -71.985451863245743, -43.011253429006047 ], [ -71.417710481642914, -42.666190606109993 ], [ -70.790759680463012, -42.786822516487497 ], [ -70.723004988926618, -43.254085742576379 ] ] ] ] } },
{ "type": "Feature", "properties": { "geogrid_id": "7443190114075661549", "seqnum": 40756.0, "lat_c": -43.190113549226822, "lon_c": -75.661548776399485, "res": 8.0, "count_Insects": 0, "count_Flowering Plants": 0, "count_Ferns": 0, "count_Reptiles": 0, "count_Mammals": 3, "count_Amphibians": 0, "count_Birds": 0, "count_Arachnids": 0, "count_Gymnosperms": 0, "count_Basidiomycota": 0, "count_Molluscs": 0, "count_Sac Fungi": 0, "count_Mosses": 0, "unique_species_count": 3.0, "countryCode": "CL" }, "geometry": { "type": "MultiPolygon", "coordinates": [ [ [ [ -75.035890826303387, -43.317020985069874 ], [ -75.63489103359646, -43.655704826195027 ], [ -76.263339117819143, -43.528957283974151 ], [ -76.284560236235379, -43.063453384327175 ], [ -75.68767757021476, -42.72411314244453 ], [ -75.067398076779995, -42.850928556456971 ], [ -75.035890826303387, -43.317020985069874 ] ] ] ] } },
{ "type": "Feature", "properties": { "geogrid_id": "7443354504072560552", "seqnum": 40840.0, "lat_c": -43.354503636182571, "lon_c": -72.560551893723044, "res": 8.0, "count_Insects": 30, "count_Flowering Plants": 67, "count_Ferns": 7, "count_Reptiles": 1, "count_Mammals": 14, "count_Amphibians": 6, "count_Birds": 39, "count_Arachnids": 2, "count_Gymnosperms": 4, "count_Basidiomycota": 21, "count_Molluscs": 29, "count_Sac Fungi": 6, "count_Mosses": 0, "unique_species_count": 226.0, "countryCode": "CL" }, "geometry": { "type": "MultiPolygon", "coordinates": [ [ [ [ -71.927487977942505, -43.478128146320735 ], [ -72.507036996500389, -43.820957868251753 ], [ -73.143153325418652, -43.696096492491499 ], [ -73.191093428361825, -43.229718425596523 ], [ -72.613006439109597, -42.887678155903394 ], [ -71.985451863245743, -43.011253429006047 ], [ -71.927487977942505, -43.478128146320735 ] ] ] ] } },
{ "type": "Feature", "properties": { "geogrid_id": "7443402826076889080", "seqnum": 40755.0, "lat_c": -43.402826333050854, "lon_c": -76.889080270397258, "res": 8.0, "count_Insects": 0, "count_Flowering Plants": 0, "count_Ferns": 0, "count_Reptiles": 0, "count_Mammals": 2, "count_Amphibians": 0, "count_Birds": 1, "count_Arachnids": 0, "count_Gymnosperms": 0, "count_Basidiomycota": 0, "count_Molluscs": 0, "count_Sac Fungi": 0, "count_Mosses": 0, "unique_species_count": 3.0, "countryCode": "CL" }, "geometry": { "type": "MultiPolygon", "coordinates": [ [ [ [ -76.263339117819143, -43.528957283974151 ], [ -76.872921331538748, -43.867848622956558 ], [ -77.501389498715142, -43.742677251127567 ], [ -77.512107568890215, -43.277690770217518 ], [ -76.904916898240245, -42.937385222398852 ], [ -76.284560236235379, -43.063453384327175 ], [ -76.263339117819143, -43.528957283974151 ] ] ] ] } },
{ "type": "Feature", "properties": { "geogrid_id": "7443570306073776679", "seqnum": 40839.0, "lat_c": -43.570305889298474, "lon_c": -73.77667919382948, "res": 8.0, "count_Insects": 22, "count_Flowering Plants": 56, "count_Ferns": 7, "count_Reptiles": 1, "count_Mammals": 4, "count_Amphibians": 4, "count_Birds": 36, "count_Arachnids": 3, "count_Gymnosperms": 2, "count_Basidiomycota": 18, "count_Molluscs": 64, "count_Sac Fungi": 2, "count_Mosses": 4, "unique_species_count": 223.0, "countryCode": "CL" }, "geometry": { "type": "MultiPolygon", "coordinates": [ [ [ [ -73.143153325418652, -43.696096492491499 ], [ -73.733403289453378, -44.036216087032287 ], [ -74.369911106462254, -43.909655258347399 ], [ -74.407596747386435, -43.443852700433062 ], [ -73.819092650913788, -43.104017605452043 ], [ -73.191093428361825, -43.229718425596523 ], [ -73.143153325418652, -43.696096492491499 ] ] ] ] } },
{ "type": "Feature", "properties": { "geogrid_id": "7443618955078127084", "seqnum": 40754.0, "lat_c": -43.618955472817383, "lon_c": -78.127083980987194, "res": 8.0, "count_Insects": 0, "count_Flowering Plants": 0, "count_Ferns": 0, "count_Reptiles": 0, "count_Mammals": 2, "count_Amphibians": 0, "count_Birds": 0, "count_Arachnids": 0, "count_Gymnosperms": 0, "count_Basidiomycota": 0, "count_Molluscs": 0, "count_Sac Fungi": 0, "count_Mosses": 0, "unique_species_count": 2.0, "countryCode": "CL" }, "geometry": { "type": "MultiPolygon", "coordinates": [ [ [ [ -77.501389498715142, -43.742677251127567 ], [ -78.121643331434726, -44.083530609314366 ], [ -78.74999999847941, -43.961778120969747 ], [ -78.749999998461476, -43.497130904845541 ], [ -78.132415579596298, -43.153955833039021 ], [ -77.512107568890215, -43.277690770217518 ], [ -77.501389498715142, -43.742677251127567 ] ] ] ] } },
{ "type": "Feature", "properties": { "geogrid_id": "7443618955079372916", "seqnum": 40753.0, "lat_c": -43.61895547332022, "lon_c": -79.372916014601216, "res": 8.0, "count_Insects": 0, "count_Flowering Plants": 0, "count_Ferns": 0, "count_Reptiles": 0, "count_Mammals": 2, "count_Amphibians": 0, "count_Birds": 0, "count_Arachnids": 0, "count_Gymnosperms": 0, "count_Basidiomycota": 0, "count_Molluscs": 0, "count_Sac Fungi": 0, "count_Mosses": 0, "unique_species_count": 2.0, "countryCode": "CL" }, "geometry": { "type": "MultiPolygon", "coordinates": [ [ [ [ -78.74999999847941, -43.961778120969747 ], [ -79.378356664202585, -44.083530609794153 ], [ -79.998610496911439, -43.742677251643229 ], [ -79.987892426688134, -43.277690770755981 ], [ -79.367584415944137, -43.153955833564986 ], [ -78.749999998461476, -43.497130904845541 ], [ -78.74999999847941, -43.961778120969747 ] ] ] ] } },
{ "type": "Feature", "properties": { "geogrid_id": "7443782715075003745", "seqnum": 40838.0, "lat_c": -43.782714672670423, "lon_c": -75.003744751748712, "res": 8.0, "count_Insects": 0, "count_Flowering Plants": 1, "count_Ferns": 0, "count_Reptiles": 0, "count_Mammals": 3, "count_Amphibians": 1, "count_Birds": 6, "count_Arachnids": 0, "count_Gymnosperms": 0, "count_Basidiomycota": 0, "count_Molluscs": 9, "count_Sac Fungi": 0, "count_Mosses": 0, "unique_species_count": 20.0, "countryCode": "CL" }, "geometry": { "type": "MultiPolygon", "coordinates": [ [ [ [ -74.369911106462254, -43.909655258347399 ], [ -74.970941207300456, -44.248020285201804 ], [ -75.607688914390636, -44.120897235468014 ], [ -75.63489103359646, -43.655704826195027 ], [ -75.035890826303387, -43.317020985069874 ], [ -74.407596747386435, -43.443852700433062 ], [ -74.369911106462254, -43.909655258347399 ] ] ] ] } },
{ "type": "Feature", "properties": { "geogrid_id": "7443944640071868351", "seqnum": 40922.0, "lat_c": -43.944639564680621, "lon_c": -71.868350922884716, "res": 8.0, "count_Insects": 16, "count_Flowering Plants": 65, "count_Ferns": 6, "count_Reptiles": 0, "count_Mammals": 1, "count_Amphibians": 2, "count_Birds": 35, "count_Arachnids": 3, "count_Gymnosperms": 3, "count_Basidiomycota": 16, "count_Molluscs": 1, "count_Sac Fungi": 2, "count_Mosses": 2, "unique_species_count": 152.0, "countryCode": "CL" }, "geometry": { "type": "MultiPolygon", "coordinates": [ [ [ [ -71.227118828333843, -44.066906187101864 ], [ -71.808006712481159, -44.410799851596558 ], [ -72.452431041568019, -44.287052788694851 ], [ -72.507036996500389, -43.820957868251753 ], [ -71.927487977942505, -43.478128146320735 ], [ -71.291924508764183, -43.600361371863286 ], [ -71.227118828333843, -44.066906187101864 ] ] ] ] } },
{ "type": "Feature", "properties": { "geogrid_id": "7443994052076241685", "seqnum": 40837.0, "lat_c": -43.994051927835571, "lon_c": -76.241685351745332, "res": 8.0, "count_Insects": 0, "count_Flowering Plants": 0, "count_Ferns": 0, "count_Reptiles": 0, "count_Mammals": 3, "count_Amphibians": 0, "count_Birds": 0, "count_Arachnids": 0, "count_Gymnosperms": 0, "count_Basidiomycota": 0, "count_Molluscs": 0, "count_Sac Fungi": 0, "count_Mosses": 0, "unique_species_count": 3.0, "countryCode": "CL" }, "geometry": { "type": "MultiPolygon", "coordinates": [ [ [ [ -75.607688914390636, -44.120897235468014 ], [ -76.219586199075536, -44.458747187287145 ], [ -76.856430601615614, -44.332461576423903 ], [ -76.872921331538748, -43.867848622956558 ], [ -76.263339117819143, -43.528957283974151 ], [ -75.63489103359646, -43.655704826195027 ], [ -75.607688914390636, -44.120897235468014 ] ] ] ] } },
{ "type": "Feature", "properties": { "geogrid_id": "7444162106073094237", "seqnum": 40921.0, "lat_c": -44.162106204377366, "lon_c": -73.094237078792759, "res": 8.0, "count_Insects": 22, "count_Flowering Plants": 78, "count_Ferns": 6, "count_Reptiles": 0, "count_Mammals": 9, "count_Amphibians": 7, "count_Birds": 50, "count_Arachnids": 4, "count_Gymnosperms": 3, "count_Basidiomycota": 5, "count_Molluscs": 24, "count_Sac Fungi": 6, "count_Mosses": 1, "unique_species_count": 215.0, "countryCode": "CL" }, "geometry": { "type": "MultiPolygon", "coordinates": [ [ [ [ -72.452431041568019, -44.287052788694851 ], [ -73.044316154421978, -44.627759333327624 ], [ -73.689239737470231, -44.501759632784307 ], [ -73.733403289453378, -44.036216087032287 ], [ -73.143153325418652, -43.696096492491499 ], [ -72.507036996500389, -43.820957868251753 ], [ -72.452431041568019, -44.287052788694851 ] ] ] ] } },
{ "type": "Feature", "properties": { "geogrid_id": "7444207246077490452", "seqnum": 40836.0, "lat_c": -44.207245820499814, "lon_c": -77.490451763141309, "res": 8.0, "count_Insects": 0, "count_Flowering Plants": 0, "count_Ferns": 0, "count_Reptiles": 0, "count_Mammals": 2, "count_Amphibians": 0, "count_Birds": 0, "count_Arachnids": 0, "count_Gymnosperms": 0, "count_Basidiomycota": 0, "count_Molluscs": 0, "count_Sac Fungi": 0, "count_Mosses": 0, "unique_species_count": 2.0, "countryCode": "CL" }, "geometry": { "type": "MultiPolygon", "coordinates": [ [ [ [ -76.856430601615614, -44.332461576423903 ], [ -77.479287841241799, -44.671405597277847 ], [ -78.116090399485969, -44.54769012315586 ], [ -78.121643331434726, -44.083530609314366 ], [ -77.501389498715142, -43.742677251127567 ], [ -76.872921331538748, -43.867848622956558 ], [ -76.856430601615614, -44.332461576423903 ] ] ] ] } },
{ "type": "Feature", "properties": { "geogrid_id": "7444207246080009548", "seqnum": 40834.0, "lat_c": -44.207245820992753, "lon_c": -80.009548232534442, "res": 8.0, "count_Insects": 0, "count_Flowering Plants": 0, "count_Ferns": 0, "count_Reptiles": 0, "count_Mammals": 1, "count_Amphibians": 0, "count_Birds": 0, "count_Arachnids": 0, "count_Gymnosperms": 0, "count_Basidiomycota": 0, "count_Molluscs": 0, "count_Sac Fungi": 0, "count_Mosses": 0, "unique_species_count": 1.0, "countryCode": "CL" }, "geometry": { "type": "MultiPolygon", "coordinates": [ [ [ [ -79.383909596201207, -44.547690123612668 ], [ -80.020712154484073, -44.671405597748155 ], [ -80.643569394099032, -44.332461576925979 ], [ -80.627078664126472, -43.86784862348113 ], [ -79.998610496911439, -43.742677251643229 ], [ -79.378356664202585, -44.083530609794153 ], [ -79.383909596201207, -44.547690123612668 ] ] ] ] } },
{ "type": "Feature", "properties": { "geogrid_id": "7444375081074331454", "seqnum": 40920.0, "lat_c": -44.375080581066214, "lon_c": -74.331453563207603, "res": 8.0, "count_Insects": 0, "count_Flowering Plants": 13, "count_Ferns": 3, "count_Reptiles": 0, "count_Mammals": 1, "count_Amphibians": 0, "count_Birds": 4, "count_Arachnids": 1, "count_Gymnosperms": 2, "count_Basidiomycota": 0, "count_Molluscs": 26, "count_Sac Fungi": 0, "count_Mosses": 0, "unique_species_count": 50.0, "countryCode": "CL" }, "geometry": { "type": "MultiPolygon", "coordinates": [ [ [ [ -73.689239737470231, -44.501759632784307 ], [ -74.292201346107035, -44.840139815089891 ], [ -74.937460806547847, -44.712948547310724 ], [ -74.970941207300456, -44.248020285201804 ], [ -74.369911106462254, -43.909655258347399 ], [ -73.733403289453378, -44.036216087032287 ], [ -73.689239737470231, -44.501759632784307 ] ] ] ] } },
{ "type": "Feature", "properties": { "geogrid_id": "7444426006078750000", "seqnum": 40835.0, "lat_c": -44.426005732029047, "lon_c": -78.749999998497728, "res": 8.0, "count_Insects": 0, "count_Flowering Plants": 0, "count_Ferns": 0, "count_Reptiles": 0, "count_Mammals": 2, "count_Amphibians": 0, "count_Birds": 1, "count_Arachnids": 0, "count_Gymnosperms": 0, "count_Basidiomycota": 0, "count_Molluscs": 0, "count_Sac Fungi": 0, "count_Mosses": 0, "unique_species_count": 3.0, "countryCode": "CL" }, "geometry": { "type": "MultiPolygon", "coordinates": [ [ [ [ -78.116090399485969, -44.54769012315586 ], [ -78.749999998516444, -44.889822471221407 ], [ -79.383909596201207, -44.547690123612668 ], [ -79.378356664202585, -44.083530609794153 ], [ -78.74999999847941, -43.961778120969747 ], [ -78.121643331434726, -44.083530609314366 ], [ -78.116090399485969, -44.54769012315586 ] ] ] ] } },
{ "type": "Feature", "properties": { "geogrid_id": "7444533107071160989", "seqnum": 41004.0, "lat_c": -44.533107040794839, "lon_c": -71.160988750226039, "res": 8.0, "count_Insects": 0, "count_Flowering Plants": 1, "count_Ferns": 1, "count_Reptiles": 0, "count_Mammals": 0, "count_Amphibians": 0, "count_Birds": 0, "count_Arachnids": 0, "count_Gymnosperms": 0, "count_Basidiomycota": 0, "count_Molluscs": 0, "count_Sac Fungi": 0, "count_Mosses": 0, "unique_species_count": 2.0, "countryCode": "CL" }, "geometry": { "type": "MultiPolygon", "coordinates": [ [ [ [ -70.51140507326491, -44.653748537767761 ], [ -71.093495528528621, -44.99897643104358 ], [ -71.746420038355467, -44.87662131709682 ], [ -71.808006712481159, -44.410799851596558 ], [ -71.227118828333843, -44.066906187101864 ], [ -70.583367572075645, -44.187536353693091 ], [ -70.51140507326491, -44.653748537767761 ] ] ] ] } },
{ "type": "Feature", "properties": { "geogrid_id": "7444585701075579926", "seqnum": 40919.0, "lat_c": -44.585701070066953, "lon_c": -75.579926377062108, "res": 8.0, "count_Insects": 0, "count_Flowering Plants": 0, "count_Ferns": 0, "count_Reptiles": 0, "count_Mammals": 2, "count_Amphibians": 0, "count_Birds": 1, "count_Arachnids": 0, "count_Gymnosperms": 0, "count_Basidiomycota": 0, "count_Molluscs": 0, "count_Sac Fungi": 0, "count_Mosses": 0, "unique_species_count": 3.0, "countryCode": "CL" }, "geometry": { "type": "MultiPolygon", "coordinates": [ [ [ [ -74.937460806547847, -44.712948547310724 ], [ -75.551586735726886, -45.050126664200569 ], [ -76.197028408038221, -44.923052944553568 ], [ -76.219586199075536, -44.458747187287145 ], [ -75.607688914390636, -44.120897235468014 ], [ -74.970941207300456, -44.248020285201804 ], [ -74.937460806547847, -44.712948547310724 ] ] ] ] } },
{ "type": "Feature", "properties": { "geogrid_id": "7444752800072396702", "seqnum": 41003.0, "lat_c": -44.752800463840394, "lon_c": -72.396702125047625, "res": 8.0, "count_Insects": 40, "count_Flowering Plants": 76, "count_Ferns": 8, "count_Reptiles": 0, "count_Mammals": 4, "count_Amphibians": 5, "count_Birds": 34, "count_Arachnids": 1, "count_Gymnosperms": 3, "count_Basidiomycota": 13, "count_Molluscs": 8, "count_Sac Fungi": 5, "count_Mosses": 3, "unique_species_count": 200.0, "countryCode": "CL" }, "geometry": { "type": "MultiPolygon", "coordinates": [ [ [ [ -71.746420038355467, -44.87662131709682 ], [ -72.339817089667207, -45.218213106664798 ], [ -72.993360894180469, -45.093067780884972 ], [ -73.044316154421978, -44.627759333327624 ], [ -72.452431041568019, -44.287052788694851 ], [ -71.808006712481159, -44.410799851596558 ], [ -71.746420038355467, -44.87662131709682 ] ] ] ] } },
{ "type": "Feature", "properties": { "geogrid_id": "7444796675076839598", "seqnum": 40918.0, "lat_c": -44.796674659676505, "lon_c": -76.839598218175979, "res": 8.0, "count_Insects": 0, "count_Flowering Plants": 0, "count_Ferns": 0, "count_Reptiles": 0, "count_Mammals": 2, "count_Amphibians": 0, "count_Birds": 1, "count_Arachnids": 0, "count_Gymnosperms": 0, "count_Basidiomycota": 0, "count_Molluscs": 0, "count_Sac Fungi": 0, "count_Mosses": 0, "unique_species_count": 3.0, "countryCode": "CL" }, "geometry": { "type": "MultiPolygon", "coordinates": [ [ [ [ -76.197028408038221, -44.923052944553568 ], [ -76.82241391729697, -45.260497327080444 ], [ -77.467890946248033, -45.135165661210102 ], [ -77.479287841241799, -44.671405597277847 ], [ -76.856430601615614, -44.332461576423903 ], [ -76.219586199075536, -44.458747187287145 ], [ -76.197028408038221, -44.923052944553568 ] ] ] ] } },
{ "type": "Feature", "properties": { "geogrid_id": "7444966948073644162", "seqnum": 41002.0, "lat_c": -44.966948069450275, "lon_c": -73.644162342076953, "res": 8.0, "count_Insects": 0, "count_Flowering Plants": 18, "count_Ferns": 1, "count_Reptiles": 0, "count_Mammals": 5, "count_Amphibians": 0, "count_Birds": 22, "count_Arachnids": 1, "count_Gymnosperms": 1, "count_Basidiomycota": 0, "count_Molluscs": 37, "count_Sac Fungi": 2, "count_Mosses": 0, "unique_species_count": 87.0, "countryCode": "CL" }, "geometry": { "type": "MultiPolygon", "coordinates": [ [ [ [ -72.993360894180469, -45.093067780884972 ], [ -73.598143864969487, -45.431793064642157 ], [ -74.252130774608005, -45.304844206203498 ], [ -74.292201346107035, -44.840139815089891 ], [ -73.689239737470231, -44.501759632784307 ], [ -73.044316154421978, -44.627759333327624 ], [ -72.993360894180469, -45.093067780884972 ] ] ] ] } },
{ "type": "Feature", "properties": { "geogrid_id": "7445011443078110422", "seqnum": 40917.0, "lat_c": -45.011442835878164, "lon_c": -78.110421821915779, "res": 8.0, "count_Insects": 0, "count_Flowering Plants": 0, "count_Ferns": 0, "count_Reptiles": 0, "count_Mammals": 2, "count_Amphibians": 0, "count_Birds": 0, "count_Arachnids": 0, "count_Gymnosperms": 0, "count_Basidiomycota": 0, "count_Molluscs": 0, "count_Sac Fungi": 0, "count_Mosses": 0, "unique_species_count": 2.0, "countryCode": "CL" }, "geometry": { "type": "MultiPolygon", "coordinates": [ [ [ [ -77.467890946248033, -45.135165661210102 ], [ -78.104634097016415, -45.474797512364887 ], [ -78.749999998535557, -45.353237006274284 ], [ -78.749999998516444, -44.889822471221407 ], [ -78.116090399485969, -44.54769012315586 ], [ -77.479287841241799, -44.671405597277847 ], [ -77.467890946248033, -45.135165661210102 ] ] ] ] } },
{ "type": "Feature", "properties": { "geogrid_id": "7445011443079389578", "seqnum": 40916.0, "lat_c": -45.011442836312064, "lon_c": -79.389578173822215, "res": 8.0, "count_Insects": 0, "count_Flowering Plants": 0, "count_Ferns": 0, "count_Reptiles": 0, "count_Mammals": 2, "count_Amphibians": 0, "count_Birds": 1, "count_Arachnids": 0, "count_Gymnosperms": 0, "count_Basidiomycota": 0, "count_Molluscs": 0, "count_Sac Fungi": 0, "count_Mosses": 0, "unique_species_count": 3.0, "countryCode": "CL" }, "geometry": { "type": "MultiPolygon", "coordinates": [ [ [ [ -78.749999998535557, -45.353237006274284 ], [ -79.39536589877342, -45.474797512775957 ], [ -80.032109049528941, -45.135165661657865 ], [ -80.020712154484073, -44.671405597748155 ], [ -79.383909596201207, -44.547690123612668 ], [ -78.749999998516444, -44.889822471221407 ], [ -78.749999998535557, -45.353237006274284 ] ] ] ] } },
{ "type": "Feature", "properties": { "geogrid_id": "7445177510074903283", "seqnum": 41001.0, "lat_c": -45.177510254760115, "lon_c": -74.903283386826942, "res": 8.0, "count_Insects": 0, "count_Flowering Plants": 0, "count_Ferns": 0, "count_Reptiles": 0, "count_Mammals": 2, "count_Amphibians": 0, "count_Birds": 4, "count_Arachnids": 0, "count_Gymnosperms": 0, "count_Basidiomycota": 0, "count_Molluscs": 12, "count_Sac Fungi": 0, "count_Mosses": 0, "unique_species_count": 18.0, "countryCode": "CL" }, "geometry": { "type": "MultiPolygon", "coordinates": [ [ [ [ -74.252130774608005, -45.304844206203498 ], [ -74.868387971622852, -45.641716287885785 ], [ -75.522652628807734, -45.514184404399501 ], [ -75.551586735726886, -45.050126664200569 ], [ -74.937460806547847, -44.712948547310724 ], [ -74.292201346107035, -44.840139815089891 ], [ -74.252130774608005, -45.304844206203498 ] ] ] ] } },
{ "type": "Feature", "properties": { "geogrid_id": "7445342116071683554", "seqnum": 41085.0, "lat_c": -45.342116431253039, "lon_c": -71.683554208659189, "res": 8.0, "count_Insects": 62, "count_Flowering Plants": 126, "count_Ferns": 4, "count_Reptiles": 1, "count_Mammals": 19, "count_Amphibians": 2, "count_Birds": 55, "count_Arachnids": 6, "count_Gymnosperms": 4, "count_Basidiomycota": 20, "count_Molluscs": 1, "count_Sac Fungi": 12, "count_Mosses": 1, "unique_species_count": 313.0, "countryCode": "CL" }, "geometry": { "type": "MultiPolygon", "coordinates": [ [ [ [ -71.02459890305434, -45.464527025479299 ], [ -71.619371084459473, -45.807297843069072 ], [ -72.281741466641222, -45.683303095034951 ], [ -72.339817089667207, -45.218213106664798 ], [ -71.746420038355467, -44.87662131709682 ], [ -71.093495528528621, -44.99897643104358 ], [ -71.02459890305434, -45.464527025479299 ] ] ] ] } },
{ "type": "Feature", "properties": { "geogrid_id": "7445386979076173998", "seqnum": 41000.0, "lat_c": -45.386979101379623, "lon_c": -76.173998188678596, "res": 8.0, "count_Insects": 0, "count_Flowering Plants": 0, "count_Ferns": 0, "count_Reptiles": 0, "count_Mammals": 3, "count_Amphibians": 0, "count_Birds": 0, "count_Arachnids": 0, "count_Gymnosperms": 0, "count_Basidiomycota": 0, "count_Molluscs": 0, "count_Sac Fungi": 0, "count_Mosses": 0, "unique_species_count": 3.0, "countryCode": "CL" }, "geometry": { "type": "MultiPolygon", "coordinates": [ [ [ [ -75.522652628807734, -45.514184404399501 ], [ -76.150481186048694, -45.850535588416136 ], [ -76.804867013390052, -45.723939027834682 ], [ -76.82241391729697, -45.260497327080444 ], [ -76.197028408038221, -44.923052944553568 ], [ -75.551586735726886, -45.050126664200569 ], [ -75.522652628807734, -45.514184404399501 ] ] ] ] } },
{ "type": "Feature", "properties": { "geogrid_id": "7445558044072941340", "seqnum": 41084.0, "lat_c": -45.558043595324477, "lon_c": -72.941340463287801, "res": 8.0, "count_Insects": 88, "count_Flowering Plants": 96, "count_Ferns": 6, "count_Reptiles": 0, "count_Mammals": 9, "count_Amphibians": 4, "count_Birds": 61, "count_Arachnids": 12, "count_Gymnosperms": 3, "count_Basidiomycota": 34, "count_Molluscs": 16, "count_Sac Fungi": 8, "count_Mosses": 4, "unique_species_count": 341.0, "countryCode": "CL" }, "geometry": { "type": "MultiPolygon", "coordinates": [ [ [ [ -72.281741466641222, -45.683303095034951 ], [ -72.888222795089831, -46.022698990343635 ], [ -73.551155975913872, -45.896306427974991 ], [ -73.598143864969487, -45.431793064642157 ], [ -72.993360894180469, -45.093067780884972 ], [ -72.339817089667207, -45.218213106664798 ], [ -72.281741466641222, -45.683303095034951 ] ] ] ] } },
{ "type": "Feature", "properties": { "geogrid_id": "7445598535077456254", "seqnum": 40999.0, "lat_c": -45.598535057106822, "lon_c": -77.456254012074155, "res": 8.0, "count_Insects": 0, "count_Flowering Plants": 0, "count_Ferns": 0, "count_Reptiles": 0, "count_Mammals": 2, "count_Amphibians": 0, "count_Birds": 0, "count_Arachnids": 0, "count_Gymnosperms": 0, "count_Basidiomycota": 0, "count_Molluscs": 0, "count_Sac Fungi": 0, "count_Mosses": 0, "unique_species_count": 2.0, "countryCode": "CL" }, "geometry": { "type": "MultiPolygon", "coordinates": [ [ [ [ -76.804867013390052, -45.723939027834682 ], [ -77.444369679022273, -46.061522799359828 ], [ -78.098723577472654, -45.937762863339799 ], [ -78.104634097016415, -45.474797512364887 ], [ -77.467890946248033, -45.135165661210102 ], [ -76.82241391729697, -45.260497327080444 ], [ -76.804867013390052, -45.723939027834682 ] ] ] ] } },
{ "type": "Feature", "properties": { "geogrid_id": "7445598535080043746", "seqnum": 40997.0, "lat_c": -45.598535057532132, "lon_c": -80.043745983754931, "res": 8.0, "count_Insects": 0, "count_Flowering Plants": 0, "count_Ferns": 0, "count_Reptiles": 0, "count_Mammals": 1, "count_Amphibians": 0, "count_Birds": 1, "count_Arachnids": 0, "count_Gymnosperms": 0, "count_Basidiomycota": 0, "count_Molluscs": 0, "count_Sac Fungi": 0, "count_Mosses": 0, "unique_species_count": 2.0, "countryCode": "CL" }, "geometry": { "type": "MultiPolygon", "coordinates": [ [ [ [ -79.401276418370074, -45.937762863728103 ], [ -80.055630316859961, -46.06152279976277 ], [ -80.695132982478754, -45.723939028269847 ], [ -80.67758607851944, -45.260497327537813 ], [ -80.032109049528941, -45.135165661657865 ], [ -79.39536589877342, -45.474797512775957 ], [ -79.401276418370074, -45.937762863728103 ] ] ] ] } },
{ "type": "Feature", "properties": { "geogrid_id": "7445769205074211217", "seqnum": 41083.0, "lat_c": -45.769205115006798, "lon_c": -74.211217215560509, "res": 8.0, "count_Insects": 0, "count_Flowering Plants": 2, "count_Ferns": 0, "count_Reptiles": 0, "count_Mammals": 2, "count_Amphibians": 0, "count_Birds": 16, "count_Arachnids": 0, "count_Gymnosperms": 0, "count_Basidiomycota": 0, "count_Molluscs": 23, "count_Sac Fungi": 0, "count_Mosses": 0, "unique_species_count": 43.0, "countryCode": "CL" }, "geometry": { "type": "MultiPolygon", "coordinates": [ [ [ [ -73.551155975913872, -45.896306427974991 ], [ -74.169435037368231, -46.233234033794041 ], [ -74.832752730932867, -46.105577626224019 ], [ -74.868387971622852, -45.641716287885785 ], [ -74.252130774608005, -45.304844206203498 ], [ -73.598143864969487, -45.431793064642157 ], [ -73.551155975913872, -45.896306427974991 ] ] ] ] } },
{ "type": "Feature", "properties": { "geogrid_id": "7445816258078750000", "seqnum": 40998.0, "lat_c": -45.816257941119318, "lon_c": -78.749999998555069, "res": 8.0, "count_Insects": 0, "count_Flowering Plants": 0, "count_Ferns": 0, "count_Reptiles": 0, "count_Mammals": 2, "count_Amphibians": 0, "count_Birds": 0, "count_Arachnids": 0, "count_Gymnosperms": 0, "count_Basidiomycota": 0, "count_Molluscs": 0, "count_Sac Fungi": 0, "count_Mosses": 0, "unique_species_count": 2.0, "countryCode": "CL" }, "geometry": { "type": "MultiPolygon", "coordinates": [ [ [ [ -78.098723577472654, -45.937762863339799 ], [ -78.749999998575021, -46.278893817537288 ], [ -79.401276418370074, -45.937762863728103 ], [ -79.39536589877342, -45.474797512775957 ], [ -78.749999998535557, -45.353237006274284 ], [ -78.104634097016415, -45.474797512364887 ], [ -78.098723577472654, -45.937762863339799 ] ] ] ] } },
{ "type": "Feature", "properties": { "geogrid_id": "7445977885075493106", "seqnum": 41082.0, "lat_c": -45.977884741606871, "lon_c": -75.493105985741266, "res": 8.0, "count_Insects": 0, "count_Flowering Plants": 0, "count_Ferns": 0, "count_Reptiles": 0, "count_Mammals": 5, "count_Amphibians": 0, "count_Birds": 14, "count_Arachnids": 0, "count_Gymnosperms": 0, "count_Basidiomycota": 0, "count_Molluscs": 4, "count_Sac Fungi": 0, "count_Mosses": 0, "unique_species_count": 23.0, "countryCode": "CL" }, "geometry": { "type": "MultiPolygon", "coordinates": [ [ [ [ -74.832752730932867, -46.105577626224019 ], [ -75.462927991824486, -46.441238204346618 ], [ -76.126462451850017, -46.313732375415469 ], [ -76.150481186048694, -45.850535588416136 ], [ -75.522652628807734, -45.514184404399501 ], [ -74.868387971622852, -45.641716287885785 ], [ -74.832752730932867, -46.105577626224019 ] ] ] ] } },
{ "type": "Feature", "properties": { "geogrid_id": "7446148083072222439", "seqnum": 41166.0, "lat_c": -46.148082991433107, "lon_c": -72.222439414722999, "res": 8.0, "count_Insects": 48, "count_Flowering Plants": 132, "count_Ferns": 7, "count_Reptiles": 2, "count_Mammals": 18, "count_Amphibians": 3, "count_Birds": 75, "count_Arachnids": 1, "count_Gymnosperms": 1, "count_Basidiomycota": 9, "count_Molluscs": 0, "count_Sac Fungi": 4, "count_Mosses": 1, "unique_species_count": 301.0, "countryCode": "CL" }, "geometry": { "type": "MultiPolygon", "coordinates": [ [ [ [ -71.553831013108706, -46.272178400874139 ], [ -72.161873656340305, -46.612565564323823 ], [ -72.833974533116177, -46.487046365337626 ], [ -72.888222795089831, -46.022698990343635 ], [ -72.281741466641222, -45.683303095034951 ], [ -71.619371084459473, -45.807297843069072 ], [ -71.553831013108706, -46.272178400874139 ] ] ] ] } },
{ "type": "Feature", "properties": { "geogrid_id": "7446187009076786946", "seqnum": 41081.0, "lat_c": -46.187009213189718, "lon_c": -76.786946377806572, "res": 8.0, "count_Insects": 0, "count_Flowering Plants": 0, "count_Ferns": 0, "count_Reptiles": 0, "count_Mammals": 2, "count_Amphibians": 0, "count_Birds": 1, "count_Arachnids": 0, "count_Gymnosperms": 0, "count_Basidiomycota": 0, "count_Molluscs": 0, "count_Sac Fungi": 0, "count_Mosses": 0, "unique_species_count": 3.0, "countryCode": "CL" }, "geometry": { "type": "MultiPolygon", "coordinates": [ [ [ [ -76.126462451850017, -46.313732375415469 ], [ -76.76864041616642, -46.649717344268552 ], [ -77.432230278611797, -46.524137876765224 ], [ -77.444369679022273, -46.061522799359828 ], [ -76.804867013390052, -45.723939027834682 ], [ -76.150481186048694, -45.850535588416136 ], [ -76.126462451850017, -46.313732375415469 ] ] ] ] } },
{ "type": "Feature", "properties": { "geogrid_id": "7446360500073503169", "seqnum": 41165.0, "lat_c": -46.360500129842031, "lon_c": -73.50316920080202, "res": 8.0, "count_Insects": 67, "count_Flowering Plants": 45, "count_Ferns": 4, "count_Reptiles": 0, "count_Mammals": 4, "count_Amphibians": 3, "count_Birds": 20, "count_Arachnids": 8, "count_Gymnosperms": 2, "count_Basidiomycota": 7, "count_Molluscs": 14, "count_Sac Fungi": 13, "count_Mosses": 3, "unique_species_count": 190.0, "countryCode": "CL" }, "geometry": { "type": "MultiPolygon", "coordinates": [ [ [ [ -72.833974533116177, -46.487046365337626 ], [ -73.454152867097704, -46.82438632184995 ], [ -74.126757561751589, -46.696942604944383 ], [ -74.169435037368231, -46.233234033794041 ], [ -73.551155975913872, -45.896306427974991 ], [ -72.888222795089831, -46.022698990343635 ], [ -72.833974533116177, -46.487046365337626 ] ] ] ] } },
{ "type": "Feature", "properties": { "geogrid_id": "7446400348078092686", "seqnum": 41080.0, "lat_c": -46.400347547928455, "lon_c": -78.092686462792798, "res": 8.0, "count_Insects": 0, "count_Flowering Plants": 0, "count_Ferns": 0, "count_Reptiles": 0, "count_Mammals": 1, "count_Amphibians": 0, "count_Birds": 0, "count_Arachnids": 0, "count_Gymnosperms": 0, "count_Basidiomycota": 0, "count_Molluscs": 0, "count_Sac Fungi": 0, "count_Mosses": 0, "unique_species_count": 1.0, "countryCode": "CL" }, "geometry": { "type": "MultiPolygon", "coordinates": [ [ [ [ -77.432230278611797, -46.524137876765224 ], [ -78.086518791263259, -46.862560176303354 ], [ -78.749999998595413, -46.741153116774441 ], [ -78.749999998575021, -46.278893817537288 ], [ -78.098723577472654, -45.937762863339799 ], [ -77.444369679022273, -46.061522799359828 ], [ -77.432230278611797, -46.524137876765224 ] ] ] ] } },
{ "type": "Feature", "properties": { "geogrid_id": "7446400348079407314", "seqnum": 41079.0, "lat_c": -46.400347548294071, "lon_c": -79.407313533103888, "res": 8.0, "count_Insects": 0, "count_Flowering Plants": 0, "count_Ferns": 0, "count_Reptiles": 0, "count_Mammals": 1, "count_Amphibians": 0, "count_Birds": 0, "count_Arachnids": 0, "count_Gymnosperms": 0, "count_Basidiomycota": 0, "count_Molluscs": 0, "count_Sac Fungi": 0, "count_Mosses": 0, "unique_species_count": 1.0, "countryCode": "CL" }, "geometry": { "type": "MultiPolygon", "coordinates": [ [ [ [ -78.749999998595413, -46.741153116774441 ], [ -79.413481204688466, -46.862560176646362 ], [ -80.06776971732468, -46.524137877145904 ], [ -80.055630316859961, -46.06152279976277 ], [ -79.401276418370074, -45.937762863728103 ], [ -78.749999998575021, -46.278893817537288 ], [ -78.749999998595413, -46.741153116774441 ] ] ] ] } },
{ "type": "Feature", "properties": { "geogrid_id": "7446569105074796355", "seqnum": 41164.0, "lat_c": -46.569105364454067, "lon_c": -74.796354939489817, "res": 8.0, "count_Insects": 2, "count_Flowering Plants": 1, "count_Ferns": 0, "count_Reptiles": 0, "count_Mammals": 1, "count_Amphibians": 0, "count_Birds": 8, "count_Arachnids": 2, "count_Gymnosperms": 0, "count_Basidiomycota": 0, "count_Molluscs": 0, "count_Sac Fungi": 0, "count_Mosses": 7, "unique_species_count": 21.0, "countryCode": "CL" }, "geometry": { "type": "MultiPolygon", "coordinates": [ [ [ [ -74.126757561751589, -46.696942604944383 ], [ -74.759170932745448, -47.032310729819052 ], [ -75.432099051101545, -46.904255413108167 ], [ -75.462927991824486, -46.441238204346618 ], [ -74.832752730932867, -46.105577626224019 ], [ -74.169435037368231, -46.233234033794041 ], [ -74.126757561751589, -46.696942604944383 ] ] ] ] } },
{ "type": "Feature", "properties": { "geogrid_id": "7446736771071486893", "seqnum": 41248.0, "lat_c": -46.736771174377388, "lon_c": -71.486892758514983, "res": 8.0, "count_Insects": 30, "count_Flowering Plants": 110, "count_Ferns": 3, "count_Reptiles": 3, "count_Mammals": 12, "count_Amphibians": 1, "count_Birds": 59, "count_Arachnids": 4, "count_Gymnosperms": 1, "count_Basidiomycota": 1, "count_Molluscs": 0, "count_Sac Fungi": 3, "count_Mosses": 0, "unique_species_count": 227.0, "countryCode": "CL" }, "geometry": { "type": "MultiPolygon", "coordinates": [ [ [ [ -70.809061814827842, -46.859395667242509 ], [ -71.418513428247806, -47.201089478558913 ], [ -72.10000541073768, -47.076763811341138 ], [ -72.161873656340305, -46.612565564323823 ], [ -71.553831013108706, -46.272178400874139 ], [ -70.882426410975, -46.394723461853559 ], [ -70.809061814827842, -46.859395667242509 ] ] ] ] } },
{ "type": "Feature", "properties": { "geogrid_id": "7446776579076101926", "seqnum": 41163.0, "lat_c": -46.776579482344616, "lon_c": -76.101926414436846, "res": 8.0, "count_Insects": 1, "count_Flowering Plants": 1, "count_Ferns": 0, "count_Reptiles": 0, "count_Mammals": 1, "count_Amphibians": 1, "count_Birds": 6, "count_Arachnids": 0, "count_Gymnosperms": 0, "count_Basidiomycota": 1, "count_Molluscs": 0, "count_Sac Fungi": 0, "count_Mosses": 1, "unique_species_count": 12.0, "countryCode": "CL" }, "geometry": { "type": "MultiPolygon", "coordinates": [ [ [ [ -75.432099051101545, -46.904255413108167 ], [ -76.076856847084926, -47.239086991539708 ], [ -76.749937044327424, -47.11207290057515 ], [ -76.76864041616642, -46.649717344268552 ], [ -76.126462451850017, -46.313732375415469 ], [ -75.462927991824486, -46.441238204346618 ], [ -75.432099051101545, -46.904255413108167 ] ] ] ] } },
{ "type": "Feature", "properties": { "geogrid_id": "7446951098072778561", "seqnum": 41247.0, "lat_c": -46.951098327437315, "lon_c": -72.778560970327931, "res": 8.0, "count_Insects": 61, "count_Flowering Plants": 170, "count_Ferns": 7, "count_Reptiles": 2, "count_Mammals": 14, "count_Amphibians": 1, "count_Birds": 80, "count_Arachnids": 4, "count_Gymnosperms": 2, "count_Basidiomycota": 15, "count_Molluscs": 1, "count_Sac Fungi": 10, "count_Mosses": 0, "unique_species_count": 367.0, "countryCode": "CL" }, "geometry": { "type": "MultiPolygon", "coordinates": [ [ [ [ -72.10000541073768, -47.076763811341138 ], [ -72.721945985480914, -47.414867715509324 ], [ -73.404075046585987, -47.287977359108012 ], [ -73.454152867097704, -46.82438632184995 ], [ -72.833974533116177, -46.487046365337626 ], [ -72.161873656340305, -46.612565564323823 ], [ -72.10000541073768, -47.076763811341138 ] ] ] ] } },
{ "type": "Feature", "properties": { "geogrid_id": "7446986389077419828", "seqnum": 41162.0, "lat_c": -46.986389257695748, "lon_c": -77.419827817472452, "res": 8.0, "count_Insects": 0, "count_Flowering Plants": 0, "count_Ferns": 0, "count_Reptiles": 0, "count_Mammals": 1, "count_Amphibians": 0, "count_Birds": 0, "count_Arachnids": 0, "count_Gymnosperms": 0, "count_Basidiomycota": 0, "count_Molluscs": 0, "count_Sac Fungi": 0, "count_Mosses": 0, "unique_species_count": 1.0, "countryCode": "CL" }, "geometry": { "type": "MultiPolygon", "coordinates": [ [ [ [ -76.749937044327424, -47.11207290057515 ], [ -77.407153960236101, -47.448285895676122 ], [ -78.080216431391833, -47.324409312429616 ], [ -78.086518791263259, -46.862560176303354 ], [ -77.432230278611797, -46.524137876765224 ], [ -76.76864041616642, -46.649717344268552 ], [ -76.749937044327424, -47.11207290057515 ] ] ] ] } },
{ "type": "Feature", "properties": { "geogrid_id": "7446986389080080172", "seqnum": 41160.0, "lat_c": -46.986389258054253, "lon_c": -80.080172178519362, "res": 8.0, "count_Insects": 0, "count_Flowering Plants": 0, "count_Ferns": 0, "count_Reptiles": 0, "count_Mammals": 1, "count_Amphibians": 0, "count_Birds": 0, "count_Arachnids": 0, "count_Gymnosperms": 0, "count_Basidiomycota": 0, "count_Molluscs": 0, "count_Sac Fungi": 0, "count_Mosses": 0, "unique_species_count": 1.0, "countryCode": "CL" }, "geometry": { "type": "MultiPolygon", "coordinates": [ [ [ [ -79.419783564616097, -47.324409312750078 ], [ -80.092846035812187, -47.448285896012543 ], [ -80.750062951704933, -47.112072900944327 ], [ -80.731359579810317, -46.649717344659628 ], [ -80.06776971732468, -46.524137877145904 ], [ -79.413481204688466, -46.862560176646362 ], [ -79.419783564616097, -47.324409312750078 ] ] ] ] } },
{ "type": "Feature", "properties": { "geogrid_id": "7447160343074083157", "seqnum": 41246.0, "lat_c": -47.160342641004831, "lon_c": -74.083157013027034, "res": 8.0, "count_Insects": 0, "count_Flowering Plants": 1, "count_Ferns": 0, "count_Reptiles": 0, "count_Mammals": 1, "count_Amphibians": 2, "count_Birds": 1, "count_Arachnids": 0, "count_Gymnosperms": 0, "count_Basidiomycota": 0, "count_Molluscs": 1, "count_Sac Fungi": 0, "count_Mosses": 0, "unique_species_count": 6.0, "countryCode": "CL" }, "geometry": { "type": "MultiPolygon", "coordinates": [ [ [ [ -73.404075046585987, -47.287977359108012 ], [ -74.038604464813275, -47.623446146671881 ], [ -74.72117606051583, -47.49520510121129 ], [ -74.759170932745448, -47.032310729819052 ], [ -74.126757561751589, -46.696942604944383 ], [ -73.454152867097704, -46.82438632184995 ], [ -73.404075046585987, -47.287977359108012 ] ] ] ] } },
{ "type": "Feature", "properties": { "geogrid_id": "7447366947075400599", "seqnum": 41245.0, "lat_c": -47.366947096105704, "lon_c": -75.400598747190173, "res": 8.0, "count_Insects": 0, "count_Flowering Plants": 0, "count_Ferns": 0, "count_Reptiles": 0, "count_Mammals": 2, "count_Amphibians": 0, "count_Birds": 12, "count_Arachnids": 0, "count_Gymnosperms": 0, "count_Basidiomycota": 0, "count_Molluscs": 0, "count_Sac Fungi": 0, "count_Mosses": 0, "unique_species_count": 14.0, "countryCode": "CL" }, "geometry": { "type": "MultiPolygon", "coordinates": [ [ [ [ -74.72117606051583, -47.49520510121129 ], [ -75.368405801947432, -47.829324106593226 ], [ -76.051236834427144, -47.70126506104436 ], [ -76.076856847084926, -47.239086991539708 ], [ -75.432099051101545, -46.904255413108167 ], [ -74.759170932745448, -47.032310729819052 ], [ -74.72117606051583, -47.49520510121129 ] ] ] ] } },
{ "type": "Feature", "properties": { "geogrid_id": "7447540691072036794", "seqnum": 41329.0, "lat_c": -47.540690984495512, "lon_c": -72.036794324065824, "res": 8.0, "count_Insects": 14, "count_Flowering Plants": 87, "count_Ferns": 3, "count_Reptiles": 2, "count_Mammals": 9, "count_Amphibians": 2, "count_Birds": 22, "count_Arachnids": 2, "count_Gymnosperms": 1, "count_Basidiomycota": 1, "count_Molluscs": 0, "count_Sac Fungi": 4, "count_Mosses": 0, "unique_species_count": 147.0, "countryCode": "CL" }, "geometry": { "type": "MultiPolygon", "coordinates": [ [ [ [ -71.348648397436079, -47.665146899591932 ], [ -71.972198396381714, -48.004360617623952 ], [ -72.664091976547439, -47.878367626342431 ], [ -72.721945985480914, -47.414867715509324 ], [ -72.10000541073768, -47.076763811341138 ], [ -71.418513428247806, -47.201089478558913 ], [ -71.348648397436079, -47.665146899591932 ] ] ] ] } },
{ "type": "Feature", "properties": { "geogrid_id": "7447574085080769176", "seqnum": 41241.0, "lat_c": -47.574085389635925, "lon_c": -80.769176333179828, "res": 8.0, "count_Insects": 0, "count_Flowering Plants": 0, "count_Ferns": 0, "count_Reptiles": 0, "count_Mammals": 0, "count_Amphibians": 0, "count_Birds": 1, "count_Arachnids": 0, "count_Gymnosperms": 0, "count_Basidiomycota": 0, "count_Molluscs": 0, "count_Sac Fungi": 0, "count_Mosses": 0, "unique_species_count": 1.0, "countryCode": "CL" }, "geometry": { "type": "MultiPolygon", "coordinates": [ [ [ [ -80.105799984748032, -47.90983673573816 ], [ -80.788712865866188, -48.035764355781687 ], [ -81.448763161703269, -47.701265061398168 ], [ -81.42314314898843, -47.239086991915137 ], [ -80.750062951704933, -47.112072900944327 ], [ -80.092846035812187, -47.448285896012543 ], [ -80.105799984748032, -47.90983673573816 ] ] ] ] } },
{ "type": "Feature", "properties": { "geogrid_id": "7447751286073352902", "seqnum": 41328.0, "lat_c": -47.751285824589779, "lon_c": -73.352902495350776, "res": 8.0, "count_Insects": 15, "count_Flowering Plants": 87, "count_Ferns": 5, "count_Reptiles": 0, "count_Mammals": 5, "count_Amphibians": 2, "count_Birds": 40, "count_Arachnids": 0, "count_Gymnosperms": 3, "count_Basidiomycota": 4, "count_Molluscs": 11, "count_Sac Fungi": 2, "count_Mosses": 2, "unique_species_count": 176.0, "countryCode": "CL" }, "geometry": { "type": "MultiPolygon", "coordinates": [ [ [ [ -72.664091976547439, -47.878367626342431 ], [ -73.300600590921974, -48.214324555814848 ], [ -73.993069784085392, -48.086265342905946 ], [ -74.038604464813275, -47.623446146671881 ], [ -73.404075046585987, -47.287977359108012 ], [ -72.721945985480914, -47.414867715509324 ], [ -72.664091976547439, -47.878367626342431 ] ] ] ] } },
{ "type": "Feature", "properties": { "geogrid_id": "7447785903078073775", "seqnum": 41243.0, "lat_c": -47.785903476930656, "lon_c": -78.073775072801965, "res": 8.0, "count_Insects": 0, "count_Flowering Plants": 0, "count_Ferns": 0, "count_Reptiles": 0, "count_Mammals": 1, "count_Amphibians": 0, "count_Birds": 0, "count_Arachnids": 0, "count_Gymnosperms": 0, "count_Basidiomycota": 0, "count_Molluscs": 0, "count_Sac Fungi": 0, "count_Mosses": 0, "unique_species_count": 1.0, "countryCode": "CL" }, "geometry": { "type": "MultiPolygon", "coordinates": [ [ [ [ -77.39420001135791, -47.909836735423724 ], [ -78.067190216537313, -48.247051150096794 ], [ -78.749999998659362, -48.125755489015845 ], [ -78.749999998637577, -47.664575615522502 ], [ -78.080216431391833, -47.324409312429616 ], [ -77.407153960236101, -47.448285895676122 ], [ -77.39420001135791, -47.909836735423724 ] ] ] ] } },
{ "type": "Feature", "properties": { "geogrid_id": "7447785903079426225", "seqnum": 41242.0, "lat_c": -47.785903477228651, "lon_c": -79.426224923263348, "res": 8.0, "count_Insects": 0, "count_Flowering Plants": 0, "count_Ferns": 0, "count_Reptiles": 0, "count_Mammals": 1, "count_Amphibians": 0, "count_Birds": 0, "count_Arachnids": 0, "count_Gymnosperms": 0, "count_Basidiomycota": 0, "count_Molluscs": 0, "count_Sac Fungi": 0, "count_Mosses": 0, "unique_species_count": 1.0, "countryCode": "CL" }, "geometry": { "type": "MultiPolygon", "coordinates": [ [ [ [ -78.749999998659362, -48.125755489015845 ], [ -79.432809779586592, -48.247051150372407 ], [ -80.105799984748032, -47.90983673573816 ], [ -80.092846035812187, -47.448285896012543 ], [ -79.419783564616097, -47.324409312750078 ], [ -78.749999998637577, -47.664575615522502 ], [ -78.749999998659362, -48.125755489015845 ] ] ] ] } },
{ "type": "Feature", "properties": { "geogrid_id": "7447957800074682345", "seqnum": 41327.0, "lat_c": -47.957800030134081, "lon_c": -74.682344638194891, "res": 8.0, "count_Insects": 0, "count_Flowering Plants": 5, "count_Ferns": 0, "count_Reptiles": 0, "count_Mammals": 3, "count_Amphibians": 0, "count_Birds": 9, "count_Arachnids": 1, "count_Gymnosperms": 0, "count_Basidiomycota": 0, "count_Molluscs": 29, "count_Sac Fungi": 7, "count_Mosses": 0, "unique_species_count": 54.0, "countryCode": "CL" }, "geometry": { "type": "MultiPolygon", "coordinates": [ [ [ [ -73.993069784085392, -48.086265342905946 ], [ -74.642649895450305, -48.420107263782299 ], [ -75.335498031876057, -48.291397441943019 ], [ -75.368405801947432, -47.829324106593226 ], [ -74.72117606051583, -47.49520510121129 ], [ -74.038604464813275, -47.623446146671881 ], [ -73.993069784085392, -48.086265342905946 ] ] ] ] } },
{ "type": "Feature", "properties": { "geogrid_id": "7448163124076025049", "seqnum": 41326.0, "lat_c": -48.163123939295488, "lon_c": -76.025048736955512, "res": 8.0, "count_Insects": 0, "count_Flowering Plants": 0, "count_Ferns": 0, "count_Reptiles": 0, "count_Mammals": 0, "count_Amphibians": 0, "count_Birds": 1, "count_Arachnids": 0, "count_Gymnosperms": 0, "count_Basidiomycota": 0, "count_Molluscs": 6, "count_Sac Fungi": 0, "count_Mosses": 0, "unique_species_count": 7.0, "countryCode": "CL" }, "geometry": { "type": "MultiPolygon", "coordinates": [ [ [ [ -75.335498031876057, -48.291397441943019 ], [ -75.998274153487756, -48.624673981346042 ], [ -76.691313733915976, -48.497119393216657 ], [ -76.711287130280866, -48.035764355455946 ], [ -76.051236834427144, -47.70126506104436 ], [ -75.368405801947432, -47.829324106593226 ], [ -75.335498031876057, -48.291397441943019 ] ] ] ] } },
{ "type": "Feature", "properties": { "geogrid_id": "7448341611072604960", "seqnum": 41410.0, "lat_c": -48.341611443272704, "lon_c": -72.604959791163012, "res": 8.0, "count_Insects": 0, "count_Flowering Plants": 21, "count_Ferns": 2, "count_Reptiles": 0, "count_Mammals": 0, "count_Amphibians": 4, "count_Birds": 16, "count_Arachnids": 0, "count_Gymnosperms": 2, "count_Basidiomycota": 3, "count_Molluscs": 0, "count_Sac Fungi": 0, "count_Mosses": 0, "unique_species_count": 48.0, "countryCode": "CL" }, "geometry": { "type": "MultiPolygon", "coordinates": [ [ [ [ -71.906173905553672, -48.467786556333678 ], [ -72.544508654095694, -48.804612867532136 ], [ -73.247133266556361, -48.677106674130847 ], [ -73.300600590921974, -48.214324555814848 ], [ -72.664091976547439, -47.878367626342431 ], [ -71.972198396381714, -48.004360617623952 ], [ -71.906173905553672, -48.467786556333678 ] ] ] ] } },
{ "type": "Feature", "properties": { "geogrid_id": "7448548813073946522", "seqnum": 41409.0, "lat_c": -48.54881269344515, "lon_c": -73.946521572511941, "res": 8.0, "count_Insects": 4, "count_Flowering Plants": 19, "count_Ferns": 3, "count_Reptiles": 0, "count_Mammals": 0, "count_Amphibians": 2, "count_Birds": 5, "count_Arachnids": 2, "count_Gymnosperms": 1, "count_Basidiomycota": 1, "count_Molluscs": 6, "count_Sac Fungi": 7, "count_Mosses": 3, "unique_species_count": 53.0, "countryCode": "CL" }, "geometry": { "type": "MultiPolygon", "coordinates": [ [ [ [ -73.247133266556361, -48.677106674130847 ], [ -73.898927105031831, -49.011100934021961 ], [ -74.602063922327247, -48.882138770519248 ], [ -74.642649895450305, -48.420107263782299 ], [ -73.993069784085392, -48.086265342905946 ], [ -73.300600590921974, -48.214324555814848 ], [ -73.247133266556361, -48.677106674130847 ] ] ] ] } },
{ "type": "Feature", "properties": { "geogrid_id": "7448586592078750000", "seqnum": 41324.0, "lat_c": -48.5865921363391, "lon_c": -78.749999998681659, "res": 8.0, "count_Insects": 0, "count_Flowering Plants": 0, "count_Ferns": 0, "count_Reptiles": 0, "count_Mammals": 2, "count_Amphibians": 0, "count_Birds": 0, "count_Arachnids": 0, "count_Gymnosperms": 0, "count_Basidiomycota": 0, "count_Molluscs": 0, "count_Sac Fungi": 0, "count_Mosses": 0, "unique_species_count": 2.0, "countryCode": "CL" }, "geometry": { "type": "MultiPolygon", "coordinates": [ [ [ [ -78.060457164732341, -48.707860775063182 ], [ -78.749999998704467, -49.047093759367797 ], [ -79.439542831451405, -48.707860775316483 ], [ -79.432809779586592, -48.247051150372407 ], [ -78.749999998659362, -48.125755489015845 ], [ -78.067190216537313, -48.247051150096794 ], [ -78.060457164732341, -48.707860775063182 ] ] ] ] } },
{ "type": "Feature", "properties": { "geogrid_id": "7448753178075301852", "seqnum": 41408.0, "lat_c": -48.753178264726628, "lon_c": -75.301852302176954, "res": 8.0, "count_Insects": 0, "count_Flowering Plants": 1, "count_Ferns": 0, "count_Reptiles": 0, "count_Mammals": 0, "count_Amphibians": 0, "count_Birds": 5, "count_Arachnids": 0, "count_Gymnosperms": 0, "count_Basidiomycota": 0, "count_Molluscs": 9, "count_Sac Fungi": 0, "count_Mosses": 0, "unique_species_count": 15.0, "countryCode": "CL" }, "geometry": { "type": "MultiPolygon", "coordinates": [ [ [ [ -74.602063922327247, -48.882138770519248 ], [ -75.267444478361227, -49.214677926073691 ], [ -75.970893881497162, -49.085925666843444 ], [ -75.998274153487756, -48.624673981346042 ], [ -75.335498031876057, -48.291397441943019 ], [ -74.642649895450305, -48.420107263782299 ], [ -74.602063922327247, -48.882138770519248 ] ] ] ] } },
{ "type": "Feature", "properties": { "geogrid_id": "7448958160076670889", "seqnum": 41407.0, "lat_c": -48.958160158208862, "lon_c": -76.670889160018532, "res": 8.0, "count_Insects": 0, "count_Flowering Plants": 0, "count_Ferns": 0, "count_Reptiles": 0, "count_Mammals": 1, "count_Amphibians": 0, "count_Birds": 0, "count_Arachnids": 0, "count_Gymnosperms": 0, "count_Basidiomycota": 0, "count_Molluscs": 0, "count_Sac Fungi": 0, "count_Mosses": 0, "unique_species_count": 1.0, "countryCode": "CL" }, "geometry": { "type": "MultiPolygon", "coordinates": [ [ [ [ -75.970893881497162, -49.085925666843444 ], [ -76.649998461315718, -49.418896381338321 ], [ -77.353564842325625, -49.292503922926386 ], [ -77.367415138447427, -48.831936795144316 ], [ -76.691313733915976, -48.497119393216657 ], [ -75.998274153487756, -48.624673981346042 ], [ -75.970893881497162, -49.085925666843444 ] ] ] ] } },
{ "type": "Feature", "properties": { "geogrid_id": "7448958160080829111", "seqnum": 41404.0, "lat_c": -48.958160158491616, "lon_c": -80.82911083624812, "res": 8.0, "count_Insects": 0, "count_Flowering Plants": 0, "count_Ferns": 0, "count_Reptiles": 0, "count_Mammals": 1, "count_Amphibians": 0, "count_Birds": 0, "count_Arachnids": 0, "count_Gymnosperms": 0, "count_Basidiomycota": 0, "count_Molluscs": 0, "count_Sac Fungi": 0, "count_Mosses": 0, "unique_species_count": 1.0, "countryCode": "CL" }, "geometry": { "type": "MultiPolygon", "coordinates": [ [ [ [ -80.146435153960766, -49.292503923175502 ], [ -80.850001535012666, -49.418896381599772 ], [ -81.529106114811654, -49.085925667133139 ], [ -81.501725842760351, -48.624673981656976 ], [ -80.808686262290252, -48.49711939352084 ], [ -80.13258485777753, -48.831936795415096 ], [ -80.146435153960766, -49.292503923175502 ] ] ] ] } },
{ "type": "Feature", "properties": { "geogrid_id": "7449139646073192463", "seqnum": 41491.0, "lat_c": -49.139645616913633, "lon_c": -73.19246294264687, "res": 8.0, "count_Insects": 4, "count_Flowering Plants": 1, "count_Ferns": 0, "count_Reptiles": 0, "count_Mammals": 0, "count_Amphibians": 0, "count_Birds": 3, "count_Arachnids": 0, "count_Gymnosperms": 0, "count_Basidiomycota": 0, "count_Molluscs": 0, "count_Sac Fungi": 0, "count_Mosses": 0, "unique_species_count": 8.0, "countryCode": "CL" }, "geometry": { "type": "MultiPolygon", "coordinates": [ [ [ [ -72.482696091777498, -49.267385952642336 ], [ -73.136550455296444, -49.601955173047308 ], [ -73.850252265654987, -49.473143104629742 ], [ -73.898927105031831, -49.011100934021961 ], [ -73.247133266556361, -48.677106674130847 ], [ -72.544508654095694, -48.804612867532136 ], [ -72.482696091777498, -49.267385952642336 ] ] ] ] } },
{ "type": "Feature", "properties": { "geogrid_id": "7449168341078053571", "seqnum": 41406.0, "lat_c": -49.168340761188162, "lon_c": -78.053571009601157, "res": 8.0, "count_Insects": 0, "count_Flowering Plants": 0, "count_Ferns": 0, "count_Reptiles": 0, "count_Mammals": 1, "count_Amphibians": 0, "count_Birds": 0, "count_Arachnids": 0, "count_Gymnosperms": 0, "count_Basidiomycota": 0, "count_Molluscs": 0, "count_Sac Fungi": 0, "count_Mosses": 0, "unique_species_count": 1.0, "countryCode": "CL" }, "geometry": { "type": "MultiPolygon", "coordinates": [ [ [ [ -77.353564842325625, -49.292503922926386 ], [ -78.046526621692891, -49.628499487668563 ], [ -78.749999998727816, -49.507268508587259 ], [ -78.749999998704467, -49.047093759367797 ], [ -78.060457164732341, -48.707860775063182 ], [ -77.367415138447427, -48.831936795144316 ], [ -77.353564842325625, -49.292503922926386 ] ] ] ] } },
{ "type": "Feature", "properties": { "geogrid_id": "7449168341079446429", "seqnum": 41405.0, "lat_c": -49.16834076141923, "lon_c": -79.446428986643738, "res": 8.0, "count_Insects": 0, "count_Flowering Plants": 0, "count_Ferns": 0, "count_Reptiles": 0, "count_Mammals": 2, "count_Amphibians": 0, "count_Birds": 0, "count_Arachnids": 0, "count_Gymnosperms": 0, "count_Basidiomycota": 0, "count_Molluscs": 0, "count_Sac Fungi": 0, "count_Mosses": 0, "unique_species_count": 2.0, "countryCode": "CL" }, "geometry": { "type": "MultiPolygon", "coordinates": [ [ [ [ -78.749999998727816, -49.507268508587259 ], [ -79.453473374614489, -49.628499487877484 ], [ -80.146435153960766, -49.292503923175502 ], [ -80.13258485777753, -48.831936795415096 ], [ -79.439542831451405, -48.707860775316483 ], [ -78.749999998704467, -49.047093759367797 ], [ -78.749999998727816, -49.507268508587259 ] ] ] ] } },
{ "type": "Feature", "properties": { "geogrid_id": "7449343907074560558", "seqnum": 41490.0, "lat_c": -49.343906768068081, "lon_c": -74.560557612702695, "res": 8.0, "count_Insects": 0, "count_Flowering Plants": 20, "count_Ferns": 2, "count_Reptiles": 0, "count_Mammals": 2, "count_Amphibians": 1, "count_Birds": 24, "count_Arachnids": 0, "count_Gymnosperms": 3, "count_Basidiomycota": 1, "count_Molluscs": 15, "count_Sac Fungi": 6, "count_Mosses": 2, "unique_species_count": 76.0, "countryCode": "CL" }, "geometry": { "type": "MultiPolygon", "coordinates": [ [ [ [ -73.850252265654987, -49.473143104629742 ], [ -74.518100605056986, -49.80542375478408 ], [ -75.232249375346882, -49.675907991626829 ], [ -75.267444478361227, -49.214677926073691 ], [ -74.602063922327247, -48.882138770519248 ], [ -73.898927105031831, -49.011100934021961 ], [ -73.850252265654987, -49.473143104629742 ] ] ] ] } },
{ "type": "Feature", "properties": { "geogrid_id": "7449546890075942888", "seqnum": 41489.0, "lat_c": -49.54688962001822, "lon_c": -75.942887875207518, "res": 8.0, "count_Insects": 0, "count_Flowering Plants": 0, "count_Ferns": 0, "count_Reptiles": 0, "count_Mammals": 1, "count_Amphibians": 0, "count_Birds": 1, "count_Arachnids": 0, "count_Gymnosperms": 0, "count_Basidiomycota": 0, "count_Molluscs": 0, "count_Sac Fungi": 1, "count_Mosses": 0, "unique_species_count": 3.0, "countryCode": "CL" }, "geometry": { "type": "MultiPolygon", "coordinates": [ [ [ [ -75.232249375346882, -49.675907991626829 ], [ -75.914235201360128, -50.007576631978587 ], [ -76.628626022915157, -49.87933788411668 ], [ -76.649998461315718, -49.418896381338321 ], [ -75.970893881497162, -49.085925666843444 ], [ -75.267444478361227, -49.214677926073691 ], [ -75.232249375346882, -49.675907991626829 ] ] ] ] } },
{ "type": "Feature", "properties": { "geogrid_id": "7449752761077339396", "seqnum": 41488.0, "lat_c": -49.752761084770562, "lon_c": -77.339395665274665, "res": 8.0, "count_Insects": 0, "count_Flowering Plants": 0, "count_Ferns": 0, "count_Reptiles": 0, "count_Mammals": 1, "count_Amphibians": 0, "count_Birds": 0, "count_Arachnids": 0, "count_Gymnosperms": 0, "count_Basidiomycota": 0, "count_Molluscs": 0, "count_Sac Fungi": 0, "count_Mosses": 0, "unique_species_count": 1.0, "countryCode": "CL" }, "geometry": { "type": "MultiPolygon", "coordinates": [ [ [ [ -76.628626022915157, -49.87933788411668 ], [ -77.324896795241827, -50.212717294050826 ], [ -78.039318637357582, -50.088345307435141 ], [ -78.046526621692891, -49.628499487668563 ], [ -77.353564842325625, -49.292503922926386 ], [ -76.649998461315718, -49.418896381338321 ], [ -76.628626022915157, -49.87933788411668 ] ] ] ] } },
{ "type": "Feature", "properties": { "geogrid_id": "7449934953073800461", "seqnum": 41572.0, "lat_c": -49.934952585235969, "lon_c": -73.800461480509824, "res": 8.0, "count_Insects": 0, "count_Flowering Plants": 0, "count_Ferns": 0, "count_Reptiles": 0, "count_Mammals": 2, "count_Amphibians": 0, "count_Birds": 6, "count_Arachnids": 0, "count_Gymnosperms": 0, "count_Basidiomycota": 1, "count_Molluscs": 8, "count_Sac Fungi": 0, "count_Mosses": 0, "unique_species_count": 17.0, "countryCode": "CL" }, "geometry": { "type": "MultiPolygon", "coordinates": [ [ [ [ -73.079354982145787, -50.064049522095452 ], [ -73.749517648210968, -50.396543135397586 ], [ -74.474661220562425, -50.266702544429705 ], [ -74.518100605056986, -49.80542375478408 ], [ -73.850252265654987, -49.473143104629742 ], [ -73.136550455296444, -49.601955173047308 ], [ -73.079354982145787, -50.064049522095452 ] ] ] ] } },
{ "type": "Feature", "properties": { "geogrid_id": "7449967124078750000", "seqnum": 41487.0, "lat_c": -49.967124484532228, "lon_c": -78.749999998751704, "res": 8.0, "count_Insects": 0, "count_Flowering Plants": 0, "count_Ferns": 0, "count_Reptiles": 0, "count_Mammals": 2, "count_Amphibians": 0, "count_Birds": 0, "count_Arachnids": 0, "count_Gymnosperms": 0, "count_Basidiomycota": 0, "count_Molluscs": 0, "count_Sac Fungi": 0, "count_Mosses": 0, "unique_species_count": 2.0, "countryCode": "CL" }, "geometry": { "type": "MultiPolygon", "coordinates": [ [ [ [ -78.039318637357582, -50.088345307435141 ], [ -78.749999998776161, -50.42666973920447 ], [ -79.460681359013677, -50.088345307621992 ], [ -79.453473374614489, -49.628499487877484 ], [ -78.749999998727816, -49.507268508587259 ], [ -78.046526621692891, -49.628499487668563 ], [ -78.039318637357582, -50.088345307435141 ] ] ] ] } },
{ "type": "Feature", "properties": { "geogrid_id": "7450136880075196241", "seqnum": 41571.0, "lat_c": -50.136880270461468, "lon_c": -75.196240703982966, "res": 8.0, "count_Insects": 0, "count_Flowering Plants": 4, "count_Ferns": 1, "count_Reptiles": 0, "count_Mammals": 1, "count_Amphibians": 0, "count_Birds": 19, "count_Arachnids": 0, "count_Gymnosperms": 0, "count_Basidiomycota": 0, "count_Molluscs": 22, "count_Sac Fungi": 9, "count_Mosses": 2, "unique_species_count": 58.0, "countryCode": "CL" }, "geometry": { "type": "MultiPolygon", "coordinates": [ [ [ [ -74.474661220562425, -50.266702544429705 ], [ -75.159391014969316, -50.597606847398701 ], [ -75.884913992570446, -50.467997685656748 ], [ -75.914235201360128, -50.007576631978587 ], [ -75.232249375346882, -49.675907991626829 ], [ -74.518100605056986, -49.80542375478408 ], [ -74.474661220562425, -50.266702544429705 ] ] ] ] } },
{ "type": "Feature", "properties": { "geogrid_id": "7450339495076606756", "seqnum": 41570.0, "lat_c": -50.339494595814124, "lon_c": -76.606755526122257, "res": 8.0, "count_Insects": 0, "count_Flowering Plants": 0, "count_Ferns": 0, "count_Reptiles": 0, "count_Mammals": 0, "count_Amphibians": 0, "count_Birds": 1, "count_Arachnids": 0, "count_Gymnosperms": 0, "count_Basidiomycota": 0, "count_Molluscs": 0, "count_Sac Fungi": 0, "count_Mosses": 0, "unique_species_count": 1.0, "countryCode": "CL" }, "geometry": { "type": "MultiPolygon", "coordinates": [ [ [ [ -75.884913992570446, -50.467997685656748 ], [ -76.584369910115655, -50.799376572713918 ], [ -77.310056923940294, -50.672381606380341 ], [ -77.324896795241827, -50.212717294050826 ], [ -76.628626022915157, -49.87933788411668 ], [ -75.914235201360128, -50.007576631978587 ], [ -75.884913992570446, -50.467997685656748 ] ] ] ] } },
{ "type": "Feature", "properties": { "geogrid_id": "7450339495080893244", "seqnum": 41567.0, "lat_c": -50.339494596033347, "lon_c": -80.893244470333656, "res": 8.0, "count_Insects": 0, "count_Flowering Plants": 0, "count_Ferns": 0, "count_Reptiles": 0, "count_Mammals": 1, "count_Amphibians": 0, "count_Birds": 0, "count_Arachnids": 0, "count_Gymnosperms": 0, "count_Basidiomycota": 0, "count_Molluscs": 0, "count_Sac Fungi": 0, "count_Mosses": 0, "unique_species_count": 1.0, "countryCode": "CL" }, "geometry": { "type": "MultiPolygon", "coordinates": [ [ [ [ -80.18994307253864, -50.672381606565139 ], [ -80.915630086406139, -50.799376572912244 ], [ -81.615086003928496, -50.46799768588351 ], [ -81.585764795074084, -50.007576632226183 ], [ -80.871373973476295, -49.87933788435695 ], [ -80.175103201171495, -50.21271729425694 ], [ -80.18994307253864, -50.672381606565139 ] ] ] ] } },
{ "type": "Feature", "properties": { "geogrid_id": "7450525943073020834", "seqnum": 41654.0, "lat_c": -50.525943277633139, "lon_c": -73.020833965615438, "res": 8.0, "count_Insects": 20, "count_Flowering Plants": 104, "count_Ferns": 2, "count_Reptiles": 0, "count_Mammals": 11, "count_Amphibians": 1, "count_Birds": 55, "count_Arachnids": 2, "count_Gymnosperms": 0, "count_Basidiomycota": 2, "count_Molluscs": 2, "count_Sac Fungi": 11, "count_Mosses": 2, "unique_species_count": 212.0, "countryCode": "CL" }, "geometry": { "type": "MultiPolygon", "coordinates": [ [ [ [ -72.288637979520601, -50.654481813701842 ], [ -72.960943033813621, -50.987651535275972 ], [ -73.697382067687926, -50.85792893830132 ], [ -73.749517648210968, -50.396543135397586 ], [ -73.079354982145787, -50.064049522095452 ], [ -72.354807832878919, -50.192305311585123 ], [ -72.288637979520601, -50.654481813701842 ] ] ] ] } },
{ "type": "Feature", "properties": { "geogrid_id": "7450547887078031941", "seqnum": 41569.0, "lat_c": -50.547886551379115, "lon_c": -78.031941445362108, "res": 8.0, "count_Insects": 0, "count_Flowering Plants": 0, "count_Ferns": 0, "count_Reptiles": 0, "count_Mammals": 1, "count_Amphibians": 0, "count_Birds": 0, "count_Arachnids": 0, "count_Gymnosperms": 0, "count_Basidiomycota": 0, "count_Molluscs": 0, "count_Sac Fungi": 0, "count_Mosses": 0, "unique_species_count": 1.0, "countryCode": "CL" }, "geometry": { "type": "MultiPolygon", "coordinates": [ [ [ [ -77.310056923940294, -50.672381606380341 ], [ -78.024389172590631, -51.007131532970931 ], [ -78.749999998801215, -50.885912277469096 ], [ -78.749999998776161, -50.42666973920447 ], [ -78.039318637357582, -50.088345307435141 ], [ -77.324896795241827, -50.212717294050826 ], [ -77.310056923940294, -50.672381606380341 ] ] ] ] } },
{ "type": "Feature", "properties": { "geogrid_id": "7450727756074430206", "seqnum": 41653.0, "lat_c": -50.727756304940222, "lon_c": -74.430206398532832, "res": 8.0, "count_Insects": 0, "count_Flowering Plants": 10, "count_Ferns": 0, "count_Reptiles": 0, "count_Mammals": 5, "count_Amphibians": 0, "count_Birds": 16, "count_Arachnids": 0, "count_Gymnosperms": 1, "count_Basidiomycota": 0, "count_Molluscs": 19, "count_Sac Fungi": 15, "count_Mosses": 2, "unique_species_count": 68.0, "countryCode": "CL" }, "geometry": { "type": "MultiPolygon", "coordinates": [ [ [ [ -73.697382067687926, -50.85792893830132 ], [ -74.384701629338423, -51.188598601744751 ], [ -75.121671640174895, -51.05810011921016 ], [ -75.159391014969316, -50.597606847398701 ], [ -74.474661220562425, -50.266702544429705 ], [ -73.749517648210968, -50.396543135397586 ], [ -73.697382067687926, -50.85792893830132 ] ] ] ] } },
{ "type": "Feature", "properties": { "geogrid_id": "7450928164075854901", "seqnum": 41652.0, "lat_c": -50.92816398381148, "lon_c": -75.854901398207005, "res": 8.0, "count_Insects": 0, "count_Flowering Plants": 0, "count_Ferns": 0, "count_Reptiles": 0, "count_Mammals": 0, "count_Amphibians": 0, "count_Birds": 0, "count_Arachnids": 0, "count_Gymnosperms": 0, "count_Basidiomycota": 0, "count_Molluscs": 8, "count_Sac Fungi": 0, "count_Mosses": 0, "unique_species_count": 8.0, "countryCode": "CL" }, "geometry": { "type": "MultiPolygon", "coordinates": [ [ [ [ -75.121671640174895, -51.05810011921016 ], [ -75.824173532747679, -51.388086980562335 ], [ -76.561451331383765, -51.258994019808767 ], [ -76.584369910115655, -50.799376572713918 ], [ -75.884913992570446, -50.467997685656748 ], [ -75.159391014969316, -50.597606847398701 ], [ -75.121671640174895, -51.05810011921016 ] ] ] ] } },
{ "type": "Feature", "properties": { "geogrid_id": "7451116491072220918", "seqnum": 41736.0, "lat_c": -51.116490529878078, "lon_c": -72.220918218465229, "res": 8.0, "count_Insects": 54, "count_Flowering Plants": 173, "count_Ferns": 3, "count_Reptiles": 1, "count_Mammals": 14, "count_Amphibians": 1, "count_Birds": 91, "count_Arachnids": 6, "count_Gymnosperms": 2, "count_Basidiomycota": 16, "count_Molluscs": 0, "count_Sac Fungi": 8, "count_Mosses": 2, "unique_species_count": 371.0, "countryCode": "CL" }, "geometry": { "type": "MultiPolygon", "coordinates": [ [ [ [ -71.477341150881017, -51.244048181685912 ], [ -72.151596360724795, -51.578347925931638 ], [ -72.899635919479579, -51.44918992601994 ], [ -72.960943033813621, -50.987651535275972 ], [ -72.288637979520601, -50.654481813701842 ], [ -71.552961959593091, -50.7817716491178 ], [ -71.477341150881017, -51.244048181685912 ] ] ] ] } },
{ "type": "Feature", "properties": { "geogrid_id": "7451319125073644014", "seqnum": 41735.0, "lat_c": -51.319124649831437, "lon_c": -73.644014363703221, "res": 8.0, "count_Insects": 40, "count_Flowering Plants": 169, "count_Ferns": 6, "count_Reptiles": 1, "count_Mammals": 17, "count_Amphibians": 1, "count_Birds": 89, "count_Arachnids": 5, "count_Gymnosperms": 1, "count_Basidiomycota": 9, "count_Molluscs": 6, "count_Sac Fungi": 20, "count_Mosses": 38, "unique_species_count": 402.0, "countryCode": "CL" }, "geometry": { "type": "MultiPolygon", "coordinates": [ [ [ [ -72.899635919479579, -51.44918992601994 ], [ -73.589372410403143, -51.780145453359836 ], [ -74.338110884969012, -51.649243446298371 ], [ -74.384701629338423, -51.188598601744751 ], [ -73.697382067687926, -50.85792893830132 ], [ -72.960943033813621, -50.987651535275972 ], [ -72.899635919479579, -51.44918992601994 ] ] ] ] } },
{ "type": "Feature", "properties": { "geogrid_id": "7451518373075083053", "seqnum": 41734.0, "lat_c": -51.518372835297427, "lon_c": -75.083052631406019, "res": 8.0, "count_Insects": 0, "count_Flowering Plants": 1, "count_Ferns": 0, "count_Reptiles": 0, "count_Mammals": 0, "count_Amphibians": 0, "count_Birds": 1, "count_Arachnids": 0, "count_Gymnosperms": 0, "count_Basidiomycota": 0, "count_Molluscs": 1, "count_Sac Fungi": 0, "count_Mosses": 0, "unique_species_count": 3.0, "countryCode": "CL" }, "geometry": { "type": "MultiPolygon", "coordinates": [ [ [ [ -74.338110884969012, -51.649243446298371 ], [ -75.043502696740504, -51.978438143528443 ], [ -75.792705421601838, -51.847778417015597 ], [ -75.824173532747679, -51.388086980562335 ], [ -75.121671640174895, -51.05810011921016 ], [ -74.384701629338423, -51.188598601744751 ], [ -74.338110884969012, -51.649243446298371 ] ] ] ] } },
{ "type": "Feature", "properties": { "geogrid_id": "7451706190071399931", "seqnum": 41818.0, "lat_c": -51.706189855226853, "lon_c": -71.399930507060276, "res": 8.0, "count_Insects": 3, "count_Flowering Plants": 10, "count_Ferns": 0, "count_Reptiles": 0, "count_Mammals": 2, "count_Amphibians": 0, "count_Birds": 10, "count_Arachnids": 0, "count_Gymnosperms": 0, "count_Basidiomycota": 0, "count_Molluscs": 0, "count_Sac Fungi": 3, "count_Mosses": 1, "unique_species_count": 29.0, "countryCode": "CL" }, "geometry": { "type": "MultiPolygon", "coordinates": [ [ [ [ -70.644678578007898, -51.83234094606695 ], [ -71.320669462038438, -52.168214497996026 ], [ -72.08061801595008, -52.040071114447308 ], [ -72.151596360724795, -51.578347925931638 ], [ -71.477341150881017, -51.244048181685912 ], [ -70.730250555708352, -51.369959153398334 ], [ -70.644678578007898, -51.83234094606695 ] ] ] ] } },
{ "type": "Feature", "properties": { "geogrid_id": "7451910575072836864", "seqnum": 41817.0, "lat_c": -51.910574675595804, "lon_c": -72.836864377484929, "res": 8.0, "count_Insects": 28, "count_Flowering Plants": 150, "count_Ferns": 5, "count_Reptiles": 0, "count_Mammals": 22, "count_Amphibians": 0, "count_Birds": 84, "count_Arachnids": 5, "count_Gymnosperms": 4, "count_Basidiomycota": 5, "count_Molluscs": 24, "count_Sac Fungi": 8, "count_Mosses": 5, "unique_species_count": 340.0, "countryCode": "CL" }, "geometry": { "type": "MultiPolygon", "coordinates": [ [ [ [ -72.08061801595008, -52.040071114447308 ], [ -72.772578101611714, -52.371822670646068 ], [ -73.533412253393806, -52.24100712106214 ], [ -73.589372410403143, -51.780145453359836 ], [ -72.899635919479579, -51.44918992601994 ], [ -72.151596360724795, -51.578347925931638 ], [ -72.08061801595008, -52.040071114447308 ] ] ] ] } },
{ "type": "Feature", "properties": { "geogrid_id": "7452078222069123607", "seqnum": 41901.0, "lat_c": -52.078222295690615, "lon_c": -69.123607496322293, "res": 8.0, "count_Insects": 15, "count_Flowering Plants": 53, "count_Ferns": 1, "count_Reptiles": 2, "count_Mammals": 10, "count_Amphibians": 0, "count_Birds": 50, "count_Arachnids": 3, "count_Gymnosperms": 1, "count_Basidiomycota": 3, "count_Molluscs": 5, "count_Sac Fungi": 7, "count_Mosses": 0, "unique_species_count": 150.0, "countryCode": "CL" }, "geometry": { "type": "MultiPolygon", "coordinates": [ [ [ [ -68.357900149783305, -52.197345286953365 ], [ -69.019059634668551, -52.540839134497659 ], [ -69.789838979196972, -52.418936261798422 ], [ -69.885886729584641, -51.956457168453078 ], [ -69.225712521933687, -51.615523664019754 ], [ -68.468372517694121, -51.734582552259241 ], [ -68.357900149783305, -52.197345286953365 ] ] ] ] } },
{ "type": "Feature", "properties": { "geogrid_id": "7452109705074290397", "seqnum": 41816.0, "lat_c": -52.109705350588769, "lon_c": -74.290396547533518, "res": 8.0, "count_Insects": 0, "count_Flowering Plants": 7, "count_Ferns": 0, "count_Reptiles": 0, "count_Mammals": 1, "count_Amphibians": 0, "count_Birds": 5, "count_Arachnids": 0, "count_Gymnosperms": 0, "count_Basidiomycota": 0, "count_Molluscs": 10, "count_Sac Fungi": 0, "count_Mosses": 0, "unique_species_count": 23.0, "countryCode": "CL" }, "geometry": { "type": "MultiPolygon", "coordinates": [ [ [ [ -73.533412253393806, -52.24100712106214 ], [ -74.241519336121584, -52.569999388508073 ], [ -75.002989134631392, -52.438309642032543 ], [ -75.043502696740504, -51.978438143528443 ], [ -74.338110884969012, -51.649243446298371 ], [ -73.589372410403143, -51.780145453359836 ], [ -73.533412253393806, -52.24100712106214 ] ] ] ] } },
{ "type": "Feature", "properties": { "geogrid_id": "7452294620070557060", "seqnum": 41900.0, "lat_c": -52.29462031126053, "lon_c": -70.557060466065735, "res": 8.0, "count_Insects": 8, "count_Flowering Plants": 34, "count_Ferns": 0, "count_Reptiles": 2, "count_Mammals": 9, "count_Amphibians": 0, "count_Birds": 54, "count_Arachnids": 2, "count_Gymnosperms": 0, "count_Basidiomycota": 2, "count_Molluscs": 3, "count_Sac Fungi": 0, "count_Mosses": 0, "unique_species_count": 114.0, "countryCode": "CL" }, "geometry": { "type": "MultiPolygon", "coordinates": [ [ [ [ -69.789838979196972, -52.418936261798422 ], [ -70.467326706606997, -52.756816389253252 ], [ -71.239494935808793, -52.630140692123952 ], [ -71.320669462038438, -52.168214497996026 ], [ -70.644678578007898, -51.83234094606695 ], [ -69.885886729584641, -51.956457168453078 ], [ -69.789838979196972, -52.418936261798422 ] ] ] ] } },
{ "type": "Feature", "properties": { "geogrid_id": "7452307250075760471", "seqnum": 41815.0, "lat_c": -52.307250361644215, "lon_c": -75.760470944431447, "res": 8.0, "count_Insects": 0, "count_Flowering Plants": 0, "count_Ferns": 0, "count_Reptiles": 0, "count_Mammals": 0, "count_Amphibians": 0, "count_Birds": 4, "count_Arachnids": 0, "count_Gymnosperms": 0, "count_Basidiomycota": 0, "count_Molluscs": 0, "count_Sac Fungi": 0, "count_Mosses": 0, "unique_species_count": 4.0, "countryCode": "CL" }, "geometry": { "type": "MultiPolygon", "coordinates": [ [ [ [ -75.002989134631392, -52.438309642032543 ], [ -75.727442776067889, -52.766515256207377 ], [ -76.489306725835633, -52.636364002023925 ], [ -76.513939738507645, -52.177477038669451 ], [ -75.792705421601838, -51.847778417015597 ], [ -75.043502696740504, -51.978438143528443 ], [ -75.002989134631392, -52.438309642032543 ] ] ] ] } },
{ "type": "Feature", "properties": { "geogrid_id": "7452501678072007927", "seqnum": 41899.0, "lat_c": -52.50167792392876, "lon_c": -72.007926504742827, "res": 8.0, "count_Insects": 11, "count_Flowering Plants": 74, "count_Ferns": 4, "count_Reptiles": 0, "count_Mammals": 11, "count_Amphibians": 0, "count_Birds": 42, "count_Arachnids": 5, "count_Gymnosperms": 2, "count_Basidiomycota": 4, "count_Molluscs": 2, "count_Sac Fungi": 5, "count_Mosses": 1, "unique_species_count": 161.0, "countryCode": "CL" }, "geometry": { "type": "MultiPolygon", "coordinates": [ [ [ [ -71.239494935808793, -52.630140692123952 ], [ -71.93346277237363, -52.963186975736377 ], [ -72.706724641578887, -52.832951532653972 ], [ -72.772578101611714, -52.371822670646068 ], [ -72.08061801595008, -52.040071114447308 ], [ -71.320669462038438, -52.168214497996026 ], [ -71.239494935808793, -52.630140692123952 ] ] ] ] } },
{ "type": "Feature", "properties": { "geogrid_id": "7452508303077247042", "seqnum": 41814.0, "lat_c": -52.50830320509742, "lon_c": -77.247042271395102, "res": 8.0, "count_Insects": 0, "count_Flowering Plants": 0, "count_Ferns": 0, "count_Reptiles": 0, "count_Mammals": 1, "count_Amphibians": 0, "count_Birds": 1, "count_Arachnids": 0, "count_Gymnosperms": 0, "count_Basidiomycota": 0, "count_Molluscs": 0, "count_Sac Fungi": 0, "count_Mosses": 0, "unique_species_count": 2.0, "countryCode": "CL" }, "geometry": { "type": "MultiPolygon", "coordinates": [ [ [ [ -76.489306725835633, -52.636364002023925 ], [ -77.230308335648587, -52.966646293502606 ], [ -77.992301759139764, -52.84131479652639 ], [ -78.000618881707027, -52.383171887757818 ], [ -77.26337017478339, -52.049714618481971 ], [ -76.513939738507645, -52.177477038669451 ], [ -76.489306725835633, -52.636364002023925 ] ] ] ] } },
{ "type": "Feature", "properties": { "geogrid_id": "7452660032068244784", "seqnum": 41983.0, "lat_c": -52.6600319938063, "lon_c": -68.244784136232582, "res": 8.0, "count_Insects": 0, "count_Flowering Plants": 2, "count_Ferns": 0, "count_Reptiles": 0, "count_Mammals": 5, "count_Amphibians": 0, "count_Birds": 2, "count_Arachnids": 0, "count_Gymnosperms": 0, "count_Basidiomycota": 0, "count_Molluscs": 4, "count_Sac Fungi": 0, "count_Mosses": 0, "unique_species_count": 13.0, "countryCode": "CL" }, "geometry": { "type": "MultiPolygon", "coordinates": [ [ [ [ -67.467081564513521, -52.776241695757456 ], [ -68.128935439984645, -53.122662324004409 ], [ -68.911986445982961, -53.003393850459211 ], [ -69.019059634668551, -52.540839134497659 ], [ -68.357900149783305, -52.197345286953365 ], [ -67.58883098286968, -52.313557953444722 ], [ -67.467081564513521, -52.776241695757456 ] ] ] ] } },
{ "type": "Feature", "properties": { "geogrid_id": "7452701726073476088", "seqnum": 41898.0, "lat_c": -52.701726082690961, "lon_c": -73.476088031028539, "res": 8.0, "count_Insects": 0, "count_Flowering Plants": 2, "count_Ferns": 1, "count_Reptiles": 0, "count_Mammals": 3, "count_Amphibians": 1, "count_Birds": 7, "count_Arachnids": 0, "count_Gymnosperms": 1, "count_Basidiomycota": 3, "count_Molluscs": 11, "count_Sac Fungi": 27, "count_Mosses": 0, "unique_species_count": 56.0, "countryCode": "CL" }, "geometry": { "type": "MultiPolygon", "coordinates": [ [ [ [ -72.706724641578887, -52.832951532653972 ], [ -73.41735189584476, -53.162319502887811 ], [ -74.191438232633686, -53.030141265132016 ], [ -74.241519336121584, -52.569999388508073 ], [ -73.533412253393806, -52.24100712106214 ], [ -72.772578101611714, -52.371822670646068 ], [ -72.706724641578887, -52.832951532653972 ] ] ] ] } },
{ "type": "Feature", "properties": { "geogrid_id": "7452881344069691472", "seqnum": 41982.0, "lat_c": -52.881344229076234, "lon_c": -69.691471610300567, "res": 8.0, "count_Insects": 6, "count_Flowering Plants": 65, "count_Ferns": 0, "count_Reptiles": 0, "count_Mammals": 11, "count_Amphibians": 0, "count_Birds": 53, "count_Arachnids": 5, "count_Gymnosperms": 1, "count_Basidiomycota": 1, "count_Molluscs": 12, "count_Sac Fungi": 0, "count_Mosses": 0, "unique_species_count": 154.0, "countryCode": "CL" }, "geometry": { "type": "MultiPolygon", "coordinates": [ [ [ [ -68.911986445982961, -53.003393850459211 ], [ -69.590705586622647, -53.34370142925917 ], [ -70.375404957946216, -53.21894917316444 ], [ -70.467326706606997, -52.756816389253252 ], [ -69.789838979196972, -52.418936261798422 ], [ -69.019059634668551, -52.540839134497659 ], [ -68.911986445982961, -53.003393850459211 ] ] ] ] } },
{ "type": "Feature", "properties": { "geogrid_id": "7452898001074961478", "seqnum": 41897.0, "lat_c": -52.898001437898799, "lon_c": -74.961477766100245, "res": 8.0, "count_Insects": 0, "count_Flowering Plants": 4, "count_Ferns": 0, "count_Reptiles": 0, "count_Mammals": 1, "count_Amphibians": 0, "count_Birds": 1, "count_Arachnids": 0, "count_Gymnosperms": 0, "count_Basidiomycota": 0, "count_Molluscs": 6, "count_Sac Fungi": 8, "count_Mosses": 0, "unique_species_count": 20.0, "countryCode": "CL" }, "geometry": { "type": "MultiPolygon", "coordinates": [ [ [ [ -74.191438232633686, -53.030141265132016 ], [ -74.918932865495947, -53.357528213894163 ], [ -75.693592325207447, -53.225585968144962 ], [ -75.727442776067889, -52.766515256207377 ], [ -75.002989134631392, -52.438309642032543 ], [ -74.241519336121584, -52.569999388508073 ], [ -74.191438232633686, -53.030141265132016 ] ] ] ] } },
{ "type": "Feature", "properties": { "geogrid_id": "7453091988071156341", "seqnum": 41981.0, "lat_c": -53.091987851614206, "lon_c": -71.156341245472376, "res": 8.0, "count_Insects": 46, "count_Flowering Plants": 166, "count_Ferns": 2, "count_Reptiles": 1, "count_Mammals": 31, "count_Amphibians": 0, "count_Birds": 126, "count_Arachnids": 15, "count_Gymnosperms": 7, "count_Basidiomycota": 44, "count_Molluscs": 47, "count_Sac Fungi": 58, "count_Mosses": 29, "unique_species_count": 572.0, "countryCode": "CL" }, "geometry": { "type": "MultiPolygon", "coordinates": [ [ [ [ -70.375404957946216, -53.21894917316444 ], [ -71.07114002092105, -53.553776308886938 ], [ -71.857165305573616, -53.424617769831791 ], [ -71.93346277237363, -52.963186975736377 ], [ -71.239494935808793, -52.630140692123952 ], [ -70.467326706606997, -52.756816389253252 ], [ -70.375404957946216, -53.21894917316444 ] ] ] ] } },
{ "type": "Feature", "properties": { "geogrid_id": "7453095029076464061", "seqnum": 41896.0, "lat_c": -53.095029286851336, "lon_c": -76.464060655447113, "res": 8.0, "count_Insects": 0, "count_Flowering Plants": 0, "count_Ferns": 0, "count_Reptiles": 0, "count_Mammals": 1, "count_Amphibians": 0, "count_Birds": 1, "count_Arachnids": 0, "count_Gymnosperms": 0, "count_Basidiomycota": 0, "count_Molluscs": 0, "count_Sac Fungi": 0, "count_Mosses": 0, "unique_species_count": 2.0, "countryCode": "CL" }, "geometry": { "type": "MultiPolygon", "coordinates": [ [ [ [ -75.693592325207447, -53.225585968144962 ], [ -76.43817907853942, -53.553484285560621 ], [ -77.213153426603412, -53.424753513870613 ], [ -77.230308335648587, -52.966646293502606 ], [ -76.489306725835633, -52.636364002023925 ], [ -75.727442776067889, -52.766515256207377 ], [ -75.693592325207447, -53.225585968144962 ] ] ] ] } },
{ "type": "Feature", "properties": { "geogrid_id": "7453293980072639249", "seqnum": 41980.0, "lat_c": -53.293979700695431, "lon_c": -72.639249321613988, "res": 8.0, "count_Insects": 1, "count_Flowering Plants": 12, "count_Ferns": 0, "count_Reptiles": 0, "count_Mammals": 2, "count_Amphibians": 0, "count_Birds": 8, "count_Arachnids": 0, "count_Gymnosperms": 1, "count_Basidiomycota": 0, "count_Molluscs": 13, "count_Sac Fungi": 10, "count_Mosses": 1, "unique_species_count": 48.0, "countryCode": "CL" }, "geometry": { "type": "MultiPolygon", "coordinates": [ [ [ [ -71.857165305573616, -53.424617769831791 ], [ -72.570095162285853, -53.754926524249662 ], [ -73.357153937414253, -53.622805368292234 ], [ -73.41735189584476, -53.162319502887811 ], [ -72.706724641578887, -52.832951532653972 ], [ -71.93346277237363, -52.963186975736377 ], [ -71.857165305573616, -53.424617769831791 ] ] ] ] } },
{ "type": "Feature", "properties": { "geogrid_id": "7453299203079516224", "seqnum": 41894.0, "lat_c": -53.299202948672296, "lon_c": -79.516224308814728, "res": 8.0, "count_Insects": 0, "count_Flowering Plants": 0, "count_Ferns": 0, "count_Reptiles": 0, "count_Mammals": 1, "count_Amphibians": 0, "count_Birds": 0, "count_Arachnids": 0, "count_Gymnosperms": 0, "count_Basidiomycota": 0, "count_Molluscs": 0, "count_Sac Fungi": 0, "count_Mosses": 0, "unique_species_count": 1.0, "countryCode": "CL" }, "geometry": { "type": "MultiPolygon", "coordinates": [ [ [ [ -78.749999998965109, -53.63545313831645 ], [ -79.524967134081351, -53.756844683363653 ], [ -80.286846570302188, -53.424753513930376 ], [ -80.269691661181682, -52.966646293582819 ], [ -79.507698237646693, -52.841314796582786 ], [ -78.749999998936048, -53.177861265087806 ], [ -78.749999998965109, -53.63545313831645 ] ] ] ] } },
{ "type": "Feature", "properties": { "geogrid_id": "7453465907068802302", "seqnum": 42064.0, "lat_c": -53.465906960016113, "lon_c": -68.802302160601826, "res": 8.0, "count_Insects": 5, "count_Flowering Plants": 64, "count_Ferns": 0, "count_Reptiles": 0, "count_Mammals": 9, "count_Amphibians": 0, "count_Birds": 39, "count_Arachnids": 8, "count_Gymnosperms": 0, "count_Basidiomycota": 5, "count_Molluscs": 4, "count_Sac Fungi": 5, "count_Mosses": 5, "unique_species_count": 144.0, "countryCode": "CL" }, "geometry": { "type": "MultiPolygon", "coordinates": [ [ [ [ -68.010261518652953, -53.585256751077331 ], [ -68.689917643209782, -53.928399904920354 ], [ -69.487458732666653, -53.8060291612762 ], [ -69.590705586622647, -53.34370142925917 ], [ -68.911986445982961, -53.003393850459211 ], [ -68.128935439984645, -53.122662324004409 ], [ -68.010261518652953, -53.585256751077331 ] ] ] ] } },
{ "type": "Feature", "properties": { "geogrid_id": "7453490147074140110", "seqnum": 41979.0, "lat_c": -53.49014739512905, "lon_c": -74.140110407423393, "res": 8.0, "count_Insects": 0, "count_Flowering Plants": 0, "count_Ferns": 0, "count_Reptiles": 0, "count_Mammals": 0, "count_Amphibians": 0, "count_Birds": 0, "count_Arachnids": 0, "count_Gymnosperms": 0, "count_Basidiomycota": 0, "count_Molluscs": 2, "count_Sac Fungi": 0, "count_Mosses": 0, "unique_species_count": 2.0, "countryCode": "CL" }, "geometry": { "type": "MultiPolygon", "coordinates": [ [ [ [ -73.357153937414253, -53.622805368292234 ], [ -74.087491145906228, -53.950034991737525 ], [ -74.875317090500644, -53.816905304525633 ], [ -74.918932865495947, -53.357528213894163 ], [ -74.191438232633686, -53.030141265132016 ], [ -73.41735189584476, -53.162319502887811 ], [ -73.357153937414253, -53.622805368292234 ] ] ] ] } },
{ "type": "Feature", "properties": { "geogrid_id": "7453681040070281220", "seqnum": 42063.0, "lat_c": -53.681039594413292, "lon_c": -70.281219964867702, "res": 8.0, "count_Insects": 19, "count_Flowering Plants": 147, "count_Ferns": 3, "count_Reptiles": 1, "count_Mammals": 16, "count_Amphibians": 0, "count_Birds": 82, "count_Arachnids": 13, "count_Gymnosperms": 2, "count_Basidiomycota": 17, "count_Molluscs": 38, "count_Sac Fungi": 24, "count_Mosses": 6, "unique_species_count": 368.0, "countryCode": "CL" }, "geometry": { "type": "MultiPolygon", "coordinates": [ [ [ [ -69.487458732666653, -53.8060291612762 ], [ -70.184693482825139, -54.143109617215899 ], [ -70.983820127817552, -54.015527410935164 ], [ -71.07114002092105, -53.553776308886938 ], [ -70.375404957946216, -53.21894917316444 ], [ -69.590705586622647, -53.34370142925917 ], [ -69.487458732666653, -53.8060291612762 ] ] ] ] } },
{ "type": "Feature", "properties": { "geogrid_id": "7453684476075658890", "seqnum": 41978.0, "lat_c": -53.684475850564745, "lon_c": -75.658889671185122, "res": 8.0, "count_Insects": 0, "count_Flowering Plants": 0, "count_Ferns": 0, "count_Reptiles": 0, "count_Mammals": 0, "count_Amphibians": 0, "count_Birds": 1, "count_Arachnids": 0, "count_Gymnosperms": 0, "count_Basidiomycota": 0, "count_Molluscs": 0, "count_Sac Fungi": 0, "count_Mosses": 0, "unique_species_count": 1.0, "countryCode": "CL" }, "geometry": { "type": "MultiPolygon", "coordinates": [ [ [ [ -74.875317090500644, -53.816905304525633 ], [ -75.623303499285996, -54.14319881116306 ], [ -76.411638469930253, -54.011740749675219 ], [ -76.43817907853942, -53.553484285560621 ], [ -75.693592325207447, -53.225585968144962 ], [ -74.918932865495947, -53.357528213894163 ], [ -74.875317090500644, -53.816905304525633 ] ] ] ] } },
{ "type": "Feature", "properties": { "geogrid_id": "7453885991071778970", "seqnum": 42062.0, "lat_c": -53.885990780496847, "lon_c": -71.778970054578267, "res": 8.0, "count_Insects": 8, "count_Flowering Plants": 26, "count_Ferns": 1, "count_Reptiles": 0, "count_Mammals": 5, "count_Amphibians": 1, "count_Birds": 25, "count_Arachnids": 5, "count_Gymnosperms": 1, "count_Basidiomycota": 4, "count_Molluscs": 62, "count_Sac Fungi": 31, "count_Mosses": 2, "unique_species_count": 171.0, "countryCode": "CL" }, "geometry": { "type": "MultiPolygon", "coordinates": [ [ [ [ -70.983820127817552, -54.015527410935164 ], [ -71.698810363256086, -54.347327563362498 ], [ -72.499202807853933, -54.215812367496426 ], [ -72.570095162285853, -53.754926524249662 ], [ -71.857165305573616, -53.424617769831791 ], [ -71.07114002092105, -53.553776308886938 ], [ -70.983820127817552, -54.015527410935164 ] ] ] ] } },
{ "type": "Feature", "properties": { "geogrid_id": "7454047837067888666", "seqnum": 42146.0, "lat_c": -54.047836644909893, "lon_c": -67.888666236056764, "res": 8.0, "count_Insects": 1, "count_Flowering Plants": 0, "count_Ferns": 0, "count_Reptiles": 0, "count_Mammals": 1, "count_Amphibians": 0, "count_Birds": 0, "count_Arachnids": 0, "count_Gymnosperms": 0, "count_Basidiomycota": 0, "count_Molluscs": 0, "count_Sac Fungi": 0, "count_Mosses": 0, "unique_species_count": 2.0, "countryCode": "CL" }, "geometry": { "type": "MultiPolygon", "coordinates": [ [ [ [ -67.083782656325738, -54.164051095704579 ], [ -67.764049788465002, -54.51042435241957 ], [ -68.574740318927823, -54.390895138641916 ], [ -68.689917643209782, -53.928399904920354 ], [ -68.010261518652953, -53.585256751077331 ], [ -67.21465866570091, -53.701467599111531 ], [ -67.083782656325738, -54.164051095704579 ] ] ] ] } },
{ "type": "Feature", "properties": { "geogrid_id": "7454083203073295442", "seqnum": 42061.0, "lat_c": -54.083202585915863, "lon_c": -73.295442108295376, "res": 8.0, "count_Insects": 0, "count_Flowering Plants": 2, "count_Ferns": 0, "count_Reptiles": 0, "count_Mammals": 1, "count_Amphibians": 0, "count_Birds": 0, "count_Arachnids": 0, "count_Gymnosperms": 0, "count_Basidiomycota": 0, "count_Molluscs": 0, "count_Sac Fungi": 2, "count_Mosses": 0, "unique_species_count": 5.0, "countryCode": "CL" }, "geometry": { "type": "MultiPolygon", "coordinates": [ [ [ [ -72.499202807853933, -54.215812367496426 ], [ -73.232162155326733, -54.54353109449719 ], [ -74.03353377769777, -54.409822168007445 ], [ -74.087491145906228, -53.950034991737525 ], [ -73.357153937414253, -53.622805368292234 ], [ -72.570095162285853, -53.754926524249662 ], [ -72.499202807853933, -54.215812367496426 ] ] ] ] } },
{ "type": "Feature", "properties": { "geogrid_id": "7454092797078750000", "seqnum": 41976.0, "lat_c": -54.09279712250958, "lon_c": -78.749999998994909, "res": 8.0, "count_Insects": 0, "count_Flowering Plants": 0, "count_Ferns": 0, "count_Reptiles": 0, "count_Mammals": 1, "count_Amphibians": 0, "count_Birds": 1, "count_Arachnids": 0, "count_Gymnosperms": 0, "count_Basidiomycota": 0, "count_Molluscs": 0, "count_Sac Fungi": 0, "count_Mosses": 0, "unique_species_count": 2.0, "countryCode": "CL" }, "geometry": { "type": "MultiPolygon", "coordinates": [ [ [ [ -77.966065083745477, -54.214248374313094 ], [ -78.749999999025505, -54.549900893380588 ], [ -79.533934913271693, -54.214248374305697 ], [ -79.524967134081351, -53.756844683363653 ], [ -78.749999998965109, -53.63545313831645 ], [ -77.97503286285702, -53.756844683349904 ], [ -77.966065083745477, -54.214248374313094 ] ] ] ] } },
{ "type": "Feature", "properties": { "geogrid_id": "7454268350069381646", "seqnum": 42145.0, "lat_c": -54.268349755137478, "lon_c": -69.381645659045773, "res": 8.0, "count_Insects": 9, "count_Flowering Plants": 80, "count_Ferns": 5, "count_Reptiles": 0, "count_Mammals": 10, "count_Amphibians": 0, "count_Birds": 40, "count_Arachnids": 9, "count_Gymnosperms": 0, "count_Basidiomycota": 13, "count_Molluscs": 12, "count_Sac Fungi": 5, "count_Mosses": 3, "unique_species_count": 186.0, "countryCode": "CL" }, "geometry": { "type": "MultiPolygon", "coordinates": [ [ [ [ -68.574740318927823, -54.390895138641916 ], [ -69.273177703513895, -54.730686672285159 ], [ -70.085744215398847, -54.605182343182797 ], [ -70.184693482825139, -54.143109617215899 ], [ -69.487458732666653, -53.8060291612762 ], [ -68.689917643209782, -53.928399904920354 ], [ -68.574740318927823, -54.390895138641916 ] ] ] ] } },
{ "type": "Feature", "properties": { "geogrid_id": "7454276149074830591", "seqnum": 42060.0, "lat_c": -54.27614878302181, "lon_c": -74.830591412339714, "res": 8.0, "count_Insects": 0, "count_Flowering Plants": 0, "count_Ferns": 0, "count_Reptiles": 0, "count_Mammals": 1, "count_Amphibians": 0, "count_Birds": 0, "count_Arachnids": 0, "count_Gymnosperms": 0, "count_Basidiomycota": 0, "count_Molluscs": 0, "count_Sac Fungi": 0, "count_Mosses": 0, "unique_species_count": 1.0, "countryCode": "CL" }, "geometry": { "type": "MultiPolygon", "coordinates": [ [ [ [ -74.03353377769777, -54.409822168007445 ], [ -74.784715047516471, -54.735275561114825 ], [ -75.586801035267584, -54.601769391693637 ], [ -75.623303499285996, -54.14319881116306 ], [ -74.875317090500644, -53.816905304525633 ], [ -74.087491145906228, -53.950034991737525 ], [ -74.03353377769777, -54.409822168007445 ] ] ] ] } },
{ "type": "Feature", "properties": { "geogrid_id": "7454469811076384414", "seqnum": 42059.0, "lat_c": -54.469810845601302, "lon_c": -76.3844141709898, "res": 8.0, "count_Insects": 0, "count_Flowering Plants": 0, "count_Ferns": 0, "count_Reptiles": 0, "count_Mammals": 0, "count_Amphibians": 0, "count_Birds": 1, "count_Arachnids": 0, "count_Gymnosperms": 0, "count_Basidiomycota": 0, "count_Molluscs": 0, "count_Sac Fungi": 0, "count_Mosses": 0, "unique_species_count": 1.0, "countryCode": "CL" }, "geometry": { "type": "MultiPolygon", "coordinates": [ [ [ [ -75.586801035267584, -54.601769391693637 ], [ -76.356480330792962, -54.9277072194906 ], [ -77.159002183586622, -54.797759040437001 ], [ -77.177517212801362, -54.340299762190462 ], [ -76.411638469930253, -54.011740749675219 ], [ -75.623303499285996, -54.14319881116306 ], [ -75.586801035267584, -54.601769391693637 ] ] ] ] } },
{ "type": "Feature", "properties": { "geogrid_id": "7454477264070894308", "seqnum": 42144.0, "lat_c": -54.477263626301394, "lon_c": -70.894307601271194, "res": 8.0, "count_Insects": 0, "count_Flowering Plants": 25, "count_Ferns": 0, "count_Reptiles": 0, "count_Mammals": 6, "count_Amphibians": 0, "count_Birds": 30, "count_Arachnids": 0, "count_Gymnosperms": 1, "count_Basidiomycota": 1, "count_Molluscs": 15, "count_Sac Fungi": 2, "count_Mosses": 7, "unique_species_count": 87.0, "countryCode": "CL" }, "geometry": { "type": "MultiPolygon", "coordinates": [ [ [ [ -70.085744215398847, -54.605182343182797 ], [ -70.802525594581155, -54.939008664239985 ], [ -71.616616910993642, -54.808650875276669 ], [ -71.698810363256086, -54.347327563362498 ], [ -70.983820127817552, -54.015527410935164 ], [ -70.184693482825139, -54.143109617215899 ], [ -70.085744215398847, -54.605182343182797 ] ] ] ] } },
{ "type": "Feature", "properties": { "geogrid_id": "7454626644066949655", "seqnum": 42228.0, "lat_c": -54.626644011909796, "lon_c": -66.949655472932463, "res": 8.0, "count_Insects": 46, "count_Flowering Plants": 106, "count_Ferns": 3, "count_Reptiles": 0, "count_Mammals": 10, "count_Amphibians": 0, "count_Birds": 85, "count_Arachnids": 5, "count_Gymnosperms": 1, "count_Basidiomycota": 12, "count_Molluscs": 50, "count_Sac Fungi": 20, "count_Mosses": 20, "unique_species_count": 358.0, "countryCode": "CL" }, "geometry": { "type": "MultiPolygon", "coordinates": [ [ [ [ -66.131648163488165, -54.739285916548553 ], [ -66.812166089211203, -55.089269382060877 ], [ -67.63630865084653, -54.973043285492068 ], [ -67.764049788465002, -54.51042435241957 ], [ -67.083782656325738, -54.164051095704579 ], [ -66.27535394103117, -54.276779196667235 ], [ -66.131648163488165, -54.739285916548553 ] ] ] ] } },
{ "type": "Feature", "properties": { "geogrid_id": "7454676659072426510", "seqnum": 42143.0, "lat_c": -54.676658726752393, "lon_c": -72.426510462087151, "res": 8.0, "count_Insects": 0, "count_Flowering Plants": 5, "count_Ferns": 0, "count_Reptiles": 0, "count_Mammals": 1, "count_Amphibians": 0, "count_Birds": 13, "count_Arachnids": 0, "count_Gymnosperms": 0, "count_Basidiomycota": 0, "count_Molluscs": 4, "count_Sac Fungi": 2, "count_Mosses": 3, "unique_species_count": 28.0, "countryCode": "CL" }, "geometry": { "type": "MultiPolygon", "coordinates": [ [ [ [ -71.616616910993642, -54.808650875276669 ], [ -72.35195383640766, -55.137488362960987 ], [ -73.167257559220872, -55.003811990845932 ], [ -73.232162155326733, -54.54353109449719 ], [ -72.499202807853933, -54.215812367496426 ], [ -71.698810363256086, -54.347327563362498 ], [ -71.616616910993642, -54.808650875276669 ] ] ] ] } },
{ "type": "Feature", "properties": { "geogrid_id": "7454853416068456674", "seqnum": 42227.0, "lat_c": -54.853416221036355, "lon_c": -68.456674117361402, "res": 8.0, "count_Insects": 43, "count_Flowering Plants": 148, "count_Ferns": 7, "count_Reptiles": 0, "count_Mammals": 16, "count_Amphibians": 0, "count_Birds": 68, "count_Arachnids": 10, "count_Gymnosperms": 0, "count_Basidiomycota": 22, "count_Molluscs": 57, "count_Sac Fungi": 40, "count_Mosses": 40, "unique_species_count": 451.0, "countryCode": "CL" }, "geometry": { "type": "MultiPolygon", "coordinates": [ [ [ [ -67.63630865084653, -54.973043285492068 ], [ -68.335619440801565, -55.31598792207123 ], [ -69.161962893338014, -55.193064616157294 ], [ -69.273177703513895, -54.730686672285159 ], [ -68.574740318927823, -54.390895138641916 ], [ -67.764049788465002, -54.51042435241957 ], [ -67.63630865084653, -54.973043285492068 ] ] ] ] } },
{ "type": "Feature", "properties": { "geogrid_id": "7454869528073978190", "seqnum": 42142.0, "lat_c": -54.869528052313356, "lon_c": -73.978189610379744, "res": 8.0, "count_Insects": 0, "count_Flowering Plants": 0, "count_Ferns": 0, "count_Reptiles": 0, "count_Mammals": 0, "count_Amphibians": 0, "count_Birds": 1, "count_Arachnids": 0, "count_Gymnosperms": 0, "count_Basidiomycota": 0, "count_Molluscs": 0, "count_Sac Fungi": 0, "count_Mosses": 0, "unique_species_count": 1.0, "countryCode": "CL" }, "geometry": { "type": "MultiPolygon", "coordinates": [ [ [ [ -73.167257559220872, -55.003811990845932 ], [ -73.92140787069998, -55.329172920518907 ], [ -74.737645392878662, -55.194303503876128 ], [ -74.784715047516471, -54.735275561114825 ], [ -74.03353377769777, -54.409822168007445 ], [ -73.232162155326733, -54.54353109449719 ], [ -73.167257559220872, -55.003811990845932 ] ] ] ] } },
{ "type": "Feature", "properties": { "geogrid_id": "7455067282069984288", "seqnum": 42226.0, "lat_c": -55.067282127197224, "lon_c": -69.984287770044503, "res": 8.0, "count_Insects": 1, "count_Flowering Plants": 24, "count_Ferns": 1, "count_Reptiles": 0, "count_Mammals": 5, "count_Amphibians": 0, "count_Birds": 27, "count_Arachnids": 0, "count_Gymnosperms": 0, "count_Basidiomycota": 0, "count_Molluscs": 12, "count_Sac Fungi": 6, "count_Mosses": 4, "unique_species_count": 80.0, "countryCode": "CL" }, "geometry": { "type": "MultiPolygon", "coordinates": [ [ [ [ -69.161962893338014, -55.193064616157294 ], [ -69.880236638562621, -55.529434705885407 ], [ -70.708394348664712, -55.40078760760715 ], [ -70.802525594581155, -54.939008664239985 ], [ -70.085744215398847, -54.605182343182797 ], [ -69.273177703513895, -54.730686672285159 ], [ -69.161962893338014, -55.193064616157294 ] ] ] ] } },
{ "type": "Feature", "properties": { "geogrid_id": "7455201822065984341", "seqnum": 42310.0, "lat_c": -55.201822210276326, "lon_c": -65.98434113720549, "res": 8.0, "count_Insects": 0, "count_Flowering Plants": 0, "count_Ferns": 0, "count_Reptiles": 0, "count_Mammals": 8, "count_Amphibians": 0, "count_Birds": 18, "count_Arachnids": 0, "count_Gymnosperms": 0, "count_Basidiomycota": 0, "count_Molluscs": 7, "count_Sac Fungi": 0, "count_Mosses": 0, "unique_species_count": 33.0, "countryCode": "CL" }, "geometry": { "type": "MultiPolygon", "coordinates": [ [ [ [ -65.152938641100818, -55.310452992834016 ], [ -65.833310084788053, -55.664411543983725 ], [ -66.671199504083717, -55.551951337468836 ], [ -66.812166089211203, -55.089269382060877 ], [ -66.131648163488165, -54.739285916548553 ], [ -65.310128247545848, -54.848104548469479 ], [ -65.152938641100818, -55.310452992834016 ] ] ] ] } },
{ "type": "Feature", "properties": { "geogrid_id": "7455269985071532318", "seqnum": 42225.0, "lat_c": -55.269984808761031, "lon_c": -71.532317671089245, "res": 8.0, "count_Insects": 0, "count_Flowering Plants": 0, "count_Ferns": 0, "count_Reptiles": 0, "count_Mammals": 1, "count_Amphibians": 0, "count_Birds": 1, "count_Arachnids": 0, "count_Gymnosperms": 0, "count_Basidiomycota": 0, "count_Molluscs": 0, "count_Sac Fungi": 0, "count_Mosses": 0, "unique_species_count": 2.0, "countryCode": "CL" }, "geometry": { "type": "MultiPolygon", "coordinates": [ [ [ [ -70.708394348664712, -55.40078760760715 ], [ -71.445837891800068, -55.731354943059515 ], [ -72.275466115386592, -55.598325451455956 ], [ -72.35195383640766, -55.137488362960987 ], [ -71.616616910993642, -54.808650875276669 ], [ -70.802525594581155, -54.939008664239985 ], [ -70.708394348664712, -55.40078760760715 ] ] ] ] } },
{ "type": "Feature", "properties": { "geogrid_id": "7455435718067505336", "seqnum": 42309.0, "lat_c": -55.435718016796038, "lon_c": -67.505335549801984, "res": 8.0, "count_Insects": 17, "count_Flowering Plants": 38, "count_Ferns": 3, "count_Reptiles": 0, "count_Mammals": 4, "count_Amphibians": 0, "count_Birds": 16, "count_Arachnids": 1, "count_Gymnosperms": 0, "count_Basidiomycota": 1, "count_Molluscs": 11, "count_Sac Fungi": 8, "count_Mosses": 14, "unique_species_count": 113.0, "countryCode": "CL" }, "geometry": { "type": "MultiPolygon", "coordinates": [ [ [ [ -66.671199504083717, -55.551951337468836 ], [ -67.371019471583665, -55.898474384117861 ], [ -68.211473164410876, -55.778636335461364 ], [ -68.335619440801565, -55.31598792207123 ], [ -67.63630865084653, -54.973043285492068 ], [ -66.812166089211203, -55.089269382060877 ], [ -66.671199504083717, -55.551951337468836 ] ] ] ] } },
{ "type": "Feature", "properties": { "geogrid_id": "7455463418078750000", "seqnum": 42139.0, "lat_c": -55.463418322155562, "lon_c": -78.749999999089169, "res": 8.0, "count_Insects": 0, "count_Flowering Plants": 0, "count_Ferns": 0, "count_Reptiles": 0, "count_Mammals": 0, "count_Amphibians": 0, "count_Birds": 1, "count_Arachnids": 0, "count_Gymnosperms": 0, "count_Basidiomycota": 0, "count_Molluscs": 0, "count_Sac Fungi": 0, "count_Mosses": 0, "unique_species_count": 1.0, "countryCode": "CL" }, "geometry": { "type": "MultiPolygon", "coordinates": [ [ [ [ -77.937723581056133, -55.585115707812797 ], [ -78.749999999122295, -55.919847159278511 ], [ -79.562276416209585, -55.58511570774283 ], [ -79.552580253575428, -55.128375366687578 ], [ -78.749999999056911, -55.006772091227965 ], [ -77.947419743605323, -55.128375366736833 ], [ -77.937723581056133, -55.585115707812797 ] ] ] ] } },
{ "type": "Feature", "properties": { "geogrid_id": "7455464068073100669", "seqnum": 42224.0, "lat_c": -55.464067673535219, "lon_c": -73.100669486355997, "res": 8.0, "count_Insects": 0, "count_Flowering Plants": 0, "count_Ferns": 0, "count_Reptiles": 0, "count_Mammals": 0, "count_Amphibians": 0, "count_Birds": 3, "count_Arachnids": 0, "count_Gymnosperms": 0, "count_Basidiomycota": 0, "count_Molluscs": 0, "count_Sac Fungi": 0, "count_Mosses": 0, "unique_species_count": 3.0, "countryCode": "CL" }, "geometry": { "type": "MultiPolygon", "coordinates": [ [ [ [ -72.275466115386592, -55.598325451455956 ], [ -73.032336757895123, -55.924322006713616 ], [ -73.86313565694536, -55.788778347624849 ], [ -73.92140787069998, -55.329172920518907 ], [ -73.167257559220872, -55.003811990845932 ], [ -72.35195383640766, -55.137488362960987 ], [ -72.275466115386592, -55.598325451455956 ] ] ] ] } },
{ "type": "Feature", "properties": { "geogrid_id": "7455655510069047906", "seqnum": 42308.0, "lat_c": -55.655509654041289, "lon_c": -69.047905936183142, "res": 8.0, "count_Insects": 0, "count_Flowering Plants": 0, "count_Ferns": 0, "count_Reptiles": 4, "count_Mammals": 1, "count_Amphibians": 0, "count_Birds": 3, "count_Arachnids": 0, "count_Gymnosperms": 0, "count_Basidiomycota": 0, "count_Molluscs": 0, "count_Sac Fungi": 0, "count_Mosses": 12, "unique_species_count": 20.0, "countryCode": "CL" }, "geometry": { "type": "MultiPolygon", "coordinates": [ [ [ [ -68.211473164410876, -55.778636335461364 ], [ -68.930908248620725, -56.118049351381593 ], [ -69.773500210499321, -55.991667340130206 ], [ -69.880236638562621, -55.529434705885407 ], [ -69.161962893338014, -55.193064616157294 ], [ -68.335619440801565, -55.31598792207123 ], [ -68.211473164410876, -55.778636335461364 ] ] ] ] } },
{ "type": "Feature", "properties": { "geogrid_id": "7455772847064991777", "seqnum": 42392.0, "lat_c": -55.77284668894238, "lon_c": -64.99177680424657, "res": 8.0, "count_Insects": 0, "count_Flowering Plants": 0, "count_Ferns": 0, "count_Reptiles": 0, "count_Mammals": 1, "count_Amphibians": 0, "count_Birds": 0, "count_Arachnids": 0, "count_Gymnosperms": 0, "count_Basidiomycota": 0, "count_Molluscs": 0, "count_Sac Fungi": 0, "count_Mosses": 0, "unique_species_count": 1.0, "countryCode": "CL" }, "geometry": { "type": "MultiPolygon", "coordinates": [ [ [ [ -64.146720036528123, -55.877026747116325 ], [ -64.826507718302736, -56.235309244275527 ], [ -65.678428040285795, -56.127078489362042 ], [ -65.833310084788053, -55.664411543983725 ], [ -65.152938641100818, -55.310452992834016 ], [ -64.318073716735938, -55.414934145703263 ], [ -64.146720036528123, -55.877026747116325 ] ] ] ] } },
{ "type": "Feature", "properties": { "geogrid_id": "7455843032076298374", "seqnum": 42222.0, "lat_c": -55.843032252256066, "lon_c": -76.298374300395579, "res": 8.0, "count_Insects": 0, "count_Flowering Plants": 0, "count_Ferns": 0, "count_Reptiles": 0, "count_Mammals": 1, "count_Amphibians": 0, "count_Birds": 0, "count_Arachnids": 0, "count_Gymnosperms": 0, "count_Basidiomycota": 0, "count_Molluscs": 0, "count_Sac Fungi": 0, "count_Mosses": 0, "unique_species_count": 1.0, "countryCode": "CL" }, "geometry": { "type": "MultiPolygon", "coordinates": [ [ [ [ -75.471444896411953, -55.97672381965252 ], [ -76.268143904820249, -56.300489352569734 ], [ -77.100448793590871, -56.169008978997525 ], [ -77.120487520073908, -55.7121025923838 ], [ -76.32780984601996, -55.385443073010606 ], [ -75.51090844598032, -55.518515316546733 ], [ -75.471444896411953, -55.97672381965252 ] ] ] ] } },
{ "type": "Feature", "properties": { "geogrid_id": "7455862627070611831", "seqnum": 42307.0, "lat_c": -55.862627061215981, "lon_c": -70.611831189385981, "res": 8.0, "count_Insects": 0, "count_Flowering Plants": 0, "count_Ferns": 0, "count_Reptiles": 0, "count_Mammals": 2, "count_Amphibians": 0, "count_Birds": 1, "count_Arachnids": 0, "count_Gymnosperms": 0, "count_Basidiomycota": 0, "count_Molluscs": 0, "count_Sac Fungi": 0, "count_Mosses": 0, "unique_species_count": 3.0, "countryCode": "CL" }, "geometry": { "type": "MultiPolygon", "coordinates": [ [ [ [ -69.773500210499321, -55.991667340130206 ], [ -70.51275056205759, -56.324555317608926 ], [ -71.357100107991201, -56.19278851406834 ], [ -71.445837891800068, -55.731354943059515 ], [ -70.708394348664712, -55.40078760760715 ], [ -69.880236638562621, -55.529434705885407 ], [ -69.773500210499321, -55.991667340130206 ] ] ] ] } },
{ "type": "Feature", "properties": { "geogrid_id": "7456014715066526637", "seqnum": 42391.0, "lat_c": -56.014715200811438, "lon_c": -66.526636755859641, "res": 8.0, "count_Insects": 4, "count_Flowering Plants": 24, "count_Ferns": 0, "count_Reptiles": 0, "count_Mammals": 12, "count_Amphibians": 0, "count_Birds": 44, "count_Arachnids": 0, "count_Gymnosperms": 0, "count_Basidiomycota": 0, "count_Molluscs": 21, "count_Sac Fungi": 0, "count_Mosses": 2, "unique_species_count": 107.0, "countryCode": "CL" }, "geometry": { "type": "MultiPolygon", "coordinates": [ [ [ [ -65.678428040285795, -56.127078489362042 ], [ -66.37835498534389, -56.477587588129133 ], [ -67.233245715792023, -56.36133960386195 ], [ -67.371019471583665, -55.898474384117861 ], [ -66.671199504083717, -55.551951337468836 ], [ -65.833310084788053, -55.664411543983725 ], [ -65.678428040285795, -56.127078489362042 ] ] ] ] } },
{ "type": "Feature", "properties": { "geogrid_id": "7456059196072196978", "seqnum": 42306.0, "lat_c": -56.059195751575217, "lon_c": -72.196977946143818, "res": 8.0, "count_Insects": 0, "count_Flowering Plants": 0, "count_Ferns": 0, "count_Reptiles": 0, "count_Mammals": 1, "count_Amphibians": 0, "count_Birds": 0, "count_Arachnids": 0, "count_Gymnosperms": 0, "count_Basidiomycota": 0, "count_Molluscs": 0, "count_Sac Fungi": 0, "count_Mosses": 0, "unique_species_count": 1.0, "countryCode": "CL" }, "geometry": { "type": "MultiPolygon", "coordinates": [ [ [ [ -71.357100107991201, -56.19278851406834 ], [ -72.116417460197255, -56.520126799116035 ], [ -72.96219584298251, -56.384600507302203 ], [ -73.032336757895123, -55.924322006713616 ], [ -72.275466115386592, -55.598325451455956 ], [ -71.445837891800068, -55.731354943059515 ], [ -71.357100107991201, -56.19278851406834 ] ] ] ] } },
{ "type": "Feature", "properties": { "geogrid_id": "7456241389068084129", "seqnum": 42390.0, "lat_c": -56.241389003105489, "lon_c": -68.084128678300331, "res": 8.0, "count_Insects": 1, "count_Flowering Plants": 0, "count_Ferns": 0, "count_Reptiles": 0, "count_Mammals": 2, "count_Amphibians": 0, "count_Birds": 12, "count_Arachnids": 0, "count_Gymnosperms": 0, "count_Basidiomycota": 0, "count_Molluscs": 50, "count_Sac Fungi": 5, "count_Mosses": 0, "unique_species_count": 70.0, "countryCode": "CL" }, "geometry": { "type": "MultiPolygon", "coordinates": [ [ [ [ -67.233245715792023, -56.36133960386195 ], [ -67.953475984033588, -56.704275051243641 ], [ -68.810868033844613, -56.580712919787388 ], [ -68.930908248620725, -56.118049351381593 ], [ -68.211473164410876, -55.778636335461364 ], [ -67.371019471583665, -55.898474384117861 ], [ -67.233245715792023, -56.36133960386195 ] ] ] ] } },
{ "type": "Feature", "properties": { "geogrid_id": "7456248367073803318", "seqnum": 42305.0, "lat_c": -56.248367382278715, "lon_c": -73.803317907465939, "res": 8.0, "count_Insects": 0, "count_Flowering Plants": 0, "count_Ferns": 0, "count_Reptiles": 0, "count_Mammals": 0, "count_Amphibians": 0, "count_Birds": 1, "count_Arachnids": 0, "count_Gymnosperms": 0, "count_Basidiomycota": 0, "count_Molluscs": 0, "count_Sac Fungi": 0, "count_Mosses": 0, "unique_species_count": 1.0, "countryCode": "CL" }, "geometry": { "type": "MultiPolygon", "coordinates": [ [ [ [ -72.96219584298251, -56.384600507302203 ], [ -73.741897391977005, -56.707964748187791 ], [ -74.588822189869873, -56.570990206771413 ], [ -74.63974635749581, -56.112139927018582 ], [ -73.86313565694536, -55.788778347624849 ], [ -73.032336757895123, -55.924322006713616 ], [ -72.96219584298251, -56.384600507302203 ] ] ] ] } },
{ "type": "Feature", "properties": { "geogrid_id": "7456454009069663985", "seqnum": 42389.0, "lat_c": -56.454008973224163, "lon_c": -69.663984829969678, "res": 8.0, "count_Insects": 0, "count_Flowering Plants": 0, "count_Ferns": 0, "count_Reptiles": 0, "count_Mammals": 1, "count_Amphibians": 0, "count_Birds": 8, "count_Arachnids": 0, "count_Gymnosperms": 0, "count_Basidiomycota": 0, "count_Molluscs": 0, "count_Sac Fungi": 0, "count_Mosses": 0, "unique_species_count": 9.0, "countryCode": "CL" }, "geometry": { "type": "MultiPolygon", "coordinates": [ [ [ [ -68.810868033844613, -56.580712919787388 ], [ -69.551593909325348, -56.916490406402595 ], [ -70.411064115043715, -56.786602542431702 ], [ -70.51275056205759, -56.324555317608926 ], [ -69.773500210499321, -55.991667340130206 ], [ -68.930908248620725, -56.118049351381593 ], [ -68.810868033844613, -56.580712919787388 ] ] ] ] } },
{ "type": "Feature", "properties": { "geogrid_id": "7456589849065519564", "seqnum": 42473.0, "lat_c": -56.589848813983551, "lon_c": -65.519563919372857, "res": 8.0, "count_Insects": 0, "count_Flowering Plants": 0, "count_Ferns": 0, "count_Reptiles": 0, "count_Mammals": 1, "count_Amphibians": 0, "count_Birds": 3, "count_Arachnids": 0, "count_Gymnosperms": 0, "count_Basidiomycota": 0, "count_Molluscs": 0, "count_Sac Fungi": 0, "count_Mosses": 0, "unique_species_count": 4.0, "countryCode": "CL" }, "geometry": { "type": "MultiPolygon", "coordinates": [ [ [ [ -64.656992015324875, -56.697865355494635 ], [ -65.356582655763305, -57.052749577962089 ], [ -66.226227561903173, -56.940596518805457 ], [ -66.37835498534389, -56.477587588129133 ], [ -65.678428040285795, -56.127078489362042 ], [ -64.826507718302736, -56.235309244275527 ], [ -64.656992015324875, -56.697865355494635 ] ] ] ] } },
{ "type": "Feature", "properties": { "geogrid_id": "7456824342067091896", "seqnum": 42472.0, "lat_c": -56.824342394344669, "lon_c": -67.091896008093713, "res": 8.0, "count_Insects": 0, "count_Flowering Plants": 0, "count_Ferns": 0, "count_Reptiles": 0, "count_Mammals": 1, "count_Amphibians": 0, "count_Birds": 1, "count_Arachnids": 0, "count_Gymnosperms": 0, "count_Basidiomycota": 0, "count_Molluscs": 0, "count_Sac Fungi": 0, "count_Mosses": 0, "unique_species_count": 2.0, "countryCode": "CL" }, "geometry": { "type": "MultiPolygon", "coordinates": [ [ [ [ -66.226227561903173, -56.940596518805457 ], [ -66.94684868879672, -57.287513109458992 ], [ -67.819401861442415, -57.167325339256358 ], [ -67.953475984033588, -56.704275051243641 ], [ -67.233245715792023, -56.36133960386195 ], [ -66.37835498534389, -56.477587588129133 ], [ -66.226227561903173, -56.940596518805457 ] ] ] ] } },
{ "type": "Feature", "properties": { "geogrid_id": "7457043531068687680", "seqnum": 42471.0, "lat_c": -57.043531380053317, "lon_c": -68.687680423338392, "res": 8.0, "count_Insects": 0, "count_Flowering Plants": 0, "count_Ferns": 0, "count_Reptiles": 0, "count_Mammals": 1, "count_Amphibians": 0, "count_Birds": 8, "count_Arachnids": 0, "count_Gymnosperms": 0, "count_Basidiomycota": 0, "count_Molluscs": 0, "count_Sac Fungi": 0, "count_Mosses": 0, "unique_species_count": 9.0, "countryCode": "CL" }, "geometry": { "type": "MultiPolygon", "coordinates": [ [ [ [ -67.819401861442415, -57.167325339256358 ], [ -68.561237701291773, -57.506537741546772 ], [ -69.436228116864626, -57.379144493633298 ], [ -69.551593909325348, -56.916490406402595 ], [ -68.810868033844613, -56.580712919787388 ], [ -67.953475984033588, -56.704275051243641 ], [ -67.819401861442415, -57.167325339256358 ] ] ] ] } },
{ "type": "Feature", "properties": { "geogrid_id": "7457248801070306681", "seqnum": 42470.0, "lat_c": -57.248800981838095, "lon_c": -70.306680847836063, "res": 8.0, "count_Insects": 0, "count_Flowering Plants": 0, "count_Ferns": 0, "count_Reptiles": 0, "count_Mammals": 0, "count_Amphibians": 0, "count_Birds": 8, "count_Arachnids": 0, "count_Gymnosperms": 0, "count_Basidiomycota": 0, "count_Molluscs": 0, "count_Sac Fungi": 0, "count_Mosses": 0, "unique_species_count": 8.0, "countryCode": "CL" }, "geometry": { "type": "MultiPolygon", "coordinates": [ [ [ [ -69.436228116864626, -57.379144493633298 ], [ -70.19950734345511, -57.711185194604653 ], [ -71.076524877575608, -57.577771250733505 ], [ -71.17252746879781, -57.115964366091177 ], [ -70.411064115043715, -56.786602542431702 ], [ -69.551593909325348, -56.916490406402595 ], [ -69.436228116864626, -57.379144493633298 ] ] ] ] } },
{ "type": "Feature", "properties": { "geogrid_id": "7457630573067681790", "seqnum": 42553.0, "lat_c": -57.630572621988584, "lon_c": -67.681790125908506, "res": 8.0, "count_Insects": 0, "count_Flowering Plants": 0, "count_Ferns": 0, "count_Reptiles": 0, "count_Mammals": 0, "count_Amphibians": 0, "count_Birds": 6, "count_Arachnids": 0, "count_Gymnosperms": 0, "count_Basidiomycota": 0, "count_Molluscs": 0, "count_Sac Fungi": 0, "count_Mosses": 0, "unique_species_count": 6.0, "countryCode": "CL" }, "geometry": { "type": "MultiPolygon", "coordinates": [ [ [ [ -66.797978998553347, -57.750883883187733 ], [ -67.540522001737443, -58.094051726383832 ], [ -68.431429635780333, -57.969767199311939 ], [ -68.561237701291773, -57.506537741546772 ], [ -67.819401861442415, -57.167325339256358 ], [ -66.94684868879672, -57.287513109458992 ], [ -66.797978998553347, -57.750883883187733 ] ] ] ] } },
{ "type": "Feature", "properties": { "geogrid_id": "7457842006069317786", "seqnum": 42552.0, "lat_c": -57.842006357652778, "lon_c": -69.317785660671561, "res": 8.0, "count_Insects": 0, "count_Flowering Plants": 0, "count_Ferns": 0, "count_Reptiles": 0, "count_Mammals": 0, "count_Amphibians": 0, "count_Birds": 1, "count_Arachnids": 0, "count_Gymnosperms": 0, "count_Basidiomycota": 0, "count_Molluscs": 0, "count_Sac Fungi": 0, "count_Mosses": 0, "unique_species_count": 1.0, "countryCode": "CL" }, "geometry": { "type": "MultiPolygon", "coordinates": [ [ [ [ -68.431429635780333, -57.969767199311939 ], [ -69.196162697021492, -58.305113629308316 ], [ -70.08944811088611, -58.173792311875232 ], [ -70.19950734345511, -57.711185194604653 ], [ -69.436228116864626, -57.379144493633298 ], [ -68.561237701291773, -57.506537741546772 ], [ -68.431429635780333, -57.969767199311939 ] ] ] ] } },
{ "type": "Feature", "properties": { "geogrid_id": "7458039771070977929", "seqnum": 42551.0, "lat_c": -58.039771298502849, "lon_c": -70.977929261047265, "res": 8.0, "count_Insects": 0, "count_Flowering Plants": 0, "count_Ferns": 0, "count_Reptiles": 0, "count_Mammals": 1, "count_Amphibians": 0, "count_Birds": 5, "count_Arachnids": 0, "count_Gymnosperms": 0, "count_Basidiomycota": 0, "count_Molluscs": 0, "count_Sac Fungi": 0, "count_Mosses": 0, "unique_species_count": 6.0, "countryCode": "CL" }, "geometry": { "type": "MultiPolygon", "coordinates": [ [ [ [ -70.08944811088611, -58.173792311875232 ], [ -70.876651753333917, -58.502003442688718 ], [ -71.771932388988006, -58.365084494100451 ], [ -71.861547484640511, -57.903591242313581 ], [ -71.076524877575608, -57.577771250733505 ], [ -70.19950734345511, -57.711185194604653 ], [ -70.08944811088611, -58.173792311875232 ] ] ] ] } },
{ "type": "Feature", "properties": { "geogrid_id": "7458214489066645159", "seqnum": 42635.0, "lat_c": -58.214488785275073, "lon_c": -66.645159488113549, "res": 8.0, "count_Insects": 0, "count_Flowering Plants": 0, "count_Ferns": 0, "count_Reptiles": 0, "count_Mammals": 0, "count_Amphibians": 0, "count_Birds": 1, "count_Arachnids": 0, "count_Gymnosperms": 0, "count_Basidiomycota": 0, "count_Molluscs": 0, "count_Sac Fungi": 0, "count_Mosses": 0, "unique_species_count": 1.0, "countryCode": "CL" }, "geometry": { "type": "MultiPolygon", "coordinates": [ [ [ [ -65.745453582240316, -58.33074635711781 ], [ -66.48826058627867, -58.678363988098681 ], [ -67.395476644281089, -58.557799743028895 ], [ -67.540522001737443, -58.094051726383832 ], [ -66.797978998553347, -57.750883883187733 ], [ -65.909911719009884, -57.867143822416217 ], [ -65.745453582240316, -58.33074635711781 ] ] ] ] } },
{ "type": "Feature", "properties": { "geogrid_id": "7458226537072662200", "seqnum": 42550.0, "lat_c": -58.226537311494504, "lon_c": -72.662200227196635, "res": 8.0, "count_Insects": 0, "count_Flowering Plants": 0, "count_Ferns": 0, "count_Reptiles": 0, "count_Mammals": 0, "count_Amphibians": 0, "count_Birds": 6, "count_Arachnids": 0, "count_Gymnosperms": 0, "count_Basidiomycota": 0, "count_Molluscs": 0, "count_Sac Fungi": 0, "count_Mosses": 0, "unique_species_count": 6.0, "countryCode": "CL" }, "geometry": { "type": "MultiPolygon", "coordinates": [ [ [ [ -71.771932388988006, -58.365084494100451 ], [ -72.581987908518812, -58.687394198896882 ], [ -73.478969792714238, -58.54700479280153 ], [ -73.547415217971775, -58.087084362967182 ], [ -72.740254268591087, -57.765865705311583 ], [ -71.861547484640511, -57.903591242313581 ], [ -71.771932388988006, -58.365084494100451 ] ] ] ] } },
{ "type": "Feature", "properties": { "geogrid_id": "7458433257068298144", "seqnum": 42634.0, "lat_c": -58.433257350167466, "lon_c": -68.298143947463927, "res": 8.0, "count_Insects": 0, "count_Flowering Plants": 0, "count_Ferns": 0, "count_Reptiles": 0, "count_Mammals": 0, "count_Amphibians": 0, "count_Birds": 1, "count_Arachnids": 0, "count_Gymnosperms": 0, "count_Basidiomycota": 0, "count_Molluscs": 0, "count_Sac Fungi": 0, "count_Mosses": 0, "unique_species_count": 1.0, "countryCode": "CL" }, "geometry": { "type": "MultiPolygon", "coordinates": [ [ [ [ -67.395476644281089, -58.557799743028895 ], [ -68.161266955306075, -58.897048428894031 ], [ -69.071253900080578, -58.768506712258912 ], [ -69.196162697021492, -58.305113629308316 ], [ -68.431429635780333, -57.969767199311939 ], [ -67.540522001737443, -58.094051726383832 ], [ -67.395476644281089, -58.557799743028895 ] ] ] ] } },
{ "type": "Feature", "properties": { "geogrid_id": "7458636662069976406", "seqnum": 42633.0, "lat_c": -58.636662327663032, "lon_c": -69.976406070953146, "res": 8.0, "count_Insects": 0, "count_Flowering Plants": 0, "count_Ferns": 0, "count_Reptiles": 0, "count_Mammals": 0, "count_Amphibians": 0, "count_Birds": 3, "count_Arachnids": 0, "count_Gymnosperms": 0, "count_Basidiomycota": 0, "count_Molluscs": 0, "count_Sac Fungi": 0, "count_Mosses": 0, "unique_species_count": 3.0, "countryCode": "CL" }, "geometry": { "type": "MultiPolygon", "coordinates": [ [ [ [ -69.071253900080578, -58.768506712258912 ], [ -69.860283229188781, -59.099838423374912 ], [ -70.772602340444521, -58.964509863042586 ], [ -70.876651753333917, -58.502003442688718 ], [ -70.08944811088611, -58.173792311875232 ], [ -69.196162697021492, -58.305113629308316 ], [ -69.071253900080578, -58.768506712258912 ] ] ] ] } },
{ "type": "Feature", "properties": { "geogrid_id": "7459232229068942953", "seqnum": 42715.0, "lat_c": -59.232229074957139, "lon_c": -68.942953240498056, "res": 8.0, "count_Insects": 0, "count_Flowering Plants": 0, "count_Ferns": 0, "count_Reptiles": 0, "count_Mammals": 0, "count_Amphibians": 0, "count_Birds": 4, "count_Arachnids": 0, "count_Gymnosperms": 0, "count_Basidiomycota": 0, "count_Molluscs": 0, "count_Sac Fungi": 0, "count_Mosses": 0, "unique_species_count": 4.0, "countryCode": "CL" }, "geometry": { "type": "MultiPolygon", "coordinates": [ [ [ [ -68.020684450214915, -59.361183565264682 ], [ -68.811155034818626, -59.696327571504845 ], [ -69.740981592736958, -59.563367329628775 ], [ -69.860283229188781, -59.099838423374912 ], [ -69.071253900080578, -58.768506712258912 ], [ -68.161266955306075, -58.897048428894031 ], [ -68.020684450214915, -59.361183565264682 ] ] ] ] } },
{ "type": "Feature", "properties": { "geogrid_id": "7459427336070665691", "seqnum": 42714.0, "lat_c": -59.427336383545523, "lon_c": -70.665690632774186, "res": 8.0, "count_Insects": 0, "count_Flowering Plants": 0, "count_Ferns": 0, "count_Reptiles": 0, "count_Mammals": 0, "count_Amphibians": 0, "count_Birds": 1, "count_Arachnids": 0, "count_Gymnosperms": 0, "count_Basidiomycota": 0, "count_Molluscs": 0, "count_Sac Fungi": 0, "count_Mosses": 0, "unique_species_count": 1.0, "countryCode": "CL" }, "geometry": { "type": "MultiPolygon", "coordinates": [ [ [ [ -69.740981592736958, -59.563367329628775 ], [ -70.555826919087238, -59.890532921394104 ], [ -71.487968553745134, -59.751147873248478 ], [ -71.585225610374962, -59.288816712578949 ], [ -70.772602340444521, -58.964509863042586 ], [ -69.860283229188781, -59.099838423374912 ], [ -69.740981592736958, -59.563367329628775 ] ] ] ] } },
{ "type": "Feature", "properties": { "geogrid_id": "7460027300069618404", "seqnum": 42796.0, "lat_c": -60.027299728416594, "lon_c": -69.61840440631947, "res": 8.0, "count_Insects": 0, "count_Flowering Plants": 0, "count_Ferns": 0, "count_Reptiles": 0, "count_Mammals": 0, "count_Amphibians": 0, "count_Birds": 1, "count_Arachnids": 0, "count_Gymnosperms": 0, "count_Basidiomycota": 0, "count_Molluscs": 0, "count_Sac Fungi": 0, "count_Mosses": 0, "unique_species_count": 1.0, "countryCode": "CL" }, "geometry": { "type": "MultiPolygon", "coordinates": [ [ [ [ -68.675755346630552, -60.160852792340371 ], [ -69.492457806465737, -60.491690698076916 ], [ -70.442923592297774, -60.354153992723333 ], [ -70.555826919087238, -59.890532921394104 ], [ -69.740981592736958, -59.563367329628775 ], [ -68.811155034818626, -59.696327571504845 ], [ -68.675755346630552, -60.160852792340371 ] ] ] ] } }
]
}
