{
"type": "FeatureCollection",
"name": "CN",
"crs": { "type": "name", "properties": { "name": "urn:ogc:def:crs:OGC:1.3:CRS84" } },
"features": [
{ "type": "Feature", "properties": { "geogrid_id": "-731717474101250000", "seqnum": 8750.0, "lat_c": 31.717474409685373, "lon_c": 101.25000000591228, "res": 7.0, "count_Flowering Plants": 25, "count_Insects": 2, "count_Sac Fungi": 0, "count_Reptiles": 0, "count_Molluscs": 0, "count_Birds": 7, "count_Ferns": 0, "count_Mammals": 2, "count_Arachnids": 0, "count_Amphibians": 1, "count_Basidiomycota": 0, "count_Mosses": 0, "count_Gymnosperms": 0, "unique_species_count": 37.0, "countryCode": "CN" }, "geometry": { "type": "MultiPolygon", "coordinates": [ [ [ [ 100.730827906332252, 32.320303330464931 ], [ 101.769172096960304, 32.320303328096664 ], [ 102.082458644940644, 31.48410745110586 ], [ 101.250000001304343, 30.971037805604428 ], [ 100.417541359755432, 31.484107455137625 ], [ 100.730827906332252, 32.320303330464931 ] ] ] ] } },
{ "type": "Feature", "properties": { "geogrid_id": "716485631112317248", "seqnum": 17871.0, "lat_c": 16.485630849017355, "lon_c": 112.31724780169577, "res": 7.0, "count_Flowering Plants": 1, "count_Insects": 0, "count_Sac Fungi": 0, "count_Reptiles": 0, "count_Molluscs": 68, "count_Birds": 19, "count_Ferns": 0, "count_Mammals": 0, "count_Arachnids": 0, "count_Amphibians": 0, "count_Basidiomycota": 0, "count_Mosses": 0, "count_Gymnosperms": 0, "unique_species_count": 88.0, "countryCode": "CN" }, "geometry": { "type": "MultiPolygon", "coordinates": [ [ [ [ 112.289101643085175, 17.402863751141368 ], [ 113.018690382166184, 17.135239510543578 ], [ 113.039318555567533, 16.224885457626787 ], [ 112.228556520343261, 15.750260113942931 ], [ 111.39580906288424, 16.184020012028828 ], [ 111.476880050202908, 16.926295484263992 ], [ 112.289101643085175, 17.402863751141368 ] ] ] ] } },
{ "type": "Feature", "properties": { "geogrid_id": "716611353110562950", "seqnum": 17817.0, "lat_c": 16.61135302115995, "lon_c": 110.56294960148321, "res": 7.0, "count_Flowering Plants": 0, "count_Insects": 0, "count_Sac Fungi": 0, "count_Reptiles": 1, "count_Molluscs": 0, "count_Birds": 1, "count_Ferns": 0, "count_Mammals": 0, "count_Arachnids": 0, "count_Amphibians": 0, "count_Basidiomycota": 0, "count_Mosses": 0, "count_Gymnosperms": 0, "unique_species_count": 2.0, "countryCode": "CN" }, "geometry": { "type": "MultiPolygon", "coordinates": [ [ [ [ 110.636707253931917, 17.359449637277475 ], [ 111.476880050202908, 16.926295484263992 ], [ 111.39580906288424, 16.184020012028828 ], [ 110.492701557011955, 15.85779943777375 ], [ 109.665758898951125, 16.275306999801767 ], [ 109.7292881034667, 17.033241240350261 ], [ 110.636707253931917, 17.359449637277475 ] ] ] ] } },
{ "type": "Feature", "properties": { "geogrid_id": "716688744108837261", "seqnum": 17763.0, "lat_c": 16.688743637672232, "lon_c": 108.83726108468682, "res": 7.0, "count_Flowering Plants": 0, "count_Insects": 0, "count_Sac Fungi": 0, "count_Reptiles": 0, "count_Molluscs": 0, "count_Birds": 6, "count_Ferns": 0, "count_Mammals": 0, "count_Arachnids": 0, "count_Amphibians": 0, "count_Basidiomycota": 0, "count_Mosses": 0, "count_Gymnosperms": 0, "unique_species_count": 6.0, "countryCode": "CN" }, "geometry": { "type": "MultiPolygon", "coordinates": [ [ [ [ 108.894242980221748, 17.450410162098645 ], [ 109.7292881034667, 17.033241240350261 ], [ 109.665758898951125, 16.275306999801767 ], [ 108.783067996466627, 15.92283288557848 ], [ 107.958647352954983, 16.329851082086336 ], [ 108.006755641217367, 17.098542151433321 ], [ 108.894242980221748, 17.450410162098645 ] ] ] ] } },
{ "type": "Feature", "properties": { "geogrid_id": "716859421113750307", "seqnum": 17926.0, "lat_c": 16.859420503420157, "lon_c": 113.75030657367307, "res": 7.0, "count_Flowering Plants": 0, "count_Insects": 0, "count_Sac Fungi": 0, "count_Reptiles": 1, "count_Molluscs": 0, "count_Birds": 0, "count_Ferns": 0, "count_Mammals": 0, "count_Arachnids": 0, "count_Amphibians": 0, "count_Basidiomycota": 0, "count_Mosses": 0, "count_Gymnosperms": 0, "unique_species_count": 1.0, "countryCode": "CN" }, "geometry": { "type": "MultiPolygon", "coordinates": [ [ [ [ 113.737242234007269, 17.759740459033896 ], [ 114.476428159056354, 17.470645913992087 ], [ 114.483658600521167, 16.575463585861726 ], [ 113.764099245730648, 15.955451546009241 ], [ 113.039318555567533, 16.224885457626787 ], [ 113.018690382166184, 17.135239510543578 ], [ 113.737242234007269, 17.759740459033896 ] ] ] ] } },
{ "type": "Feature", "properties": { "geogrid_id": "717662248111561828", "seqnum": 17845.0, "lat_c": 17.662248237114746, "lon_c": 111.56182843637492, "res": 7.0, "count_Flowering Plants": 0, "count_Insects": 0, "count_Sac Fungi": 0, "count_Reptiles": 1, "count_Molluscs": 0, "count_Birds": 1, "count_Ferns": 0, "count_Mammals": 0, "count_Arachnids": 0, "count_Amphibians": 0, "count_Basidiomycota": 0, "count_Mosses": 0, "count_Gymnosperms": 0, "unique_species_count": 2.0, "countryCode": "CN" }, "geometry": { "type": "MultiPolygon", "coordinates": [ [ [ [ 111.527740819839849, 18.580561184418954 ], [ 112.26263748777788, 18.314754720335596 ], [ 112.289101643085175, 17.402863751141368 ], [ 111.476880050202908, 16.926295484263992 ], [ 110.636707253931917, 17.359449637277475 ], [ 110.713984844583138, 18.101896461781244 ], [ 111.527740819839849, 18.580561184418954 ] ] ] ] } },
{ "type": "Feature", "properties": { "geogrid_id": "717786281109795971", "seqnum": 17790.0, "lat_c": 17.786280971115364, "lon_c": 109.79597130646333, "res": 7.0, "count_Flowering Plants": 168, "count_Insects": 310, "count_Sac Fungi": 0, "count_Reptiles": 26, "count_Molluscs": 97, "count_Birds": 130, "count_Ferns": 5, "count_Mammals": 8, "count_Arachnids": 23, "count_Amphibians": 12, "count_Basidiomycota": 1, "count_Mosses": 0, "count_Gymnosperms": 0, "unique_species_count": 780.0, "countryCode": "CN" }, "geometry": { "type": "MultiPolygon", "coordinates": [ [ [ [ 109.865825357806671, 18.534252542406662 ], [ 110.713984844583138, 18.101896461781244 ], [ 110.636707253931917, 17.359449637277475 ], [ 109.7292881034667, 17.033241240350261 ], [ 108.894242980221748, 17.450410162098645 ], [ 108.954033837825037, 18.207671108460275 ], [ 109.865825357806671, 18.534252542406662 ] ] ] ] } },
{ "type": "Feature", "properties": { "geogrid_id": "718041131112999225", "seqnum": 17899.0, "lat_c": 18.041130645756844, "lon_c": 112.9992247143937, "res": 7.0, "count_Flowering Plants": 0, "count_Insects": 0, "count_Sac Fungi": 0, "count_Reptiles": 1, "count_Molluscs": 0, "count_Birds": 0, "count_Ferns": 0, "count_Mammals": 0, "count_Arachnids": 0, "count_Amphibians": 0, "count_Basidiomycota": 0, "count_Mosses": 0, "count_Gymnosperms": 0, "unique_species_count": 1.0, "countryCode": "CN" }, "geometry": { "type": "MultiPolygon", "coordinates": [ [ [ [ 112.980243988989784, 18.943595948881253 ], [ 113.724364431556538, 18.65730165112425 ], [ 113.737242234007269, 17.759740459033896 ], [ 113.018690382166184, 17.135239510543578 ], [ 112.289101643085175, 17.402863751141368 ], [ 112.26263748777788, 18.314754720335596 ], [ 112.980243988989784, 18.943595948881253 ] ] ] ] } },
{ "type": "Feature", "properties": { "geogrid_id": "718838509110794793", "seqnum": 17818.0, "lat_c": 18.838508717288601, "lon_c": 110.79479284924635, "res": 7.0, "count_Flowering Plants": 121, "count_Insects": 173, "count_Sac Fungi": 0, "count_Reptiles": 30, "count_Molluscs": 48, "count_Birds": 86, "count_Ferns": 7, "count_Mammals": 2, "count_Arachnids": 23, "count_Amphibians": 19, "count_Basidiomycota": 1, "count_Mosses": 1, "count_Gymnosperms": 1, "unique_species_count": 512.0, "countryCode": "CN" }, "geometry": { "type": "MultiPolygon", "coordinates": [ [ [ [ 110.754225900898817, 19.757907147030167 ], [ 111.494939787195065, 19.493950601360545 ], [ 111.527740819839849, 18.580561184418954 ], [ 110.713984844583138, 18.101896461781244 ], [ 109.865825357806671, 18.534252542406662 ], [ 109.938867625304994, 19.276988714237337 ], [ 110.754225900898817, 19.757907147030167 ] ] ] ] } },
{ "type": "Feature", "properties": { "geogrid_id": "718960370109016655", "seqnum": 17764.0, "lat_c": 18.960370179181588, "lon_c": 109.01665461320614, "res": 7.0, "count_Flowering Plants": 396, "count_Insects": 913, "count_Sac Fungi": 1, "count_Reptiles": 59, "count_Molluscs": 49, "count_Birds": 179, "count_Ferns": 9, "count_Mammals": 20, "count_Arachnids": 49, "count_Amphibians": 35, "count_Basidiomycota": 9, "count_Mosses": 6, "count_Gymnosperms": 3, "unique_species_count": 1728.0, "countryCode": "CN" }, "geometry": { "type": "MultiPolygon", "coordinates": [ [ [ [ 109.082127044914415, 19.708356228622286 ], [ 109.938867625304994, 19.276988714237337 ], [ 109.865825357806671, 18.534252542406662 ], [ 108.954033837825037, 18.207671108460275 ], [ 108.110348158512593, 18.624280758511922 ], [ 108.165877679526645, 19.38104287716396 ], [ 109.082127044914415, 19.708356228622286 ] ] ] ] } },
{ "type": "Feature", "properties": { "geogrid_id": "719222498112237024", "seqnum": 17872.0, "lat_c": 19.222497717856523, "lon_c": 112.23702402683529, "res": 7.0, "count_Flowering Plants": 0, "count_Insects": 0, "count_Sac Fungi": 0, "count_Reptiles": 2, "count_Molluscs": 0, "count_Birds": 0, "count_Ferns": 0, "count_Mammals": 0, "count_Arachnids": 0, "count_Amphibians": 0, "count_Basidiomycota": 0, "count_Mosses": 0, "count_Gymnosperms": 0, "unique_species_count": 2.0, "countryCode": "CN" }, "geometry": { "type": "MultiPolygon", "coordinates": [ [ [ [ 112.211631001362676, 20.127032819593364 ], [ 112.961234844670358, 19.843452637577034 ], [ 112.980243988989784, 18.943595948881253 ], [ 112.26263748777788, 18.314754720335596 ], [ 111.527740819839849, 18.580561184418954 ], [ 111.494939787195065, 19.493950601360545 ], [ 112.211631001362676, 20.127032819593364 ] ] ] ] } },
{ "type": "Feature", "properties": { "geogrid_id": "719552807113711263", "seqnum": 17927.0, "lat_c": 19.55280661905833, "lon_c": 113.7112628401826, "res": 7.0, "count_Flowering Plants": 0, "count_Insects": 0, "count_Sac Fungi": 0, "count_Reptiles": 1, "count_Molluscs": 0, "count_Birds": 0, "count_Ferns": 0, "count_Mammals": 0, "count_Arachnids": 0, "count_Amphibians": 0, "count_Basidiomycota": 0, "count_Mosses": 0, "count_Gymnosperms": 0, "unique_species_count": 1.0, "countryCode": "CN" }, "geometry": { "type": "MultiPolygon", "coordinates": [ [ [ [ 113.697618601916403, 20.446819817044663 ], [ 114.45323842558048, 20.145574382159914 ], [ 114.461503159502413, 19.255162680032122 ], [ 113.724364431556538, 18.65730165112425 ], [ 112.980243988989784, 18.943595948881253 ], [ 112.961234844670358, 19.843452637577034 ], [ 113.697618601916403, 20.446819817044663 ] ] ] ] } },
{ "type": "Feature", "properties": { "geogrid_id": "720014329110015116", "seqnum": 17791.0, "lat_c": 20.014328752371821, "lon_c": 110.01511596372725, "res": 7.0, "count_Flowering Plants": 166, "count_Insects": 324, "count_Sac Fungi": 83, "count_Reptiles": 19, "count_Molluscs": 29, "count_Birds": 154, "count_Ferns": 4, "count_Mammals": 8, "count_Arachnids": 19, "count_Amphibians": 14, "count_Basidiomycota": 97, "count_Mosses": 0, "count_Gymnosperms": 2, "unique_species_count": 919.0, "countryCode": "CN" }, "geometry": { "type": "MultiPolygon", "coordinates": [ [ [ [ 109.9674939803607, 20.934816663329869 ], [ 110.714547208049126, 20.672763166291475 ], [ 110.754225900898817, 19.757907147030167 ], [ 109.938867625304994, 19.276988714237337 ], [ 109.082127044914415, 19.708356228622286 ], [ 109.150473635510906, 20.451483348617366 ], [ 109.9674939803607, 20.934816663329869 ] ] ] ] } },
{ "type": "Feature", "properties": { "geogrid_id": "720403487111462664", "seqnum": 17846.0, "lat_c": 20.403487078301655, "lon_c": 111.4626640333862, "res": 7.0, "count_Flowering Plants": 25, "count_Insects": 18, "count_Sac Fungi": 0, "count_Reptiles": 2, "count_Molluscs": 2, "count_Birds": 1, "count_Ferns": 0, "count_Mammals": 0, "count_Arachnids": 0, "count_Amphibians": 0, "count_Basidiomycota": 0, "count_Mosses": 0, "count_Gymnosperms": 0, "unique_species_count": 48.0, "countryCode": "CN" }, "geometry": { "type": "MultiPolygon", "coordinates": [ [ [ [ 111.430322373087037, 21.310026860213274 ], [ 112.18596902183414, 21.029112557395841 ], [ 112.211631001362676, 20.127032819593364 ], [ 111.494939787195065, 19.493950601360545 ], [ 110.754225900898817, 19.757907147030167 ], [ 110.714547208049126, 20.672763166291475 ], [ 111.430322373087037, 21.310026860213274 ] ] ] ] } },
{ "type": "Feature", "properties": { "geogrid_id": "720741356112941799", "seqnum": 17900.0, "lat_c": 20.741355860232346, "lon_c": 112.9417985698822, "res": 7.0, "count_Flowering Plants": 0, "count_Insects": 0, "count_Sac Fungi": 0, "count_Reptiles": 3, "count_Molluscs": 0, "count_Birds": 0, "count_Ferns": 0, "count_Mammals": 0, "count_Arachnids": 0, "count_Amphibians": 0, "count_Basidiomycota": 0, "count_Mosses": 0, "count_Gymnosperms": 0, "unique_species_count": 3.0, "countryCode": "CN" }, "geometry": { "type": "MultiPolygon", "coordinates": [ [ [ [ 112.921617665346048, 21.637839372490234 ], [ 113.683177411321466, 21.339802446222304 ], [ 113.697618601916403, 20.446819817044663 ], [ 112.961234844670358, 19.843452637577034 ], [ 112.211631001362676, 20.127032819593364 ], [ 112.18596902183414, 21.029112557395841 ], [ 112.921617665346048, 21.637839372490234 ] ] ] ] } },
{ "type": "Feature", "properties": { "geogrid_id": "721035310114444156", "seqnum": 17954.0, "lat_c": 21.035309568753132, "lon_c": 114.44415639493677, "res": 7.0, "count_Flowering Plants": 0, "count_Insects": 0, "count_Sac Fungi": 0, "count_Reptiles": 2, "count_Molluscs": 0, "count_Birds": 3, "count_Ferns": 0, "count_Mammals": 0, "count_Arachnids": 0, "count_Amphibians": 0, "count_Basidiomycota": 0, "count_Mosses": 0, "count_Gymnosperms": 0, "unique_species_count": 5.0, "countryCode": "CN" }, "geometry": { "type": "MultiPolygon", "coordinates": [ [ [ [ 114.43409331809778, 21.92469712797903 ], [ 115.199368297187618, 21.611102384479516 ], [ 115.204385524009808, 20.724438410667389 ], [ 114.45323842558048, 20.145574382159914 ], [ 113.697618601916403, 20.446819817044663 ], [ 113.683177411321466, 21.339802446222304 ], [ 114.43409331809778, 21.92469712797903 ] ] ] ] } },
{ "type": "Feature", "properties": { "geogrid_id": "721189611109221718", "seqnum": 17765.0, "lat_c": 21.189610940553479, "lon_c": 109.22171763203569, "res": 7.0, "count_Flowering Plants": 121, "count_Insects": 117, "count_Sac Fungi": 0, "count_Reptiles": 8, "count_Molluscs": 58, "count_Birds": 79, "count_Ferns": 6, "count_Mammals": 4, "count_Arachnids": 8, "count_Amphibians": 4, "count_Basidiomycota": 1, "count_Mosses": 0, "count_Gymnosperms": 0, "unique_species_count": 406.0, "countryCode": "CN" }, "geometry": { "type": "MultiPolygon", "coordinates": [ [ [ [ 109.166423697199036, 22.111189122954229 ], [ 109.920354308573266, 21.851110813062611 ], [ 109.9674939803607, 20.934816663329869 ], [ 109.150473635510906, 20.451483348617366 ], [ 108.284523630990833, 20.881670387692715 ], [ 108.347691048851473, 21.625275627045873 ], [ 109.166423697199036, 22.111189122954229 ] ] ] ] } },
{ "type": "Feature", "properties": { "geogrid_id": "721291437115963408", "seqnum": 18009.0, "lat_c": 21.291436848536684, "lon_c": 115.96340769073008, "res": 7.0, "count_Flowering Plants": 0, "count_Insects": 0, "count_Sac Fungi": 0, "count_Reptiles": 2, "count_Molluscs": 0, "count_Birds": 0, "count_Ferns": 0, "count_Mammals": 0, "count_Arachnids": 0, "count_Amphibians": 0, "count_Basidiomycota": 0, "count_Mosses": 0, "count_Gymnosperms": 0, "unique_species_count": 2.0, "countryCode": "CN" }, "geometry": { "type": "MultiPolygon", "coordinates": [ [ [ [ 115.962173201365999, 22.175964533964979 ], [ 116.729368597137835, 21.848217173395028 ], [ 116.726066608535788, 20.965789414278987 ], [ 115.963698504855003, 20.407272615701295 ], [ 115.204385524009808, 20.724438410667389 ], [ 115.199368297187618, 21.611102384479516 ], [ 115.962173201365999, 22.175964533964979 ] ] ] ] } },
{ "type": "Feature", "properties": { "geogrid_id": "721305729107416666", "seqnum": 17710.0, "lat_c": 21.305729459190555, "lon_c": 107.41666613300876, "res": 7.0, "count_Flowering Plants": 8, "count_Insects": 53, "count_Sac Fungi": 0, "count_Reptiles": 4, "count_Molluscs": 8, "count_Birds": 17, "count_Ferns": 1, "count_Mammals": 0, "count_Arachnids": 1, "count_Amphibians": 1, "count_Basidiomycota": 0, "count_Mosses": 0, "count_Gymnosperms": 0, "unique_species_count": 93.0, "countryCode": "CN" }, "geometry": { "type": "MultiPolygon", "coordinates": [ [ [ [ 107.471867940310347, 22.054086045364105 ], [ 108.347691048851473, 21.625275627045873 ], [ 108.284523630990833, 20.881670387692715 ], [ 107.363711679053338, 20.553286242001406 ], [ 106.500987302563459, 20.968112925181043 ], [ 106.54637379540803, 21.724307153230168 ], [ 107.471867940310347, 22.054086045364105 ] ] ] ] } },
{ "type": "Feature", "properties": { "geogrid_id": "721436312100378664", "seqnum": 8745.0, "lat_c": 21.436311657434945, "lon_c": 100.37866432570537, "res": 7.0, "count_Flowering Plants": 124, "count_Insects": 238, "count_Sac Fungi": 2, "count_Reptiles": 12, "count_Molluscs": 9, "count_Birds": 60, "count_Ferns": 2, "count_Mammals": 3, "count_Arachnids": 18, "count_Amphibians": 3, "count_Basidiomycota": 3, "count_Mosses": 0, "count_Gymnosperms": 0, "unique_species_count": 474.0, "countryCode": "CN" }, "geometry": { "type": "MultiPolygon", "coordinates": [ [ [ [ 100.371617603710121, 22.209416622847087 ], [ 101.250000000920394, 21.825242701355936 ], [ 101.250000000891745, 21.049033539111324 ], [ 100.385407763913491, 20.661075790503759 ], [ 99.511832924617437, 21.044368509509162 ], [ 99.497807211448759, 21.816086419330048 ], [ 100.371617603710121, 22.209416622847087 ] ] ] ] } },
{ "type": "Feature", "properties": { "geogrid_id": "721436312102121336", "seqnum": 17547.0, "lat_c": 21.436311658016162, "lon_c": 102.12133567543844, "res": 7.0, "count_Flowering Plants": 82, "count_Insects": 444, "count_Sac Fungi": 1, "count_Reptiles": 28, "count_Molluscs": 10, "count_Birds": 100, "count_Ferns": 4, "count_Mammals": 7, "count_Arachnids": 41, "count_Amphibians": 14, "count_Basidiomycota": 5, "count_Mosses": 0, "count_Gymnosperms": 0, "unique_species_count": 736.0, "countryCode": "CN" }, "geometry": { "type": "MultiPolygon", "coordinates": [ [ [ [ 102.128382397479228, 22.209416623415493 ], [ 103.002192789723978, 21.816086419932496 ], [ 102.988167076509896, 21.044368510125345 ], [ 102.114592237185136, 20.661075791097446 ], [ 101.250000000224233, 21.049033539668937 ], [ 101.250000000240931, 21.825242701901907 ], [ 102.128382397479228, 22.209416623415493 ] ] ] ] } },
{ "type": "Feature", "properties": { "geogrid_id": "721514778117494773", "seqnum": 18063.0, "lat_c": 21.514777686442258, "lon_c": 117.4947727616419, "res": 7.0, "count_Flowering Plants": 0, "count_Insects": 0, "count_Sac Fungi": 0, "count_Reptiles": 2, "count_Molluscs": 0, "count_Birds": 0, "count_Ferns": 0, "count_Mammals": 0, "count_Arachnids": 0, "count_Amphibians": 0, "count_Basidiomycota": 0, "count_Mosses": 0, "count_Gymnosperms": 0, "unique_species_count": 2.0, "countryCode": "CN" }, "geometry": { "type": "MultiPolygon", "coordinates": [ [ [ [ 117.501599941928731, 22.396119490863345 ], [ 118.269255576128558, 22.055480192466039 ], [ 118.258264910138621, 21.175743348595162 ], [ 117.487203654324205, 20.63425404952843 ], [ 116.726066608535788, 20.965789414278987 ], [ 116.729368597137835, 21.848217173395028 ], [ 117.501599941928731, 22.396119490863345 ] ] ] ] } },
{ "type": "Feature", "properties": { "geogrid_id": "721584043110675052", "seqnum": 17819.0, "lat_c": 21.584042661664764, "lon_c": 110.67505247321613, "res": 7.0, "count_Flowering Plants": 112, "count_Insects": 79, "count_Sac Fungi": 0, "count_Reptiles": 13, "count_Molluscs": 13, "count_Birds": 83, "count_Ferns": 2, "count_Mammals": 2, "count_Arachnids": 6, "count_Amphibians": 9, "count_Basidiomycota": 2, "count_Mosses": 0, "count_Gymnosperms": 2, "unique_species_count": 323.0, "countryCode": "CN" }, "geometry": { "type": "MultiPolygon", "coordinates": [ [ [ [ 110.635182215982866, 22.492528966100267 ], [ 111.397444963142235, 22.214265035403233 ], [ 111.430322373087037, 21.310026860213274 ], [ 110.714547208049126, 20.672763166291475 ], [ 109.9674939803607, 20.934816663329869 ], [ 109.920354308573266, 21.851110813062611 ], [ 110.635182215982866, 22.492528966100267 ] ] ] ] } },
{ "type": "Feature", "properties": { "geogrid_id": "721929349112159649", "seqnum": 17873.0, "lat_c": 21.929348732656539, "lon_c": 112.15964883562015, "res": 7.0, "count_Flowering Plants": 64, "count_Insects": 414, "count_Sac Fungi": 0, "count_Reptiles": 11, "count_Molluscs": 15, "count_Birds": 91, "count_Ferns": 3, "count_Mammals": 3, "count_Arachnids": 18, "count_Amphibians": 10, "count_Basidiomycota": 1, "count_Mosses": 0, "count_Gymnosperms": 0, "unique_species_count": 630.0, "countryCode": "CN" }, "geometry": { "type": "MultiPolygon", "coordinates": [ [ [ [ 112.132353169214042, 22.828246041311793 ], [ 112.90043278682576, 22.533344690337326 ], [ 112.921617665346048, 21.637839372490234 ], [ 112.18596902183414, 21.029112557395841 ], [ 111.430322373087037, 21.310026860213274 ], [ 111.397444963142235, 22.214265035403233 ], [ 112.132353169214042, 22.828246041311793 ] ] ] ] } },
{ "type": "Feature", "properties": { "geogrid_id": "722232137113667731", "seqnum": 17928.0, "lat_c": 22.232137370574357, "lon_c": 113.66773099859952, "res": 7.0, "count_Flowering Plants": 905, "count_Insects": 1289, "count_Sac Fungi": 14, "count_Reptiles": 68, "count_Molluscs": 72, "count_Birds": 346, "count_Ferns": 41, "count_Mammals": 29, "count_Arachnids": 117, "count_Amphibians": 34, "count_Basidiomycota": 67, "count_Mosses": 6, "count_Gymnosperms": 6, "unique_species_count": 2994.0, "countryCode": "CN" }, "geometry": { "type": "MultiPolygon", "coordinates": [ [ [ [ 113.651104123637566, 23.124147244516966 ], [ 114.422910828760891, 22.814015704302378 ], [ 114.43409331809778, 21.92469712797903 ], [ 113.683177411321466, 21.339802446222304 ], [ 112.921617665346048, 21.637839372490234 ], [ 112.90043278682576, 22.533344690337326 ], [ 113.651104123637566, 23.124147244516966 ] ] ] ] } },
{ "type": "Feature", "properties": { "geogrid_id": "722364242108413457", "seqnum": 17738.0, "lat_c": 22.364242336467143, "lon_c": 108.41345697722701, "res": 7.0, "count_Flowering Plants": 170, "count_Insects": 321, "count_Sac Fungi": 0, "count_Reptiles": 23, "count_Molluscs": 12, "count_Birds": 157, "count_Ferns": 3, "count_Mammals": 7, "count_Arachnids": 11, "count_Amphibians": 13, "count_Basidiomycota": 10, "count_Mosses": 0, "count_Gymnosperms": 1, "unique_species_count": 728.0, "countryCode": "CN" }, "geometry": { "type": "MultiPolygon", "coordinates": [ [ [ [ 108.349829084380858, 23.286906728139435 ], [ 109.111193920696948, 23.028893550663923 ], [ 109.166423697199036, 22.111189122954229 ], [ 108.347691048851473, 21.625275627045873 ], [ 107.471867940310347, 22.054086045364105 ], [ 107.52934499854095, 22.798243407449561 ], [ 108.349829084380858, 23.286906728139435 ] ] ] ] } },
{ "type": "Feature", "properties": { "geogrid_id": "722476795106593685", "seqnum": 17684.0, "lat_c": 22.476795079007836, "lon_c": 106.59368489458031, "res": 7.0, "count_Flowering Plants": 51, "count_Insects": 366, "count_Sac Fungi": 0, "count_Reptiles": 13, "count_Molluscs": 6, "count_Birds": 49, "count_Ferns": 3, "count_Mammals": 4, "count_Arachnids": 11, "count_Amphibians": 10, "count_Basidiomycota": 0, "count_Mosses": 0, "count_Gymnosperms": 1, "unique_species_count": 514.0, "countryCode": "CN" }, "geometry": { "type": "MultiPolygon", "coordinates": [ [ [ [ 106.642947886039849, 23.225474274746357 ], [ 107.52934499854095, 22.798243407449561 ], [ 107.471867940310347, 22.054086045364105 ], [ 106.54637379540803, 21.724307153230168 ], [ 105.673177117927594, 22.137903100668147 ], [ 105.712640738218312, 22.893987464217417 ], [ 106.642947886039849, 23.225474274746357 ] ] ] ] } },
{ "type": "Feature", "properties": { "geogrid_id": "722497927115193311", "seqnum": 17982.0, "lat_c": 22.497926854759896, "lon_c": 115.19331117108629, "res": 7.0, "count_Flowering Plants": 195, "count_Insects": 268, "count_Sac Fungi": 0, "count_Reptiles": 26, "count_Molluscs": 59, "count_Birds": 196, "count_Ferns": 5, "count_Mammals": 5, "count_Arachnids": 8, "count_Amphibians": 19, "count_Basidiomycota": 5, "count_Mosses": 0, "count_Gymnosperms": 1, "unique_species_count": 787.0, "countryCode": "CN" }, "geometry": { "type": "MultiPolygon", "coordinates": [ [ [ [ 115.18612102177218, 23.385118504381083 ], [ 115.959925243541932, 23.061032693163376 ], [ 115.962173201365999, 22.175964533964979 ], [ 115.199368297187618, 21.611102384479516 ], [ 114.43409331809778, 21.92469712797903 ], [ 114.422910828760891, 22.814015704302378 ], [ 115.18612102177218, 23.385118504381083 ] ] ] ] } },
{ "type": "Feature", "properties": { "geogrid_id": "722546903104796653", "seqnum": 17629.0, "lat_c": 22.546903471004047, "lon_c": 104.7966530752731, "res": 7.0, "count_Flowering Plants": 30, "count_Insects": 24, "count_Sac Fungi": 0, "count_Reptiles": 13, "count_Molluscs": 4, "count_Birds": 32, "count_Ferns": 1, "count_Mammals": 0, "count_Arachnids": 4, "count_Amphibians": 2, "count_Basidiomycota": 0, "count_Mosses": 0, "count_Gymnosperms": 1, "unique_species_count": 111.0, "countryCode": "CN" }, "geometry": { "type": "MultiPolygon", "coordinates": [ [ [ [ 104.828284525816443, 23.306118027684935 ], [ 105.712640738218312, 22.893987464217417 ], [ 105.673177117927594, 22.137903100668147 ], [ 104.766304208585765, 21.784624780998026 ], [ 103.893588832167779, 22.186879189738708 ], [ 103.916416212134266, 22.951605680735273 ], [ 104.828284525816443, 23.306118027684935 ] ] ] ] } },
{ "type": "Feature", "properties": { "geogrid_id": "722585400099483163", "seqnum": 8718.0, "lat_c": 22.585400026757355, "lon_c": 99.483162897048274, "res": 7.0, "count_Flowering Plants": 36, "count_Insects": 60, "count_Sac Fungi": 0, "count_Reptiles": 13, "count_Molluscs": 1, "count_Birds": 48, "count_Ferns": 7, "count_Mammals": 2, "count_Arachnids": 11, "count_Amphibians": 2, "count_Basidiomycota": 0, "count_Mosses": 0, "count_Gymnosperms": 0, "unique_species_count": 180.0, "countryCode": "CN" }, "geometry": { "type": "MultiPolygon", "coordinates": [ [ [ [ 99.467888381576628, 23.352236847755478 ], [ 100.364261755029389, 22.980323856076261 ], [ 100.371617603710121, 22.209416622847087 ], [ 99.497807211448759, 21.816086419330048 ], [ 98.606411169034985, 22.186879189117782 ], [ 98.583583789114385, 22.951605680129841 ], [ 99.467888381576628, 23.352236847755478 ] ] ] ] } },
{ "type": "Feature", "properties": { "geogrid_id": "722585400103016837", "seqnum": 17575.0, "lat_c": 22.58540002734571, "lon_c": 103.01683710417018, "res": 7.0, "count_Flowering Plants": 51, "count_Insects": 89, "count_Sac Fungi": 1, "count_Reptiles": 12, "count_Molluscs": 1, "count_Birds": 31, "count_Ferns": 9, "count_Mammals": 4, "count_Arachnids": 1, "count_Amphibians": 8, "count_Basidiomycota": 1, "count_Mosses": 1, "count_Gymnosperms": 0, "unique_species_count": 209.0, "countryCode": "CN" }, "geometry": { "type": "MultiPolygon", "coordinates": [ [ [ [ 103.032111619687882, 23.352236848329387 ], [ 103.916416212134266, 22.951605680735273 ], [ 103.893588832167779, 22.186879189738708 ], [ 103.002192789723978, 21.816086419932496 ], [ 102.128382397479228, 22.209416623415493 ], [ 102.135738246205861, 22.980323856631518 ], [ 103.032111619687882, 23.352236848329387 ] ] ] ] } },
{ "type": "Feature", "properties": { "geogrid_id": "722599501101250000", "seqnum": 17521.0, "lat_c": 22.599500892961256, "lon_c": 101.25000000025753, "res": 7.0, "count_Flowering Plants": 699, "count_Insects": 1413, "count_Sac Fungi": 13, "count_Reptiles": 47, "count_Molluscs": 13, "count_Birds": 231, "count_Ferns": 11, "count_Mammals": 20, "count_Arachnids": 84, "count_Amphibians": 35, "count_Basidiomycota": 34, "count_Mosses": 0, "count_Gymnosperms": 1, "unique_species_count": 2601.0, "countryCode": "CN" }, "geometry": { "type": "MultiPolygon", "coordinates": [ [ [ [ 101.250000000274071, 23.371747615444932 ], [ 102.135738246205861, 22.980323856631518 ], [ 102.128382397479228, 22.209416623415493 ], [ 101.250000000240931, 21.825242701901907 ], [ 100.371617603710121, 22.209416622847087 ], [ 100.364261755029389, 22.980323856076261 ], [ 101.250000000274071, 23.371747615444932 ] ] ] ] } },
{ "type": "Feature", "properties": { "geogrid_id": "722731336116731788", "seqnum": 18036.0, "lat_c": 22.731335648746221, "lon_c": 116.73178801615876, "res": 7.0, "count_Flowering Plants": 95, "count_Insects": 55, "count_Sac Fungi": 0, "count_Reptiles": 23, "count_Molluscs": 16, "count_Birds": 101, "count_Ferns": 2, "count_Mammals": 5, "count_Arachnids": 3, "count_Amphibians": 8, "count_Basidiomycota": 0, "count_Mosses": 0, "count_Gymnosperms": 0, "unique_species_count": 308.0, "countryCode": "CN" }, "geometry": { "type": "MultiPolygon", "coordinates": [ [ [ [ 116.733279201696277, 23.615280106523329 ], [ 117.507654474653577, 23.278395604913769 ], [ 117.501599941928731, 22.396119490863345 ], [ 116.729368597137835, 21.848217173395028 ], [ 115.962173201365999, 22.175964533964979 ], [ 115.959925243541932, 23.061032693163376 ], [ 116.733279201696277, 23.615280106523329 ] ] ] ] } },
{ "type": "Feature", "properties": { "geogrid_id": "722764087109873039", "seqnum": 17792.0, "lat_c": 22.764087425024663, "lon_c": 109.87303864346526, "res": 7.0, "count_Flowering Plants": 47, "count_Insects": 135, "count_Sac Fungi": 5, "count_Reptiles": 8, "count_Molluscs": 3, "count_Birds": 58, "count_Ferns": 3, "count_Mammals": 2, "count_Arachnids": 5, "count_Amphibians": 4, "count_Basidiomycota": 2, "count_Mosses": 0, "count_Gymnosperms": 1, "unique_species_count": 273.0, "countryCode": "CN" }, "geometry": { "type": "MultiPolygon", "coordinates": [ [ [ [ 109.825012518368808, 23.674466010338065 ], [ 110.594481779307415, 23.398865987432831 ], [ 110.635182215982866, 22.492528966100267 ], [ 109.920354308573266, 21.851110813062611 ], [ 109.166423697199036, 22.111189122954229 ], [ 109.111193920696948, 23.028893550663923 ], [ 109.825012518368808, 23.674466010338065 ] ] ] ] } },
{ "type": "Feature", "properties": { "geogrid_id": "722936240118279635", "seqnum": 18091.0, "lat_c": 22.936239933263629, "lon_c": 118.27963488048344, "res": 7.0, "count_Flowering Plants": 0, "count_Insects": 0, "count_Sac Fungi": 0, "count_Reptiles": 2, "count_Molluscs": 0, "count_Birds": 0, "count_Ferns": 0, "count_Mammals": 0, "count_Arachnids": 0, "count_Amphibians": 0, "count_Basidiomycota": 0, "count_Mosses": 0, "count_Gymnosperms": 0, "unique_species_count": 2.0, "countryCode": "CN" }, "geometry": { "type": "MultiPolygon", "coordinates": [ [ [ [ 118.289385503535669, 23.818116002542734 ], [ 119.06315944363142, 23.469479320173615 ], [ 119.049133005985411, 22.588911372387525 ], [ 118.269255576128558, 22.055480192466039 ], [ 117.501599941928731, 22.396119490863345 ], [ 117.507654474653577, 23.278395604913769 ], [ 118.289385503535669, 23.818116002542734 ] ] ] ] } },
{ "type": "Feature", "properties": { "geogrid_id": "723116774111363649", "seqnum": 17847.0, "lat_c": 23.116773831252445, "lon_c": 111.36364949342712, "res": 7.0, "count_Flowering Plants": 84, "count_Insects": 55, "count_Sac Fungi": 0, "count_Reptiles": 16, "count_Molluscs": 5, "count_Birds": 27, "count_Ferns": 2, "count_Mammals": 2, "count_Arachnids": 1, "count_Amphibians": 8, "count_Basidiomycota": 0, "count_Mosses": 0, "count_Gymnosperms": 1, "unique_species_count": 201.0, "countryCode": "CN" }, "geometry": { "type": "MultiPolygon", "coordinates": [ [ [ [ 111.328617296198004, 24.018030624898067 ], [ 112.103816874260588, 23.726226619464505 ], [ 112.132353169214042, 22.828246041311793 ], [ 111.397444963142235, 22.214265035403233 ], [ 110.635182215982866, 22.492528966100267 ], [ 110.594481779307415, 23.398865987432831 ], [ 111.328617296198004, 24.018030624898067 ] ] ] ] } },
{ "type": "Feature", "properties": { "geogrid_id": "723428242112878027", "seqnum": 17901.0, "lat_c": 23.428242333531514, "lon_c": 112.87802652023015, "res": 7.0, "count_Flowering Plants": 705, "count_Insects": 953, "count_Sac Fungi": 39, "count_Reptiles": 51, "count_Molluscs": 46, "count_Birds": 296, "count_Ferns": 34, "count_Mammals": 16, "count_Arachnids": 57, "count_Amphibians": 20, "count_Basidiomycota": 50, "count_Mosses": 1, "count_Gymnosperms": 8, "unique_species_count": 2276.0, "countryCode": "CN" }, "geometry": { "type": "MultiPolygon", "coordinates": [ [ [ [ 112.854211741460375, 24.322847541412525 ], [ 113.633145257871433, 24.016107907031572 ], [ 113.651104123637566, 23.124147244516966 ], [ 112.90043278682576, 22.533344690337326 ], [ 112.132353169214042, 22.828246041311793 ], [ 112.103816874260588, 23.726226619464505 ], [ 112.854211741460375, 24.322847541412525 ] ] ] ] } },
{ "type": "Feature", "properties": { "geogrid_id": "723538093107589126", "seqnum": 17711.0, "lat_c": 23.538092581104952, "lon_c": 107.58912626075769, "res": 7.0, "count_Flowering Plants": 15, "count_Insects": 49, "count_Sac Fungi": 0, "count_Reptiles": 3, "count_Molluscs": 4, "count_Birds": 28, "count_Ferns": 0, "count_Mammals": 1, "count_Arachnids": 0, "count_Amphibians": 2, "count_Basidiomycota": 0, "count_Mosses": 0, "count_Gymnosperms": 0, "unique_species_count": 102.0, "countryCode": "CN" }, "geometry": { "type": "MultiPolygon", "coordinates": [ [ [ [ 107.516452934843542, 24.46183266624125 ], [ 108.285830401889584, 24.205991760620865 ], [ 108.349829084380858, 23.286906728139435 ], [ 107.52934499854095, 22.798243407449561 ], [ 106.642947886039849, 23.225474274746357 ], [ 106.69419116029195, 23.970245315938005 ], [ 107.516452934843542, 24.46183266624125 ] ] ] ] } },
{ "type": "Feature", "properties": { "geogrid_id": "723646611105753733", "seqnum": 17657.0, "lat_c": 23.646611459734963, "lon_c": 105.75373279640098, "res": 7.0, "count_Flowering Plants": 17, "count_Insects": 29, "count_Sac Fungi": 0, "count_Reptiles": 6, "count_Molluscs": 5, "count_Birds": 18, "count_Ferns": 1, "count_Mammals": 1, "count_Arachnids": 1, "count_Amphibians": 4, "count_Basidiomycota": 0, "count_Mosses": 0, "count_Gymnosperms": 1, "unique_species_count": 83.0, "countryCode": "CN" }, "geometry": { "type": "MultiPolygon", "coordinates": [ [ [ [ 105.796479668064634, 24.395684527919101 ], [ 106.69419116029195, 23.970245315938005 ], [ 106.642947886039849, 23.225474274746357 ], [ 105.712640738218312, 22.893987464217417 ], [ 104.828284525816443, 23.306118027684935 ], [ 104.861220679674688, 24.062183968756688 ], [ 105.796479668064634, 24.395684527919101 ] ] ] ] } },
{ "type": "Feature", "properties": { "geogrid_id": "723703505114410489", "seqnum": 17955.0, "lat_c": 23.703504932389567, "lon_c": 114.41048864873855, "res": 7.0, "count_Flowering Plants": 344, "count_Insects": 524, "count_Sac Fungi": 1, "count_Reptiles": 42, "count_Molluscs": 17, "count_Birds": 133, "count_Ferns": 13, "count_Mammals": 8, "count_Arachnids": 27, "count_Amphibians": 23, "count_Basidiomycota": 4, "count_Mosses": 0, "count_Gymnosperms": 4, "unique_species_count": 1140.0, "countryCode": "CN" }, "geometry": { "type": "MultiPolygon", "coordinates": [ [ [ [ 114.396719261994505, 24.593373849476517 ], [ 115.177714040480907, 24.272859049217612 ], [ 115.18612102177218, 23.385118504381083 ], [ 114.422910828760891, 22.814015704302378 ], [ 113.651104123637566, 23.124147244516966 ], [ 113.633145257871433, 24.016107907031572 ], [ 114.396719261994505, 24.593373849476517 ] ] ] ] } },
{ "type": "Feature", "properties": { "geogrid_id": "723713540098559794", "seqnum": 8692.0, "lat_c": 23.713539939575263, "lon_c": 98.559793920429144, "res": 7.0, "count_Flowering Plants": 41, "count_Insects": 96, "count_Sac Fungi": 1, "count_Reptiles": 10, "count_Molluscs": 1, "count_Birds": 135, "count_Ferns": 3, "count_Mammals": 1, "count_Arachnids": 6, "count_Amphibians": 3, "count_Basidiomycota": 1, "count_Mosses": 0, "count_Gymnosperms": 0, "unique_species_count": 298.0, "countryCode": "CN" }, "geometry": { "type": "MultiPolygon", "coordinates": [ [ [ [ 98.535023666282427, 24.472605309991728 ], [ 99.451971501721204, 24.116525851139791 ], [ 99.467888381576628, 23.352236847755478 ], [ 98.583583789114385, 22.951605680129841 ], [ 97.671715475463529, 23.306118027065743 ], [ 97.638779321651569, 24.062183968154887 ], [ 98.535023666282427, 24.472605309991728 ] ] ] ] } },
{ "type": "Feature", "properties": { "geogrid_id": "723713540103940206", "seqnum": 17603.0, "lat_c": 23.713539940164839, "lon_c": 103.94020608086571, "res": 7.0, "count_Flowering Plants": 34, "count_Insects": 89, "count_Sac Fungi": 0, "count_Reptiles": 2, "count_Molluscs": 2, "count_Birds": 141, "count_Ferns": 5, "count_Mammals": 4, "count_Arachnids": 2, "count_Amphibians": 1, "count_Basidiomycota": 1, "count_Mosses": 1, "count_Gymnosperms": 1, "unique_species_count": 283.0, "countryCode": "CN" }, "geometry": { "type": "MultiPolygon", "coordinates": [ [ [ [ 103.964976335058964, 24.4726053105651 ], [ 104.861220679674688, 24.062183968756688 ], [ 104.828284525816443, 23.306118027684935 ], [ 103.916416212134266, 22.951605680735273 ], [ 103.032111619687882, 23.352236848329387 ], [ 103.048028499589719, 24.11652585169892 ], [ 103.964976335058964, 24.4726053105651 ] ] ] ] } },
{ "type": "Feature", "properties": { "geogrid_id": "723748968100356591", "seqnum": 8746.0, "lat_c": 23.748967736997489, "lon_c": 100.35659064299314, "res": 7.0, "count_Flowering Plants": 80, "count_Insects": 237, "count_Sac Fungi": 0, "count_Reptiles": 6, "count_Molluscs": 5, "count_Birds": 29, "count_Ferns": 4, "count_Mammals": 2, "count_Arachnids": 7, "count_Amphibians": 2, "count_Basidiomycota": 3, "count_Mosses": 0, "count_Gymnosperms": 1, "unique_species_count": 376.0, "countryCode": "CN" }, "geometry": { "type": "MultiPolygon", "coordinates": [ [ [ [ 100.348597827090046, 24.515283881221414 ], [ 101.250000001009155, 24.141923402660463 ], [ 101.250000000979099, 23.371747614923173 ], [ 100.364261755029389, 22.980323856076261 ], [ 99.467888381576628, 23.352236847755478 ], [ 99.451971501721204, 24.116525851139791 ], [ 100.348597827090046, 24.515283881221414 ] ] ] ] } },
{ "type": "Feature", "properties": { "geogrid_id": "723748968102143409", "seqnum": 17548.0, "lat_c": 23.748967737539278, "lon_c": 102.14340935828838, "res": 7.0, "count_Flowering Plants": 62, "count_Insects": 124, "count_Sac Fungi": 2, "count_Reptiles": 7, "count_Molluscs": 2, "count_Birds": 46, "count_Ferns": 5, "count_Mammals": 2, "count_Arachnids": 2, "count_Amphibians": 4, "count_Basidiomycota": 1, "count_Mosses": 1, "count_Gymnosperms": 0, "unique_species_count": 258.0, "countryCode": "CN" }, "geometry": { "type": "MultiPolygon", "coordinates": [ [ [ [ 102.151402174238157, 24.515283881749433 ], [ 103.048028499589719, 24.11652585169892 ], [ 103.032111619687882, 23.352236848329387 ], [ 102.135738246205861, 22.980323856631518 ], [ 101.250000000274071, 23.371747615444932 ], [ 101.250000000290541, 24.141923403169674 ], [ 102.151402174238157, 24.515283881749433 ] ] ] ] } },
{ "type": "Feature", "properties": { "geogrid_id": "723943523109055406", "seqnum": 17766.0, "lat_c": 23.943523015104972, "lon_c": 109.05540646240756, "res": 7.0, "count_Flowering Plants": 47, "count_Insects": 130, "count_Sac Fungi": 4, "count_Reptiles": 12, "count_Molluscs": 6, "count_Birds": 36, "count_Ferns": 5, "count_Mammals": 1, "count_Arachnids": 6, "count_Amphibians": 7, "count_Basidiomycota": 10, "count_Mosses": 0, "count_Gymnosperms": 0, "unique_species_count": 264.0, "countryCode": "CN" }, "geometry": { "type": "MultiPolygon", "coordinates": [ [ [ [ 108.998545690517986, 24.855740804673864 ], [ 109.775832155552678, 24.582844696422299 ], [ 109.825012518368808, 23.674466010338065 ], [ 109.111193920696948, 23.028893550663923 ], [ 108.349829084380858, 23.286906728139435 ], [ 108.285830401889584, 24.205991760620865 ], [ 108.998545690517986, 24.855740804673864 ] ] ] ] } },
{ "type": "Feature", "properties": { "geogrid_id": "723946798115956601", "seqnum": 18010.0, "lat_c": 23.946798448355299, "lon_c": 115.95660054407705, "res": 7.0, "count_Flowering Plants": 130, "count_Insects": 157, "count_Sac Fungi": 0, "count_Reptiles": 7, "count_Molluscs": 6, "count_Birds": 91, "count_Ferns": 5, "count_Mammals": 2, "count_Arachnids": 11, "count_Amphibians": 9, "count_Basidiomycota": 2, "count_Mosses": 0, "count_Gymnosperms": 2, "unique_species_count": 422.0, "countryCode": "CN" }, "geometry": { "type": "MultiPolygon", "coordinates": [ [ [ [ 115.952140113856004, 24.833403248712099 ], [ 116.73379922816568, 24.500173724714248 ], [ 116.733279201696277, 23.615280106523329 ], [ 115.959925243541932, 23.061032693163376 ], [ 115.18612102177218, 23.385118504381083 ], [ 115.177714040480907, 24.272859049217612 ], [ 115.952140113856004, 24.833403248712099 ] ] ] ] } },
{ "type": "Feature", "properties": { "geogrid_id": "724161713117512907", "seqnum": 18064.0, "lat_c": 24.161713207204766, "lon_c": 117.5129072482944, "res": 7.0, "count_Flowering Plants": 317, "count_Insects": 459, "count_Sac Fungi": 5, "count_Reptiles": 37, "count_Molluscs": 79, "count_Birds": 259, "count_Ferns": 13, "count_Mammals": 7, "count_Arachnids": 20, "count_Amphibians": 15, "count_Basidiomycota": 11, "count_Mosses": 3, "count_Gymnosperms": 3, "unique_species_count": 1228.0, "countryCode": "CN" }, "geometry": { "type": "MultiPolygon", "coordinates": [ [ [ [ 117.517329937509928, 25.046172448238661 ], [ 118.298490455511867, 24.701196946648938 ], [ 118.289385503535669, 23.818116002542734 ], [ 117.507654474653577, 23.278395604913769 ], [ 116.733279201696277, 23.615280106523329 ], [ 116.73379922816568, 24.500173724714248 ], [ 117.517329937509928, 25.046172448238661 ] ] ] ] } },
{ "type": "Feature", "properties": { "geogrid_id": "724303590110552573", "seqnum": 17820.0, "lat_c": 24.303589821766554, "lon_c": 110.55257300260217, "res": 7.0, "count_Flowering Plants": 53, "count_Insects": 165, "count_Sac Fungi": 87, "count_Reptiles": 18, "count_Molluscs": 9, "count_Birds": 82, "count_Ferns": 2, "count_Mammals": 10, "count_Arachnids": 8, "count_Amphibians": 9, "count_Basidiomycota": 44, "count_Mosses": 1, "count_Gymnosperms": 1, "unique_species_count": 489.0, "countryCode": "CN" }, "geometry": { "type": "MultiPolygon", "coordinates": [ [ [ [ 110.509133794838604, 25.207152254934069 ], [ 111.292076150488114, 24.918438728974692 ], [ 111.328617296198004, 24.018030624898067 ], [ 110.594481779307415, 23.398865987432831 ], [ 109.825012518368808, 23.674466010338065 ], [ 109.775832155552678, 24.582844696422299 ], [ 110.509133794838604, 25.207152254934069 ] ] ] ] } },
{ "type": "Feature", "properties": { "geogrid_id": "724351300119076726", "seqnum": 18118.0, "lat_c": 24.351300098171713, "lon_c": 119.07672558232832, "res": 7.0, "count_Flowering Plants": 67, "count_Insects": 164, "count_Sac Fungi": 0, "count_Reptiles": 6, "count_Molluscs": 31, "count_Birds": 232, "count_Ferns": 1, "count_Mammals": 10, "count_Arachnids": 7, "count_Amphibians": 5, "count_Basidiomycota": 0, "count_Mosses": 0, "count_Gymnosperms": 0, "unique_species_count": 523.0, "countryCode": "CN" }, "geometry": { "type": "MultiPolygon", "coordinates": [ [ [ [ 119.089824107253861, 25.234450162602947 ], [ 119.869521201668803, 24.878614014706141 ], [ 119.851976765867988, 23.996580812452322 ], [ 119.06315944363142, 23.469479320173615 ], [ 118.289385503535669, 23.818116002542734 ], [ 118.298490455511867, 24.701196946648938 ], [ 119.089824107253861, 25.234450162602947 ] ] ] ] } },
{ "type": "Feature", "properties": { "geogrid_id": "724518159120645981", "seqnum": 9398.0, "lat_c": 24.518159276014369, "lon_c": 120.6459805279938, "res": 7.0, "count_Flowering Plants": 0, "count_Insects": 0, "count_Sac Fungi": 0, "count_Reptiles": 1, "count_Molluscs": 0, "count_Birds": 0, "count_Ferns": 0, "count_Mammals": 0, "count_Arachnids": 0, "count_Amphibians": 0, "count_Basidiomycota": 0, "count_Mosses": 0, "count_Gymnosperms": 0, "unique_species_count": 1.0, "countryCode": "CN" }, "geometry": { "type": "MultiPolygon", "coordinates": [ [ [ [ 120.647097015827441, 25.410385601844304 ], [ 121.424407367172364, 25.044571175092305 ], [ 121.419162624138252, 24.153188073547049 ], [ 120.624189517056323, 23.637140334724524 ], [ 119.851976765867988, 23.996580812452322 ], [ 119.869521206487278, 24.878614011854488 ], [ 120.647097015827441, 25.410385601844304 ] ] ] ] } },
{ "type": "Feature", "properties": { "geogrid_id": "724623648112073813", "seqnum": 17874.0, "lat_c": 24.62364822826715, "lon_c": 112.07381266185091, "res": 7.0, "count_Flowering Plants": 46, "count_Insects": 66, "count_Sac Fungi": 0, "count_Reptiles": 18, "count_Molluscs": 2, "count_Birds": 57, "count_Ferns": 6, "count_Mammals": 4, "count_Arachnids": 2, "count_Amphibians": 9, "count_Basidiomycota": 0, "count_Mosses": 0, "count_Gymnosperms": 0, "unique_species_count": 210.0, "countryCode": "CN" }, "geometry": { "type": "MultiPolygon", "coordinates": [ [ [ [ 112.042140661555749, 25.520817910544459 ], [ 112.82882310596392, 25.217432061737984 ], [ 112.854211741460375, 24.322847541412525 ], [ 112.103816874260588, 23.726226619464505 ], [ 111.328617296198004, 24.018030624898067 ], [ 111.292076150488114, 24.918438728974692 ], [ 112.042140661555749, 25.520817910544459 ] ] ] ] } },
{ "type": "Feature", "properties": { "geogrid_id": "724711012106747444", "seqnum": 17685.0, "lat_c": 24.711011814301546, "lon_c": 106.74744422692338, "res": 7.0, "count_Flowering Plants": 21, "count_Insects": 49, "count_Sac Fungi": 0, "count_Reptiles": 2, "count_Molluscs": 1, "count_Birds": 11, "count_Ferns": 1, "count_Mammals": 1, "count_Arachnids": 0, "count_Amphibians": 1, "count_Basidiomycota": 1, "count_Mosses": 1, "count_Gymnosperms": 1, "unique_species_count": 90.0, "countryCode": "CN" }, "geometry": { "type": "MultiPolygon", "coordinates": [ [ [ [ 106.664959620639365, 25.635809000188942 ], [ 107.442952405100357, 25.382264551196332 ], [ 107.516452934843542, 24.46183266624125 ], [ 106.69419116029195, 23.970245315938005 ], [ 105.796479668064634, 24.395684527919101 ], [ 105.840908827968263, 25.141118643210341 ], [ 106.664959620639365, 25.635809000188942 ] ] ] ] } },
{ "type": "Feature", "properties": { "geogrid_id": "724815019097604515", "seqnum": 8665.0, "lat_c": 24.815018911814729, "lon_c": 97.604515363955613, "res": 7.0, "count_Flowering Plants": 95, "count_Insects": 362, "count_Sac Fungi": 4, "count_Reptiles": 39, "count_Molluscs": 0, "count_Birds": 335, "count_Ferns": 3, "count_Mammals": 22, "count_Arachnids": 11, "count_Amphibians": 16, "count_Basidiomycota": 3, "count_Mosses": 0, "count_Gymnosperms": 2, "unique_species_count": 892.0, "countryCode": "CN" }, "geometry": { "type": "MultiPolygon", "coordinates": [ [ [ [ 97.568899495819892, 25.564542604611862 ], [ 98.50925430954905, 25.228726907183034 ], [ 98.535023666282427, 24.472605309991728 ], [ 97.638779321651569, 24.062183968154887 ], [ 96.703520333294065, 24.395684527309058 ], [ 96.659091173437034, 25.141118642619723 ], [ 97.568899495819892, 25.564542604611862 ] ] ] ] } },
{ "type": "Feature", "properties": { "geogrid_id": "724815019104895485", "seqnum": 17630.0, "lat_c": 24.815018912398777, "lon_c": 104.89548463741724, "res": 7.0, "count_Flowering Plants": 32, "count_Insects": 31, "count_Sac Fungi": 0, "count_Reptiles": 0, "count_Molluscs": 1, "count_Birds": 28, "count_Ferns": 9, "count_Mammals": 2, "count_Arachnids": 2, "count_Amphibians": 1, "count_Basidiomycota": 0, "count_Mosses": 0, "count_Gymnosperms": 1, "unique_species_count": 107.0, "countryCode": "CN" }, "geometry": { "type": "MultiPolygon", "coordinates": [ [ [ [ 104.931100505599872, 25.564542605177824 ], [ 105.840908827968263, 25.141118643210341 ], [ 105.796479668064634, 24.395684527919101 ], [ 104.861220679674688, 24.062183968756688 ], [ 103.964976335058964, 24.4726053105651 ], [ 103.990745691839223, 25.228726907739869 ], [ 104.931100505599872, 25.564542605177824 ] ] ] ] } },
{ "type": "Feature", "properties": { "geogrid_id": "724878197099435400", "seqnum": 8719.0, "lat_c": 24.878197485507947, "lon_c": 99.435399512672944, "res": 7.0, "count_Flowering Plants": 167, "count_Insects": 219, "count_Sac Fungi": 2, "count_Reptiles": 12, "count_Molluscs": 2, "count_Birds": 265, "count_Ferns": 7, "count_Mammals": 20, "count_Arachnids": 4, "count_Amphibians": 6, "count_Basidiomycota": 8, "count_Mosses": 4, "count_Gymnosperms": 4, "unique_species_count": 720.0, "countryCode": "CN" }, "geometry": { "type": "MultiPolygon", "coordinates": [ [ [ [ 99.418159069038538, 25.637183704128258 ], [ 100.340276552278553, 25.279209163700891 ], [ 100.348597827090046, 24.515283881221414 ], [ 99.451971501721204, 24.116525851139791 ], [ 98.535023666282427, 24.472605309991728 ], [ 98.50925430954905, 25.228726907183034 ], [ 99.418159069038538, 25.637183704128258 ] ] ] ] } },
{ "type": "Feature", "properties": { "geogrid_id": "724878197103064600", "seqnum": 17576.0, "lat_c": 24.878197486051977, "lon_c": 103.06460048868479, "res": 7.0, "count_Flowering Plants": 347, "count_Insects": 414, "count_Sac Fungi": 7, "count_Reptiles": 28, "count_Molluscs": 23, "count_Birds": 216, "count_Ferns": 13, "count_Mammals": 13, "count_Arachnids": 7, "count_Amphibians": 11, "count_Basidiomycota": 22, "count_Mosses": 7, "count_Gymnosperms": 13, "unique_species_count": 1121.0, "countryCode": "CN" }, "geometry": { "type": "MultiPolygon", "coordinates": [ [ [ [ 103.081840932366376, 25.637183704656877 ], [ 103.990745691839223, 25.228726907739869 ], [ 103.964976335058964, 24.4726053105651 ], [ 103.048028499589719, 24.11652585169892 ], [ 102.151402174238157, 24.515283881749433 ], [ 102.159723449096745, 25.279209164214837 ], [ 103.081840932366376, 25.637183704656877 ] ] ] ] } },
{ "type": "Feature", "properties": { "geogrid_id": "724908258113613720", "seqnum": 17929.0, "lat_c": 24.908258419289613, "lon_c": 113.61371977720697, "res": 7.0, "count_Flowering Plants": 315, "count_Insects": 494, "count_Sac Fungi": 0, "count_Reptiles": 51, "count_Molluscs": 4, "count_Birds": 126, "count_Ferns": 29, "count_Mammals": 6, "count_Arachnids": 22, "count_Amphibians": 26, "count_Basidiomycota": 7, "count_Mosses": 0, "count_Gymnosperms": 9, "unique_species_count": 1089.0, "countryCode": "CN" }, "geometry": { "type": "MultiPolygon", "coordinates": [ [ [ [ 113.592704890781505, 25.80080868531752 ], [ 114.38150394662766, 25.483807278835414 ], [ 114.396719261994505, 24.593373849476517 ], [ 113.633145257871433, 24.016107907031572 ], [ 112.854211741460375, 24.322847541412525 ], [ 112.82882310596392, 25.217432061737984 ], [ 113.592704890781505, 25.80080868531752 ] ] ] ] } },
{ "type": "Feature", "properties": { "geogrid_id": "724909970101250000", "seqnum": 17522.0, "lat_c": 24.909969842935467, "lon_c": 101.25000000030693, "res": 7.0, "count_Flowering Plants": 107, "count_Insects": 67, "count_Sac Fungi": 37, "count_Reptiles": 7, "count_Molluscs": 7, "count_Birds": 101, "count_Ferns": 1, "count_Mammals": 6, "count_Arachnids": 1, "count_Amphibians": 5, "count_Basidiomycota": 44, "count_Mosses": 1, "count_Gymnosperms": 0, "unique_species_count": 384.0, "countryCode": "CN" }, "geometry": { "type": "MultiPolygon", "coordinates": [ [ [ [ 101.250000000323269, 25.675829595033047 ], [ 102.159723449096745, 25.279209164214837 ], [ 102.151402174238157, 24.515283881749433 ], [ 101.250000000290541, 24.141923403169674 ], [ 100.348597827090046, 24.515283881221414 ], [ 100.340276552278553, 25.279209163700891 ], [ 101.250000000323269, 25.675829595033047 ] ] ] ] } },
{ "type": "Feature", "properties": { "geogrid_id": "725122229108220867", "seqnum": 17739.0, "lat_c": 25.122228816627164, "lon_c": 108.22086713309234, "res": 7.0, "count_Flowering Plants": 113, "count_Insects": 312, "count_Sac Fungi": 4, "count_Reptiles": 31, "count_Molluscs": 6, "count_Birds": 30, "count_Ferns": 5, "count_Mammals": 5, "count_Arachnids": 18, "count_Amphibians": 17, "count_Basidiomycota": 6, "count_Mosses": 1, "count_Gymnosperms": 1, "unique_species_count": 549.0, "countryCode": "CN" }, "geometry": { "type": "MultiPolygon", "coordinates": [ [ [ [ 108.154436667207989, 26.036231334132822 ], [ 108.940174418175971, 25.766103910953895 ], [ 108.998545690517986, 24.855740804673864 ], [ 108.285830401889584, 24.205991760620865 ], [ 107.516452934843542, 24.46183266624125 ], [ 107.442952405100357, 25.382264551196332 ], [ 108.154436667207989, 26.036231334132822 ] ] ] ] } },
{ "type": "Feature", "properties": { "geogrid_id": "725161310115168013", "seqnum": 17983.0, "lat_c": 25.161310488563462, "lon_c": 115.16801270797363, "res": 7.0, "count_Flowering Plants": 689, "count_Insects": 228, "count_Sac Fungi": 3, "count_Reptiles": 18, "count_Molluscs": 3, "count_Birds": 100, "count_Ferns": 35, "count_Mammals": 8, "count_Arachnids": 10, "count_Amphibians": 9, "count_Basidiomycota": 32, "count_Mosses": 3, "count_Gymnosperms": 9, "unique_species_count": 1147.0, "countryCode": "CN" }, "geometry": { "type": "MultiPolygon", "coordinates": [ [ [ [ 115.156943489264066, 26.050619138115188 ], [ 115.946487541424119, 25.720976117195889 ], [ 115.952140113856004, 24.833403248712099 ], [ 115.177714040480907, 24.272859049217612 ], [ 114.396719261994505, 24.593373849476517 ], [ 114.38150394662766, 25.483807278835414 ], [ 115.156943489264066, 26.050619138115188 ] ] ] ] } },
{ "type": "Feature", "properties": { "geogrid_id": "725386130116733307", "seqnum": 18037.0, "lat_c": 25.386130140324003, "lon_c": 116.73330669309625, "res": 7.0, "count_Flowering Plants": 84, "count_Insects": 147, "count_Sac Fungi": 0, "count_Reptiles": 14, "count_Molluscs": 5, "count_Birds": 70, "count_Ferns": 3, "count_Mammals": 3, "count_Arachnids": 6, "count_Amphibians": 4, "count_Basidiomycota": 0, "count_Mosses": 0, "count_Gymnosperms": 0, "unique_species_count": 336.0, "countryCode": "CN" }, "geometry": { "type": "MultiPolygon", "coordinates": [ [ [ [ 116.731760763323635, 26.273255431778942 ], [ 117.520894355219099, 25.931867959048756 ], [ 117.517329937509928, 25.046172448238661 ], [ 116.73379922816568, 24.500173724714248 ], [ 115.952140113856004, 24.833403248712099 ], [ 115.946487541424119, 25.720976117195889 ], [ 116.731760763323635, 26.273255431778942 ] ] ] ] } },
{ "type": "Feature", "properties": { "geogrid_id": "725489727109725121", "seqnum": 17793.0, "lat_c": 25.489726541031249, "lon_c": 109.72512051328769, "res": 7.0, "count_Flowering Plants": 111, "count_Insects": 253, "count_Sac Fungi": 1, "count_Reptiles": 25, "count_Molluscs": 7, "count_Birds": 70, "count_Ferns": 4, "count_Mammals": 4, "count_Arachnids": 7, "count_Amphibians": 8, "count_Basidiomycota": 2, "count_Mosses": 0, "count_Gymnosperms": 4, "unique_species_count": 496.0, "countryCode": "CN" }, "geometry": { "type": "MultiPolygon", "coordinates": [ [ [ [ 109.67254968047682, 26.395539381617905 ], [ 110.46388314451049, 26.109938461323214 ], [ 110.509133794838604, 25.207152254934069 ], [ 109.775832155552678, 24.582844696422299 ], [ 108.998545690517986, 24.855740804673864 ], [ 108.940174418175971, 25.766103910953895 ], [ 109.67254968047682, 26.395539381617905 ] ] ] ] } },
{ "type": "Feature", "properties": { "geogrid_id": "725585568118306933", "seqnum": 9317.0, "lat_c": 25.585567527214746, "lon_c": 118.30693267163744, "res": 7.0, "count_Flowering Plants": 232, "count_Insects": 309, "count_Sac Fungi": 1, "count_Reptiles": 23, "count_Molluscs": 8, "count_Birds": 156, "count_Ferns": 3, "count_Mammals": 11, "count_Arachnids": 9, "count_Amphibians": 16, "count_Basidiomycota": 2, "count_Mosses": 0, "count_Gymnosperms": 1, "unique_species_count": 771.0, "countryCode": "CN" }, "geometry": { "type": "MultiPolygon", "coordinates": [ [ [ [ 118.296167424257405, 26.480171902017904 ], [ 119.082927027819025, 26.128288057457507 ], [ 119.089824112100558, 25.234450159772351 ], [ 118.298490455511867, 24.701196946648938 ], [ 117.517329937509928, 25.046172448238661 ], [ 117.520894360122583, 25.931867956261115 ], [ 118.296167424257405, 26.480171902017904 ] ] ] ] } },
{ "type": "Feature", "properties": { "geogrid_id": "725771659119866588", "seqnum": 9371.0, "lat_c": 25.771658967963972, "lon_c": 119.8665875782175, "res": 7.0, "count_Flowering Plants": 323, "count_Insects": 566, "count_Sac Fungi": 2, "count_Reptiles": 37, "count_Molluscs": 33, "count_Birds": 333, "count_Ferns": 15, "count_Mammals": 20, "count_Arachnids": 37, "count_Amphibians": 17, "count_Basidiomycota": 7, "count_Mosses": 2, "count_Gymnosperms": 3, "unique_species_count": 1395.0, "countryCode": "CN" }, "geometry": { "type": "MultiPolygon", "coordinates": [ [ [ [ 119.864502562047548, 26.666613256158261 ], [ 120.648798164078698, 26.304402324491317 ], [ 120.647097015827441, 25.410385601844304 ], [ 119.869521206487278, 24.878614011854488 ], [ 119.089824112100558, 25.234450159772351 ], [ 119.082927027819025, 26.128288057457507 ], [ 119.864502562047548, 26.666613256158261 ] ] ] ] } },
{ "type": "Feature", "properties": { "geogrid_id": "725818343111253788", "seqnum": 17848.0, "lat_c": 25.818343022074011, "lon_c": 111.25378768117235, "res": 7.0, "count_Flowering Plants": 47, "count_Insects": 33, "count_Sac Fungi": 7, "count_Reptiles": 6, "count_Molluscs": 3, "count_Birds": 65, "count_Ferns": 1, "count_Mammals": 1, "count_Arachnids": 0, "count_Amphibians": 5, "count_Basidiomycota": 0, "count_Mosses": 0, "count_Gymnosperms": 0, "unique_species_count": 168.0, "countryCode": "CN" }, "geometry": { "type": "MultiPolygon", "coordinates": [ [ [ [ 111.213537957692225, 26.718041847214739 ], [ 112.008620637290392, 26.418002375732272 ], [ 112.042140661555749, 25.520817910544459 ], [ 111.292076150488114, 24.918438728974692 ], [ 110.509133794838604, 25.207152254934069 ], [ 110.46388314451049, 26.109938461323214 ], [ 111.213537957692225, 26.718041847214739 ] ] ] ] } },
{ "type": "Feature", "properties": { "geogrid_id": "725882828105887049", "seqnum": 17658.0, "lat_c": 25.882828339983689, "lon_c": 105.88704887257563, "res": 7.0, "count_Flowering Plants": 76, "count_Insects": 72, "count_Sac Fungi": 0, "count_Reptiles": 2, "count_Molluscs": 4, "count_Birds": 40, "count_Ferns": 5, "count_Mammals": 2, "count_Arachnids": 1, "count_Amphibians": 0, "count_Basidiomycota": 0, "count_Mosses": 0, "count_Gymnosperms": 0, "unique_species_count": 202.0, "countryCode": "CN" }, "geometry": { "type": "MultiPolygon", "coordinates": [ [ [ [ 105.793927302147338, 26.80865425823589 ], [ 106.581165084878947, 26.557547728207414 ], [ 106.664959620639365, 25.635809000188942 ], [ 105.840908827968263, 25.141118643210341 ], [ 104.931100505599872, 25.564542605177824 ], [ 104.968093422950503, 26.310676946601941 ], [ 105.793927302147338, 26.80865425823589 ] ] ] ] } },
{ "type": "Feature", "properties": { "geogrid_id": "725937626121430000", "seqnum": 9425.0, "lat_c": 25.937625570992157, "lon_c": 121.43000004753011, "res": 7.0, "count_Flowering Plants": 0, "count_Insects": 0, "count_Sac Fungi": 0, "count_Reptiles": 2, "count_Molluscs": 0, "count_Birds": 3, "count_Ferns": 0, "count_Mammals": 0, "count_Arachnids": 0, "count_Amphibians": 0, "count_Basidiomycota": 0, "count_Mosses": 0, "count_Gymnosperms": 0, "unique_species_count": 5.0, "countryCode": "CN" }, "geometry": { "type": "MultiPolygon", "coordinates": [ [ [ [ 121.436676133000518, 26.83260952647753 ], [ 122.218436405566365, 26.460261453030789 ], [ 122.20805483803359, 25.566389576743155 ], [ 121.424407367172364, 25.044571175092305 ], [ 120.647097015827441, 25.410385601844304 ], [ 120.648798164078698, 26.304402324491317 ], [ 121.436676133000518, 26.83260952647753 ] ] ] ] } },
{ "type": "Feature", "properties": { "geogrid_id": "725981832098482466", "seqnum": 8693.0, "lat_c": 25.981831645560554, "lon_c": 98.482466288191389, "res": 7.0, "count_Flowering Plants": 52, "count_Insects": 103, "count_Sac Fungi": 7, "count_Reptiles": 4, "count_Molluscs": 1, "count_Birds": 133, "count_Ferns": 6, "count_Mammals": 4, "count_Arachnids": 4, "count_Amphibians": 4, "count_Basidiomycota": 2, "count_Mosses": 8, "count_Gymnosperms": 2, "unique_species_count": 330.0, "countryCode": "CN" }, "geometry": { "type": "MultiPolygon", "coordinates": [ [ [ [ 98.454639169409958, 26.73184826086144 ], [ 99.400236204631867, 26.393417987781049 ], [ 99.418159069038538, 25.637183704128258 ], [ 98.50925430954905, 25.228726907183034 ], [ 97.568899495819892, 25.564542604611862 ], [ 97.531906578516498, 26.310676946054389 ], [ 98.454639169409958, 26.73184826086144 ] ] ] ] } },
{ "type": "Feature", "properties": { "geogrid_id": "725981832104017534", "seqnum": 17604.0, "lat_c": 25.981831646100538, "lon_c": 104.01753371324412, "res": 7.0, "count_Flowering Plants": 14, "count_Insects": 13, "count_Sac Fungi": 2, "count_Reptiles": 0, "count_Molluscs": 1, "count_Birds": 17, "count_Ferns": 0, "count_Mammals": 1, "count_Arachnids": 0, "count_Amphibians": 0, "count_Basidiomycota": 0, "count_Mosses": 0, "count_Gymnosperms": 0, "unique_species_count": 48.0, "countryCode": "CN" }, "geometry": { "type": "MultiPolygon", "coordinates": [ [ [ [ 104.045360832073158, 26.731848261384268 ], [ 104.968093422950503, 26.310676946601941 ], [ 104.931100505599872, 25.564542605177824 ], [ 103.990745691839223, 25.228726907739869 ], [ 103.081840932366376, 25.637183704656877 ], [ 103.099763796820653, 26.393417988293969 ], [ 104.045360832073158, 26.731848261384268 ] ] ] ] } },
{ "type": "Feature", "properties": { "geogrid_id": "726040682100331620", "seqnum": 8747.0, "lat_c": 26.040681740739405, "lon_c": 100.33161973764403, "res": 7.0, "count_Flowering Plants": 206, "count_Insects": 129, "count_Sac Fungi": 11, "count_Reptiles": 12, "count_Molluscs": 2, "count_Birds": 178, "count_Ferns": 7, "count_Mammals": 8, "count_Arachnids": 4, "count_Amphibians": 5, "count_Basidiomycota": 7, "count_Mosses": 9, "count_Gymnosperms": 5, "unique_species_count": 583.0, "countryCode": "CN" }, "geometry": { "type": "MultiPolygon", "coordinates": [ [ [ [ 100.32261996436452, 26.799641070396689 ], [ 101.250000001102435, 26.43944641201702 ], [ 101.250000001070816, 25.675829594549771 ], [ 100.340276552278553, 25.279209163700891 ], [ 99.418159069038538, 25.637183704128258 ], [ 99.400236204631867, 26.393417987781049 ], [ 100.32261996436452, 26.799641070396689 ] ] ] ] } },
{ "type": "Feature", "properties": { "geogrid_id": "726040682102168380", "seqnum": 17549.0, "lat_c": 26.040681741238998, "lon_c": 102.16838026377879, "res": 7.0, "count_Flowering Plants": 59, "count_Insects": 37, "count_Sac Fungi": 3, "count_Reptiles": 5, "count_Molluscs": 0, "count_Birds": 54, "count_Ferns": 4, "count_Mammals": 3, "count_Arachnids": 2, "count_Amphibians": 0, "count_Basidiomycota": 1, "count_Mosses": 4, "count_Gymnosperms": 1, "unique_species_count": 173.0, "countryCode": "CN" }, "geometry": { "type": "MultiPolygon", "coordinates": [ [ [ [ 102.177380037106275, 26.799641070881659 ], [ 103.099763796820653, 26.393417988293969 ], [ 103.081840932366376, 25.637183704656877 ], [ 102.159723449096745, 25.279209164214837 ], [ 101.250000000323269, 25.675829595033047 ], [ 101.25000000033954, 26.439446412486937 ], [ 102.177380037106275, 26.799641070881659 ] ] ] ] } },
{ "type": "Feature", "properties": { "geogrid_id": "726112233112801711", "seqnum": 17902.0, "lat_c": 26.112233107288308, "lon_c": 112.80171070700311, "res": 7.0, "count_Flowering Plants": 12, "count_Insects": 123, "count_Sac Fungi": 0, "count_Reptiles": 3, "count_Molluscs": 0, "count_Birds": 43, "count_Ferns": 1, "count_Mammals": 0, "count_Arachnids": 2, "count_Amphibians": 0, "count_Basidiomycota": 0, "count_Mosses": 0, "count_Gymnosperms": 0, "unique_species_count": 184.0, "countryCode": "CN" }, "geometry": { "type": "MultiPolygon", "coordinates": [ [ [ [ 112.77273525599864, 27.00746024125143 ], [ 113.56998578507185, 26.693945307538133 ], [ 113.592704890781505, 25.80080868531752 ], [ 112.82882310596392, 25.217432061737984 ], [ 112.042140661555749, 25.520817910544459 ], [ 112.008620637290392, 26.418002375732272 ], [ 112.77273525599864, 27.00746024125143 ] ] ] ] } },
{ "type": "Feature", "properties": { "geogrid_id": "726209513124567907", "seqnum": 9534.0, "lat_c": 26.209512604747548, "lon_c": 124.56790699399338, "res": 7.0, "count_Flowering Plants": 0, "count_Insects": 0, "count_Sac Fungi": 0, "count_Reptiles": 0, "count_Molluscs": 5, "count_Birds": 0, "count_Ferns": 0, "count_Mammals": 0, "count_Arachnids": 0, "count_Amphibians": 0, "count_Basidiomycota": 0, "count_Mosses": 0, "count_Gymnosperms": 0, "unique_species_count": 5.0, "countryCode": "CN" }, "geometry": { "type": "MultiPolygon", "coordinates": [ [ [ [ 124.592265106979298, 27.103531545862136 ], [ 125.368829266480191, 26.711581545215999 ], [ 125.340908744222403, 25.819034057464016 ], [ 124.545021294429858, 25.317434593365714 ], [ 123.772662709073828, 25.702559728897146 ], [ 123.791788911574344, 26.595947512720041 ], [ 124.592265106979298, 27.103531545862136 ] ] ] ] } },
{ "type": "Feature", "properties": { "geogrid_id": "726300060107368051", "seqnum": 17712.0, "lat_c": 26.300060474115863, "lon_c": 107.36805130353449, "res": 7.0, "count_Flowering Plants": 194, "count_Insects": 376, "count_Sac Fungi": 2, "count_Reptiles": 9, "count_Molluscs": 10, "count_Birds": 72, "count_Ferns": 18, "count_Mammals": 5, "count_Arachnids": 17, "count_Amphibians": 3, "count_Basidiomycota": 6, "count_Mosses": 4, "count_Gymnosperms": 5, "unique_species_count": 721.0, "countryCode": "CN" }, "geometry": { "type": "MultiPolygon", "coordinates": [ [ [ [ 107.291254459488684, 27.21578937500415 ], [ 108.086104088948389, 26.94851915232103 ], [ 108.154436667207989, 26.036231334132822 ], [ 107.442952405100357, 25.382264551196332 ], [ 106.664959620639365, 25.635809000188942 ], [ 106.581165084878947, 26.557547728207414 ], [ 107.291254459488684, 27.21578937500415 ] ] ] ] } },
{ "type": "Feature", "properties": { "geogrid_id": "726374971114364750", "seqnum": 17956.0, "lat_c": 26.374970733295328, "lon_c": 114.36474975530632, "res": 7.0, "count_Flowering Plants": 119, "count_Insects": 153, "count_Sac Fungi": 1, "count_Reptiles": 16, "count_Molluscs": 1, "count_Birds": 85, "count_Ferns": 2, "count_Mammals": 0, "count_Arachnids": 6, "count_Amphibians": 14, "count_Basidiomycota": 2, "count_Mosses": 1, "count_Gymnosperms": 1, "unique_species_count": 401.0, "countryCode": "CN" }, "geometry": { "type": "MultiPolygon", "coordinates": [ [ [ [ 114.346367164698592, 27.26701422497041 ], [ 115.144435035028451, 26.940918763993817 ], [ 115.156943489264066, 26.050619138115188 ], [ 114.38150394662766, 25.483807278835414 ], [ 113.592704890781505, 25.80080868531752 ], [ 113.56998578507185, 26.693945307538133 ], [ 114.346367164698592, 27.26701422497041 ] ] ] ] } },
{ "type": "Feature", "properties": { "geogrid_id": "726609636115939588", "seqnum": 9236.0, "lat_c": 26.609636172270829, "lon_c": 115.93958766289123, "res": 7.0, "count_Flowering Plants": 40, "count_Insects": 27, "count_Sac Fungi": 0, "count_Reptiles": 1, "count_Molluscs": 0, "count_Birds": 21, "count_Ferns": 0, "count_Mammals": 0, "count_Arachnids": 0, "count_Amphibians": 1, "count_Basidiomycota": 0, "count_Mosses": 0, "count_Gymnosperms": 0, "unique_species_count": 90.0, "countryCode": "CN" }, "geometry": { "type": "MultiPolygon", "coordinates": [ [ [ [ 115.917877480399781, 27.506378329404946 ], [ 116.713580105164297, 27.169311888913018 ], [ 116.731760768255668, 26.273255429013194 ], [ 115.946487541424119, 25.720976117195889 ], [ 115.156943489264066, 26.050619138115188 ], [ 115.144435040017783, 26.940918761272663 ], [ 115.917877480399781, 27.506378329404946 ] ] ] ] } },
{ "type": "Feature", "properties": { "geogrid_id": "726675085108879913", "seqnum": 17767.0, "lat_c": 26.675085097752625, "lon_c": 108.87991346199021, "res": 7.0, "count_Flowering Plants": 76, "count_Insects": 133, "count_Sac Fungi": 0, "count_Reptiles": 20, "count_Molluscs": 0, "count_Birds": 32, "count_Ferns": 10, "count_Mammals": 3, "count_Arachnids": 7, "count_Amphibians": 8, "count_Basidiomycota": 4, "count_Mosses": 0, "count_Gymnosperms": 0, "unique_species_count": 293.0, "countryCode": "CN" }, "geometry": { "type": "MultiPolygon", "coordinates": [ [ [ [ 108.817426340123603, 27.583089768722409 ], [ 109.617827714750533, 27.300650984013537 ], [ 109.67254968047682, 26.395539381617905 ], [ 108.940174418175971, 25.766103910953895 ], [ 108.154436667207989, 26.036231334132822 ], [ 108.086104088948389, 26.94851915232103 ], [ 108.817426340123603, 27.583089768722409 ] ] ] ] } },
{ "type": "Feature", "properties": { "geogrid_id": "726827212117506365", "seqnum": 9290.0, "lat_c": 26.827211892465801, "lon_c": 117.50636497759562, "res": 7.0, "count_Flowering Plants": 146, "count_Insects": 397, "count_Sac Fungi": 2, "count_Reptiles": 28, "count_Molluscs": 10, "count_Birds": 135, "count_Ferns": 8, "count_Mammals": 8, "count_Arachnids": 20, "count_Amphibians": 18, "count_Basidiomycota": 14, "count_Mosses": 0, "count_Gymnosperms": 3, "unique_species_count": 789.0, "countryCode": "CN" }, "geometry": { "type": "MultiPolygon", "coordinates": [ [ [ [ 117.493649275655628, 27.724823392368727 ], [ 118.286864339006257, 27.376923906355326 ], [ 118.296167424257405, 26.480171902017904 ], [ 117.520894360122583, 25.931867956261115 ], [ 116.731760768255668, 26.273255429013194 ], [ 116.713580105164297, 27.169311888913018 ], [ 117.493649275655628, 27.724823392368727 ] ] ] ] } },
{ "type": "Feature", "properties": { "geogrid_id": "727012280110416570", "seqnum": 17821.0, "lat_c": 27.012280493126216, "lon_c": 110.41656992548963, "res": 7.0, "count_Flowering Plants": 58, "count_Insects": 57, "count_Sac Fungi": 2, "count_Reptiles": 7, "count_Molluscs": 0, "count_Birds": 29, "count_Ferns": 12, "count_Mammals": 0, "count_Arachnids": 3, "count_Amphibians": 2, "count_Basidiomycota": 0, "count_Mosses": 1, "count_Gymnosperms": 1, "unique_species_count": 172.0, "countryCode": "CN" }, "geometry": { "type": "MultiPolygon", "coordinates": [ [ [ [ 110.366964386297369, 27.914467675543442 ], [ 111.171130349206805, 27.617796172331033 ], [ 111.213537957692225, 26.718041847214739 ], [ 110.46388314451049, 26.109938461323214 ], [ 109.67254968047682, 26.395539381617905 ], [ 109.617827714750533, 27.300650984013537 ], [ 110.366964386297369, 27.914467675543442 ] ] ] ] } },
{ "type": "Feature", "properties": { "geogrid_id": "727024154119077171", "seqnum": 9344.0, "lat_c": 27.024154276584994, "lon_c": 119.0771707318185, "res": 7.0, "count_Flowering Plants": 248, "count_Insects": 640, "count_Sac Fungi": 4, "count_Reptiles": 45, "count_Molluscs": 10, "count_Birds": 131, "count_Ferns": 6, "count_Mammals": 8, "count_Arachnids": 17, "count_Amphibians": 20, "count_Basidiomycota": 9, "count_Mosses": 1, "count_Gymnosperms": 6, "unique_species_count": 1145.0, "countryCode": "CN" }, "geometry": { "type": "MultiPolygon", "coordinates": [ [ [ [ 119.073537044365139, 27.92232699700153 ], [ 119.864160420175494, 27.563748434991656 ], [ 119.864502562047548, 26.666613256158261 ], [ 119.082927027819025, 26.128288057457507 ], [ 118.296167424257405, 26.480171902017904 ], [ 118.286864339006257, 27.376923906355326 ], [ 119.073537044365139, 27.92232699700153 ] ] ] ] } },
{ "type": "Feature", "properties": { "geogrid_id": "727053346105006490", "seqnum": 17631.0, "lat_c": 27.05334601032601, "lon_c": 105.0064895879206, "res": 7.0, "count_Flowering Plants": 25, "count_Insects": 25, "count_Sac Fungi": 0, "count_Reptiles": 1, "count_Molluscs": 0, "count_Birds": 26, "count_Ferns": 3, "count_Mammals": 1, "count_Arachnids": 1, "count_Amphibians": 1, "count_Basidiomycota": 0, "count_Mosses": 0, "count_Gymnosperms": 0, "unique_species_count": 83.0, "countryCode": "CN" }, "geometry": { "type": "MultiPolygon", "coordinates": [ [ [ [ 104.901839463896906, 27.980160695220626 ], [ 105.698981662312463, 27.731651383618804 ], [ 105.793927302147338, 26.80865425823589 ], [ 104.968093422950503, 26.310676946601941 ], [ 104.045360832073158, 26.731848261384268 ], [ 104.074248379169774, 27.478707330758795 ], [ 104.901839463896906, 27.980160695220626 ] ] ] ] } },
{ "type": "Feature", "properties": { "geogrid_id": "727146835099381616", "seqnum": 8720.0, "lat_c": 27.146835365553255, "lon_c": 99.381616311084187, "res": 7.0, "count_Flowering Plants": 397, "count_Insects": 240, "count_Sac Fungi": 13, "count_Reptiles": 10, "count_Molluscs": 2, "count_Birds": 202, "count_Ferns": 20, "count_Mammals": 26, "count_Arachnids": 4, "count_Amphibians": 4, "count_Basidiomycota": 13, "count_Mosses": 7, "count_Gymnosperms": 11, "unique_species_count": 949.0, "countryCode": "CN" }, "geometry": { "type": "MultiPolygon", "coordinates": [ [ [ [ 99.362284115208496, 27.89737243359075 ], [ 100.313269462944675, 27.556027931290117 ], [ 100.32261996436452, 26.799641070396689 ], [ 99.400236204631867, 26.393417987781049 ], [ 98.454639169409958, 26.73184826086144 ], [ 98.425751622361361, 27.478707330253403 ], [ 99.362284115208496, 27.89737243359075 ] ] ] ] } },
{ "type": "Feature", "properties": { "geogrid_id": "727146835103118384", "seqnum": 17577.0, "lat_c": 27.146835366050194, "lon_c": 103.11838369041635, "res": 7.0, "count_Flowering Plants": 7, "count_Insects": 5, "count_Sac Fungi": 0, "count_Reptiles": 1, "count_Molluscs": 0, "count_Birds": 54, "count_Ferns": 1, "count_Mammals": 2, "count_Arachnids": 0, "count_Amphibians": 0, "count_Basidiomycota": 0, "count_Mosses": 0, "count_Gymnosperms": 0, "unique_species_count": 70.0, "countryCode": "CN" }, "geometry": { "type": "MultiPolygon", "coordinates": [ [ [ [ 103.137715886340501, 27.897372434071443 ], [ 104.074248379169774, 27.478707330758795 ], [ 104.045360832073158, 26.731848261384268 ], [ 103.099763796820653, 26.393417988293969 ], [ 102.177380037106275, 26.799641070881659 ], [ 102.186730538574565, 27.556027931760205 ], [ 103.137715886340501, 27.897372434071443 ] ] ] ] } },
{ "type": "Feature", "properties": { "geogrid_id": "727200474120651896", "seqnum": 9399.0, "lat_c": 27.200474382381042, "lon_c": 120.65189615836761, "res": 7.0, "count_Flowering Plants": 231, "count_Insects": 281, "count_Sac Fungi": 1, "count_Reptiles": 17, "count_Molluscs": 29, "count_Birds": 223, "count_Ferns": 9, "count_Mammals": 7, "count_Arachnids": 7, "count_Amphibians": 17, "count_Basidiomycota": 3, "count_Mosses": 0, "count_Gymnosperms": 2, "unique_species_count": 827.0, "countryCode": "CN" }, "geometry": { "type": "MultiPolygon", "coordinates": [ [ [ [ 120.657400991907153, 28.098885685402273 ], [ 121.445350340160118, 27.729800547510795 ], [ 121.436676133000518, 26.83260952647753 ], [ 120.648798164078698, 26.304402324491317 ], [ 119.864502562047548, 26.666613256158261 ], [ 119.864160420175494, 27.563748434991656 ], [ 120.657400991907153, 28.098885685402273 ] ] ] ] } },
{ "type": "Feature", "properties": { "geogrid_id": "727200765101250000", "seqnum": 17523.0, "lat_c": 27.200765159029206, "lon_c": 101.25000000035574, "res": 7.0, "count_Flowering Plants": 42, "count_Insects": 15, "count_Sac Fungi": 2, "count_Reptiles": 10, "count_Molluscs": 1, "count_Birds": 39, "count_Ferns": 0, "count_Mammals": 3, "count_Arachnids": 0, "count_Amphibians": 0, "count_Basidiomycota": 0, "count_Mosses": 0, "count_Gymnosperms": 0, "unique_species_count": 112.0, "countryCode": "CN" }, "geometry": { "type": "MultiPolygon", "coordinates": [ [ [ [ 101.250000000371898, 27.959731825801626 ], [ 102.186730538574565, 27.556027931760205 ], [ 102.177380037106275, 26.799641070881659 ], [ 101.25000000033954, 26.439446412486937 ], [ 100.32261996436452, 26.799641070396689 ], [ 100.313269462944675, 27.556027931290117 ], [ 101.250000000371898, 27.959731825801626 ] ] ] ] } },
{ "type": "Feature", "properties": { "geogrid_id": "727315436111973086", "seqnum": 17875.0, "lat_c": 27.315435988573956, "lon_c": 111.97308607229803, "res": 7.0, "count_Flowering Plants": 47, "count_Insects": 39, "count_Sac Fungi": 1, "count_Reptiles": 6, "count_Molluscs": 0, "count_Birds": 79, "count_Ferns": 4, "count_Mammals": 1, "count_Arachnids": 2, "count_Amphibians": 2, "count_Basidiomycota": 0, "count_Mosses": 0, "count_Gymnosperms": 2, "unique_species_count": 183.0, "countryCode": "CN" }, "geometry": { "type": "MultiPolygon", "coordinates": [ [ [ [ 111.935379582706076, 28.213326980491168 ], [ 112.741764342093717, 27.903300728393798 ], [ 112.77273525599864, 27.00746024125143 ], [ 112.008620637290392, 26.418002375732272 ], [ 111.213537957692225, 26.718041847214739 ], [ 111.171130349206805, 27.617796172331033 ], [ 111.935379582706076, 28.213326980491168 ] ] ] ] } },
{ "type": "Feature", "properties": { "geogrid_id": "727356208122230445", "seqnum": 9453.0, "lat_c": 27.356207597642804, "lon_c": 122.23044516066807, "res": 7.0, "count_Flowering Plants": 0, "count_Insects": 0, "count_Sac Fungi": 0, "count_Reptiles": 2, "count_Molluscs": 1, "count_Birds": 1, "count_Ferns": 0, "count_Mammals": 0, "count_Arachnids": 0, "count_Amphibians": 0, "count_Basidiomycota": 0, "count_Mosses": 0, "count_Gymnosperms": 0, "unique_species_count": 4.0, "countryCode": "CN" }, "geometry": { "type": "MultiPolygon", "coordinates": [ [ [ [ 122.245114612124183, 28.254518801890441 ], [ 123.030333192174353, 27.875121358329718 ], [ 123.012613841159109, 26.978218374407376 ], [ 122.218436405566365, 26.460261453030789 ], [ 121.436676133000518, 26.83260952647753 ], [ 121.445350340160118, 27.729800547510795 ], [ 122.245114612124183, 28.254518801890441 ] ] ] ] } },
{ "type": "Feature", "properties": { "geogrid_id": "727476848106495501", "seqnum": 17686.0, "lat_c": 27.476847934602493, "lon_c": 106.4955006297379, "res": 7.0, "count_Flowering Plants": 69, "count_Insects": 72, "count_Sac Fungi": 2, "count_Reptiles": 13, "count_Molluscs": 3, "count_Birds": 72, "count_Ferns": 9, "count_Mammals": 1, "count_Arachnids": 4, "count_Amphibians": 2, "count_Basidiomycota": 23, "count_Mosses": 0, "count_Gymnosperms": 0, "unique_species_count": 270.0, "countryCode": "CN" }, "geometry": { "type": "MultiPolygon", "coordinates": [ [ [ [ 106.407473056145619, 28.394238555929913 ], [ 107.2121248205641, 28.129937342894838 ], [ 107.291254459488684, 27.21578937500415 ], [ 106.581165084878947, 26.557547728207414 ], [ 105.793927302147338, 26.80865425823589 ], [ 105.698981662312463, 27.731651383618804 ], [ 106.407473056145619, 28.394238555929913 ] ] ] ] } },
{ "type": "Feature", "properties": { "geogrid_id": "727491419123812742", "seqnum": 9507.0, "lat_c": 27.491419098492361, "lon_c": 123.81274223547652, "res": 7.0, "count_Flowering Plants": 0, "count_Insects": 0, "count_Sac Fungi": 0, "count_Reptiles": 2, "count_Molluscs": 0, "count_Birds": 0, "count_Ferns": 0, "count_Mammals": 0, "count_Arachnids": 0, "count_Amphibians": 0, "count_Basidiomycota": 0, "count_Mosses": 0, "count_Gymnosperms": 0, "unique_species_count": 2.0, "countryCode": "CN" }, "geometry": { "type": "MultiPolygon", "coordinates": [ [ [ [ 123.836573560870391, 28.389273524842025 ], [ 124.619034234622106, 27.999784094947568 ], [ 124.592265106979298, 27.103531545862136 ], [ 123.791788911574344, 26.595947512720041 ], [ 123.012613841159109, 26.978218374407376 ], [ 123.030333192174353, 27.875121358329718 ], [ 123.836573560870391, 28.389273524842025 ] ] ] ] } },
{ "type": "Feature", "properties": { "geogrid_id": "727587836088954547", "seqnum": 8367.0, "lat_c": 27.587836132774829, "lon_c": 88.954547371478711, "res": 7.0, "count_Flowering Plants": 4, "count_Insects": 8, "count_Sac Fungi": 0, "count_Reptiles": 0, "count_Molluscs": 0, "count_Birds": 41, "count_Ferns": 0, "count_Mammals": 2, "count_Arachnids": 0, "count_Amphibians": 1, "count_Basidiomycota": 0, "count_Mosses": 3, "count_Gymnosperms": 0, "unique_species_count": 59.0, "countryCode": "CN" }, "geometry": { "type": "MultiPolygon", "coordinates": [ [ [ [ 88.986025552863538, 28.486481599182586 ], [ 89.758235656910841, 27.903300724748345 ], [ 89.727264743058825, 27.007460237648171 ], [ 88.93001421400264, 26.693945303970221 ], [ 88.153632834340613, 27.267014221394362 ], [ 88.182000822905891, 28.165049828377427 ], [ 88.986025552863538, 28.486481599182586 ] ] ] ] } },
{ "type": "Feature", "properties": { "geogrid_id": "727587836113545453", "seqnum": 9155.0, "lat_c": 27.587836133709914, "lon_c": 113.54545263259071, "res": 7.0, "count_Flowering Plants": 184, "count_Insects": 123, "count_Sac Fungi": 0, "count_Reptiles": 9, "count_Molluscs": 3, "count_Birds": 79, "count_Ferns": 15, "count_Mammals": 5, "count_Arachnids": 5, "count_Amphibians": 12, "count_Basidiomycota": 4, "count_Mosses": 1, "count_Gymnosperms": 2, "unique_species_count": 442.0, "countryCode": "CN" }, "geometry": { "type": "MultiPolygon", "coordinates": [ [ [ [ 113.513974451149224, 28.486481594419857 ], [ 114.317999181052841, 28.165049823565848 ], [ 114.346367169716615, 27.267014222271957 ], [ 113.56998578507185, 26.693945307538133 ], [ 112.77273525599864, 27.00746024125143 ], [ 112.741764347169109, 27.903300725741527 ], [ 113.513974451149224, 28.486481594419857 ] ] ] ] } },
{ "type": "Feature", "properties": { "geogrid_id": "727838320087380674", "seqnum": 8312.0, "lat_c": 27.83832034165081, "lon_c": 87.380673930737501, "res": 7.0, "count_Flowering Plants": 31, "count_Insects": 8, "count_Sac Fungi": 1, "count_Reptiles": 0, "count_Molluscs": 0, "count_Birds": 36, "count_Ferns": 0, "count_Mammals": 5, "count_Arachnids": 0, "count_Amphibians": 1, "count_Basidiomycota": 0, "count_Mosses": 0, "count_Gymnosperms": 0, "unique_species_count": 82.0, "countryCode": "CN" }, "geometry": { "type": "MultiPolygon", "coordinates": [ [ [ [ 87.402724793240495, 28.738356733645837 ], [ 88.182000822905891, 28.165049828377427 ], [ 88.153632834340613, 27.267014221394362 ], [ 87.355564964025689, 26.940918760451925 ], [ 86.582122523448689, 27.506378334312494 ], [ 86.601221919402377, 28.405631239009303 ], [ 87.402724793240495, 28.738356733645837 ] ] ] ] } },
{ "type": "Feature", "properties": { "geogrid_id": "727838320115119326", "seqnum": 9209.0, "lat_c": 27.838320336790954, "lon_c": 115.11932607316645, "res": 7.0, "count_Flowering Plants": 43, "count_Insects": 91, "count_Sac Fungi": 0, "count_Reptiles": 6, "count_Molluscs": 1, "count_Birds": 65, "count_Ferns": 0, "count_Mammals": 4, "count_Arachnids": 2, "count_Amphibians": 4, "count_Basidiomycota": 0, "count_Mosses": 0, "count_Gymnosperms": 0, "unique_species_count": 216.0, "countryCode": "CN" }, "geometry": { "type": "MultiPolygon", "coordinates": [ [ [ [ 115.097275210642977, 28.738356728804838 ], [ 115.898778084426979, 28.405631234121561 ], [ 115.917877480399781, 27.506378329404946 ], [ 115.144435040017783, 26.940918761272663 ], [ 114.346367169716615, 27.267014222271957 ], [ 114.317999181052841, 28.165049823565848 ], [ 115.097275210642977, 28.738356728804838 ] ] ] ] } },
{ "type": "Feature", "properties": { "geogrid_id": "727859537108015485", "seqnum": 17740.0, "lat_c": 27.859537148084772, "lon_c": 108.01548456879176, "res": 7.0, "count_Flowering Plants": 107, "count_Insects": 67, "count_Sac Fungi": 0, "count_Reptiles": 5, "count_Molluscs": 0, "count_Birds": 39, "count_Ferns": 83, "count_Mammals": 3, "count_Arachnids": 2, "count_Amphibians": 4, "count_Basidiomycota": 6, "count_Mosses": 4, "count_Gymnosperms": 2, "unique_species_count": 322.0, "countryCode": "CN" }, "geometry": { "type": "MultiPolygon", "coordinates": [ [ [ [ 107.942229942217423, 28.769669650271535 ], [ 108.752407621916177, 28.490468996105811 ], [ 108.817426340123603, 27.583089768722409 ], [ 108.086104088948389, 26.94851915232103 ], [ 107.291254459488684, 27.21578937500415 ], [ 107.2121248205641, 28.129937342894838 ], [ 107.942229942217423, 28.769669650271535 ] ] ] ] } },
{ "type": "Feature", "properties": { "geogrid_id": "728067757085802404", "seqnum": 8258.0, "lat_c": 28.067756826834145, "lon_c": 85.802404300893372, "res": 7.0, "count_Flowering Plants": 113, "count_Insects": 23, "count_Sac Fungi": 1, "count_Reptiles": 1, "count_Molluscs": 1, "count_Birds": 68, "count_Ferns": 2, "count_Mammals": 7, "count_Arachnids": 0, "count_Amphibians": 2, "count_Basidiomycota": 1, "count_Mosses": 2, "count_Gymnosperms": 1, "unique_species_count": 222.0, "countryCode": "CN" }, "geometry": { "type": "MultiPolygon", "coordinates": [ [ [ [ 85.814914002247036, 28.96888891437759 ], [ 86.601221919402377, 28.405631239009303 ], [ 86.582122523448689, 27.506378334312494 ], [ 85.786419898628111, 27.169311893867672 ], [ 85.006350728063296, 27.724823397348235 ], [ 85.016078933704989, 28.624994133731036 ], [ 85.814914002247036, 28.96888891437759 ] ] ] ] } },
{ "type": "Feature", "properties": { "geogrid_id": "728067757116697596", "seqnum": 9263.0, "lat_c": 28.067756821900232, "lon_c": 116.69759570288112, "res": 7.0, "count_Flowering Plants": 12, "count_Insects": 36, "count_Sac Fungi": 0, "count_Reptiles": 2, "count_Molluscs": 3, "count_Birds": 21, "count_Ferns": 0, "count_Mammals": 1, "count_Arachnids": 5, "count_Amphibians": 2, "count_Basidiomycota": 1, "count_Mosses": 0, "count_Gymnosperms": 0, "unique_species_count": 83.0, "countryCode": "CN" }, "geometry": { "type": "MultiPolygon", "coordinates": [ [ [ [ 116.685086001504317, 28.968888909462617 ], [ 117.483921069992277, 28.624994128771451 ], [ 117.493649275655628, 27.724823392368727 ], [ 116.713580105164297, 27.169311888913018 ], [ 115.917877480399781, 27.506378329404946 ], [ 115.898778084426979, 28.405631234121561 ], [ 116.685086001504317, 28.968888909462617 ] ] ] ] } },
{ "type": "Feature", "properties": { "geogrid_id": "728205381092939311", "seqnum": 8503.0, "lat_c": 28.205380725464309, "lon_c": 92.939311369424814, "res": 7.0, "count_Flowering Plants": 6, "count_Insects": 0, "count_Sac Fungi": 1, "count_Reptiles": 0, "count_Molluscs": 0, "count_Birds": 4, "count_Ferns": 0, "count_Mammals": 0, "count_Arachnids": 0, "count_Amphibians": 0, "count_Basidiomycota": 0, "count_Mosses": 0, "count_Gymnosperms": 1, "unique_species_count": 12.0, "countryCode": "CN" }, "geometry": { "type": "MultiPolygon", "coordinates": [ [ [ [ 92.999115363129008, 29.110008716270862 ], [ 93.747592377030458, 28.490468992320618 ], [ 93.682573658879434, 27.583089764975295 ], [ 92.88217228427726, 27.300650980304194 ], [ 92.133035612698919, 27.914467671831979 ], [ 92.185148442934221, 28.816754696288847 ], [ 92.999115363129008, 29.110008716270862 ] ] ] ] } },
{ "type": "Feature", "properties": { "geogrid_id": "728205381109560689", "seqnum": 17794.0, "lat_c": 28.205380729212497, "lon_c": 109.56068862954757, "res": 7.0, "count_Flowering Plants": 182, "count_Insects": 77, "count_Sac Fungi": 0, "count_Reptiles": 2, "count_Molluscs": 0, "count_Birds": 31, "count_Ferns": 15, "count_Mammals": 0, "count_Arachnids": 2, "count_Amphibians": 3, "count_Basidiomycota": 1, "count_Mosses": 0, "count_Gymnosperms": 0, "unique_species_count": 313.0, "countryCode": "CN" }, "geometry": { "type": "MultiPolygon", "coordinates": [ [ [ [ 109.500884635785908, 29.110008720058929 ], [ 110.314851556005763, 28.816754700040843 ], [ 110.366964386297369, 27.914467675543442 ], [ 109.617827714750533, 27.300650984013537 ], [ 108.817426340123603, 27.583089768722409 ], [ 108.752407621916177, 28.490468996105811 ], [ 109.500884635785908, 29.110008720058929 ] ] ] ] } },
{ "type": "Feature", "properties": { "geogrid_id": "728222341098395781", "seqnum": 8694.0, "lat_c": 28.222341289841459, "lon_c": 98.395781389371393, "res": 7.0, "count_Flowering Plants": 86, "count_Insects": 74, "count_Sac Fungi": 2, "count_Reptiles": 7, "count_Molluscs": 3, "count_Birds": 61, "count_Ferns": 6, "count_Mammals": 6, "count_Arachnids": 0, "count_Amphibians": 1, "count_Basidiomycota": 0, "count_Mosses": 5, "count_Gymnosperms": 4, "unique_species_count": 255.0, "countryCode": "CN" }, "geometry": { "type": "MultiPolygon", "coordinates": [ [ [ [ 98.512924285695718, 29.150091185465925 ], [ 99.342223655048613, 28.64496737181712 ], [ 99.362284115208496, 27.89737243359075 ], [ 98.425751622361361, 27.478707330253403 ], [ 97.598160535011502, 27.980160691312403 ], [ 97.705185725073903, 28.904357082371043 ], [ 98.512924285695718, 29.150091185465925 ] ] ] ] } },
{ "type": "Feature", "properties": { "geogrid_id": "728222341104104219", "seqnum": 17605.0, "lat_c": 28.222341290329137, "lon_c": 104.10421861220816, "res": 7.0, "count_Flowering Plants": 19, "count_Insects": 49, "count_Sac Fungi": 0, "count_Reptiles": 6, "count_Molluscs": 1, "count_Birds": 47, "count_Ferns": 1, "count_Mammals": 4, "count_Arachnids": 1, "count_Amphibians": 1, "count_Basidiomycota": 0, "count_Mosses": 0, "count_Gymnosperms": 0, "unique_species_count": 129.0, "countryCode": "CN" }, "geometry": { "type": "MultiPolygon", "coordinates": [ [ [ [ 103.987075713118273, 29.150091189445131 ], [ 104.794814273776595, 28.904357086311069 ], [ 104.901839463896906, 27.980160695220626 ], [ 104.074248379169774, 27.478707330758795 ], [ 103.137715886340501, 27.897372434071443 ], [ 103.157776346549312, 28.644967372281318 ], [ 103.987075713118273, 29.150091189445131 ] ] ] ] } },
{ "type": "Feature", "properties": { "geogrid_id": "728276108118280098", "seqnum": 9318.0, "lat_c": 28.276108402841473, "lon_c": 118.2800983873738, "res": 7.0, "count_Flowering Plants": 287, "count_Insects": 509, "count_Sac Fungi": 2, "count_Reptiles": 35, "count_Molluscs": 5, "count_Birds": 109, "count_Ferns": 14, "count_Mammals": 11, "count_Arachnids": 14, "count_Amphibians": 19, "count_Basidiomycota": 4, "count_Mosses": 2, "count_Gymnosperms": 3, "unique_species_count": 1014.0, "countryCode": "CN" }, "geometry": { "type": "MultiPolygon", "coordinates": [ [ [ [ 118.277204834972906, 29.178028098750573 ], [ 119.073246110001421, 28.823102660238479 ], [ 119.073537044365139, 27.92232699700153 ], [ 118.286864339006257, 27.376923906355326 ], [ 117.493649275655628, 27.724823392368727 ], [ 117.483921069992277, 28.624994128771451 ], [ 118.277204834972906, 29.178028098750573 ] ] ] ] } },
{ "type": "Feature", "properties": { "geogrid_id": "728309784100303560", "seqnum": 8748.0, "lat_c": 28.309784439793781, "lon_c": 100.3035600996746, "res": 7.0, "count_Flowering Plants": 231, "count_Insects": 60, "count_Sac Fungi": 1, "count_Reptiles": 2, "count_Molluscs": 0, "count_Birds": 122, "count_Ferns": 0, "count_Mammals": 17, "count_Arachnids": 0, "count_Amphibians": 0, "count_Basidiomycota": 3, "count_Mosses": 4, "count_Gymnosperms": 2, "unique_species_count": 442.0, "countryCode": "CN" }, "geometry": { "type": "MultiPolygon", "coordinates": [ [ [ [ 100.29348336226694, 29.060854065640235 ], [ 101.250000001200661, 28.716293546357836 ], [ 101.250000001167336, 27.95973182535916 ], [ 100.313269462944675, 27.556027931290117 ], [ 99.362284115208496, 27.89737243359075 ], [ 99.342223655048613, 28.64496737181712 ], [ 100.29348336226694, 29.060854065640235 ] ] ] ] } },
{ "type": "Feature", "properties": { "geogrid_id": "728309784102196440", "seqnum": 17550.0, "lat_c": 28.309784440248748, "lon_c": 102.19643990189358, "res": 7.0, "count_Flowering Plants": 21, "count_Insects": 49, "count_Sac Fungi": 6, "count_Reptiles": 1, "count_Molluscs": 1, "count_Birds": 45, "count_Ferns": 11, "count_Mammals": 5, "count_Arachnids": 2, "count_Amphibians": 1, "count_Basidiomycota": 0, "count_Mosses": 1, "count_Gymnosperms": 1, "unique_species_count": 144.0, "countryCode": "CN" }, "geometry": { "type": "MultiPolygon", "coordinates": [ [ [ [ 102.206516639350667, 29.060854066079845 ], [ 103.157776346549312, 28.644967372281318 ], [ 103.137715886340501, 27.897372434071443 ], [ 102.186730538574565, 27.556027931760205 ], [ 101.250000000371898, 27.959731825801626 ], [ 101.250000000388013, 28.716293546786236 ], [ 102.206516639350667, 29.060854066079845 ] ] ] ] } },
{ "type": "Feature", "properties": { "geogrid_id": "728463355119866673", "seqnum": 9372.0, "lat_c": 28.463354704340524, "lon_c": 119.86667291157893, "res": 7.0, "count_Flowering Plants": 281, "count_Insects": 896, "count_Sac Fungi": 24, "count_Reptiles": 36, "count_Molluscs": 21, "count_Birds": 275, "count_Ferns": 13, "count_Mammals": 11, "count_Arachnids": 25, "count_Amphibians": 26, "count_Basidiomycota": 63, "count_Mosses": 2, "count_Gymnosperms": 6, "unique_species_count": 1679.0, "countryCode": "CN" }, "geometry": { "type": "MultiPolygon", "coordinates": [ [ [ [ 119.87343012145169, 29.365739957206884 ], [ 120.666576065205973, 28.999938654492098 ], [ 120.657400991907153, 28.098885685402273 ], [ 119.864160420175494, 27.563748434991656 ], [ 119.073537044365139, 27.92232699700153 ], [ 119.073246110001421, 28.823102660238479 ], [ 119.87343012145169, 29.365739957206884 ] ] ] ] } },
{ "type": "Feature", "properties": { "geogrid_id": "728517837091373620", "seqnum": 8449.0, "lat_c": 28.517836713267766, "lon_c": 91.37362001144642, "res": 7.0, "count_Flowering Plants": 14, "count_Insects": 11, "count_Sac Fungi": 1, "count_Reptiles": 0, "count_Molluscs": 0, "count_Birds": 23, "count_Ferns": 0, "count_Mammals": 6, "count_Arachnids": 0, "count_Amphibians": 3, "count_Basidiomycota": 1, "count_Mosses": 1, "count_Gymnosperms": 0, "unique_species_count": 60.0, "countryCode": "CN" }, "geometry": { "type": "MultiPolygon", "coordinates": [ [ [ [ 91.413444881935817, 29.418184125643158 ], [ 92.185148442934221, 28.816754696288847 ], [ 92.133035612698919, 27.914467671831979 ], [ 91.328869649811608, 27.617796168655978 ], [ 90.564620416278686, 28.2133269768105 ], [ 90.601836129980342, 29.113126269885719 ], [ 91.413444881935817, 29.418184125643158 ] ] ] ] } },
{ "type": "Feature", "properties": { "geogrid_id": "728517837111126380", "seqnum": 9074.0, "lat_c": 28.517836714378873, "lon_c": 111.12637999264942, "res": 7.0, "count_Flowering Plants": 53, "count_Insects": 14, "count_Sac Fungi": 0, "count_Reptiles": 1, "count_Molluscs": 0, "count_Birds": 12, "count_Ferns": 0, "count_Mammals": 0, "count_Arachnids": 0, "count_Amphibians": 3, "count_Basidiomycota": 0, "count_Mosses": 0, "count_Gymnosperms": 2, "unique_species_count": 85.0, "countryCode": "CN" }, "geometry": { "type": "MultiPolygon", "coordinates": [ [ [ [ 111.086555122233662, 29.418184121030269 ], [ 111.898163874137879, 29.113126265222348 ], [ 111.935379587810104, 28.213326977862369 ], [ 111.171130349206805, 27.617796172331033 ], [ 110.366964386297369, 27.914467675543442 ], [ 110.314851561166819, 28.816754697459729 ], [ 111.086555122233662, 29.418184121030269 ] ] ] ] } },
{ "type": "Feature", "properties": { "geogrid_id": "728629495121457167", "seqnum": 9426.0, "lat_c": 28.629495378142696, "lon_c": 121.4571672616834, "res": 7.0, "count_Flowering Plants": 408, "count_Insects": 302, "count_Sac Fungi": 8, "count_Reptiles": 37, "count_Molluscs": 17, "count_Birds": 179, "count_Ferns": 19, "count_Mammals": 6, "count_Arachnids": 11, "count_Amphibians": 20, "count_Basidiomycota": 11, "count_Mosses": 1, "count_Gymnosperms": 4, "unique_species_count": 1023.0, "countryCode": "CN" }, "geometry": { "type": "MultiPolygon", "coordinates": [ [ [ [ 121.473568418225383, 29.532008639412275 ], [ 122.263746886708319, 29.155505016685463 ], [ 122.245114612124183, 28.254518801890441 ], [ 121.445350340160118, 27.729800547510795 ], [ 120.657400991907153, 28.098885685402273 ], [ 120.666576065205973, 28.999938654492098 ], [ 121.473568418225383, 29.532008639412275 ] ] ] ] } },
{ "type": "Feature", "properties": { "geogrid_id": "728652393096898341", "seqnum": 8639.0, "lat_c": 28.652393023884663, "lon_c": 96.898341345198546, "res": 7.0, "count_Flowering Plants": 25, "count_Insects": 14, "count_Sac Fungi": 0, "count_Reptiles": 0, "count_Molluscs": 0, "count_Birds": 9, "count_Ferns": 2, "count_Mammals": 1, "count_Arachnids": 0, "count_Amphibians": 1, "count_Basidiomycota": 0, "count_Mosses": 1, "count_Gymnosperms": 0, "unique_species_count": 53.0, "countryCode": "CN" }, "geometry": { "type": "MultiPolygon", "coordinates": [ [ [ [ 96.998538418484799, 29.57137188277024 ], [ 97.705185725073903, 28.904357082371043 ], [ 97.598160535011502, 27.980160691312403 ], [ 96.801018336629696, 27.731651379750712 ], [ 96.092526942771769, 28.394238552067744 ], [ 96.183361387552068, 29.310174814166398 ], [ 96.998538418484799, 29.57137188277024 ] ] ] ] } },
{ "type": "Feature", "properties": { "geogrid_id": "728652393105601659", "seqnum": 17659.0, "lat_c": 28.652393027785664, "lon_c": 105.6016586536864, "res": 7.0, "count_Flowering Plants": 89, "count_Insects": 122, "count_Sac Fungi": 2, "count_Reptiles": 4, "count_Molluscs": 5, "count_Birds": 66, "count_Ferns": 2, "count_Mammals": 3, "count_Arachnids": 7, "count_Amphibians": 6, "count_Basidiomycota": 3, "count_Mosses": 1, "count_Gymnosperms": 2, "unique_species_count": 312.0, "countryCode": "CN" }, "geometry": { "type": "MultiPolygon", "coordinates": [ [ [ [ 105.501461580339836, 29.571371886705762 ], [ 106.31663861130599, 29.310174818064048 ], [ 106.407473056145619, 28.394238555929913 ], [ 105.698981662312463, 27.731651383618804 ], [ 104.901839463896906, 27.980160695220626 ], [ 104.794814273776595, 28.904357086311069 ], [ 105.501461580339836, 29.571371886705762 ] ] ] ] } },
{ "type": "Feature", "properties": { "geogrid_id": "728774554123051447", "seqnum": 9481.0, "lat_c": 28.774554250289995, "lon_c": 123.05144720689252, "res": 7.0, "count_Flowering Plants": 4, "count_Insects": 2, "count_Sac Fungi": 0, "count_Reptiles": 2, "count_Molluscs": 0, "count_Birds": 21, "count_Ferns": 0, "count_Mammals": 0, "count_Arachnids": 1, "count_Amphibians": 0, "count_Basidiomycota": 0, "count_Mosses": 0, "count_Gymnosperms": 0, "unique_species_count": 30.0, "countryCode": "CN" }, "geometry": { "type": "MultiPolygon", "coordinates": [ [ [ [ 123.07744369957058, 29.676840389641217 ], [ 123.864617389535923, 29.289830200696777 ], [ 123.836573560870391, 28.389273524842025 ], [ 123.030333192174353, 27.875121358329718 ], [ 122.245114612124183, 28.254518801890441 ], [ 122.263746886708319, 29.155505016685463 ], [ 123.07744369957058, 29.676840389641217 ] ] ] ] } },
{ "type": "Feature", "properties": { "geogrid_id": "728802533089792666", "seqnum": 8394.0, "lat_c": 28.802533450943383, "lon_c": 89.792666112230108, "res": 7.0, "count_Flowering Plants": 22, "count_Insects": 7, "count_Sac Fungi": 0, "count_Reptiles": 0, "count_Molluscs": 0, "count_Birds": 24, "count_Ferns": 0, "count_Mammals": 2, "count_Arachnids": 1, "count_Amphibians": 0, "count_Basidiomycota": 0, "count_Mosses": 0, "count_Gymnosperms": 0, "unique_species_count": 56.0, "countryCode": "CN" }, "geometry": { "type": "MultiPolygon", "coordinates": [ [ [ [ 89.822491926140572, 29.704788812794835 ], [ 90.601836129980342, 29.113126269885719 ], [ 90.564620416278686, 28.2133269768105 ], [ 89.758235656910841, 27.903300724748345 ], [ 88.986025552863538, 28.486481599182586 ], [ 89.013449439545198, 29.388017302640812 ], [ 89.822491926140572, 29.704788812794835 ] ] ] ] } },
{ "type": "Feature", "properties": { "geogrid_id": "728802533112707334", "seqnum": 9128.0, "lat_c": 28.802533446230061, "lon_c": 112.70733389183583, "res": 7.0, "count_Flowering Plants": 262, "count_Insects": 282, "count_Sac Fungi": 0, "count_Reptiles": 11, "count_Molluscs": 16, "count_Birds": 198, "count_Ferns": 10, "count_Mammals": 12, "count_Arachnids": 13, "count_Amphibians": 8, "count_Basidiomycota": 14, "count_Mosses": 1, "count_Gymnosperms": 3, "unique_species_count": 830.0, "countryCode": "CN" }, "geometry": { "type": "MultiPolygon", "coordinates": [ [ [ [ 112.67750807789993, 29.704788808097362 ], [ 113.486550564443931, 29.388017297894965 ], [ 113.513974451149224, 28.486481594419857 ], [ 112.741764347169109, 27.903300725741527 ], [ 111.935379587810104, 28.213326977862369 ], [ 111.898163874137879, 29.113126265222348 ], [ 112.67750807789993, 29.704788808097362 ] ] ] ] } },
{ "type": "Feature", "properties": { "geogrid_id": "728898585124649406", "seqnum": 9535.0, "lat_c": 28.898584844969971, "lon_c": 124.64940646993864, "res": 7.0, "count_Flowering Plants": 0, "count_Insects": 0, "count_Sac Fungi": 0, "count_Reptiles": 2, "count_Molluscs": 0, "count_Birds": 2, "count_Ferns": 0, "count_Mammals": 1, "count_Arachnids": 0, "count_Amphibians": 0, "count_Basidiomycota": 0, "count_Mosses": 0, "count_Gymnosperms": 0, "unique_species_count": 5.0, "countryCode": "CN" }, "geometry": { "type": "MultiPolygon", "coordinates": [ [ [ [ 124.684908540489729, 29.800268350279104 ], [ 125.469080981895928, 29.402974277940089 ], [ 125.431706097759346, 28.503231641171585 ], [ 124.619034234622106, 27.999784094947568 ], [ 123.836573560870391, 28.389273524842025 ], [ 123.864617389535923, 29.289830200696777 ], [ 124.684908540489729, 29.800268350279104 ] ] ] ] } },
{ "type": "Feature", "properties": { "geogrid_id": "729001678126250979", "seqnum": 9589.0, "lat_c": 29.001677964813538, "lon_c": 126.25097884592132, "res": 7.0, "count_Flowering Plants": 0, "count_Insects": 0, "count_Sac Fungi": 0, "count_Reptiles": 1, "count_Molluscs": 0, "count_Birds": 0, "count_Ferns": 0, "count_Mammals": 0, "count_Arachnids": 0, "count_Amphibians": 0, "count_Basidiomycota": 0, "count_Mosses": 0, "count_Gymnosperms": 0, "unique_species_count": 1.0, "countryCode": "CN" }, "geometry": { "type": "MultiPolygon", "coordinates": [ [ [ [ 126.295857728437298, 29.902359228309738 ], [ 127.077079839550308, 29.49503743904998 ], [ 127.030485411994064, 28.596518910540802 ], [ 126.211415459555056, 28.103902334877631 ], [ 125.431706097759346, 28.503231641171585 ], [ 125.469080981895928, 29.402974277940089 ], [ 126.295857728437298, 29.902359228309738 ] ] ] ] } },
{ "type": "Feature", "properties": { "geogrid_id": "729042923095369732", "seqnum": 8585.0, "lat_c": 29.042923448153303, "lon_c": 95.369731866750143, "res": 7.0, "count_Flowering Plants": 87, "count_Insects": 143, "count_Sac Fungi": 5, "count_Reptiles": 5, "count_Molluscs": 2, "count_Birds": 120, "count_Ferns": 9, "count_Mammals": 8, "count_Arachnids": 7, "count_Amphibians": 5, "count_Basidiomycota": 0, "count_Mosses": 0, "count_Gymnosperms": 1, "unique_species_count": 392.0, "countryCode": "CN" }, "geometry": { "type": "MultiPolygon", "coordinates": [ [ [ [ 95.454678949604485, 29.955112138177583 ], [ 96.183361387552068, 29.310174814166398 ], [ 96.092526942771769, 28.394238552067744 ], [ 95.287875178383771, 28.129937339071279 ], [ 94.557770056701614, 28.769669646449078 ], [ 94.633981696064737, 29.679251691093157 ], [ 95.454678949604485, 29.955112138177583 ] ] ] ] } },
{ "type": "Feature", "properties": { "geogrid_id": "729042923107130268", "seqnum": 17713.0, "lat_c": 29.042923452013255, "lon_c": 107.13026813213938, "res": 7.0, "count_Flowering Plants": 188, "count_Insects": 190, "count_Sac Fungi": 1, "count_Reptiles": 23, "count_Molluscs": 7, "count_Birds": 110, "count_Ferns": 21, "count_Mammals": 7, "count_Arachnids": 2, "count_Amphibians": 5, "count_Basidiomycota": 3, "count_Mosses": 21, "count_Gymnosperms": 3, "unique_species_count": 581.0, "countryCode": "CN" }, "geometry": { "type": "MultiPolygon", "coordinates": [ [ [ [ 107.045321049224071, 29.955112142075187 ], [ 107.866018302794501, 29.679251694954054 ], [ 107.942229942217423, 28.769669650271535 ], [ 107.2121248205641, 28.129937342894838 ], [ 106.407473056145619, 28.394238555929913 ], [ 106.31663861130599, 29.310174818064048 ], [ 107.045321049224071, 29.955112142075187 ] ] ] ] } },
{ "type": "Feature", "properties": { "geogrid_id": "729065847088206830", "seqnum": 8340.0, "lat_c": 29.065846576721182, "lon_c": 88.206829791543299, "res": 7.0, "count_Flowering Plants": 13, "count_Insects": 1, "count_Sac Fungi": 0, "count_Reptiles": 0, "count_Molluscs": 0, "count_Birds": 19, "count_Ferns": 0, "count_Mammals": 3, "count_Arachnids": 1, "count_Amphibians": 0, "count_Basidiomycota": 0, "count_Mosses": 0, "count_Gymnosperms": 0, "unique_species_count": 37.0, "countryCode": "CN" }, "geometry": { "type": "MultiPolygon", "coordinates": [ [ [ [ 88.226492076822097, 29.96972614686679 ], [ 89.013449439545198, 29.388017302640812 ], [ 88.986025552863538, 28.486481599182586 ], [ 88.182000822905891, 28.165049828377427 ], [ 87.402724793240495, 28.738356733645837 ], [ 87.420212240126773, 29.641341543207094 ], [ 88.226492076822097, 29.96972614686679 ] ] ] ] } },
{ "type": "Feature", "properties": { "geogrid_id": "729065847114293170", "seqnum": 9182.0, "lat_c": 29.065846571927487, "lon_c": 114.29317021239348, "res": 7.0, "count_Flowering Plants": 39, "count_Insects": 134, "count_Sac Fungi": 1, "count_Reptiles": 9, "count_Molluscs": 9, "count_Birds": 44, "count_Ferns": 3, "count_Mammals": 4, "count_Arachnids": 6, "count_Amphibians": 3, "count_Basidiomycota": 3, "count_Mosses": 0, "count_Gymnosperms": 0, "unique_species_count": 255.0, "countryCode": "CN" }, "geometry": { "type": "MultiPolygon", "coordinates": [ [ [ [ 114.273507927086115, 29.969726142088952 ], [ 115.079787763730138, 29.64134153838301 ], [ 115.097275210642977, 28.738356728804838 ], [ 114.317999181052841, 28.165049823565848 ], [ 113.513974451149224, 28.486481594419857 ], [ 113.486550564443931, 29.388017297894965 ], [ 114.273507927086115, 29.969726142088952 ] ] ] ] } },
{ "type": "Feature", "properties": { "geogrid_id": "729307701086616322", "seqnum": 8286.0, "lat_c": 29.307700855638153, "lon_c": 86.616321610186233, "res": 7.0, "count_Flowering Plants": 6, "count_Insects": 1, "count_Sac Fungi": 0, "count_Reptiles": 0, "count_Molluscs": 0, "count_Birds": 8, "count_Ferns": 0, "count_Mammals": 0, "count_Arachnids": 0, "count_Amphibians": 0, "count_Basidiomycota": 0, "count_Mosses": 0, "count_Gymnosperms": 0, "unique_species_count": 15.0, "countryCode": "CN" }, "geometry": { "type": "MultiPolygon", "coordinates": [ [ [ [ 86.62569963968339, 30.21290964608999 ], [ 87.420212240126773, 29.641341543207094 ], [ 87.402724793240495, 28.738356733645837 ], [ 86.601221919402377, 28.405631239009303 ], [ 85.814914002247036, 28.96888891437759 ], [ 85.822362905704423, 29.873023787455132 ], [ 86.62569963968339, 30.21290964608999 ] ] ] ] } },
{ "type": "Feature", "properties": { "geogrid_id": "729307701115883678", "seqnum": 9237.0, "lat_c": 29.307700850768352, "lon_c": 115.88367839361837, "res": 7.0, "count_Flowering Plants": 248, "count_Insects": 261, "count_Sac Fungi": 12, "count_Reptiles": 16, "count_Molluscs": 40, "count_Birds": 185, "count_Ferns": 52, "count_Mammals": 11, "count_Arachnids": 5, "count_Amphibians": 9, "count_Basidiomycota": 6, "count_Mosses": 0, "count_Gymnosperms": 3, "unique_species_count": 848.0, "countryCode": "CN" }, "geometry": { "type": "MultiPolygon", "coordinates": [ [ [ [ 115.874300364089436, 30.212909641236106 ], [ 116.677637098017343, 29.873023782557159 ], [ 116.685086001504317, 28.968888909462617 ], [ 115.898778084426979, 28.405631234121561 ], [ 115.097275210642977, 28.738356728804838 ], [ 115.079787763730138, 29.64134153838301 ], [ 115.874300364089436, 30.212909641236106 ] ] ] ] } },
{ "type": "Feature", "properties": { "geogrid_id": "729389560099321418", "seqnum": 8721.0, "lat_c": 29.389559958631395, "lon_c": 99.321418254538443, "res": 7.0, "count_Flowering Plants": 79, "count_Insects": 17, "count_Sac Fungi": 5, "count_Reptiles": 0, "count_Molluscs": 0, "count_Birds": 19, "count_Ferns": 19, "count_Mammals": 3, "count_Arachnids": 0, "count_Amphibians": 2, "count_Basidiomycota": 0, "count_Mosses": 2, "count_Gymnosperms": 2, "unique_species_count": 148.0, "countryCode": "CN" }, "geometry": { "type": "MultiPolygon", "coordinates": [ [ [ [ 99.452098221321677, 30.318175727446942 ], [ 100.28303034462192, 29.809181645932913 ], [ 100.29348336226694, 29.060854065640235 ], [ 99.342223655048613, 28.64496737181712 ], [ 98.512924285695718, 29.150091185465925 ], [ 98.633035968673383, 30.075414642008962 ], [ 99.452098221321677, 30.318175727446942 ] ] ] ] } },
{ "type": "Feature", "properties": { "geogrid_id": "729389560103178582", "seqnum": 17578.0, "lat_c": 29.389559959078856, "lon_c": 103.17858174710888, "res": 7.0, "count_Flowering Plants": 138, "count_Insects": 365, "count_Sac Fungi": 1, "count_Reptiles": 21, "count_Molluscs": 6, "count_Birds": 255, "count_Ferns": 29, "count_Mammals": 29, "count_Arachnids": 8, "count_Amphibians": 18, "count_Basidiomycota": 7, "count_Mosses": 6, "count_Gymnosperms": 1, "unique_species_count": 884.0, "countryCode": "CN" }, "geometry": { "type": "MultiPolygon", "coordinates": [ [ [ [ 103.047901777390592, 30.318175731496819 ], [ 103.866964030078378, 30.075414646020626 ], [ 103.987075713118273, 29.150091189445131 ], [ 103.157776346549312, 28.644967372281318 ], [ 102.206516639350667, 29.060854066079845 ], [ 102.216969657045667, 29.809181646356951 ], [ 103.047901777390592, 30.318175731496819 ] ] ] ] } },
{ "type": "Feature", "properties": { "geogrid_id": "729397530093815426", "seqnum": 8531.0, "lat_c": 29.397529679251036, "lon_c": 93.815426100632223, "res": 7.0, "count_Flowering Plants": 90, "count_Insects": 12, "count_Sac Fungi": 6, "count_Reptiles": 1, "count_Molluscs": 0, "count_Birds": 48, "count_Ferns": 5, "count_Mammals": 5, "count_Arachnids": 1, "count_Amphibians": 0, "count_Basidiomycota": 1, "count_Mosses": 0, "count_Gymnosperms": 1, "unique_species_count": 170.0, "countryCode": "CN" }, "geometry": { "type": "MultiPolygon", "coordinates": [ [ [ [ 93.861931520236865, 30.299438239699384 ], [ 94.633981696064737, 29.679251691093157 ], [ 94.557770056701614, 28.769669646449078 ], [ 93.747592377030458, 28.490468992320618 ], [ 92.999115363129008, 29.110008716270862 ], [ 93.043594061845738, 30.011407683606095 ], [ 93.861931520236865, 30.299438239699384 ] ] ] ] } },
{ "type": "Feature", "properties": { "geogrid_id": "729397530108684574", "seqnum": 8993.0, "lat_c": 29.397529680542931, "lon_c": 108.68457390347341, "res": 7.0, "count_Flowering Plants": 71, "count_Insects": 58, "count_Sac Fungi": 0, "count_Reptiles": 7, "count_Molluscs": 3, "count_Birds": 19, "count_Ferns": 1, "count_Mammals": 8, "count_Arachnids": 4, "count_Amphibians": 2, "count_Basidiomycota": 0, "count_Mosses": 0, "count_Gymnosperms": 2, "unique_species_count": 175.0, "countryCode": "CN" }, "geometry": { "type": "MultiPolygon", "coordinates": [ [ [ [ 108.638068484079639, 30.299438235240874 ], [ 109.456405942422961, 30.011407679095655 ], [ 109.500884640975315, 29.110008717502016 ], [ 108.752407621916177, 28.490468996105811 ], [ 107.942229942217423, 28.769669650271535 ], [ 107.866018308040125, 29.679251692446226 ], [ 108.638068484079639, 30.299438235240874 ] ] ] ] } },
{ "type": "Feature", "properties": { "geogrid_id": "729470399101250000", "seqnum": 17524.0, "lat_c": 29.47039861296696, "lon_c": 101.25000000040407, "res": 7.0, "count_Flowering Plants": 82, "count_Insects": 49, "count_Sac Fungi": 5, "count_Reptiles": 1, "count_Molluscs": 0, "count_Birds": 75, "count_Ferns": 36, "count_Mammals": 6, "count_Arachnids": 1, "count_Amphibians": 0, "count_Basidiomycota": 0, "count_Mosses": 2, "count_Gymnosperms": 0, "unique_species_count": 257.0, "countryCode": "CN" }, "geometry": { "type": "MultiPolygon", "coordinates": [ [ [ [ 101.250000000420073, 30.221996485227042 ], [ 102.216969657045667, 29.809181646356951 ], [ 102.206516639350667, 29.060854066079845 ], [ 101.250000000388013, 28.716293546786236 ], [ 100.29348336226694, 29.060854065640235 ], [ 100.28303034462192, 29.809181645932913 ], [ 101.250000000420073, 30.221996485227042 ] ] ] ] } },
{ "type": "Feature", "properties": { "geogrid_id": "729528033085021362", "seqnum": 8231.0, "lat_c": 29.528033182327796, "lon_c": 85.021362421023284, "res": 7.0, "count_Flowering Plants": 12, "count_Insects": 1, "count_Sac Fungi": 0, "count_Reptiles": 0, "count_Molluscs": 0, "count_Birds": 8, "count_Ferns": 0, "count_Mammals": 0, "count_Arachnids": 0, "count_Amphibians": 0, "count_Basidiomycota": 0, "count_Mosses": 0, "count_Gymnosperms": 0, "unique_species_count": 21.0, "countryCode": "CN" }, "geometry": { "type": "MultiPolygon", "coordinates": [ [ [ [ 85.020382553938163, 30.434264453828643 ], [ 85.822362905704423, 29.873023787455132 ], [ 85.814914002247036, 28.96888891437759 ], [ 85.016078933704989, 28.624994133731036 ], [ 84.222795168643728, 29.178028103735116 ], [ 84.220148721781712, 30.083001546703301 ], [ 85.020382553938163, 30.434264453828643 ] ] ] ] } },
{ "type": "Feature", "properties": { "geogrid_id": "729528033117478638", "seqnum": 9291.0, "lat_c": 29.528033177386263, "lon_c": 117.4786375826464, "res": 7.0, "count_Flowering Plants": 333, "count_Insects": 702, "count_Sac Fungi": 4, "count_Reptiles": 35, "count_Molluscs": 16, "count_Birds": 152, "count_Ferns": 15, "count_Mammals": 19, "count_Arachnids": 21, "count_Amphibians": 23, "count_Basidiomycota": 17, "count_Mosses": 2, "count_Gymnosperms": 4, "unique_species_count": 1343.0, "countryCode": "CN" }, "geometry": { "type": "MultiPolygon", "coordinates": [ [ [ [ 117.479617449696448, 30.434264448903136 ], [ 118.27985128180228, 30.083001541735886 ], [ 118.277204834972906, 29.178028098750573 ], [ 117.483921069992277, 28.624994128771451 ], [ 116.685086001504317, 28.968888909462617 ], [ 116.677637098017343, 29.873023782557159 ], [ 117.479617449696448, 30.434264448903136 ] ] ] ] } },
{ "type": "Feature", "properties": { "geogrid_id": "729717634092227397", "seqnum": 8476.0, "lat_c": 29.717634361937598, "lon_c": 92.227397311481567, "res": 7.0, "count_Flowering Plants": 36, "count_Insects": 1, "count_Sac Fungi": 0, "count_Reptiles": 1, "count_Molluscs": 0, "count_Birds": 33, "count_Ferns": 0, "count_Mammals": 2, "count_Arachnids": 0, "count_Amphibians": 0, "count_Basidiomycota": 0, "count_Mosses": 0, "count_Gymnosperms": 0, "unique_species_count": 73.0, "countryCode": "CN" }, "geometry": { "type": "MultiPolygon", "coordinates": [ [ [ [ 92.263173740292373, 30.621959524173676 ], [ 93.043594061845738, 30.011407683606095 ], [ 92.999115363129008, 29.110008716270862 ], [ 92.185148442934221, 28.816754696288847 ], [ 91.413444881935817, 29.418184125643158 ], [ 91.447456614061949, 30.321831189698262 ], [ 92.263173740292373, 30.621959524173676 ] ] ] ] } },
{ "type": "Feature", "properties": { "geogrid_id": "729717634110272603", "seqnum": 9047.0, "lat_c": 29.71763435737569, "lon_c": 110.2726026927381, "res": 7.0, "count_Flowering Plants": 264, "count_Insects": 122, "count_Sac Fungi": 6, "count_Reptiles": 14, "count_Molluscs": 3, "count_Birds": 102, "count_Ferns": 9, "count_Mammals": 5, "count_Arachnids": 9, "count_Amphibians": 8, "count_Basidiomycota": 2, "count_Mosses": 6, "count_Gymnosperms": 4, "unique_species_count": 554.0, "countryCode": "CN" }, "geometry": { "type": "MultiPolygon", "coordinates": [ [ [ [ 110.236826263895381, 30.621959519624308 ], [ 111.052543390077943, 30.321831185099054 ], [ 111.086555122233662, 29.418184121030269 ], [ 110.314851561166819, 28.816754697459729 ], [ 109.500884640975315, 29.110008717502016 ], [ 109.456405942422961, 30.011407679095655 ], [ 110.236826263895381, 30.621959519624308 ] ] ] ] } },
{ "type": "Feature", "properties": { "geogrid_id": "729726795083422177", "seqnum": 8177.0, "lat_c": 29.726794510913749, "lon_c": 83.42217729430557, "res": 7.0, "count_Flowering Plants": 1, "count_Insects": 0, "count_Sac Fungi": 0, "count_Reptiles": 0, "count_Molluscs": 0, "count_Birds": 0, "count_Ferns": 0, "count_Mammals": 0, "count_Arachnids": 0, "count_Amphibians": 0, "count_Basidiomycota": 0, "count_Mosses": 0, "count_Gymnosperms": 0, "unique_species_count": 1.0, "countryCode": "CN" }, "geometry": { "type": "MultiPolygon", "coordinates": [ [ [ [ 83.41081631219744, 30.633728971178826 ], [ 84.220148721781712, 30.083001546703301 ], [ 84.222795168643728, 29.178028103735116 ], [ 83.426753893561298, 28.823102665265477 ], [ 82.62656988202788, 29.365739962256495 ], [ 82.6138192125335, 30.27122696895006 ], [ 83.41081631219744, 30.633728971178826 ] ] ] ] } },
{ "type": "Feature", "properties": { "geogrid_id": "729726795119077823", "seqnum": 9345.0, "lat_c": 29.726794505904966, "lon_c": 119.07782270922669, "res": 7.0, "count_Flowering Plants": 683, "count_Insects": 1479, "count_Sac Fungi": 13, "count_Reptiles": 40, "count_Molluscs": 26, "count_Birds": 227, "count_Ferns": 16, "count_Mammals": 17, "count_Arachnids": 68, "count_Amphibians": 21, "count_Basidiomycota": 28, "count_Mosses": 3, "count_Gymnosperms": 8, "unique_species_count": 2629.0, "countryCode": "CN" }, "geometry": { "type": "MultiPolygon", "coordinates": [ [ [ [ 119.089183691296455, 30.633728966186226 ], [ 119.886180790910359, 30.271226963917766 ], [ 119.87343012145169, 29.365739957206884 ], [ 119.073246110001421, 28.823102660238479 ], [ 118.277204834972906, 29.178028098750573 ], [ 118.27985128180228, 30.083001541735886 ], [ 119.089183691296455, 30.633728966186226 ] ] ] ] } },
{ "type": "Feature", "properties": { "geogrid_id": "729826467097815139", "seqnum": 8667.0, "lat_c": 29.826466573615516, "lon_c": 97.81513908684596, "res": 7.0, "count_Flowering Plants": 9, "count_Insects": 5, "count_Sac Fungi": 1, "count_Reptiles": 2, "count_Molluscs": 0, "count_Birds": 4, "count_Ferns": 0, "count_Mammals": 4, "count_Arachnids": 1, "count_Amphibians": 0, "count_Basidiomycota": 0, "count_Mosses": 0, "count_Gymnosperms": 0, "unique_species_count": 26.0, "countryCode": "CN" }, "geometry": { "type": "MultiPolygon", "coordinates": [ [ [ [ 97.92852638853573, 30.746948749325387 ], [ 98.633035968673383, 30.075414642008962 ], [ 98.512924285695718, 29.150091185465925 ], [ 97.705185725073903, 28.904357082371043 ], [ 96.998538418484799, 29.57137188277024 ], [ 97.102064798627481, 30.489014743683892 ], [ 97.92852638853573, 30.746948749325387 ] ] ] ] } },
{ "type": "Feature", "properties": { "geogrid_id": "729826467104684861", "seqnum": 17632.0, "lat_c": 29.826466577589052, "lon_c": 104.68486091194325, "res": 7.0, "count_Flowering Plants": 21, "count_Insects": 30, "count_Sac Fungi": 0, "count_Reptiles": 0, "count_Molluscs": 5, "count_Birds": 42, "count_Ferns": 1, "count_Mammals": 0, "count_Arachnids": 2, "count_Amphibians": 2, "count_Basidiomycota": 0, "count_Mosses": 0, "count_Gymnosperms": 0, "unique_species_count": 103.0, "countryCode": "CN" }, "geometry": { "type": "MultiPolygon", "coordinates": [ [ [ [ 104.571473610188946, 30.746948753333939 ], [ 105.397935200133816, 30.48901474765535 ], [ 105.501461580339836, 29.571371886705762 ], [ 104.794814273776595, 28.904357086311069 ], [ 103.987075713118273, 29.150091189445131 ], [ 103.866964030078378, 30.075414646020626 ], [ 104.571473610188946, 30.746948753333939 ] ] ] ] } },
{ "type": "Feature", "properties": { "geogrid_id": "729903952081818988", "seqnum": 8123.0, "lat_c": 29.903952159996049, "lon_c": 81.818988284294875, "res": 7.0, "count_Flowering Plants": 2, "count_Insects": 1, "count_Sac Fungi": 0, "count_Reptiles": 0, "count_Molluscs": 0, "count_Birds": 4, "count_Ferns": 0, "count_Mammals": 0, "count_Arachnids": 0, "count_Amphibians": 0, "count_Basidiomycota": 0, "count_Mosses": 0, "count_Gymnosperms": 0, "unique_species_count": 7.0, "countryCode": "CN" }, "geometry": { "type": "MultiPolygon", "coordinates": [ [ [ [ 81.797276645981171, 30.811256751327377 ], [ 82.6138192125335, 30.27122696895006 ], [ 82.62656988202788, 29.365739962256495 ], [ 81.833423938219994, 28.999938659581986 ], [ 81.026431585115034, 29.532008644522353 ], [ 81.003618119659905, 30.437669163203662 ], [ 81.797276645981171, 30.811256751327377 ] ] ] ] } },
{ "type": "Feature", "properties": { "geogrid_id": "729903952120681012", "seqnum": 9400.0, "lat_c": 29.903952154924593, "lon_c": 120.68101171909778, "res": 7.0, "count_Flowering Plants": 920, "count_Insects": 1352, "count_Sac Fungi": 19, "count_Reptiles": 45, "count_Molluscs": 38, "count_Birds": 329, "count_Ferns": 26, "count_Mammals": 15, "count_Arachnids": 81, "count_Amphibians": 28, "count_Basidiomycota": 92, "count_Mosses": 2, "count_Gymnosperms": 12, "unique_species_count": 2959.0, "countryCode": "CN" }, "geometry": { "type": "MultiPolygon", "coordinates": [ [ [ [ 120.702723357369806, 30.811256746272324 ], [ 121.496381883641789, 30.437669158111149 ], [ 121.473568418225383, 29.532008639412275 ], [ 120.666576065205973, 28.999938654492098 ], [ 119.87343012145169, 29.365739957206884 ], [ 119.886180790910359, 30.271226963917766 ], [ 120.702723357369806, 30.811256746272324 ] ] ] ] } },
{ "type": "Feature", "properties": { "geogrid_id": "730016084090633861", "seqnum": 8422.0, "lat_c": 30.016084470164724, "lon_c": 90.633861122781525, "res": 7.0, "count_Flowering Plants": 71, "count_Insects": 12, "count_Sac Fungi": 0, "count_Reptiles": 0, "count_Molluscs": 0, "count_Birds": 68, "count_Ferns": 0, "count_Mammals": 7, "count_Arachnids": 2, "count_Amphibians": 2, "count_Basidiomycota": 1, "count_Mosses": 1, "count_Gymnosperms": 0, "unique_species_count": 164.0, "countryCode": "CN" }, "geometry": { "type": "MultiPolygon", "coordinates": [ [ [ [ 90.658664696315171, 30.922550968585682 ], [ 91.447456614061949, 30.321831189698262 ], [ 91.413444881935817, 29.418184125643158 ], [ 90.601836129980342, 29.113126269885719 ], [ 89.822491926140572, 29.704788812794835 ], [ 89.845822748050622, 30.610406294265868 ], [ 90.658664696315171, 30.922550968585682 ] ] ] ] } },
{ "type": "Feature", "properties": { "geogrid_id": "730016084111866139", "seqnum": 9101.0, "lat_c": 30.016084465516141, "lon_c": 111.86613888130927, "res": 7.0, "count_Flowering Plants": 25, "count_Insects": 31, "count_Sac Fungi": 0, "count_Reptiles": 0, "count_Molluscs": 0, "count_Birds": 60, "count_Ferns": 1, "count_Mammals": 2, "count_Arachnids": 1, "count_Amphibians": 0, "count_Basidiomycota": 0, "count_Mosses": 0, "count_Gymnosperms": 0, "unique_species_count": 120.0, "countryCode": "CN" }, "geometry": { "type": "MultiPolygon", "coordinates": [ [ [ [ 111.841335307739925, 30.922550963949583 ], [ 112.654177255956768, 30.610406289582045 ], [ 112.67750807789993, 29.704788808097362 ], [ 111.898163874137879, 29.113126265222348 ], [ 111.086555122233662, 29.418184121030269 ], [ 111.052543390077943, 30.321831185099054 ], [ 111.841335307739925, 30.922550963949583 ] ] ] ] } },
{ "type": "Feature", "properties": { "geogrid_id": "730059493122287994", "seqnum": 9454.0, "lat_c": 30.059492693530011, "lon_c": 122.28799425347297, "res": 7.0, "count_Flowering Plants": 707, "count_Insects": 569, "count_Sac Fungi": 3, "count_Reptiles": 33, "count_Molluscs": 80, "count_Birds": 251, "count_Ferns": 29, "count_Mammals": 11, "count_Arachnids": 37, "count_Amphibians": 19, "count_Basidiomycota": 13, "count_Mosses": 3, "count_Gymnosperms": 12, "unique_species_count": 1767.0, "countryCode": "CN" }, "geometry": { "type": "MultiPolygon", "coordinates": [ [ [ [ 122.319969360646667, 30.966818808105362 ], [ 123.110226334168487, 30.582317147420564 ], [ 123.07744369957058, 29.676840389641217 ], [ 122.263746886708319, 29.155505016685463 ], [ 121.473568418225383, 29.532008639412275 ], [ 121.496381883641789, 30.437669158111149 ], [ 122.319969360646667, 30.966818808105362 ] ] ] ] } },
{ "type": "Feature", "properties": { "geogrid_id": "730193426123898582", "seqnum": 9508.0, "lat_c": 30.193425718530818, "lon_c": 123.89858215839344, "res": 7.0, "count_Flowering Plants": 0, "count_Insects": 0, "count_Sac Fungi": 0, "count_Reptiles": 1, "count_Molluscs": 0, "count_Birds": 1, "count_Ferns": 0, "count_Mammals": 1, "count_Arachnids": 0, "count_Amphibians": 0, "count_Basidiomycota": 0, "count_Mosses": 0, "count_Gymnosperms": 0, "unique_species_count": 3.0, "countryCode": "CN" }, "geometry": { "type": "MultiPolygon", "coordinates": [ [ [ [ 123.940674171552885, 31.100406620961557 ], [ 124.727513374950362, 30.70518380773472 ], [ 124.684908540489729, 29.800268350279104 ], [ 123.864617389535923, 29.289830200696777 ], [ 123.07744369957058, 29.676840389641217 ], [ 123.110226334168487, 30.582317147420564 ], [ 123.940674171552885, 31.100406620961557 ] ] ] ] } },
{ "type": "Feature", "properties": { "geogrid_id": "730225052096277410", "seqnum": 8613.0, "lat_c": 30.225051764324657, "lon_c": 96.277410480484548, "res": 7.0, "count_Flowering Plants": 24, "count_Insects": 12, "count_Sac Fungi": 0, "count_Reptiles": 0, "count_Molluscs": 1, "count_Birds": 36, "count_Ferns": 3, "count_Mammals": 2, "count_Arachnids": 0, "count_Amphibians": 0, "count_Basidiomycota": 1, "count_Mosses": 0, "count_Gymnosperms": 0, "unique_species_count": 79.0, "countryCode": "CN" }, "geometry": { "type": "MultiPolygon", "coordinates": [ [ [ [ 96.328689442644688, 31.128468093550161 ], [ 97.102064798627481, 30.489014743683892 ], [ 96.998538418484799, 29.57137188277024 ], [ 96.183361387552068, 29.310174814166398 ], [ 95.454678949604485, 29.955112138177583 ], [ 95.504593179579345, 30.858025341349993 ], [ 96.328689442644688, 31.128468093550161 ] ] ] ] } },
{ "type": "Feature", "properties": { "geogrid_id": "730225052106222590", "seqnum": 8912.0, "lat_c": 30.225051765801236, "lon_c": 106.22258952361243, "res": 7.0, "count_Flowering Plants": 157, "count_Insects": 195, "count_Sac Fungi": 29, "count_Reptiles": 10, "count_Molluscs": 12, "count_Birds": 71, "count_Ferns": 8, "count_Mammals": 3, "count_Arachnids": 12, "count_Amphibians": 5, "count_Basidiomycota": 42, "count_Mosses": 0, "count_Gymnosperms": 2, "unique_species_count": 546.0, "countryCode": "CN" }, "geometry": { "type": "MultiPolygon", "coordinates": [ [ [ [ 106.171310561806919, 31.128468089249946 ], [ 106.995406824828677, 30.858025336996626 ], [ 107.045321054497535, 29.955112139592227 ], [ 106.31663861130599, 29.310174818064048 ], [ 105.501461580339836, 29.571371886705762 ], [ 105.397935205462218, 30.489014745222736 ], [ 106.171310561806919, 31.128468089249946 ] ] ] ] } },
{ "type": "Feature", "properties": { "geogrid_id": "730292774089035063", "seqnum": 8368.0, "lat_c": 30.292773520027083, "lon_c": 89.035063026503224, "res": 7.0, "count_Flowering Plants": 1, "count_Insects": 0, "count_Sac Fungi": 0, "count_Reptiles": 0, "count_Molluscs": 0, "count_Birds": 4, "count_Ferns": 0, "count_Mammals": 0, "count_Arachnids": 0, "count_Amphibians": 0, "count_Basidiomycota": 0, "count_Mosses": 0, "count_Gymnosperms": 0, "unique_species_count": 5.0, "countryCode": "CN" }, "geometry": { "type": "MultiPolygon", "coordinates": [ [ [ [ 89.048694495329968, 31.201095803943421 ], [ 89.845822748050622, 30.610406294265868 ], [ 89.822491926140572, 29.704788812794835 ], [ 89.013449439545198, 29.388017302640812 ], [ 88.226492076822097, 29.96972614686679 ], [ 88.238972880793142, 30.877025864315559 ], [ 89.048694495329968, 31.201095803943421 ] ] ] ] } },
{ "type": "Feature", "properties": { "geogrid_id": "730292774113464937", "seqnum": 9156.0, "lat_c": 30.292773515296005, "lon_c": 113.46493697745517, "res": 7.0, "count_Flowering Plants": 48, "count_Insects": 116, "count_Sac Fungi": 0, "count_Reptiles": 3, "count_Molluscs": 12, "count_Birds": 137, "count_Ferns": 0, "count_Mammals": 5, "count_Arachnids": 5, "count_Amphibians": 6, "count_Basidiomycota": 0, "count_Mosses": 0, "count_Gymnosperms": 0, "unique_species_count": 332.0, "countryCode": "CN" }, "geometry": { "type": "MultiPolygon", "coordinates": [ [ [ [ 113.451305508588788, 31.201095799224824 ], [ 114.261027123078264, 30.877025859551381 ], [ 114.273507927086115, 29.969726142088952 ], [ 113.486550564443931, 29.388017297894965 ], [ 112.67750807789993, 29.704788808097362 ], [ 112.654177255956768, 30.610406289582045 ], [ 113.451305508588788, 31.201095799224824 ] ] ] ] } },
{ "type": "Feature", "properties": { "geogrid_id": "730305789125512622", "seqnum": 9563.0, "lat_c": 30.305789010140188, "lon_c": 125.51262233954699, "res": 7.0, "count_Flowering Plants": 0, "count_Insects": 0, "count_Sac Fungi": 0, "count_Reptiles": 2, "count_Molluscs": 1, "count_Birds": 0, "count_Ferns": 0, "count_Mammals": 1, "count_Arachnids": 0, "count_Amphibians": 0, "count_Basidiomycota": 0, "count_Mosses": 0, "count_Gymnosperms": 0, "unique_species_count": 4.0, "countryCode": "CN" }, "geometry": { "type": "MultiPolygon", "coordinates": [ [ [ [ 125.564623407070371, 31.212036166935626 ], [ 126.348084531662494, 30.80631136492968 ], [ 126.295857728437298, 29.902359228309738 ], [ 125.469080981895928, 29.402974277940089 ], [ 124.684908540489729, 29.800268350279104 ], [ 124.727513374950362, 30.70518380773472 ], [ 125.564623407070371, 31.212036166935626 ] ] ] ] } },
{ "type": "Feature", "properties": { "geogrid_id": "730547604087431271", "seqnum": 8313.0, "lat_c": 30.547604431723553, "lon_c": 87.431271424491669, "res": 7.0, "count_Flowering Plants": 3, "count_Insects": 0, "count_Sac Fungi": 0, "count_Reptiles": 0, "count_Molluscs": 0, "count_Birds": 0, "count_Ferns": 0, "count_Mammals": 2, "count_Arachnids": 0, "count_Amphibians": 0, "count_Basidiomycota": 0, "count_Mosses": 0, "count_Gymnosperms": 0, "unique_species_count": 5.0, "countryCode": "CN" }, "geometry": { "type": "MultiPolygon", "coordinates": [ [ [ [ 87.433580714997788, 31.457486744440249 ], [ 88.238972880793142, 30.877025864315559 ], [ 88.226492076822097, 29.96972614686679 ], [ 87.420212240126773, 29.641341543207094 ], [ 86.62569963968339, 30.21290964608999 ], [ 86.627210391685935, 31.121592813977148 ], [ 87.433580714997788, 31.457486744440249 ] ] ] ] } },
{ "type": "Feature", "properties": { "geogrid_id": "730547604115068729", "seqnum": 9210.0, "lat_c": 30.547604426914273, "lon_c": 115.06872857933105, "res": 7.0, "count_Flowering Plants": 371, "count_Insects": 469, "count_Sac Fungi": 2, "count_Reptiles": 20, "count_Molluscs": 45, "count_Birds": 242, "count_Ferns": 8, "count_Mammals": 12, "count_Arachnids": 28, "count_Amphibians": 14, "count_Basidiomycota": 5, "count_Mosses": 2, "count_Gymnosperms": 7, "unique_species_count": 1225.0, "countryCode": "CN" }, "geometry": { "type": "MultiPolygon", "coordinates": [ [ [ [ 115.066419288781191, 31.4574867396435 ], [ 115.872789612046276, 31.121592809136988 ], [ 115.874300364089436, 30.212909641236106 ], [ 115.079787763730138, 29.64134153838301 ], [ 114.273507927086115, 29.969726142088952 ], [ 114.261027123078264, 30.877025859551381 ], [ 115.066419288781191, 31.4574867396435 ] ] ] ] } },
{ "type": "Feature", "properties": { "geogrid_id": "730554713100272192", "seqnum": 8749.0, "lat_c": 30.554713397580269, "lon_c": 100.27219173066608, "res": 7.0, "count_Flowering Plants": 34, "count_Insects": 3, "count_Sac Fungi": 1, "count_Reptiles": 0, "count_Molluscs": 0, "count_Birds": 12, "count_Ferns": 0, "count_Mammals": 4, "count_Arachnids": 0, "count_Amphibians": 0, "count_Basidiomycota": 2, "count_Mosses": 0, "count_Gymnosperms": 0, "unique_species_count": 56.0, "countryCode": "CN" }, "geometry": { "type": "MultiPolygon", "coordinates": [ [ [ [ 100.41754135909656, 31.484107449315513 ], [ 101.250000001304343, 30.971037805604428 ], [ 101.250000001269143, 30.22199648482739 ], [ 100.28303034462192, 29.809181645932913 ], [ 99.452098221321677, 30.318175727446942 ], [ 99.586389784122048, 31.244538405745971 ], [ 100.41754135909656, 31.484107449315513 ] ] ] ] } },
{ "type": "Feature", "properties": { "geogrid_id": "730554713102227808", "seqnum": 17551.0, "lat_c": 30.554713397988529, "lon_c": 102.22780827105203, "res": 7.0, "count_Flowering Plants": 178, "count_Insects": 178, "count_Sac Fungi": 8, "count_Reptiles": 6, "count_Molluscs": 3, "count_Birds": 217, "count_Ferns": 29, "count_Mammals": 32, "count_Arachnids": 1, "count_Amphibians": 10, "count_Basidiomycota": 2, "count_Mosses": 2, "count_Gymnosperms": 3, "unique_species_count": 669.0, "countryCode": "CN" }, "geometry": { "type": "MultiPolygon", "coordinates": [ [ [ [ 102.082458639505944, 31.484107453435616 ], [ 102.913610214523246, 31.244538409828873 ], [ 103.047901777390592, 30.318175731496819 ], [ 102.216969657045667, 29.809181646356951 ], [ 101.250000000420073, 30.221996485227042 ], [ 101.250000000436046, 30.971037805989422 ], [ 102.082458639505944, 31.484107453435616 ] ] ] ] } },
{ "type": "Feature", "properties": { "geogrid_id": "730581664094682302", "seqnum": 8558.0, "lat_c": 30.58166370237976, "lon_c": 94.6823018740848, "res": 7.0, "count_Flowering Plants": 55, "count_Insects": 32, "count_Sac Fungi": 2, "count_Reptiles": 2, "count_Molluscs": 0, "count_Birds": 22, "count_Ferns": 1, "count_Mammals": 0, "count_Arachnids": 0, "count_Amphibians": 1, "count_Basidiomycota": 3, "count_Mosses": 1, "count_Gymnosperms": 1, "unique_species_count": 120.0, "countryCode": "CN" }, "geometry": { "type": "MultiPolygon", "coordinates": [ [ [ [ 94.721945906088052, 31.487995979507001 ], [ 95.504593179579345, 30.858025341349993 ], [ 95.454678949604485, 29.955112138177583 ], [ 94.633981696064737, 29.679251691093157 ], [ 93.861931520236865, 30.299438239699384 ], [ 93.900533378808134, 31.205101919634341 ], [ 94.721945906088052, 31.487995979507001 ] ] ] ] } },
{ "type": "Feature", "properties": { "geogrid_id": "730581664107817698", "seqnum": 8966.0, "lat_c": 30.581663697973621, "lon_c": 107.81769813027816, "res": 7.0, "count_Flowering Plants": 16, "count_Insects": 46, "count_Sac Fungi": 0, "count_Reptiles": 5, "count_Molluscs": 18, "count_Birds": 62, "count_Ferns": 0, "count_Mammals": 6, "count_Arachnids": 2, "count_Amphibians": 7, "count_Basidiomycota": 2, "count_Mosses": 2, "count_Gymnosperms": 0, "unique_species_count": 166.0, "countryCode": "CN" }, "geometry": { "type": "MultiPolygon", "coordinates": [ [ [ [ 107.77805409823489, 31.487995975109701 ], [ 108.599466625471223, 31.20510191518596 ], [ 108.638068484079639, 30.299438235240874 ], [ 107.866018308040125, 29.679251692446226 ], [ 107.045321054497535, 29.955112139592227 ], [ 106.995406824828677, 30.858025336996626 ], [ 107.77805409823489, 31.487995975109701 ] ] ] ] } },
{ "type": "Feature", "properties": { "geogrid_id": "730780491085822773", "seqnum": 8259.0, "lat_c": 30.78049087406924, "lon_c": 85.822773052237807, "res": 7.0, "count_Flowering Plants": 2, "count_Insects": 0, "count_Sac Fungi": 0, "count_Reptiles": 0, "count_Molluscs": 0, "count_Birds": 2, "count_Ferns": 0, "count_Mammals": 0, "count_Arachnids": 0, "count_Amphibians": 0, "count_Basidiomycota": 0, "count_Mosses": 0, "count_Gymnosperms": 0, "unique_species_count": 4.0, "countryCode": "CN" }, "geometry": { "type": "MultiPolygon", "coordinates": [ [ [ [ 85.813664157956168, 31.691627207726246 ], [ 86.627210391685935, 31.121592813977148 ], [ 86.62569963968339, 30.21290964608999 ], [ 85.822362905704423, 29.873023787455132 ], [ 85.020382553938163, 30.434264453828643 ], [ 85.010856769480299, 31.34402139807176 ], [ 85.813664157956168, 31.691627207726246 ] ] ] ] } },
{ "type": "Feature", "properties": { "geogrid_id": "730780491116677227", "seqnum": 9264.0, "lat_c": 30.780490869186156, "lon_c": 116.67722695144624, "res": 7.0, "count_Flowering Plants": 64, "count_Insects": 228, "count_Sac Fungi": 1, "count_Reptiles": 18, "count_Molluscs": 2, "count_Birds": 74, "count_Ferns": 1, "count_Mammals": 4, "count_Arachnids": 3, "count_Amphibians": 10, "count_Basidiomycota": 0, "count_Mosses": 0, "count_Gymnosperms": 0, "unique_species_count": 405.0, "countryCode": "CN" }, "geometry": { "type": "MultiPolygon", "coordinates": [ [ [ [ 116.686335845679892, 31.691627202855798 ], [ 117.489143234109804, 31.344021393160101 ], [ 117.479617449696448, 30.434264448903136 ], [ 116.677637098017343, 29.873023782557159 ], [ 115.874300364089436, 30.212909641236106 ], [ 115.872789612046276, 31.121592809136988 ], [ 116.686335845679892, 31.691627202855798 ] ] ] ] } },
{ "type": "Feature", "properties": { "geogrid_id": "730916404093080904", "seqnum": 8504.0, "lat_c": 30.916403745278469, "lon_c": 93.080903652321581, "res": 7.0, "count_Flowering Plants": 0, "count_Insects": 0, "count_Sac Fungi": 0, "count_Reptiles": 0, "count_Molluscs": 0, "count_Birds": 5, "count_Ferns": 0, "count_Mammals": 1, "count_Arachnids": 0, "count_Amphibians": 0, "count_Basidiomycota": 0, "count_Mosses": 0, "count_Gymnosperms": 0, "unique_species_count": 6.0, "countryCode": "CN" }, "geometry": { "type": "MultiPolygon", "coordinates": [ [ [ [ 93.108556648095586, 31.825381109953423 ], [ 93.900533378808134, 31.205101919634341 ], [ 93.861931520236865, 30.299438239699384 ], [ 93.043594061845738, 30.011407683606095 ], [ 92.263173740292373, 30.621959524173676 ], [ 92.290148419210212, 31.530101846941861 ], [ 93.108556648095586, 31.825381109953423 ] ] ] ] } },
{ "type": "Feature", "properties": { "geogrid_id": "730916404109419096", "seqnum": 9020.0, "lat_c": 30.916403740779391, "lon_c": 109.41909635191269, "res": 7.0, "count_Flowering Plants": 65, "count_Insects": 58, "count_Sac Fungi": 0, "count_Reptiles": 10, "count_Molluscs": 7, "count_Birds": 53, "count_Ferns": 7, "count_Mammals": 2, "count_Arachnids": 1, "count_Amphibians": 4, "count_Basidiomycota": 1, "count_Mosses": 1, "count_Gymnosperms": 1, "unique_species_count": 210.0, "countryCode": "CN" }, "geometry": { "type": "MultiPolygon", "coordinates": [ [ [ [ 109.391443356094086, 31.825381105463073 ], [ 110.209851584936118, 31.530101842402527 ], [ 110.236826263895381, 30.621959519624308 ], [ 109.456405942422961, 30.011407679095655 ], [ 108.638068484079639, 30.299438235240874 ], [ 108.599466625471223, 31.20510191518596 ], [ 109.391443356094086, 31.825381105463073 ] ] ] ] } },
{ "type": "Feature", "properties": { "geogrid_id": "730991359084209868", "seqnum": 8205.0, "lat_c": 30.991358691740377, "lon_c": 84.209867509897236, "res": 7.0, "count_Flowering Plants": 3, "count_Insects": 0, "count_Sac Fungi": 0, "count_Reptiles": 0, "count_Molluscs": 0, "count_Birds": 0, "count_Ferns": 0, "count_Mammals": 0, "count_Arachnids": 0, "count_Amphibians": 0, "count_Basidiomycota": 0, "count_Mosses": 0, "count_Gymnosperms": 0, "unique_species_count": 3.0, "countryCode": "CN" }, "geometry": { "type": "MultiPolygon", "coordinates": [ [ [ [ 84.189303756625165, 31.903432550089523 ], [ 85.010856769480299, 31.34402139807176 ], [ 85.020382553938163, 30.434264453828643 ], [ 84.220148721781712, 30.083001546703301 ], [ 83.41081631219744, 30.633728971178826 ], [ 83.390245779482512, 31.5442385775292 ], [ 84.189303756625165, 31.903432550089523 ] ] ] ] } },
{ "type": "Feature", "properties": { "geogrid_id": "730991359118290132", "seqnum": 9319.0, "lat_c": 30.991358686787994, "lon_c": 118.29013249364544, "res": 7.0, "count_Flowering Plants": 282, "count_Insects": 382, "count_Sac Fungi": 10, "count_Reptiles": 22, "count_Molluscs": 21, "count_Birds": 217, "count_Ferns": 8, "count_Mammals": 13, "count_Arachnids": 9, "count_Amphibians": 17, "count_Basidiomycota": 13, "count_Mosses": 1, "count_Gymnosperms": 5, "unique_species_count": 1000.0, "countryCode": "CN" }, "geometry": { "type": "MultiPolygon", "coordinates": [ [ [ [ 118.310696246865149, 31.903432545149933 ], [ 119.109754223962895, 31.544238572550618 ], [ 119.089183691296455, 30.633728966186226 ], [ 118.27985128180228, 30.083001541735886 ], [ 117.479617449696448, 30.434264448903136 ], [ 117.489143234109804, 31.344021393160101 ], [ 118.310696246865149, 31.903432545149933 ] ] ] ] } },
{ "type": "Feature", "properties": { "geogrid_id": "730998805098756676", "seqnum": 8695.0, "lat_c": 30.998805017275469, "lon_c": 98.756675805499555, "res": 7.0, "count_Flowering Plants": 19, "count_Insects": 5, "count_Sac Fungi": 1, "count_Reptiles": 0, "count_Molluscs": 0, "count_Birds": 12, "count_Ferns": 1, "count_Mammals": 1, "count_Arachnids": 0, "count_Amphibians": 0, "count_Basidiomycota": 0, "count_Mosses": 0, "count_Gymnosperms": 0, "unique_species_count": 39.0, "countryCode": "CN" }, "geometry": { "type": "MultiPolygon", "coordinates": [ [ [ [ 98.810589333457528, 31.903788729489136 ], [ 99.586389784122048, 31.244538405745971 ], [ 99.452098221321677, 30.318175727446942 ], [ 98.633035968673383, 30.075414642008962 ], [ 97.92852638853573, 30.746948749325387 ], [ 97.981813187320739, 31.651395404604319 ], [ 98.810589333457528, 31.903788729489136 ] ] ] ] } },
{ "type": "Feature", "properties": { "geogrid_id": "730998805103743324", "seqnum": 8831.0, "lat_c": 30.998805018939656, "lon_c": 103.74332419856869, "res": 7.0, "count_Flowering Plants": 373, "count_Insects": 527, "count_Sac Fungi": 5, "count_Reptiles": 27, "count_Molluscs": 25, "count_Birds": 348, "count_Ferns": 38, "count_Mammals": 33, "count_Arachnids": 19, "count_Amphibians": 16, "count_Basidiomycota": 9, "count_Mosses": 1, "count_Gymnosperms": 4, "unique_species_count": 1425.0, "countryCode": "CN" }, "geometry": { "type": "MultiPolygon", "coordinates": [ [ [ [ 103.689410671115169, 31.903788725350324 ], [ 104.518186817213291, 31.651395400411417 ], [ 104.57147361554442, 30.746948750926784 ], [ 103.866964030078378, 30.075414646020626 ], [ 103.047901777390592, 30.318175731496819 ], [ 102.913610219931897, 31.244538407473158 ], [ 103.689410671115169, 31.903788725350324 ] ] ] ] } },
{ "type": "Feature", "properties": { "geogrid_id": "731180147082592861", "seqnum": 8150.0, "lat_c": 31.180147485270492, "lon_c": 82.592860683557944, "res": 7.0, "count_Flowering Plants": 3, "count_Insects": 0, "count_Sac Fungi": 0, "count_Reptiles": 0, "count_Molluscs": 0, "count_Birds": 0, "count_Ferns": 0, "count_Mammals": 0, "count_Arachnids": 0, "count_Amphibians": 0, "count_Basidiomycota": 0, "count_Mosses": 0, "count_Gymnosperms": 0, "unique_species_count": 3.0, "countryCode": "CN" }, "geometry": { "type": "MultiPolygon", "coordinates": [ [ [ [ 82.560870417588774, 32.092831350084914 ], [ 83.390245779482512, 31.5442385775292 ], [ 83.41081631219744, 30.633728971178826 ], [ 82.6138192125335, 30.27122696895006 ], [ 81.797276645981171, 30.811256751327377 ], [ 81.765716395703947, 31.722185519978908 ], [ 82.560870417588774, 32.092831350084914 ] ] ] ] } },
{ "type": "Feature", "properties": { "geogrid_id": "731180147119907139", "seqnum": 9373.0, "lat_c": 31.180147480253421, "lon_c": 119.90713931984098, "res": 7.0, "count_Flowering Plants": 433, "count_Insects": 760, "count_Sac Fungi": 8, "count_Reptiles": 24, "count_Molluscs": 31, "count_Birds": 236, "count_Ferns": 14, "count_Mammals": 12, "count_Arachnids": 33, "count_Amphibians": 19, "count_Basidiomycota": 20, "count_Mosses": 0, "count_Gymnosperms": 6, "unique_species_count": 1596.0, "countryCode": "CN" }, "geometry": { "type": "MultiPolygon", "coordinates": [ [ [ [ 119.939129585753349, 32.092831345080846 ], [ 120.734283607594548, 31.722185514938094 ], [ 120.702723357369806, 30.811256746272324 ], [ 119.886180790910359, 30.271226963917766 ], [ 119.089183691296455, 30.633728966186226 ], [ 119.109754223962895, 31.544238572550618 ], [ 119.939129585753349, 32.092831345080846 ] ] ] ] } },
{ "type": "Feature", "properties": { "geogrid_id": "731229138091473478", "seqnum": 8450.0, "lat_c": 31.22913799310874, "lon_c": 91.473478177843702, "res": 7.0, "count_Flowering Plants": 6, "count_Insects": 2, "count_Sac Fungi": 0, "count_Reptiles": 0, "count_Molluscs": 0, "count_Birds": 12, "count_Ferns": 0, "count_Mammals": 2, "count_Arachnids": 0, "count_Amphibians": 0, "count_Basidiomycota": 0, "count_Mosses": 0, "count_Gymnosperms": 0, "unique_species_count": 22.0, "countryCode": "CN" }, "geometry": { "type": "MultiPolygon", "coordinates": [ [ [ [ 91.488824486813414, 32.140479147749794 ], [ 92.290148419210212, 31.530101846941861 ], [ 92.263173740292373, 30.621959524173676 ], [ 91.447456614061949, 30.321831189698262 ], [ 90.658664696315171, 30.922550968585682 ], [ 90.673739846474689, 31.832889860748388 ], [ 91.488824486813414, 32.140479147749794 ] ] ] ] } },
{ "type": "Feature", "properties": { "geogrid_id": "731229138111026522", "seqnum": 9075.0, "lat_c": 31.229137988520812, "lon_c": 111.02652182625773, "res": 7.0, "count_Flowering Plants": 154, "count_Insects": 265, "count_Sac Fungi": 1, "count_Reptiles": 14, "count_Molluscs": 7, "count_Birds": 167, "count_Ferns": 9, "count_Mammals": 10, "count_Arachnids": 7, "count_Amphibians": 8, "count_Basidiomycota": 1, "count_Mosses": 13, "count_Gymnosperms": 3, "unique_species_count": 659.0, "countryCode": "CN" }, "geometry": { "type": "MultiPolygon", "coordinates": [ [ [ [ 111.011175517238556, 32.140479143170545 ], [ 111.826260157534435, 31.832889856122282 ], [ 111.841335307739925, 30.922550963949583 ], [ 111.052543390077943, 30.321831185099054 ], [ 110.236826263895381, 30.621959519624308 ], [ 110.209851584936118, 31.530101842402527 ], [ 111.011175517238556, 32.140479143170545 ] ] ] ] } },
{ "type": "Feature", "properties": { "geogrid_id": "731346812080972057", "seqnum": 8096.0, "lat_c": 31.346812447847167, "lon_c": 80.972056759500816, "res": 7.0, "count_Flowering Plants": 14, "count_Insects": 4, "count_Sac Fungi": 3, "count_Reptiles": 0, "count_Molluscs": 0, "count_Birds": 20, "count_Ferns": 0, "count_Mammals": 4, "count_Arachnids": 0, "count_Amphibians": 0, "count_Basidiomycota": 0, "count_Mosses": 0, "count_Gymnosperms": 1, "unique_species_count": 46.0, "countryCode": "CN" }, "geometry": { "type": "MultiPolygon", "coordinates": [ [ [ [ 80.928739509525201, 32.259766799819658 ], [ 81.765716395703947, 31.722185519978908 ], [ 81.797276645981171, 30.811256751327377 ], [ 81.003618119659905, 30.437669163203662 ], [ 80.180030642559558, 30.966818813218136 ], [ 80.137604140476213, 31.877819341072396 ], [ 80.928739509525201, 32.259766799819658 ] ] ] ] } },
{ "type": "Feature", "properties": { "geogrid_id": "731346812121527943", "seqnum": 9427.0, "lat_c": 31.346812442770112, "lon_c": 121.52794324375233, "res": 7.0, "count_Flowering Plants": 614, "count_Insects": 680, "count_Sac Fungi": 15, "count_Reptiles": 15, "count_Molluscs": 59, "count_Birds": 395, "count_Ferns": 12, "count_Mammals": 23, "count_Arachnids": 50, "count_Amphibians": 10, "count_Basidiomycota": 44, "count_Mosses": 5, "count_Gymnosperms": 8, "unique_species_count": 1930.0, "countryCode": "CN" }, "geometry": { "type": "MultiPolygon", "coordinates": [ [ [ [ 121.571260493666699, 32.259766794755876 ], [ 122.362395862673566, 31.877819335974134 ], [ 122.319969360646667, 30.966818808105362 ], [ 121.496381883641789, 30.437669158111149 ], [ 120.702723357369806, 30.811256746272324 ], [ 120.734283607594548, 31.722185514938094 ], [ 121.571260493666699, 32.259766794755876 ] ] ] ] } },
{ "type": "Feature", "properties": { "geogrid_id": "731392941097154471", "seqnum": 8640.0, "lat_c": 31.392940627866441, "lon_c": 97.154470712428306, "res": 7.0, "count_Flowering Plants": 46, "count_Insects": 11, "count_Sac Fungi": 0, "count_Reptiles": 0, "count_Molluscs": 0, "count_Birds": 87, "count_Ferns": 0, "count_Mammals": 9, "count_Arachnids": 0, "count_Amphibians": 0, "count_Basidiomycota": 0, "count_Mosses": 0, "count_Gymnosperms": 1, "unique_species_count": 154.0, "countryCode": "CN" }, "geometry": { "type": "MultiPolygon", "coordinates": [ [ [ [ 97.195651553648943, 32.301332106651579 ], [ 97.981813187320739, 31.651395404604319 ], [ 97.92852638853573, 30.746948749325387 ], [ 97.102064798627481, 30.489014743683892 ], [ 96.328689442644688, 31.128468093550161 ], [ 96.369631664763631, 32.03615919813339 ], [ 97.195651553648943, 32.301332106651579 ] ] ] ] } },
{ "type": "Feature", "properties": { "geogrid_id": "731392941105345529", "seqnum": 8885.0, "lat_c": 31.392940623619726, "lon_c": 105.34552929206534, "res": 7.0, "count_Flowering Plants": 59, "count_Insects": 60, "count_Sac Fungi": 0, "count_Reptiles": 5, "count_Molluscs": 5, "count_Birds": 98, "count_Ferns": 1, "count_Mammals": 5, "count_Arachnids": 2, "count_Amphibians": 4, "count_Basidiomycota": 6, "count_Mosses": 0, "count_Gymnosperms": 0, "unique_species_count": 245.0, "countryCode": "CN" }, "geometry": { "type": "MultiPolygon", "coordinates": [ [ [ [ 105.304348450794919, 32.301332102409518 ], [ 106.130368339641635, 32.036159193839289 ], [ 106.171310561806919, 31.128468089249946 ], [ 105.397935205462218, 30.489014745222736 ], [ 104.57147361554442, 30.746948750926784 ], [ 104.518186817213291, 31.651395400411417 ], [ 105.304348450794919, 32.301332102409518 ] ] ] ] } },
{ "type": "Feature", "properties": { "geogrid_id": "731491327079347748", "seqnum": 8042.0, "lat_c": 31.491326627671608, "lon_c": 79.347748417525878, "res": 7.0, "count_Flowering Plants": 3, "count_Insects": 1, "count_Sac Fungi": 0, "count_Reptiles": 1, "count_Molluscs": 0, "count_Birds": 0, "count_Ferns": 0, "count_Mammals": 1, "count_Arachnids": 0, "count_Amphibians": 0, "count_Basidiomycota": 0, "count_Mosses": 0, "count_Gymnosperms": 0, "unique_species_count": 6.0, "countryCode": "CN" }, "geometry": { "type": "MultiPolygon", "coordinates": [ [ [ [ 79.293281569961593, 32.404198306242336 ], [ 80.137604140476213, 31.877819341072396 ], [ 80.180030642559558, 30.966818813218136 ], [ 79.389773668989349, 30.582317152568532 ], [ 78.559325831507152, 31.100406626127203 ], [ 78.50623032166969, 32.011115262506159 ], [ 79.293281569961593, 32.404198306242336 ] ] ] ] } },
{ "type": "Feature", "properties": { "geogrid_id": "731491327123152252", "seqnum": 9482.0, "lat_c": 31.49132662253939, "lon_c": 123.1522515855799, "res": 7.0, "count_Flowering Plants": 0, "count_Insects": 0, "count_Sac Fungi": 0, "count_Reptiles": 2, "count_Molluscs": 0, "count_Birds": 23, "count_Ferns": 0, "count_Mammals": 1, "count_Arachnids": 0, "count_Amphibians": 0, "count_Basidiomycota": 0, "count_Mosses": 0, "count_Gymnosperms": 0, "unique_species_count": 26.0, "countryCode": "CN" }, "geometry": { "type": "MultiPolygon", "coordinates": [ [ [ [ 123.206718433078507, 32.404198301123692 ], [ 123.993769681330008, 32.011115257355343 ], [ 123.940674171552885, 31.100406620961557 ], [ 123.110226334168487, 30.582317147420564 ], [ 122.319969360646667, 30.966818808105362 ], [ 122.362395862673566, 31.877819335974134 ], [ 123.206718433078507, 32.404198301123692 ] ] ] ] } },
{ "type": "Feature", "properties": { "geogrid_id": "731519740089860323", "seqnum": 8395.0, "lat_c": 31.519740337868129, "lon_c": 89.860322680460456, "res": 7.0, "count_Flowering Plants": 4, "count_Insects": 17, "count_Sac Fungi": 1, "count_Reptiles": 1, "count_Molluscs": 3, "count_Birds": 10, "count_Ferns": 0, "count_Mammals": 8, "count_Arachnids": 0, "count_Amphibians": 1, "count_Basidiomycota": 0, "count_Mosses": 1, "count_Gymnosperms": 0, "unique_species_count": 46.0, "countryCode": "CN" }, "geometry": { "type": "MultiPolygon", "coordinates": [ [ [ [ 89.863092028612186, 32.433154019937561 ], [ 90.673739846474689, 31.832889860748388 ], [ 90.658664696315171, 30.922550968585682 ], [ 89.845822748050622, 30.610406294265868 ], [ 89.048694495329968, 31.201095803943421 ], [ 89.051645137533725, 32.113339323913905 ], [ 89.863092028612186, 32.433154019937561 ] ] ] ] } },
{ "type": "Feature", "properties": { "geogrid_id": "731519740112639677", "seqnum": 9129.0, "lat_c": 31.519740333195564, "lon_c": 112.63967732350424, "res": 7.0, "count_Flowering Plants": 15, "count_Insects": 70, "count_Sac Fungi": 0, "count_Reptiles": 2, "count_Molluscs": 5, "count_Birds": 109, "count_Ferns": 0, "count_Mammals": 3, "count_Arachnids": 1, "count_Amphibians": 3, "count_Basidiomycota": 0, "count_Mosses": 0, "count_Gymnosperms": 1, "unique_species_count": 209.0, "countryCode": "CN" }, "geometry": { "type": "MultiPolygon", "coordinates": [ [ [ [ 112.636907975297859, 32.433154015273686 ], [ 113.448354866334284, 32.113339319205323 ], [ 113.451305508588788, 31.201095799224824 ], [ 112.654177255956768, 30.610406289582045 ], [ 111.841335307739925, 30.922550963949583 ], [ 111.826260157534435, 31.832889856122282 ], [ 112.636907975297859, 32.433154015273686 ] ] ] ] } },
{ "type": "Feature", "properties": { "geogrid_id": "731613684124779795", "seqnum": 9536.0, "lat_c": 31.613683886793364, "lon_c": 124.77979538489487, "res": 7.0, "count_Flowering Plants": 0, "count_Insects": 0, "count_Sac Fungi": 0, "count_Reptiles": 1, "count_Molluscs": 0, "count_Birds": 1, "count_Ferns": 0, "count_Mammals": 1, "count_Arachnids": 0, "count_Amphibians": 0, "count_Basidiomycota": 0, "count_Mosses": 0, "count_Gymnosperms": 0, "unique_species_count": 3.0, "countryCode": "CN" }, "geometry": { "type": "MultiPolygon", "coordinates": [ [ [ [ 124.845149393539586, 32.526103473601822 ], [ 125.628111574787823, 32.122069477527525 ], [ 125.564623407070371, 31.212036166935626 ], [ 124.727513374950362, 30.70518380773472 ], [ 123.940674171552885, 31.100406620961557 ], [ 123.993769681330008, 32.011115257355343 ], [ 124.845149393539586, 32.526103473601822 ] ] ] ] } },
{ "type": "Feature", "properties": { "geogrid_id": "731765032095545020", "seqnum": 8586.0, "lat_c": 31.765031787948885, "lon_c": 95.545020270724692, "res": 7.0, "count_Flowering Plants": 3, "count_Insects": 1, "count_Sac Fungi": 0, "count_Reptiles": 0, "count_Molluscs": 0, "count_Birds": 10, "count_Ferns": 0, "count_Mammals": 2, "count_Arachnids": 0, "count_Amphibians": 0, "count_Basidiomycota": 0, "count_Mosses": 0, "count_Gymnosperms": 0, "unique_species_count": 16.0, "countryCode": "CN" }, "geometry": { "type": "MultiPolygon", "coordinates": [ [ [ [ 95.572963615244632, 32.676559992299332 ], [ 96.369631664763631, 32.03615919813339 ], [ 96.328689442644688, 31.128468093550161 ], [ 95.504593179579345, 30.858025341349993 ], [ 94.721945906088052, 31.487995979507001 ], [ 94.750092560983461, 32.398661072887244 ], [ 95.572963615244632, 32.676559992299332 ] ] ] ] } },
{ "type": "Feature", "properties": { "geogrid_id": "731765032106954980", "seqnum": 8939.0, "lat_c": 31.765031783603025, "lon_c": 106.95497973364026, "res": 7.0, "count_Flowering Plants": 15, "count_Insects": 43, "count_Sac Fungi": 0, "count_Reptiles": 1, "count_Molluscs": 0, "count_Birds": 30, "count_Ferns": 0, "count_Mammals": 0, "count_Arachnids": 0, "count_Amphibians": 1, "count_Basidiomycota": 0, "count_Mosses": 0, "count_Gymnosperms": 0, "unique_species_count": 90.0, "countryCode": "CN" }, "geometry": { "type": "MultiPolygon", "coordinates": [ [ [ [ 106.927036389064966, 32.676559987957958 ], [ 107.749907443287924, 32.398661068495905 ], [ 107.77805409823489, 31.487995975109701 ], [ 106.995406824828677, 30.858025336996626 ], [ 106.171310561806919, 31.128468089249946 ], [ 106.130368339641635, 32.036159193839289 ], [ 106.927036389064966, 32.676559987957958 ] ] ] ] } },
{ "type": "Feature", "properties": { "geogrid_id": "731788094088241766", "seqnum": 8341.0, "lat_c": 31.788093692322757, "lon_c": 88.241766199587502, "res": 7.0, "count_Flowering Plants": 2, "count_Insects": 0, "count_Sac Fungi": 0, "count_Reptiles": 0, "count_Molluscs": 0, "count_Birds": 0, "count_Ferns": 0, "count_Mammals": 0, "count_Arachnids": 0, "count_Amphibians": 0, "count_Basidiomycota": 0, "count_Mosses": 0, "count_Gymnosperms": 0, "unique_species_count": 2.0, "countryCode": "CN" }, "geometry": { "type": "MultiPolygon", "coordinates": [ [ [ [ 88.23173906632455, 32.703279173230221 ], [ 89.051645137533725, 32.113339323913905 ], [ 89.048694495329968, 31.201095803943421 ], [ 88.238972880793142, 30.877025864315559 ], [ 87.433580714997788, 31.457486744440249 ], [ 87.424234592806897, 32.371333436196487 ], [ 88.23173906632455, 32.703279173230221 ] ] ] ] } },
{ "type": "Feature", "properties": { "geogrid_id": "731788094114258234", "seqnum": 9183.0, "lat_c": 31.788093687569877, "lon_c": 114.25823380423677, "res": 7.0, "count_Flowering Plants": 72, "count_Insects": 253, "count_Sac Fungi": 0, "count_Reptiles": 13, "count_Molluscs": 9, "count_Birds": 118, "count_Ferns": 5, "count_Mammals": 10, "count_Arachnids": 13, "count_Amphibians": 7, "count_Basidiomycota": 2, "count_Mosses": 0, "count_Gymnosperms": 1, "unique_species_count": 503.0, "countryCode": "CN" }, "geometry": { "type": "MultiPolygon", "coordinates": [ [ [ [ 114.268260937439578, 32.703279168486105 ], [ 115.07576541091629, 32.371333431409838 ], [ 115.066419288781191, 31.4574867396435 ], [ 114.261027123078264, 30.877025859551381 ], [ 113.451305508588788, 31.201095799224824 ], [ 113.448354866334284, 32.113339319205323 ], [ 114.268260937439578, 32.703279168486105 ] ] ] ] } },
{ "type": "Feature", "properties": { "geogrid_id": "732034091086618166", "seqnum": 8287.0, "lat_c": 32.034091186431354, "lon_c": 86.618165924524135, "res": 7.0, "count_Flowering Plants": 1, "count_Insects": 2, "count_Sac Fungi": 0, "count_Reptiles": 0, "count_Molluscs": 0, "count_Birds": 1, "count_Ferns": 0, "count_Mammals": 2, "count_Arachnids": 0, "count_Amphibians": 0, "count_Basidiomycota": 0, "count_Mosses": 0, "count_Gymnosperms": 0, "unique_species_count": 6.0, "countryCode": "CN" }, "geometry": { "type": "MultiPolygon", "coordinates": [ [ [ [ 86.595179470554228, 32.950738777784338 ], [ 87.424234592806897, 32.371333436196487 ], [ 87.433580714997788, 31.457486744440249 ], [ 86.627210391685935, 31.121592813977148 ], [ 85.813664157956168, 31.691627207726246 ], [ 85.791907620010122, 32.606766402697843 ], [ 86.595179470554228, 32.950738777784338 ] ] ] ] } },
{ "type": "Feature", "properties": { "geogrid_id": "732034091115881834", "seqnum": 9238.0, "lat_c": 32.034091181602584, "lon_c": 115.88183407915632, "res": 7.0, "count_Flowering Plants": 35, "count_Insects": 211, "count_Sac Fungi": 0, "count_Reptiles": 9, "count_Molluscs": 3, "count_Birds": 65, "count_Ferns": 0, "count_Mammals": 1, "count_Arachnids": 8, "count_Amphibians": 9, "count_Basidiomycota": 1, "count_Mosses": 0, "count_Gymnosperms": 0, "unique_species_count": 342.0, "countryCode": "CN" }, "geometry": { "type": "MultiPolygon", "coordinates": [ [ [ [ 115.904820533060317, 32.950738772964485 ], [ 116.708092383564889, 32.606766397837646 ], [ 116.686335845679892, 31.691627202855798 ], [ 115.872789612046276, 31.121592809136988 ], [ 115.066419288781191, 31.4574867396435 ], [ 115.07576541091629, 32.371333431409838 ], [ 115.904820533060317, 32.950738772964485 ] ] ] ] } },
{ "type": "Feature", "properties": { "geogrid_id": "732114919093928580", "seqnum": 8532.0, "lat_c": 32.114918528216627, "lon_c": 93.92858018719707, "res": 7.0, "count_Flowering Plants": 1, "count_Insects": 2, "count_Sac Fungi": 0, "count_Reptiles": 0, "count_Molluscs": 0, "count_Birds": 5, "count_Ferns": 0, "count_Mammals": 0, "count_Arachnids": 0, "count_Amphibians": 0, "count_Basidiomycota": 0, "count_Mosses": 0, "count_Gymnosperms": 0, "unique_species_count": 8.0, "countryCode": "CN" }, "geometry": { "type": "MultiPolygon", "coordinates": [ [ [ [ 93.942811587924652, 33.029300380743408 ], [ 94.750092560983461, 32.398661072887244 ], [ 94.721945906088052, 31.487995979507001 ], [ 93.900533378808134, 31.205101919634341 ], [ 93.108556648095586, 31.825381109953423 ], [ 93.123491182038364, 32.738738404358763 ], [ 93.942811587924652, 33.029300380743408 ] ] ] ] } },
{ "type": "Feature", "properties": { "geogrid_id": "732114919108571420", "seqnum": 8994.0, "lat_c": 32.114918523775621, "lon_c": 108.57141981703431, "res": 7.0, "count_Flowering Plants": 14, "count_Insects": 8, "count_Sac Fungi": 2, "count_Reptiles": 3, "count_Molluscs": 6, "count_Birds": 17, "count_Ferns": 1, "count_Mammals": 0, "count_Arachnids": 1, "count_Amphibians": 1, "count_Basidiomycota": 0, "count_Mosses": 0, "count_Gymnosperms": 0, "unique_species_count": 53.0, "countryCode": "CN" }, "geometry": { "type": "MultiPolygon", "coordinates": [ [ [ [ 108.557188416245353, 33.0293003763068 ], [ 109.376508822094124, 32.738738399874293 ], [ 109.391443356094086, 31.825381105463073 ], [ 108.599466625471223, 31.20510191518596 ], [ 107.77805409823489, 31.487995975109701 ], [ 107.749907443287924, 32.398661068495905 ], [ 108.557188416245353, 33.0293003763068 ] ] ] ] } },
{ "type": "Feature", "properties": { "geogrid_id": "732150081099640668", "seqnum": 8722.0, "lat_c": 32.150080803561465, "lon_c": 99.640668014908556, "res": 7.0, "count_Flowering Plants": 8, "count_Insects": 2, "count_Sac Fungi": 1, "count_Reptiles": 0, "count_Molluscs": 0, "count_Birds": 9, "count_Ferns": 1, "count_Mammals": 1, "count_Arachnids": 0, "count_Amphibians": 1, "count_Basidiomycota": 0, "count_Mosses": 0, "count_Gymnosperms": 0, "unique_species_count": 23.0, "countryCode": "CN" }, "geometry": { "type": "MultiPolygon", "coordinates": [ [ [ [ 100.202861732120496, 32.92307049657267 ], [ 100.730827905322826, 32.320303332783958 ], [ 100.41754135909656, 31.484107449315513 ], [ 99.586389784122048, 31.244538405745971 ], [ 98.810589333457528, 31.903788729489136 ], [ 99.11170697041689, 32.747289821642717 ], [ 100.202861732120496, 32.92307049657267 ] ] ] ] } },
{ "type": "Feature", "properties": { "geogrid_id": "732150081102859332", "seqnum": 8804.0, "lat_c": 32.150080797884272, "lon_c": 102.85933198902224, "res": 7.0, "count_Flowering Plants": 30, "count_Insects": 28, "count_Sac Fungi": 2, "count_Reptiles": 3, "count_Molluscs": 2, "count_Birds": 84, "count_Ferns": 1, "count_Mammals": 12, "count_Arachnids": 0, "count_Amphibians": 2, "count_Basidiomycota": 0, "count_Mosses": 2, "count_Gymnosperms": 1, "unique_species_count": 167.0, "countryCode": "CN" }, "geometry": { "type": "MultiPolygon", "coordinates": [ [ [ [ 102.297138270159721, 32.923070491850268 ], [ 103.388293031886192, 32.747289816921615 ], [ 103.689410671115169, 31.903788725350324 ], [ 102.913610219931897, 31.244538407473158 ], [ 102.082458644940644, 31.48410745110586 ], [ 101.769172096960304, 32.320303328096664 ], [ 102.297138270159721, 32.923070491850268 ] ] ] ] } },
{ "type": "Feature", "properties": { "geogrid_id": "732257637084989903", "seqnum": 8232.0, "lat_c": 32.257637341670133, "lon_c": 84.989902810569902, "res": 7.0, "count_Flowering Plants": 1, "count_Insects": 0, "count_Sac Fungi": 0, "count_Reptiles": 1, "count_Molluscs": 0, "count_Birds": 0, "count_Ferns": 0, "count_Mammals": 0, "count_Arachnids": 0, "count_Amphibians": 0, "count_Basidiomycota": 0, "count_Mosses": 0, "count_Gymnosperms": 0, "unique_species_count": 2.0, "countryCode": "CN" }, "geometry": { "type": "MultiPolygon", "coordinates": [ [ [ [ 84.953857488104063, 33.175428871270952 ], [ 85.791907620010122, 32.606766402697843 ], [ 85.813664157956168, 31.691627207726246 ], [ 85.010856769480299, 31.34402139807176 ], [ 84.189303756625165, 31.903432550089523 ], [ 84.15508828553186, 32.81954455884749 ], [ 84.953857488104063, 33.175428871270952 ] ] ] ] } },
{ "type": "Feature", "properties": { "geogrid_id": "732257637117510097", "seqnum": 9292.0, "lat_c": 32.25763733677001, "lon_c": 117.51009719296366, "res": 7.0, "count_Flowering Plants": 169, "count_Insects": 360, "count_Sac Fungi": 2, "count_Reptiles": 11, "count_Molluscs": 14, "count_Birds": 113, "count_Ferns": 2, "count_Mammals": 10, "count_Arachnids": 8, "count_Amphibians": 10, "count_Basidiomycota": 16, "count_Mosses": 0, "count_Gymnosperms": 4, "unique_species_count": 719.0, "countryCode": "CN" }, "geometry": { "type": "MultiPolygon", "coordinates": [ [ [ [ 117.546142515357531, 33.175428866379974 ], [ 118.344911717891932, 32.819544553918362 ], [ 118.310696246865149, 31.903432545149933 ], [ 117.489143234109804, 31.344021393160101 ], [ 116.686335845679892, 31.691627202855798 ], [ 116.708092383564889, 32.606766397837646 ], [ 117.546142515357531, 33.175428866379974 ] ] ] ] } },
{ "type": "Feature", "properties": { "geogrid_id": "732442447092305451", "seqnum": 8477.0, "lat_c": 32.442447420312426, "lon_c": 92.305451276251262, "res": 7.0, "count_Flowering Plants": 0, "count_Insects": 1, "count_Sac Fungi": 0, "count_Reptiles": 0, "count_Molluscs": 0, "count_Birds": 2, "count_Ferns": 0, "count_Mammals": 2, "count_Arachnids": 0, "count_Amphibians": 0, "count_Basidiomycota": 0, "count_Mosses": 0, "count_Gymnosperms": 0, "unique_species_count": 5.0, "countryCode": "CN" }, "geometry": { "type": "MultiPolygon", "coordinates": [ [ [ [ 92.305530853613746, 33.359388349430212 ], [ 93.123491182038364, 32.738738404358763 ], [ 93.108556648095586, 31.825381109953423 ], [ 92.290148419210212, 31.530101846941861 ], [ 91.488824486813414, 32.140479147749794 ], [ 91.490169357534299, 33.056236089568031 ], [ 92.305530853613746, 33.359388349430212 ] ] ] ] } },
{ "type": "Feature", "properties": { "geogrid_id": "732442447110194549", "seqnum": 9048.0, "lat_c": 32.442447415780407, "lon_c": 110.19454872784186, "res": 7.0, "count_Flowering Plants": 19, "count_Insects": 62, "count_Sac Fungi": 6, "count_Reptiles": 4, "count_Molluscs": 1, "count_Birds": 24, "count_Ferns": 0, "count_Mammals": 1, "count_Arachnids": 1, "count_Amphibians": 3, "count_Basidiomycota": 2, "count_Mosses": 0, "count_Gymnosperms": 0, "unique_species_count": 123.0, "countryCode": "CN" }, "geometry": { "type": "MultiPolygon", "coordinates": [ [ [ [ 110.194469150411479, 33.35938834490257 ], [ 111.009830646454446, 33.056236084994659 ], [ 111.011175517238556, 32.140479143170545 ], [ 110.209851584936118, 31.530101842402527 ], [ 109.391443356094086, 31.825381105463073 ], [ 109.376508822094124, 32.738738399874293 ], [ 110.194469150411479, 33.35938834490257 ] ] ] ] } },
{ "type": "Feature", "properties": { "geogrid_id": "732458649083357376", "seqnum": 8178.0, "lat_c": 32.458649236141937, "lon_c": 83.357376304619251, "res": 7.0, "count_Flowering Plants": 2, "count_Insects": 0, "count_Sac Fungi": 0, "count_Reptiles": 0, "count_Molluscs": 0, "count_Birds": 0, "count_Ferns": 0, "count_Mammals": 1, "count_Arachnids": 0, "count_Amphibians": 0, "count_Basidiomycota": 0, "count_Mosses": 0, "count_Gymnosperms": 0, "unique_species_count": 3.0, "countryCode": "CN" }, "geometry": { "type": "MultiPolygon", "coordinates": [ [ [ [ 83.308243330271139, 33.377258437400748 ], [ 84.15508828553186, 32.81954455884749 ], [ 84.189303756625165, 31.903432550089523 ], [ 83.390245779482512, 31.5442385775292 ], [ 82.560870417588774, 32.092831350084914 ], [ 82.514219960881945, 33.009587458070953 ], [ 83.308243330271139, 33.377258437400748 ] ] ] ] } },
{ "type": "Feature", "properties": { "geogrid_id": "732458649119142624", "seqnum": 9346.0, "lat_c": 32.458649231175109, "lon_c": 119.14262369876469, "res": 7.0, "count_Flowering Plants": 712, "count_Insects": 1157, "count_Sac Fungi": 65, "count_Reptiles": 26, "count_Molluscs": 61, "count_Birds": 285, "count_Ferns": 10, "count_Mammals": 21, "count_Arachnids": 60, "count_Amphibians": 19, "count_Basidiomycota": 160, "count_Mosses": 3, "count_Gymnosperms": 5, "unique_species_count": 2584.0, "countryCode": "CN" }, "geometry": { "type": "MultiPolygon", "coordinates": [ [ [ [ 119.191756673034547, 33.377258432443348 ], [ 119.985780042388043, 33.009587453077614 ], [ 119.939129585753349, 32.092831345080846 ], [ 119.109754223962895, 31.544238572550618 ], [ 118.310696246865149, 31.903432545149933 ], [ 118.344911717891932, 32.819544553918362 ], [ 119.191756673034547, 33.377258432443348 ] ] ] ] } },
{ "type": "Feature", "properties": { "geogrid_id": "732560508098022948", "seqnum": 8668.0, "lat_c": 32.560508502074292, "lon_c": 98.022947806048109, "res": 7.0, "count_Flowering Plants": 14, "count_Insects": 0, "count_Sac Fungi": 0, "count_Reptiles": 0, "count_Molluscs": 0, "count_Birds": 7, "count_Ferns": 3, "count_Mammals": 6, "count_Arachnids": 0, "count_Amphibians": 0, "count_Basidiomycota": 0, "count_Mosses": 0, "count_Gymnosperms": 0, "unique_species_count": 30.0, "countryCode": "CN" }, "geometry": { "type": "MultiPolygon", "coordinates": [ [ [ [ 98.573377262176663, 33.34433091794488 ], [ 99.11170697041689, 32.747289821642717 ], [ 98.810589333457528, 31.903788729489136 ], [ 97.981813187320739, 31.651395404604319 ], [ 97.195651553648943, 32.301332106651579 ], [ 97.483939792517177, 33.151895814818545 ], [ 98.573377262176663, 33.34433091794488 ] ] ] ] } },
{ "type": "Feature", "properties": { "geogrid_id": "732560508104477052", "seqnum": 8858.0, "lat_c": 32.560508496366616, "lon_c": 104.47705219779169, "res": 7.0, "count_Flowering Plants": 212, "count_Insects": 225, "count_Sac Fungi": 9, "count_Reptiles": 12, "count_Molluscs": 10, "count_Birds": 246, "count_Ferns": 6, "count_Mammals": 29, "count_Arachnids": 3, "count_Amphibians": 4, "count_Basidiomycota": 2, "count_Mosses": 2, "count_Gymnosperms": 10, "unique_species_count": 770.0, "countryCode": "CN" }, "geometry": { "type": "MultiPolygon", "coordinates": [ [ [ [ 103.926622740119285, 33.344330913188436 ], [ 105.01606020980185, 33.151895810063323 ], [ 105.304348450794919, 32.301332102409518 ], [ 104.518186817213291, 31.651395400411417 ], [ 103.689410671115169, 31.903788725350324 ], [ 103.388293031886192, 32.747289816921615 ], [ 103.926622740119285, 33.344330913188436 ] ] ] ] } },
{ "type": "Feature", "properties": { "geogrid_id": "732637058081720998", "seqnum": 8124.0, "lat_c": 32.637057687437114, "lon_c": 81.720997947039081, "res": 7.0, "count_Flowering Plants": 1, "count_Insects": 0, "count_Sac Fungi": 0, "count_Reptiles": 0, "count_Molluscs": 0, "count_Birds": 1, "count_Ferns": 0, "count_Mammals": 0, "count_Arachnids": 0, "count_Amphibians": 0, "count_Basidiomycota": 0, "count_Mosses": 0, "count_Gymnosperms": 0, "unique_species_count": 2.0, "countryCode": "CN" }, "geometry": { "type": "MultiPolygon", "coordinates": [ [ [ [ 81.658827883853903, 33.556150417201941 ], [ 82.514219960881945, 33.009587458070953 ], [ 82.560870417588774, 32.092831350084914 ], [ 81.765716395703947, 31.722185519978908 ], [ 80.928739509525201, 32.259766799819658 ], [ 80.86975881621828, 33.176828939773067 ], [ 81.658827883853903, 33.556150417201941 ] ] ] ] } },
{ "type": "Feature", "properties": { "geogrid_id": "732637058120779002", "seqnum": 9401.0, "lat_c": 32.637057682408312, "lon_c": 120.77900205619294, "res": 7.0, "count_Flowering Plants": 72, "count_Insects": 61, "count_Sac Fungi": 19, "count_Reptiles": 4, "count_Molluscs": 9, "count_Birds": 193, "count_Ferns": 0, "count_Mammals": 7, "count_Arachnids": 5, "count_Amphibians": 8, "count_Basidiomycota": 26, "count_Mosses": 0, "count_Gymnosperms": 0, "unique_species_count": 404.0, "countryCode": "CN" }, "geometry": { "type": "MultiPolygon", "coordinates": [ [ [ [ 120.841172119293333, 33.556150412182923 ], [ 121.630241186895731, 33.176828934720334 ], [ 121.571260493666699, 32.259766794755876 ], [ 120.734283607594548, 31.722185514938094 ], [ 119.939129585753349, 32.092831345080846 ], [ 119.985780042388043, 33.009587453077614 ], [ 120.841172119293333, 33.556150412182923 ] ] ] ] } },
{ "type": "Feature", "properties": { "geogrid_id": "732747473090675978", "seqnum": 8423.0, "lat_c": 32.747472941898771, "lon_c": 90.675977686418648, "res": 7.0, "count_Flowering Plants": 0, "count_Insects": 1, "count_Sac Fungi": 0, "count_Reptiles": 0, "count_Molluscs": 0, "count_Birds": 0, "count_Ferns": 0, "count_Mammals": 0, "count_Arachnids": 0, "count_Amphibians": 0, "count_Basidiomycota": 0, "count_Mosses": 0, "count_Gymnosperms": 0, "unique_species_count": 1.0, "countryCode": "CN" }, "geometry": { "type": "MultiPolygon", "coordinates": [ [ [ [ 90.661504635583398, 33.666667526797632 ], [ 91.490169357534299, 33.056236089568031 ], [ 91.488824486813414, 32.140479147749794 ], [ 90.673739846474689, 31.832889860748388 ], [ 89.863092028612186, 32.433154019937561 ], [ 89.850513667778444, 33.351007939481448 ], [ 90.661504635583398, 33.666667526797632 ] ] ] ] } },
{ "type": "Feature", "properties": { "geogrid_id": "732747473111824022", "seqnum": 9102.0, "lat_c": 32.747472937279973, "lon_c": 111.82402231753167, "res": 7.0, "count_Flowering Plants": 25, "count_Insects": 78, "count_Sac Fungi": 0, "count_Reptiles": 5, "count_Molluscs": 2, "count_Birds": 127, "count_Ferns": 0, "count_Mammals": 3, "count_Arachnids": 1, "count_Amphibians": 3, "count_Basidiomycota": 0, "count_Mosses": 0, "count_Gymnosperms": 0, "unique_species_count": 244.0, "countryCode": "CN" }, "geometry": { "type": "MultiPolygon", "coordinates": [ [ [ [ 111.838495368291987, 33.666667522183303 ], [ 112.649486336061884, 33.351007934823528 ], [ 112.636907975297859, 32.433154015273686 ], [ 111.826260157534435, 31.832889856122282 ], [ 111.011175517238556, 32.140479143170545 ], [ 111.009830646454446, 33.056236084994659 ], [ 111.838495368291987, 33.666667522183303 ] ] ] ] } },
{ "type": "Feature", "properties": { "geogrid_id": "732792809080081184", "seqnum": 8069.0, "lat_c": 32.792808504208388, "lon_c": 80.081183514233004, "res": 7.0, "count_Flowering Plants": 4, "count_Insects": 0, "count_Sac Fungi": 0, "count_Reptiles": 0, "count_Molluscs": 0, "count_Birds": 3, "count_Ferns": 0, "count_Mammals": 1, "count_Arachnids": 0, "count_Amphibians": 0, "count_Basidiomycota": 0, "count_Mosses": 0, "count_Gymnosperms": 0, "unique_species_count": 8.0, "countryCode": "CN" }, "geometry": { "type": "MultiPolygon", "coordinates": [ [ [ [ 80.006116297786221, 33.71204265908402 ], [ 80.86975881621828, 33.176828939773067 ], [ 80.928739509525201, 32.259766799819658 ], [ 80.137604140476213, 31.877819341072396 ], [ 79.293281569961593, 32.404198306242336 ], [ 79.222165794297254, 33.321218215566773 ], [ 80.006116297786221, 33.71204265908402 ] ] ] ] } },
{ "type": "Feature", "properties": { "geogrid_id": "732792809122418816", "seqnum": 9455.0, "lat_c": 32.792808499122444, "lon_c": 122.41881648884525, "res": 7.0, "count_Flowering Plants": 0, "count_Insects": 0, "count_Sac Fungi": 0, "count_Reptiles": 1, "count_Molluscs": 0, "count_Birds": 9, "count_Ferns": 0, "count_Mammals": 1, "count_Arachnids": 0, "count_Amphibians": 0, "count_Basidiomycota": 0, "count_Mosses": 0, "count_Gymnosperms": 0, "unique_species_count": 11.0, "countryCode": "CN" }, "geometry": { "type": "MultiPolygon", "coordinates": [ [ [ [ 122.493883705200517, 33.712042654008279 ], [ 123.277834208659115, 33.321218210459556 ], [ 123.206718433078507, 32.404198301123692 ], [ 122.362395862673566, 31.877819335974134 ], [ 121.571260493666699, 32.259766794755876 ], [ 121.630241186895731, 33.176828934720334 ], [ 122.493883705200517, 33.712042654008279 ] ] ] ] } },
{ "type": "Feature", "properties": { "geogrid_id": "732925864124061657", "seqnum": 9509.0, "lat_c": 32.925863893860267, "lon_c": 124.06165679530615, "res": 7.0, "count_Flowering Plants": 0, "count_Insects": 0, "count_Sac Fungi": 0, "count_Reptiles": 1, "count_Molluscs": 0, "count_Birds": 1, "count_Ferns": 0, "count_Mammals": 0, "count_Arachnids": 0, "count_Amphibians": 0, "count_Basidiomycota": 0, "count_Mosses": 0, "count_Gymnosperms": 0, "unique_species_count": 2.0, "countryCode": "CN" }, "geometry": { "type": "MultiPolygon", "coordinates": [ [ [ [ 124.149379933858398, 33.844888822991301 ], [ 124.928103493636868, 33.442721043043605 ], [ 124.845149393539586, 32.526103473601822 ], [ 123.993769681330008, 32.011115257355343 ], [ 123.206718433078507, 32.404198301123692 ], [ 123.277834208659115, 33.321218210459556 ], [ 124.149379933858398, 33.844888822991301 ] ] ] ] } },
{ "type": "Feature", "properties": { "geogrid_id": "732948571096397060", "seqnum": 8614.0, "lat_c": 32.948570858523524, "lon_c": 96.397059648712641, "res": 7.0, "count_Flowering Plants": 42, "count_Insects": 23, "count_Sac Fungi": 0, "count_Reptiles": 0, "count_Molluscs": 0, "count_Birds": 85, "count_Ferns": 0, "count_Mammals": 13, "count_Arachnids": 0, "count_Amphibians": 1, "count_Basidiomycota": 0, "count_Mosses": 0, "count_Gymnosperms": 0, "unique_species_count": 164.0, "countryCode": "CN" }, "geometry": { "type": "MultiPolygon", "coordinates": [ [ [ [ 96.934974335800618, 33.742999245901217 ], [ 97.483939792517177, 33.151895814818545 ], [ 97.195651553648943, 32.301332106651579 ], [ 96.369631664763631, 32.03615919813339 ], [ 95.572963615244632, 32.676559992299332 ], [ 95.84777345604148, 33.533928914614179 ], [ 96.934974335800618, 33.742999245901217 ] ] ] ] } },
{ "type": "Feature", "properties": { "geogrid_id": "732948571106102940", "seqnum": 8913.0, "lat_c": 32.948570852788379, "lon_c": 106.10294035503196, "res": 7.0, "count_Flowering Plants": 8, "count_Insects": 28, "count_Sac Fungi": 0, "count_Reptiles": 6, "count_Molluscs": 1, "count_Birds": 146, "count_Ferns": 0, "count_Mammals": 3, "count_Arachnids": 2, "count_Amphibians": 2, "count_Basidiomycota": 0, "count_Mosses": 0, "count_Gymnosperms": 3, "unique_species_count": 199.0, "countryCode": "CN" }, "geometry": { "type": "MultiPolygon", "coordinates": [ [ [ [ 105.565025666506841, 33.742999241110475 ], [ 106.652226546289484, 33.533928909824603 ], [ 106.927036389064966, 32.676559987957958 ], [ 106.130368339641635, 32.036159193839289 ], [ 105.304348450794919, 32.301332102409518 ], [ 105.01606020980185, 33.151895810063323 ], [ 105.565025666506841, 33.742999241110475 ] ] ] ] } },
{ "type": "Feature", "properties": { "geogrid_id": "733029859113459455", "seqnum": 9157.0, "lat_c": 33.02985879075888, "lon_c": 113.45945525663237, "res": 7.0, "count_Flowering Plants": 5, "count_Insects": 32, "count_Sac Fungi": 0, "count_Reptiles": 0, "count_Molluscs": 1, "count_Birds": 44, "count_Ferns": 0, "count_Mammals": 0, "count_Arachnids": 0, "count_Amphibians": 2, "count_Basidiomycota": 0, "count_Mosses": 0, "count_Gymnosperms": 0, "unique_species_count": 84.0, "countryCode": "CN" }, "geometry": { "type": "MultiPolygon", "coordinates": [ [ [ [ 113.488837805089091, 33.950991517390023 ], [ 114.295046696136978, 33.622918020700332 ], [ 114.268260937439578, 32.703279168486105 ], [ 113.448354866334284, 32.113339319205323 ], [ 112.636907975297859, 32.433154015273686 ], [ 112.649486336061884, 33.351007934823528 ], [ 113.488837805089091, 33.950991517390023 ] ] ] ] } },
{ "type": "Feature", "properties": { "geogrid_id": "733150108101250000", "seqnum": 8777.0, "lat_c": 33.150107666148742, "lon_c": 101.24999999910226, "res": 7.0, "count_Flowering Plants": 22, "count_Insects": 0, "count_Sac Fungi": 0, "count_Reptiles": 0, "count_Molluscs": 0, "count_Birds": 47, "count_Ferns": 3, "count_Mammals": 2, "count_Arachnids": 0, "count_Amphibians": 2, "count_Basidiomycota": 0, "count_Mosses": 0, "count_Gymnosperms": 0, "unique_species_count": 76.0, "countryCode": "CN" }, "geometry": { "type": "MultiPolygon", "coordinates": [ [ [ [ 100.720183669515691, 33.750518444522989 ], [ 101.77981633034122, 33.750518447148572 ], [ 102.297138270159721, 32.923070491850268 ], [ 101.769172096960304, 32.320303328096664 ], [ 100.730827906332252, 32.320303330464931 ], [ 100.202861733157974, 32.923070494269233 ], [ 100.720183669515691, 33.750518444522989 ] ] ] ] } },
{ "type": "Feature", "properties": { "geogrid_id": "733289479087399576", "seqnum": 8314.0, "lat_c": 33.289479175518771, "lon_c": 87.399576391811848, "res": 7.0, "count_Flowering Plants": 0, "count_Insects": 0, "count_Sac Fungi": 0, "count_Reptiles": 0, "count_Molluscs": 0, "count_Birds": 1, "count_Ferns": 0, "count_Mammals": 1, "count_Arachnids": 0, "count_Amphibians": 0, "count_Basidiomycota": 0, "count_Mosses": 4, "count_Gymnosperms": 0, "unique_species_count": 6.0, "countryCode": "CN" }, "geometry": { "type": "MultiPolygon", "coordinates": [ [ [ [ 87.354976703244532, 34.212225304938165 ], [ 88.204953307550539, 33.622918025438324 ], [ 88.23173906632455, 32.703279173230221 ], [ 87.424234592806897, 32.371333436196487 ], [ 86.595179470554228, 32.950738777784338 ], [ 86.553957555757918, 33.871841967174923 ], [ 87.354976703244532, 34.212225304938165 ] ] ] ] } },
{ "type": "Feature", "properties": { "geogrid_id": "733289479115100424", "seqnum": 9211.0, "lat_c": 33.289479170739661, "lon_c": 115.10042361184024, "res": 7.0, "count_Flowering Plants": 10, "count_Insects": 11, "count_Sac Fungi": 0, "count_Reptiles": 0, "count_Molluscs": 1, "count_Birds": 9, "count_Ferns": 0, "count_Mammals": 0, "count_Arachnids": 0, "count_Amphibians": 0, "count_Basidiomycota": 0, "count_Mosses": 0, "count_Gymnosperms": 0, "unique_species_count": 31.0, "countryCode": "CN" }, "geometry": { "type": "MultiPolygon", "coordinates": [ [ [ [ 115.145023300316936, 34.212225300163993 ], [ 115.946042447772626, 33.871841962361451 ], [ 115.904820533060317, 32.950738772964485 ], [ 115.07576541091629, 32.371333431409838 ], [ 114.268260937439578, 32.703279168486105 ], [ 114.295046696136978, 33.622918020700332 ], [ 115.145023300316936, 34.212225300163993 ] ] ] ] } },
{ "type": "Feature", "properties": { "geogrid_id": "733314086094763276", "seqnum": 8559.0, "lat_c": 33.314086229138844, "lon_c": 94.763276430358729, "res": 7.0, "count_Flowering Plants": 4, "count_Insects": 7, "count_Sac Fungi": 0, "count_Reptiles": 0, "count_Molluscs": 0, "count_Birds": 7, "count_Ferns": 0, "count_Mammals": 4, "count_Arachnids": 0, "count_Amphibians": 0, "count_Basidiomycota": 0, "count_Mosses": 0, "count_Gymnosperms": 0, "unique_species_count": 22.0, "countryCode": "CN" }, "geometry": { "type": "MultiPolygon", "coordinates": [ [ [ [ 95.287925888422564, 34.118876989825566 ], [ 95.84777345604148, 33.533928914614179 ], [ 95.572963615244632, 32.676559992299332 ], [ 94.750092560983461, 32.398661072887244 ], [ 93.942811587924652, 33.029300380743408 ], [ 94.203508757636413, 33.893202412645991 ], [ 95.287925888422564, 34.118876989825566 ] ] ] ] } },
{ "type": "Feature", "properties": { "geogrid_id": "733314086107736724", "seqnum": 8967.0, "lat_c": 33.314086223379327, "lon_c": 107.73672357328668, "res": 7.0, "count_Flowering Plants": 64, "count_Insects": 196, "count_Sac Fungi": 0, "count_Reptiles": 10, "count_Molluscs": 2, "count_Birds": 150, "count_Ferns": 1, "count_Mammals": 19, "count_Arachnids": 8, "count_Amphibians": 5, "count_Basidiomycota": 1, "count_Mosses": 0, "count_Gymnosperms": 0, "unique_species_count": 456.0, "countryCode": "CN" }, "geometry": { "type": "MultiPolygon", "coordinates": [ [ [ [ 107.212074113892214, 34.118876985000348 ], [ 108.296491244702523, 33.893202407821896 ], [ 108.557188416245353, 33.0293003763068 ], [ 107.749907443287924, 32.398661068495905 ], [ 106.927036389064966, 32.676559987957958 ], [ 106.652226546289484, 33.533928909824603 ], [ 107.212074113892214, 34.118876985000348 ] ] ] ] } },
{ "type": "Feature", "properties": { "geogrid_id": "733525633099665827", "seqnum": 8751.0, "lat_c": 33.525633363292471, "lon_c": 99.665827464329411, "res": 7.0, "count_Flowering Plants": 17, "count_Insects": 1, "count_Sac Fungi": 0, "count_Reptiles": 0, "count_Molluscs": 0, "count_Birds": 5, "count_Ferns": 0, "count_Mammals": 1, "count_Arachnids": 0, "count_Amphibians": 0, "count_Basidiomycota": 0, "count_Mosses": 0, "count_Gymnosperms": 0, "unique_species_count": 24.0, "countryCode": "CN" }, "geometry": { "type": "MultiPolygon", "coordinates": [ [ [ [ 99.119442209488525, 34.12784430859076 ], [ 100.181107692003962, 34.351008496149937 ], [ 100.720183669515691, 33.750518444522989 ], [ 100.202861733157974, 32.923070494269233 ], [ 99.11170697041689, 32.747289821642717 ], [ 98.573377262176663, 33.34433091794488 ], [ 99.119442209488525, 34.12784430859076 ] ] ] ] } },
{ "type": "Feature", "properties": { "geogrid_id": "733525633102834173", "seqnum": 8832.0, "lat_c": 33.525633360823115, "lon_c": 102.83417253901374, "res": 7.0, "count_Flowering Plants": 71, "count_Insects": 52, "count_Sac Fungi": 6, "count_Reptiles": 2, "count_Molluscs": 0, "count_Birds": 190, "count_Ferns": 0, "count_Mammals": 14, "count_Arachnids": 0, "count_Amphibians": 3, "count_Basidiomycota": 3, "count_Mosses": 2, "count_Gymnosperms": 0, "unique_species_count": 343.0, "countryCode": "CN" }, "geometry": { "type": "MultiPolygon", "coordinates": [ [ [ [ 102.318892307890835, 34.35100849872839 ], [ 103.380557793880328, 34.127844306071296 ], [ 103.926622740119285, 33.344330913188436 ], [ 103.388293031886192, 32.747289816921615 ], [ 102.297138270159721, 32.923070491850268 ], [ 101.77981633034122, 33.750518447148572 ], [ 102.318892307890835, 34.35100849872839 ] ] ] ] } },
{ "type": "Feature", "properties": { "geogrid_id": "733526220116746468", "seqnum": 9265.0, "lat_c": 33.526219967930864, "lon_c": 116.74646790129539, "res": 7.0, "count_Flowering Plants": 62, "count_Insects": 26, "count_Sac Fungi": 0, "count_Reptiles": 2, "count_Molluscs": 1, "count_Birds": 29, "count_Ferns": 1, "count_Mammals": 3, "count_Arachnids": 1, "count_Amphibians": 3, "count_Basidiomycota": 1, "count_Mosses": 0, "count_Gymnosperms": 2, "unique_species_count": 131.0, "countryCode": "CN" }, "geometry": { "type": "MultiPolygon", "coordinates": [ [ [ [ 116.806537303697354, 34.450246517138709 ], [ 117.601967187707302, 34.097668144490811 ], [ 117.546142515357531, 33.175428866379974 ], [ 116.708092383564889, 32.606766397837646 ], [ 115.904820533060317, 32.950738772964485 ], [ 115.946042447772626, 33.871841962361451 ], [ 116.806537303697354, 34.450246517138709 ] ] ] ] } },
{ "type": "Feature", "properties": { "geogrid_id": "733656880109378077", "seqnum": 9021.0, "lat_c": 33.656879529470892, "lon_c": 109.37807730785892, "res": 7.0, "count_Flowering Plants": 125, "count_Insects": 238, "count_Sac Fungi": 2, "count_Reptiles": 7, "count_Molluscs": 6, "count_Birds": 122, "count_Ferns": 1, "count_Mammals": 9, "count_Arachnids": 10, "count_Amphibians": 3, "count_Basidiomycota": 4, "count_Mosses": 0, "count_Gymnosperms": 4, "unique_species_count": 531.0, "countryCode": "CN" }, "geometry": { "type": "MultiPolygon", "coordinates": [ [ [ [ 108.867440627277517, 34.471771990237563 ], [ 109.948500869357929, 34.229536882016937 ], [ 110.194469150411479, 33.35938834490257 ], [ 109.376508822094124, 32.738738399874293 ], [ 108.557188416245353, 33.0293003763068 ], [ 108.296491244702523, 33.893202407821896 ], [ 108.867440627277517, 34.471771990237563 ] ] ] ] } },
{ "type": "Feature", "properties": { "geogrid_id": "733739980084102903", "seqnum": 8206.0, "lat_c": 33.739979903750694, "lon_c": 84.102903304739954, "res": 7.0, "count_Flowering Plants": 7, "count_Insects": 0, "count_Sac Fungi": 0, "count_Reptiles": 0, "count_Molluscs": 0, "count_Birds": 0, "count_Ferns": 0, "count_Mammals": 0, "count_Arachnids": 0, "count_Amphibians": 0, "count_Basidiomycota": 0, "count_Mosses": 0, "count_Gymnosperms": 1, "unique_species_count": 8.0, "countryCode": "CN" }, "geometry": { "type": "MultiPolygon", "coordinates": [ [ [ [ 84.027173250130019, 34.6649467371642 ], [ 84.898032815662461, 34.097668149375053 ], [ 84.953857488104063, 33.175428871270952 ], [ 84.15508828553186, 32.81954455884749 ], [ 83.308243330271139, 33.377258437400748 ], [ 83.237719180774647, 34.300298853115073 ], [ 84.027173250130019, 34.6649467371642 ] ] ] ] } },
{ "type": "Feature", "properties": { "geogrid_id": "733739980118397097", "seqnum": 9320.0, "lat_c": 33.739979898829667, "lon_c": 118.39709669859903, "res": 7.0, "count_Flowering Plants": 61, "count_Insects": 85, "count_Sac Fungi": 1, "count_Reptiles": 1, "count_Molluscs": 5, "count_Birds": 222, "count_Ferns": 0, "count_Mammals": 4, "count_Arachnids": 5, "count_Amphibians": 7, "count_Basidiomycota": 1, "count_Mosses": 0, "count_Gymnosperms": 3, "unique_species_count": 395.0, "countryCode": "CN" }, "geometry": { "type": "MultiPolygon", "coordinates": [ [ [ [ 118.472826753100321, 34.664946732249028 ], [ 119.262280822430895, 34.300298848164864 ], [ 119.191756673034547, 33.377258432443348 ], [ 118.344911717891932, 32.819544553918362 ], [ 117.546142515357531, 33.175428866379974 ], [ 117.601967187707302, 34.097668144490811 ], [ 118.472826753100321, 34.664946732249028 ] ] ] ] } },
{ "type": "Feature", "properties": { "geogrid_id": "733930672082448209", "seqnum": 8151.0, "lat_c": 33.930671554858733, "lon_c": 82.448209119640168, "res": 7.0, "count_Flowering Plants": 2, "count_Insects": 0, "count_Sac Fungi": 0, "count_Reptiles": 0, "count_Molluscs": 0, "count_Birds": 0, "count_Ferns": 0, "count_Mammals": 0, "count_Arachnids": 0, "count_Amphibians": 0, "count_Basidiomycota": 0, "count_Mosses": 0, "count_Gymnosperms": 0, "unique_species_count": 2.0, "countryCode": "CN" }, "geometry": { "type": "MultiPolygon", "coordinates": [ [ [ [ 82.356696666599717, 34.856232582067648 ], [ 83.237719180774647, 34.300298853115073 ], [ 83.308243330271139, 33.377258437400748 ], [ 82.514219960881945, 33.009587458070953 ], [ 81.658827883853903, 33.556150417201941 ], [ 81.57358646349978, 34.47965128809372 ], [ 82.356696666599717, 34.856232582067648 ] ] ] ] } },
{ "type": "Feature", "properties": { "geogrid_id": "733930672120051791", "seqnum": 9374.0, "lat_c": 33.9306715498739, "lon_c": 120.05179088353762, "res": 7.0, "count_Flowering Plants": 11, "count_Insects": 39, "count_Sac Fungi": 0, "count_Reptiles": 1, "count_Molluscs": 2, "count_Birds": 99, "count_Ferns": 0, "count_Mammals": 1, "count_Arachnids": 2, "count_Amphibians": 5, "count_Basidiomycota": 0, "count_Mosses": 0, "count_Gymnosperms": 0, "unique_species_count": 160.0, "countryCode": "CN" }, "geometry": { "type": "MultiPolygon", "coordinates": [ [ [ [ 120.143303336459454, 34.856232577089315 ], [ 120.926413539538501, 34.479651283082447 ], [ 120.841172119293333, 33.556150412182923 ], [ 119.985780042388043, 33.009587453077614 ], [ 119.191756673034547, 33.377258432443348 ], [ 119.262280822430895, 34.300298848164864 ], [ 120.143303336459454, 34.856232577089315 ] ] ] ] } },
{ "type": "Feature", "properties": { "geogrid_id": "733941048098025397", "seqnum": 8641.0, "lat_c": 33.941048148721244, "lon_c": 98.02539670699295, "res": 7.0, "count_Flowering Plants": 24, "count_Insects": 2, "count_Sac Fungi": 0, "count_Reptiles": 0, "count_Molluscs": 0, "count_Birds": 32, "count_Ferns": 0, "count_Mammals": 7, "count_Arachnids": 0, "count_Amphibians": 0, "count_Basidiomycota": 0, "count_Mosses": 0, "count_Gymnosperms": 0, "unique_species_count": 65.0, "countryCode": "CN" }, "geometry": { "type": "MultiPolygon", "coordinates": [ [ [ [ 98.563414002815591, 34.729550453363053 ], [ 99.11944220839321, 34.12784431086267 ], [ 98.573377262176663, 33.34433091794488 ], [ 97.483939792517177, 33.151895814818545 ], [ 96.934974335800618, 33.742999245901217 ], [ 97.467474409587581, 34.537279990119842 ], [ 98.563414002815591, 34.729550453363053 ] ] ] ] } },
{ "type": "Feature", "properties": { "geogrid_id": "733941048104474603", "seqnum": 8886.0, "lat_c": 33.941048143929926, "lon_c": 104.47460329529557, "res": 7.0, "count_Flowering Plants": 5, "count_Insects": 18, "count_Sac Fungi": 0, "count_Reptiles": 1, "count_Molluscs": 3, "count_Birds": 49, "count_Ferns": 0, "count_Mammals": 4, "count_Arachnids": 1, "count_Amphibians": 1, "count_Basidiomycota": 0, "count_Mosses": 0, "count_Gymnosperms": 0, "unique_species_count": 82.0, "countryCode": "CN" }, "geometry": { "type": "MultiPolygon", "coordinates": [ [ [ [ 103.936585999454024, 34.729550448537772 ], [ 105.032525592693119, 34.537279985294099 ], [ 105.565025666506841, 33.742999241110475 ], [ 105.01606020980185, 33.151895810063323 ], [ 103.926622740119285, 33.344330913188436 ], [ 103.380557793880328, 34.127844306071296 ], [ 103.936585999454024, 34.729550448537772 ] ] ] ] } },
{ "type": "Feature", "properties": { "geogrid_id": "733976784091473373", "seqnum": 8451.0, "lat_c": 33.97678380047698, "lon_c": 91.473373389848987, "res": 7.0, "count_Flowering Plants": 0, "count_Insects": 1, "count_Sac Fungi": 0, "count_Reptiles": 0, "count_Molluscs": 0, "count_Birds": 7, "count_Ferns": 0, "count_Mammals": 3, "count_Arachnids": 0, "count_Amphibians": 0, "count_Basidiomycota": 0, "count_Mosses": 0, "count_Gymnosperms": 0, "unique_species_count": 11.0, "countryCode": "CN" }, "geometry": { "type": "MultiPolygon", "coordinates": [ [ [ [ 91.969255482343684, 34.801500065522326 ], [ 92.551499132985057, 34.2295368868756 ], [ 92.305530853613746, 33.359388349430212 ], [ 91.490169357534299, 33.056236089568031 ], [ 90.661504635583398, 33.666667526797632 ], [ 90.892149241437451, 34.542761774669671 ], [ 91.969255482343684, 34.801500065522326 ] ] ] ] } },
{ "type": "Feature", "properties": { "geogrid_id": "733976784111026627", "seqnum": 9076.0, "lat_c": 33.976783794678333, "lon_c": 111.02662661358688, "res": 7.0, "count_Flowering Plants": 15, "count_Insects": 64, "count_Sac Fungi": 0, "count_Reptiles": 1, "count_Molluscs": 0, "count_Birds": 42, "count_Ferns": 0, "count_Mammals": 1, "count_Arachnids": 2, "count_Amphibians": 2, "count_Basidiomycota": 0, "count_Mosses": 0, "count_Gymnosperms": 0, "unique_species_count": 127.0, "countryCode": "CN" }, "geometry": { "type": "MultiPolygon", "coordinates": [ [ [ [ 110.530744519973183, 34.801500060628015 ], [ 111.60785076090572, 34.542761769776462 ], [ 111.838495368291987, 33.666667522183303 ], [ 111.009830646454446, 33.056236084994659 ], [ 110.194469150411479, 33.35938834490257 ], [ 109.948500869357929, 34.229536882016937 ], [ 110.530744519973183, 34.801500060628015 ] ] ] ] } },
{ "type": "Feature", "properties": { "geogrid_id": "734098222080789991", "seqnum": 8097.0, "lat_c": 34.098222331826868, "lon_c": 80.789991320059841, "res": 7.0, "count_Flowering Plants": 2, "count_Insects": 0, "count_Sac Fungi": 0, "count_Reptiles": 0, "count_Molluscs": 0, "count_Birds": 0, "count_Ferns": 0, "count_Mammals": 1, "count_Arachnids": 0, "count_Amphibians": 0, "count_Basidiomycota": 0, "count_Mosses": 0, "count_Gymnosperms": 0, "unique_species_count": 3.0, "countryCode": "CN" }, "geometry": { "type": "MultiPolygon", "coordinates": [ [ [ [ 80.68265284970866, 35.024026802315348 ], [ 81.57358646349978, 34.47965128809372 ], [ 81.658827883853903, 33.556150417201941 ], [ 80.86975881621828, 33.176828939773067 ], [ 80.006116297786221, 33.71204265908402 ], [ 79.906229591399864, 34.635658511141493 ], [ 80.68265284970866, 35.024026802315348 ] ] ] ] } },
{ "type": "Feature", "properties": { "geogrid_id": "734098222121710009", "seqnum": 9428.0, "lat_c": 34.098222326783116, "lon_c": 121.71000868295425, "res": 7.0, "count_Flowering Plants": 0, "count_Insects": 0, "count_Sac Fungi": 0, "count_Reptiles": 1, "count_Molluscs": 0, "count_Birds": 0, "count_Ferns": 0, "count_Mammals": 0, "count_Arachnids": 0, "count_Amphibians": 0, "count_Basidiomycota": 0, "count_Mosses": 0, "count_Gymnosperms": 0, "unique_species_count": 1.0, "countryCode": "CN" }, "geometry": { "type": "MultiPolygon", "coordinates": [ [ [ [ 121.817347153176115, 35.024026797278871 ], [ 122.59377041146864, 34.635658506074137 ], [ 122.493883705200517, 33.712042654008279 ], [ 121.630241186895731, 33.176828934720334 ], [ 120.841172119293333, 33.556150412182923 ], [ 120.926413539538501, 34.479651283082447 ], [ 121.817347153176115, 35.024026797278871 ] ] ] ] } },
{ "type": "Feature", "properties": { "geogrid_id": "734242575123371192", "seqnum": 9483.0, "lat_c": 34.242575303082454, "lon_c": 123.3711917207248, "res": 7.0, "count_Flowering Plants": 0, "count_Insects": 0, "count_Sac Fungi": 0, "count_Reptiles": 1, "count_Molluscs": 0, "count_Birds": 0, "count_Ferns": 0, "count_Mammals": 0, "count_Arachnids": 0, "count_Amphibians": 0, "count_Basidiomycota": 0, "count_Mosses": 0, "count_Gymnosperms": 0, "unique_species_count": 1.0, "countryCode": "CN" }, "geometry": { "type": "MultiPolygon", "coordinates": [ [ [ [ 123.494310800585566, 35.168269180286138 ], [ 124.263736783378988, 34.768270211136453 ], [ 124.149379933858398, 33.844888822991301 ], [ 123.277834208659115, 33.321218210459556 ], [ 122.493883705200517, 33.712042654008279 ], [ 122.59377041146864, 34.635658506074137 ], [ 123.494310800585566, 35.168269180286138 ] ] ] ] } },
{ "type": "Feature", "properties": { "geogrid_id": "734273642112681948", "seqnum": 9130.0, "lat_c": 34.273641651463294, "lon_c": 112.68194772540042, "res": 7.0, "count_Flowering Plants": 54, "count_Insects": 93, "count_Sac Fungi": 0, "count_Reptiles": 6, "count_Molluscs": 4, "count_Birds": 125, "count_Ferns": 1, "count_Mammals": 3, "count_Arachnids": 2, "count_Amphibians": 4, "count_Basidiomycota": 1, "count_Mosses": 0, "count_Gymnosperms": 2, "unique_species_count": 295.0, "countryCode": "CN" }, "geometry": { "type": "MultiPolygon", "coordinates": [ [ [ [ 112.201553566605114, 35.10788654656222 ], [ 113.274086817769131, 34.832716904081344 ], [ 113.488837805089091, 33.950991517390023 ], [ 112.649486336061884, 33.351007934823528 ], [ 111.838495368291987, 33.666667522183303 ], [ 111.60785076090572, 34.542761769776462 ], [ 112.201553566605114, 35.10788654656222 ] ] ] ] } },
{ "type": "Feature", "properties": { "geogrid_id": "734333648096375762", "seqnum": 8587.0, "lat_c": 34.333648258573596, "lon_c": 96.375761771282967, "res": 7.0, "count_Flowering Plants": 1, "count_Insects": 2, "count_Sac Fungi": 0, "count_Reptiles": 0, "count_Molluscs": 0, "count_Birds": 36, "count_Ferns": 0, "count_Mammals": 5, "count_Arachnids": 0, "count_Amphibians": 1, "count_Basidiomycota": 0, "count_Mosses": 0, "count_Gymnosperms": 0, "unique_species_count": 45.0, "countryCode": "CN" }, "geometry": { "type": "MultiPolygon", "coordinates": [ [ [ [ 96.899310623831312, 35.132859173137042 ], [ 97.467474409587581, 34.537279990119842 ], [ 96.934974335800618, 33.742999245901217 ], [ 95.84777345604148, 33.533928914614179 ], [ 95.287925888422564, 34.118876989825566 ], [ 95.806004036607263, 34.923666210506148 ], [ 96.899310623831312, 35.132859173137042 ] ] ] ] } },
{ "type": "Feature", "properties": { "geogrid_id": "734333648106124238", "seqnum": 8940.0, "lat_c": 34.333648253747853, "lon_c": 106.12423823101261, "res": 7.0, "count_Flowering Plants": 16, "count_Insects": 46, "count_Sac Fungi": 0, "count_Reptiles": 4, "count_Molluscs": 0, "count_Birds": 120, "count_Ferns": 0, "count_Mammals": 1, "count_Arachnids": 0, "count_Amphibians": 2, "count_Basidiomycota": 0, "count_Mosses": 10, "count_Gymnosperms": 0, "unique_species_count": 199.0, "countryCode": "CN" }, "geometry": { "type": "MultiPolygon", "coordinates": [ [ [ [ 105.600689378441132, 35.132859168277307 ], [ 106.69399596567601, 34.923666205645915 ], [ 107.212074113892214, 34.118876985000348 ], [ 106.652226546289484, 33.533928909824603 ], [ 105.565025666506841, 33.742999241110475 ], [ 105.032525592693119, 34.537279985294099 ], [ 105.600689378441132, 35.132859168277307 ] ] ] ] } },
{ "type": "Feature", "properties": { "geogrid_id": "734547307088156430", "seqnum": 8342.0, "lat_c": 34.547306810846571, "lon_c": 88.15643002574032, "res": 7.0, "count_Flowering Plants": 2, "count_Insects": 0, "count_Sac Fungi": 0, "count_Reptiles": 0, "count_Molluscs": 0, "count_Birds": 0, "count_Ferns": 0, "count_Mammals": 0, "count_Arachnids": 0, "count_Amphibians": 0, "count_Basidiomycota": 0, "count_Mosses": 0, "count_Gymnosperms": 0, "unique_species_count": 2.0, "countryCode": "CN" }, "geometry": { "type": "MultiPolygon", "coordinates": [ [ [ [ 88.620613865570775, 35.390767887368206 ], [ 89.225913184570402, 34.832716909009001 ], [ 89.011162198631624, 33.950991522086568 ], [ 88.204953307550539, 33.622918025438324 ], [ 87.354976703244532, 34.212225304938165 ], [ 87.553292338752897, 35.099254003916506 ], [ 88.620613865570775, 35.390767887368206 ] ] ] ] } },
{ "type": "Feature", "properties": { "geogrid_id": "734547307114343570", "seqnum": 9184.0, "lat_c": 34.54730680502211, "lon_c": 114.34356997747278, "res": 7.0, "count_Flowering Plants": 104, "count_Insects": 108, "count_Sac Fungi": 0, "count_Reptiles": 4, "count_Molluscs": 4, "count_Birds": 123, "count_Ferns": 0, "count_Mammals": 5, "count_Arachnids": 3, "count_Amphibians": 4, "count_Basidiomycota": 4, "count_Mosses": 0, "count_Gymnosperms": 0, "unique_species_count": 359.0, "countryCode": "CN" }, "geometry": { "type": "MultiPolygon", "coordinates": [ [ [ [ 113.879386136731682, 35.39076788240525 ], [ 114.946707663579261, 35.099253998954609 ], [ 115.145023300316936, 34.212225300163993 ], [ 114.295046696136978, 33.622918020700332 ], [ 113.488837805089091, 33.950991517390023 ], [ 113.274086817769131, 34.832716904081344 ], [ 113.879386136731682, 35.39076788240525 ] ] ] ] } },
{ "type": "Feature", "properties": { "geogrid_id": "734576954101250000", "seqnum": 8805.0, "lat_c": 34.576953909881389, "lon_c": 101.24999999911699, "res": 7.0, "count_Flowering Plants": 12, "count_Insects": 2, "count_Sac Fungi": 0, "count_Reptiles": 0, "count_Molluscs": 0, "count_Birds": 6, "count_Ferns": 0, "count_Mammals": 4, "count_Arachnids": 0, "count_Amphibians": 1, "count_Basidiomycota": 0, "count_Mosses": 1, "count_Gymnosperms": 0, "unique_species_count": 26.0, "countryCode": "CN" }, "geometry": { "type": "MultiPolygon", "coordinates": [ [ [ [ 100.708972312813245, 35.175073674448988 ], [ 101.791027687043581, 35.175073676992533 ], [ 102.318892307890835, 34.35100849872839 ], [ 101.77981633034122, 33.750518447148572 ], [ 100.720183669515691, 33.750518444522989 ], [ 100.181107692003962, 34.351008496149937 ], [ 100.708972312813245, 35.175073674448988 ] ] ] ] } },
{ "type": "Feature", "properties": { "geogrid_id": "734703229094717221", "seqnum": 8533.0, "lat_c": 34.703228629476577, "lon_c": 94.717220670473765, "res": 7.0, "count_Flowering Plants": 0, "count_Insects": 5, "count_Sac Fungi": 0, "count_Reptiles": 1, "count_Molluscs": 0, "count_Birds": 2, "count_Ferns": 0, "count_Mammals": 5, "count_Arachnids": 0, "count_Amphibians": 0, "count_Basidiomycota": 0, "count_Mosses": 0, "count_Gymnosperms": 0, "unique_species_count": 13.0, "countryCode": "CN" }, "geometry": { "type": "MultiPolygon", "coordinates": [ [ [ [ 95.225394608358926, 35.512870189329867 ], [ 95.806004036607263, 34.923666210506148 ], [ 95.287925888422564, 34.118876989825566 ], [ 94.203508757636413, 33.893202412645991 ], [ 93.632559375040387, 34.471771995097335 ], [ 94.135353621630827, 35.286790712820192 ], [ 95.225394608358926, 35.512870189329867 ] ] ] ] } },
{ "type": "Feature", "properties": { "geogrid_id": "734703229107782779", "seqnum": 8995.0, "lat_c": 34.703228624616315, "lon_c": 107.78277933182446, "res": 7.0, "count_Flowering Plants": 57, "count_Insects": 40, "count_Sac Fungi": 0, "count_Reptiles": 3, "count_Molluscs": 0, "count_Birds": 56, "count_Ferns": 2, "count_Mammals": 1, "count_Arachnids": 3, "count_Amphibians": 1, "count_Basidiomycota": 1, "count_Mosses": 3, "count_Gymnosperms": 1, "unique_species_count": 168.0, "countryCode": "CN" }, "geometry": { "type": "MultiPolygon", "coordinates": [ [ [ [ 107.274605393911528, 35.512870184435641 ], [ 108.364646380650399, 35.286790707925462 ], [ 108.867440627277517, 34.471771990237563 ], [ 108.296491244702523, 33.893202407821896 ], [ 107.212074113892214, 34.118876985000348 ], [ 106.69399596567601, 34.923666205645915 ], [ 107.274605393911528, 35.512870184435641 ] ] ] ] } },
{ "type": "Feature", "properties": { "geogrid_id": "734797645086489022", "seqnum": 8288.0, "lat_c": 34.797645447705818, "lon_c": 86.489021933116177, "res": 7.0, "count_Flowering Plants": 2, "count_Insects": 0, "count_Sac Fungi": 0, "count_Reptiles": 0, "count_Molluscs": 0, "count_Birds": 0, "count_Ferns": 0, "count_Mammals": 0, "count_Arachnids": 0, "count_Amphibians": 0, "count_Basidiomycota": 0, "count_Mosses": 0, "count_Gymnosperms": 0, "unique_species_count": 2.0, "countryCode": "CN" }, "geometry": { "type": "MultiPolygon", "coordinates": [ [ [ [ 86.936286197279216, 35.649993059432873 ], [ 87.553292338752897, 35.099254003916506 ], [ 87.354976703244532, 34.212225304938165 ], [ 86.553957555757918, 33.871841967174923 ], [ 85.693462699700547, 34.450246521985797 ], [ 85.874832785499009, 35.342238074210648 ], [ 86.936286197279216, 35.649993059432873 ] ] ] ] } },
{ "type": "Feature", "properties": { "geogrid_id": "734797645116010978", "seqnum": 9239.0, "lat_c": 34.797645441873613, "lon_c": 116.01097806998132, "res": 7.0, "count_Flowering Plants": 19, "count_Insects": 63, "count_Sac Fungi": 0, "count_Reptiles": 1, "count_Molluscs": 1, "count_Birds": 70, "count_Ferns": 0, "count_Mammals": 0, "count_Arachnids": 2, "count_Amphibians": 5, "count_Basidiomycota": 0, "count_Mosses": 0, "count_Gymnosperms": 1, "unique_species_count": 162.0, "countryCode": "CN" }, "geometry": { "type": "MultiPolygon", "coordinates": [ [ [ [ 115.563713805009954, 35.649993054435996 ], [ 116.625167216822092, 35.342238069214794 ], [ 116.806537303697354, 34.450246517138709 ], [ 115.946042447772626, 33.871841962361451 ], [ 115.145023300316936, 34.212225300163993 ], [ 114.946707663579261, 35.099253998954609 ], [ 115.563713805009954, 35.649993054435996 ] ] ] ] } },
{ "type": "Feature", "properties": { "geogrid_id": "734951426099632478", "seqnum": 8778.0, "lat_c": 34.951425617843995, "lon_c": 99.632478326280605, "res": 7.0, "count_Flowering Plants": 23, "count_Insects": 8, "count_Sac Fungi": 0, "count_Reptiles": 1, "count_Molluscs": 0, "count_Birds": 26, "count_Ferns": 0, "count_Mammals": 10, "count_Arachnids": 0, "count_Amphibians": 0, "count_Basidiomycota": 0, "count_Mosses": 7, "count_Gymnosperms": 0, "unique_species_count": 75.0, "countryCode": "CN" }, "geometry": { "type": "MultiPolygon", "coordinates": [ [ [ [ 99.073992061953817, 35.551612060806114 ], [ 100.158185273532865, 35.77342153638584 ], [ 100.708972312813245, 35.175073674448988 ], [ 100.181107692003962, 34.351008496149937 ], [ 99.119442209488525, 34.12784430859076 ], [ 98.563414003940764, 34.72955045110708 ], [ 99.073992061953817, 35.551612060806114 ] ] ] ] } },
{ "type": "Feature", "properties": { "geogrid_id": "734951426102867522", "seqnum": 8859.0, "lat_c": 34.95142562037617, "lon_c": 102.86752167365294, "res": 7.0, "count_Flowering Plants": 22, "count_Insects": 29, "count_Sac Fungi": 0, "count_Reptiles": 0, "count_Molluscs": 0, "count_Birds": 130, "count_Ferns": 0, "count_Mammals": 11, "count_Arachnids": 0, "count_Amphibians": 2, "count_Basidiomycota": 0, "count_Mosses": 0, "count_Gymnosperms": 0, "unique_species_count": 194.0, "countryCode": "CN" }, "geometry": { "type": "MultiPolygon", "coordinates": [ [ [ [ 102.341814726362003, 35.773421538881557 ], [ 103.426007938019367, 35.551612063292851 ], [ 103.936585999454024, 34.729550448537772 ], [ 103.380557793880328, 34.127844306071296 ], [ 102.318892307890835, 34.35100849872839 ], [ 101.791027687043581, 35.175073676992533 ], [ 102.341814726362003, 35.773421538881557 ] ] ] ] } },
{ "type": "Feature", "properties": { "geogrid_id": "735024538084816385", "seqnum": 8233.0, "lat_c": 35.024537576022674, "lon_c": 84.816385316782075, "res": 7.0, "count_Flowering Plants": 6, "count_Insects": 0, "count_Sac Fungi": 0, "count_Reptiles": 0, "count_Molluscs": 0, "count_Birds": 0, "count_Ferns": 0, "count_Mammals": 1, "count_Arachnids": 0, "count_Amphibians": 0, "count_Basidiomycota": 0, "count_Mosses": 0, "count_Gymnosperms": 0, "unique_species_count": 7.0, "countryCode": "CN" }, "geometry": { "type": "MultiPolygon", "coordinates": [ [ [ [ 85.246035525269193, 35.885424983004313 ], [ 85.874832785499009, 35.342238074210648 ], [ 85.693462699700547, 34.450246521985797 ], [ 84.898032815662461, 34.097668149375053 ], [ 84.027173250130019, 34.6649467371642 ], [ 84.191122326212238, 35.561548773756854 ], [ 85.246035525269193, 35.885424983004313 ] ] ] ] } },
{ "type": "Feature", "properties": { "geogrid_id": "735024538117683615", "seqnum": 9293.0, "lat_c": 35.024537570186233, "lon_c": 117.6836146861974, "res": 7.0, "count_Flowering Plants": 67, "count_Insects": 65, "count_Sac Fungi": 1, "count_Reptiles": 2, "count_Molluscs": 2, "count_Birds": 67, "count_Ferns": 3, "count_Mammals": 2, "count_Arachnids": 3, "count_Amphibians": 3, "count_Basidiomycota": 1, "count_Mosses": 0, "count_Gymnosperms": 1, "unique_species_count": 217.0, "countryCode": "CN" }, "geometry": { "type": "MultiPolygon", "coordinates": [ [ [ [ 117.253964477002725, 35.885424977973919 ], [ 118.308877676094227, 35.56154876872742 ], [ 118.472826753100321, 34.664946732249028 ], [ 117.601967187707302, 34.097668144490811 ], [ 116.806537303697354, 34.450246517138709 ], [ 116.625167216822092, 35.342238069214794 ], [ 117.253964477002725, 35.885424977973919 ] ] ] ] } },
{ "type": "Feature", "properties": { "geogrid_id": "735049591093050126", "seqnum": 8478.0, "lat_c": 35.049591117742018, "lon_c": 93.050126474330199, "res": 7.0, "count_Flowering Plants": 3, "count_Insects": 1, "count_Sac Fungi": 0, "count_Reptiles": 0, "count_Molluscs": 0, "count_Birds": 10, "count_Ferns": 0, "count_Mammals": 5, "count_Arachnids": 0, "count_Amphibians": 0, "count_Basidiomycota": 0, "count_Mosses": 0, "count_Gymnosperms": 0, "unique_species_count": 19.0, "countryCode": "CN" }, "geometry": { "type": "MultiPolygon", "coordinates": [ [ [ [ 93.542012685364966, 35.86936329362085 ], [ 94.135353621630827, 35.286790712820192 ], [ 93.632559375040387, 34.471771995097335 ], [ 92.551499132985057, 34.2295368868756 ], [ 91.969255482343684, 34.801500065522326 ], [ 92.455901044625122, 35.62644865808106 ], [ 93.542012685364966, 35.86936329362085 ] ] ] ] } },
{ "type": "Feature", "properties": { "geogrid_id": "735049591109449874", "seqnum": 9049.0, "lat_c": 35.049591112847231, "lon_c": 109.44987352796628, "res": 7.0, "count_Flowering Plants": 25, "count_Insects": 40, "count_Sac Fungi": 0, "count_Reptiles": 2, "count_Molluscs": 1, "count_Birds": 81, "count_Ferns": 0, "count_Mammals": 5, "count_Arachnids": 1, "count_Amphibians": 1, "count_Basidiomycota": 2, "count_Mosses": 0, "count_Gymnosperms": 2, "unique_species_count": 160.0, "countryCode": "CN" }, "geometry": { "type": "MultiPolygon", "coordinates": [ [ [ [ 108.957987316898738, 35.869363288692199 ], [ 110.044098957649481, 35.626448653151918 ], [ 110.530744519973183, 34.801500060628015 ], [ 109.948500869357929, 34.229536882016937 ], [ 108.867440627277517, 34.471771990237563 ], [ 108.364646380650399, 35.286790707925462 ], [ 108.957987316898738, 35.869363288692199 ] ] ] ] } },
{ "type": "Feature", "properties": { "geogrid_id": "735227878083139117", "seqnum": 8179.0, "lat_c": 35.22787828464611, "lon_c": 83.139116546900397, "res": 7.0, "count_Flowering Plants": 8, "count_Insects": 0, "count_Sac Fungi": 0, "count_Reptiles": 0, "count_Molluscs": 0, "count_Birds": 0, "count_Ferns": 1, "count_Mammals": 0, "count_Arachnids": 0, "count_Amphibians": 0, "count_Basidiomycota": 0, "count_Mosses": 0, "count_Gymnosperms": 1, "unique_species_count": 10.0, "countryCode": "CN" }, "geometry": { "type": "MultiPolygon", "coordinates": [ [ [ [ 83.550473924626061, 36.096941763788543 ], [ 84.191122326212238, 35.561548773756854 ], [ 84.027173250130019, 34.6649467371642 ], [ 83.237719180774647, 34.300298853115073 ], [ 82.356696666599717, 34.856232582067648 ], [ 82.502787068857771, 35.757081635358652 ], [ 83.550473924626061, 36.096941763788543 ] ] ] ] } },
{ "type": "Feature", "properties": { "geogrid_id": "735227878119360883", "seqnum": 9347.0, "lat_c": 35.227878278808994, "lon_c": 119.36088345595898, "res": 7.0, "count_Flowering Plants": 200, "count_Insects": 63, "count_Sac Fungi": 3, "count_Reptiles": 3, "count_Molluscs": 46, "count_Birds": 119, "count_Ferns": 3, "count_Mammals": 4, "count_Arachnids": 4, "count_Amphibians": 2, "count_Basidiomycota": 2, "count_Mosses": 0, "count_Gymnosperms": 2, "unique_species_count": 451.0, "countryCode": "CN" }, "geometry": { "type": "MultiPolygon", "coordinates": [ [ [ [ 118.949526077624654, 36.096941758725123 ], [ 119.997212933430546, 35.757081630296099 ], [ 120.143303336459454, 34.856232577089315 ], [ 119.262280822430895, 34.300298848164864 ], [ 118.472826753100321, 34.664946732249028 ], [ 118.308877676094227, 35.56154876872742 ], [ 118.949526077624654, 36.096941758725123 ] ] ] ] } },
{ "type": "Feature", "properties": { "geogrid_id": "735330593097997442", "seqnum": 8752.0, "lat_c": 35.330593493911209, "lon_c": 97.997441620830415, "res": 7.0, "count_Flowering Plants": 16, "count_Insects": 15, "count_Sac Fungi": 0, "count_Reptiles": 0, "count_Molluscs": 1, "count_Birds": 61, "count_Ferns": 0, "count_Mammals": 14, "count_Arachnids": 0, "count_Amphibians": 0, "count_Basidiomycota": 0, "count_Mosses": 0, "count_Gymnosperms": 0, "unique_species_count": 107.0, "countryCode": "CN" }, "geometry": { "type": "MultiPolygon", "coordinates": [ [ [ [ 97.421214397528701, 35.93080954893783 ], [ 98.505335395556457, 36.151404355036163 ], [ 99.073992061953817, 35.551612060806114 ], [ 98.563414003940764, 34.72955045110708 ], [ 97.467474409587581, 34.537279990119842 ], [ 96.899310623831312, 35.132859173137042 ], [ 97.421214397528701, 35.93080954893783 ] ] ] ] } },
{ "type": "Feature", "properties": { "geogrid_id": "735330593104502558", "seqnum": 8914.0, "lat_c": 35.330593491292298, "lon_c": 104.50255838259046, "res": 7.0, "count_Flowering Plants": 21, "count_Insects": 42, "count_Sac Fungi": 7, "count_Reptiles": 15, "count_Molluscs": 14, "count_Birds": 193, "count_Ferns": 0, "count_Mammals": 4, "count_Arachnids": 4, "count_Amphibians": 10, "count_Basidiomycota": 17, "count_Mosses": 0, "count_Gymnosperms": 1, "unique_species_count": 328.0, "countryCode": "CN" }, "geometry": { "type": "MultiPolygon", "coordinates": [ [ [ [ 103.994664604457284, 36.151404357478285 ], [ 105.07878560591837, 35.930809546269543 ], [ 105.600689378441132, 35.132859168277307 ], [ 105.032525592693119, 34.537279985294099 ], [ 103.936585999454024, 34.729550448537772 ], [ 103.426007938019367, 35.551612063292851 ], [ 103.994664604457284, 36.151404357478285 ] ] ] ] } },
{ "type": "Feature", "properties": { "geogrid_id": "735372546111125114", "seqnum": 9103.0, "lat_c": 35.372546121734082, "lon_c": 111.12511428582202, "res": 7.0, "count_Flowering Plants": 44, "count_Insects": 39, "count_Sac Fungi": 0, "count_Reptiles": 3, "count_Molluscs": 0, "count_Birds": 146, "count_Ferns": 0, "count_Mammals": 2, "count_Arachnids": 2, "count_Amphibians": 4, "count_Basidiomycota": 1, "count_Mosses": 0, "count_Gymnosperms": 2, "unique_species_count": 243.0, "countryCode": "CN" }, "geometry": { "type": "MultiPolygon", "coordinates": [ [ [ [ 110.65043298868261, 36.202126076358113 ], [ 111.731922446268754, 35.942444219459283 ], [ 112.201553566605114, 35.10788654656222 ], [ 111.60785076090572, 34.542761769776462 ], [ 110.530744519973183, 34.801500060628015 ], [ 110.044098957649481, 35.626448653151918 ], [ 110.65043298868261, 36.202126076358113 ] ] ] ] } },
{ "type": "Feature", "properties": { "geogrid_id": "735407579081457848", "seqnum": 8125.0, "lat_c": 35.407578908006819, "lon_c": 81.45784774805395, "res": 7.0, "count_Flowering Plants": 12, "count_Insects": 0, "count_Sac Fungi": 0, "count_Reptiles": 0, "count_Molluscs": 0, "count_Birds": 0, "count_Ferns": 0, "count_Mammals": 1, "count_Arachnids": 0, "count_Amphibians": 0, "count_Basidiomycota": 0, "count_Mosses": 0, "count_Gymnosperms": 0, "unique_species_count": 13.0, "countryCode": "CN" }, "geometry": { "type": "MultiPolygon", "coordinates": [ [ [ [ 81.850249136936625, 36.284437813164487 ], [ 82.502787068857771, 35.757081635358652 ], [ 82.356696666599717, 34.856232582067648 ], [ 81.57358646349978, 34.47965128809372 ], [ 80.68265284970866, 35.024026802315348 ], [ 80.81048757148254, 35.928749194053665 ], [ 81.850249136936625, 36.284437813164487 ] ] ] ] } },
{ "type": "Feature", "properties": { "geogrid_id": "735407579121042152", "seqnum": 9402.0, "lat_c": 35.407578902172617, "lon_c": 121.04215225468363, "res": 7.0, "count_Flowering Plants": 523, "count_Insects": 239, "count_Sac Fungi": 11, "count_Reptiles": 8, "count_Molluscs": 100, "count_Birds": 175, "count_Ferns": 11, "count_Mammals": 12, "count_Arachnids": 13, "count_Amphibians": 5, "count_Basidiomycota": 10, "count_Mosses": 0, "count_Gymnosperms": 6, "unique_species_count": 1113.0, "countryCode": "CN" }, "geometry": { "type": "MultiPolygon", "coordinates": [ [ [ [ 120.649750865288993, 36.284437808068652 ], [ 121.68951243078422, 35.928749188958534 ], [ 121.817347153176115, 35.024026797278871 ], [ 120.926413539538501, 34.479651283082447 ], [ 120.143303336459454, 34.856232577089315 ], [ 119.997212933430546, 35.757081630296099 ], [ 120.649750865288993, 36.284437808068652 ] ] ] ] } },
{ "type": "Feature", "properties": { "geogrid_id": "735563568079773243", "seqnum": 8070.0, "lat_c": 35.563568084541728, "lon_c": 79.773243182489281, "res": 7.0, "count_Flowering Plants": 4, "count_Insects": 0, "count_Sac Fungi": 0, "count_Reptiles": 0, "count_Molluscs": 0, "count_Birds": 9, "count_Ferns": 0, "count_Mammals": 1, "count_Arachnids": 0, "count_Amphibians": 0, "count_Basidiomycota": 0, "count_Mosses": 0, "count_Gymnosperms": 0, "unique_species_count": 14.0, "countryCode": "CN" }, "geometry": { "type": "MultiPolygon", "coordinates": [ [ [ [ 80.14603953740108, 36.447824778713553 ], [ 80.81048757148254, 35.928749194053665 ], [ 80.68265284970866, 35.024026802315348 ], [ 79.906229591399864, 34.635658511141493 ], [ 79.00568920212207, 35.168269185375642 ], [ 79.114914518486813, 36.07648197338839 ], [ 80.14603953740108, 36.447824778713553 ] ] ] ] } },
{ "type": "Feature", "properties": { "geogrid_id": "735563568122726757", "seqnum": 9456.0, "lat_c": 35.563568078714063, "lon_c": 122.72675682012516, "res": 7.0, "count_Flowering Plants": 0, "count_Insects": 0, "count_Sac Fungi": 0, "count_Reptiles": 1, "count_Molluscs": 0, "count_Birds": 0, "count_Ferns": 0, "count_Mammals": 0, "count_Arachnids": 0, "count_Amphibians": 0, "count_Basidiomycota": 0, "count_Mosses": 0, "count_Gymnosperms": 0, "unique_species_count": 1.0, "countryCode": "CN" }, "geometry": { "type": "MultiPolygon", "coordinates": [ [ [ [ 122.353960464795563, 36.447824773586007 ], [ 123.38508548375502, 36.076481968261312 ], [ 123.494310800585566, 35.168269180286138 ], [ 122.59377041146864, 34.635658506074137 ], [ 121.817347153176115, 35.024026797278871 ], [ 121.68951243078422, 35.928749188958534 ], [ 122.353960464795563, 36.447824773586007 ] ] ] ] } },
{ "type": "Feature", "properties": { "geogrid_id": "735671914089691956", "seqnum": 8370.0, "lat_c": 35.671914178688944, "lon_c": 89.691956312538153, "res": 7.0, "count_Flowering Plants": 2, "count_Insects": 0, "count_Sac Fungi": 0, "count_Reptiles": 0, "count_Molluscs": 0, "count_Birds": 0, "count_Ferns": 0, "count_Mammals": 0, "count_Arachnids": 0, "count_Amphibians": 0, "count_Basidiomycota": 0, "count_Mosses": 0, "count_Gymnosperms": 0, "unique_species_count": 2.0, "countryCode": "CN" }, "geometry": { "type": "MultiPolygon", "coordinates": [ [ [ [ 90.148512744666903, 36.510955481529287 ], [ 90.768077555994623, 35.942444224422637 ], [ 90.298446435706595, 35.107886551490957 ], [ 89.225913184570402, 34.832716909009001 ], [ 88.620613865570775, 35.390767887368206 ], [ 89.072365204679031, 36.234592121690937 ], [ 90.148512744666903, 36.510955481529287 ] ] ] ] } },
{ "type": "Feature", "properties": { "geogrid_id": "735671914112808044", "seqnum": 9158.0, "lat_c": 35.67191417372554, "lon_c": 112.80804368974171, "res": 7.0, "count_Flowering Plants": 83, "count_Insects": 151, "count_Sac Fungi": 0, "count_Reptiles": 4, "count_Molluscs": 7, "count_Birds": 74, "count_Ferns": 1, "count_Mammals": 4, "count_Arachnids": 4, "count_Amphibians": 2, "count_Basidiomycota": 1, "count_Mosses": 0, "count_Gymnosperms": 1, "unique_species_count": 332.0, "countryCode": "CN" }, "geometry": { "type": "MultiPolygon", "coordinates": [ [ [ [ 112.35148725756892, 36.51095547653248 ], [ 113.427634797568558, 36.234592116693683 ], [ 113.879386136731682, 35.39076788240525 ], [ 113.274086817769131, 34.832716904081344 ], [ 112.201553566605114, 35.10788654656222 ], [ 111.731922446268754, 35.942444219459283 ], [ 112.35148725756892, 36.51095547653248 ] ] ] ] } },
{ "type": "Feature", "properties": { "geogrid_id": "735695793078085995", "seqnum": 8016.0, "lat_c": 35.695792697070587, "lon_c": 78.085995340242363, "res": 7.0, "count_Flowering Plants": 4, "count_Insects": 3, "count_Sac Fungi": 0, "count_Reptiles": 0, "count_Molluscs": 0, "count_Birds": 0, "count_Ferns": 0, "count_Mammals": 1, "count_Arachnids": 0, "count_Amphibians": 0, "count_Basidiomycota": 0, "count_Mosses": 0, "count_Gymnosperms": 0, "unique_species_count": 8.0, "countryCode": "CN" }, "geometry": { "type": "MultiPolygon", "coordinates": [ [ [ [ 78.438548236199352, 36.587032237179265 ], [ 79.114914518486813, 36.07648197338839 ], [ 79.00568920212207, 35.168269185375642 ], [ 78.236263219317706, 34.768270216254827 ], [ 77.326476069838662, 35.288917354392737 ], [ 77.416783885044381, 36.200229310337519 ], [ 78.438548236199352, 36.587032237179265 ] ] ] ] } },
{ "type": "Feature", "properties": { "geogrid_id": "735727613096320597", "seqnum": 8560.0, "lat_c": 35.727612514219075, "lon_c": 96.320596632950199, "res": 7.0, "count_Flowering Plants": 6, "count_Insects": 0, "count_Sac Fungi": 0, "count_Reptiles": 0, "count_Molluscs": 0, "count_Birds": 8, "count_Ferns": 0, "count_Mammals": 0, "count_Arachnids": 0, "count_Amphibians": 0, "count_Basidiomycota": 0, "count_Mosses": 0, "count_Gymnosperms": 0, "unique_species_count": 14.0, "countryCode": "CN" }, "geometry": { "type": "MultiPolygon", "coordinates": [ [ [ [ 96.834412078213248, 36.530028960445634 ], [ 97.421214396341867, 35.930809551161573 ], [ 96.899310623831312, 35.132859173137042 ], [ 95.806004036607263, 34.923666210506148 ], [ 95.225394608358926, 35.512870189329867 ], [ 95.731014652264292, 36.321360741648817 ], [ 96.834412078213248, 36.530028960445634 ] ] ] ] } },
{ "type": "Feature", "properties": { "geogrid_id": "735727613106179403", "seqnum": 8968.0, "lat_c": 35.727612509325759, "lon_c": 106.17940336931341, "res": 7.0, "count_Flowering Plants": 6, "count_Insects": 2, "count_Sac Fungi": 0, "count_Reptiles": 3, "count_Molluscs": 0, "count_Birds": 119, "count_Ferns": 0, "count_Mammals": 8, "count_Arachnids": 0, "count_Amphibians": 0, "count_Basidiomycota": 0, "count_Mosses": 0, "count_Gymnosperms": 0, "unique_species_count": 138.0, "countryCode": "CN" }, "geometry": { "type": "MultiPolygon", "coordinates": [ [ [ [ 105.665587924041333, 36.530028955520727 ], [ 106.768985349989862, 36.321360736722312 ], [ 107.274605393911528, 35.512870184435641 ], [ 106.69399596567601, 34.923666205645915 ], [ 105.600689378441132, 35.132859168277307 ], [ 105.07878560591837, 35.930809546269543 ], [ 105.665587924041333, 36.530028955520727 ] ] ] ] } },
{ "type": "Feature", "properties": { "geogrid_id": "735947527088001845", "seqnum": 8315.0, "lat_c": 35.947527411624328, "lon_c": 88.001844934483458, "res": 7.0, "count_Flowering Plants": 2, "count_Insects": 0, "count_Sac Fungi": 0, "count_Reptiles": 0, "count_Molluscs": 0, "count_Birds": 0, "count_Ferns": 0, "count_Mammals": 0, "count_Arachnids": 0, "count_Amphibians": 0, "count_Basidiomycota": 0, "count_Mosses": 0, "count_Gymnosperms": 0, "unique_species_count": 2.0, "countryCode": "CN" }, "geometry": { "type": "MultiPolygon", "coordinates": [ [ [ [ 88.439354872084863, 36.795659161987132 ], [ 89.072365204679031, 36.234592121690937 ], [ 88.620613865570775, 35.390767887368206 ], [ 87.553292338752897, 35.099254003916506 ], [ 86.936286197279216, 35.649993059432873 ], [ 87.369293594596556, 36.502718989915387 ], [ 88.439354872084863, 36.795659161987132 ] ] ] ] } },
{ "type": "Feature", "properties": { "geogrid_id": "735947527114498155", "seqnum": 9212.0, "lat_c": 35.947527406627025, "lon_c": 114.4981550677816, "res": 7.0, "count_Flowering Plants": 37, "count_Insects": 82, "count_Sac Fungi": 0, "count_Reptiles": 7, "count_Molluscs": 3, "count_Birds": 69, "count_Ferns": 0, "count_Mammals": 2, "count_Arachnids": 5, "count_Amphibians": 4, "count_Basidiomycota": 2, "count_Mosses": 0, "count_Gymnosperms": 0, "unique_species_count": 211.0, "countryCode": "CN" }, "geometry": { "type": "MultiPolygon", "coordinates": [ [ [ [ 114.06064513012987, 36.79565915695683 ], [ 115.130706407630697, 36.502718984884673 ], [ 115.563713805009954, 35.649993054435996 ], [ 114.946707663579261, 35.099253998954609 ], [ 113.879386136731682, 35.39076788240525 ], [ 113.427634797568558, 36.234592116693683 ], [ 114.06064513012987, 36.79565915695683 ] ] ] ] } },
{ "type": "Feature", "properties": { "geogrid_id": "735998301101250000", "seqnum": 8833.0, "lat_c": 35.998301346678623, "lon_c": 101.24999999913128, "res": 7.0, "count_Flowering Plants": 33, "count_Insects": 45, "count_Sac Fungi": 0, "count_Reptiles": 0, "count_Molluscs": 2, "count_Birds": 103, "count_Ferns": 0, "count_Mammals": 9, "count_Arachnids": 0, "count_Amphibians": 1, "count_Basidiomycota": 0, "count_Mosses": 1, "count_Gymnosperms": 0, "unique_species_count": 194.0, "countryCode": "CN" }, "geometry": { "type": "MultiPolygon", "coordinates": [ [ [ [ 100.697151765637003, 36.594254145291075 ], [ 101.80284823421789, 36.59425414775351 ], [ 102.341814726362003, 35.773421538881557 ], [ 101.791027687043581, 35.175073676992533 ], [ 100.708972312813245, 35.175073674448988 ], [ 100.158185273532865, 35.77342153638584 ], [ 100.697151765637003, 36.594254145291075 ] ] ] ] } },
{ "type": "Feature", "properties": { "geogrid_id": "736101071094633618", "seqnum": 8506.0, "lat_c": 36.101070845466808, "lon_c": 94.633618466519565, "res": 7.0, "count_Flowering Plants": 14, "count_Insects": 2, "count_Sac Fungi": 0, "count_Reptiles": 0, "count_Molluscs": 0, "count_Birds": 16, "count_Ferns": 0, "count_Mammals": 4, "count_Arachnids": 0, "count_Amphibians": 0, "count_Basidiomycota": 0, "count_Mosses": 0, "count_Gymnosperms": 0, "unique_species_count": 36.0, "countryCode": "CN" }, "geometry": { "type": "MultiPolygon", "coordinates": [ [ [ [ 95.130237758440614, 36.913918317916476 ], [ 95.731014652264292, 36.321360741648817 ], [ 95.225394608358926, 35.512870189329867 ], [ 94.135353621630827, 35.286790712820192 ], [ 93.542012685364966, 35.86936329362085 ], [ 94.030352091028149, 36.688072222595878 ], [ 95.130237758440614, 36.913918317916476 ] ] ] ] } },
{ "type": "Feature", "properties": { "geogrid_id": "736101071107866382", "seqnum": 9022.0, "lat_c": 36.101070840539045, "lon_c": 107.86638153573747, "res": 7.0, "count_Flowering Plants": 1, "count_Insects": 1, "count_Sac Fungi": 0, "count_Reptiles": 0, "count_Molluscs": 14, "count_Birds": 4, "count_Ferns": 0, "count_Mammals": 0, "count_Arachnids": 1, "count_Amphibians": 0, "count_Basidiomycota": 0, "count_Mosses": 0, "count_Gymnosperms": 0, "unique_species_count": 21.0, "countryCode": "CN" }, "geometry": { "type": "MultiPolygon", "coordinates": [ [ [ [ 107.369762243803351, 36.913918312957151 ], [ 108.469647911214793, 36.688072217635032 ], [ 108.957987316898738, 35.869363288692199 ], [ 108.364646380650399, 35.286790707925462 ], [ 107.274605393911528, 35.512870184435641 ], [ 106.768985349989862, 36.321360736722312 ], [ 107.369762243803351, 36.913918312957151 ] ] ] ] } },
{ "type": "Feature", "properties": { "geogrid_id": "736199231086305104", "seqnum": 8261.0, "lat_c": 36.199230971061766, "lon_c": 86.305103779689688, "res": 7.0, "count_Flowering Plants": 5, "count_Insects": 0, "count_Sac Fungi": 0, "count_Reptiles": 0, "count_Molluscs": 0, "count_Birds": 0, "count_Ferns": 0, "count_Mammals": 0, "count_Arachnids": 0, "count_Amphibians": 0, "count_Basidiomycota": 0, "count_Mosses": 0, "count_Gymnosperms": 0, "unique_species_count": 5.0, "countryCode": "CN" }, "geometry": { "type": "MultiPolygon", "coordinates": [ [ [ [ 86.722644261212452, 37.056056759037489 ], [ 87.369293594596556, 36.502718989915387 ], [ 86.936286197279216, 35.649993059432873 ], [ 85.874832785499009, 35.342238074210648 ], [ 85.246035525269193, 35.885424983004313 ], [ 85.65943587585538, 36.746664638864111 ], [ 86.722644261212452, 37.056056759037489 ] ] ] ] } },
{ "type": "Feature", "properties": { "geogrid_id": "736199231116194896", "seqnum": 9266.0, "lat_c": 36.199230966030989, "lon_c": 116.19489622255628, "res": 7.0, "count_Flowering Plants": 182, "count_Insects": 238, "count_Sac Fungi": 3, "count_Reptiles": 5, "count_Molluscs": 8, "count_Birds": 147, "count_Ferns": 2, "count_Mammals": 10, "count_Arachnids": 35, "count_Amphibians": 4, "count_Basidiomycota": 3, "count_Mosses": 0, "count_Gymnosperms": 1, "unique_species_count": 638.0, "countryCode": "CN" }, "geometry": { "type": "MultiPolygon", "coordinates": [ [ [ [ 115.777355740976461, 37.056056753974254 ], [ 116.840564126347005, 36.746664633800471 ], [ 117.253964477002725, 35.885424977973919 ], [ 116.625167216822092, 35.342238069214794 ], [ 115.563713805009954, 35.649993054435996 ], [ 115.130706407630697, 36.502718984884673 ], [ 115.777355740976461, 37.056056753974254 ] ] ] ] } },
{ "type": "Feature", "properties": { "geogrid_id": "736371835099597323", "seqnum": 8806.0, "lat_c": 36.371834813900492, "lon_c": 99.597323384003005, "res": 7.0, "count_Flowering Plants": 51, "count_Insects": 26, "count_Sac Fungi": 0, "count_Reptiles": 2, "count_Molluscs": 0, "count_Birds": 97, "count_Ferns": 0, "count_Mammals": 11, "count_Arachnids": 0, "count_Amphibians": 2, "count_Basidiomycota": 1, "count_Mosses": 0, "count_Gymnosperms": 0, "unique_species_count": 190.0, "countryCode": "CN" }, "geometry": { "type": "MultiPolygon", "coordinates": [ [ [ [ 99.026060374335401, 36.970144760885006 ], [ 100.134006699419629, 37.190593155601178 ], [ 100.697151765637003, 36.594254145291075 ], [ 100.158185273532865, 35.77342153638584 ], [ 99.073992061953817, 35.551612060806114 ], [ 98.505335395556457, 36.151404355036163 ], [ 99.026060374335401, 36.970144760885006 ] ] ] ] } },
{ "type": "Feature", "properties": { "geogrid_id": "736371835102902677", "seqnum": 8887.0, "lat_c": 36.371834816349299, "lon_c": 102.90267661593082, "res": 7.0, "count_Flowering Plants": 112, "count_Insects": 68, "count_Sac Fungi": 0, "count_Reptiles": 2, "count_Molluscs": 0, "count_Birds": 153, "count_Ferns": 2, "count_Mammals": 7, "count_Arachnids": 3, "count_Amphibians": 1, "count_Basidiomycota": 1, "count_Mosses": 1, "count_Gymnosperms": 0, "unique_species_count": 350.0, "countryCode": "CN" }, "geometry": { "type": "MultiPolygon", "coordinates": [ [ [ [ 102.365993300473477, 37.190593158014984 ], [ 103.473939625638309, 36.970144763287813 ], [ 103.994664604457284, 36.151404357478285 ], [ 103.426007938019367, 35.551612063292851 ], [ 102.341814726362003, 35.773421538881557 ], [ 101.80284823421789, 36.59425414775351 ], [ 102.365993300473477, 37.190593158014984 ] ] ] ] } },
{ "type": "Feature", "properties": { "geogrid_id": "736426884084602327", "seqnum": 8207.0, "lat_c": 36.426884264777172, "lon_c": 84.602326659945859, "res": 7.0, "count_Flowering Plants": 5, "count_Insects": 0, "count_Sac Fungi": 0, "count_Reptiles": 0, "count_Molluscs": 0, "count_Birds": 0, "count_Ferns": 0, "count_Mammals": 0, "count_Arachnids": 0, "count_Amphibians": 0, "count_Basidiomycota": 0, "count_Mosses": 0, "count_Gymnosperms": 0, "unique_species_count": 5.0, "countryCode": "CN" }, "geometry": { "type": "MultiPolygon", "coordinates": [ [ [ [ 84.998972730528664, 37.291980867539444 ], [ 85.65943587585538, 36.746664638864111 ], [ 85.246035525269193, 35.885424983004313 ], [ 84.191122326212238, 35.561548773756854 ], [ 83.550473924626061, 36.096941763788543 ], [ 83.94340384979408, 36.96628307282819 ], [ 84.998972730528664, 37.291980867539444 ] ] ] ] } },
{ "type": "Feature", "properties": { "geogrid_id": "736426884117897673", "seqnum": 9321.0, "lat_c": 36.426884259713447, "lon_c": 117.89767334227673, "res": 7.0, "count_Flowering Plants": 371, "count_Insects": 260, "count_Sac Fungi": 5, "count_Reptiles": 5, "count_Molluscs": 9, "count_Birds": 159, "count_Ferns": 5, "count_Mammals": 8, "count_Arachnids": 14, "count_Amphibians": 4, "count_Basidiomycota": 5, "count_Mosses": 1, "count_Gymnosperms": 3, "unique_species_count": 849.0, "countryCode": "CN" }, "geometry": { "type": "MultiPolygon", "coordinates": [ [ [ [ 117.50102727162971, 37.291980862443957 ], [ 118.556596152378944, 36.966283067732313 ], [ 118.949526077624654, 36.096941758725123 ], [ 118.308877676094227, 35.56154876872742 ], [ 117.253964477002725, 35.885424977973919 ], [ 116.840564126347005, 36.746664633800471 ], [ 117.50102727162971, 37.291980862443957 ] ] ] ] } },
{ "type": "Feature", "properties": { "geogrid_id": "736450739092936878", "seqnum": 8452.0, "lat_c": 36.450739440309825, "lon_c": 92.936877996219664, "res": 7.0, "count_Flowering Plants": 5, "count_Insects": 0, "count_Sac Fungi": 0, "count_Reptiles": 0, "count_Molluscs": 0, "count_Birds": 8, "count_Ferns": 0, "count_Mammals": 2, "count_Arachnids": 0, "count_Amphibians": 0, "count_Basidiomycota": 0, "count_Mosses": 0, "count_Gymnosperms": 0, "unique_species_count": 15.0, "countryCode": "CN" }, "geometry": { "type": "MultiPolygon", "coordinates": [ [ [ [ 93.415263495251196, 37.273671586184641 ], [ 94.030352091028149, 36.688072222595878 ], [ 93.542012685364966, 35.86936329362085 ], [ 92.455901044625122, 35.62644865808106 ], [ 91.849567013569541, 36.202126081320991 ], [ 92.319621989802911, 37.030705076325674 ], [ 93.415263495251196, 37.273671586184641 ] ] ] ] } },
{ "type": "Feature", "properties": { "geogrid_id": "736450739109563122", "seqnum": 9077.0, "lat_c": 36.450739435347785, "lon_c": 109.56312200602585, "res": 7.0, "count_Flowering Plants": 1, "count_Insects": 17, "count_Sac Fungi": 0, "count_Reptiles": 0, "count_Molluscs": 1, "count_Birds": 12, "count_Ferns": 0, "count_Mammals": 1, "count_Arachnids": 2, "count_Amphibians": 0, "count_Basidiomycota": 1, "count_Mosses": 0, "count_Gymnosperms": 0, "unique_species_count": 35.0, "countryCode": "CN" }, "geometry": { "type": "MultiPolygon", "coordinates": [ [ [ [ 109.084736506976839, 37.273671581191138 ], [ 110.180378012423688, 37.030705071330758 ], [ 110.65043298868261, 36.202126076358113 ], [ 110.044098957649481, 35.626448653151918 ], [ 108.957987316898738, 35.869363288692199 ], [ 108.469647911214793, 36.688072217635032 ], [ 109.084736506976839, 37.273671581191138 ] ] ] ] } },
{ "type": "Feature", "properties": { "geogrid_id": "736630362082894144", "seqnum": 8152.0, "lat_c": 36.630362035292698, "lon_c": 82.894144310707802, "res": 7.0, "count_Flowering Plants": 4, "count_Insects": 0, "count_Sac Fungi": 0, "count_Reptiles": 0, "count_Molluscs": 0, "count_Birds": 2, "count_Ferns": 0, "count_Mammals": 1, "count_Arachnids": 0, "count_Amphibians": 0, "count_Basidiomycota": 0, "count_Mosses": 0, "count_Gymnosperms": 0, "unique_species_count": 7.0, "countryCode": "CN" }, "geometry": { "type": "MultiPolygon", "coordinates": [ [ [ [ 83.268967010853075, 37.503277702367541 ], [ 83.94340384979408, 36.96628307282819 ], [ 83.550473924626061, 36.096941763788543 ], [ 82.502787068857771, 35.757081635358652 ], [ 81.850249136936625, 36.284437813164487 ], [ 82.221842021984884, 37.161443224857763 ], [ 83.268967010853075, 37.503277702367541 ] ] ] ] } },
{ "type": "Feature", "properties": { "geogrid_id": "736630362119605856", "seqnum": 9375.0, "lat_c": 36.630362030196672, "lon_c": 119.60585569148718, "res": 7.0, "count_Flowering Plants": 433, "count_Insects": 345, "count_Sac Fungi": 7, "count_Reptiles": 10, "count_Molluscs": 87, "count_Birds": 210, "count_Ferns": 8, "count_Mammals": 7, "count_Arachnids": 23, "count_Amphibians": 5, "count_Basidiomycota": 9, "count_Mosses": 0, "count_Gymnosperms": 4, "unique_species_count": 1148.0, "countryCode": "CN" }, "geometry": { "type": "MultiPolygon", "coordinates": [ [ [ [ 119.231032991270041, 37.503277697240641 ], [ 120.27815798015429, 37.161443219730451 ], [ 120.649750865288993, 36.284437808068652 ], [ 119.997212933430546, 35.757081630296099 ], [ 118.949526077624654, 36.096941758725123 ], [ 118.556596152378944, 36.966283067732313 ], [ 119.231032991270041, 37.503277697240641 ] ] ] ] } },
{ "type": "Feature", "properties": { "geogrid_id": "736750633097926185", "seqnum": 8779.0, "lat_c": 36.750633127872248, "lon_c": 97.926184620981246, "res": 7.0, "count_Flowering Plants": 12, "count_Insects": 9, "count_Sac Fungi": 0, "count_Reptiles": 10, "count_Molluscs": 1, "count_Birds": 79, "count_Ferns": 0, "count_Mammals": 8, "count_Arachnids": 0, "count_Amphibians": 4, "count_Basidiomycota": 0, "count_Mosses": 0, "count_Gymnosperms": 2, "unique_species_count": 125.0, "countryCode": "CN" }, "geometry": { "type": "MultiPolygon", "coordinates": [ [ [ [ 97.336205636693307, 37.349122916640695 ], [ 98.444058952041459, 37.568176376963457 ], [ 99.026060374335401, 36.970144760885006 ], [ 98.505335395556457, 36.151404355036163 ], [ 97.421214397528701, 35.93080954893783 ], [ 96.834412079431985, 36.530028958238198 ], [ 97.336205636693307, 37.349122916640695 ] ] ] ] } },
{ "type": "Feature", "properties": { "geogrid_id": "736750633104573815", "seqnum": 8941.0, "lat_c": 36.750633130270572, "lon_c": 104.57381537907399, "res": 7.0, "count_Flowering Plants": 5, "count_Insects": 2, "count_Sac Fungi": 0, "count_Reptiles": 1, "count_Molluscs": 0, "count_Birds": 4, "count_Ferns": 0, "count_Mammals": 0, "count_Arachnids": 0, "count_Amphibians": 0, "count_Basidiomycota": 0, "count_Mosses": 0, "count_Gymnosperms": 0, "unique_species_count": 12.0, "countryCode": "CN" }, "geometry": { "type": "MultiPolygon", "coordinates": [ [ [ [ 104.055941047973121, 37.568176379321152 ], [ 105.163794363404392, 37.349122918996002 ], [ 105.665587924041333, 36.530028955520727 ], [ 105.07878560591837, 35.930809546269543 ], [ 103.994664604457284, 36.151404357478285 ], [ 103.473939625638309, 36.970144763287813 ], [ 104.055941047973121, 37.568176379321152 ] ] ] ] } },
{ "type": "Feature", "properties": { "geogrid_id": "736776397111269199", "seqnum": 9131.0, "lat_c": 36.776397289507329, "lon_c": 111.26919856459725, "res": 7.0, "count_Flowering Plants": 36, "count_Insects": 39, "count_Sac Fungi": 0, "count_Reptiles": 2, "count_Molluscs": 0, "count_Birds": 57, "count_Ferns": 1, "count_Mammals": 3, "count_Arachnids": 1, "count_Amphibians": 2, "count_Basidiomycota": 0, "count_Mosses": 0, "count_Gymnosperms": 1, "unique_species_count": 142.0, "countryCode": "CN" }, "geometry": { "type": "MultiPolygon", "coordinates": [ [ [ [ 110.810090440846594, 37.609038816329523 ], [ 111.900725254749119, 37.34902849920779 ], [ 112.35148725756892, 36.51095547653248 ], [ 111.731922446268754, 35.942444219459283 ], [ 110.65043298868261, 36.202126076358113 ], [ 110.180378012423688, 37.030705071330758 ], [ 110.810090440846594, 37.609038816329523 ] ] ] ] } },
{ "type": "Feature", "properties": { "geogrid_id": "736809555081181219", "seqnum": 8098.0, "lat_c": 36.809555191957358, "lon_c": 81.181218779262508, "res": 7.0, "count_Flowering Plants": 5, "count_Insects": 2, "count_Sac Fungi": 0, "count_Reptiles": 0, "count_Molluscs": 0, "count_Birds": 1, "count_Ferns": 0, "count_Mammals": 0, "count_Arachnids": 0, "count_Amphibians": 0, "count_Basidiomycota": 0, "count_Mosses": 0, "count_Gymnosperms": 0, "unique_species_count": 8.0, "countryCode": "CN" }, "geometry": { "type": "MultiPolygon", "coordinates": [ [ [ [ 81.533281342819848, 37.689807307198571 ], [ 82.221842021984884, 37.161443224857763 ], [ 81.850249136936625, 36.284437813164487 ], [ 80.81048757148254, 35.928749194053665 ], [ 80.14603953740108, 36.447824778713553 ], [ 80.4954203639019, 37.332029293082769 ], [ 81.533281342819848, 37.689807307198571 ] ] ] ] } },
{ "type": "Feature", "properties": { "geogrid_id": "736809555121318781", "seqnum": 9429.0, "lat_c": 36.809555186829797, "lon_c": 121.31878122290064, "res": 7.0, "count_Flowering Plants": 403, "count_Insects": 536, "count_Sac Fungi": 27, "count_Reptiles": 11, "count_Molluscs": 89, "count_Birds": 198, "count_Ferns": 3, "count_Mammals": 9, "count_Arachnids": 21, "count_Amphibians": 6, "count_Basidiomycota": 20, "count_Mosses": 2, "count_Gymnosperms": 3, "unique_species_count": 1328.0, "countryCode": "CN" }, "geometry": { "type": "MultiPolygon", "coordinates": [ [ [ [ 120.966718659263336, 37.689807302041245 ], [ 122.004579638198919, 37.332029287924968 ], [ 122.353960464795563, 36.447824773586007 ], [ 121.68951243078422, 35.928749188958534 ], [ 120.649750865288993, 36.284437808068652 ], [ 120.27815798015429, 37.161443219730451 ], [ 120.966718659263336, 37.689807302041245 ] ] ] ] } },
{ "type": "Feature", "properties": { "geogrid_id": "736964371079464237", "seqnum": 8044.0, "lat_c": 36.964371319730091, "lon_c": 79.464236679394787, "res": 7.0, "count_Flowering Plants": 6, "count_Insects": 2, "count_Sac Fungi": 0, "count_Reptiles": 1, "count_Molluscs": 0, "count_Birds": 25, "count_Ferns": 0, "count_Mammals": 2, "count_Arachnids": 0, "count_Amphibians": 0, "count_Basidiomycota": 0, "count_Mosses": 0, "count_Gymnosperms": 0, "unique_species_count": 36.0, "countryCode": "CN" }, "geometry": { "type": "MultiPolygon", "coordinates": [ [ [ [ 79.792588365766363, 37.851443128861781 ], [ 80.4954203639019, 37.332029293082769 ], [ 80.14603953740108, 36.447824778713553 ], [ 79.114914518486813, 36.07648197338839 ], [ 78.438548236199352, 36.587032237179265 ], [ 78.764825423658053, 37.477940519872909 ], [ 79.792588365766363, 37.851443128861781 ] ] ] ] } },
{ "type": "Feature", "properties": { "geogrid_id": "736964371123035763", "seqnum": 9484.0, "lat_c": 36.964371314571892, "lon_c": 123.03576332273228, "res": 7.0, "count_Flowering Plants": 59, "count_Insects": 30, "count_Sac Fungi": 0, "count_Reptiles": 2, "count_Molluscs": 35, "count_Birds": 93, "count_Ferns": 0, "count_Mammals": 2, "count_Arachnids": 4, "count_Amphibians": 4, "count_Basidiomycota": 0, "count_Mosses": 0, "count_Gymnosperms": 0, "unique_species_count": 229.0, "countryCode": "CN" }, "geometry": { "type": "MultiPolygon", "coordinates": [ [ [ [ 122.70741163627217, 37.851443123675175 ], [ 123.735174578399892, 37.477940514685734 ], [ 124.061451765964449, 36.587032232020832 ], [ 123.38508548375502, 36.076481968261312 ], [ 122.353960464795563, 36.447824773586007 ], [ 122.004579638198919, 37.332029287924968 ], [ 122.70741163627217, 37.851443123675175 ] ] ] ] } },
{ "type": "Feature", "properties": { "geogrid_id": "737077833089515867", "seqnum": 8343.0, "lat_c": 37.077832866054557, "lon_c": 89.515867386202387, "res": 7.0, "count_Flowering Plants": 4, "count_Insects": 0, "count_Sac Fungi": 0, "count_Reptiles": 0, "count_Molluscs": 0, "count_Birds": 0, "count_Ferns": 0, "count_Mammals": 0, "count_Arachnids": 0, "count_Amphibians": 0, "count_Basidiomycota": 0, "count_Mosses": 0, "count_Gymnosperms": 0, "unique_species_count": 4.0, "countryCode": "CN" }, "geometry": { "type": "MultiPolygon", "coordinates": [ [ [ [ 89.954651054675864, 37.919778079092019 ], [ 90.599274747456008, 37.349028504236365 ], [ 90.148512744666903, 36.510955481529287 ], [ 89.072365204679031, 36.234592121690937 ], [ 88.439354872084863, 36.795659161987132 ], [ 88.869812349473946, 37.64282107624441 ], [ 89.954651054675864, 37.919778079092019 ] ] ] ] } },
{ "type": "Feature", "properties": { "geogrid_id": "737077833112984133", "seqnum": 9185.0, "lat_c": 37.07783286102498, "lon_c": 112.98413261600518, "res": 7.0, "count_Flowering Plants": 149, "count_Insects": 88, "count_Sac Fungi": 0, "count_Reptiles": 2, "count_Molluscs": 0, "count_Birds": 137, "count_Ferns": 1, "count_Mammals": 9, "count_Arachnids": 4, "count_Amphibians": 1, "count_Basidiomycota": 0, "count_Mosses": 0, "count_Gymnosperms": 4, "unique_species_count": 395.0, "countryCode": "CN" }, "geometry": { "type": "MultiPolygon", "coordinates": [ [ [ [ 112.545348947504479, 37.919778074031449 ], [ 113.630187652704606, 37.642821071182716 ], [ 114.06064513012987, 36.79565915695683 ], [ 113.427634797568558, 36.234592116693683 ], [ 112.35148725756892, 36.51095547653248 ], [ 111.900725254749119, 37.34902849920779 ], [ 112.545348947504479, 37.919778074031449 ] ] ] ] } },
{ "type": "Feature", "properties": { "geogrid_id": "737094735077743901", "seqnum": 7989.0, "lat_c": 37.094734740965485, "lon_c": 77.743900979728679, "res": 7.0, "count_Flowering Plants": 4, "count_Insects": 2, "count_Sac Fungi": 0, "count_Reptiles": 0, "count_Molluscs": 0, "count_Birds": 10, "count_Ferns": 0, "count_Mammals": 1, "count_Arachnids": 0, "count_Amphibians": 0, "count_Basidiomycota": 0, "count_Mosses": 0, "count_Gymnosperms": 0, "unique_species_count": 17.0, "countryCode": "CN" }, "geometry": { "type": "MultiPolygon", "coordinates": [ [ [ [ 78.047567779915141, 37.988070680834738 ], [ 78.764825423658053, 37.477940519872909 ], [ 78.438548236199352, 36.587032237179265 ], [ 77.416783885044381, 36.200229310337519 ], [ 76.728496070940807, 36.702008072300011 ], [ 77.030749227409629, 37.599090166494754 ], [ 78.047567779915141, 37.988070680834738 ] ] ] ] } },
{ "type": "Feature", "properties": { "geogrid_id": "737128076096236705", "seqnum": 8753.0, "lat_c": 37.128076109810351, "lon_c": 96.236704684779127, "res": 7.0, "count_Flowering Plants": 2, "count_Insects": 7, "count_Sac Fungi": 0, "count_Reptiles": 1, "count_Molluscs": 0, "count_Birds": 8, "count_Ferns": 0, "count_Mammals": 0, "count_Arachnids": 0, "count_Amphibians": 0, "count_Basidiomycota": 0, "count_Mosses": 0, "count_Gymnosperms": 0, "unique_species_count": 18.0, "countryCode": "CN" }, "geometry": { "type": "MultiPolygon", "coordinates": [ [ [ [ 95.627752394550001, 37.724769248132056 ], [ 96.735053773547833, 37.946691975450157 ], [ 97.336205636693307, 37.349122916640695 ], [ 96.834412079431985, 36.530028958238198 ], [ 95.731014652264292, 36.321360741648817 ], [ 95.130237758440614, 36.913918317916476 ], [ 95.627752394550001, 37.724769248132056 ] ] ] ] } },
{ "type": "Feature", "properties": { "geogrid_id": "737128076106263295", "seqnum": 8996.0, "lat_c": 37.128076107043867, "lon_c": 106.26329531872041, "res": 7.0, "count_Flowering Plants": 1, "count_Insects": 7, "count_Sac Fungi": 0, "count_Reptiles": 0, "count_Molluscs": 0, "count_Birds": 4, "count_Ferns": 0, "count_Mammals": 2, "count_Arachnids": 0, "count_Amphibians": 0, "count_Basidiomycota": 0, "count_Mosses": 0, "count_Gymnosperms": 0, "unique_species_count": 14.0, "countryCode": "CN" }, "geometry": { "type": "MultiPolygon", "coordinates": [ [ [ [ 105.764946226593324, 37.946691977763223 ], [ 106.87224760897567, 37.724769245316715 ], [ 107.369762243803351, 36.913918312957151 ], [ 106.768985349989862, 36.321360736722312 ], [ 105.665587924041333, 36.530028955520727 ], [ 105.163794363404392, 37.349122918996002 ], [ 105.764946226593324, 37.946691977763223 ] ] ] ] } },
{ "type": "Feature", "properties": { "geogrid_id": "737200586076020921", "seqnum": 7935.0, "lat_c": 37.200585934781387, "lon_c": 76.020920786510843, "res": 7.0, "count_Flowering Plants": 15, "count_Insects": 0, "count_Sac Fungi": 0, "count_Reptiles": 0, "count_Molluscs": 0, "count_Birds": 3, "count_Ferns": 0, "count_Mammals": 1, "count_Arachnids": 0, "count_Amphibians": 0, "count_Basidiomycota": 0, "count_Mosses": 0, "count_Gymnosperms": 0, "unique_species_count": 19.0, "countryCode": "CN" }, "geometry": { "type": "MultiPolygon", "coordinates": [ [ [ [ 76.298891986367479, 38.099584858351733 ], [ 77.030749227409629, 37.599090166494754 ], [ 76.728496070940807, 36.702008072300011 ], [ 75.716831503536824, 36.299959987139189 ], [ 75.0166130743727, 36.792718414843861 ], [ 75.293875079574264, 37.695403281134446 ], [ 76.298891986367479, 38.099584858351733 ] ] ] ] } },
{ "type": "Feature", "properties": { "geogrid_id": "737281880074295998", "seqnum": 7881.0, "lat_c": 37.281879987989043, "lon_c": 74.295998221094663, "res": 7.0, "count_Flowering Plants": 0, "count_Insects": 0, "count_Sac Fungi": 1, "count_Reptiles": 0, "count_Molluscs": 0, "count_Birds": 1, "count_Ferns": 0, "count_Mammals": 0, "count_Arachnids": 0, "count_Amphibians": 0, "count_Basidiomycota": 0, "count_Mosses": 0, "count_Gymnosperms": 0, "unique_species_count": 2.0, "countryCode": "CN" }, "geometry": { "type": "MultiPolygon", "coordinates": [ [ [ [ 74.547207453846084, 38.185885184204132 ], [ 75.293875079574264, 37.695403281134446 ], [ 75.0166130743727, 36.792718414843861 ], [ 74.015806864566713, 36.375662623816531 ], [ 73.303627685066814, 36.859146936558304 ], [ 73.554858799129164, 37.766812575974505 ], [ 74.547207453846084, 38.185885184204132 ] ] ] ] } },
{ "type": "Feature", "properties": { "geogrid_id": "737354845087792603", "seqnum": 8289.0, "lat_c": 37.354845307679035, "lon_c": 87.792603011635507, "res": 7.0, "count_Flowering Plants": 1, "count_Insects": 0, "count_Sac Fungi": 0, "count_Reptiles": 0, "count_Molluscs": 0, "count_Birds": 3, "count_Ferns": 0, "count_Mammals": 0, "count_Arachnids": 0, "count_Amphibians": 0, "count_Basidiomycota": 0, "count_Mosses": 0, "count_Gymnosperms": 0, "unique_species_count": 4.0, "countryCode": "CN" }, "geometry": { "type": "MultiPolygon", "coordinates": [ [ [ [ 88.210013749101208, 38.205656434918957 ], [ 88.869812349473946, 37.64282107624441 ], [ 88.439354872084863, 36.795659161987132 ], [ 87.369293594596556, 36.502718989915387 ], [ 86.722644261212452, 37.056056759037489 ], [ 87.131783849438662, 37.911871717951605 ], [ 88.210013749101208, 38.205656434918957 ] ] ] ] } },
{ "type": "Feature", "properties": { "geogrid_id": "737354845114707397", "seqnum": 9240.0, "lat_c": 37.354845302616454, "lon_c": 114.7073969905457, "res": 7.0, "count_Flowering Plants": 67, "count_Insects": 91, "count_Sac Fungi": 0, "count_Reptiles": 4, "count_Molluscs": 6, "count_Birds": 79, "count_Ferns": 0, "count_Mammals": 6, "count_Arachnids": 12, "count_Amphibians": 2, "count_Basidiomycota": 4, "count_Mosses": 0, "count_Gymnosperms": 2, "unique_species_count": 273.0, "countryCode": "CN" }, "geometry": { "type": "MultiPolygon", "coordinates": [ [ [ [ 114.289986253047402, 38.20565642982578 ], [ 115.368216152708243, 37.911871712857483 ], [ 115.777355740976461, 37.056056753974254 ], [ 115.130706407630697, 36.502718984884673 ], [ 114.06064513012987, 36.79565915695683 ], [ 113.630187652704606, 37.642821071182716 ], [ 114.289986253047402, 38.20565642982578 ] ] ] ] } },
{ "type": "Feature", "properties": { "geogrid_id": "737414429101250000", "seqnum": 8860.0, "lat_c": 37.414429300525207, "lon_c": 101.2499999991451, "res": 7.0, "count_Flowering Plants": 107, "count_Insects": 100, "count_Sac Fungi": 1, "count_Reptiles": 1, "count_Molluscs": 0, "count_Birds": 176, "count_Ferns": 0, "count_Mammals": 14, "count_Arachnids": 1, "count_Amphibians": 3, "count_Basidiomycota": 2, "count_Mosses": 0, "count_Gymnosperms": 1, "unique_species_count": 406.0, "countryCode": "CN" }, "geometry": { "type": "MultiPolygon", "coordinates": [ [ [ [ 100.6846754191168, 38.008336503667763 ], [ 101.815324580734256, 38.008336506049964 ], [ 102.365993300473477, 37.190593158014984 ], [ 101.80284823421789, 36.59425414775351 ], [ 100.697151765637003, 36.594254145291075 ], [ 100.134006699419629, 37.190593155601178 ], [ 100.6846754191168, 38.008336503667763 ] ] ] ] } },
{ "type": "Feature", "properties": { "geogrid_id": "737505093094517930", "seqnum": 8479.0, "lat_c": 37.505093258344644, "lon_c": 94.517929849704345, "res": 7.0, "count_Flowering Plants": 1, "count_Insects": 28, "count_Sac Fungi": 0, "count_Reptiles": 0, "count_Molluscs": 0, "count_Birds": 4, "count_Ferns": 0, "count_Mammals": 2, "count_Arachnids": 0, "count_Amphibians": 0, "count_Basidiomycota": 0, "count_Mosses": 0, "count_Gymnosperms": 0, "unique_species_count": 35.0, "countryCode": "CN" }, "geometry": { "type": "MultiPolygon", "coordinates": [ [ [ [ 95.007205470683502, 38.319920281747905 ], [ 95.627752393265197, 37.724769250306494 ], [ 95.130237758440614, 36.913918317916476 ], [ 94.030352091028149, 36.688072222595878 ], [ 93.415263495251196, 37.273671586184641 ], [ 93.893745641953004, 38.094686946321382 ], [ 95.007205470683502, 38.319920281747905 ] ] ] ] } },
{ "type": "Feature", "properties": { "geogrid_id": "737505093107982070", "seqnum": 9050.0, "lat_c": 37.505093253352847, "lon_c": 107.98207015252858, "res": 7.0, "count_Flowering Plants": 3, "count_Insects": 0, "count_Sac Fungi": 0, "count_Reptiles": 0, "count_Molluscs": 0, "count_Birds": 2, "count_Ferns": 0, "count_Mammals": 0, "count_Arachnids": 0, "count_Amphibians": 0, "count_Basidiomycota": 0, "count_Mosses": 0, "count_Gymnosperms": 0, "unique_species_count": 5.0, "countryCode": "CN" }, "geometry": { "type": "MultiPolygon", "coordinates": [ [ [ [ 107.49279453154908, 38.319920276726101 ], [ 108.606254360267911, 38.094686941297454 ], [ 109.084736506976839, 37.273671581191138 ], [ 108.469647911214793, 36.688072217635032 ], [ 107.369762243803351, 36.913918312957151 ], [ 106.87224760897567, 37.724769245316715 ], [ 107.49279453154908, 38.319920276726101 ] ] ] ] } },
{ "type": "Feature", "properties": { "geogrid_id": "737607245086061579", "seqnum": 8234.0, "lat_c": 37.607245443381437, "lon_c": 86.061579273949235, "res": 7.0, "count_Flowering Plants": 2, "count_Insects": 1, "count_Sac Fungi": 0, "count_Reptiles": 0, "count_Molluscs": 0, "count_Birds": 3, "count_Ferns": 0, "count_Mammals": 0, "count_Arachnids": 0, "count_Amphibians": 0, "count_Basidiomycota": 0, "count_Mosses": 0, "count_Gymnosperms": 0, "unique_species_count": 6.0, "countryCode": "CN" }, "geometry": { "type": "MultiPolygon", "coordinates": [ [ [ [ 86.456568823305346, 38.466450643415847 ], [ 87.131783849438662, 37.911871717951605 ], [ 86.722644261212452, 37.056056759037489 ], [ 85.65943587585538, 36.746664638864111 ], [ 84.998972730528664, 37.291980867539444 ], [ 85.385779706620383, 38.155980335293322 ], [ 86.456568823305346, 38.466450643415847 ] ] ] ] } },
{ "type": "Feature", "properties": { "geogrid_id": "737607245116438421", "seqnum": 9294.0, "lat_c": 37.607245438286547, "lon_c": 116.4384207282007, "res": 7.0, "count_Flowering Plants": 26, "count_Insects": 39, "count_Sac Fungi": 0, "count_Reptiles": 1, "count_Molluscs": 1, "count_Birds": 56, "count_Ferns": 0, "count_Mammals": 1, "count_Arachnids": 2, "count_Amphibians": 2, "count_Basidiomycota": 2, "count_Mosses": 0, "count_Gymnosperms": 1, "unique_species_count": 131.0, "countryCode": "CN" }, "geometry": { "type": "MultiPolygon", "coordinates": [ [ [ [ 116.043431178806344, 38.466450638290894 ], [ 117.114220295489815, 38.155980330167608 ], [ 117.50102727162971, 37.291980862443957 ], [ 116.840564126347005, 36.746664633800471 ], [ 115.777355740976461, 37.056056753974254 ], [ 115.368216152708243, 37.911871712857483 ], [ 116.043431178806344, 38.466450638290894 ] ] ] ] } },
{ "type": "Feature", "properties": { "geogrid_id": "737787144099560225", "seqnum": 8834.0, "lat_c": 37.787144276487531, "lon_c": 99.560225268058545, "res": 7.0, "count_Flowering Plants": 9, "count_Insects": 34, "count_Sac Fungi": 0, "count_Reptiles": 0, "count_Molluscs": 0, "count_Birds": 54, "count_Ferns": 0, "count_Mammals": 6, "count_Arachnids": 0, "count_Amphibians": 1, "count_Basidiomycota": 0, "count_Mosses": 0, "count_Gymnosperms": 0, "unique_species_count": 104.0, "countryCode": "CN" }, "geometry": { "type": "MultiPolygon", "coordinates": [ [ [ [ 98.975456041350938, 38.383726752837283 ], [ 100.108474638891607, 38.602799069004774 ], [ 100.6846754191168, 38.008336503667763 ], [ 100.134006699419629, 37.190593155601178 ], [ 99.026060374335401, 36.970144760885006 ], [ 98.444058952041459, 37.568176376963457 ], [ 98.975456041350938, 38.383726752837283 ] ] ] ] } },
{ "type": "Feature", "properties": { "geogrid_id": "737787144102939775", "seqnum": 8915.0, "lat_c": 37.787144278853695, "lon_c": 102.93977473187374, "res": 7.0, "count_Flowering Plants": 1, "count_Insects": 2, "count_Sac Fungi": 1, "count_Reptiles": 2, "count_Molluscs": 0, "count_Birds": 152, "count_Ferns": 0, "count_Mammals": 0, "count_Arachnids": 0, "count_Amphibians": 0, "count_Basidiomycota": 2, "count_Mosses": 0, "count_Gymnosperms": 0, "unique_species_count": 160.0, "countryCode": "CN" }, "geometry": { "type": "MultiPolygon", "coordinates": [ [ [ [ 102.391525360997832, 38.602799071337408 ], [ 103.524543958621521, 38.383726755156793 ], [ 104.055941047973121, 37.568176379321152 ], [ 103.473939625638309, 36.970144763287813 ], [ 102.365993300473477, 37.190593158014984 ], [ 101.815324580734256, 38.008336506049964 ], [ 102.391525360997832, 38.602799071337408 ] ] ] ] } },
{ "type": "Feature", "properties": { "geogrid_id": "737834856084323405", "seqnum": 8180.0, "lat_c": 37.834856392840337, "lon_c": 84.323404992023129, "res": 7.0, "count_Flowering Plants": 2, "count_Insects": 0, "count_Sac Fungi": 0, "count_Reptiles": 0, "count_Molluscs": 0, "count_Birds": 0, "count_Ferns": 0, "count_Mammals": 0, "count_Arachnids": 0, "count_Amphibians": 0, "count_Basidiomycota": 0, "count_Mosses": 0, "count_Gymnosperms": 0, "unique_species_count": 2.0, "countryCode": "CN" }, "geometry": { "type": "MultiPolygon", "coordinates": [ [ [ [ 84.694926282467179, 38.701947299339373 ], [ 85.385779706620383, 38.155980335293322 ], [ 84.998972730528664, 37.291980867539444 ], [ 83.94340384979408, 36.96628307282819 ], [ 83.268967010853075, 37.503277702367541 ], [ 83.632424773722178, 38.374957939015538 ], [ 84.694926282467179, 38.701947299339373 ] ] ] ] } },
{ "type": "Feature", "properties": { "geogrid_id": "737834856118176595", "seqnum": 9348.0, "lat_c": 37.834856387713977, "lon_c": 118.17659501009064, "res": 7.0, "count_Flowering Plants": 16, "count_Insects": 101, "count_Sac Fungi": 0, "count_Reptiles": 1, "count_Molluscs": 10, "count_Birds": 77, "count_Ferns": 0, "count_Mammals": 2, "count_Arachnids": 2, "count_Amphibians": 1, "count_Basidiomycota": 0, "count_Mosses": 0, "count_Gymnosperms": 0, "unique_species_count": 210.0, "countryCode": "CN" }, "geometry": { "type": "MultiPolygon", "coordinates": [ [ [ [ 117.805073719602404, 38.70194729418364 ], [ 118.867575228346311, 38.374957933859243 ], [ 119.231032991270041, 37.503277697240641 ], [ 118.556596152378944, 36.966283067732313 ], [ 117.50102727162971, 37.291980862443957 ], [ 117.114220295489815, 38.155980330167608 ], [ 117.805073719602404, 38.70194729418364 ] ] ] ] } },
{ "type": "Feature", "properties": { "geogrid_id": "737857659092788012", "seqnum": 8425.0, "lat_c": 37.857659250614368, "lon_c": 92.788012301662889, "res": 7.0, "count_Flowering Plants": 1, "count_Insects": 0, "count_Sac Fungi": 0, "count_Reptiles": 0, "count_Molluscs": 0, "count_Birds": 2, "count_Ferns": 0, "count_Mammals": 0, "count_Arachnids": 0, "count_Amphibians": 0, "count_Basidiomycota": 0, "count_Mosses": 0, "count_Gymnosperms": 0, "unique_species_count": 3.0, "countryCode": "CN" }, "geometry": { "type": "MultiPolygon", "coordinates": [ [ [ [ 93.257330706259566, 38.682493945591126 ], [ 93.893745641953004, 38.094686946321382 ], [ 93.415263495251196, 37.273671586184641 ], [ 92.319621989802911, 37.030705076325674 ], [ 91.689909561360238, 37.609038821356819 ], [ 92.148249865568374, 38.439818405536236 ], [ 93.257330706259566, 38.682493945591126 ] ] ] ] } },
{ "type": "Feature", "properties": { "geogrid_id": "737857659109711988", "seqnum": 9104.0, "lat_c": 37.857659245588614, "lon_c": 109.71198770054932, "res": 7.0, "count_Flowering Plants": 2, "count_Insects": 9, "count_Sac Fungi": 0, "count_Reptiles": 0, "count_Molluscs": 0, "count_Birds": 4, "count_Ferns": 0, "count_Mammals": 1, "count_Arachnids": 0, "count_Amphibians": 1, "count_Basidiomycota": 0, "count_Mosses": 0, "count_Gymnosperms": 0, "unique_species_count": 17.0, "countryCode": "CN" }, "geometry": { "type": "MultiPolygon", "coordinates": [ [ [ [ 109.242669295948275, 38.68249394053538 ], [ 110.35175013662699, 38.439818400478622 ], [ 110.810090440846594, 37.609038816329523 ], [ 110.180378012423688, 37.030705071330758 ], [ 109.084736506976839, 37.273671581191138 ], [ 108.606254360267911, 38.094686941297454 ], [ 109.242669295948275, 38.68249394053538 ] ] ] ] } },
{ "type": "Feature", "properties": { "geogrid_id": "738037514082578720", "seqnum": 8126.0, "lat_c": 38.037513709646994, "lon_c": 82.57871953864236, "res": 7.0, "count_Flowering Plants": 2, "count_Insects": 0, "count_Sac Fungi": 0, "count_Reptiles": 0, "count_Molluscs": 0, "count_Birds": 0, "count_Ferns": 0, "count_Mammals": 0, "count_Arachnids": 0, "count_Amphibians": 0, "count_Basidiomycota": 0, "count_Mosses": 0, "count_Gymnosperms": 0, "unique_species_count": 2.0, "countryCode": "CN" }, "geometry": { "type": "MultiPolygon", "coordinates": [ [ [ [ 82.925726835917345, 38.911942310343001 ], [ 83.632424773722178, 38.374957939015538 ], [ 83.268967010853075, 37.503277702367541 ], [ 82.221842021984884, 37.161443224857763 ], [ 81.533281342819848, 37.689807307198571 ], [ 81.872369659473563, 38.568626074403163 ], [ 82.925726835917345, 38.911942310343001 ] ] ] ] } },
{ "type": "Feature", "properties": { "geogrid_id": "738037514119921280", "seqnum": 9403.0, "lat_c": 38.037513704490166, "lon_c": 119.92128046343038, "res": 7.0, "count_Flowering Plants": 25, "count_Insects": 23, "count_Sac Fungi": 0, "count_Reptiles": 1, "count_Molluscs": 13, "count_Birds": 34, "count_Ferns": 0, "count_Mammals": 1, "count_Arachnids": 1, "count_Amphibians": 0, "count_Basidiomycota": 0, "count_Mosses": 0, "count_Gymnosperms": 0, "unique_species_count": 98.0, "countryCode": "CN" }, "geometry": { "type": "MultiPolygon", "coordinates": [ [ [ [ 119.574273166105044, 38.911942305157652 ], [ 120.627630342548244, 38.568626069217451 ], [ 120.966718659263336, 37.689807302041245 ], [ 120.27815798015429, 37.161443219730451 ], [ 119.231032991270041, 37.503277697240641 ], [ 118.867575228346311, 38.374957933859243 ], [ 119.574273166105044, 38.911942305157652 ] ] ] ] } },
{ "type": "Feature", "properties": { "geogrid_id": "738165748097850971", "seqnum": 8807.0, "lat_c": 38.165748211289703, "lon_c": 97.850970567910593, "res": 7.0, "count_Flowering Plants": 0, "count_Insects": 1, "count_Sac Fungi": 0, "count_Reptiles": 0, "count_Molluscs": 0, "count_Birds": 5, "count_Ferns": 0, "count_Mammals": 0, "count_Arachnids": 0, "count_Amphibians": 0, "count_Basidiomycota": 0, "count_Mosses": 0, "count_Gymnosperms": 0, "unique_species_count": 6.0, "countryCode": "CN" }, "geometry": { "type": "MultiPolygon", "coordinates": [ [ [ [ 97.246435201797297, 38.762672160093246 ], [ 98.379335410661966, 38.980152970160994 ], [ 98.975456041350938, 38.383726752837283 ], [ 98.444058952041459, 37.568176376963457 ], [ 97.336205636693307, 37.349122916640695 ], [ 96.735053773547833, 37.946691975450157 ], [ 97.246435201797297, 38.762672160093246 ] ] ] ] } },
{ "type": "Feature", "properties": { "geogrid_id": "738165748104649029", "seqnum": 8969.0, "lat_c": 38.165748213603166, "lon_c": 104.64902943214585, "res": 7.0, "count_Flowering Plants": 5, "count_Insects": 9, "count_Sac Fungi": 0, "count_Reptiles": 3, "count_Molluscs": 0, "count_Birds": 20, "count_Ferns": 0, "count_Mammals": 2, "count_Arachnids": 0, "count_Amphibians": 1, "count_Basidiomycota": 0, "count_Mosses": 0, "count_Gymnosperms": 0, "unique_species_count": 40.0, "countryCode": "CN" }, "geometry": { "type": "MultiPolygon", "coordinates": [ [ [ [ 104.120664589351705, 38.980152972434823 ], [ 105.253564798302023, 38.762672162363337 ], [ 105.764946226593324, 37.946691977763223 ], [ 105.163794363404392, 37.349122918996002 ], [ 104.055941047973121, 37.568176379321152 ], [ 103.524543958621521, 38.383726755156793 ], [ 104.120664589351705, 38.980152972434823 ] ] ] ] } },
{ "type": "Feature", "properties": { "geogrid_id": "738185512091047398", "seqnum": 8371.0, "lat_c": 38.185511834327407, "lon_c": 91.047398279069697, "res": 7.0, "count_Flowering Plants": 2, "count_Insects": 0, "count_Sac Fungi": 0, "count_Reptiles": 0, "count_Molluscs": 0, "count_Birds": 2, "count_Ferns": 0, "count_Mammals": 0, "count_Arachnids": 0, "count_Amphibians": 0, "count_Basidiomycota": 0, "count_Mosses": 0, "count_Gymnosperms": 0, "unique_species_count": 4.0, "countryCode": "CN" }, "geometry": { "type": "MultiPolygon", "coordinates": [ [ [ [ 91.495619453269185, 39.019924942221415 ], [ 92.148249865568374, 38.439818405536236 ], [ 91.689909561360238, 37.609038821356819 ], [ 90.599274747456008, 37.349028504236365 ], [ 89.954651054675864, 37.919778079092019 ], [ 90.391738658738646, 38.759887659106823 ], [ 91.495619453269185, 39.019924942221415 ] ] ] ] } },
{ "type": "Feature", "properties": { "geogrid_id": "738185512111452602", "seqnum": 9159.0, "lat_c": 38.185511829268187, "lon_c": 111.45260172311639, "res": 7.0, "count_Flowering Plants": 18, "count_Insects": 23, "count_Sac Fungi": 0, "count_Reptiles": 0, "count_Molluscs": 0, "count_Birds": 57, "count_Ferns": 0, "count_Mammals": 7, "count_Arachnids": 0, "count_Amphibians": 0, "count_Basidiomycota": 0, "count_Mosses": 0, "count_Gymnosperms": 0, "unique_species_count": 105.0, "countryCode": "CN" }, "geometry": { "type": "MultiPolygon", "coordinates": [ [ [ [ 111.004380548908173, 39.019924937132309 ], [ 112.108261343425596, 38.759887654016133 ], [ 112.545348947504479, 37.919778074031449 ], [ 111.900725254749119, 37.34902849920779 ], [ 110.810090440846594, 37.609038816329523 ], [ 110.35175013662699, 38.439818400478622 ], [ 111.004380548908173, 39.019924937132309 ] ] ] ] } },
{ "type": "Feature", "properties": { "geogrid_id": "738215065080828184", "seqnum": 8071.0, "lat_c": 38.215064840799869, "lon_c": 80.828183847674126, "res": 7.0, "count_Flowering Plants": 5, "count_Insects": 1, "count_Sac Fungi": 0, "count_Reptiles": 0, "count_Molluscs": 0, "count_Birds": 1, "count_Ferns": 0, "count_Mammals": 1, "count_Arachnids": 0, "count_Amphibians": 0, "count_Basidiomycota": 0, "count_Mosses": 0, "count_Gymnosperms": 0, "unique_species_count": 8.0, "countryCode": "CN" }, "geometry": { "type": "MultiPolygon", "coordinates": [ [ [ [ 81.149631915909694, 39.096239409273466 ], [ 81.872369659473563, 38.568626074403163 ], [ 81.533281342819848, 37.689807307198571 ], [ 80.4954203639019, 37.332029293082769 ], [ 79.792588365766363, 37.851443128861781 ], [ 80.106280085118101, 38.736815272611146 ], [ 81.149631915909694, 39.096239409273466 ] ] ] ] } },
{ "type": "Feature", "properties": { "geogrid_id": "738215065121671816", "seqnum": 9457.0, "lat_c": 38.215064835613745, "lon_c": 121.67181615435275, "res": 7.0, "count_Flowering Plants": 117, "count_Insects": 368, "count_Sac Fungi": 0, "count_Reptiles": 2, "count_Molluscs": 103, "count_Birds": 144, "count_Ferns": 0, "count_Mammals": 7, "count_Arachnids": 15, "count_Amphibians": 2, "count_Basidiomycota": 2, "count_Mosses": 0, "count_Gymnosperms": 0, "unique_species_count": 760.0, "countryCode": "CN" }, "geometry": { "type": "MultiPolygon", "coordinates": [ [ [ [ 121.350368086060456, 39.096239404059865 ], [ 122.393719916852092, 38.736815267397397 ], [ 122.70741163627217, 37.851443123675175 ], [ 122.004579638198919, 37.332029287924968 ], [ 120.966718659263336, 37.689807302041245 ], [ 120.627630342548244, 38.568626069217451 ], [ 121.350368086060456, 39.096239404059865 ] ] ] ] } },
{ "type": "Feature", "properties": { "geogrid_id": "738367368079072469", "seqnum": 8017.0, "lat_c": 38.367367620735706, "lon_c": 79.0724692811457, "res": 7.0, "count_Flowering Plants": 5, "count_Insects": 0, "count_Sac Fungi": 0, "count_Reptiles": 1, "count_Molluscs": 0, "count_Birds": 0, "count_Ferns": 1, "count_Mammals": 0, "count_Arachnids": 0, "count_Amphibians": 0, "count_Basidiomycota": 0, "count_Mosses": 0, "count_Gymnosperms": 0, "unique_species_count": 7.0, "countryCode": "CN" }, "geometry": { "type": "MultiPolygon", "coordinates": [ [ [ [ 79.367311407166738, 39.254647306013958 ], [ 80.106280085118101, 38.736815272611146 ], [ 79.792588365766363, 37.851443128861781 ], [ 78.764825423658053, 37.477940519872909 ], [ 78.047567779915141, 37.988070680834738 ], [ 78.33482369262417, 38.879362096723654 ], [ 79.367311407166738, 39.254647306013958 ] ] ] ] } },
{ "type": "Feature", "properties": { "geogrid_id": "738488396089296589", "seqnum": 8316.0, "lat_c": 38.488396417883983, "lon_c": 89.296588527100283, "res": 7.0, "count_Flowering Plants": 8, "count_Insects": 0, "count_Sac Fungi": 0, "count_Reptiles": 0, "count_Molluscs": 0, "count_Birds": 3, "count_Ferns": 0, "count_Mammals": 0, "count_Arachnids": 0, "count_Amphibians": 0, "count_Basidiomycota": 0, "count_Mosses": 0, "count_Gymnosperms": 0, "unique_species_count": 11.0, "countryCode": "CN" }, "geometry": { "type": "MultiPolygon", "coordinates": [ [ [ [ 89.722574507140052, 39.331922074079117 ], [ 90.391738658738646, 38.759887659106823 ], [ 89.954651054675864, 37.919778079092019 ], [ 88.869812349473946, 37.64282107624441 ], [ 88.210013749101208, 38.205656434918957 ], [ 88.624739839689994, 39.054625825210522 ], [ 89.722574507140052, 39.331922074079117 ] ] ] ] } },
{ "type": "Feature", "properties": { "geogrid_id": "738488396113203411", "seqnum": 9213.0, "lat_c": 38.488396412791943, "lon_c": 113.20341147505427, "res": 7.0, "count_Flowering Plants": 83, "count_Insects": 287, "count_Sac Fungi": 0, "count_Reptiles": 3, "count_Molluscs": 2, "count_Birds": 41, "count_Ferns": 0, "count_Mammals": 6, "count_Arachnids": 14, "count_Amphibians": 3, "count_Basidiomycota": 2, "count_Mosses": 1, "count_Gymnosperms": 0, "unique_species_count": 442.0, "countryCode": "CN" }, "geometry": { "type": "MultiPolygon", "coordinates": [ [ [ [ 112.77742549500114, 39.331922068957375 ], [ 113.875260162437613, 39.054625820087523 ], [ 114.289986253047402, 38.20565642982578 ], [ 113.630187652704606, 37.642821071182716 ], [ 112.545348947504479, 37.919778074031449 ], [ 112.108261343425596, 38.759887654016133 ], [ 112.77742549500114, 39.331922068957375 ] ] ] ] } },
{ "type": "Feature", "properties": { "geogrid_id": "738494287077312244", "seqnum": 7963.0, "lat_c": 38.494287357673159, "lon_c": 77.312243687661692, "res": 7.0, "count_Flowering Plants": 21, "count_Insects": 0, "count_Sac Fungi": 0, "count_Reptiles": 1, "count_Molluscs": 0, "count_Birds": 5, "count_Ferns": 0, "count_Mammals": 0, "count_Arachnids": 1, "count_Amphibians": 0, "count_Basidiomycota": 0, "count_Mosses": 0, "count_Gymnosperms": 0, "unique_species_count": 28.0, "countryCode": "CN" }, "geometry": { "type": "MultiPolygon", "coordinates": [ [ [ [ 77.579428485536283, 39.386974872831715 ], [ 78.33482369262417, 38.879362096723654 ], [ 78.047567779915141, 37.988070680834738 ], [ 77.030749227409629, 37.599090166494754 ], [ 76.298891986367479, 38.099584858351733 ], [ 76.558653515868954, 38.996104118852394 ], [ 77.579428485536283, 39.386974872831715 ] ] ] ] } },
{ "type": "Feature", "properties": { "geogrid_id": "738543152096122374", "seqnum": 8780.0, "lat_c": 38.543152076223642, "lon_c": 96.122373647543952, "res": 7.0, "count_Flowering Plants": 1, "count_Insects": 3, "count_Sac Fungi": 0, "count_Reptiles": 0, "count_Molluscs": 0, "count_Birds": 25, "count_Ferns": 0, "count_Mammals": 1, "count_Arachnids": 0, "count_Amphibians": 0, "count_Basidiomycota": 0, "count_Mosses": 0, "count_Gymnosperms": 0, "unique_species_count": 30.0, "countryCode": "CN" }, "geometry": { "type": "MultiPolygon", "coordinates": [ [ [ [ 95.497799042400345, 39.138308304133282 ], [ 96.630081172920598, 39.358753258032131 ], [ 97.246435201797297, 38.762672160093246 ], [ 96.735053773547833, 37.946691975450157 ], [ 95.627752394550001, 37.724769248132056 ], [ 95.007205472002539, 38.319920279590171 ], [ 95.497799042400345, 39.138308304133282 ] ] ] ] } },
{ "type": "Feature", "properties": { "geogrid_id": "738543152106377626", "seqnum": 9023.0, "lat_c": 38.543152078495204, "lon_c": 106.37762635264168, "res": 7.0, "count_Flowering Plants": 45, "count_Insects": 28, "count_Sac Fungi": 0, "count_Reptiles": 8, "count_Molluscs": 1, "count_Birds": 87, "count_Ferns": 0, "count_Mammals": 9, "count_Arachnids": 2, "count_Amphibians": 1, "count_Basidiomycota": 0, "count_Mosses": 0, "count_Gymnosperms": 2, "unique_species_count": 183.0, "countryCode": "CN" }, "geometry": { "type": "MultiPolygon", "coordinates": [ [ [ [ 105.869918827222648, 39.358753260259689 ], [ 107.002200957830823, 39.138308306364088 ], [ 107.49279453154908, 38.319920276726101 ], [ 106.87224760897567, 37.724769245316715 ], [ 105.764946226593324, 37.946691977763223 ], [ 105.253564798302023, 38.762672162363337 ], [ 105.869918827222648, 39.358753260259689 ] ] ] ] } },
{ "type": "Feature", "properties": { "geogrid_id": "738595692075548154", "seqnum": 7908.0, "lat_c": 38.59569180523502, "lon_c": 75.548153641271526, "res": 7.0, "count_Flowering Plants": 49, "count_Insects": 6, "count_Sac Fungi": 0, "count_Reptiles": 0, "count_Molluscs": 0, "count_Birds": 25, "count_Ferns": 0, "count_Mammals": 2, "count_Arachnids": 0, "count_Amphibians": 1, "count_Basidiomycota": 0, "count_Mosses": 0, "count_Gymnosperms": 1, "unique_species_count": 84.0, "countryCode": "CN" }, "geometry": { "type": "MultiPolygon", "coordinates": [ [ [ [ 75.786620711746849, 39.493023416601943 ], [ 76.558653515868954, 38.996104118852394 ], [ 76.298891986367479, 38.099584858351733 ], [ 75.293875079574264, 37.695403281134446 ], [ 74.547207453846084, 38.185885184204132 ], [ 74.778386947950992, 39.086871761303883 ], [ 75.786620711746849, 39.493023416601943 ] ] ] ] } },
{ "type": "Feature", "properties": { "geogrid_id": "738671443073780801", "seqnum": 7854.0, "lat_c": 38.671442846388828, "lon_c": 73.780801302541434, "res": 7.0, "count_Flowering Plants": 0, "count_Insects": 0, "count_Sac Fungi": 0, "count_Reptiles": 0, "count_Molluscs": 0, "count_Birds": 1, "count_Ferns": 0, "count_Mammals": 0, "count_Arachnids": 0, "count_Amphibians": 0, "count_Basidiomycota": 0, "count_Mosses": 0, "count_Gymnosperms": 0, "unique_species_count": 1.0, "countryCode": "CN" }, "geometry": { "type": "MultiPolygon", "coordinates": [ [ [ [ 73.989476158747721, 39.572574511682085 ], [ 74.778386947950992, 39.086871761303883 ], [ 74.547207453846084, 38.185885184204132 ], [ 73.554858799129164, 37.766812575974505 ], [ 72.79310979919461, 38.246867747277292 ], [ 72.994578457706396, 39.151475225581855 ], [ 73.989476158747721, 39.572574511682085 ] ] ] ] } },
{ "type": "Feature", "properties": { "geogrid_id": "738766067087536134", "seqnum": 8262.0, "lat_c": 38.766066795091469, "lon_c": 87.536133508984847, "res": 7.0, "count_Flowering Plants": 3, "count_Insects": 2, "count_Sac Fungi": 0, "count_Reptiles": 0, "count_Molluscs": 0, "count_Birds": 0, "count_Ferns": 0, "count_Mammals": 1, "count_Arachnids": 0, "count_Amphibians": 0, "count_Basidiomycota": 0, "count_Mosses": 0, "count_Gymnosperms": 0, "unique_species_count": 6.0, "countryCode": "CN" }, "geometry": { "type": "MultiPolygon", "coordinates": [ [ [ [ 87.938752709250309, 39.618200395831835 ], [ 88.624739839689994, 39.054625825210522 ], [ 88.210013749101208, 38.205656434918957 ], [ 87.131783849438662, 37.911871717951605 ], [ 86.456568823305346, 38.466450643415847 ], [ 86.847830016745903, 39.323771458653937 ], [ 87.938752709250309, 39.618200395831835 ] ] ] ] } },
{ "type": "Feature", "properties": { "geogrid_id": "738766067114963866", "seqnum": 9267.0, "lat_c": 38.766066789967418, "lon_c": 114.9638664931328, "res": 7.0, "count_Flowering Plants": 58, "count_Insects": 61, "count_Sac Fungi": 0, "count_Reptiles": 3, "count_Molluscs": 2, "count_Birds": 64, "count_Ferns": 0, "count_Mammals": 3, "count_Arachnids": 4, "count_Amphibians": 4, "count_Basidiomycota": 0, "count_Mosses": 0, "count_Gymnosperms": 0, "unique_species_count": 199.0, "countryCode": "CN" }, "geometry": { "type": "MultiPolygon", "coordinates": [ [ [ [ 114.561247292849089, 39.618200390678368 ], [ 115.652169985339597, 39.323771453499582 ], [ 116.043431178806344, 38.466450638290894 ], [ 115.368216152708243, 37.911871712857483 ], [ 114.289986253047402, 38.20565642982578 ], [ 113.875260162437613, 39.054625820087523 ], [ 114.561247292849089, 39.618200390678368 ] ] ] ] } },
{ "type": "Feature", "properties": { "geogrid_id": "738825609101250000", "seqnum": 8888.0, "lat_c": 38.825608830252285, "lon_c": 101.24999999915848, "res": 7.0, "count_Flowering Plants": 12, "count_Insects": 16, "count_Sac Fungi": 0, "count_Reptiles": 1, "count_Molluscs": 0, "count_Birds": 101, "count_Ferns": 0, "count_Mammals": 4, "count_Arachnids": 0, "count_Amphibians": 1, "count_Basidiomycota": 0, "count_Mosses": 0, "count_Gymnosperms": 0, "unique_species_count": 135.0, "countryCode": "CN" }, "geometry": { "type": "MultiPolygon", "coordinates": [ [ [ [ 100.671491518737852, 39.417589546609612 ], [ 101.828508481107349, 39.417589548912389 ], [ 102.391525360997832, 38.602799071337408 ], [ 101.815324580734256, 38.008336506049964 ], [ 100.6846754191168, 38.008336503667763 ], [ 100.108474638891607, 38.602799069004774 ], [ 100.671491518737852, 39.417589546609612 ] ] ] ] } },
{ "type": "Feature", "properties": { "geogrid_id": "738913335094374704", "seqnum": 8754.0, "lat_c": 38.913334573081706, "lon_c": 94.374704216947663, "res": 7.0, "count_Flowering Plants": 6, "count_Insects": 9, "count_Sac Fungi": 0, "count_Reptiles": 2, "count_Molluscs": 0, "count_Birds": 20, "count_Ferns": 0, "count_Mammals": 0, "count_Arachnids": 0, "count_Amphibians": 0, "count_Basidiomycota": 0, "count_Mosses": 0, "count_Gymnosperms": 0, "unique_species_count": 37.0, "countryCode": "CN" }, "geometry": { "type": "MultiPolygon", "coordinates": [ [ [ [ 93.729878960449639, 39.504810756156857 ], [ 94.860952827446297, 39.731958847687601 ], [ 95.497799042400345, 39.138308304133282 ], [ 95.007205472002539, 38.319920279590171 ], [ 93.893745641953004, 38.094686946321382 ], [ 93.257330706259566, 38.682493945591126 ], [ 93.729878960449639, 39.504810756156857 ] ] ] ] } },
{ "type": "Feature", "properties": { "geogrid_id": "738913335108125296", "seqnum": 9078.0, "lat_c": 38.913334570169006, "lon_c": 108.12529578662966, "res": 7.0, "count_Flowering Plants": 0, "count_Insects": 3, "count_Sac Fungi": 0, "count_Reptiles": 1, "count_Molluscs": 0, "count_Birds": 9, "count_Ferns": 0, "count_Mammals": 4, "count_Arachnids": 1, "count_Amphibians": 3, "count_Basidiomycota": 0, "count_Mosses": 0, "count_Gymnosperms": 0, "unique_species_count": 21.0, "countryCode": "CN" }, "geometry": { "type": "MultiPolygon", "coordinates": [ [ [ [ 107.639047172831482, 39.731958849878346 ], [ 108.77012104315304, 39.504810753195606 ], [ 109.242669295948275, 38.68249394053538 ], [ 108.606254360267911, 38.094686941297454 ], [ 107.49279453154908, 38.319920276726101 ], [ 107.002200957830823, 39.138308306364088 ], [ 107.639047172831482, 39.731958849878346 ] ] ] ] } },
{ "type": "Feature", "properties": { "geogrid_id": "739018285085766627", "seqnum": 8208.0, "lat_c": 39.018285384469785, "lon_c": 85.766627363311329, "res": 7.0, "count_Flowering Plants": 5, "count_Insects": 0, "count_Sac Fungi": 0, "count_Reptiles": 0, "count_Molluscs": 0, "count_Birds": 1, "count_Ferns": 0, "count_Mammals": 0, "count_Arachnids": 0, "count_Amphibians": 0, "count_Basidiomycota": 0, "count_Mosses": 0, "count_Gymnosperms": 0, "unique_species_count": 6.0, "countryCode": "CN" }, "geometry": { "type": "MultiPolygon", "coordinates": [ [ [ [ 86.144758877429879, 39.878481110187508 ], [ 86.847830016745903, 39.323771458653937 ], [ 86.456568823305346, 38.466450643415847 ], [ 85.385779706620383, 38.155980335293322 ], [ 84.694926282467179, 38.701947299339373 ], [ 85.061627778638439, 39.567070270040674 ], [ 86.144758877429879, 39.878481110187508 ] ] ] ] } },
{ "type": "Feature", "properties": { "geogrid_id": "739018285116733373", "seqnum": 9322.0, "lat_c": 39.018285379314683, "lon_c": 116.73337263876411, "res": 7.0, "count_Flowering Plants": 206, "count_Insects": 233, "count_Sac Fungi": 1, "count_Reptiles": 6, "count_Molluscs": 14, "count_Birds": 197, "count_Ferns": 0, "count_Mammals": 7, "count_Arachnids": 21, "count_Amphibians": 5, "count_Basidiomycota": 6, "count_Mosses": 4, "count_Gymnosperms": 4, "unique_species_count": 704.0, "countryCode": "CN" }, "geometry": { "type": "MultiPolygon", "coordinates": [ [ [ [ 116.355241124622168, 39.878481105003416 ], [ 117.438372223399568, 39.567070264856092 ], [ 117.805073719602404, 38.70194729418364 ], [ 117.114220295489815, 38.155980330167608 ], [ 116.043431178806344, 38.466450638290894 ], [ 115.652169985339597, 39.323771453499582 ], [ 116.355241124622168, 39.878481105003416 ] ] ] ] } },
{ "type": "Feature", "properties": { "geogrid_id": "739197630099521032", "seqnum": 8861.0, "lat_c": 39.19763038810158, "lon_c": 99.521031532271877, "res": 7.0, "count_Flowering Plants": 14, "count_Insects": 9, "count_Sac Fungi": 0, "count_Reptiles": 1, "count_Molluscs": 0, "count_Birds": 47, "count_Ferns": 0, "count_Mammals": 3, "count_Arachnids": 0, "count_Amphibians": 0, "count_Basidiomycota": 0, "count_Mosses": 0, "count_Gymnosperms": 0, "unique_species_count": 74.0, "countryCode": "CN" }, "geometry": { "type": "MultiPolygon", "coordinates": [ [ [ [ 98.921966810322019, 39.792636525545525 ], [ 100.081480916927916, 40.010307873279103 ], [ 100.671491518737852, 39.417589546609612 ], [ 100.108474638891607, 38.602799069004774 ], [ 98.975456041350938, 38.383726752837283 ], [ 98.379335410661966, 38.980152970160994 ], [ 98.921966810322019, 39.792636525545525 ] ] ] ] } },
{ "type": "Feature", "properties": { "geogrid_id": "739197630102978968", "seqnum": 8942.0, "lat_c": 39.197630390385733, "lon_c": 102.978968467657, "res": 7.0, "count_Flowering Plants": 0, "count_Insects": 0, "count_Sac Fungi": 0, "count_Reptiles": 1, "count_Molluscs": 0, "count_Birds": 85, "count_Ferns": 0, "count_Mammals": 0, "count_Arachnids": 0, "count_Amphibians": 0, "count_Basidiomycota": 0, "count_Mosses": 0, "count_Gymnosperms": 0, "unique_species_count": 86.0, "countryCode": "CN" }, "geometry": { "type": "MultiPolygon", "coordinates": [ [ [ [ 102.418519082955854, 40.010307875531232 ], [ 103.578033189647314, 39.792636527782271 ], [ 104.120664589351705, 38.980152972434823 ], [ 103.524543958621521, 38.383726755156793 ], [ 102.391525360997832, 38.602799071337408 ], [ 101.828508481107349, 39.417589548912389 ], [ 102.418519082955854, 40.010307875531232 ] ] ] ] } },
{ "type": "Feature", "properties": { "geogrid_id": "739244823083988700", "seqnum": 8153.0, "lat_c": 39.244822803168525, "lon_c": 83.988700402657557, "res": 7.0, "count_Flowering Plants": 9, "count_Insects": 0, "count_Sac Fungi": 0, "count_Reptiles": 0, "count_Molluscs": 0, "count_Birds": 0, "count_Ferns": 0, "count_Mammals": 0, "count_Arachnids": 0, "count_Amphibians": 0, "count_Basidiomycota": 0, "count_Mosses": 0, "count_Gymnosperms": 0, "unique_species_count": 9.0, "countryCode": "CN" }, "geometry": { "type": "MultiPolygon", "coordinates": [ [ [ [ 84.341238259100891, 40.112490659298714 ], [ 85.061627778638439, 39.567070270040674 ], [ 84.694926282467179, 38.701947299339373 ], [ 83.632424773722178, 38.374957939015538 ], [ 82.925726835917345, 38.911942310343001 ], [ 83.266785296010355, 39.784273977887054 ], [ 84.341238259100891, 40.112490659298714 ] ] ] ] } },
{ "type": "Feature", "properties": { "geogrid_id": "739244823118511300", "seqnum": 9376.0, "lat_c": 39.244822797983538, "lon_c": 118.51129959937042, "res": 7.0, "count_Flowering Plants": 35, "count_Insects": 67, "count_Sac Fungi": 0, "count_Reptiles": 3, "count_Molluscs": 23, "count_Birds": 189, "count_Ferns": 1, "count_Mammals": 4, "count_Arachnids": 5, "count_Amphibians": 6, "count_Basidiomycota": 0, "count_Mosses": 0, "count_Gymnosperms": 0, "unique_species_count": 333.0, "countryCode": "CN" }, "geometry": { "type": "MultiPolygon", "coordinates": [ [ [ [ 118.158761742898363, 40.112490654085271 ], [ 119.233214705974859, 39.784273972673546 ], [ 119.574273166105044, 38.911942305157652 ], [ 118.867575228346311, 38.374957933859243 ], [ 117.805073719602404, 38.70194729418364 ], [ 117.438372223399568, 39.567070264856092 ], [ 118.158761742898363, 40.112490654085271 ] ] ] ] } },
{ "type": "Feature", "properties": { "geogrid_id": "739268302092608322", "seqnum": 8398.0, "lat_c": 39.268301810163493, "lon_c": 92.608321553832312, "res": 7.0, "count_Flowering Plants": 1, "count_Insects": 0, "count_Sac Fungi": 0, "count_Reptiles": 0, "count_Molluscs": 0, "count_Birds": 2, "count_Ferns": 0, "count_Mammals": 0, "count_Arachnids": 0, "count_Amphibians": 0, "count_Basidiomycota": 0, "count_Mosses": 0, "count_Gymnosperms": 0, "unique_species_count": 3.0, "countryCode": "CN" }, "geometry": { "type": "MultiPolygon", "coordinates": [ [ [ [ 93.072350104849818, 40.094140509291037 ], [ 93.729878959059562, 39.504810758280733 ], [ 93.257330706259566, 38.682493945591126 ], [ 92.148249865568374, 38.439818405536236 ], [ 91.495619453269185, 39.019924942221415 ], [ 91.946345775121529, 39.851890892526171 ], [ 93.072350104849818, 40.094140509291037 ] ] ] ] } },
{ "type": "Feature", "properties": { "geogrid_id": "739268302109891678", "seqnum": 9132.0, "lat_c": 39.268301805076227, "lon_c": 109.89167844836125, "res": 7.0, "count_Flowering Plants": 11, "count_Insects": 2, "count_Sac Fungi": 0, "count_Reptiles": 0, "count_Molluscs": 0, "count_Birds": 11, "count_Ferns": 0, "count_Mammals": 1, "count_Arachnids": 0, "count_Amphibians": 1, "count_Basidiomycota": 0, "count_Mosses": 0, "count_Gymnosperms": 0, "unique_species_count": 26.0, "countryCode": "CN" }, "geometry": { "type": "MultiPolygon", "coordinates": [ [ [ [ 109.427649897350818, 40.094140504174575 ], [ 110.553654227056427, 39.851890887407663 ], [ 111.004380548908173, 39.019924937132309 ], [ 110.35175013662699, 38.439818400478622 ], [ 109.242669295948275, 38.68249394053538 ], [ 108.77012104315304, 39.504810753195606 ], [ 109.427649897350818, 40.094140504174575 ] ] ] ] } },
{ "type": "Feature", "properties": { "geogrid_id": "739445457082203010", "seqnum": 8099.0, "lat_c": 39.445456520018993, "lon_c": 82.20300989532727, "res": 7.0, "count_Flowering Plants": 4, "count_Insects": 0, "count_Sac Fungi": 0, "count_Reptiles": 0, "count_Molluscs": 0, "count_Birds": 0, "count_Ferns": 0, "count_Mammals": 0, "count_Arachnids": 0, "count_Amphibians": 0, "count_Basidiomycota": 0, "count_Mosses": 0, "count_Gymnosperms": 0, "unique_species_count": 4.0, "countryCode": "CN" }, "geometry": { "type": "MultiPolygon", "coordinates": [ [ [ [ 82.52886729783269, 40.319958711086528 ], [ 83.266785296010355, 39.784273977887054 ], [ 82.925726835917345, 38.911942310343001 ], [ 81.872369659473563, 38.568626074403163 ], [ 81.149631915909694, 39.096239409273466 ], [ 81.463978069347846, 39.97513795987313 ], [ 82.52886729783269, 40.319958711086528 ] ] ] ] } },
{ "type": "Feature", "properties": { "geogrid_id": "739445457120296990", "seqnum": 9430.0, "lat_c": 39.445456514805457, "lon_c": 120.29699010664808, "res": 7.0, "count_Flowering Plants": 34, "count_Insects": 54, "count_Sac Fungi": 0, "count_Reptiles": 2, "count_Molluscs": 41, "count_Birds": 156, "count_Ferns": 0, "count_Mammals": 10, "count_Arachnids": 2, "count_Amphibians": 4, "count_Basidiomycota": 0, "count_Mosses": 0, "count_Gymnosperms": 1, "unique_species_count": 304.0, "countryCode": "CN" }, "geometry": { "type": "MultiPolygon", "coordinates": [ [ [ [ 119.971132704108456, 40.31995870584521 ], [ 121.036021932579374, 39.975137954632224 ], [ 121.350368086060456, 39.096239404059865 ], [ 120.627630342548244, 38.568626069217451 ], [ 119.574273166105044, 38.911942305157652 ], [ 119.233214705974859, 39.784273972673546 ], [ 119.971132704108456, 40.31995870584521 ] ] ] ] } },
{ "type": "Feature", "properties": { "geogrid_id": "739576228097771487", "seqnum": 8835.0, "lat_c": 39.576228242628979, "lon_c": 97.771487327154361, "res": 7.0, "count_Flowering Plants": 5, "count_Insects": 8, "count_Sac Fungi": 0, "count_Reptiles": 0, "count_Molluscs": 0, "count_Birds": 33, "count_Ferns": 0, "count_Mammals": 2, "count_Arachnids": 0, "count_Amphibians": 0, "count_Basidiomycota": 0, "count_Mosses": 0, "count_Gymnosperms": 0, "unique_species_count": 48.0, "countryCode": "CN" }, "geometry": { "type": "MultiPolygon", "coordinates": [ [ [ [ 97.151523063773737, 40.171750594550254 ], [ 98.310887706009879, 40.387615997105911 ], [ 98.921966810322019, 39.792636525545525 ], [ 98.379335410661966, 38.980152970160994 ], [ 97.246435201797297, 38.762672160093246 ], [ 96.630081172920598, 39.358753258032131 ], [ 97.151523063773737, 40.171750594550254 ] ] ] ] } },
{ "type": "Feature", "properties": { "geogrid_id": "739576228104728513", "seqnum": 8997.0, "lat_c": 39.576228244858079, "lon_c": 104.72851267290154, "res": 7.0, "count_Flowering Plants": 14, "count_Insects": 1, "count_Sac Fungi": 0, "count_Reptiles": 1, "count_Molluscs": 0, "count_Birds": 29, "count_Ferns": 0, "count_Mammals": 1, "count_Arachnids": 0, "count_Amphibians": 1, "count_Basidiomycota": 0, "count_Mosses": 0, "count_Gymnosperms": 0, "unique_species_count": 47.0, "countryCode": "CN" }, "geometry": { "type": "MultiPolygon", "coordinates": [ [ [ [ 104.189112294001006, 40.387615999296315 ], [ 105.348476936325483, 40.171750596735556 ], [ 105.869918827222648, 39.358753260259689 ], [ 105.253564798302023, 38.762672162363337 ], [ 104.120664589351705, 38.980152972434823 ], [ 103.578033189647314, 39.792636527782271 ], [ 104.189112294001006, 40.387615999296315 ] ] ] ] } },
{ "type": "Feature", "properties": { "geogrid_id": "739597747090829756", "seqnum": 8344.0, "lat_c": 39.597747280809436, "lon_c": 90.829756481665413, "res": 7.0, "count_Flowering Plants": 1, "count_Insects": 0, "count_Sac Fungi": 0, "count_Reptiles": 0, "count_Molluscs": 0, "count_Birds": 0, "count_Ferns": 0, "count_Mammals": 0, "count_Arachnids": 0, "count_Amphibians": 0, "count_Basidiomycota": 0, "count_Mosses": 0, "count_Gymnosperms": 0, "unique_species_count": 1.0, "countryCode": "CN" }, "geometry": { "type": "MultiPolygon", "coordinates": [ [ [ [ 91.271022240423491, 40.433034150991617 ], [ 91.946345775121529, 39.851890892526171 ], [ 91.495619453269185, 39.019924942221415 ], [ 90.391738658738646, 38.759887659106823 ], [ 89.722574507140052, 39.331922074079117 ], [ 90.150288826912259, 40.173046199518282 ], [ 91.271022240423491, 40.433034150991617 ] ] ] ] } },
{ "type": "Feature", "properties": { "geogrid_id": "739597747111670244", "seqnum": 9186.0, "lat_c": 39.597747275689173, "lon_c": 111.67024352049266, "res": 7.0, "count_Flowering Plants": 4, "count_Insects": 2, "count_Sac Fungi": 0, "count_Reptiles": 0, "count_Molluscs": 0, "count_Birds": 8, "count_Ferns": 0, "count_Mammals": 2, "count_Arachnids": 0, "count_Amphibians": 0, "count_Basidiomycota": 1, "count_Mosses": 0, "count_Gymnosperms": 0, "unique_species_count": 17.0, "countryCode": "CN" }, "geometry": { "type": "MultiPolygon", "coordinates": [ [ [ [ 111.228977761737397, 40.433034145842129 ], [ 112.349711175225096, 40.173046194367203 ], [ 112.77742549500114, 39.331922068957375 ], [ 112.108261343425596, 38.759887654016133 ], [ 111.004380548908173, 39.019924937132309 ], [ 110.553654227056427, 39.851890887407663 ], [ 111.228977761737397, 40.433034145842129 ] ] ] ] } },
{ "type": "Feature", "properties": { "geogrid_id": "739619968080410229", "seqnum": 8045.0, "lat_c": 39.619968220009071, "lon_c": 80.410228792345023, "res": 7.0, "count_Flowering Plants": 5, "count_Insects": 0, "count_Sac Fungi": 0, "count_Reptiles": 0, "count_Molluscs": 0, "count_Birds": 1, "count_Ferns": 0, "count_Mammals": 0, "count_Arachnids": 0, "count_Amphibians": 0, "count_Basidiomycota": 0, "count_Mosses": 0, "count_Gymnosperms": 0, "unique_species_count": 6.0, "countryCode": "CN" }, "geometry": { "type": "MultiPolygon", "coordinates": [ [ [ [ 80.708342461610897, 40.500614614577032 ], [ 81.463978069347846, 39.97513795987313 ], [ 81.149631915909694, 39.096239409273466 ], [ 80.106280085118101, 38.736815272611146 ], [ 79.367311407166738, 39.254647306013958 ], [ 79.65389248589716, 40.139417220455911 ], [ 80.708342461610897, 40.500614614577032 ] ] ] ] } },
{ "type": "Feature", "properties": { "geogrid_id": "739619968122089771", "seqnum": 9485.0, "lat_c": 39.619968214768534, "lon_c": 122.08977120957265, "res": 7.0, "count_Flowering Plants": 42, "count_Insects": 37, "count_Sac Fungi": 0, "count_Reptiles": 3, "count_Molluscs": 5, "count_Birds": 39, "count_Ferns": 0, "count_Mammals": 0, "count_Arachnids": 4, "count_Amphibians": 3, "count_Basidiomycota": 0, "count_Mosses": 0, "count_Gymnosperms": 0, "unique_species_count": 133.0, "countryCode": "CN" }, "geometry": { "type": "MultiPolygon", "coordinates": [ [ [ [ 121.791657540266982, 40.500614609309537 ], [ 122.846107515967034, 40.13941721518934 ], [ 123.132688594746185, 39.254647300773676 ], [ 122.393719916852092, 38.736815267397397 ], [ 121.350368086060456, 39.096239404059865 ], [ 121.036021932579374, 39.975137954632224 ], [ 121.791657540266982, 40.500614609309537 ] ] ] ] } },
{ "type": "Feature", "properties": { "geogrid_id": "739768139078611032", "seqnum": 7990.0, "lat_c": 39.768139336350877, "lon_c": 78.611031947372467, "res": 7.0, "count_Flowering Plants": 7, "count_Insects": 0, "count_Sac Fungi": 0, "count_Reptiles": 0, "count_Molluscs": 0, "count_Birds": 1, "count_Ferns": 0, "count_Mammals": 1, "count_Arachnids": 0, "count_Amphibians": 0, "count_Basidiomycota": 0, "count_Mosses": 0, "count_Gymnosperms": 0, "unique_species_count": 9.0, "countryCode": "CN" }, "geometry": { "type": "MultiPolygon", "coordinates": [ [ [ [ 78.880366826781682, 40.654181706398546 ], [ 79.65389248589716, 40.139417220455911 ], [ 79.367311407166738, 39.254647306013958 ], [ 78.33482369262417, 38.879362096723654 ], [ 77.579428485536283, 39.386974872831715 ], [ 77.837210749677055, 40.276859958333155 ], [ 78.880366826781682, 40.654181706398546 ] ] ] ] } },
{ "type": "Feature", "properties": { "geogrid_id": "739768139123888968", "seqnum": 9539.0, "lat_c": 39.768139331085116, "lon_c": 123.88896805448255, "res": 7.0, "count_Flowering Plants": 10, "count_Insects": 37, "count_Sac Fungi": 0, "count_Reptiles": 1, "count_Molluscs": 3, "count_Birds": 46, "count_Ferns": 0, "count_Mammals": 3, "count_Arachnids": 3, "count_Amphibians": 7, "count_Basidiomycota": 0, "count_Mosses": 0, "count_Gymnosperms": 0, "unique_species_count": 110.0, "countryCode": "CN" }, "geometry": { "type": "MultiPolygon", "coordinates": [ [ [ [ 123.619633175027914, 40.654181701106793 ], [ 124.662789252119211, 40.276859953042901 ], [ 124.92057151631451, 39.386974867566558 ], [ 124.165176309289478, 38.879362091483436 ], [ 123.132688594746185, 39.254647300773676 ], [ 122.846107515967034, 40.13941721518934 ], [ 123.619633175027914, 40.654181701106793 ] ] ] ] } },
{ "type": "Feature", "properties": { "geogrid_id": "739889744076806079", "seqnum": 7936.0, "lat_c": 39.889743922935487, "lon_c": 76.806079215193364, "res": 7.0, "count_Flowering Plants": 20, "count_Insects": 1, "count_Sac Fungi": 0, "count_Reptiles": 0, "count_Molluscs": 0, "count_Birds": 19, "count_Ferns": 0, "count_Mammals": 8, "count_Arachnids": 0, "count_Amphibians": 0, "count_Basidiomycota": 0, "count_Mosses": 0, "count_Gymnosperms": 1, "unique_species_count": 49.0, "countryCode": "CN" }, "geometry": { "type": "MultiPolygon", "coordinates": [ [ [ [ 77.045634048285564, 40.78036854962145 ], [ 77.837210749677055, 40.276859958333155 ], [ 77.579428485536283, 39.386974872831715 ], [ 76.558653515868954, 38.996104118852394 ], [ 75.786620711746849, 39.493023416601943 ], [ 76.014592621836471, 40.387197641465256 ], [ 77.045634048285564, 40.78036854962145 ] ] ] ] } },
{ "type": "Feature", "properties": { "geogrid_id": "739901363089039543", "seqnum": 8290.0, "lat_c": 39.901362946881484, "lon_c": 89.039543341798549, "res": 7.0, "count_Flowering Plants": 2, "count_Insects": 0, "count_Sac Fungi": 0, "count_Reptiles": 0, "count_Molluscs": 0, "count_Birds": 1, "count_Ferns": 0, "count_Mammals": 0, "count_Arachnids": 0, "count_Amphibians": 0, "count_Basidiomycota": 0, "count_Mosses": 0, "count_Gymnosperms": 0, "unique_species_count": 3.0, "countryCode": "CN" }, "geometry": { "type": "MultiPolygon", "coordinates": [ [ [ [ 89.456837210394028, 40.745574667057745 ], [ 90.150288826912259, 40.173046199518282 ], [ 89.722574507140052, 39.331922074079117 ], [ 88.624739839689994, 39.054625825210522 ], [ 87.938752709250309, 39.618200395831835 ], [ 88.342276895614745, 40.467950095813073 ], [ 89.456837210394028, 40.745574667057745 ] ] ] ] } },
{ "type": "Feature", "properties": { "geogrid_id": "739901363113460457", "seqnum": 9241.0, "lat_c": 39.901362941729097, "lon_c": 113.46045666031823, "res": 7.0, "count_Flowering Plants": 55, "count_Insects": 58, "count_Sac Fungi": 0, "count_Reptiles": 0, "count_Molluscs": 1, "count_Birds": 41, "count_Ferns": 0, "count_Mammals": 2, "count_Arachnids": 5, "count_Amphibians": 1, "count_Basidiomycota": 0, "count_Mosses": 0, "count_Gymnosperms": 2, "unique_species_count": 165.0, "countryCode": "CN" }, "geometry": { "type": "MultiPolygon", "coordinates": [ [ [ [ 113.043162791721031, 40.745574661876176 ], [ 114.157723106476098, 40.467950090630438 ], [ 114.561247292849089, 39.618200390678368 ], [ 113.875260162437613, 39.054625820087523 ], [ 112.77742549500114, 39.331922068957375 ], [ 112.349711175225096, 40.173046194367203 ], [ 113.043162791721031, 40.745574661876176 ] ] ] ] } },
{ "type": "Feature", "properties": { "geogrid_id": "739953789096001525", "seqnum": 8808.0, "lat_c": 39.953789463484625, "lon_c": 96.00152497989788, "res": 7.0, "count_Flowering Plants": 2, "count_Insects": 0, "count_Sac Fungi": 0, "count_Reptiles": 1, "count_Molluscs": 0, "count_Birds": 80, "count_Ferns": 0, "count_Mammals": 0, "count_Arachnids": 0, "count_Amphibians": 0, "count_Basidiomycota": 0, "count_Mosses": 0, "count_Gymnosperms": 0, "unique_species_count": 83.0, "countryCode": "CN" }, "geometry": { "type": "MultiPolygon", "coordinates": [ [ [ [ 95.360371176417445, 40.547571437998229 ], [ 96.519041006553564, 40.766510535388569 ], [ 97.151523063773737, 40.171750594550254 ], [ 96.630081172920598, 39.358753258032131 ], [ 95.497799042400345, 39.138308304133282 ], [ 94.860952827446297, 39.731958847687601 ], [ 95.360371176417445, 40.547571437998229 ] ] ] ] } },
{ "type": "Feature", "properties": { "geogrid_id": "739953789106498475", "seqnum": 9051.0, "lat_c": 39.953789465670454, "lon_c": 106.49847502029037, "res": 7.0, "count_Flowering Plants": 8, "count_Insects": 2, "count_Sac Fungi": 0, "count_Reptiles": 2, "count_Molluscs": 0, "count_Birds": 25, "count_Ferns": 0, "count_Mammals": 1, "count_Arachnids": 0, "count_Amphibians": 1, "count_Basidiomycota": 0, "count_Mosses": 0, "count_Gymnosperms": 0, "unique_species_count": 39.0, "countryCode": "CN" }, "geometry": { "type": "MultiPolygon", "coordinates": [ [ [ [ 105.980958993590093, 40.766510537530984 ], [ 107.139628823816935, 40.547571440143123 ], [ 107.639047172831482, 39.731958849878346 ], [ 107.002200957830823, 39.138308306364088 ], [ 105.869918827222648, 39.358753260259689 ], [ 105.348476936325483, 40.171750596735556 ], [ 105.980958993590093, 40.766510537530984 ] ] ] ] } },
{ "type": "Feature", "properties": { "geogrid_id": "739984538074995995", "seqnum": 7882.0, "lat_c": 39.984537571860237, "lon_c": 74.995994591222527, "res": 7.0, "count_Flowering Plants": 28, "count_Insects": 0, "count_Sac Fungi": 0, "count_Reptiles": 0, "count_Molluscs": 0, "count_Birds": 3, "count_Ferns": 0, "count_Mammals": 0, "count_Arachnids": 0, "count_Amphibians": 0, "count_Basidiomycota": 0, "count_Mosses": 0, "count_Gymnosperms": 0, "unique_species_count": 31.0, "countryCode": "CN" }, "geometry": { "type": "MultiPolygon", "coordinates": [ [ [ [ 75.204809287625793, 40.878855702944094 ], [ 76.014592621836471, 40.387197641465256 ], [ 75.786620711746849, 39.493023416601943 ], [ 74.778386947950992, 39.086871761303883 ], [ 73.989476158747721, 39.572574511682085 ], [ 74.186653260447756, 40.470129877500113 ], [ 75.204809287625793, 40.878855702944094 ] ] ] ] } },
{ "type": "Feature", "properties": { "geogrid_id": "740052240073181340", "seqnum": 7827.0, "lat_c": 40.052240285185441, "lon_c": 73.181340262256754, "res": 7.0, "count_Flowering Plants": 2, "count_Insects": 3, "count_Sac Fungi": 0, "count_Reptiles": 0, "count_Molluscs": 0, "count_Birds": 0, "count_Ferns": 0, "count_Mammals": 0, "count_Arachnids": 0, "count_Amphibians": 0, "count_Basidiomycota": 0, "count_Mosses": 0, "count_Gymnosperms": 0, "unique_species_count": 5.0, "countryCode": "CN" }, "geometry": { "type": "MultiPolygon", "coordinates": [ [ [ [ 73.358506653907327, 40.949275822824092 ], [ 74.186653260447756, 40.470129877500113 ], [ 73.989476158747721, 39.572574511682085 ], [ 72.994578457706396, 39.151475225581855 ], [ 72.188502828671389, 39.625370849039747 ], [ 72.353936315480425, 40.525301316132094 ], [ 73.358506653907327, 40.949275822824092 ] ] ] ] } },
{ "type": "Feature", "properties": { "geogrid_id": "740178846087238271", "seqnum": 8235.0, "lat_c": 40.178845909654214, "lon_c": 87.238270521262578, "res": 7.0, "count_Flowering Plants": 2, "count_Insects": 0, "count_Sac Fungi": 0, "count_Reptiles": 0, "count_Molluscs": 0, "count_Birds": 0, "count_Ferns": 1, "count_Mammals": 0, "count_Arachnids": 0, "count_Amphibians": 0, "count_Basidiomycota": 0, "count_Mosses": 0, "count_Gymnosperms": 0, "unique_species_count": 3.0, "countryCode": "CN" }, "geometry": { "type": "MultiPolygon", "coordinates": [ [ [ [ 87.630401715292294, 41.03141515962664 ], [ 88.342276895614745, 40.467950095813073 ], [ 87.938752709250309, 39.618200395831835 ], [ 86.847830016745903, 39.323771458653937 ], [ 86.144758877429879, 39.878481110187508 ], [ 86.52293305775035, 40.736279739314732 ], [ 87.630401715292294, 41.03141515962664 ] ] ] ] } },
{ "type": "Feature", "properties": { "geogrid_id": "740178846115261729", "seqnum": 9295.0, "lat_c": 40.178845904470748, "lon_c": 115.26172948080718, "res": 7.0, "count_Flowering Plants": 904, "count_Insects": 1399, "count_Sac Fungi": 19, "count_Reptiles": 19, "count_Molluscs": 28, "count_Birds": 346, "count_Ferns": 15, "count_Mammals": 32, "count_Arachnids": 50, "count_Amphibians": 7, "count_Basidiomycota": 29, "count_Mosses": 2, "count_Gymnosperms": 15, "unique_species_count": 2865.0, "countryCode": "CN" }, "geometry": { "type": "MultiPolygon", "coordinates": [ [ [ [ 114.869598286770966, 41.031415154414113 ], [ 115.977066944288211, 40.736279734101714 ], [ 116.355241124622168, 39.878481105003416 ], [ 115.652169985339597, 39.323771453499582 ], [ 114.561247292849089, 39.618200390678368 ], [ 114.157723106476098, 40.467950090630438 ], [ 114.869598286770966, 41.031415154414113 ] ] ] ] } },
{ "type": "Feature", "properties": { "geogrid_id": "740323895094211447", "seqnum": 8781.0, "lat_c": 40.323894783819682, "lon_c": 94.211446916986745, "res": 7.0, "count_Flowering Plants": 11, "count_Insects": 6, "count_Sac Fungi": 0, "count_Reptiles": 2, "count_Molluscs": 0, "count_Birds": 67, "count_Ferns": 0, "count_Mammals": 1, "count_Arachnids": 1, "count_Amphibians": 0, "count_Basidiomycota": 0, "count_Mosses": 0, "count_Gymnosperms": 0, "unique_species_count": 88.0, "countryCode": "CN" }, "geometry": { "type": "MultiPolygon", "coordinates": [ [ [ [ 93.548882278023441, 40.913899858440892 ], [ 94.706212289203123, 41.13988232021746 ], [ 95.360371176417445, 40.547571437998229 ], [ 94.860952827446297, 39.731958847687601 ], [ 93.729878960449639, 39.504810756156857 ], [ 93.072350106276787, 40.094140507184321 ], [ 93.548882278023441, 40.913899858440892 ] ] ] ] } },
{ "type": "Feature", "properties": { "geogrid_id": "740323895108288553", "seqnum": 9105.0, "lat_c": 40.323894785971049, "lon_c": 108.28855308333874, "res": 7.0, "count_Flowering Plants": 1, "count_Insects": 3, "count_Sac Fungi": 0, "count_Reptiles": 1, "count_Molluscs": 0, "count_Birds": 9, "count_Ferns": 0, "count_Mammals": 2, "count_Arachnids": 1, "count_Amphibians": 1, "count_Basidiomycota": 0, "count_Mosses": 0, "count_Gymnosperms": 0, "unique_species_count": 18.0, "countryCode": "CN" }, "geometry": { "type": "MultiPolygon", "coordinates": [ [ [ [ 107.793787711078508, 41.139882322322187 ], [ 108.951117722350872, 40.913899860553542 ], [ 109.427649897350818, 40.094140504174575 ], [ 108.77012104315304, 39.504810753195606 ], [ 107.639047172831482, 39.731958849878346 ], [ 107.139628823816935, 40.547571440143123 ], [ 107.793787711078508, 41.139882322322187 ] ] ] ] } },
{ "type": "Feature", "properties": { "geogrid_id": "740429898085426574", "seqnum": 8181.0, "lat_c": 40.429897768182933, "lon_c": 85.426573775188089, "res": 7.0, "count_Flowering Plants": 5, "count_Insects": 6, "count_Sac Fungi": 0, "count_Reptiles": 0, "count_Molluscs": 0, "count_Birds": 11, "count_Ferns": 0, "count_Mammals": 0, "count_Arachnids": 0, "count_Amphibians": 0, "count_Basidiomycota": 0, "count_Mosses": 0, "count_Gymnosperms": 0, "unique_species_count": 22.0, "countryCode": "CN" }, "geometry": { "type": "MultiPolygon", "coordinates": [ [ [ [ 85.79237733551264, 41.290210772599245 ], [ 86.52293305775035, 40.736279739314732 ], [ 86.144758877429879, 39.878481110187508 ], [ 85.061627778638439, 39.567070270040674 ], [ 84.341238259100891, 40.112490659298714 ], [ 84.692927451940449, 40.977714756198104 ], [ 85.79237733551264, 41.290210772599245 ] ] ] ] } },
{ "type": "Feature", "properties": { "geogrid_id": "740429898117073426", "seqnum": 9349.0, "lat_c": 40.429897762969631, "lon_c": 117.07342622682906, "res": 7.0, "count_Flowering Plants": 725, "count_Insects": 1127, "count_Sac Fungi": 17, "count_Reptiles": 22, "count_Molluscs": 32, "count_Birds": 370, "count_Ferns": 12, "count_Mammals": 31, "count_Arachnids": 53, "count_Amphibians": 6, "count_Basidiomycota": 37, "count_Mosses": 2, "count_Gymnosperms": 7, "unique_species_count": 2441.0, "countryCode": "CN" }, "geometry": { "type": "MultiPolygon", "coordinates": [ [ [ [ 116.707622666492981, 41.290210767357109 ], [ 117.807072550040161, 40.977714750956103 ], [ 118.158761742898363, 40.112490654085271 ], [ 117.438372223399568, 39.567070264856092 ], [ 116.355241124622168, 39.878481105003416 ], [ 115.977066944288211, 40.736279734101714 ], [ 116.707622666492981, 41.290210767357109 ] ] ] ] } },
{ "type": "Feature", "properties": { "geogrid_id": "740603563099479573", "seqnum": 8889.0, "lat_c": 40.603563430213143, "lon_c": 99.479572596180446, "res": 7.0, "count_Flowering Plants": 1, "count_Insects": 0, "count_Sac Fungi": 0, "count_Reptiles": 0, "count_Molluscs": 0, "count_Birds": 6, "count_Ferns": 0, "count_Mammals": 0, "count_Arachnids": 0, "count_Amphibians": 0, "count_Basidiomycota": 0, "count_Mosses": 0, "count_Gymnosperms": 0, "unique_species_count": 7.0, "countryCode": "CN" }, "geometry": { "type": "MultiPolygon", "coordinates": [ [ [ [ 98.865356372247533, 41.197147738810727 ], [ 100.052905003983724, 41.413381753885439 ], [ 100.657542454856411, 40.822274821645877 ], [ 100.081480916927916, 40.010307873279103 ], [ 98.921966810322019, 39.792636525545525 ], [ 98.310887706009879, 40.387615997105911 ], [ 98.865356372247533, 41.197147738810727 ] ] ] ] } },
{ "type": "Feature", "properties": { "geogrid_id": "740603563103020427", "seqnum": 8970.0, "lat_c": 40.603563432415825, "lon_c": 103.020427403743, "res": 7.0, "count_Flowering Plants": 0, "count_Insects": 0, "count_Sac Fungi": 0, "count_Reptiles": 0, "count_Molluscs": 0, "count_Birds": 5, "count_Ferns": 0, "count_Mammals": 0, "count_Arachnids": 0, "count_Amphibians": 0, "count_Basidiomycota": 0, "count_Mosses": 0, "count_Gymnosperms": 0, "unique_species_count": 5.0, "countryCode": "CN" }, "geometry": { "type": "MultiPolygon", "coordinates": [ [ [ [ 102.447094995892243, 41.413381756057646 ], [ 103.63464362771667, 41.19714774096515 ], [ 104.189112294001006, 40.387615999296315 ], [ 103.578033189647314, 39.792636527782271 ], [ 102.418519082955854, 40.010307875531232 ], [ 101.842457544980803, 40.822274823869947 ], [ 102.447094995892243, 41.413381756057646 ] ] ] ] } },
{ "type": "Feature", "properties": { "geogrid_id": "740654223083605128", "seqnum": 8127.0, "lat_c": 40.654222969171187, "lon_c": 83.605127999885369, "res": 7.0, "count_Flowering Plants": 6, "count_Insects": 0, "count_Sac Fungi": 0, "count_Reptiles": 0, "count_Molluscs": 0, "count_Birds": 1, "count_Ferns": 0, "count_Mammals": 0, "count_Arachnids": 0, "count_Amphibians": 1, "count_Basidiomycota": 0, "count_Mosses": 0, "count_Gymnosperms": 0, "unique_species_count": 8.0, "countryCode": "CN" }, "geometry": { "type": "MultiPolygon", "coordinates": [ [ [ [ 83.943472812233921, 41.521616696736245 ], [ 84.692927451940449, 40.977714756198104 ], [ 84.341238259100891, 40.112490659298714 ], [ 83.266785296010355, 39.784273977887054 ], [ 82.52886729783269, 40.319958711086528 ], [ 82.852968458046249, 41.191934730733799 ], [ 83.943472812233921, 41.521616696736245 ] ] ] ] } },
{ "type": "Feature", "properties": { "geogrid_id": "740654223118894872", "seqnum": 9404.0, "lat_c": 40.654222963929477, "lon_c": 118.89487200207367, "res": 7.0, "count_Flowering Plants": 57, "count_Insects": 45, "count_Sac Fungi": 0, "count_Reptiles": 2, "count_Molluscs": 0, "count_Birds": 38, "count_Ferns": 0, "count_Mammals": 4, "count_Arachnids": 1, "count_Amphibians": 0, "count_Basidiomycota": 0, "count_Mosses": 0, "count_Gymnosperms": 2, "unique_species_count": 149.0, "countryCode": "CN" }, "geometry": { "type": "MultiPolygon", "coordinates": [ [ [ [ 118.556527189708405, 41.521616691466029 ], [ 119.647031543870952, 41.191934725464407 ], [ 119.971132704108456, 40.31995870584521 ], [ 119.233214705974859, 39.784273972673546 ], [ 118.158761742898363, 40.112490654085271 ], [ 117.807072550040161, 40.977714750956103 ], [ 118.556527189708405, 41.521616691466029 ] ] ] ] } },
{ "type": "Feature", "properties": { "geogrid_id": "740681108092401728", "seqnum": 8755.0, "lat_c": 40.681108344145763, "lon_c": 92.40172822611305, "res": 7.0, "count_Flowering Plants": 3, "count_Insects": 0, "count_Sac Fungi": 0, "count_Reptiles": 1, "count_Molluscs": 0, "count_Birds": 0, "count_Ferns": 0, "count_Mammals": 0, "count_Arachnids": 0, "count_Amphibians": 0, "count_Basidiomycota": 0, "count_Mosses": 0, "count_Gymnosperms": 0, "unique_species_count": 4.0, "countryCode": "CN" }, "geometry": { "type": "MultiPolygon", "coordinates": [ [ [ [ 91.717614216276019, 41.265491410811613 ], [ 92.872848993997863, 41.501750263058589 ], [ 93.548882278023441, 40.913899858440892 ], [ 93.072350106276787, 40.094140507184321 ], [ 91.946345775121529, 39.851890892526171 ], [ 91.271022240423491, 40.433034150991617 ], [ 91.717614216276019, 41.265491410811613 ] ] ] ] } },
{ "type": "Feature", "properties": { "geogrid_id": "740681108110098272", "seqnum": 9160.0, "lat_c": 40.681108341087558, "lon_c": 110.09827177753891, "res": 7.0, "count_Flowering Plants": 51, "count_Insects": 53, "count_Sac Fungi": 2, "count_Reptiles": 3, "count_Molluscs": 0, "count_Birds": 63, "count_Ferns": 0, "count_Mammals": 5, "count_Arachnids": 1, "count_Amphibians": 2, "count_Basidiomycota": 0, "count_Mosses": 0, "count_Gymnosperms": 0, "unique_species_count": 180.0, "countryCode": "CN" }, "geometry": { "type": "MultiPolygon", "coordinates": [ [ [ [ 109.627151006426459, 41.50175026513314 ], [ 110.782385787399647, 41.265491407704957 ], [ 111.228977761737397, 40.433034145842129 ], [ 110.553654227056427, 39.851890887407663 ], [ 109.427649897350818, 40.094140504174575 ], [ 108.951117722350872, 40.913899860553542 ], [ 109.627151006426459, 41.50175026513314 ] ] ] ] } },
{ "type": "Feature", "properties": { "geogrid_id": "740851526081774637", "seqnum": 8072.0, "lat_c": 40.851525775896128, "lon_c": 81.774637265544797, "res": 7.0, "count_Flowering Plants": 15, "count_Insects": 18, "count_Sac Fungi": 0, "count_Reptiles": 1, "count_Molluscs": 0, "count_Birds": 6, "count_Ferns": 0, "count_Mammals": 0, "count_Arachnids": 0, "count_Amphibians": 0, "count_Basidiomycota": 1, "count_Mosses": 0, "count_Gymnosperms": 0, "unique_species_count": 41.0, "countryCode": "CN" }, "geometry": { "type": "MultiPolygon", "coordinates": [ [ [ [ 82.084434749174605, 41.725284677810485 ], [ 82.852968458046249, 41.191934730733799 ], [ 82.52886729783269, 40.319958711086528 ], [ 81.463978069347846, 39.97513795987313 ], [ 80.708342461610897, 40.500614614577032 ], [ 81.003792138385151, 41.378614999658581 ], [ 82.084434749174605, 41.725284677810485 ] ] ] ] } },
{ "type": "Feature", "properties": { "geogrid_id": "740851526120725363", "seqnum": 9458.0, "lat_c": 40.85152577062766, "lon_c": 120.72536273635083, "res": 7.0, "count_Flowering Plants": 9, "count_Insects": 60, "count_Sac Fungi": 0, "count_Reptiles": 6, "count_Molluscs": 14, "count_Birds": 41, "count_Ferns": 0, "count_Mammals": 3, "count_Arachnids": 1, "count_Amphibians": 4, "count_Basidiomycota": 0, "count_Mosses": 0, "count_Gymnosperms": 0, "unique_species_count": 138.0, "countryCode": "CN" }, "geometry": { "type": "MultiPolygon", "coordinates": [ [ [ [ 120.415565252698968, 41.725284672513958 ], [ 121.496207863463354, 41.378614994363616 ], [ 121.791657540266982, 40.500614609309537 ], [ 121.036021932579374, 39.975137954632224 ], [ 119.971132704108456, 40.31995870584521 ], [ 119.647031543870952, 41.191934725464407 ], [ 120.415565252698968, 41.725284672513958 ] ] ] ] } },
{ "type": "Feature", "properties": { "geogrid_id": "740982360097687388", "seqnum": 8862.0, "lat_c": 40.98235954108371, "lon_c": 97.68738768145451, "res": 7.0, "count_Flowering Plants": 1, "count_Insects": 0, "count_Sac Fungi": 0, "count_Reptiles": 0, "count_Molluscs": 0, "count_Birds": 107, "count_Ferns": 0, "count_Mammals": 0, "count_Arachnids": 0, "count_Amphibians": 0, "count_Basidiomycota": 0, "count_Mosses": 0, "count_Gymnosperms": 0, "unique_species_count": 108.0, "countryCode": "CN" }, "geometry": { "type": "MultiPolygon", "coordinates": [ [ [ [ 97.05104616368827, 41.576649882905194 ], [ 98.238407119711425, 41.790843982743269 ], [ 98.865356372247533, 41.197147738810727 ], [ 98.310887706009879, 40.387615997105911 ], [ 97.151523063773737, 40.171750594550254 ], [ 96.519041006553564, 40.766510535388569 ], [ 97.05104616368827, 41.576649882905194 ] ] ] ] } },
{ "type": "Feature", "properties": { "geogrid_id": "740982360104812612", "seqnum": 9024.0, "lat_c": 40.982359543228817, "lon_c": 104.81261231859904, "res": 7.0, "count_Flowering Plants": 2, "count_Insects": 0, "count_Sac Fungi": 0, "count_Reptiles": 0, "count_Molluscs": 0, "count_Birds": 0, "count_Ferns": 0, "count_Mammals": 0, "count_Arachnids": 0, "count_Amphibians": 0, "count_Basidiomycota": 0, "count_Mosses": 0, "count_Gymnosperms": 0, "unique_species_count": 2.0, "countryCode": "CN" }, "geometry": { "type": "MultiPolygon", "coordinates": [ [ [ [ 104.261592880294714, 41.790843984850596 ], [ 105.448953836409075, 41.576649885006013 ], [ 105.980958993590093, 40.766510537530984 ], [ 105.348476936325483, 40.171750596735556 ], [ 104.189112294001006, 40.387615999296315 ], [ 103.63464362771667, 41.19714774096515 ], [ 104.261592880294714, 41.790843984850596 ] ] ] ] } },
{ "type": "Feature", "properties": { "geogrid_id": "741011497090581961", "seqnum": 8317.0, "lat_c": 41.011496957169619, "lon_c": 90.581961370029589, "res": 7.0, "count_Flowering Plants": 2, "count_Insects": 1, "count_Sac Fungi": 0, "count_Reptiles": 0, "count_Molluscs": 0, "count_Birds": 2, "count_Ferns": 0, "count_Mammals": 0, "count_Arachnids": 0, "count_Amphibians": 0, "count_Basidiomycota": 0, "count_Mosses": 0, "count_Gymnosperms": 0, "unique_species_count": 5.0, "countryCode": "CN" }, "geometry": { "type": "MultiPolygon", "coordinates": [ [ [ [ 91.019599522923713, 41.847059263270083 ], [ 91.717614214772368, 41.265491412883492 ], [ 91.271022240423491, 40.433034150991617 ], [ 90.150288826912259, 40.173046199518282 ], [ 89.456837210394028, 40.745574667057745 ], [ 89.878765482697531, 41.587036904740899 ], [ 91.019599522923713, 41.847059263270083 ] ] ] ] } },
{ "type": "Feature", "properties": { "geogrid_id": "741011497111918039", "seqnum": 9214.0, "lat_c": 41.0114969519894, "lon_c": 111.91803863211258, "res": 7.0, "count_Flowering Plants": 58, "count_Insects": 52, "count_Sac Fungi": 0, "count_Reptiles": 1, "count_Molluscs": 0, "count_Birds": 58, "count_Ferns": 0, "count_Mammals": 9, "count_Arachnids": 0, "count_Amphibians": 1, "count_Basidiomycota": 0, "count_Mosses": 0, "count_Gymnosperms": 1, "unique_species_count": 180.0, "countryCode": "CN" }, "geometry": { "type": "MultiPolygon", "coordinates": [ [ [ [ 111.480400479231363, 41.847059258060774 ], [ 112.621234519424178, 41.587036899530176 ], [ 113.043162791721031, 40.745574661876176 ], [ 112.349711175225096, 40.173046194367203 ], [ 111.228977761737397, 40.433034145842129 ], [ 110.782385787399647, 41.265491407704957 ], [ 111.480400479231363, 41.847059258060774 ] ] ] ] } },
{ "type": "Feature", "properties": { "geogrid_id": "741021505079935823", "seqnum": 8018.0, "lat_c": 41.02150532420147, "lon_c": 79.935822894750018, "res": 7.0, "count_Flowering Plants": 25, "count_Insects": 8, "count_Sac Fungi": 0, "count_Reptiles": 2, "count_Molluscs": 0, "count_Birds": 12, "count_Ferns": 0, "count_Mammals": 2, "count_Arachnids": 0, "count_Amphibians": 0, "count_Basidiomycota": 0, "count_Mosses": 0, "count_Gymnosperms": 1, "unique_species_count": 50.0, "countryCode": "CN" }, "geometry": { "type": "MultiPolygon", "coordinates": [ [ [ [ 80.216036647908126, 41.900857476051506 ], [ 81.003792138385151, 41.378614999658581 ], [ 80.708342461610897, 40.500614614577032 ], [ 79.65389248589716, 40.139417220455911 ], [ 78.880366826781682, 40.654181706398546 ], [ 79.14614979536077, 41.537420099146097 ], [ 80.216036647908126, 41.900857476051506 ] ] ] ] } },
{ "type": "Feature", "properties": { "geogrid_id": "741021505122564177", "seqnum": 9512.0, "lat_c": 41.021505318908119, "lon_c": 122.5641771070771, "res": 7.0, "count_Flowering Plants": 18, "count_Insects": 32, "count_Sac Fungi": 0, "count_Reptiles": 3, "count_Molluscs": 10, "count_Birds": 76, "count_Ferns": 0, "count_Mammals": 2, "count_Arachnids": 2, "count_Amphibians": 8, "count_Basidiomycota": 0, "count_Mosses": 1, "count_Gymnosperms": 0, "unique_species_count": 152.0, "countryCode": "CN" }, "geometry": { "type": "MultiPolygon", "coordinates": [ [ [ [ 122.283963353891494, 41.900857470730642 ], [ 123.353850206414023, 41.537420093827599 ], [ 123.619633175027914, 40.654181701106793 ], [ 122.846107515967034, 40.13941721518934 ], [ 121.791657540266982, 40.500614609309537 ], [ 121.496207863463354, 41.378614994363616 ], [ 122.283963353891494, 41.900857470730642 ] ] ] ] } },
{ "type": "Feature", "properties": { "geogrid_id": "741163848078089409", "seqnum": 7964.0, "lat_c": 41.163847992453199, "lon_c": 78.089409351046314, "res": 7.0, "count_Flowering Plants": 2, "count_Insects": 8, "count_Sac Fungi": 0, "count_Reptiles": 0, "count_Molluscs": 0, "count_Birds": 1, "count_Ferns": 0, "count_Mammals": 0, "count_Arachnids": 0, "count_Amphibians": 0, "count_Basidiomycota": 0, "count_Mosses": 0, "count_Gymnosperms": 0, "unique_species_count": 11.0, "countryCode": "CN" }, "geometry": { "type": "MultiPolygon", "coordinates": [ [ [ [ 78.339066234964633, 42.047960491610837 ], [ 79.14614979536077, 41.537420099146097 ], [ 78.880366826781682, 40.654181706398546 ], [ 77.837210749677055, 40.276859958333155 ], [ 77.045634048285564, 40.78036854962145 ], [ 77.280793526949012, 41.667993916247411 ], [ 78.339066234964633, 42.047960491610837 ] ] ] ] } },
{ "type": "Feature", "properties": { "geogrid_id": "741163848124410591", "seqnum": 9567.0, "lat_c": 41.163847987137075, "lon_c": 124.41059065070739, "res": 7.0, "count_Flowering Plants": 33, "count_Insects": 79, "count_Sac Fungi": 0, "count_Reptiles": 7, "count_Molluscs": 2, "count_Birds": 24, "count_Ferns": 3, "count_Mammals": 2, "count_Arachnids": 0, "count_Amphibians": 6, "count_Basidiomycota": 0, "count_Mosses": 0, "count_Gymnosperms": 0, "unique_species_count": 156.0, "countryCode": "CN" }, "geometry": { "type": "MultiPolygon", "coordinates": [ [ [ [ 124.160933766756116, 42.047960486267861 ], [ 125.219206474747338, 41.667993910907676 ], [ 125.45436595345096, 40.780368544307628 ], [ 124.662789252119211, 40.276859953042901 ], [ 123.619633175027914, 40.654181701106793 ], [ 123.353850206414023, 41.537420093827599 ], [ 124.160933766756116, 42.047960486267861 ] ] ] ] } },
{ "type": "Feature", "properties": { "geogrid_id": "741278216076236108", "seqnum": 7909.0, "lat_c": 41.278215934790417, "lon_c": 76.236107696750395, "res": 7.0, "count_Flowering Plants": 1, "count_Insects": 0, "count_Sac Fungi": 0, "count_Reptiles": 0, "count_Molluscs": 0, "count_Birds": 0, "count_Ferns": 0, "count_Mammals": 0, "count_Arachnids": 0, "count_Amphibians": 0, "count_Basidiomycota": 0, "count_Mosses": 0, "count_Gymnosperms": 0, "unique_species_count": 1.0, "countryCode": "CN" }, "geometry": { "type": "MultiPolygon", "coordinates": [ [ [ [ 76.454311134342987, 42.1661894141236 ], [ 77.280793526949012, 41.667993916247411 ], [ 77.045634048285564, 40.78036854962145 ], [ 76.014592621836471, 40.387197641465256 ], [ 75.204809287625793, 40.878855702944094 ], [ 75.408459742022345, 41.769945133731945 ], [ 76.454311134342987, 42.1661894141236 ] ] ] ] } },
{ "type": "Feature", "properties": { "geogrid_id": "741278216126263892", "seqnum": 9621.0, "lat_c": 41.2782159294539, "lon_c": 126.26389230492528, "res": 7.0, "count_Flowering Plants": 45, "count_Insects": 34, "count_Sac Fungi": 0, "count_Reptiles": 2, "count_Molluscs": 1, "count_Birds": 26, "count_Ferns": 6, "count_Mammals": 3, "count_Arachnids": 0, "count_Amphibians": 7, "count_Basidiomycota": 0, "count_Mosses": 0, "count_Gymnosperms": 1, "unique_species_count": 125.0, "countryCode": "CN" }, "geometry": { "type": "MultiPolygon", "coordinates": [ [ [ [ 126.045688867294373, 42.166189408760971 ], [ 127.091540259591156, 41.769945128373536 ], [ 127.29519071403314, 40.878855697610661 ], [ 126.485407379887121, 40.387197636153559 ], [ 125.45436595345096, 40.780368544307628 ], [ 125.219206474747338, 41.667993910907676 ], [ 126.045688867294373, 42.166189408760971 ] ] ] ] } },
{ "type": "Feature", "properties": { "geogrid_id": "741315078088749016", "seqnum": 8263.0, "lat_c": 41.315077679685999, "lon_c": 88.749015670938789, "res": 7.0, "count_Flowering Plants": 3, "count_Insects": 0, "count_Sac Fungi": 0, "count_Reptiles": 0, "count_Molluscs": 0, "count_Birds": 1, "count_Ferns": 0, "count_Mammals": 0, "count_Arachnids": 0, "count_Amphibians": 0, "count_Basidiomycota": 0, "count_Mosses": 0, "count_Gymnosperms": 0, "unique_species_count": 4.0, "countryCode": "CN" }, "geometry": { "type": "MultiPolygon", "coordinates": [ [ [ [ 89.161029231975604, 42.159403620912173 ], [ 89.878765482697531, 41.587036904740899 ], [ 89.456837210394028, 40.745574667057745 ], [ 88.342276895614745, 40.467950095813073 ], [ 87.630401715292294, 41.03141515962664 ], [ 88.026432132864869, 41.881292104569404 ], [ 89.161029231975604, 42.159403620912173 ] ] ] ] } },
{ "type": "Feature", "properties": { "geogrid_id": "741315078113750984", "seqnum": 9268.0, "lat_c": 41.315077674474217, "lon_c": 113.75098433115224, "res": 7.0, "count_Flowering Plants": 10, "count_Insects": 8, "count_Sac Fungi": 0, "count_Reptiles": 0, "count_Molluscs": 0, "count_Birds": 24, "count_Ferns": 0, "count_Mammals": 5, "count_Arachnids": 1, "count_Amphibians": 0, "count_Basidiomycota": 0, "count_Mosses": 0, "count_Gymnosperms": 0, "unique_species_count": 48.0, "countryCode": "CN" }, "geometry": { "type": "MultiPolygon", "coordinates": [ [ [ [ 113.338970770123666, 42.159403615671174 ], [ 114.473567869200252, 41.881292099327709 ], [ 114.869598286770966, 41.031415154414113 ], [ 114.157723106476098, 40.467950090630438 ], [ 113.043162791721031, 40.745574661876176 ], [ 112.621234519424178, 41.587036899530176 ], [ 113.338970770123666, 42.159403615671174 ] ] ] ] } },
{ "type": "Feature", "properties": { "geogrid_id": "741360291095873626", "seqnum": 8836.0, "lat_c": 41.360290828498002, "lon_c": 95.873626481567271, "res": 7.0, "count_Flowering Plants": 3, "count_Insects": 0, "count_Sac Fungi": 0, "count_Reptiles": 0, "count_Molluscs": 0, "count_Birds": 37, "count_Ferns": 0, "count_Mammals": 0, "count_Arachnids": 0, "count_Amphibians": 0, "count_Basidiomycota": 0, "count_Mosses": 0, "count_Gymnosperms": 0, "unique_species_count": 40.0, "countryCode": "CN" }, "geometry": { "type": "MultiPolygon", "coordinates": [ [ [ [ 95.214851624697829, 41.952866253867001 ], [ 96.401428315692371, 42.170261493102565 ], [ 97.05104616368827, 41.576649882905194 ], [ 96.519041006553564, 40.766510535388569 ], [ 95.360371176417445, 40.547571437998229 ], [ 94.706212289203123, 41.13988232021746 ], [ 95.214851624697829, 41.952866253867001 ] ] ] ] } },
{ "type": "Feature", "properties": { "geogrid_id": "741360291106626374", "seqnum": 9079.0, "lat_c": 41.360290830598423, "lon_c": 106.62637351862197, "res": 7.0, "count_Flowering Plants": 0, "count_Insects": 1, "count_Sac Fungi": 0, "count_Reptiles": 0, "count_Molluscs": 0, "count_Birds": 2, "count_Ferns": 0, "count_Mammals": 1, "count_Arachnids": 1, "count_Amphibians": 1, "count_Basidiomycota": 0, "count_Mosses": 0, "count_Gymnosperms": 0, "unique_species_count": 6.0, "countryCode": "CN" }, "geometry": { "type": "MultiPolygon", "coordinates": [ [ [ [ 106.098571684449951, 42.170261495160105 ], [ 107.285148375538171, 41.952866255926281 ], [ 107.793787711078508, 41.139882322322187 ], [ 107.139628823816935, 40.547571440143123 ], [ 105.980958993590093, 40.766510537530984 ], [ 105.448953836409075, 41.576649885006013 ], [ 106.098571684449951, 42.170261495160105 ] ] ] ] } },
{ "type": "Feature", "properties": { "geogrid_id": "741364230128123404", "seqnum": 9675.0, "lat_c": 41.364230016694648, "lon_c": 128.12340357464393, "res": 7.0, "count_Flowering Plants": 43, "count_Insects": 40, "count_Sac Fungi": 0, "count_Reptiles": 1, "count_Molluscs": 0, "count_Birds": 14, "count_Ferns": 0, "count_Mammals": 2, "count_Arachnids": 0, "count_Amphibians": 1, "count_Basidiomycota": 1, "count_Mosses": 18, "count_Gymnosperms": 1, "unique_species_count": 121.0, "countryCode": "CN" }, "geometry": { "type": "MultiPolygon", "coordinates": [ [ [ [ 127.937456865127416, 42.255092192930427 ], [ 128.970149203603341, 41.84282581199718 ], [ 129.141493347669723, 40.949275817473819 ], [ 128.313346741198615, 40.470129872169537 ], [ 127.29519071403314, 40.878855697610661 ], [ 127.091540259591156, 41.769945128373536 ], [ 127.937456865127416, 42.255092192930427 ] ] ] ] } },
{ "type": "Feature", "properties": { "geogrid_id": "741591481086903540", "seqnum": 8209.0, "lat_c": 41.591481477647008, "lon_c": 86.903539863093499, "res": 7.0, "count_Flowering Plants": 13, "count_Insects": 3, "count_Sac Fungi": 0, "count_Reptiles": 1, "count_Molluscs": 0, "count_Birds": 48, "count_Ferns": 0, "count_Mammals": 0, "count_Arachnids": 0, "count_Amphibians": 2, "count_Basidiomycota": 0, "count_Mosses": 0, "count_Gymnosperms": 0, "unique_species_count": 67.0, "countryCode": "CN" }, "geometry": { "type": "MultiPolygon", "coordinates": [ [ [ [ 87.288689080111723, 42.44394653134848 ], [ 88.026432132864869, 41.881292104569404 ], [ 87.630401715292294, 41.03141515962664 ], [ 86.52293305775035, 40.736279739314732 ], [ 85.79237733551264, 41.290210772599245 ], [ 86.161309731981959, 42.147863982413021 ], [ 87.288689080111723, 42.44394653134848 ] ] ] ] } },
{ "type": "Feature", "properties": { "geogrid_id": "741591481115596460", "seqnum": 9323.0, "lat_c": 41.591481472404958, "lon_c": 115.59646013894034, "res": 7.0, "count_Flowering Plants": 156, "count_Insects": 74, "count_Sac Fungi": 0, "count_Reptiles": 0, "count_Molluscs": 2, "count_Birds": 48, "count_Ferns": 0, "count_Mammals": 6, "count_Arachnids": 1, "count_Amphibians": 1, "count_Basidiomycota": 0, "count_Mosses": 0, "count_Gymnosperms": 0, "unique_species_count": 288.0, "countryCode": "CN" }, "geometry": { "type": "MultiPolygon", "coordinates": [ [ [ [ 115.211310921925417, 42.443946526077148 ], [ 116.338690270020493, 42.147863977141782 ], [ 116.707622666492981, 41.290210767357109 ], [ 115.977066944288211, 40.736279734101714 ], [ 114.869598286770966, 41.031415154414113 ], [ 114.473567869200252, 41.881292099327709 ], [ 115.211310921925417, 42.443946526077148 ] ] ] ] } },
{ "type": "Feature", "properties": { "geogrid_id": "741634169101250000", "seqnum": 8943.0, "lat_c": 41.634168930992281, "lon_c": 101.24999999918381, "res": 7.0, "count_Flowering Plants": 2, "count_Insects": 0, "count_Sac Fungi": 0, "count_Reptiles": 1, "count_Molluscs": 0, "count_Birds": 4, "count_Ferns": 0, "count_Mammals": 0, "count_Arachnids": 0, "count_Amphibians": 0, "count_Basidiomycota": 0, "count_Mosses": 0, "count_Gymnosperms": 0, "unique_species_count": 7.0, "countryCode": "CN" }, "geometry": { "type": "MultiPolygon", "coordinates": [ [ [ [ 100.642763930757809, 42.222647205084883 ], [ 101.857236069069131, 42.222647207230906 ], [ 102.447094995892243, 41.413381756057646 ], [ 101.842457544980803, 40.822274823869947 ], [ 100.657542454856411, 40.822274821645877 ], [ 100.052905003983724, 41.413381753885439 ], [ 100.642763930757809, 42.222647205084883 ] ] ] ] } },
{ "type": "Feature", "properties": { "geogrid_id": "741730497094038629", "seqnum": 8809.0, "lat_c": 41.730497494732802, "lon_c": 94.038628785745075, "res": 7.0, "count_Flowering Plants": 4, "count_Insects": 0, "count_Sac Fungi": 0, "count_Reptiles": 0, "count_Molluscs": 1, "count_Birds": 0, "count_Ferns": 0, "count_Mammals": 0, "count_Arachnids": 0, "count_Amphibians": 0, "count_Basidiomycota": 0, "count_Mosses": 0, "count_Gymnosperms": 0, "unique_species_count": 5.0, "countryCode": "CN" }, "geometry": { "type": "MultiPolygon", "coordinates": [ [ [ [ 93.357189100163751, 42.319184356435031 ], [ 94.542275302323418, 42.544003365285079 ], [ 95.214851624697829, 41.952866253867001 ], [ 94.706212289203123, 41.13988232021746 ], [ 93.548882278023441, 40.913899858440892 ], [ 92.872848993997863, 41.501750263058589 ], [ 93.357189100163751, 42.319184356435031 ] ] ] ] } },
{ "type": "Feature", "properties": { "geogrid_id": "741730497108461371", "seqnum": 9133.0, "lat_c": 41.730497496798101, "lon_c": 108.46137121458499, "res": 7.0, "count_Flowering Plants": 0, "count_Insects": 0, "count_Sac Fungi": 0, "count_Reptiles": 0, "count_Molluscs": 0, "count_Birds": 1, "count_Ferns": 0, "count_Mammals": 0, "count_Arachnids": 0, "count_Amphibians": 0, "count_Basidiomycota": 0, "count_Mosses": 0, "count_Gymnosperms": 0, "unique_species_count": 1.0, "countryCode": "CN" }, "geometry": { "type": "MultiPolygon", "coordinates": [ [ [ [ 107.957724697960543, 42.544003367304057 ], [ 109.142810900215935, 42.319184358461612 ], [ 109.627151006426459, 41.50175026513314 ], [ 108.951117722350872, 40.913899860553542 ], [ 107.793787711078508, 41.139882322322187 ], [ 107.285148375538171, 41.952866255926281 ], [ 107.957724697960543, 42.544003367304057 ] ] ] ] } },
{ "type": "Feature", "properties": { "geogrid_id": "741840339085046239", "seqnum": 8154.0, "lat_c": 41.84033935218384, "lon_c": 85.046238564439591, "res": 7.0, "count_Flowering Plants": 5, "count_Insects": 0, "count_Sac Fungi": 0, "count_Reptiles": 1, "count_Molluscs": 0, "count_Birds": 3, "count_Ferns": 0, "count_Mammals": 0, "count_Arachnids": 0, "count_Amphibians": 0, "count_Basidiomycota": 0, "count_Mosses": 0, "count_Gymnosperms": 0, "unique_species_count": 9.0, "countryCode": "CN" }, "geometry": { "type": "MultiPolygon", "coordinates": [ [ [ [ 85.403326984696079, 42.700269107312394 ], [ 86.161309731981959, 42.147863982413021 ], [ 85.79237733551264, 41.290210772599245 ], [ 84.692927451940449, 40.977714756198104 ], [ 83.943472812233921, 41.521616696736245 ], [ 84.284151235932001, 42.386357235464232 ], [ 85.403326984696079, 42.700269107312394 ] ] ] ] } },
{ "type": "Feature", "properties": { "geogrid_id": "741840339117453761", "seqnum": 9377.0, "lat_c": 41.840339346912991, "lon_c": 117.4537614375312, "res": 7.0, "count_Flowering Plants": 87, "count_Insects": 189, "count_Sac Fungi": 1, "count_Reptiles": 1, "count_Molluscs": 2, "count_Birds": 32, "count_Ferns": 0, "count_Mammals": 2, "count_Arachnids": 2, "count_Amphibians": 3, "count_Basidiomycota": 0, "count_Mosses": 0, "count_Gymnosperms": 1, "unique_species_count": 320.0, "countryCode": "CN" }, "geometry": { "type": "MultiPolygon", "coordinates": [ [ [ [ 117.096673017272792, 42.700269102012292 ], [ 118.215848766001898, 42.386357230165068 ], [ 118.556527189708405, 41.521616691466029 ], [ 117.807072550040161, 40.977714750956103 ], [ 116.707622666492981, 41.290210767357109 ], [ 116.338690270020493, 42.147863977141782 ], [ 117.096673017272792, 42.700269102012292 ] ] ] ] } },
{ "type": "Feature", "properties": { "geogrid_id": "742061280083177864", "seqnum": 8100.0, "lat_c": 42.061279530897004, "lon_c": 83.177864163615098, "res": 7.0, "count_Flowering Plants": 23, "count_Insects": 6, "count_Sac Fungi": 0, "count_Reptiles": 1, "count_Molluscs": 0, "count_Birds": 16, "count_Ferns": 0, "count_Mammals": 0, "count_Arachnids": 0, "count_Amphibians": 0, "count_Basidiomycota": 0, "count_Mosses": 0, "count_Gymnosperms": 0, "unique_species_count": 46.0, "countryCode": "CN" }, "geometry": { "type": "MultiPolygon", "coordinates": [ [ [ [ 83.505750351654356, 42.927947577528201 ], [ 84.284151235932001, 42.386357235464232 ], [ 83.943472812233921, 41.521616696736245 ], [ 82.852968458046249, 41.191934730733799 ], [ 82.084434749174605, 41.725284677810485 ], [ 82.395758601809789, 42.596370567131629 ], [ 83.505750351654356, 42.927947577528201 ] ] ] ] } },
{ "type": "Feature", "properties": { "geogrid_id": "742061280119322136", "seqnum": 9431.0, "lat_c": 42.061279525599055, "lon_c": 119.32213583828697, "res": 7.0, "count_Flowering Plants": 7, "count_Insects": 27, "count_Sac Fungi": 0, "count_Reptiles": 0, "count_Molluscs": 0, "count_Birds": 6, "count_Ferns": 0, "count_Mammals": 0, "count_Arachnids": 0, "count_Amphibians": 2, "count_Basidiomycota": 1, "count_Mosses": 0, "count_Gymnosperms": 0, "unique_species_count": 43.0, "countryCode": "CN" }, "geometry": { "type": "MultiPolygon", "coordinates": [ [ [ [ 118.994249650240377, 42.927947572201113 ], [ 120.104241400049915, 42.596370561806395 ], [ 120.415565252698968, 41.725284672513958 ], [ 119.647031543870952, 41.191934725464407 ], [ 118.556527189708405, 41.521616691466029 ], [ 118.215848766001898, 42.386357230165068 ], [ 118.994249650240377, 42.927947572201113 ] ] ] ] } },
{ "type": "Feature", "properties": { "geogrid_id": "742087214092182926", "seqnum": 8782.0, "lat_c": 42.087214408211388, "lon_c": 92.182926393065401, "res": 7.0, "count_Flowering Plants": 1, "count_Insects": 0, "count_Sac Fungi": 0, "count_Reptiles": 0, "count_Molluscs": 0, "count_Birds": 0, "count_Ferns": 0, "count_Mammals": 0, "count_Arachnids": 0, "count_Amphibians": 0, "count_Basidiomycota": 0, "count_Mosses": 0, "count_Gymnosperms": 0, "unique_species_count": 1.0, "countryCode": "CN" }, "geometry": { "type": "MultiPolygon", "coordinates": [ [ [ [ 91.478683250313537, 42.6700526946533 ], [ 92.6614497265426, 42.905702071123308 ], [ 93.357189100163751, 42.319184356435031 ], [ 92.872848993997863, 41.501750263058589 ], [ 91.717614216276019, 41.265491410811613 ], [ 91.019599524467225, 41.847059261215897 ], [ 91.478683250313537, 42.6700526946533 ] ] ] ] } },
{ "type": "Feature", "properties": { "geogrid_id": "742087214110317074", "seqnum": 9187.0, "lat_c": 42.087214410248436, "lon_c": 110.31707360741011, "res": 7.0, "count_Flowering Plants": 1, "count_Insects": 1, "count_Sac Fungi": 0, "count_Reptiles": 0, "count_Molluscs": 0, "count_Birds": 2, "count_Ferns": 0, "count_Mammals": 0, "count_Arachnids": 0, "count_Amphibians": 0, "count_Basidiomycota": 0, "count_Mosses": 0, "count_Gymnosperms": 0, "unique_species_count": 4.0, "countryCode": "CN" }, "geometry": { "type": "MultiPolygon", "coordinates": [ [ [ [ 109.838550273887947, 42.905702073111847 ], [ 111.021316750214382, 42.670052696653414 ], [ 111.480400479231363, 41.847059258060774 ], [ 110.782385787399647, 41.265491407704957 ], [ 109.627151006426459, 41.50175026513314 ], [ 109.142810900215935, 42.319184358461612 ], [ 109.838550273887947, 42.905702073111847 ] ] ] ] } },
{ "type": "Feature", "properties": { "geogrid_id": "742253923081299207", "seqnum": 8046.0, "lat_c": 42.253922871369852, "lon_c": 81.29920719237127, "res": 7.0, "count_Flowering Plants": 45, "count_Insects": 6, "count_Sac Fungi": 0, "count_Reptiles": 2, "count_Molluscs": 1, "count_Birds": 7, "count_Ferns": 0, "count_Mammals": 3, "count_Arachnids": 1, "count_Amphibians": 0, "count_Basidiomycota": 0, "count_Mosses": 0, "count_Gymnosperms": 1, "unique_species_count": 66.0, "countryCode": "CN" }, "geometry": { "type": "MultiPolygon", "coordinates": [ [ [ [ 81.596817549813522, 43.126548562719215 ], [ 82.395758601809789, 42.596370567131629 ], [ 82.084434749174605, 41.725284677810485 ], [ 81.003792138385151, 41.378614999658581 ], [ 80.216036647908126, 41.900857476051506 ], [ 80.496973011170965, 42.77749086356247 ], [ 81.596817549813522, 43.126548562719215 ] ] ] ] } },
{ "type": "Feature", "properties": { "geogrid_id": "742253923121200793", "seqnum": 9486.0, "lat_c": 42.253922866046722, "lon_c": 121.20079280945669, "res": 7.0, "count_Flowering Plants": 17, "count_Insects": 14, "count_Sac Fungi": 0, "count_Reptiles": 1, "count_Molluscs": 0, "count_Birds": 9, "count_Ferns": 0, "count_Mammals": 2, "count_Arachnids": 1, "count_Amphibians": 1, "count_Basidiomycota": 0, "count_Mosses": 0, "count_Gymnosperms": 1, "unique_species_count": 46.0, "countryCode": "CN" }, "geometry": { "type": "MultiPolygon", "coordinates": [ [ [ [ 120.903182452001502, 43.12654855736713 ], [ 122.003026990609243, 42.777490858213241 ], [ 122.283963353891494, 41.900857470730642 ], [ 121.496207863463354, 41.378614994363616 ], [ 120.415565252698968, 41.725284672513958 ], [ 120.104241400049915, 42.596370561806395 ], [ 120.903182452001502, 43.12654855736713 ] ] ] ] } },
{ "type": "Feature", "properties": { "geogrid_id": "742384427097598284", "seqnum": 8890.0, "lat_c": 42.384426761905395, "lon_c": 97.598284444762882, "res": 7.0, "count_Flowering Plants": 0, "count_Insects": 0, "count_Sac Fungi": 0, "count_Reptiles": 0, "count_Molluscs": 0, "count_Birds": 36, "count_Ferns": 0, "count_Mammals": 0, "count_Arachnids": 0, "count_Amphibians": 0, "count_Basidiomycota": 0, "count_Mosses": 0, "count_Gymnosperms": 0, "unique_species_count": 36.0, "countryCode": "CN" }, "geometry": { "type": "MultiPolygon", "coordinates": [ [ [ [ 96.944532392423952, 42.97766183959294 ], [ 98.161548778853884, 43.190113543014476 ], [ 98.805360959487174, 42.597530354100016 ], [ 98.238407119711425, 41.790843982743269 ], [ 97.05104616368827, 41.576649882905194 ], [ 96.401428315692371, 42.170261493102565 ], [ 96.944532392423952, 42.97766183959294 ] ] ] ] } },
{ "type": "Feature", "properties": { "geogrid_id": "742417876079411085", "seqnum": 7991.0, "lat_c": 42.417875824685972, "lon_c": 79.411085185175025, "res": 7.0, "count_Flowering Plants": 1, "count_Insects": 3, "count_Sac Fungi": 0, "count_Reptiles": 0, "count_Molluscs": 0, "count_Birds": 3, "count_Ferns": 0, "count_Mammals": 0, "count_Arachnids": 0, "count_Amphibians": 0, "count_Basidiomycota": 0, "count_Mosses": 0, "count_Gymnosperms": 0, "unique_species_count": 7.0, "countryCode": "CN" }, "geometry": { "type": "MultiPolygon", "coordinates": [ [ [ [ 79.67742819735092, 43.295621905491025 ], [ 80.496973011170965, 42.77749086356247 ], [ 80.216036647908126, 41.900857476051506 ], [ 79.14614979536077, 41.537420099146097 ], [ 78.339066234964633, 42.047960491610837 ], [ 78.588663829464963, 42.929284502405316 ], [ 79.67742819735092, 43.295621905491025 ] ] ] ] } },
{ "type": "Feature", "properties": { "geogrid_id": "742417876123088915", "seqnum": 9540.0, "lat_c": 42.417875819339798, "lon_c": 123.08891481657372, "res": 7.0, "count_Flowering Plants": 115, "count_Insects": 132, "count_Sac Fungi": 1, "count_Reptiles": 5, "count_Molluscs": 3, "count_Birds": 100, "count_Ferns": 1, "count_Mammals": 6, "count_Arachnids": 7, "count_Amphibians": 7, "count_Basidiomycota": 3, "count_Mosses": 0, "count_Gymnosperms": 2, "unique_species_count": 382.0, "countryCode": "CN" }, "geometry": { "type": "MultiPolygon", "coordinates": [ [ [ [ 122.822571804379209, 43.295621900116188 ], [ 123.91133617223079, 42.929284497034395 ], [ 124.160933766756116, 42.047960486267861 ], [ 123.353850206414023, 41.537420093827599 ], [ 122.283963353891494, 41.900857470730642 ], [ 122.003026990609243, 42.777490858213241 ], [ 122.822571804379209, 43.295621900116188 ] ] ] ] } },
{ "type": "Feature", "properties": { "geogrid_id": "742425574090307266", "seqnum": 8756.0, "lat_c": 42.425573643535976, "lon_c": 90.307266455906344, "res": 7.0, "count_Flowering Plants": 4, "count_Insects": 0, "count_Sac Fungi": 0, "count_Reptiles": 1, "count_Molluscs": 0, "count_Birds": 3, "count_Ferns": 0, "count_Mammals": 0, "count_Arachnids": 1, "count_Amphibians": 1, "count_Basidiomycota": 0, "count_Mosses": 0, "count_Gymnosperms": 0, "unique_species_count": 10.0, "countryCode": "CN" }, "geometry": { "type": "MultiPolygon", "coordinates": [ [ [ [ 89.580188569062472, 43.000788284695105 ], [ 90.759678074296602, 43.250017283421023 ], [ 91.478683250313537, 42.6700526946533 ], [ 91.019599524467225, 41.847059261215897 ], [ 89.878765482697531, 41.587036904740899 ], [ 89.161029231975604, 42.159403620912173 ], [ 89.580188569062472, 43.000788284695105 ] ] ] ] } },
{ "type": "Feature", "properties": { "geogrid_id": "742425574112192734", "seqnum": 9242.0, "lat_c": 42.425573640332352, "lon_c": 112.19273354781426, "res": 7.0, "count_Flowering Plants": 1, "count_Insects": 0, "count_Sac Fungi": 0, "count_Reptiles": 0, "count_Molluscs": 0, "count_Birds": 1, "count_Ferns": 0, "count_Mammals": 1, "count_Arachnids": 0, "count_Amphibians": 0, "count_Basidiomycota": 0, "count_Mosses": 0, "count_Gymnosperms": 0, "unique_species_count": 3.0, "countryCode": "CN" }, "geometry": { "type": "MultiPolygon", "coordinates": [ [ [ [ 111.740321926284963, 43.250017285384729 ], [ 112.91981143467909, 43.000788281442915 ], [ 113.338970770123666, 42.159403615671174 ], [ 112.621234519424178, 41.587036899530176 ], [ 111.480400479231363, 41.847059258060774 ], [ 111.021316750214382, 42.670052696653414 ], [ 111.740321926284963, 43.250017285384729 ] ] ] ] } },
{ "type": "Feature", "properties": { "geogrid_id": "742552720124985670", "seqnum": 9594.0, "lat_c": 42.552720022522102, "lon_c": 124.98566987235213, "res": 7.0, "count_Flowering Plants": 6, "count_Insects": 20, "count_Sac Fungi": 0, "count_Reptiles": 5, "count_Molluscs": 0, "count_Birds": 13, "count_Ferns": 1, "count_Mammals": 1, "count_Arachnids": 1, "count_Amphibians": 4, "count_Basidiomycota": 1, "count_Mosses": 0, "count_Gymnosperms": 0, "unique_species_count": 52.0, "countryCode": "CN" }, "geometry": { "type": "MultiPolygon", "coordinates": [ [ [ [ 124.751487459681726, 43.434690165275157 ], [ 125.828283405043393, 43.051284700439076 ], [ 126.045688867294373, 42.166189408760971 ], [ 125.219206474747338, 41.667993910907676 ], [ 124.160933766756116, 42.047960486267861 ], [ 123.91133617223079, 42.929284497034395 ], [ 124.751487459681726, 43.434690165275157 ] ] ] ] } },
{ "type": "Feature", "properties": { "geogrid_id": "742657997126890225", "seqnum": 9649.0, "lat_c": 42.657997167156417, "lon_c": 126.89022520741824, "res": 7.0, "count_Flowering Plants": 29, "count_Insects": 31, "count_Sac Fungi": 0, "count_Reptiles": 1, "count_Molluscs": 0, "count_Birds": 14, "count_Ferns": 0, "count_Mammals": 2, "count_Arachnids": 1, "count_Amphibians": 8, "count_Basidiomycota": 1, "count_Mosses": 0, "count_Gymnosperms": 2, "unique_species_count": 89.0, "countryCode": "CN" }, "geometry": { "type": "MultiPolygon", "coordinates": [ [ [ [ 126.688979528833215, 43.54323355641489 ], [ 127.752979359089096, 43.142973353808891 ], [ 127.937456865127416, 42.255092192930427 ], [ 127.091540259591156, 41.769945128373536 ], [ 126.045688867294373, 42.166189408760971 ], [ 125.828283405043393, 43.051284700439076 ], [ 126.688979528833215, 43.54323355641489 ] ] ] ] } },
{ "type": "Feature", "properties": { "geogrid_id": "742728339088428340", "seqnum": 8236.0, "lat_c": 42.728338582162486, "lon_c": 88.428340140684512, "res": 7.0, "count_Flowering Plants": 37, "count_Insects": 7, "count_Sac Fungi": 0, "count_Reptiles": 3, "count_Molluscs": 0, "count_Birds": 12, "count_Ferns": 0, "count_Mammals": 2, "count_Arachnids": 0, "count_Amphibians": 0, "count_Basidiomycota": 0, "count_Mosses": 0, "count_Gymnosperms": 0, "unique_species_count": 61.0, "countryCode": "CN" }, "geometry": { "type": "MultiPolygon", "coordinates": [ [ [ [ 88.837931170420291, 43.572448679244623 ], [ 89.580188567435968, 43.000788286713288 ], [ 89.161029231975604, 42.159403620912173 ], [ 88.026432132864869, 41.881292104569404 ], [ 87.288689080111723, 42.44394653134848 ], [ 87.680279244638484, 43.293574936144879 ], [ 88.837931170420291, 43.572448679244623 ] ] ] ] } },
{ "type": "Feature", "properties": { "geogrid_id": "742728339114071660", "seqnum": 9296.0, "lat_c": 42.728338576891431, "lon_c": 114.0716598613902, "res": 7.0, "count_Flowering Plants": 1, "count_Insects": 1, "count_Sac Fungi": 0, "count_Reptiles": 1, "count_Molluscs": 0, "count_Birds": 13, "count_Ferns": 0, "count_Mammals": 0, "count_Arachnids": 0, "count_Amphibians": 0, "count_Basidiomycota": 0, "count_Mosses": 0, "count_Gymnosperms": 0, "unique_species_count": 16.0, "countryCode": "CN" }, "geometry": { "type": "MultiPolygon", "coordinates": [ [ [ [ 113.66206883167132, 43.572448673943953 ], [ 114.819720757409371, 43.293574930843967 ], [ 115.211310921925417, 42.443946526077148 ], [ 114.473567869200252, 41.881292099327709 ], [ 113.338970770123666, 42.159403615671174 ], [ 112.91981143467909, 43.000788281442915 ], [ 113.66206883167132, 43.572448673943953 ] ] ] ] } },
{ "type": "Feature", "properties": { "geogrid_id": "742733187128801761", "seqnum": 9703.0, "lat_c": 42.733187135339946, "lon_c": 128.80176142418043, "res": 7.0, "count_Flowering Plants": 41, "count_Insects": 65, "count_Sac Fungi": 0, "count_Reptiles": 2, "count_Molluscs": 4, "count_Birds": 43, "count_Ferns": 1, "count_Mammals": 1, "count_Arachnids": 1, "count_Amphibians": 7, "count_Basidiomycota": 22, "count_Mosses": 1, "count_Gymnosperms": 3, "unique_species_count": 191.0, "countryCode": "CN" }, "geometry": { "type": "MultiPolygon", "coordinates": [ [ [ [ 128.634088861199871, 43.620668432374771 ], [ 129.684542540801829, 43.20375495129349 ], [ 129.835498282289507, 42.314142776042047 ], [ 128.970149203603341, 41.84282581199718 ], [ 127.937456865127416, 42.255092192930427 ], [ 127.752979359089096, 43.142973353808891 ], [ 128.634088861199871, 43.620668432374771 ] ] ] ] } },
{ "type": "Feature", "properties": { "geogrid_id": "742777676130719486", "seqnum": 9757.0, "lat_c": 42.777676353355346, "lon_c": 130.7194858295683, "res": 7.0, "count_Flowering Plants": 28, "count_Insects": 186, "count_Sac Fungi": 0, "count_Reptiles": 5, "count_Molluscs": 2, "count_Birds": 70, "count_Ferns": 0, "count_Mammals": 8, "count_Arachnids": 2, "count_Amphibians": 7, "count_Basidiomycota": 2, "count_Mosses": 0, "count_Gymnosperms": 1, "unique_species_count": 311.0, "countryCode": "CN" }, "geometry": { "type": "MultiPolygon", "coordinates": [ [ [ [ 130.585855070697249, 43.666316740270588 ], [ 131.622108039049749, 43.232919127473338 ], [ 131.739121695145514, 42.342702508264104 ], [ 130.854384616335523, 41.886099778378764 ], [ 129.835498282289507, 42.314142776042047 ], [ 129.684542540801829, 43.20375495129349 ], [ 130.585855070697249, 43.666316740270588 ] ] ] ] } },
{ "type": "Feature", "properties": { "geogrid_id": "743002761086535384", "seqnum": 8182.0, "lat_c": 43.002761134078902, "lon_c": 86.53538434735124, "res": 7.0, "count_Flowering Plants": 38, "count_Insects": 9, "count_Sac Fungi": 0, "count_Reptiles": 0, "count_Molluscs": 0, "count_Birds": 64, "count_Ferns": 0, "count_Mammals": 7, "count_Arachnids": 0, "count_Amphibians": 0, "count_Basidiomycota": 0, "count_Mosses": 0, "count_Gymnosperms": 1, "unique_species_count": 119.0, "countryCode": "CN" }, "geometry": { "type": "MultiPolygon", "coordinates": [ [ [ [ 86.9164218574589, 43.854837331888689 ], [ 87.680279244638484, 43.293574936144879 ], [ 87.288689080111723, 42.44394653134848 ], [ 86.161309731981959, 42.147863982413021 ], [ 85.403326984696079, 42.700269107312394 ], [ 85.766112039580179, 43.557447546006863 ], [ 86.9164218574589, 43.854837331888689 ] ] ] ] } },
{ "type": "Feature", "properties": { "geogrid_id": "743002761115964616", "seqnum": 9350.0, "lat_c": 43.002761128778197, "lon_c": 115.96461565465566, "res": 7.0, "count_Flowering Plants": 27, "count_Insects": 19, "count_Sac Fungi": 0, "count_Reptiles": 0, "count_Molluscs": 0, "count_Birds": 29, "count_Ferns": 0, "count_Mammals": 6, "count_Arachnids": 0, "count_Amphibians": 1, "count_Basidiomycota": 0, "count_Mosses": 0, "count_Gymnosperms": 0, "unique_species_count": 82.0, "countryCode": "CN" }, "geometry": { "type": "MultiPolygon", "coordinates": [ [ [ [ 115.583578144559567, 43.854837326558112 ], [ 116.733887962394036, 43.557447540677032 ], [ 117.096673017272792, 42.700269102012292 ], [ 116.338690270020493, 42.147863977141782 ], [ 115.211310921925417, 42.443946526077148 ], [ 114.819720757409371, 43.293574930843967 ], [ 115.583578144559567, 43.854837326558112 ] ] ] ] } },
{ "type": "Feature", "properties": { "geogrid_id": "743133460093855443", "seqnum": 8837.0, "lat_c": 43.133460242495175, "lon_c": 93.855443092034236, "res": 7.0, "count_Flowering Plants": 5, "count_Insects": 5, "count_Sac Fungi": 0, "count_Reptiles": 0, "count_Molluscs": 0, "count_Birds": 19, "count_Ferns": 0, "count_Mammals": 0, "count_Arachnids": 0, "count_Amphibians": 0, "count_Basidiomycota": 0, "count_Mosses": 0, "count_Gymnosperms": 0, "unique_species_count": 29.0, "countryCode": "CN" }, "geometry": { "type": "MultiPolygon", "coordinates": [ [ [ [ 93.153887333603947, 43.720986239068345 ], [ 94.368350925718772, 43.944639558522148 ], [ 95.060551896502048, 43.354503630014911 ], [ 94.542275302323418, 42.544003365285079 ], [ 93.357189100163751, 42.319184356435031 ], [ 92.6614497265426, 42.905702071123308 ], [ 93.153887333603947, 43.720986239068345 ] ] ] ] } },
{ "type": "Feature", "properties": { "geogrid_id": "743248395084629206", "seqnum": 8128.0, "lat_c": 43.248394711973013, "lon_c": 84.629205627715621, "res": 7.0, "count_Flowering Plants": 71, "count_Insects": 15, "count_Sac Fungi": 1, "count_Reptiles": 0, "count_Molluscs": 1, "count_Birds": 31, "count_Ferns": 0, "count_Mammals": 18, "count_Arachnids": 0, "count_Amphibians": 0, "count_Basidiomycota": 0, "count_Mosses": 0, "count_Gymnosperms": 1, "unique_species_count": 138.0, "countryCode": "CN" }, "geometry": { "type": "MultiPolygon", "coordinates": [ [ [ [ 84.980463592241051, 44.107708749952586 ], [ 85.766112039580179, 43.557447546006863 ], [ 85.403326984696079, 42.700269107312394 ], [ 84.284151235932001, 42.386357235464232 ], [ 83.505750351654356, 42.927947577528201 ], [ 83.838559231408013, 43.791930028487386 ], [ 84.980463592241051, 44.107708749952586 ] ] ] ] } },
{ "type": "Feature", "properties": { "geogrid_id": "743248395117870794", "seqnum": 9405.0, "lat_c": 43.248394706644369, "lon_c": 117.87079437421731, "res": 7.0, "count_Flowering Plants": 21, "count_Insects": 5, "count_Sac Fungi": 0, "count_Reptiles": 1, "count_Molluscs": 0, "count_Birds": 13, "count_Ferns": 0, "count_Mammals": 2, "count_Arachnids": 0, "count_Amphibians": 0, "count_Basidiomycota": 0, "count_Mosses": 0, "count_Gymnosperms": 0, "unique_species_count": 42.0, "countryCode": "CN" }, "geometry": { "type": "MultiPolygon", "coordinates": [ [ [ [ 117.519536409697835, 44.107708744593886 ], [ 118.661440770486436, 43.791930023130512 ], [ 118.994249650240377, 42.927947572201113 ], [ 118.215848766001898, 42.386357230165068 ], [ 117.096673017272792, 42.700269102012292 ], [ 116.733887962394036, 43.557447540677032 ], [ 117.519536409697835, 44.107708744593886 ] ] ] ] } },
{ "type": "Feature", "properties": { "geogrid_id": "743464785082710673", "seqnum": 8073.0, "lat_c": 43.464784940630295, "lon_c": 82.710672802931811, "res": 7.0, "count_Flowering Plants": 111, "count_Insects": 47, "count_Sac Fungi": 5, "count_Reptiles": 5, "count_Molluscs": 1, "count_Birds": 57, "count_Ferns": 1, "count_Mammals": 11, "count_Arachnids": 5, "count_Amphibians": 1, "count_Basidiomycota": 4, "count_Mosses": 0, "count_Gymnosperms": 1, "unique_species_count": 249.0, "countryCode": "CN" }, "geometry": { "type": "MultiPolygon", "coordinates": [ [ [ [ 83.031002307844105, 44.330555631878177 ], [ 83.838559231408013, 43.791930028487386 ], [ 83.505750351654356, 42.927947577528201 ], [ 82.395758601809789, 42.596370567131629 ], [ 81.596817549813522, 43.126548562719215 ], [ 81.898558911023258, 43.996535333843447 ], [ 83.031002307844105, 44.330555631878177 ] ] ] ] } },
{ "type": "Feature", "properties": { "geogrid_id": "743464785119789327", "seqnum": 9459.0, "lat_c": 43.464784935275645, "lon_c": 119.78932719892133, "res": 7.0, "count_Flowering Plants": 3, "count_Insects": 6, "count_Sac Fungi": 0, "count_Reptiles": 0, "count_Molluscs": 0, "count_Birds": 12, "count_Ferns": 0, "count_Mammals": 1, "count_Arachnids": 0, "count_Amphibians": 1, "count_Basidiomycota": 0, "count_Mosses": 0, "count_Gymnosperms": 0, "unique_species_count": 23.0, "countryCode": "CN" }, "geometry": { "type": "MultiPolygon", "coordinates": [ [ [ [ 119.46899769400909, 44.330555626493378 ], [ 120.601441090785642, 43.996535328461604 ], [ 120.903182452001502, 43.12654855736713 ], [ 120.104241400049915, 42.596370561806395 ], [ 118.994249650240377, 42.927947572201113 ], [ 118.661440770486436, 43.791930023130512 ], [ 119.46899769400909, 44.330555626493378 ] ] ] ] } },
{ "type": "Feature", "properties": { "geogrid_id": "743489801091950955", "seqnum": 8810.0, "lat_c": 43.489801333305898, "lon_c": 91.950955390106841, "res": 7.0, "count_Flowering Plants": 5, "count_Insects": 0, "count_Sac Fungi": 1, "count_Reptiles": 0, "count_Molluscs": 0, "count_Birds": 2, "count_Ferns": 0, "count_Mammals": 0, "count_Arachnids": 0, "count_Amphibians": 0, "count_Basidiomycota": 0, "count_Mosses": 0, "count_Gymnosperms": 0, "unique_species_count": 8.0, "countryCode": "CN" }, "geometry": { "type": "MultiPolygon", "coordinates": [ [ [ [ 91.225239307741646, 44.071224122350863 ], [ 92.437127261640228, 44.306321726940105 ], [ 93.153887333603947, 43.720986239068345 ], [ 92.6614497265426, 42.905702071123308 ], [ 91.478683250313537, 42.6700526946533 ], [ 90.759678074296602, 43.250017283421023 ], [ 91.225239307741646, 44.071224122350863 ] ] ] ] } },
{ "type": "Feature", "properties": { "geogrid_id": "743651464080780708", "seqnum": 8019.0, "lat_c": 43.651463841869585, "lon_c": 80.780708459615298, "res": 7.0, "count_Flowering Plants": 67, "count_Insects": 76, "count_Sac Fungi": 0, "count_Reptiles": 10, "count_Molluscs": 0, "count_Birds": 56, "count_Ferns": 0, "count_Mammals": 6, "count_Arachnids": 4, "count_Amphibians": 2, "count_Basidiomycota": 0, "count_Mosses": 0, "count_Gymnosperms": 1, "unique_species_count": 222.0, "countryCode": "CN" }, "geometry": { "type": "MultiPolygon", "coordinates": [ [ [ [ 81.069054138230584, 44.522856286884874 ], [ 81.898558911023258, 43.996535333843447 ], [ 81.596817549813522, 43.126548562719215 ], [ 80.496973011170965, 42.77749086356247 ], [ 79.67742819735092, 43.295621905491025 ], [ 79.947106684662657, 44.170758454644243 ], [ 81.069054138230584, 44.522856286884874 ] ] ] ] } },
{ "type": "Feature", "properties": { "geogrid_id": "743651464121719292", "seqnum": 9513.0, "lat_c": 43.651463836491089, "lon_c": 121.71929154215256, "res": 7.0, "count_Flowering Plants": 4, "count_Insects": 2, "count_Sac Fungi": 0, "count_Reptiles": 1, "count_Molluscs": 0, "count_Birds": 38, "count_Ferns": 0, "count_Mammals": 1, "count_Arachnids": 0, "count_Amphibians": 2, "count_Basidiomycota": 0, "count_Mosses": 0, "count_Gymnosperms": 0, "unique_species_count": 48.0, "countryCode": "CN" }, "geometry": { "type": "MultiPolygon", "coordinates": [ [ [ [ 121.430945863531207, 44.522856281476194 ], [ 122.552893317055307, 44.170758449239742 ], [ 122.822571804379209, 43.295621900116188 ], [ 122.003026990609243, 42.777490858213241 ], [ 120.903182452001502, 43.12654855736713 ], [ 120.601441090785642, 43.996535328461604 ], [ 121.430945863531207, 44.522856281476194 ] ] ] ] } },
{ "type": "Feature", "properties": { "geogrid_id": "743807941123659720", "seqnum": 9568.0, "lat_c": 43.807941197639835, "lon_c": 123.65972045809905, "res": 7.0, "count_Flowering Plants": 15, "count_Insects": 7, "count_Sac Fungi": 0, "count_Reptiles": 2, "count_Molluscs": 1, "count_Birds": 6, "count_Ferns": 0, "count_Mammals": 0, "count_Arachnids": 0, "count_Amphibians": 4, "count_Basidiomycota": 1, "count_Mosses": 0, "count_Gymnosperms": 0, "unique_species_count": 36.0, "countryCode": "CN" }, "geometry": { "type": "MultiPolygon", "coordinates": [ [ [ [ 123.404302471372162, 44.684066375733018 ], [ 124.514753152051924, 44.314066219876864 ], [ 124.751487459681726, 43.434690165275157 ], [ 123.91133617223079, 42.929284497034395 ], [ 122.822571804379209, 43.295621900116188 ], [ 122.552893317055307, 44.170758449239742 ], [ 123.404302471372162, 44.684066375733018 ] ] ] ] } },
{ "type": "Feature", "properties": { "geogrid_id": "743826852090025459", "seqnum": 8783.0, "lat_c": 43.82685186614939, "lon_c": 90.025459489270958, "res": 7.0, "count_Flowering Plants": 5, "count_Insects": 5, "count_Sac Fungi": 0, "count_Reptiles": 1, "count_Molluscs": 0, "count_Birds": 6, "count_Ferns": 0, "count_Mammals": 1, "count_Arachnids": 3, "count_Amphibians": 1, "count_Basidiomycota": 0, "count_Mosses": 0, "count_Gymnosperms": 0, "unique_species_count": 22.0, "countryCode": "CN" }, "geometry": { "type": "MultiPolygon", "coordinates": [ [ [ [ 89.275566725570002, 44.400291437260918 ], [ 90.483823550525742, 44.649703458393951 ], [ 91.225239307741646, 44.071224122350863 ], [ 90.759678074296602, 43.250017283421023 ], [ 89.580188569062472, 43.000788284695105 ], [ 88.837931172089995, 43.572448677244772 ], [ 89.275566725570002, 44.400291437260918 ] ] ] ] } },
{ "type": "Feature", "properties": { "geogrid_id": "743826852112474541", "seqnum": 9269.0, "lat_c": 43.826851868077199, "lon_c": 112.47454051136553, "res": 7.0, "count_Flowering Plants": 6, "count_Insects": 2, "count_Sac Fungi": 0, "count_Reptiles": 1, "count_Molluscs": 0, "count_Birds": 27, "count_Ferns": 0, "count_Mammals": 2, "count_Arachnids": 0, "count_Amphibians": 0, "count_Basidiomycota": 0, "count_Mosses": 0, "count_Gymnosperms": 0, "unique_species_count": 38.0, "countryCode": "CN" }, "geometry": { "type": "MultiPolygon", "coordinates": [ [ [ [ 112.016176450065032, 44.649703460272129 ], [ 113.224433275122706, 44.400291439153293 ], [ 113.66206883167132, 43.572448673943953 ], [ 112.91981143467909, 43.000788281442915 ], [ 111.740321926284963, 43.250017285384729 ], [ 111.274760692794416, 44.071224124265235 ], [ 112.016176450065032, 44.649703460272129 ] ] ] ] } },
{ "type": "Feature", "properties": { "geogrid_id": "743933692125609612", "seqnum": 9622.0, "lat_c": 43.933692118123922, "lon_c": 125.60961247543766, "res": 7.0, "count_Flowering Plants": 92, "count_Insects": 142, "count_Sac Fungi": 0, "count_Reptiles": 4, "count_Molluscs": 7, "count_Birds": 45, "count_Ferns": 1, "count_Mammals": 4, "count_Arachnids": 3, "count_Amphibians": 6, "count_Basidiomycota": 5, "count_Mosses": 0, "count_Gymnosperms": 0, "unique_species_count": 309.0, "countryCode": "CN" }, "geometry": { "type": "MultiPolygon", "coordinates": [ [ [ [ 125.387934696751145, 44.813607064870247 ], [ 126.485936246892336, 44.425882775415495 ], [ 126.688979528833215, 43.54323355641489 ], [ 125.828283405043393, 43.051284700439076 ], [ 124.751487459681726, 43.434690165275157 ], [ 124.514753152051924, 44.314066219876864 ], [ 125.387934696751145, 44.813607064870247 ] ] ] ] } },
{ "type": "Feature", "properties": { "geogrid_id": "744028139127567941", "seqnum": 9676.0, "lat_c": 44.028139306220503, "lon_c": 127.5679410213603, "res": 7.0, "count_Flowering Plants": 1, "count_Insects": 34, "count_Sac Fungi": 0, "count_Reptiles": 3, "count_Molluscs": 0, "count_Birds": 6, "count_Ferns": 0, "count_Mammals": 1, "count_Arachnids": 0, "count_Amphibians": 4, "count_Basidiomycota": 2, "count_Mosses": 0, "count_Gymnosperms": 0, "unique_species_count": 51.0, "countryCode": "CN" }, "geometry": { "type": "MultiPolygon", "coordinates": [ [ [ [ 127.380662341888467, 44.910848245723777 ], [ 128.465325459364834, 44.505569063836305 ], [ 128.634088861199871, 43.620668432374771 ], [ 127.752979359089096, 43.142973353808891 ], [ 126.688979528833215, 43.54323355641489 ], [ 126.485936246892336, 44.425882775415495 ], [ 127.380662341888467, 44.910848245723777 ] ] ] ] } },
{ "type": "Feature", "properties": { "geogrid_id": "744090628129533662", "seqnum": 9731.0, "lat_c": 44.090628064170019, "lon_c": 129.53366199363685, "res": 7.0, "count_Flowering Plants": 43, "count_Insects": 19, "count_Sac Fungi": 0, "count_Reptiles": 0, "count_Molluscs": 4, "count_Birds": 10, "count_Ferns": 0, "count_Mammals": 0, "count_Arachnids": 1, "count_Amphibians": 0, "count_Basidiomycota": 1, "count_Mosses": 0, "count_Gymnosperms": 1, "unique_species_count": 79.0, "countryCode": "CN" }, "geometry": { "type": "MultiPolygon", "coordinates": [ [ [ [ 129.381262268573835, 44.975085142235542 ], [ 130.45177473519928, 44.55239409996058 ], [ 130.585855070697249, 43.666316740270588 ], [ 129.684542540801829, 43.20375495129349 ], [ 128.634088861199871, 43.620668432374771 ], [ 128.465325459364834, 44.505569063836305 ], [ 129.381262268573835, 44.975085142235542 ] ] ] ] } },
{ "type": "Feature", "properties": { "geogrid_id": "744120391131505717", "seqnum": 9785.0, "lat_c": 44.120390924764486, "lon_c": 131.50571699724728, "res": 7.0, "count_Flowering Plants": 44, "count_Insects": 72, "count_Sac Fungi": 1, "count_Reptiles": 4, "count_Molluscs": 1, "count_Birds": 2, "count_Ferns": 1, "count_Mammals": 1, "count_Arachnids": 5, "count_Amphibians": 2, "count_Basidiomycota": 1, "count_Mosses": 0, "count_Gymnosperms": 0, "unique_species_count": 134.0, "countryCode": "CN" }, "geometry": { "type": "MultiPolygon", "coordinates": [ [ [ [ 131.388467633319891, 45.005505664291782 ], [ 132.444106259789834, 44.565494569280418 ], [ 132.543319084788862, 43.67936231670047 ], [ 131.622108039049749, 43.232919127473338 ], [ 130.585855070697249, 43.666316740270588 ], [ 130.45177473519928, 44.55239409996058 ], [ 131.388467633319891, 45.005505664291782 ] ] ] ] } },
{ "type": "Feature", "properties": { "geogrid_id": "744140292088080052", "seqnum": 8757.0, "lat_c": 44.140291870350509, "lon_c": 88.080051931988777, "res": 7.0, "count_Flowering Plants": 111, "count_Insects": 58, "count_Sac Fungi": 3, "count_Reptiles": 7, "count_Molluscs": 1, "count_Birds": 81, "count_Ferns": 2, "count_Mammals": 11, "count_Arachnids": 7, "count_Amphibians": 1, "count_Basidiomycota": 0, "count_Mosses": 0, "count_Gymnosperms": 2, "unique_species_count": 284.0, "countryCode": "CN" }, "geometry": { "type": "MultiPolygon", "coordinates": [ [ [ [ 87.306101609427841, 44.704046267001914 ], [ 88.509530231646366, 44.970062069948384 ], [ 89.275566725570002, 44.400291437260918 ], [ 88.837931172089995, 43.572448677244772 ], [ 87.680279244638484, 43.293574936144879 ], [ 86.9164218574589, 43.854837331888689 ], [ 87.306101609427841, 44.704046267001914 ] ] ] ] } },
{ "type": "Feature", "properties": { "geogrid_id": "744140292114419948", "seqnum": 9324.0, "lat_c": 44.140291867000961, "lon_c": 114.41994807179094, "res": 7.0, "count_Flowering Plants": 6, "count_Insects": 1, "count_Sac Fungi": 0, "count_Reptiles": 1, "count_Molluscs": 0, "count_Birds": 37, "count_Ferns": 0, "count_Mammals": 1, "count_Arachnids": 1, "count_Amphibians": 1, "count_Basidiomycota": 0, "count_Mosses": 0, "count_Gymnosperms": 0, "unique_species_count": 48.0, "countryCode": "CN" }, "geometry": { "type": "MultiPolygon", "coordinates": [ [ [ [ 113.990469769103882, 44.970062071805742 ], [ 115.193898394368745, 44.704046263603523 ], [ 115.583578144559567, 43.854837326558112 ], [ 114.819720757409371, 43.293574930843967 ], [ 113.66206883167132, 43.572448673943953 ], [ 113.224433275122706, 44.400291439153293 ], [ 113.990469769103882, 44.970062071805742 ] ] ] ] } },
{ "type": "Feature", "properties": { "geogrid_id": "744411842086136338", "seqnum": 8155.0, "lat_c": 44.411841760756502, "lon_c": 86.136338469077359, "res": 7.0, "count_Flowering Plants": 50, "count_Insects": 14, "count_Sac Fungi": 0, "count_Reptiles": 3, "count_Molluscs": 0, "count_Birds": 70, "count_Ferns": 0, "count_Mammals": 6, "count_Arachnids": 3, "count_Amphibians": 3, "count_Basidiomycota": 0, "count_Mosses": 0, "count_Gymnosperms": 1, "unique_species_count": 150.0, "countryCode": "CN" }, "geometry": { "type": "MultiPolygon", "coordinates": [ [ [ [ 86.515624931271049, 45.263431431839464 ], [ 87.306101607668126, 44.70404626896439 ], [ 86.9164218574589, 43.854837331888689 ], [ 85.766112039580179, 43.557447546006863 ], [ 84.980463592241051, 44.107708749952586 ], [ 85.339595791220333, 44.964295410946448 ], [ 86.515624931271049, 45.263431431839464 ] ] ] ] } },
{ "type": "Feature", "properties": { "geogrid_id": "744411842116363662", "seqnum": 9378.0, "lat_c": 44.411841755396459, "lon_c": 116.36366153290902, "res": 7.0, "count_Flowering Plants": 6, "count_Insects": 1, "count_Sac Fungi": 0, "count_Reptiles": 0, "count_Molluscs": 0, "count_Birds": 4, "count_Ferns": 0, "count_Mammals": 0, "count_Arachnids": 0, "count_Amphibians": 1, "count_Basidiomycota": 0, "count_Mosses": 0, "count_Gymnosperms": 0, "unique_species_count": 12.0, "countryCode": "CN" }, "geometry": { "type": "MultiPolygon", "coordinates": [ [ [ [ 115.984375070734103, 45.263431426448719 ], [ 117.160404210731045, 44.964295405557131 ], [ 117.519536409697835, 44.107708744593886 ], [ 116.733887962394036, 43.557447540677032 ], [ 115.583578144559567, 43.854837326558112 ], [ 115.193898394368745, 44.704046263603523 ], [ 115.984375070734103, 45.263431426448719 ] ] ] ] } },
{ "type": "Feature", "properties": { "geogrid_id": "744533107093660989", "seqnum": 8864.0, "lat_c": 44.533107034644793, "lon_c": 93.660988753119184, "res": 7.0, "count_Flowering Plants": 10, "count_Insects": 0, "count_Sac Fungi": 0, "count_Reptiles": 0, "count_Molluscs": 0, "count_Birds": 4, "count_Ferns": 0, "count_Mammals": 0, "count_Arachnids": 0, "count_Amphibians": 0, "count_Basidiomycota": 0, "count_Mosses": 0, "count_Gymnosperms": 0, "unique_species_count": 14.0, "countryCode": "CN" }, "geometry": { "type": "MultiPolygon", "coordinates": [ [ [ [ 92.937957622635565, 45.119635418257992 ], [ 94.183554211466259, 45.34211642510418 ], [ 94.896702127794953, 44.752800457682163 ], [ 94.368350925718772, 43.944639558522148 ], [ 93.153887333603947, 43.720986239068345 ], [ 92.437127261640228, 44.306321726940105 ], [ 92.937957622635565, 45.119635418257992 ] ] ] ] } },
{ "type": "Feature", "properties": { "geogrid_id": "744653239084178029", "seqnum": 8101.0, "lat_c": 44.653238987413651, "lon_c": 84.17802898437877, "res": 7.0, "count_Flowering Plants": 13, "count_Insects": 16, "count_Sac Fungi": 0, "count_Reptiles": 3, "count_Molluscs": 0, "count_Birds": 28, "count_Ferns": 0, "count_Mammals": 2, "count_Arachnids": 0, "count_Amphibians": 1, "count_Basidiomycota": 0, "count_Mosses": 0, "count_Gymnosperms": 0, "unique_species_count": 63.0, "countryCode": "CN" }, "geometry": { "type": "MultiPolygon", "coordinates": [ [ [ [ 84.525757963787285, 45.511896538695673 ], [ 85.339595791220333, 44.964295410946448 ], [ 84.980463592241051, 44.107708749952586 ], [ 83.838559231408013, 43.791930028487386 ], [ 83.031002307844105, 44.330555631878177 ], [ 83.35839811768497, 45.193723689860555 ], [ 84.525757963787285, 45.511896538695673 ] ] ] ] } },
{ "type": "Feature", "properties": { "geogrid_id": "744653239118321971", "seqnum": 9432.0, "lat_c": 44.653238982026338, "lon_c": 118.32197101752195, "res": 7.0, "count_Flowering Plants": 2, "count_Insects": 2, "count_Sac Fungi": 0, "count_Reptiles": 0, "count_Molluscs": 0, "count_Birds": 15, "count_Ferns": 0, "count_Mammals": 0, "count_Arachnids": 0, "count_Amphibians": 0, "count_Basidiomycota": 0, "count_Mosses": 0, "count_Gymnosperms": 0, "unique_species_count": 19.0, "countryCode": "CN" }, "geometry": { "type": "MultiPolygon", "coordinates": [ [ [ [ 117.974242038125936, 45.51189653327728 ], [ 119.141601884174477, 45.193723684444876 ], [ 119.46899769400909, 44.330555626493378 ], [ 118.661440770486436, 43.791930023130512 ], [ 117.519536409697835, 44.107708744593886 ], [ 117.160404210731045, 44.964295405557131 ], [ 117.974242038125936, 45.51189653327728 ] ] ] ] } },
{ "type": "Feature", "properties": { "geogrid_id": "744863943082206152", "seqnum": 8047.0, "lat_c": 44.863943438559808, "lon_c": 82.206151857819847, "res": 7.0, "count_Flowering Plants": 49, "count_Insects": 17, "count_Sac Fungi": 0, "count_Reptiles": 0, "count_Molluscs": 0, "count_Birds": 23, "count_Ferns": 0, "count_Mammals": 3, "count_Arachnids": 1, "count_Amphibians": 1, "count_Basidiomycota": 0, "count_Mosses": 0, "count_Gymnosperms": 1, "unique_species_count": 95.0, "countryCode": "CN" }, "geometry": { "type": "MultiPolygon", "coordinates": [ [ [ [ 82.521162374472652, 45.728839436077749 ], [ 83.35839811768497, 45.193723689860555 ], [ 83.031002307844105, 44.330555631878177 ], [ 81.898558911023258, 43.996535333843447 ], [ 81.069054138230584, 44.522856286884874 ], [ 81.363629098471947, 45.391756736909699 ], [ 82.521162374472652, 45.728839436077749 ] ] ] ] } },
{ "type": "Feature", "properties": { "geogrid_id": "744863943120293848", "seqnum": 9487.0, "lat_c": 44.863943433147377, "lon_c": 120.29384814398912, "res": 7.0, "count_Flowering Plants": 0, "count_Insects": 5, "count_Sac Fungi": 0, "count_Reptiles": 1, "count_Molluscs": 0, "count_Birds": 12, "count_Ferns": 0, "count_Mammals": 2, "count_Arachnids": 0, "count_Amphibians": 1, "count_Basidiomycota": 0, "count_Mosses": 0, "count_Gymnosperms": 0, "unique_species_count": 21.0, "countryCode": "CN" }, "geometry": { "type": "MultiPolygon", "coordinates": [ [ [ [ 119.978837627342244, 45.728839430633947 ], [ 121.136370903289588, 45.391756731469954 ], [ 121.430945863531207, 44.522856281476194 ], [ 120.601441090785642, 43.996535328461604 ], [ 119.46899769400909, 44.330555626493378 ], [ 119.141601884174477, 45.193723684444876 ], [ 119.978837627342244, 45.728839430633947 ] ] ] ] } },
{ "type": "Feature", "properties": { "geogrid_id": "744889198091704669", "seqnum": 8838.0, "lat_c": 44.889197838782103, "lon_c": 91.704669232632099, "res": 7.0, "count_Flowering Plants": 3, "count_Insects": 0, "count_Sac Fungi": 0, "count_Reptiles": 0, "count_Molluscs": 0, "count_Birds": 0, "count_Ferns": 0, "count_Mammals": 0, "count_Arachnids": 0, "count_Amphibians": 0, "count_Basidiomycota": 0, "count_Mosses": 0, "count_Gymnosperms": 0, "unique_species_count": 3.0, "countryCode": "CN" }, "geometry": { "type": "MultiPolygon", "coordinates": [ [ [ [ 90.956007060494088, 45.469336209652887 ], [ 92.198735392069608, 45.703944247976111 ], [ 92.937957622635565, 45.119635418257992 ], [ 92.437127261640228, 44.306321726940105 ], [ 91.225239307741646, 44.071224122350863 ], [ 90.483823550525742, 44.649703458393951 ], [ 90.956007060494088, 45.469336209652887 ] ] ] ] } },
{ "type": "Feature", "properties": { "geogrid_id": "744889198110795331", "seqnum": 9243.0, "lat_c": 44.889197840647618, "lon_c": 110.79533076785643, "res": 7.0, "count_Flowering Plants": 0, "count_Insects": 0, "count_Sac Fungi": 0, "count_Reptiles": 0, "count_Molluscs": 0, "count_Birds": 2, "count_Ferns": 0, "count_Mammals": 0, "count_Arachnids": 0, "count_Amphibians": 0, "count_Basidiomycota": 0, "count_Mosses": 0, "count_Gymnosperms": 0, "unique_species_count": 2.0, "countryCode": "CN" }, "geometry": { "type": "MultiPolygon", "coordinates": [ [ [ [ 110.301264608369308, 45.703944249793317 ], [ 111.543992940048923, 45.46933621148181 ], [ 112.016176450065032, 44.649703460272129 ], [ 111.274760692794416, 44.071224124265235 ], [ 110.062872738795193, 44.306321728842896 ], [ 109.562042377750572, 45.119635420113113 ], [ 110.301264608369308, 45.703944249793317 ] ] ] ] } },
{ "type": "Feature", "properties": { "geogrid_id": "745043397080221811", "seqnum": 7992.0, "lat_c": 45.043396962437889, "lon_c": 80.221810979298027, "res": 7.0, "count_Flowering Plants": 11, "count_Insects": 4, "count_Sac Fungi": 0, "count_Reptiles": 0, "count_Molluscs": 0, "count_Birds": 6, "count_Ferns": 1, "count_Mammals": 1, "count_Arachnids": 0, "count_Amphibians": 0, "count_Basidiomycota": 0, "count_Mosses": 0, "count_Gymnosperms": 0, "unique_species_count": 23.0, "countryCode": "CN" }, "geometry": { "type": "MultiPolygon", "coordinates": [ [ [ [ 80.503061382490714, 45.913650254428966 ], [ 81.363629098471947, 45.391756736909699 ], [ 81.069054138230584, 44.522856286884874 ], [ 79.947106684662657, 44.170758454644243 ], [ 79.095697530293009, 44.68406638116312 ], [ 79.356491041772259, 45.557798311612025 ], [ 80.503061382490714, 45.913650254428966 ] ] ] ] } },
{ "type": "Feature", "properties": { "geogrid_id": "745043397122278189", "seqnum": 9541.0, "lat_c": 45.043396957002734, "lon_c": 122.27818902241361, "res": 7.0, "count_Flowering Plants": 29, "count_Insects": 7, "count_Sac Fungi": 0, "count_Reptiles": 0, "count_Molluscs": 0, "count_Birds": 49, "count_Ferns": 0, "count_Mammals": 1, "count_Arachnids": 0, "count_Amphibians": 1, "count_Basidiomycota": 0, "count_Mosses": 0, "count_Gymnosperms": 1, "unique_species_count": 88.0, "countryCode": "CN" }, "geometry": { "type": "MultiPolygon", "coordinates": [ [ [ [ 121.996938619219989, 45.91365024896222 ], [ 123.143508959885935, 45.557798306150758 ], [ 123.404302471372162, 44.684066375733018 ], [ 122.552893317055307, 44.170758449239742 ], [ 121.430945863531207, 44.522856281476194 ], [ 121.136370903289588, 45.391756731469954 ], [ 121.996938619219989, 45.91365024896222 ] ] ] ] } },
{ "type": "Feature", "properties": { "geogrid_id": "745191014124273822", "seqnum": 9595.0, "lat_c": 45.191013780369225, "lon_c": 124.27382151344855, "res": 7.0, "count_Flowering Plants": 7, "count_Insects": 6, "count_Sac Fungi": 0, "count_Reptiles": 0, "count_Molluscs": 0, "count_Birds": 7, "count_Ferns": 0, "count_Mammals": 0, "count_Arachnids": 0, "count_Amphibians": 1, "count_Basidiomycota": 0, "count_Mosses": 0, "count_Gymnosperms": 0, "unique_species_count": 21.0, "countryCode": "CN" }, "geometry": { "type": "MultiPolygon", "coordinates": [ [ [ [ 124.027232678712906, 46.065693272004779 ], [ 125.161738342409606, 45.691219321017584 ], [ 125.387934696751145, 44.813607064870247 ], [ 124.514753152051924, 44.314066219876864 ], [ 123.404302471372162, 44.684066375733018 ], [ 123.143508959885935, 45.557798306150758 ], [ 124.027232678712906, 46.065693272004779 ] ] ] ] } },
{ "type": "Feature", "properties": { "geogrid_id": "745224963089726220", "seqnum": 8811.0, "lat_c": 45.224963159695392, "lon_c": 89.726219522201504, "res": 7.0, "count_Flowering Plants": 4, "count_Insects": 1, "count_Sac Fungi": 0, "count_Reptiles": 0, "count_Molluscs": 0, "count_Birds": 2, "count_Ferns": 0, "count_Mammals": 0, "count_Arachnids": 0, "count_Amphibians": 0, "count_Basidiomycota": 0, "count_Mosses": 0, "count_Gymnosperms": 0, "unique_species_count": 7.0, "countryCode": "CN" }, "geometry": { "type": "MultiPolygon", "coordinates": [ [ [ [ 88.951928568796149, 45.796717603458617 ], [ 90.190622476171342, 46.04644871968042 ], [ 90.956007060494088, 45.469336209652887 ], [ 90.483823550525742, 44.649703458393951 ], [ 89.275566725570002, 44.400291437260918 ], [ 88.509530231646366, 44.970062069948384 ], [ 88.951928568796149, 45.796717603458617 ] ] ] ] } },
{ "type": "Feature", "properties": { "geogrid_id": "745306167126279512", "seqnum": 9650.0, "lat_c": 45.306166887524725, "lon_c": 126.27951195260854, "res": 7.0, "count_Flowering Plants": 79, "count_Insects": 76, "count_Sac Fungi": 1, "count_Reptiles": 0, "count_Molluscs": 3, "count_Birds": 113, "count_Ferns": 0, "count_Mammals": 6, "count_Arachnids": 7, "count_Amphibians": 6, "count_Basidiomycota": 3, "count_Mosses": 0, "count_Gymnosperms": 0, "unique_species_count": 294.0, "countryCode": "CN" }, "geometry": { "type": "MultiPolygon", "coordinates": [ [ [ [ 126.068323634245971, 46.184294518337474 ], [ 127.189711093354589, 45.79134239462352 ], [ 127.380662341888467, 44.910848245723777 ], [ 126.485936246892336, 44.425882775415495 ], [ 125.387934696751145, 44.813607064870247 ], [ 125.161738342409606, 45.691219321017584 ], [ 126.068323634245971, 46.184294518337474 ] ] ] ] } },
{ "type": "Feature", "properties": { "geogrid_id": "745388169128293970", "seqnum": 9704.0, "lat_c": 45.388168963670495, "lon_c": 128.29397002031595, "res": 7.0, "count_Flowering Plants": 39, "count_Insects": 85, "count_Sac Fungi": 0, "count_Reptiles": 5, "count_Molluscs": 0, "count_Birds": 33, "count_Ferns": 2, "count_Mammals": 3, "count_Arachnids": 0, "count_Amphibians": 5, "count_Basidiomycota": 0, "count_Mosses": 1, "count_Gymnosperms": 0, "unique_species_count": 173.0, "countryCode": "CN" }, "geometry": { "type": "MultiPolygon", "coordinates": [ [ [ [ 128.118734697427158, 46.268724411897402 ], [ 129.226011236705773, 45.85742040597777 ], [ 129.381262268573835, 44.975085142235542 ], [ 128.465325459364834, 44.505569063836305 ], [ 127.380662341888467, 44.910848245723777 ], [ 127.189711093354589, 45.79134239462352 ], [ 128.118734697427158, 46.268724411897402 ] ] ] ] } },
{ "type": "Feature", "properties": { "geogrid_id": "745426860134376159", "seqnum": 9867.0, "lat_c": 45.42686031633157, "lon_c": 134.37615922014186, "res": 7.0, "count_Flowering Plants": 1, "count_Insects": 31, "count_Sac Fungi": 0, "count_Reptiles": 0, "count_Molluscs": 3, "count_Birds": 1, "count_Ferns": 0, "count_Mammals": 0, "count_Arachnids": 0, "count_Amphibians": 3, "count_Basidiomycota": 0, "count_Mosses": 0, "count_Gymnosperms": 0, "unique_species_count": 39.0, "countryCode": "CN" }, "geometry": { "type": "MultiPolygon", "coordinates": [ [ [ [ 134.309833987172937, 46.308289297674243 ], [ 135.369550020986566, 45.842163013891657 ], [ 135.417329992088753, 44.960820471243352 ], [ 134.44109517394952, 44.543817710504115 ], [ 133.400957565386335, 45.001144798939805 ], [ 133.317559733141849, 45.883915412531429 ], [ 134.309833987172937, 46.308289297674243 ] ] ] ] } },
{ "type": "Feature", "properties": { "geogrid_id": "745436246130315850", "seqnum": 9758.0, "lat_c": 45.436245939719861, "lon_c": 130.31584965217542, "res": 7.0, "count_Flowering Plants": 52, "count_Insects": 28, "count_Sac Fungi": 0, "count_Reptiles": 0, "count_Molluscs": 1, "count_Birds": 7, "count_Ferns": 0, "count_Mammals": 1, "count_Arachnids": 1, "count_Amphibians": 4, "count_Basidiomycota": 0, "count_Mosses": 0, "count_Gymnosperms": 1, "unique_species_count": 95.0, "countryCode": "CN" }, "geometry": { "type": "MultiPolygon", "coordinates": [ [ [ [ 130.17690750652875, 46.318173890414087 ], [ 131.26915141618187, 45.888606914946685 ], [ 131.388467633319891, 45.005505664291782 ], [ 130.45177473519928, 44.55239409996058 ], [ 129.381262268573835, 44.975085142235542 ], [ 129.226011236705773, 45.85742040597777 ], [ 130.17690750652875, 46.318173890414087 ] ] ] ] } },
{ "type": "Feature", "properties": { "geogrid_id": "745449500132343743", "seqnum": 9813.0, "lat_c": 45.449500334106567, "lon_c": 132.34374261000639, "res": 7.0, "count_Flowering Plants": 52, "count_Insects": 0, "count_Sac Fungi": 0, "count_Reptiles": 0, "count_Molluscs": 0, "count_Birds": 7, "count_Ferns": 1, "count_Mammals": 0, "count_Arachnids": 0, "count_Amphibians": 3, "count_Basidiomycota": 0, "count_Mosses": 0, "count_Gymnosperms": 2, "unique_species_count": 65.0, "countryCode": "CN" }, "geometry": { "type": "MultiPolygon", "coordinates": [ [ [ [ 132.241193714469176, 46.331721653186776 ], [ 133.317559733141849, 45.883915412531429 ], [ 133.400957565386335, 45.001144798939805 ], [ 132.444106259789834, 44.565494569280418 ], [ 131.388467633319891, 45.005505664291782 ], [ 131.26915141618187, 45.888606914946685 ], [ 132.241193714469176, 46.331721653186776 ] ] ] ] } },
{ "type": "Feature", "properties": { "geogrid_id": "745535881087726872", "seqnum": 8784.0, "lat_c": 45.535880698197722, "lon_c": 87.726872422414829, "res": 7.0, "count_Flowering Plants": 5, "count_Insects": 0, "count_Sac Fungi": 0, "count_Reptiles": 1, "count_Molluscs": 0, "count_Birds": 2, "count_Ferns": 0, "count_Mammals": 0, "count_Arachnids": 0, "count_Amphibians": 0, "count_Basidiomycota": 0, "count_Mosses": 0, "count_Gymnosperms": 0, "unique_species_count": 8.0, "countryCode": "CN" }, "geometry": { "type": "MultiPolygon", "coordinates": [ [ [ [ 86.927108579633156, 46.097454907463181 ], [ 88.160442735936343, 46.364671492486004 ], [ 88.951928568796149, 45.796717603458617 ], [ 88.509530231646366, 44.970062069948384 ], [ 87.306101609427841, 44.704046267001914 ], [ 86.515624933077618, 45.26343142989608 ], [ 86.927108579633156, 46.097454907463181 ] ] ] ] } },
{ "type": "Feature", "properties": { "geogrid_id": "745535881114773128", "seqnum": 9351.0, "lat_c": 45.535880700020456, "lon_c": 114.77312757839428, "res": 7.0, "count_Flowering Plants": 0, "count_Insects": 0, "count_Sac Fungi": 0, "count_Reptiles": 0, "count_Molluscs": 0, "count_Birds": 2, "count_Ferns": 0, "count_Mammals": 0, "count_Arachnids": 0, "count_Amphibians": 0, "count_Basidiomycota": 0, "count_Mosses": 0, "count_Gymnosperms": 0, "unique_species_count": 2.0, "countryCode": "CN" }, "geometry": { "type": "MultiPolygon", "coordinates": [ [ [ [ 114.339557264826752, 46.364671494258694 ], [ 115.572891421236179, 46.097454909251638 ], [ 115.984375070734103, 45.263431426448719 ], [ 115.193898394368745, 44.704046263603523 ], [ 113.990469769103882, 44.970062071805742 ], [ 113.548071431908127, 45.796717605265997 ], [ 114.339557264826752, 46.364671494258694 ] ] ] ] } },
{ "type": "Feature", "properties": { "geogrid_id": "745818158085708162", "seqnum": 8758.0, "lat_c": 45.818157898804927, "lon_c": 85.708161628166536, "res": 7.0, "count_Flowering Plants": 31, "count_Insects": 15, "count_Sac Fungi": 0, "count_Reptiles": 3, "count_Molluscs": 0, "count_Birds": 127, "count_Ferns": 0, "count_Mammals": 3, "count_Arachnids": 1, "count_Amphibians": 1, "count_Basidiomycota": 0, "count_Mosses": 0, "count_Gymnosperms": 0, "unique_species_count": 181.0, "countryCode": "CN" }, "geometry": { "type": "MultiPolygon", "coordinates": [ [ [ [ 84.883247614783812, 46.367927022631306 ], [ 86.109747921133504, 46.654482737009786 ], [ 86.927108579633156, 46.097454907463181 ], [ 86.515624933077618, 45.26343142989608 ], [ 85.339595791220333, 44.964295410946448 ], [ 84.525757963787285, 45.511896538695673 ], [ 84.883247614783812, 46.367927022631306 ] ] ] ] } },
{ "type": "Feature", "properties": { "geogrid_id": "745818158116791838", "seqnum": 9406.0, "lat_c": 45.818157895308453, "lon_c": 116.79183837565844, "res": 7.0, "count_Flowering Plants": 0, "count_Insects": 1, "count_Sac Fungi": 0, "count_Reptiles": 0, "count_Molluscs": 0, "count_Birds": 1, "count_Ferns": 0, "count_Mammals": 0, "count_Arachnids": 0, "count_Amphibians": 0, "count_Basidiomycota": 0, "count_Mosses": 0, "count_Gymnosperms": 0, "unique_species_count": 2.0, "countryCode": "CN" }, "geometry": { "type": "MultiPolygon", "coordinates": [ [ [ [ 116.390252079797435, 46.654482738764273 ], [ 117.61675238905228, 46.367927019085563 ], [ 117.974242038125936, 45.51189653327728 ], [ 117.160404210731045, 44.964295405557131 ], [ 115.984375070734103, 45.263431426448719 ], [ 115.572891421236179, 46.097454909251638 ], [ 116.390252079797435, 46.654482738764273 ] ] ] ] } },
{ "type": "Feature", "properties": { "geogrid_id": "746054334083694388", "seqnum": 8074.0, "lat_c": 46.054334359733303, "lon_c": 83.694387936543521, "res": 7.0, "count_Flowering Plants": 4, "count_Insects": 0, "count_Sac Fungi": 0, "count_Reptiles": 2, "count_Molluscs": 0, "count_Birds": 20, "count_Ferns": 1, "count_Mammals": 0, "count_Arachnids": 0, "count_Amphibians": 0, "count_Basidiomycota": 0, "count_Mosses": 0, "count_Gymnosperms": 0, "unique_species_count": 27.0, "countryCode": "CN" }, "geometry": { "type": "MultiPolygon", "coordinates": [ [ [ [ 84.040416390202324, 46.912430811670902 ], [ 84.883247612879543, 46.367927024535639 ], [ 84.525757963787285, 45.511896538695673 ], [ 83.35839811768497, 45.193723689860555 ], [ 82.521162374472652, 45.728839436077749 ], [ 82.845049040910993, 46.59128896494979 ], [ 84.040416390202324, 46.912430811670902 ] ] ] ] } },
{ "type": "Feature", "properties": { "geogrid_id": "746054334118805612", "seqnum": 9460.0, "lat_c": 46.054334354286041, "lon_c": 118.80561206532815, "res": 7.0, "count_Flowering Plants": 2, "count_Insects": 0, "count_Sac Fungi": 0, "count_Reptiles": 0, "count_Molluscs": 0, "count_Birds": 4, "count_Ferns": 0, "count_Mammals": 0, "count_Arachnids": 0, "count_Amphibians": 0, "count_Basidiomycota": 0, "count_Mosses": 0, "count_Gymnosperms": 0, "unique_species_count": 6.0, "countryCode": "CN" }, "geometry": { "type": "MultiPolygon", "coordinates": [ [ [ [ 118.459583611687421, 46.912430806191402 ], [ 119.654950960915485, 46.591288959473872 ], [ 119.978837627342244, 45.728839430633947 ], [ 119.141601884174477, 45.193723684444876 ], [ 117.974242038125936, 45.51189653327728 ], [ 117.61675238905228, 46.367927019085563 ], [ 118.459583611687421, 46.912430806191402 ] ] ] ] } },
{ "type": "Feature", "properties": { "geogrid_id": "746258254081665916", "seqnum": 8020.0, "lat_c": 46.258253939801769, "lon_c": 81.665916367620397, "res": 7.0, "count_Flowering Plants": 0, "count_Insects": 1, "count_Sac Fungi": 0, "count_Reptiles": 0, "count_Molluscs": 0, "count_Birds": 0, "count_Ferns": 0, "count_Mammals": 7, "count_Arachnids": 0, "count_Amphibians": 0, "count_Basidiomycota": 0, "count_Mosses": 0, "count_Gymnosperms": 0, "unique_species_count": 8.0, "countryCode": "CN" }, "geometry": { "type": "MultiPolygon", "coordinates": [ [ [ [ 81.977306766808042, 47.122431264691421 ], [ 82.845049040910993, 46.59128896494979 ], [ 82.521162374472652, 45.728839436077749 ], [ 81.363629098471947, 45.391756736909699 ], [ 80.503061382490714, 45.913650254428966 ], [ 80.792259895280282, 46.781626072319405 ], [ 81.977306766808042, 47.122431264691421 ] ] ] ] } },
{ "type": "Feature", "properties": { "geogrid_id": "746258254120834084", "seqnum": 9514.0, "lat_c": 46.258253934330121, "lon_c": 120.83408363414641, "res": 7.0, "count_Flowering Plants": 10, "count_Insects": 31, "count_Sac Fungi": 0, "count_Reptiles": 0, "count_Molluscs": 0, "count_Birds": 5, "count_Ferns": 0, "count_Mammals": 2, "count_Arachnids": 1, "count_Amphibians": 0, "count_Basidiomycota": 0, "count_Mosses": 0, "count_Gymnosperms": 0, "unique_species_count": 49.0, "countryCode": "CN" }, "geometry": { "type": "MultiPolygon", "coordinates": [ [ [ [ 120.522693234969381, 47.122431259187074 ], [ 121.707740106434642, 46.781626066820188 ], [ 121.996938619219989, 45.91365024896222 ], [ 121.136370903289588, 45.391756731469954 ], [ 119.978837627342244, 45.728839430633947 ], [ 119.654950960915485, 46.591288959473872 ], [ 120.522693234969381, 47.122431259187074 ] ] ] ] } },
{ "type": "Feature", "properties": { "geogrid_id": "746285743091442786", "seqnum": 8865.0, "lat_c": 46.285742969066803, "lon_c": 91.442785833171627, "res": 7.0, "count_Flowering Plants": 2, "count_Insects": 0, "count_Sac Fungi": 0, "count_Reptiles": 0, "count_Molluscs": 0, "count_Birds": 0, "count_Ferns": 0, "count_Mammals": 0, "count_Arachnids": 0, "count_Amphibians": 0, "count_Basidiomycota": 0, "count_Mosses": 0, "count_Gymnosperms": 0, "unique_species_count": 2.0, "countryCode": "CN" }, "geometry": { "type": "MultiPolygon", "coordinates": [ [ [ [ 90.669559064186316, 46.864730662032528 ], [ 91.944989736525343, 47.098917663448603 ], [ 92.708258251162903, 46.515473306152145 ], [ 92.198735392069608, 45.703944247976111 ], [ 90.956007060494088, 45.469336209652887 ], [ 90.190622476171342, 46.04644871968042 ], [ 90.669559064186316, 46.864730662032528 ] ] ] ] } },
{ "type": "Feature", "properties": { "geogrid_id": "746429270122875916", "seqnum": 9569.0, "lat_c": 46.42927026084584, "lon_c": 122.87591568239476, "res": 7.0, "count_Flowering Plants": 5, "count_Insects": 0, "count_Sac Fungi": 0, "count_Reptiles": 0, "count_Molluscs": 0, "count_Birds": 22, "count_Ferns": 0, "count_Mammals": 0, "count_Arachnids": 0, "count_Amphibians": 1, "count_Basidiomycota": 0, "count_Mosses": 0, "count_Gymnosperms": 0, "unique_species_count": 28.0, "countryCode": "CN" }, "geometry": { "type": "MultiPolygon", "coordinates": [ [ [ [ 122.600199889056839, 47.298605919580375 ], [ 123.773655894339683, 46.938254745303446 ], [ 124.027232678712906, 46.065693272004779 ], [ 123.143508959885935, 45.557798306150758 ], [ 121.996938619219989, 45.91365024896222 ], [ 121.707740106434642, 46.781626066820188 ], [ 122.600199889056839, 47.298605919580375 ] ] ] ] } },
{ "type": "Feature", "properties": { "geogrid_id": "746566707124929673", "seqnum": 9623.0, "lat_c": 46.566707046498614, "lon_c": 124.92967331247212, "res": 7.0, "count_Flowering Plants": 49, "count_Insects": 29, "count_Sac Fungi": 0, "count_Reptiles": 0, "count_Molluscs": 0, "count_Birds": 39, "count_Ferns": 0, "count_Mammals": 2, "count_Arachnids": 1, "count_Amphibians": 2, "count_Basidiomycota": 0, "count_Mosses": 0, "count_Gymnosperms": 0, "unique_species_count": 122.0, "countryCode": "CN" }, "geometry": { "type": "MultiPolygon", "coordinates": [ [ [ [ 124.690499915923468, 47.440233590914069 ], [ 125.851127439252892, 47.060457386105725 ], [ 126.068323634245971, 46.184294518337474 ], [ 125.161738342409606, 45.691219321017584 ], [ 124.027232678712906, 46.065693272004779 ], [ 123.773655894339683, 46.938254745303446 ], [ 124.690499915923468, 47.440233590914069 ] ] ] ] } },
{ "type": "Feature", "properties": { "geogrid_id": "746620237089407986", "seqnum": 8839.0, "lat_c": 46.620237239880652, "lon_c": 89.407985728405023, "res": 7.0, "count_Flowering Plants": 33, "count_Insects": 12, "count_Sac Fungi": 4, "count_Reptiles": 0, "count_Molluscs": 0, "count_Birds": 13, "count_Ferns": 1, "count_Mammals": 1, "count_Arachnids": 0, "count_Amphibians": 1, "count_Basidiomycota": 0, "count_Mosses": 0, "count_Gymnosperms": 0, "unique_species_count": 65.0, "countryCode": "CN" }, "geometry": { "type": "MultiPolygon", "coordinates": [ [ [ [ 88.607556344347103, 47.190393383614776 ], [ 89.878492134064317, 47.440595774050529 ], [ 90.669559064186316, 46.864730662032528 ], [ 90.190622476171342, 46.04644871968042 ], [ 88.951928568796149, 45.796717603458617 ], [ 88.160442735936343, 46.364671492486004 ], [ 88.607556344347103, 47.190393383614776 ] ] ] ] } },
{ "type": "Feature", "properties": { "geogrid_id": "746669844126993828", "seqnum": 9677.0, "lat_c": 46.669844190521921, "lon_c": 126.99382803673751, "res": 7.0, "count_Flowering Plants": 0, "count_Insects": 2, "count_Sac Fungi": 10, "count_Reptiles": 0, "count_Molluscs": 2, "count_Birds": 4, "count_Ferns": 0, "count_Mammals": 0, "count_Arachnids": 11, "count_Amphibians": 2, "count_Basidiomycota": 19, "count_Mosses": 0, "count_Gymnosperms": 0, "unique_species_count": 50.0, "countryCode": "CN" }, "geometry": { "type": "MultiPolygon", "coordinates": [ [ [ [ 126.791872186731311, 47.54655499204339 ], [ 127.938479175922254, 47.147466958841328 ], [ 128.118734697427158, 46.268724411897402 ], [ 127.189711093354589, 45.79134239462352 ], [ 126.068323634245971, 46.184294518337474 ], [ 125.851127439252892, 47.060457386105725 ], [ 126.791872186731311, 47.54655499204339 ] ] ] ] } },
{ "type": "Feature", "properties": { "geogrid_id": "746737899129066759", "seqnum": 9732.0, "lat_c": 46.737898528020118, "lon_c": 129.06675867486464, "res": 7.0, "count_Flowering Plants": 33, "count_Insects": 38, "count_Sac Fungi": 1, "count_Reptiles": 0, "count_Molluscs": 0, "count_Birds": 19, "count_Ferns": 1, "count_Mammals": 6, "count_Arachnids": 0, "count_Amphibians": 1, "count_Basidiomycota": 1, "count_Mosses": 1, "count_Gymnosperms": 1, "unique_species_count": 102.0, "countryCode": "CN" }, "geometry": { "type": "MultiPolygon", "coordinates": [ [ [ [ 128.902478480181713, 47.616755829360443 ], [ 130.033929041036828, 47.198445820229594 ], [ 130.17690750652875, 46.318173890414087 ], [ 129.226011236705773, 45.85742040597777 ], [ 128.118734697427158, 46.268724411897402 ], [ 127.938479175922254, 47.147466958841328 ], [ 128.902478480181713, 47.616755829360443 ] ] ] ] } },
{ "type": "Feature", "properties": { "geogrid_id": "746765143133231962", "seqnum": 9840.0, "lat_c": 46.765143025596423, "lon_c": 133.23196174107142, "res": 7.0, "count_Flowering Plants": 153, "count_Insects": 0, "count_Sac Fungi": 0, "count_Reptiles": 0, "count_Molluscs": 0, "count_Birds": 4, "count_Ferns": 3, "count_Mammals": 0, "count_Arachnids": 0, "count_Amphibians": 2, "count_Basidiomycota": 0, "count_Mosses": 0, "count_Gymnosperms": 0, "unique_species_count": 162.0, "countryCode": "CN" }, "geometry": { "type": "MultiPolygon", "coordinates": [ [ [ [ 133.143416230793491, 47.645116620011486 ], [ 134.241396402326302, 47.188424442371826 ], [ 134.309833987172937, 46.308289297674243 ], [ 133.317559733141849, 45.883915412531429 ], [ 132.241193714469176, 46.331721653186776 ], [ 132.1355794564316, 47.212456865618741 ], [ 133.143416230793491, 47.645116620011486 ] ] ] ] } },
{ "type": "Feature", "properties": { "geogrid_id": "746769997131146747", "seqnum": 9786.0, "lat_c": 46.769997461410895, "lon_c": 131.14674665308289, "res": 7.0, "count_Flowering Plants": 104, "count_Insects": 37, "count_Sac Fungi": 0, "count_Reptiles": 0, "count_Molluscs": 0, "count_Birds": 10, "count_Ferns": 0, "count_Mammals": 1, "count_Arachnids": 0, "count_Amphibians": 4, "count_Basidiomycota": 0, "count_Mosses": 0, "count_Gymnosperms": 0, "unique_species_count": 156.0, "countryCode": "CN" }, "geometry": { "type": "MultiPolygon", "coordinates": [ [ [ [ 131.020358552820056, 47.649943665981539 ], [ 132.1355794564316, 47.212456865618741 ], [ 132.241193714469176, 46.331721653186776 ], [ 131.26915141618187, 45.888606914946685 ], [ 130.17690750652875, 46.318173890414087 ], [ 130.033929041036828, 47.198445820229594 ], [ 131.020358552820056, 47.649943665981539 ] ] ] ] } },
{ "type": "Feature", "properties": { "geogrid_id": "746928520087351246", "seqnum": 8812.0, "lat_c": 46.928519630450879, "lon_c": 87.351245691738612, "res": 7.0, "count_Flowering Plants": 43, "count_Insects": 10, "count_Sac Fungi": 0, "count_Reptiles": 1, "count_Molluscs": 0, "count_Birds": 38, "count_Ferns": 0, "count_Mammals": 3, "count_Arachnids": 1, "count_Amphibians": 2, "count_Basidiomycota": 0, "count_Mosses": 0, "count_Gymnosperms": 0, "unique_species_count": 98.0, "countryCode": "CN" }, "geometry": { "type": "MultiPolygon", "coordinates": [ [ [ [ 86.523813834480066, 47.487946709015041 ], [ 87.788784070333961, 47.756598266635287 ], [ 88.607556344347103, 47.190393383614776 ], [ 88.160442735936343, 46.364671492486004 ], [ 86.927108579633156, 46.097454907463181 ], [ 86.109747921133504, 46.654482737009786 ], [ 86.523813834480066, 47.487946709015041 ] ] ] ] } },
{ "type": "Feature", "properties": { "geogrid_id": "747206652085274295", "seqnum": 8785.0, "lat_c": 47.206652497381178, "lon_c": 85.274294856732581, "res": 7.0, "count_Flowering Plants": 9, "count_Insects": 2, "count_Sac Fungi": 0, "count_Reptiles": 0, "count_Molluscs": 0, "count_Birds": 12, "count_Ferns": 0, "count_Mammals": 0, "count_Arachnids": 0, "count_Amphibians": 0, "count_Basidiomycota": 0, "count_Mosses": 4, "count_Gymnosperms": 0, "unique_species_count": 27.0, "countryCode": "CN" }, "geometry": { "type": "MultiPolygon", "coordinates": [ [ [ [ 84.420250449563142, 47.753642606933077 ], [ 85.677617605525086, 48.04262711051706 ], [ 86.523813834480066, 47.487946709015041 ], [ 86.109747921133504, 46.654482737009786 ], [ 84.883247614783812, 46.367927022631306 ], [ 84.040416392157454, 46.912430809786578 ], [ 84.420250449563142, 47.753642606933077 ] ] ] ] } },
{ "type": "Feature", "properties": { "geogrid_id": "747206652117225705", "seqnum": 9433.0, "lat_c": 47.206652499101956, "lon_c": 117.22570514426135, "res": 7.0, "count_Flowering Plants": 1, "count_Insects": 0, "count_Sac Fungi": 0, "count_Reptiles": 0, "count_Molluscs": 0, "count_Birds": 0, "count_Ferns": 0, "count_Mammals": 0, "count_Arachnids": 0, "count_Amphibians": 0, "count_Basidiomycota": 0, "count_Mosses": 0, "count_Gymnosperms": 0, "unique_species_count": 1.0, "countryCode": "CN" }, "geometry": { "type": "MultiPolygon", "coordinates": [ [ [ [ 116.822382395423062, 48.042627112188036 ], [ 118.079749551495183, 47.753642608620375 ], [ 118.459583611687421, 46.912430806191402 ], [ 117.61675238905228, 46.367927019085563 ], [ 116.390252079797435, 46.654482738764273 ], [ 115.976186166404958, 47.487946710719577 ], [ 116.822382395423062, 48.042627112188036 ] ] ] ] } },
{ "type": "Feature", "properties": { "geogrid_id": "747451352083179201", "seqnum": 8759.0, "lat_c": 47.451351800982572, "lon_c": 83.179200625701185, "res": 7.0, "count_Flowering Plants": 10, "count_Insects": 0, "count_Sac Fungi": 0, "count_Reptiles": 0, "count_Molluscs": 0, "count_Birds": 19, "count_Ferns": 0, "count_Mammals": 0, "count_Arachnids": 0, "count_Amphibians": 0, "count_Basidiomycota": 0, "count_Mosses": 0, "count_Gymnosperms": 0, "unique_species_count": 29.0, "countryCode": "CN" }, "geometry": { "type": "MultiPolygon", "coordinates": [ [ [ [ 82.299133953998378, 47.984362969021269 ], [ 83.547114102334419, 48.295121451894801 ], [ 84.420250449563142, 47.753642606933077 ], [ 84.040416392157454, 46.912430809786578 ], [ 82.845049040910993, 46.59128896494979 ], [ 81.977306766808042, 47.122431264691421 ], [ 82.299133953998378, 47.984362969021269 ] ] ] ] } },
{ "type": "Feature", "properties": { "geogrid_id": "747451352119320799", "seqnum": 9488.0, "lat_c": 47.451351797337807, "lon_c": 119.3207993781499, "res": 7.0, "count_Flowering Plants": 2, "count_Insects": 8, "count_Sac Fungi": 0, "count_Reptiles": 0, "count_Molluscs": 0, "count_Birds": 4, "count_Ferns": 0, "count_Mammals": 2, "count_Arachnids": 0, "count_Amphibians": 2, "count_Basidiomycota": 0, "count_Mosses": 0, "count_Gymnosperms": 0, "unique_species_count": 18.0, "countryCode": "CN" }, "geometry": { "type": "MultiPolygon", "coordinates": [ [ [ [ 118.952885898789688, 48.295121453548788 ], [ 120.200866049856103, 47.984362965326753 ], [ 120.522693234969381, 47.122431259187074 ], [ 119.654950960915485, 46.591288959473872 ], [ 118.459583611687421, 46.912430806191402 ], [ 118.079749551495183, 47.753642608620375 ], [ 118.952885898789688, 48.295121453548788 ] ] ] ] } },
{ "type": "Feature", "properties": { "geogrid_id": "747647423121409269", "seqnum": 9542.0, "lat_c": 47.647422961017639, "lon_c": 121.40926924231384, "res": 7.0, "count_Flowering Plants": 16, "count_Insects": 2, "count_Sac Fungi": 0, "count_Reptiles": 0, "count_Molluscs": 0, "count_Birds": 45, "count_Ferns": 0, "count_Mammals": 2, "count_Arachnids": 0, "count_Amphibians": 0, "count_Basidiomycota": 0, "count_Mosses": 0, "count_Gymnosperms": 0, "unique_species_count": 65.0, "countryCode": "CN" }, "geometry": { "type": "MultiPolygon", "coordinates": [ [ [ [ 121.100246970839692, 48.511127646938355 ], [ 122.315102951345423, 48.165916586433553 ], [ 122.600199889056839, 47.298605919580375 ], [ 121.707740106434642, 46.781626066820188 ], [ 120.522693234969381, 47.122431259187074 ], [ 120.200866049856103, 47.984362965326753 ], [ 121.100246970839692, 48.511127646938355 ] ] ] ] } },
{ "type": "Feature", "properties": { "geogrid_id": "747808835123511846", "seqnum": 9596.0, "lat_c": 47.808834912455453, "lon_c": 123.51184606976629, "res": 7.0, "count_Flowering Plants": 39, "count_Insects": 6, "count_Sac Fungi": 0, "count_Reptiles": 0, "count_Molluscs": 0, "count_Birds": 21, "count_Ferns": 1, "count_Mammals": 2, "count_Arachnids": 0, "count_Amphibians": 3, "count_Basidiomycota": 0, "count_Mosses": 0, "count_Gymnosperms": 1, "unique_species_count": 73.0, "countryCode": "CN" }, "geometry": { "type": "MultiPolygon", "coordinates": [ [ [ [ 123.24060946472332, 48.67755553207644 ], [ 124.443049340700227, 48.311945953284095 ], [ 124.690499915923468, 47.440233590914069 ], [ 123.773655894339683, 46.938254745303446 ], [ 122.600199889056839, 47.298605919580375 ], [ 122.315102951345423, 48.165916586433553 ], [ 123.24060946472332, 48.67755553207644 ] ] ] ] } },
{ "type": "Feature", "properties": { "geogrid_id": "747934829125626772", "seqnum": 9651.0, "lat_c": 47.934828862151676, "lon_c": 125.62677249054278, "res": 7.0, "count_Flowering Plants": 1, "count_Insects": 0, "count_Sac Fungi": 0, "count_Reptiles": 0, "count_Molluscs": 0, "count_Birds": 4, "count_Ferns": 0, "count_Mammals": 0, "count_Arachnids": 0, "count_Amphibians": 1, "count_Basidiomycota": 0, "count_Mosses": 0, "count_Gymnosperms": 0, "unique_species_count": 6.0, "countryCode": "CN" }, "geometry": { "type": "MultiPolygon", "coordinates": [ [ [ [ 125.394165113190056, 48.807563655262399 ], [ 126.582779438346975, 48.421655129089928 ], [ 126.791872186731311, 47.54655499204339 ], [ 125.851127439252892, 47.060457386105725 ], [ 124.690499915923468, 47.440233590914069 ], [ 124.443049340700227, 48.311945953284095 ], [ 125.394165113190056, 48.807563655262399 ] ] ] ] } },
{ "type": "Feature", "properties": { "geogrid_id": "748013016089069010", "seqnum": 8866.0, "lat_c": 48.013015855899184, "lon_c": 89.06900977943701, "res": 7.0, "count_Flowering Plants": 28, "count_Insects": 7, "count_Sac Fungi": 0, "count_Reptiles": 0, "count_Molluscs": 0, "count_Birds": 23, "count_Ferns": 0, "count_Mammals": 4, "count_Arachnids": 0, "count_Amphibians": 0, "count_Basidiomycota": 0, "count_Mosses": 0, "count_Gymnosperms": 1, "unique_species_count": 63.0, "countryCode": "CN" }, "geometry": { "type": "MultiPolygon", "coordinates": [ [ [ [ 88.240525377406627, 48.581657307493309 ], [ 89.545657172679626, 48.832503198523945 ], [ 90.364294594527678, 48.257764433042645 ], [ 89.878492134064317, 47.440595774050529 ], [ 88.607556344347103, 47.190393383614776 ], [ 87.788784070333961, 47.756598266635287 ], [ 88.240525377406627, 48.581657307493309 ] ] ] ] } },
{ "type": "Feature", "properties": { "geogrid_id": "748024604127752162", "seqnum": 9705.0, "lat_c": 48.024603960834689, "lon_c": 127.75216212968266, "res": 7.0, "count_Flowering Plants": 16, "count_Insects": 4, "count_Sac Fungi": 0, "count_Reptiles": 1, "count_Molluscs": 0, "count_Birds": 6, "count_Ferns": 0, "count_Mammals": 0, "count_Arachnids": 0, "count_Amphibians": 4, "count_Basidiomycota": 3, "count_Mosses": 2, "count_Gymnosperms": 0, "unique_species_count": 36.0, "countryCode": "CN" }, "geometry": { "type": "MultiPolygon", "coordinates": [ [ [ [ 127.558804420712121, 48.900319867674234 ], [ 128.732225984431153, 48.494202311139972 ], [ 128.902478480181713, 47.616755829360443 ], [ 127.938479175922254, 47.147466958841328 ], [ 126.791872186731311, 47.54655499204339 ], [ 126.582779438346975, 48.421655129089928 ], [ 127.558804420712121, 48.900319867674234 ] ] ] ] } },
{ "type": "Feature", "properties": { "geogrid_id": "748067541134170223", "seqnum": 9868.0, "lat_c": 48.067541174322301, "lon_c": 134.17022336201518, "res": 7.0, "count_Flowering Plants": 6, "count_Insects": 2, "count_Sac Fungi": 0, "count_Reptiles": 0, "count_Molluscs": 0, "count_Birds": 42, "count_Ferns": 0, "count_Mammals": 4, "count_Arachnids": 0, "count_Amphibians": 3, "count_Basidiomycota": 2, "count_Mosses": 0, "count_Gymnosperms": 0, "unique_species_count": 59.0, "countryCode": "CN" }, "geometry": { "type": "MultiPolygon", "coordinates": [ [ [ [ 134.095756940511706, 48.945878393763522 ], [ 135.215919842187674, 48.479296168593429 ], [ 135.269391006616615, 47.601121199564801 ], [ 134.241396402326302, 47.188424442371826 ], [ 133.143416230793491, 47.645116620011486 ], [ 133.051258770333334, 48.52408753241744 ], [ 134.095756940511706, 48.945878393763522 ] ] ] ] } },
{ "type": "Feature", "properties": { "geogrid_id": "748077299129885998", "seqnum": 9759.0, "lat_c": 48.077298856099972, "lon_c": 129.88599783190583, "res": 7.0, "count_Flowering Plants": 32, "count_Insects": 45, "count_Sac Fungi": 0, "count_Reptiles": 2, "count_Molluscs": 2, "count_Birds": 9, "count_Ferns": 0, "count_Mammals": 2, "count_Arachnids": 0, "count_Amphibians": 1, "count_Basidiomycota": 1, "count_Mosses": 11, "count_Gymnosperms": 0, "unique_species_count": 105.0, "countryCode": "CN" }, "geometry": { "type": "MultiPolygon", "coordinates": [ [ [ [ 129.732263108763703, 48.954942592740693 ], [ 130.889176061128751, 48.528679890695166 ], [ 131.020358552820056, 47.649943665981539 ], [ 130.033929041036828, 47.198445820229594 ], [ 128.902478480181713, 47.616755829360443 ], [ 128.732225984431153, 48.494202311139972 ], [ 129.732263108763703, 48.954942592740693 ] ] ] ] } },
{ "type": "Feature", "properties": { "geogrid_id": "748091967132026123", "seqnum": 9814.0, "lat_c": 48.091966644613692, "lon_c": 132.02612322756119, "res": 7.0, "count_Flowering Plants": 2, "count_Insects": 1, "count_Sac Fungi": 0, "count_Reptiles": 0, "count_Molluscs": 0, "count_Birds": 4, "count_Ferns": 0, "count_Mammals": 0, "count_Arachnids": 0, "count_Amphibians": 2, "count_Basidiomycota": 0, "count_Mosses": 0, "count_Gymnosperms": 0, "unique_species_count": 9.0, "countryCode": "CN" }, "geometry": { "type": "MultiPolygon", "coordinates": [ [ [ [ 131.912115300483833, 48.970479423248378 ], [ 133.051258770333334, 48.52408753241744 ], [ 133.143416230793491, 47.645116620011486 ], [ 132.1355794564316, 47.212456865618741 ], [ 131.020358552820056, 47.649943665981539 ], [ 130.889176061128751, 48.528679890695166 ], [ 131.912115300483833, 48.970479423248378 ] ] ] ] } },
{ "type": "Feature", "properties": { "geogrid_id": "748318522086951110", "seqnum": 8840.0, "lat_c": 48.318522279171702, "lon_c": 86.951110014749545, "res": 7.0, "count_Flowering Plants": 108, "count_Insects": 49, "count_Sac Fungi": 5, "count_Reptiles": 6, "count_Molluscs": 0, "count_Birds": 79, "count_Ferns": 1, "count_Mammals": 9, "count_Arachnids": 5, "count_Amphibians": 2, "count_Basidiomycota": 0, "count_Mosses": 0, "count_Gymnosperms": 4, "unique_species_count": 268.0, "countryCode": "CN" }, "geometry": { "type": "MultiPolygon", "coordinates": [ [ [ [ 86.09396801648775, 48.875824874062516 ], [ 87.392442119181382, 49.146175135706912 ], [ 88.240525377406627, 48.581657307493309 ], [ 87.788784070333961, 47.756598266635287 ], [ 86.523813834480066, 47.487946709015041 ], [ 85.677617605525086, 48.04262711051706 ], [ 86.09396801648775, 48.875824874062516 ] ] ] ] } },
{ "type": "Feature", "properties": { "geogrid_id": "748318522115548890", "seqnum": 9407.0, "lat_c": 48.318522280826258, "lon_c": 115.54888998608736, "res": 7.0, "count_Flowering Plants": 1, "count_Insects": 2, "count_Sac Fungi": 0, "count_Reptiles": 0, "count_Molluscs": 0, "count_Birds": 0, "count_Ferns": 0, "count_Mammals": 0, "count_Arachnids": 0, "count_Amphibians": 0, "count_Basidiomycota": 0, "count_Mosses": 0, "count_Gymnosperms": 0, "unique_species_count": 3.0, "countryCode": "CN" }, "geometry": { "type": "MultiPolygon", "coordinates": [ [ [ [ 115.107557881605103, 49.146175137311467 ], [ 116.406031984412394, 48.87582487568362 ], [ 116.822382395423062, 48.042627112188036 ], [ 115.976186166404958, 47.487946710719577 ], [ 114.711215930441213, 47.756598268323714 ], [ 114.259474623318113, 48.581657309131764 ], [ 115.107557881605103, 49.146175137311467 ] ] ] ] } },
{ "type": "Feature", "properties": { "geogrid_id": "748592225117687877", "seqnum": 9461.0, "lat_c": 48.59222473213854, "lon_c": 117.68787697185897, "res": 7.0, "count_Flowering Plants": 3, "count_Insects": 1, "count_Sac Fungi": 0, "count_Reptiles": 0, "count_Molluscs": 0, "count_Birds": 5, "count_Ferns": 0, "count_Mammals": 2, "count_Arachnids": 0, "count_Amphibians": 0, "count_Basidiomycota": 0, "count_Mosses": 0, "count_Gymnosperms": 0, "unique_species_count": 11.0, "countryCode": "CN" }, "geometry": { "type": "MultiPolygon", "coordinates": [ [ [ [ 117.283213736954011, 49.428154377140565 ], [ 118.573206499124424, 49.136392826549702 ], [ 118.952885898789688, 48.295121453548788 ], [ 118.079749551495183, 47.753642608620375 ], [ 116.822382395423062, 48.042627112188036 ], [ 116.406031984412394, 48.87582487568362 ], [ 117.283213736954011, 49.428154377140565 ] ] ] ] } },
{ "type": "Feature", "properties": { "geogrid_id": "748830747119845615", "seqnum": 9515.0, "lat_c": 48.830747276600832, "lon_c": 119.84561451260453, "res": 7.0, "count_Flowering Plants": 43, "count_Insects": 13, "count_Sac Fungi": 0, "count_Reptiles": 0, "count_Molluscs": 0, "count_Birds": 36, "count_Ferns": 0, "count_Mammals": 3, "count_Arachnids": 0, "count_Amphibians": 1, "count_Basidiomycota": 0, "count_Mosses": 0, "count_Gymnosperms": 0, "unique_species_count": 96.0, "countryCode": "CN" }, "geometry": { "type": "MultiPolygon", "coordinates": [ [ [ [ 119.478908145912968, 49.674773889263129 ], [ 120.758433251974552, 49.360168099748741 ], [ 121.100246970839692, 48.511127646938355 ], [ 120.200866049856103, 47.984362965326753 ], [ 118.952885898789688, 48.295121453548788 ], [ 118.573206499124424, 49.136392826549702 ], [ 119.478908145912968, 49.674773889263129 ] ] ] ] } },
{ "type": "Feature", "properties": { "geogrid_id": "749031300122019400", "seqnum": 9570.0, "lat_c": 49.031299512556927, "lon_c": 122.01940016920994, "res": 7.0, "count_Flowering Plants": 58, "count_Insects": 8, "count_Sac Fungi": 0, "count_Reptiles": 0, "count_Molluscs": 0, "count_Birds": 40, "count_Ferns": 0, "count_Mammals": 6, "count_Arachnids": 0, "count_Amphibians": 1, "count_Basidiomycota": 0, "count_Mosses": 0, "count_Gymnosperms": 0, "unique_species_count": 113.0, "countryCode": "CN" }, "geometry": { "type": "MultiPolygon", "coordinates": [ [ [ [ 121.691835026308283, 49.88302168739623 ], [ 122.958775787766726, 49.544522579728209 ], [ 123.24060946472332, 48.67755553207644 ], [ 122.315102951345423, 48.165916586433553 ], [ 121.100246970839692, 48.511127646938355 ], [ 120.758433251974552, 49.360168099748741 ], [ 121.691835026308283, 49.88302168739623 ] ] ] ] } },
{ "type": "Feature", "properties": { "geogrid_id": "749181974124186192", "seqnum": 9624.0, "lat_c": 49.181974182031496, "lon_c": 124.18619227939166, "res": 7.0, "count_Flowering Plants": 7, "count_Insects": 0, "count_Sac Fungi": 0, "count_Reptiles": 0, "count_Molluscs": 0, "count_Birds": 10, "count_Ferns": 0, "count_Mammals": 0, "count_Arachnids": 0, "count_Amphibians": 2, "count_Basidiomycota": 0, "count_Mosses": 0, "count_Gymnosperms": 0, "unique_species_count": 19.0, "countryCode": "CN" }, "geometry": { "type": "MultiPolygon", "coordinates": [ [ [ [ 123.918813228319891, 50.050431277399547 ], [ 125.152240275132613, 49.678798077837712 ], [ 125.394165113190056, 48.807563655262399 ], [ 124.443049340700227, 48.311945953284095 ], [ 123.24060946472332, 48.67755553207644 ], [ 122.958775787766726, 49.544522579728209 ], [ 123.918813228319891, 50.050431277399547 ] ] ] ] } },
{ "type": "Feature", "properties": { "geogrid_id": "749295305126365530", "seqnum": 9678.0, "lat_c": 49.295304618686941, "lon_c": 126.36553038000126, "res": 7.0, "count_Flowering Plants": 5, "count_Insects": 2, "count_Sac Fungi": 0, "count_Reptiles": 0, "count_Molluscs": 0, "count_Birds": 5, "count_Ferns": 0, "count_Mammals": 1, "count_Arachnids": 0, "count_Amphibians": 0, "count_Basidiomycota": 0, "count_Mosses": 0, "count_Gymnosperms": 0, "unique_species_count": 13.0, "countryCode": "CN" }, "geometry": { "type": "MultiPolygon", "coordinates": [ [ [ [ 126.139124423182238, 50.167644153439362 ], [ 127.357460322074388, 49.774777784015377 ], [ 127.558804420712121, 48.900319867674234 ], [ 126.582779438346975, 48.421655129089928 ], [ 125.394165113190056, 48.807563655262399 ], [ 125.152240275132613, 49.678798077837712 ], [ 126.139124423182238, 50.167644153439362 ] ] ] ] } },
{ "type": "Feature", "properties": { "geogrid_id": "749370424128555105", "seqnum": 9733.0, "lat_c": 49.370423937064693, "lon_c": 128.55510547771169, "res": 7.0, "count_Flowering Plants": 19, "count_Insects": 2, "count_Sac Fungi": 0, "count_Reptiles": 0, "count_Molluscs": 0, "count_Birds": 3, "count_Ferns": 0, "count_Mammals": 0, "count_Arachnids": 0, "count_Amphibians": 0, "count_Basidiomycota": 0, "count_Mosses": 0, "count_Gymnosperms": 0, "unique_species_count": 24.0, "countryCode": "CN" }, "geometry": { "type": "MultiPolygon", "coordinates": [ [ [ [ 128.370244660498201, 50.24558486340667 ], [ 129.571911345530225, 49.831562140600603 ], [ 129.732263108763703, 48.954942592740693 ], [ 128.732225984431153, 48.494202311139972 ], [ 127.558804420712121, 48.900319867674234 ], [ 127.357460322074388, 49.774777784015377 ], [ 128.370244660498201, 50.24558486340667 ] ] ] ] } },
{ "type": "Feature", "properties": { "geogrid_id": "749406413130752440", "seqnum": 9787.0, "lat_c": 49.40641258341207, "lon_c": 130.75243982046698, "res": 7.0, "count_Flowering Plants": 6, "count_Insects": 3, "count_Sac Fungi": 0, "count_Reptiles": 0, "count_Molluscs": 0, "count_Birds": 2, "count_Ferns": 0, "count_Mammals": 1, "count_Arachnids": 0, "count_Amphibians": 0, "count_Basidiomycota": 0, "count_Mosses": 0, "count_Gymnosperms": 0, "unique_species_count": 12.0, "countryCode": "CN" }, "geometry": { "type": "MultiPolygon", "coordinates": [ [ [ [ 130.609417565654894, 50.283323876866532 ], [ 131.792885552889857, 49.848196079136528 ], [ 131.912115300483833, 48.970479423248378 ], [ 130.889176061128751, 48.528679890695166 ], [ 129.732263108763703, 48.954942592740693 ], [ 129.571911345530225, 49.831562140600603 ], [ 130.609417565654894, 50.283323876866532 ] ] ] ] } },
{ "type": "Feature", "properties": { "geogrid_id": "749975148118181011", "seqnum": 9489.0, "lat_c": 49.97514781559957, "lon_c": 118.18101080970193, "res": 7.0, "count_Flowering Plants": 25, "count_Insects": 2, "count_Sac Fungi": 0, "count_Reptiles": 0, "count_Molluscs": 0, "count_Birds": 31, "count_Ferns": 0, "count_Mammals": 1, "count_Arachnids": 1, "count_Amphibians": 1, "count_Basidiomycota": 1, "count_Mosses": 0, "count_Gymnosperms": 0, "unique_species_count": 62.0, "countryCode": "CN" }, "geometry": { "type": "MultiPolygon", "coordinates": [ [ [ [ 117.775489851837591, 50.811361474087761 ], [ 119.100000322782037, 50.516430794340302 ], [ 119.478908145912968, 49.674773889263129 ], [ 118.573206499124424, 49.136392826549702 ], [ 117.283213736954011, 49.428154377140565 ], [ 116.864950325932142, 50.261401653859423 ], [ 117.775489851837591, 50.811361474087761 ] ] ] ] } },
{ "type": "Feature", "properties": { "geogrid_id": "750207000120405517", "seqnum": 9543.0, "lat_c": 50.206999565787285, "lon_c": 120.40551728683185, "res": 7.0, "count_Flowering Plants": 9, "count_Insects": 11, "count_Sac Fungi": 1, "count_Reptiles": 0, "count_Molluscs": 0, "count_Birds": 10, "count_Ferns": 0, "count_Mammals": 1, "count_Arachnids": 0, "count_Amphibians": 0, "count_Basidiomycota": 0, "count_Mosses": 0, "count_Gymnosperms": 0, "unique_species_count": 32.0, "countryCode": "CN" }, "geometry": { "type": "MultiPolygon", "coordinates": [ [ [ [ 120.040758417633413, 51.051617394999198 ], [ 121.353564822050345, 50.732690610369545 ], [ 121.691835026308283, 49.88302168739623 ], [ 120.758433251974552, 49.360168099748741 ], [ 119.478908145912968, 49.674773889263129 ], [ 119.100000322782037, 50.516430794340302 ], [ 120.040758417633413, 51.051617394999198 ] ] ] ] } },
{ "type": "Feature", "properties": { "geogrid_id": "750398936122646305", "seqnum": 9597.0, "lat_c": 50.398935556826615, "lon_c": 122.64630500783565, "res": 7.0, "count_Flowering Plants": 2, "count_Insects": 0, "count_Sac Fungi": 0, "count_Reptiles": 0, "count_Molluscs": 0, "count_Birds": 5, "count_Ferns": 0, "count_Mammals": 1, "count_Arachnids": 0, "count_Amphibians": 0, "count_Basidiomycota": 0, "count_Mosses": 0, "count_Gymnosperms": 0, "unique_species_count": 8.0, "countryCode": "CN" }, "geometry": { "type": "MultiPolygon", "coordinates": [ [ [ [ 122.323574152365566, 51.251456893971962 ], [ 123.622317520038749, 50.907527043453619 ], [ 123.918813228319891, 50.050431277399547 ], [ 122.958775787766726, 49.544522579728209 ], [ 121.691835026308283, 49.88302168739623 ], [ 121.353564822050345, 50.732690610369545 ], [ 122.323574152365566, 51.251456893971962 ] ] ] ] } },
{ "type": "Feature", "properties": { "geogrid_id": "750548651124899938", "seqnum": 9652.0, "lat_c": 50.548650568145604, "lon_c": 124.89993799589176, "res": 7.0, "count_Flowering Plants": 14, "count_Insects": 5, "count_Sac Fungi": 0, "count_Reptiles": 0, "count_Molluscs": 0, "count_Birds": 14, "count_Ferns": 0, "count_Mammals": 3, "count_Arachnids": 0, "count_Amphibians": 3, "count_Basidiomycota": 0, "count_Mosses": 0, "count_Gymnosperms": 0, "unique_species_count": 39.0, "countryCode": "CN" }, "geometry": { "type": "MultiPolygon", "coordinates": [ [ [ [ 124.620332585141526, 51.40840342904864 ], [ 125.902558231281333, 51.03879613621055 ], [ 126.139124423182238, 50.167644153439362 ], [ 125.152240275132613, 49.678798077837712 ], [ 123.918813228319891, 50.050431277399547 ], [ 123.622317520038749, 50.907527043453619 ], [ 124.620332585141526, 51.40840342904864 ] ] ] ] } },
{ "type": "Feature", "properties": { "geogrid_id": "750648121127147194", "seqnum": 9706.0, "lat_c": 50.648121042664599, "lon_c": 127.14719420946417, "res": 7.0, "count_Flowering Plants": 18, "count_Insects": 1, "count_Sac Fungi": 0, "count_Reptiles": 0, "count_Molluscs": 0, "count_Birds": 4, "count_Ferns": 0, "count_Mammals": 0, "count_Arachnids": 0, "count_Amphibians": 0, "count_Basidiomycota": 0, "count_Mosses": 0, "count_Gymnosperms": 0, "unique_species_count": 23.0, "countryCode": "CN" }, "geometry": { "type": "MultiPolygon", "coordinates": [ [ [ [ 126.927060923538079, 51.520474649684004 ], [ 128.176773770793005, 51.119829467133407 ], [ 128.370244660498201, 50.24558486340667 ], [ 127.357460322074388, 49.774777784015377 ], [ 126.139124423182238, 50.167644153439362 ], [ 125.902558231281333, 51.03879613621055 ], [ 126.927060923538079, 51.520474649684004 ] ] ] ] } },
{ "type": "Feature", "properties": { "geogrid_id": "751580310121003857", "seqnum": 9571.0, "lat_c": 51.580310129424717, "lon_c": 121.00385736320061, "res": 7.0, "count_Flowering Plants": 6, "count_Insects": 3, "count_Sac Fungi": 0, "count_Reptiles": 0, "count_Molluscs": 0, "count_Birds": 4, "count_Ferns": 0, "count_Mammals": 0, "count_Arachnids": 0, "count_Amphibians": 0, "count_Basidiomycota": 1, "count_Mosses": 0, "count_Gymnosperms": 0, "unique_species_count": 14.0, "countryCode": "CN" }, "geometry": { "type": "MultiPolygon", "coordinates": [ [ [ [ 120.641918082045152, 52.425879286755325 ], [ 121.989862272939618, 52.102099946385053 ], [ 122.323574152365566, 51.251456893971962 ], [ 121.353564822050345, 50.732690610369545 ], [ 120.040758417633413, 51.051617394999198 ], [ 119.663354876563517, 51.894011257629067 ], [ 120.641918082045152, 52.425879286755325 ] ] ] ] } },
{ "type": "Feature", "properties": { "geogrid_id": "751762897123316058", "seqnum": 9625.0, "lat_c": 51.762897471545024, "lon_c": 123.31605778715041, "res": 7.0, "count_Flowering Plants": 0, "count_Insects": 6, "count_Sac Fungi": 0, "count_Reptiles": 0, "count_Molluscs": 0, "count_Birds": 3, "count_Ferns": 0, "count_Mammals": 0, "count_Arachnids": 0, "count_Amphibians": 0, "count_Basidiomycota": 0, "count_Mosses": 0, "count_Gymnosperms": 0, "unique_species_count": 9.0, "countryCode": "CN" }, "geometry": { "type": "MultiPolygon", "coordinates": [ [ [ [ 122.999327405446635, 52.616566302488621 ], [ 124.331513564488603, 52.266600717751679 ], [ 124.620332585141526, 51.40840342904864 ], [ 123.622317520038749, 50.907527043453619 ], [ 122.323574152365566, 51.251456893971962 ], [ 121.989862272939618, 52.102099946385053 ], [ 122.999327405446635, 52.616566302488621 ] ] ] ] } },
{ "type": "Feature", "properties": { "geogrid_id": "751901162125640792", "seqnum": 9679.0, "lat_c": 51.901162141742191, "lon_c": 125.64079211626327, "res": 7.0, "count_Flowering Plants": 9, "count_Insects": 0, "count_Sac Fungi": 0, "count_Reptiles": 0, "count_Molluscs": 0, "count_Birds": 5, "count_Ferns": 0, "count_Mammals": 0, "count_Arachnids": 0, "count_Amphibians": 0, "count_Basidiomycota": 0, "count_Mosses": 0, "count_Gymnosperms": 0, "unique_species_count": 14.0, "countryCode": "CN" }, "geometry": { "type": "MultiPolygon", "coordinates": [ [ [ [ 125.370420465570803, 52.762144541030906 ], [ 126.684115743285432, 52.385391037176461 ], [ 126.927060923538079, 51.520474649684004 ], [ 125.902558231281333, 51.03879613621055 ], [ 124.620332585141526, 51.40840342904864 ], [ 124.331513564488603, 52.266600717751679 ], [ 125.370420465570803, 52.762144541030906 ] ] ] ] } },
{ "type": "Feature", "properties": { "geogrid_id": "752950874121644385", "seqnum": 9598.0, "lat_c": 52.950874300029213, "lon_c": 121.64438478354111, "res": 7.0, "count_Flowering Plants": 8, "count_Insects": 1, "count_Sac Fungi": 0, "count_Reptiles": 0, "count_Molluscs": 0, "count_Birds": 8, "count_Ferns": 0, "count_Mammals": 0, "count_Arachnids": 0, "count_Amphibians": 0, "count_Basidiomycota": 0, "count_Mosses": 0, "count_Gymnosperms": 0, "unique_species_count": 17.0, "countryCode": "CN" }, "geometry": { "type": "MultiPolygon", "coordinates": [ [ [ [ 121.286285933101382, 53.797785586841961 ], [ 122.671354861096674, 53.468554684235244 ], [ 122.999327405446635, 52.616566302488621 ], [ 121.989862272939618, 52.102099946385053 ], [ 120.641918082045152, 52.425879286755325 ], [ 120.266883042467711, 53.26939197938831 ], [ 121.286285933101382, 53.797785586841961 ] ] ] ] } },
{ "type": "Feature", "properties": { "geogrid_id": "753123277124032792", "seqnum": 9653.0, "lat_c": 53.123277307567093, "lon_c": 124.032792023437, "res": 7.0, "count_Flowering Plants": 4, "count_Insects": 1, "count_Sac Fungi": 0, "count_Reptiles": 0, "count_Molluscs": 0, "count_Birds": 4, "count_Ferns": 0, "count_Mammals": 0, "count_Arachnids": 0, "count_Amphibians": 0, "count_Basidiomycota": 0, "count_Mosses": 0, "count_Gymnosperms": 0, "unique_species_count": 9.0, "countryCode": "CN" }, "geometry": { "type": "MultiPolygon", "coordinates": [ [ [ [ 123.723412931848756, 53.978466773618308 ], [ 125.090775788814923, 53.621789955640537 ], [ 125.370420465570803, 52.762144541030906 ], [ 124.331513564488603, 52.266600717751679 ], [ 122.999327405446635, 52.616566302488621 ], [ 122.671354861096674, 53.468554684235244 ], [ 123.723412931848756, 53.978466773618308 ] ] ] ] } },
{ "type": "Feature", "properties": { "geogrid_id": "753249097126433234", "seqnum": 9707.0, "lat_c": 53.249096686579954, "lon_c": 126.43323400928389, "res": 7.0, "count_Flowering Plants": 6, "count_Insects": 0, "count_Sac Fungi": 0, "count_Reptiles": 0, "count_Molluscs": 0, "count_Birds": 1, "count_Ferns": 0, "count_Mammals": 0, "count_Arachnids": 0, "count_Amphibians": 0, "count_Basidiomycota": 0, "count_Mosses": 0, "count_Gymnosperms": 0, "unique_species_count": 7.0, "countryCode": "CN" }, "geometry": { "type": "MultiPolygon", "coordinates": [ [ [ [ 126.173773675885968, 54.111650453405495 ], [ 127.520381218038352, 53.727015139445818 ], [ 127.750696265972252, 52.86066877069424 ], [ 126.684115743285432, 52.385391037176461 ], [ 125.370420465570803, 52.762144541030906 ], [ 125.090775788814923, 53.621789955640537 ], [ 126.173773675885968, 54.111650453405495 ] ] ] ] } }
]
}
