{
"type": "FeatureCollection",
"name": "ES",
"crs": { "type": "name", "properties": { "name": "urn:ogc:def:crs:OGC:1.3:CRS84" } },
"features": [
{ "type": "Feature", "properties": { "geogrid_id": "5224731966019146470", "seqnum": 10362.0, "lat_c": 24.731966336644771, "lon_c": -19.146469788835397, "res": 8.0, "count_Insects": 0, "count_Flowering Plants": 0, "count_Mosses": 0, "count_Sac Fungi": 0, "count_Basidiomycota": 0, "count_Molluscs": 0, "count_Reptiles": 0, "count_Birds": 1, "count_Arachnids": 0, "count_Mammals": 0, "count_Ferns": 0, "count_Amphibians": 0, "count_Gymnosperms": 0, "unique_species_count": 1.0, "countryCode": "ES" }, "geometry": { "type": "MultiPolygon", "coordinates": [ [ [ [ -18.593110441266038, 24.587714028461043 ], [ -19.003333211259235, 24.278494129845374 ], [ -19.556518456321584, 24.42146199769147 ], [ -19.701358670472988, 24.874012775932762 ], [ -19.290560654230902, 25.185560197661825 ], [ -18.73545857896389, 25.042184907992482 ], [ -18.593110441266038, 24.587714028461043 ] ] ] ] } },
{ "type": "Feature", "properties": { "geogrid_id": "5225151627020815927", "seqnum": 10279.0, "lat_c": 25.151627181656927, "lon_c": -20.81592695685109, "res": 8.0, "count_Insects": 0, "count_Flowering Plants": 0, "count_Mosses": 0, "count_Sac Fungi": 0, "count_Basidiomycota": 0, "count_Molluscs": 0, "count_Reptiles": 0, "count_Birds": 0, "count_Arachnids": 0, "count_Mammals": 1, "count_Ferns": 0, "count_Amphibians": 0, "count_Gymnosperms": 0, "unique_species_count": 1.0, "countryCode": "ES" }, "geometry": { "type": "MultiPolygon", "coordinates": [ [ [ [ -20.257825784135122, 25.013886005447855 ], [ -20.667678011703458, 24.70105527418044 ], [ -21.225775612064851, 24.837780152288772 ], [ -21.375726613338909, 25.287287990909924 ], [ -20.965247978268799, 25.602326783452945 ], [ -20.405404846465036, 25.465597336137957 ], [ -20.257825784135122, 25.013886005447855 ] ] ] ] } },
{ "type": "Feature", "properties": { "geogrid_id": "5225496789018878777", "seqnum": 10281.0, "lat_c": 25.496789397154394, "lon_c": -18.878776746587175, "res": 8.0, "count_Insects": 0, "count_Flowering Plants": 0, "count_Mosses": 0, "count_Sac Fungi": 0, "count_Basidiomycota": 0, "count_Molluscs": 0, "count_Reptiles": 0, "count_Birds": 1, "count_Arachnids": 0, "count_Mammals": 3, "count_Ferns": 0, "count_Amphibians": 0, "count_Gymnosperms": 0, "unique_species_count": 4.0, "countryCode": "ES" }, "geometry": { "type": "MultiPolygon", "coordinates": [ [ [ [ -18.323381010539634, 25.351977195325585 ], [ -18.73545857896389, 25.042184907992482 ], [ -19.290560654230902, 25.185560197661825 ], [ -19.435664755867524, 25.639291290110787 ], [ -19.023125625800787, 25.951542323837874 ], [ -18.465900426352359, 25.807559585290772 ], [ -18.323381010539634, 25.351977195325585 ] ] ] ] } },
{ "type": "Feature", "properties": { "geogrid_id": "5225736924021526786", "seqnum": 10197.0, "lat_c": 25.736924107191353, "lon_c": -21.526785822132204, "res": 8.0, "count_Insects": 0, "count_Flowering Plants": 0, "count_Mosses": 0, "count_Sac Fungi": 0, "count_Basidiomycota": 0, "count_Molluscs": 0, "count_Reptiles": 0, "count_Birds": 0, "count_Arachnids": 0, "count_Mammals": 1, "count_Ferns": 0, "count_Amphibians": 0, "count_Gymnosperms": 0, "unique_species_count": 1.0, "countryCode": "ES" }, "geometry": { "type": "MultiPolygon", "coordinates": [ [ [ [ -20.965247978268799, 25.602326783452945 ], [ -21.375726613338909, 25.287287990909924 ], [ -21.937299588998645, 25.420933273918561 ], [ -22.090091519072736, 25.869450020557942 ], [ -21.679018154451025, 26.186707748769329 ], [ -21.115704586843908, 26.053172257720398 ], [ -20.965247978268799, 25.602326783452945 ] ] ] ] } },
{ "type": "Feature", "properties": { "geogrid_id": "5225819401016940841", "seqnum": 10283.0, "lat_c": 25.819400777182075, "lon_c": -16.940840783425759, "res": 8.0, "count_Insects": 0, "count_Flowering Plants": 0, "count_Mosses": 0, "count_Sac Fungi": 5, "count_Basidiomycota": 0, "count_Molluscs": 0, "count_Reptiles": 0, "count_Birds": 0, "count_Arachnids": 0, "count_Mammals": 2, "count_Ferns": 0, "count_Amphibians": 0, "count_Gymnosperms": 0, "unique_species_count": 7.0, "countryCode": "ES" }, "geometry": { "type": "MultiPolygon", "coordinates": [ [ [ [ -16.387446948748924, 25.666612987413334 ], [ -16.802881653108962, 25.361401704284415 ], [ -17.35580538807238, 25.512496699464524 ], [ -17.495627683669372, 25.969776497312417 ], [ -17.079759979511362, 26.277554663544496 ], [ -16.524459686755712, 26.125449490160108 ], [ -16.387446948748924, 25.666612987413334 ] ] ] ] } },
{ "type": "Feature", "properties": { "geogrid_id": "5225970903015970543", "seqnum": 10284.0, "lat_c": 25.970903236426985, "lon_c": -15.970543442224297, "res": 8.0, "count_Insects": 0, "count_Flowering Plants": 0, "count_Mosses": 0, "count_Sac Fungi": 0, "count_Basidiomycota": 0, "count_Molluscs": 0, "count_Reptiles": 0, "count_Birds": 0, "count_Arachnids": 0, "count_Mammals": 1, "count_Ferns": 0, "count_Amphibians": 0, "count_Gymnosperms": 0, "unique_species_count": 1.0, "countryCode": "ES" }, "geometry": { "type": "MultiPolygon", "coordinates": [ [ [ [ -15.417995631261299, 25.813919531029313 ], [ -15.83542727361357, 25.511413688252777 ], [ -16.387446948748924, 25.666612987413334 ], [ -16.524459686755712, 26.125449490160108 ], [ -16.106574986650568, 26.430547962351817 ], [ -15.552088208159178, 26.274183611186292 ], [ -15.417995631261299, 25.813919531029313 ] ] ] ] } },
{ "type": "Feature", "properties": { "geogrid_id": "5226427217017636461", "seqnum": 10201.0, "lat_c": 26.427216642594523, "lon_c": -17.636461492272812, "res": 8.0, "count_Insects": 0, "count_Flowering Plants": 0, "count_Mosses": 0, "count_Sac Fungi": 0, "count_Basidiomycota": 0, "count_Molluscs": 0, "count_Reptiles": 0, "count_Birds": 3, "count_Arachnids": 0, "count_Mammals": 3, "count_Ferns": 0, "count_Amphibians": 0, "count_Gymnosperms": 0, "unique_species_count": 6.0, "countryCode": "ES" }, "geometry": { "type": "MultiPolygon", "coordinates": [ [ [ [ -17.079759979511362, 26.277554663544496 ], [ -17.495627683669372, 25.969776497312417 ], [ -18.051828612524005, 26.117741597004716 ], [ -18.194583321682387, 26.574435138437053 ], [ -17.778372205646779, 26.884829421251563 ], [ -17.219702355280834, 26.735875195350705 ], [ -17.079759979511362, 26.277554663544496 ] ] ] ] } },
{ "type": "Feature", "properties": { "geogrid_id": "5226504182021267364", "seqnum": 10116.0, "lat_c": 26.504181981414497, "lon_c": -21.26736444504516, "res": 8.0, "count_Insects": 0, "count_Flowering Plants": 0, "count_Mosses": 0, "count_Sac Fungi": 0, "count_Basidiomycota": 0, "count_Molluscs": 0, "count_Reptiles": 0, "count_Birds": 0, "count_Arachnids": 0, "count_Mammals": 1, "count_Ferns": 0, "count_Amphibians": 0, "count_Gymnosperms": 0, "unique_species_count": 1.0, "countryCode": "ES" }, "geometry": { "type": "MultiPolygon", "coordinates": [ [ [ [ -20.703917659915128, 26.369467783093249 ], [ -21.115704586843908, 26.053172257720398 ], [ -21.679018154451025, 26.186707748769329 ], [ -21.832492915753352, 26.636658473075201 ], [ -21.420299821241748, 26.955374458654205 ], [ -20.854987659670265, 26.821661582742671 ], [ -20.703917659915128, 26.369467783093249 ] ] ] ] } },
{ "type": "Feature", "properties": { "geogrid_id": "5226584447016662442", "seqnum": 10202.0, "lat_c": 26.584446825662322, "lon_c": -16.662441729163469, "res": 8.0, "count_Insects": 0, "count_Flowering Plants": 0, "count_Mosses": 0, "count_Sac Fungi": 0, "count_Basidiomycota": 0, "count_Molluscs": 0, "count_Reptiles": 0, "count_Birds": 0, "count_Arachnids": 0, "count_Mammals": 4, "count_Ferns": 0, "count_Amphibians": 0, "count_Gymnosperms": 0, "unique_species_count": 4.0, "countryCode": "ES" }, "geometry": { "type": "MultiPolygon", "coordinates": [ [ [ [ -16.106574986650568, 26.430547962351817 ], [ -16.524459686755712, 26.125449490160108 ], [ -17.079759979511362, 26.277554663544496 ], [ -17.219702355280834, 26.735875195350705 ], [ -16.801457435204163, 27.043615999708937 ], [ -16.243583915806287, 26.890358554620924 ], [ -16.106574986650568, 26.430547962351817 ] ] ] ] } },
{ "type": "Feature", "properties": { "geogrid_id": "5226734608015687102", "seqnum": 10203.0, "lat_c": 26.734607774580553, "lon_c": -15.687102004327988, "res": 8.0, "count_Insects": 0, "count_Flowering Plants": 0, "count_Mosses": 0, "count_Sac Fungi": 0, "count_Basidiomycota": 0, "count_Molluscs": 0, "count_Reptiles": 0, "count_Birds": 1, "count_Arachnids": 0, "count_Mammals": 2, "count_Ferns": 0, "count_Amphibians": 0, "count_Gymnosperms": 0, "unique_species_count": 3.0, "countryCode": "ES" }, "geometry": { "type": "MultiPolygon", "coordinates": [ [ [ [ -15.132000546900271, 26.576371006477885 ], [ -15.552088208159178, 26.274183611186292 ], [ -16.106574986650568, 26.430547962351817 ], [ -16.243583915806287, 26.890358554620924 ], [ -15.823100061247546, 27.195201950761881 ], [ -15.265958378661404, 27.037546299986072 ], [ -15.132000546900271, 26.576371006477885 ] ] ] ] } },
{ "type": "Feature", "properties": { "geogrid_id": "5227031307018338468", "seqnum": 10119.0, "lat_c": 27.031307491340776, "lon_c": -18.33846839651136, "res": 8.0, "count_Insects": 0, "count_Flowering Plants": 0, "count_Mosses": 0, "count_Sac Fungi": 0, "count_Basidiomycota": 0, "count_Molluscs": 0, "count_Reptiles": 0, "count_Birds": 3, "count_Arachnids": 0, "count_Mammals": 0, "count_Ferns": 0, "count_Amphibians": 0, "count_Gymnosperms": 0, "unique_species_count": 3.0, "countryCode": "ES" }, "geometry": { "type": "MultiPolygon", "coordinates": [ [ [ [ -17.778372205646779, 26.884829421251563 ], [ -18.194583321682387, 26.574435138437053 ], [ -18.754146933354178, 26.719212072623794 ], [ -18.900010249550171, 27.175309383501943 ], [ -18.483555777366561, 27.488371010795017 ], [ -17.921429146673038, 27.342626661170566 ], [ -17.778372205646779, 26.884829421251563 ] ] ] ] } },
{ "type": "Feature", "properties": { "geogrid_id": "5227194374017360735", "seqnum": 10120.0, "lat_c": 27.194373754727234, "lon_c": -17.360734707168419, "res": 8.0, "count_Insects": 0, "count_Flowering Plants": 1, "count_Mosses": 0, "count_Sac Fungi": 0, "count_Basidiomycota": 0, "count_Molluscs": 0, "count_Reptiles": 1, "count_Birds": 4, "count_Arachnids": 0, "count_Mammals": 5, "count_Ferns": 0, "count_Amphibians": 0, "count_Gymnosperms": 0, "unique_species_count": 11.0, "countryCode": "ES" }, "geometry": { "type": "MultiPolygon", "coordinates": [ [ [ [ -16.801457435204163, 27.043615999708937 ], [ -17.219702355280834, 26.735875195350705 ], [ -17.778372205646779, 26.884829421251563 ], [ -17.921429146673038, 27.342626661170566 ], [ -17.502927849910968, 27.653061164594394 ], [ -16.941574923479283, 27.502967479719047 ], [ -16.801457435204163, 27.043615999708937 ] ] ] ] } },
{ "type": "Feature", "properties": { "geogrid_id": "5227350345016381636", "seqnum": 10121.0, "lat_c": 27.350345186042645, "lon_c": -16.381635758780874, "res": 8.0, "count_Insects": 0, "count_Flowering Plants": 0, "count_Mosses": 0, "count_Sac Fungi": 0, "count_Basidiomycota": 0, "count_Molluscs": 1, "count_Reptiles": 0, "count_Birds": 3, "count_Arachnids": 0, "count_Mammals": 3, "count_Ferns": 0, "count_Amphibians": 0, "count_Gymnosperms": 0, "unique_species_count": 7.0, "countryCode": "ES" }, "geometry": { "type": "MultiPolygon", "coordinates": [ [ [ [ -15.823100061247546, 27.195201950761881 ], [ -16.243583915806287, 26.890358554620924 ], [ -16.801457435204163, 27.043615999708937 ], [ -16.941574923479283, 27.502967479719047 ], [ -16.520799874470185, 27.810517406972085 ], [ -15.960149002907, 27.655975479881683 ], [ -15.823100061247546, 27.195201950761881 ] ] ] ] } },
{ "type": "Feature", "properties": { "geogrid_id": "5227455897020027523", "seqnum": 10036.0, "lat_c": 27.455897262555037, "lon_c": -20.027522519840275, "res": 8.0, "count_Insects": 0, "count_Flowering Plants": 0, "count_Mosses": 0, "count_Sac Fungi": 0, "count_Basidiomycota": 0, "count_Molluscs": 0, "count_Reptiles": 0, "count_Birds": 1, "count_Arachnids": 0, "count_Mammals": 1, "count_Ferns": 0, "count_Amphibians": 0, "count_Gymnosperms": 0, "unique_species_count": 2.0, "countryCode": "ES" }, "geometry": { "type": "MultiPolygon", "coordinates": [ [ [ [ -19.463019815998596, 27.316837507149298 ], [ -19.877700566773516, 27.001463013234119 ], [ -20.441750849288947, 27.1389569248181 ], [ -20.59354795247534, 27.592497755872202 ], [ -20.17871250339731, 27.91054464299954 ], [ -19.612176313639985, 27.77232844047694 ], [ -19.463019815998596, 27.316837507149298 ] ] ] ] } },
{ "type": "Feature", "properties": { "geogrid_id": "5227498895015400906", "seqnum": 10122.0, "lat_c": 27.498894958097747, "lon_c": -15.400906101443015, "res": 8.0, "count_Insects": 408, "count_Flowering Plants": 538, "count_Mosses": 0, "count_Sac Fungi": 13, "count_Basidiomycota": 6, "count_Molluscs": 165, "count_Reptiles": 15, "count_Birds": 181, "count_Arachnids": 27, "count_Mammals": 21, "count_Ferns": 5, "count_Amphibians": 1, "count_Gymnosperms": 4, "unique_species_count": 1384.0, "countryCode": "ES" }, "geometry": { "type": "MultiPolygon", "coordinates": [ [ [ [ -14.843063957635824, 27.339286106540612 ], [ -15.265958378661404, 27.037546299986072 ], [ -15.823100061247546, 27.195201950761881 ], [ -15.960149002907, 27.655975479881683 ], [ -15.536911359848933, 27.960425494810114 ], [ -14.976920269276143, 27.80136074916075 ], [ -14.843063957635824, 27.339286106540612 ] ] ] ] } },
{ "type": "Feature", "properties": { "geogrid_id": "5227631605019047132", "seqnum": 10037.0, "lat_c": 27.631604862339344, "lon_c": -19.047131643385821, "res": 8.0, "count_Insects": 0, "count_Flowering Plants": 0, "count_Mosses": 0, "count_Sac Fungi": 0, "count_Basidiomycota": 0, "count_Molluscs": 0, "count_Reptiles": 0, "count_Birds": 0, "count_Arachnids": 0, "count_Mammals": 2, "count_Ferns": 0, "count_Amphibians": 0, "count_Gymnosperms": 0, "unique_species_count": 2.0, "countryCode": "ES" }, "geometry": { "type": "MultiPolygon", "coordinates": [ [ [ [ -18.483555777366561, 27.488371010795017 ], [ -18.900010249550171, 27.175309383501943 ], [ -19.463019815998596, 27.316837507149298 ], [ -19.612176313639985, 27.77232844047694 ], [ -19.195590702289071, 28.088110886922227 ], [ -18.629922009347371, 27.945637460419348 ], [ -18.483555777366561, 27.488371010795017 ] ] ] ] } },
{ "type": "Feature", "properties": { "geogrid_id": "5227639754014418341", "seqnum": 10123.0, "lat_c": 27.639754419403602, "lon_c": -14.418340696298483, "res": 8.0, "count_Insects": 7, "count_Flowering Plants": 30, "count_Mosses": 0, "count_Sac Fungi": 0, "count_Basidiomycota": 0, "count_Molluscs": 94, "count_Reptiles": 3, "count_Birds": 42, "count_Arachnids": 0, "count_Mammals": 7, "count_Ferns": 0, "count_Amphibians": 0, "count_Gymnosperms": 0, "unique_species_count": 183.0, "countryCode": "ES" }, "geometry": { "type": "MultiPolygon", "coordinates": [ [ [ [ -13.86116731891145, 27.475618501128782 ], [ -14.286615675467571, 27.177159689668763 ], [ -14.843063957635824, 27.339286106540612 ], [ -14.976920269276143, 27.80136074916075 ], [ -14.551062984613029, 28.102527172652909 ], [ -13.99171256120032, 27.93888263670593 ], [ -13.86116731891145, 27.475618501128782 ] ] ] ] } },
{ "type": "Feature", "properties": { "geogrid_id": "5227772698013433784", "seqnum": 10124.0, "lat_c": 27.772698482028797, "lon_c": -13.43378407041244, "res": 8.0, "count_Insects": 0, "count_Flowering Plants": 0, "count_Mosses": 0, "count_Sac Fungi": 0, "count_Basidiomycota": 0, "count_Molluscs": 0, "count_Reptiles": 0, "count_Birds": 0, "count_Arachnids": 0, "count_Mammals": 2, "count_Ferns": 0, "count_Amphibians": 0, "count_Gymnosperms": 0, "unique_species_count": 2.0, "countryCode": "ES" }, "geometry": { "type": "MultiPolygon", "coordinates": [ [ [ [ -12.877273210248076, 27.603987877551905 ], [ -13.305394769934734, 27.308965269206265 ], [ -13.86116731891145, 27.475618501128782 ], [ -13.99171256120032, 27.93888263670593 ], [ -13.563105441271007, 28.23660589308054 ], [ -13.004394967213496, 28.068337556445304 ], [ -12.877273210248076, 27.603987877551905 ] ] ] ] } },
{ "type": "Feature", "properties": { "geogrid_id": "5227800620018065706", "seqnum": 10038.0, "lat_c": 27.800619612912136, "lon_c": -18.06570593747491, "res": 8.0, "count_Insects": 175, "count_Flowering Plants": 658, "count_Mosses": 5, "count_Sac Fungi": 69, "count_Basidiomycota": 7, "count_Molluscs": 196, "count_Reptiles": 6, "count_Birds": 56, "count_Arachnids": 31, "count_Mammals": 21, "count_Ferns": 30, "count_Amphibians": 1, "count_Gymnosperms": 8, "unique_species_count": 1263.0, "countryCode": "ES" }, "geometry": { "type": "MultiPolygon", "coordinates": [ [ [ [ -17.502927849910968, 27.653061164594394 ], [ -17.921429146673038, 27.342626661170566 ], [ -18.483555777366561, 27.488371010795017 ], [ -18.629922009347371, 27.945637460419348 ], [ -18.211280907990773, 28.25881880861926 ], [ -17.646356987998693, 28.111947560137075 ], [ -17.502927849910968, 27.653061164594394 ] ] ] ] } },
{ "type": "Feature", "properties": { "geogrid_id": "5227858382021730312", "seqnum": 9953.0, "lat_c": 27.858381730413125, "lon_c": -21.7303123927252, "res": 8.0, "count_Insects": 0, "count_Flowering Plants": 0, "count_Mosses": 0, "count_Sac Fungi": 0, "count_Basidiomycota": 0, "count_Molluscs": 0, "count_Reptiles": 0, "count_Birds": 0, "count_Arachnids": 0, "count_Mammals": 1, "count_Ferns": 0, "count_Amphibians": 0, "count_Gymnosperms": 0, "unique_species_count": 1.0, "countryCode": "ES" }, "geometry": { "type": "MultiPolygon", "coordinates": [ [ [ [ -21.161130861761322, 27.7266527222726 ], [ -21.574588104946816, 27.406768226212179 ], [ -22.143471960205407, 27.537140520396285 ], [ -22.301141657294412, 27.987711771836565 ], [ -21.887562156283145, 28.31023316828632 ], [ -21.316370857746609, 28.179483977959698 ], [ -21.161130861761322, 27.7266527222726 ] ] ] ] } },
{ "type": "Feature", "properties": { "geogrid_id": "5227962511017082866", "seqnum": 10039.0, "lat_c": 27.962511077661564, "lon_c": -17.082866410636274, "res": 8.0, "count_Insects": 845, "count_Flowering Plants": 1104, "count_Mosses": 39, "count_Sac Fungi": 148, "count_Basidiomycota": 39, "count_Molluscs": 302, "count_Reptiles": 21, "count_Birds": 201, "count_Arachnids": 102, "count_Mammals": 30, "count_Ferns": 32, "count_Amphibians": 2, "count_Gymnosperms": 9, "unique_species_count": 2874.0, "countryCode": "ES" }, "geometry": { "type": "MultiPolygon", "coordinates": [ [ [ [ -16.520799874470185, 27.810517406972085 ], [ -16.941574923479283, 27.502967479719047 ], [ -17.502927849910968, 27.653061164594394 ], [ -17.646356987998693, 28.111947560137075 ], [ -17.225408585420343, 28.422255813297319 ], [ -16.661149792551214, 28.270884021370389 ], [ -16.520799874470185, 27.810517406972085 ] ] ] ] } },
{ "type": "Feature", "properties": { "geogrid_id": "5228046260020746767", "seqnum": 9954.0, "lat_c": 28.046259691909999, "lon_c": -20.746766845919872, "res": 8.0, "count_Insects": 0, "count_Flowering Plants": 0, "count_Mosses": 0, "count_Sac Fungi": 0, "count_Basidiomycota": 0, "count_Molluscs": 0, "count_Reptiles": 0, "count_Birds": 0, "count_Arachnids": 0, "count_Mammals": 1, "count_Ferns": 0, "count_Amphibians": 0, "count_Gymnosperms": 0, "unique_species_count": 1.0, "countryCode": "ES" }, "geometry": { "type": "MultiPolygon", "coordinates": [ [ [ [ -20.17871250339731, 27.91054464299954 ], [ -20.59354795247534, 27.592497755872202 ], [ -21.161130861761322, 27.7266527222726 ], [ -21.316370857746609, 28.179483977959698 ], [ -20.901496979154096, 28.500257762658869 ], [ -20.331356557105927, 28.365419141536595 ], [ -20.17871250339731, 27.91054464299954 ] ] ] ] } },
{ "type": "Feature", "properties": { "geogrid_id": "5228116937016098319", "seqnum": 10040.0, "lat_c": 28.116937000285429, "lon_c": -16.098319347481098, "res": 8.0, "count_Insects": 1212, "count_Flowering Plants": 1355, "count_Mosses": 81, "count_Sac Fungi": 266, "count_Basidiomycota": 138, "count_Molluscs": 286, "count_Reptiles": 16, "count_Birds": 185, "count_Arachnids": 127, "count_Mammals": 29, "count_Ferns": 42, "count_Amphibians": 2, "count_Gymnosperms": 16, "unique_species_count": 3755.0, "countryCode": "ES" }, "geometry": { "type": "MultiPolygon", "coordinates": [ [ [ [ -15.536911359848933, 27.960425494810114 ], [ -15.960149002907, 27.655975479881683 ], [ -16.520799874470185, 27.810517406972085 ], [ -16.661149792551214, 28.270884021370389 ], [ -16.23768585007393, 28.578094318549979 ], [ -15.674045751334257, 28.422145647892702 ], [ -15.536911359848933, 27.960425494810114 ] ] ] ] } },
{ "type": "Feature", "properties": { "geogrid_id": "5228228038019762729", "seqnum": 9955.0, "lat_c": 28.228037970826776, "lon_c": -19.762728946062971, "res": 8.0, "count_Insects": 0, "count_Flowering Plants": 0, "count_Mosses": 0, "count_Sac Fungi": 0, "count_Basidiomycota": 0, "count_Molluscs": 0, "count_Reptiles": 0, "count_Birds": 0, "count_Arachnids": 0, "count_Mammals": 1, "count_Ferns": 0, "count_Amphibians": 0, "count_Gymnosperms": 0, "unique_species_count": 1.0, "countryCode": "ES" }, "geometry": { "type": "MultiPolygon", "coordinates": [ [ [ [ -19.195590702289071, 28.088110886922227 ], [ -19.612176313639985, 27.77232844047694 ], [ -20.17871250339731, 27.91054464299954 ], [ -20.331356557105927, 28.365419141536595 ], [ -19.914766320665951, 28.683978423241602 ], [ -19.345472450353192, 28.544839065305755 ], [ -19.195590702289071, 28.088110886922227 ] ] ] ] } },
{ "type": "Feature", "properties": { "geogrid_id": "5228263619015111839", "seqnum": 10041.0, "lat_c": 28.263619099582087, "lon_c": -15.111839410641119, "res": 8.0, "count_Insects": 479, "count_Flowering Plants": 837, "count_Mosses": 14, "count_Sac Fungi": 41, "count_Basidiomycota": 14, "count_Molluscs": 154, "count_Reptiles": 17, "count_Birds": 124, "count_Arachnids": 52, "count_Mammals": 22, "count_Ferns": 23, "count_Amphibians": 3, "count_Gymnosperms": 12, "unique_species_count": 1792.0, "countryCode": "ES" }, "geometry": { "type": "MultiPolygon", "coordinates": [ [ [ [ -14.551062984613029, 28.102527172652909 ], [ -14.976920269276143, 27.80136074916075 ], [ -15.536911359848933, 27.960425494810114 ], [ -15.674045751334257, 28.422145647892702 ], [ -15.247893979587989, 28.726068011872879 ], [ -14.684852006626876, 28.565484851122232 ], [ -14.551062984613029, 28.102527172652909 ] ] ] ] } },
{ "type": "Feature", "properties": { "geogrid_id": "5228402326014123257", "seqnum": 10042.0, "lat_c": 28.402326257036169, "lon_c": -14.123256751579925, "res": 8.0, "count_Insects": 419, "count_Flowering Plants": 658, "count_Mosses": 4, "count_Sac Fungi": 28, "count_Basidiomycota": 3, "count_Molluscs": 295, "count_Reptiles": 14, "count_Birds": 278, "count_Arachnids": 43, "count_Mammals": 29, "count_Ferns": 4, "count_Amphibians": 2, "count_Gymnosperms": 5, "unique_species_count": 1782.0, "countryCode": "ES" }, "geometry": { "type": "MultiPolygon", "coordinates": [ [ [ [ -13.563105441271007, 28.23660589308054 ], [ -13.99171256120032, 27.93888263670593 ], [ -14.551062984613029, 28.102527172652909 ], [ -14.684852006626876, 28.565484851122232 ], [ -14.255870159031469, 28.865955486065989 ], [ -13.693426062958087, 28.700693763994664 ], [ -13.563105441271007, 28.23660589308054 ] ] ] ] } },
{ "type": "Feature", "properties": { "geogrid_id": "5228403118018777649", "seqnum": 9956.0, "lat_c": 28.403117857542561, "lon_c": -18.777648693083126, "res": 8.0, "count_Insects": 1, "count_Flowering Plants": 0, "count_Mosses": 0, "count_Sac Fungi": 0, "count_Basidiomycota": 0, "count_Molluscs": 0, "count_Reptiles": 0, "count_Birds": 0, "count_Arachnids": 0, "count_Mammals": 1, "count_Ferns": 0, "count_Amphibians": 0, "count_Gymnosperms": 0, "unique_species_count": 2.0, "countryCode": "ES" }, "geometry": { "type": "MultiPolygon", "coordinates": [ [ [ [ -18.211280907990773, 28.25881880861926 ], [ -18.629922009347371, 27.945637460419348 ], [ -19.195590702289071, 28.088110886922227 ], [ -19.345472450353192, 28.544839065305755 ], [ -18.926822987731974, 28.860822288864863 ], [ -18.358237550192477, 28.717233895207748 ], [ -18.211280907990773, 28.25881880861926 ] ] ] ] } },
{ "type": "Feature", "properties": { "geogrid_id": "5228532863013132447", "seqnum": 10043.0, "lat_c": 28.532862665896936, "lon_c": -13.132447065029929, "res": 8.0, "count_Insects": 0, "count_Flowering Plants": 0, "count_Mosses": 0, "count_Sac Fungi": 0, "count_Basidiomycota": 0, "count_Molluscs": 2, "count_Reptiles": 0, "count_Birds": 2, "count_Arachnids": 0, "count_Mammals": 7, "count_Ferns": 0, "count_Amphibians": 0, "count_Gymnosperms": 0, "unique_species_count": 11.0, "countryCode": "ES" }, "geometry": { "type": "MultiPolygon", "coordinates": [ [ [ [ -12.572930756050589, 28.362476648370851 ], [ -13.004394967213496, 28.068337556445304 ], [ -13.563105441271007, 28.23660589308054 ], [ -13.693426062958087, 28.700693763994664 ], [ -13.261497311552345, 28.997568786399526 ], [ -12.69966692400585, 28.827594419723294 ], [ -12.572930756050589, 28.362476648370851 ] ] ] ] } },
{ "type": "Feature", "properties": { "geogrid_id": "5228571042017791102", "seqnum": 9957.0, "lat_c": 28.571042237806047, "lon_c": -17.791102127219542, "res": 8.0, "count_Insects": 543, "count_Flowering Plants": 1043, "count_Mosses": 47, "count_Sac Fungi": 160, "count_Basidiomycota": 103, "count_Molluscs": 228, "count_Reptiles": 10, "count_Birds": 141, "count_Arachnids": 54, "count_Mammals": 24, "count_Ferns": 43, "count_Amphibians": 2, "count_Gymnosperms": 13, "unique_species_count": 2411.0, "countryCode": "ES" }, "geometry": { "type": "MultiPolygon", "coordinates": [ [ [ [ -17.225408585420343, 28.422255813297319 ], [ -17.646356987998693, 28.111947560137075 ], [ -18.211280907990773, 28.25881880861926 ], [ -18.358237550192477, 28.717233895207748 ], [ -17.937248531335136, 29.030353477960173 ], [ -17.369283022401085, 28.88220975446464 ], [ -17.225408585420343, 28.422255813297319 ] ] ] ] } },
{ "type": "Feature", "properties": { "geogrid_id": "5228632561021473178", "seqnum": 9872.0, "lat_c": 28.632560892064447, "lon_c": -21.473178214658084, "res": 8.0, "count_Insects": 0, "count_Flowering Plants": 0, "count_Mosses": 0, "count_Sac Fungi": 0, "count_Basidiomycota": 0, "count_Molluscs": 0, "count_Reptiles": 0, "count_Birds": 0, "count_Arachnids": 0, "count_Mammals": 1, "count_Ferns": 0, "count_Amphibians": 0, "count_Gymnosperms": 0, "unique_species_count": 1.0, "countryCode": "ES" }, "geometry": { "type": "MultiPolygon", "coordinates": [ [ [ [ -20.901496979154096, 28.500257762658869 ], [ -21.316370857746609, 28.179483977959698 ], [ -21.887562156283145, 28.31023316828632 ], [ -22.046434006398279, 28.762340284005326 ], [ -21.63165329940405, 29.085898971970586 ], [ -21.057834628197416, 28.954506210138941 ], [ -20.901496979154096, 28.500257762658869 ] ] ] ] } },
{ "type": "Feature", "properties": { "geogrid_id": "5228655059012139324", "seqnum": 10044.0, "lat_c": 28.655059366138961, "lon_c": -12.139323827041089, "res": 8.0, "count_Insects": 0, "count_Flowering Plants": 0, "count_Mosses": 0, "count_Sac Fungi": 0, "count_Basidiomycota": 0, "count_Molluscs": 0, "count_Reptiles": 0, "count_Birds": 2, "count_Arachnids": 0, "count_Mammals": 0, "count_Ferns": 0, "count_Amphibians": 0, "count_Gymnosperms": 0, "unique_species_count": 2.0, "countryCode": "ES" }, "geometry": { "type": "MultiPolygon", "coordinates": [ [ [ [ -11.580465460028169, 28.479978639578988 ], [ -12.014874214292318, 28.189550218639351 ], [ -12.572930756050589, 28.362476648370851 ], [ -12.69966692400585, 28.827594419723294 ], [ -12.264696202216747, 29.120745285040009 ], [ -11.70350815299671, 28.946031716497135 ], [ -11.580465460028169, 28.479978639578988 ] ] ] ] } },
{ "type": "Feature", "properties": { "geogrid_id": "5228731453016802764", "seqnum": 9958.0, "lat_c": 28.731452942815654, "lon_c": -16.802763589491523, "res": 8.0, "count_Insects": 801, "count_Flowering Plants": 1221, "count_Mosses": 48, "count_Sac Fungi": 132, "count_Basidiomycota": 81, "count_Molluscs": 132, "count_Reptiles": 16, "count_Birds": 154, "count_Arachnids": 84, "count_Mammals": 17, "count_Ferns": 40, "count_Amphibians": 2, "count_Gymnosperms": 18, "unique_species_count": 2746.0, "countryCode": "ES" }, "geometry": { "type": "MultiPolygon", "coordinates": [ [ [ [ -16.23768585007393, 28.578094318549979 ], [ -16.661149792551214, 28.270884021370389 ], [ -17.225408585420343, 28.422255813297319 ], [ -17.369283022401085, 28.88220975446464 ], [ -16.94572430376536, 29.192231027219307 ], [ -16.378327880118373, 29.039454259220996 ], [ -16.23768585007393, 28.578094318549979 ] ] ] ] } },
{ "type": "Feature", "properties": { "geogrid_id": "5228820534020485547", "seqnum": 9873.0, "lat_c": 28.820533951281309, "lon_c": -20.485547037581561, "res": 8.0, "count_Insects": 0, "count_Flowering Plants": 0, "count_Mosses": 0, "count_Sac Fungi": 0, "count_Basidiomycota": 0, "count_Molluscs": 1, "count_Reptiles": 0, "count_Birds": 1, "count_Arachnids": 0, "count_Mammals": 0, "count_Ferns": 0, "count_Amphibians": 0, "count_Gymnosperms": 0, "unique_species_count": 2.0, "countryCode": "ES" }, "geometry": { "type": "MultiPolygon", "coordinates": [ [ [ [ -19.914766320665951, 28.683978423241602 ], [ -20.331356557105927, 28.365419141536595 ], [ -20.901496979154096, 28.500257762658869 ], [ -21.057834628197416, 28.954506210138941 ], [ -20.641383316860072, 29.275901223026128 ], [ -20.068383523969189, 29.140161111127643 ], [ -19.914766320665951, 28.683978423241602 ] ] ] ] } },
{ "type": "Feature", "properties": { "geogrid_id": "5228884062015812385", "seqnum": 9959.0, "lat_c": 28.884062243706421, "lon_c": -15.812385170249105, "res": 8.0, "count_Insects": 115, "count_Flowering Plants": 288, "count_Mosses": 8, "count_Sac Fungi": 27, "count_Basidiomycota": 6, "count_Molluscs": 9, "count_Reptiles": 3, "count_Birds": 27, "count_Arachnids": 8, "count_Mammals": 6, "count_Ferns": 15, "count_Amphibians": 1, "count_Gymnosperms": 0, "unique_species_count": 513.0, "countryCode": "ES" }, "geometry": { "type": "MultiPolygon", "coordinates": [ [ [ [ -15.247893979587989, 28.726068011872879 ], [ -15.674045751334257, 28.422145647892702 ], [ -16.23768585007393, 28.578094318549979 ], [ -16.378327880118373, 29.039454259220996 ], [ -15.952010186129463, 29.346181041578664 ], [ -15.385160925036438, 29.188713354866771 ], [ -15.247893979587989, 28.726068011872879 ] ] ] ] } },
{ "type": "Feature", "properties": { "geogrid_id": "5229001800019496868", "seqnum": 9874.0, "lat_c": 29.001800032091719, "lon_c": -19.496867907343688, "res": 8.0, "count_Insects": 0, "count_Flowering Plants": 0, "count_Mosses": 0, "count_Sac Fungi": 0, "count_Basidiomycota": 0, "count_Molluscs": 2, "count_Reptiles": 0, "count_Birds": 1, "count_Arachnids": 0, "count_Mammals": 0, "count_Ferns": 0, "count_Amphibians": 0, "count_Gymnosperms": 0, "unique_species_count": 3.0, "countryCode": "ES" }, "geometry": { "type": "MultiPolygon", "coordinates": [ [ [ [ -18.926822987731974, 28.860822288864863 ], [ -19.345472450353192, 28.544839065305755 ], [ -19.914766320665951, 28.683978423241602 ], [ -20.068383523969189, 29.140161111127643 ], [ -19.649874716158692, 29.459003204113316 ], [ -19.077538173242342, 29.318759691070561 ], [ -18.926822987731974, 28.860822288864863 ] ] ] ] } },
{ "type": "Feature", "properties": { "geogrid_id": "5229028633014819781", "seqnum": 9960.0, "lat_c": 29.028633446646221, "lon_c": -14.819781282898546, "res": 8.0, "count_Insects": 0, "count_Flowering Plants": 0, "count_Mosses": 0, "count_Sac Fungi": 2, "count_Basidiomycota": 0, "count_Molluscs": 0, "count_Reptiles": 0, "count_Birds": 0, "count_Arachnids": 0, "count_Mammals": 2, "count_Ferns": 0, "count_Amphibians": 0, "count_Gymnosperms": 0, "unique_species_count": 4.0, "countryCode": "ES" }, "geometry": { "type": "MultiPolygon", "coordinates": [ [ [ [ -14.255870159031469, 28.865955486065989 ], [ -14.684852006626876, 28.565484851122232 ], [ -15.247893979587989, 28.726068011872879 ], [ -15.385160925036438, 29.188713354866771 ], [ -14.955928733780178, 29.491977897820981 ], [ -14.389627150310556, 29.329775478694863 ], [ -14.255870159031469, 28.865955486065989 ] ] ] ] } },
{ "type": "Feature", "properties": { "geogrid_id": "5229164967013824817", "seqnum": 9961.0, "lat_c": 29.164967464362547, "lon_c": -13.824816936406256, "res": 8.0, "count_Insects": 485, "count_Flowering Plants": 635, "count_Mosses": 3, "count_Sac Fungi": 55, "count_Basidiomycota": 8, "count_Molluscs": 438, "count_Reptiles": 7, "count_Birds": 205, "count_Arachnids": 43, "count_Mammals": 27, "count_Ferns": 12, "count_Amphibians": 1, "count_Gymnosperms": 3, "unique_species_count": 1922.0, "countryCode": "ES" }, "geometry": { "type": "MultiPolygon", "coordinates": [ [ [ [ -13.261497311552345, 28.997568786399526 ], [ -13.693426062958087, 28.700693763994664 ], [ -14.255870159031469, 28.865955486065989 ], [ -14.389627150310556, 29.329775478694863 ], [ -13.95735319924918, 29.629431340595914 ], [ -13.391617369746555, 29.462460559224152 ], [ -13.261497311552345, 28.997568786399526 ] ] ] ] } },
{ "type": "Feature", "properties": { "geogrid_id": "5229175873018506665", "seqnum": 9875.0, "lat_c": 29.17587343720519, "lon_c": -18.506665023888793, "res": 8.0, "count_Insects": 0, "count_Flowering Plants": 0, "count_Mosses": 0, "count_Sac Fungi": 0, "count_Basidiomycota": 0, "count_Molluscs": 0, "count_Reptiles": 0, "count_Birds": 3, "count_Arachnids": 0, "count_Mammals": 1, "count_Ferns": 0, "count_Amphibians": 0, "count_Gymnosperms": 0, "unique_species_count": 4.0, "countryCode": "ES" }, "geometry": { "type": "MultiPolygon", "coordinates": [ [ [ [ -17.937248531335136, 29.030353477960173 ], [ -18.358237550192477, 28.717233895207748 ], [ -18.926822987731974, 28.860822288864863 ], [ -19.077538173242342, 29.318759691070561 ], [ -18.656658720914784, 29.634744683724534 ], [ -18.084887229629746, 29.489888336549484 ], [ -17.937248531335136, 29.030353477960173 ] ] ] ] } },
{ "type": "Feature", "properties": { "geogrid_id": "5229292893012827399", "seqnum": 9962.0, "lat_c": 29.292893386021667, "lon_c": -12.82739870836209, "res": 8.0, "count_Insects": 0, "count_Flowering Plants": 0, "count_Mosses": 0, "count_Sac Fungi": 0, "count_Basidiomycota": 0, "count_Molluscs": 0, "count_Reptiles": 0, "count_Birds": 14, "count_Arachnids": 0, "count_Mammals": 8, "count_Ferns": 0, "count_Amphibians": 0, "count_Gymnosperms": 0, "unique_species_count": 22.0, "countryCode": "ES" }, "geometry": { "type": "MultiPolygon", "coordinates": [ [ [ [ -12.264696202216747, 29.120745285040009 ], [ -12.69966692400585, 28.827594419723294 ], [ -13.261497311552345, 28.997568786399526 ], [ -13.391617369746555, 29.462460559224152 ], [ -12.956198365061255, 29.758377488373792 ], [ -12.391060207364639, 29.586612266779866 ], [ -12.264696202216747, 29.120745285040009 ] ] ] ] } },
{ "type": "Feature", "properties": { "geogrid_id": "5229342380017514577", "seqnum": 9876.0, "lat_c": 29.342379830552566, "lon_c": -17.514576640253072, "res": 8.0, "count_Insects": 0, "count_Flowering Plants": 0, "count_Mosses": 0, "count_Sac Fungi": 0, "count_Basidiomycota": 0, "count_Molluscs": 0, "count_Reptiles": 0, "count_Birds": 3, "count_Arachnids": 0, "count_Mammals": 0, "count_Ferns": 0, "count_Amphibians": 0, "count_Gymnosperms": 0, "unique_species_count": 3.0, "countryCode": "ES" }, "geometry": { "type": "MultiPolygon", "coordinates": [ [ [ [ -16.94572430376536, 29.192231027219307 ], [ -17.369283022401085, 28.88220975446464 ], [ -17.937248531335136, 29.030353477960173 ], [ -18.084887229629746, 29.489888336549484 ], [ -17.661382210133322, 29.802771614620628 ], [ -17.09012039499703, 29.653223878445392 ], [ -16.94572430376536, 29.192231027219307 ] ] ] ] } },
{ "type": "Feature", "properties": { "geogrid_id": "5229412262011827468", "seqnum": 9963.0, "lat_c": 29.412261767670497, "lon_c": -11.827467711546722, "res": 8.0, "count_Insects": 0, "count_Flowering Plants": 0, "count_Mosses": 0, "count_Sac Fungi": 0, "count_Basidiomycota": 0, "count_Molluscs": 0, "count_Reptiles": 0, "count_Birds": 1, "count_Arachnids": 0, "count_Mammals": 1, "count_Ferns": 0, "count_Amphibians": 0, "count_Gymnosperms": 0, "unique_species_count": 2.0, "countryCode": "ES" }, "geometry": { "type": "MultiPolygon", "coordinates": [ [ [ [ -11.265419234020788, 29.235341845348536 ], [ -11.70350815299671, 28.946031716497135 ], [ -12.264696202216747, 29.120745285040009 ], [ -12.391060207364639, 29.586612266779866 ], [ -11.952413436708937, 29.878672479788918 ], [ -11.387915832847776, 29.702092485786213 ], [ -11.265419234020788, 29.235341845348536 ] ] ] ] } },
{ "type": "Feature", "properties": { "geogrid_id": "5229501022016520330", "seqnum": 9877.0, "lat_c": 29.501022491051902, "lon_c": -16.520329837476183, "res": 8.0, "count_Insects": 0, "count_Flowering Plants": 0, "count_Mosses": 0, "count_Sac Fungi": 0, "count_Basidiomycota": 0, "count_Molluscs": 0, "count_Reptiles": 0, "count_Birds": 1, "count_Arachnids": 0, "count_Mammals": 1, "count_Ferns": 0, "count_Amphibians": 0, "count_Gymnosperms": 0, "unique_species_count": 2.0, "countryCode": "ES" }, "geometry": { "type": "MultiPolygon", "coordinates": [ [ [ [ -15.952010186129463, 29.346181041578664 ], [ -16.378327880118373, 29.039454259220996 ], [ -16.94572430376536, 29.192231027219307 ], [ -17.09012039499703, 29.653223878445392 ], [ -16.663781611802758, 29.962803326011322 ], [ -16.093006460154843, 29.808506554595645 ], [ -15.952010186129463, 29.346181041578664 ] ] ] ] } },
{ "type": "Feature", "properties": { "geogrid_id": "5229776938019229894", "seqnum": 9793.0, "lat_c": 29.776937589749728, "lon_c": -19.22989427998953, "res": 8.0, "count_Insects": 0, "count_Flowering Plants": 0, "count_Mosses": 0, "count_Sac Fungi": 0, "count_Basidiomycota": 0, "count_Molluscs": 3, "count_Reptiles": 0, "count_Birds": 0, "count_Arachnids": 0, "count_Mammals": 0, "count_Ferns": 0, "count_Amphibians": 0, "count_Gymnosperms": 0, "unique_species_count": 3.0, "countryCode": "ES" }, "geometry": { "type": "MultiPolygon", "coordinates": [ [ [ [ -18.656658720914784, 29.634744683724534 ], [ -19.077538173242342, 29.318759691070561 ], [ -19.649874716158692, 29.459003204113316 ], [ -19.804597848491952, 29.916456487486677 ], [ -19.383998795136105, 30.235361788656096 ], [ -18.80832089550422, 30.09385329299846 ], [ -18.656658720914784, 29.634744683724534 ] ] ] ] } },
{ "type": "Feature", "properties": { "geogrid_id": "5229793790014524607", "seqnum": 9879.0, "lat_c": 29.793790274351775, "lon_c": -14.524606535599432, "res": 8.0, "count_Insects": 0, "count_Flowering Plants": 0, "count_Mosses": 0, "count_Sac Fungi": 0, "count_Basidiomycota": 0, "count_Molluscs": 0, "count_Reptiles": 0, "count_Birds": 0, "count_Arachnids": 0, "count_Mammals": 2, "count_Ferns": 0, "count_Amphibians": 0, "count_Gymnosperms": 0, "unique_species_count": 2.0, "countryCode": "ES" }, "geometry": { "type": "MultiPolygon", "coordinates": [ [ [ [ -13.95735319924918, 29.629431340595914 ], [ -14.389627150310556, 29.329775478694863 ], [ -14.955928733780178, 29.491977897820981 ], [ -15.09337705823938, 29.955521926181216 ], [ -14.660891947075127, 30.258002630228457 ], [ -14.091114471395668, 30.094088567079233 ], [ -13.95735319924918, 29.629431340595914 ] ] ] ] } },
{ "type": "Feature", "properties": { "geogrid_id": "5229927542013522883", "seqnum": 9880.0, "lat_c": 29.927541553284264, "lon_c": -13.522883073954414, "res": 8.0, "count_Insects": 1, "count_Flowering Plants": 0, "count_Mosses": 0, "count_Sac Fungi": 0, "count_Basidiomycota": 0, "count_Molluscs": 0, "count_Reptiles": 0, "count_Birds": 2, "count_Arachnids": 0, "count_Mammals": 0, "count_Ferns": 0, "count_Amphibians": 0, "count_Gymnosperms": 0, "unique_species_count": 3.0, "countryCode": "ES" }, "geometry": { "type": "MultiPolygon", "coordinates": [ [ [ [ -12.956198365061255, 29.758377488373792 ], [ -13.391617369746555, 29.462460559224152 ], [ -13.95735319924918, 29.629431340595914 ], [ -14.091114471395668, 30.094088567079233 ], [ -13.655374775145766, 30.392814114450385 ], [ -13.086142352077182, 30.224049551187985 ], [ -12.956198365061255, 29.758377488373792 ] ] ] ] } },
{ "type": "Feature", "properties": { "geogrid_id": "5229949652018234116", "seqnum": 9794.0, "lat_c": 29.949652400389216, "lon_c": -18.234115581883618, "res": 8.0, "count_Insects": 0, "count_Flowering Plants": 0, "count_Mosses": 0, "count_Sac Fungi": 0, "count_Basidiomycota": 0, "count_Molluscs": 1, "count_Reptiles": 0, "count_Birds": 0, "count_Arachnids": 0, "count_Mammals": 0, "count_Ferns": 0, "count_Amphibians": 0, "count_Gymnosperms": 0, "unique_species_count": 1.0, "countryCode": "ES" }, "geometry": { "type": "MultiPolygon", "coordinates": [ [ [ [ -17.661382210133322, 29.802771614620628 ], [ -18.084887229629746, 29.489888336549484 ], [ -18.656658720914784, 29.634744683724534 ], [ -18.80832089550422, 30.09385329299846 ], [ -18.385037908254578, 30.409649499557254 ], [ -17.809798920459549, 30.263389068808049 ], [ -17.661382210133322, 29.802771614620628 ] ] ] ] } },
{ "type": "Feature", "properties": { "geogrid_id": "5230052664012518489", "seqnum": 9881.0, "lat_c": 30.052663582129966, "lon_c": -12.518488623156539, "res": 8.0, "count_Insects": 0, "count_Flowering Plants": 0, "count_Mosses": 0, "count_Sac Fungi": 0, "count_Basidiomycota": 0, "count_Molluscs": 0, "count_Reptiles": 1, "count_Birds": 9, "count_Arachnids": 0, "count_Mammals": 4, "count_Ferns": 0, "count_Amphibians": 0, "count_Gymnosperms": 0, "unique_species_count": 14.0, "countryCode": "ES" }, "geometry": { "type": "MultiPolygon", "coordinates": [ [ [ [ -11.952413436708937, 29.878672479788918 ], [ -12.391060207364639, 29.586612266779866 ], [ -12.956198365061255, 29.758377488373792 ], [ -13.086142352077182, 30.224049551187985 ], [ -12.647058459145109, 30.518901345514738 ], [ -12.078418566387343, 30.345266484383117 ], [ -11.952413436708937, 29.878672479788918 ] ] ] ] } },
{ "type": "Feature", "properties": { "geogrid_id": "5230169023011511392", "seqnum": 9882.0, "lat_c": 30.169023156893886, "lon_c": -11.51139163611108, "res": 8.0, "count_Insects": 0, "count_Flowering Plants": 0, "count_Mosses": 0, "count_Sac Fungi": 0, "count_Basidiomycota": 0, "count_Molluscs": 0, "count_Reptiles": 0, "count_Birds": 1, "count_Arachnids": 0, "count_Mammals": 0, "count_Ferns": 0, "count_Amphibians": 0, "count_Gymnosperms": 0, "unique_species_count": 1.0, "countryCode": "ES" }, "geometry": { "type": "MultiPolygon", "coordinates": [ [ [ [ -10.945976462589265, 29.990187931688688 ], [ -11.387915832847776, 29.702092485786213 ], [ -11.952413436708937, 29.878672479788918 ], [ -12.078418566387343, 30.345266484383117 ], [ -11.635920272126954, 30.6361358829718 ], [ -11.067929600240797, 30.457615269748175 ], [ -10.945976462589265, 29.990187931688688 ] ] ] ] } },
{ "type": "Feature", "properties": { "geogrid_id": "5230187435020958431", "seqnum": 9710.0, "lat_c": 30.187434656837475, "lon_c": -20.958430693022756, "res": 8.0, "count_Insects": 0, "count_Flowering Plants": 0, "count_Mosses": 0, "count_Sac Fungi": 0, "count_Basidiomycota": 0, "count_Molluscs": 2, "count_Reptiles": 0, "count_Birds": 1, "count_Arachnids": 0, "count_Mammals": 2, "count_Ferns": 0, "count_Amphibians": 0, "count_Gymnosperms": 0, "unique_species_count": 5.0, "countryCode": "ES" }, "geometry": { "type": "MultiPolygon", "coordinates": [ [ [ [ -20.380774468511298, 30.05329169845551 ], [ -20.798972573825502, 29.731531761851141 ], [ -21.375756533363155, 29.863805557477242 ], [ -21.537575109249666, 30.318878202551989 ], [ -21.119883287786884, 30.64361682914884 ], [ -20.539777577061905, 30.510254419870027 ], [ -20.380774468511298, 30.05329169845551 ] ] ] ] } },
{ "type": "Feature", "properties": { "geogrid_id": "5230558941014226185", "seqnum": 9798.0, "lat_c": 30.558940977156009, "lon_c": -14.226185233059685, "res": 8.0, "count_Insects": 0, "count_Flowering Plants": 0, "count_Mosses": 0, "count_Sac Fungi": 0, "count_Basidiomycota": 0, "count_Molluscs": 0, "count_Reptiles": 0, "count_Birds": 0, "count_Arachnids": 0, "count_Mammals": 5, "count_Ferns": 0, "count_Amphibians": 0, "count_Gymnosperms": 0, "unique_species_count": 5.0, "countryCode": "ES" }, "geometry": { "type": "MultiPolygon", "coordinates": [ [ [ [ -13.655374775145766, 30.392814114450385 ], [ -14.091114471395668, 30.094088567079233 ], [ -14.660891947075127, 30.258002630228457 ], [ -14.798572253955312, 30.722413831261942 ], [ -14.362655238696686, 31.023988871130232 ], [ -13.789177718165623, 30.85827919493271 ], [ -13.655374775145766, 30.392814114450385 ] ] ] ] } },
{ "type": "Feature", "properties": { "geogrid_id": "5230689911013217312", "seqnum": 9799.0, "lat_c": 30.689911130192222, "lon_c": -13.217311674133116, "res": 8.0, "count_Insects": 0, "count_Flowering Plants": 0, "count_Mosses": 0, "count_Sac Fungi": 0, "count_Basidiomycota": 0, "count_Molluscs": 0, "count_Reptiles": 0, "count_Birds": 0, "count_Arachnids": 0, "count_Mammals": 3, "count_Ferns": 0, "count_Amphibians": 0, "count_Gymnosperms": 0, "unique_species_count": 3.0, "countryCode": "ES" }, "geometry": { "type": "MultiPolygon", "coordinates": [ [ [ [ -12.647058459145109, 30.518901345514738 ], [ -13.086142352077182, 30.224049551187985 ], [ -13.655374775145766, 30.392814114450385 ], [ -13.789177718165623, 30.85827919493271 ], [ -13.349792258956409, 31.155962340803981 ], [ -12.776851297762539, 30.98532636223441 ], [ -12.647058459145109, 30.518901345514738 ] ] ] ] } },
{ "type": "Feature", "properties": { "geogrid_id": "5230812045012205561", "seqnum": 9800.0, "lat_c": 30.812045221524379, "lon_c": -12.205560590601269, "res": 8.0, "count_Insects": 0, "count_Flowering Plants": 0, "count_Mosses": 0, "count_Sac Fungi": 0, "count_Basidiomycota": 0, "count_Molluscs": 0, "count_Reptiles": 0, "count_Birds": 4, "count_Arachnids": 0, "count_Mammals": 1, "count_Ferns": 0, "count_Amphibians": 0, "count_Gymnosperms": 0, "unique_species_count": 5.0, "countryCode": "ES" }, "geometry": { "type": "MultiPolygon", "coordinates": [ [ [ [ -11.635920272126954, 30.6361358829718 ], [ -12.078418566387343, 30.345266484383117 ], [ -12.647058459145109, 30.518901345514738 ], [ -12.776851297762539, 30.98532636223441 ], [ -12.33392159460506, 31.279008786708737 ], [ -11.761579641119814, 31.103431466111065 ], [ -11.635920272126954, 30.6361358829718 ] ] ] ] } },
{ "type": "Feature", "properties": { "geogrid_id": "5231152961019697925", "seqnum": 9630.0, "lat_c": 31.152961402186346, "lon_c": -19.697925146430716, "res": 8.0, "count_Insects": 0, "count_Flowering Plants": 0, "count_Mosses": 0, "count_Sac Fungi": 0, "count_Basidiomycota": 0, "count_Molluscs": 0, "count_Reptiles": 0, "count_Birds": 0, "count_Arachnids": 0, "count_Mammals": 1, "count_Ferns": 0, "count_Amphibians": 0, "count_Gymnosperms": 0, "unique_species_count": 1.0, "countryCode": "ES" }, "geometry": { "type": "MultiPolygon", "coordinates": [ [ [ [ -19.117098324758338, 31.012795264105026 ], [ -19.539967456504773, 30.694035999710188 ], [ -20.119654488061244, 30.832135281181838 ], [ -20.280242267448301, 31.290365523337346 ], [ -19.858006900018129, 31.612136117116581 ], [ -19.274459188377172, 31.472628746465659 ], [ -19.117098324758338, 31.012795264105026 ] ] ] ] } },
{ "type": "Feature", "properties": { "geogrid_id": "5231323936013924382", "seqnum": 9717.0, "lat_c": 31.323936160004575, "lon_c": -13.924382454320108, "res": 8.0, "count_Insects": 0, "count_Flowering Plants": 0, "count_Mosses": 0, "count_Sac Fungi": 0, "count_Basidiomycota": 0, "count_Molluscs": 0, "count_Reptiles": 1, "count_Birds": 0, "count_Arachnids": 0, "count_Mammals": 7, "count_Ferns": 0, "count_Amphibians": 0, "count_Gymnosperms": 0, "unique_species_count": 8.0, "countryCode": "ES" }, "geometry": { "type": "MultiPolygon", "coordinates": [ [ [ [ -13.349792258956409, 31.155962340803981 ], [ -13.789177718165623, 30.85827919493271 ], [ -14.362655238696686, 31.023988871130232 ], [ -14.500619970690444, 31.489230798044623 ], [ -14.061085293017792, 31.789782568942272 ], [ -13.483675368311683, 31.622201664217418 ], [ -13.349792258956409, 31.155962340803981 ] ] ] ] } },
{ "type": "Feature", "properties": { "geogrid_id": "5231330347018692421", "seqnum": 9631.0, "lat_c": 31.330347251766305, "lon_c": -18.692420869225927, "res": 8.0, "count_Insects": 0, "count_Flowering Plants": 0, "count_Mosses": 0, "count_Sac Fungi": 0, "count_Basidiomycota": 0, "count_Molluscs": 2, "count_Reptiles": 0, "count_Birds": 0, "count_Arachnids": 0, "count_Mammals": 1, "count_Ferns": 0, "count_Amphibians": 0, "count_Gymnosperms": 0, "unique_species_count": 3.0, "countryCode": "ES" }, "geometry": { "type": "MultiPolygon", "coordinates": [ [ [ [ -18.111898444312455, 31.18530694517499 ], [ -18.53776619262694, 30.869881369225503 ], [ -19.117098324758338, 31.012795264105026 ], [ -19.274459188377172, 31.472628746465659 ], [ -18.84913170372489, 31.791043428204024 ], [ -18.265817744278014, 31.646604296798536 ], [ -18.111898444312455, 31.18530694517499 ] ] ] ] } },
{ "type": "Feature", "properties": { "geogrid_id": "5232088626013619058", "seqnum": 9636.0, "lat_c": 32.088625728198728, "lon_c": -13.619058047407727, "res": 8.0, "count_Insects": 0, "count_Flowering Plants": 0, "count_Mosses": 0, "count_Sac Fungi": 0, "count_Basidiomycota": 0, "count_Molluscs": 0, "count_Reptiles": 0, "count_Birds": 0, "count_Arachnids": 0, "count_Mammals": 5, "count_Ferns": 0, "count_Amphibians": 0, "count_Gymnosperms": 0, "unique_species_count": 5.0, "countryCode": "ES" }, "geometry": { "type": "MultiPolygon", "coordinates": [ [ [ [ -13.040457461737697, 31.918733776780975 ], [ -13.483675368311683, 31.622201664217418 ], [ -14.061085293017792, 31.789782568942272 ], [ -14.199388796598582, 32.255813926597384 ], [ -13.756043616666364, 32.55522905914713 ], [ -13.174460366727651, 32.385709578455327 ], [ -13.040457461737697, 31.918733776780975 ] ] ] ] } },
{ "type": "Feature", "properties": { "geogrid_id": "5235061206004161316", "seqnum": 13417.0, "lat_c": 35.061206437978939, "lon_c": -4.161316228943166, "res": 8.0, "count_Insects": 0, "count_Flowering Plants": 0, "count_Mosses": 0, "count_Sac Fungi": 0, "count_Basidiomycota": 0, "count_Molluscs": 3, "count_Reptiles": 0, "count_Birds": 0, "count_Arachnids": 0, "count_Mammals": 0, "count_Ferns": 0, "count_Amphibians": 1, "count_Gymnosperms": 0, "unique_species_count": 4.0, "countryCode": "ES" }, "geometry": { "type": "MultiPolygon", "coordinates": [ [ [ [ -3.665832059685283, 35.323051459371868 ], [ -3.576624554687557, 34.853529463313897 ], [ -4.06943397986427, 34.591671142287971 ], [ -4.653146861158706, 34.797241347818314 ], [ -4.749051592999714, 35.266462384155354 ], [ -4.25458057519957, 35.530458957358611 ], [ -3.665832059685283, 35.323051459371868 ] ] ] ] } },
{ "type": "Feature", "properties": { "geogrid_id": "5235113199003080146", "seqnum": 13499.0, "lat_c": 35.113198770894094, "lon_c": -3.0801463038412811, "res": 8.0, "count_Insects": 58, "count_Flowering Plants": 184, "count_Mosses": 0, "count_Sac Fungi": 0, "count_Basidiomycota": 0, "count_Molluscs": 52, "count_Reptiles": 8, "count_Birds": 157, "count_Arachnids": 10, "count_Mammals": 5, "count_Ferns": 1, "count_Amphibians": 3, "count_Gymnosperms": 2, "unique_species_count": 480.0, "countryCode": "ES" }, "geometry": { "type": "MultiPolygon", "coordinates": [ [ [ [ -2.579927675993906, 35.370568719592583 ], [ -2.497488342443585, 34.900917400341569 ], [ -2.994943956300023, 34.643450990281174 ], [ -3.576624554687557, 34.853529463313897 ], [ -3.665832059685283, 35.323051459371868 ], [ -3.166622275556877, 35.582672271203542 ], [ -2.579927675993906, 35.370568719592583 ] ] ] ] } },
{ "type": "Feature", "properties": { "geogrid_id": "5235156004001996276", "seqnum": 13581.0, "lat_c": 35.156004011721372, "lon_c": -1.996276490493502, "res": 8.0, "count_Insects": 1, "count_Flowering Plants": 44, "count_Mosses": 0, "count_Sac Fungi": 0, "count_Basidiomycota": 0, "count_Molluscs": 3, "count_Reptiles": 4, "count_Birds": 2, "count_Arachnids": 0, "count_Mammals": 2, "count_Ferns": 0, "count_Amphibians": 0, "count_Gymnosperms": 0, "unique_species_count": 56.0, "countryCode": "ES" }, "geometry": { "type": "MultiPolygon", "coordinates": [ [ [ [ -1.491238926071931, 35.408585343421549 ], [ -1.415629077060768, 34.938987634498559 ], [ -1.9178211733246, 34.686221075793021 ], [ -2.497488342443585, 34.900917400341569 ], [ -2.579927675993906, 35.370568719592583 ], [ -2.075898409436478, 35.625521450030213 ], [ -1.491238926071931, 35.408585343421549 ] ] ] ] } },
{ "type": "Feature", "properties": { "geogrid_id": "5235595269007018514", "seqnum": 13172.0, "lat_c": 35.59526856109764, "lon_c": -7.0185141390538499, "res": 8.0, "count_Insects": 0, "count_Flowering Plants": 0, "count_Mosses": 0, "count_Sac Fungi": 0, "count_Basidiomycota": 0, "count_Molluscs": 0, "count_Reptiles": 0, "count_Birds": 1, "count_Arachnids": 0, "count_Mammals": 2, "count_Ferns": 0, "count_Amphibians": 0, "count_Gymnosperms": 0, "unique_species_count": 3.0, "countryCode": "ES" }, "geometry": { "type": "MultiPolygon", "coordinates": [ [ [ [ -6.530819365413085, 35.867479805534366 ], [ -6.422540688796523, 35.399450076434114 ], [ -6.907767419910424, 35.127424844711875 ], [ -7.500553514745619, 35.325310070376645 ], [ -7.612915759586551, 35.797124372240887 ], [ -7.128616947597031, 36.067350114618229 ], [ -6.530819365413085, 35.867479805534366 ] ] ] ] } },
{ "type": "Feature", "properties": { "geogrid_id": "5235669623005933775", "seqnum": 13254.0, "lat_c": 35.66962320738309, "lon_c": -5.9337749178347678, "res": 8.0, "count_Insects": 0, "count_Flowering Plants": 2, "count_Mosses": 0, "count_Sac Fungi": 9, "count_Basidiomycota": 26, "count_Molluscs": 8, "count_Reptiles": 1, "count_Birds": 40, "count_Arachnids": 0, "count_Mammals": 7, "count_Ferns": 0, "count_Amphibians": 0, "count_Gymnosperms": 0, "unique_species_count": 93.0, "countryCode": "ES" }, "geometry": { "type": "MultiPolygon", "coordinates": [ [ [ [ -5.441396136144228, 35.937860451518034 ], [ -5.339861461669497, 35.469275753761949 ], [ -5.82967228778873, 35.201155251552684 ], [ -6.422540688796523, 35.399450076434114 ], [ -6.530819365413085, 35.867479805534366 ], [ -6.039523727372635, 36.137810349859372 ], [ -5.441396136144228, 35.937860451518034 ] ] ] ] } },
{ "type": "Feature", "properties": { "geogrid_id": "5235735402004846425", "seqnum": 13336.0, "lat_c": 35.735402319677036, "lon_c": -4.8464248775267551, "res": 8.0, "count_Insects": 191, "count_Flowering Plants": 277, "count_Mosses": 0, "count_Sac Fungi": 39, "count_Basidiomycota": 85, "count_Molluscs": 36, "count_Reptiles": 20, "count_Birds": 96, "count_Arachnids": 21, "count_Mammals": 17, "count_Ferns": 4, "count_Amphibians": 5, "count_Gymnosperms": 6, "unique_species_count": 797.0, "countryCode": "ES" }, "geometry": { "type": "MultiPolygon", "coordinates": [ [ [ [ -4.349289421906596, 35.999441510734336 ], [ -4.25458057519957, 35.530458957358611 ], [ -4.749051592999714, 35.266462384155354 ], [ -5.339861461669497, 35.469275753761949 ], [ -5.441396136144228, 35.937860451518034 ], [ -4.945330710207458, 36.204073007571672 ], [ -4.349289421906596, 35.999441510734336 ] ] ] ] } },
{ "type": "Feature", "properties": { "geogrid_id": "5235792302003756398", "seqnum": 13418.0, "lat_c": 35.792301803349936, "lon_c": -3.7563977358887342, "res": 8.0, "count_Insects": 0, "count_Flowering Plants": 39, "count_Mosses": 0, "count_Sac Fungi": 20, "count_Basidiomycota": 62, "count_Molluscs": 0, "count_Reptiles": 1, "count_Birds": 3, "count_Arachnids": 0, "count_Mammals": 2, "count_Ferns": 0, "count_Amphibians": 0, "count_Gymnosperms": 0, "unique_species_count": 127.0, "countryCode": "ES" }, "geometry": { "type": "MultiPolygon", "coordinates": [ [ [ [ -3.25443136308447, 36.051886084274109 ], [ -3.166622275556877, 35.582672271203542 ], [ -3.665832059685283, 35.323051459371868 ], [ -4.25458057519957, 35.530458957358611 ], [ -4.349289421906596, 35.999441510734336 ], [ -3.848382695701923, 36.261294078694618 ], [ -3.25443136308447, 36.051886084274109 ] ] ] ] } },
{ "type": "Feature", "properties": { "geogrid_id": "5235839958002663616", "seqnum": 13500.0, "lat_c": 35.839957860853538, "lon_c": -2.663615873553796, "res": 8.0, "count_Insects": 0, "count_Flowering Plants": 41, "count_Mosses": 0, "count_Sac Fungi": 18, "count_Basidiomycota": 55, "count_Molluscs": 3, "count_Reptiles": 1, "count_Birds": 6, "count_Arachnids": 0, "count_Mammals": 6, "count_Ferns": 0, "count_Amphibians": 0, "count_Gymnosperms": 0, "unique_species_count": 130.0, "countryCode": "ES" }, "geometry": { "type": "MultiPolygon", "coordinates": [ [ [ [ -2.156743277710445, 36.094789807930624 ], [ -2.075898409436478, 35.625521450030213 ], [ -2.579927675993906, 35.370568719592583 ], [ -3.166622275556877, 35.582672271203542 ], [ -3.25443136308447, 36.051886084274109 ], [ -2.748610944505757, 36.309100178174809 ], [ -2.156743277710445, 36.094789807930624 ] ] ] ] } },
{ "type": "Feature", "properties": { "geogrid_id": "5235877931001567990", "seqnum": 13582.0, "lat_c": 35.877930983551529, "lon_c": -1.5679899272247491, "res": 8.0, "count_Insects": 0, "count_Flowering Plants": 1, "count_Mosses": 0, "count_Sac Fungi": 1, "count_Basidiomycota": 15, "count_Molluscs": 0, "count_Reptiles": 0, "count_Birds": 0, "count_Arachnids": 0, "count_Mammals": 0, "count_Ferns": 0, "count_Amphibians": 0, "count_Gymnosperms": 0, "unique_species_count": 17.0, "countryCode": "ES" }, "geometry": { "type": "MultiPolygon", "coordinates": [ [ [ [ -1.056135790376317, 36.127662562369487 ], [ -0.982308154037039, 35.658526980002591 ], [ -1.491238926071931, 35.408585343421549 ], [ -2.075898409436478, 35.625521450030213 ], [ -2.156743277710445, 36.094789807930624 ], [ -1.645936742178093, 36.347041701579521 ], [ -1.056135790376317, 36.127662562369487 ] ] ] ] } },
{ "type": "Feature", "properties": { "geogrid_id": "5236269057007726721", "seqnum": 9235.0, "lat_c": 36.269056917479141, "lon_c": -7.7267212158091816, "res": 8.0, "count_Insects": 0, "count_Flowering Plants": 0, "count_Mosses": 0, "count_Sac Fungi": 0, "count_Basidiomycota": 0, "count_Molluscs": 1, "count_Reptiles": 0, "count_Birds": 1, "count_Arachnids": 0, "count_Mammals": 0, "count_Ferns": 0, "count_Amphibians": 0, "count_Gymnosperms": 0, "unique_species_count": 2.0, "countryCode": "ES" }, "geometry": { "type": "MultiPolygon", "coordinates": [ [ [ [ -7.128616947597031, 36.067350114618229 ], [ -7.612915759586551, 35.797124372240887 ], [ -8.209803369798975, 35.996237920783557 ], [ -8.327400268948924, 36.467993346805926 ], [ -7.842081859036764, 36.741092713206001 ], [ -7.240135634020363, 36.539546765132862 ], [ -7.128616947597031, 36.067350114618229 ] ] ] ] } },
{ "type": "Feature", "properties": { "geogrid_id": "5236335227006640835", "seqnum": 13173.0, "lat_c": 36.335227307676355, "lon_c": -6.6408352851488424, "res": 8.0, "count_Insects": 756, "count_Flowering Plants": 1049, "count_Mosses": 2, "count_Sac Fungi": 16, "count_Basidiomycota": 43, "count_Molluscs": 241, "count_Reptiles": 21, "count_Birds": 322, "count_Arachnids": 101, "count_Mammals": 29, "count_Ferns": 7, "count_Amphibians": 8, "count_Gymnosperms": 14, "unique_species_count": 2609.0, "countryCode": "ES" }, "geometry": { "type": "MultiPolygon", "coordinates": [ [ [ [ -6.146986099712566, 36.605726694210709 ], [ -6.039523727372635, 36.137810349859372 ], [ -6.530819365413085, 35.867479805534366 ], [ -7.128616947597031, 36.067350114618229 ], [ -7.240135634020363, 36.539546765132862 ], [ -6.749990284151596, 36.807668252887645 ], [ -6.146986099712566, 36.605726694210709 ] ] ] ] } },
{ "type": "Feature", "properties": { "geogrid_id": "5236406176005544553", "seqnum": 13255.0, "lat_c": 36.406175630556618, "lon_c": -5.5445530651331847, "res": 8.0, "count_Insects": 2209, "count_Flowering Plants": 2523, "count_Mosses": 129, "count_Sac Fungi": 471, "count_Basidiomycota": 518, "count_Molluscs": 522, "count_Reptiles": 37, "count_Birds": 381, "count_Arachnids": 153, "count_Mammals": 54, "count_Ferns": 38, "count_Amphibians": 18, "count_Gymnosperms": 24, "unique_species_count": 7077.0, "countryCode": "ES" }, "geometry": { "type": "MultiPolygon", "coordinates": [ [ [ [ -5.045833641206119, 36.672486107063214 ], [ -4.945330710207458, 36.204073007571672 ], [ -5.441396136144228, 35.937860451518034 ], [ -6.039523727372635, 36.137810349859372 ], [ -6.146986099712566, 36.605726694210709 ], [ -5.649398614752087, 36.874232024818014 ], [ -5.045833641206119, 36.672486107063214 ] ] ] ] } },
{ "type": "Feature", "properties": { "geogrid_id": "5236468167004445506", "seqnum": 13337.0, "lat_c": 36.468166705460227, "lon_c": -4.445505567725192, "res": 8.0, "count_Insects": 1127, "count_Flowering Plants": 2482, "count_Mosses": 130, "count_Sac Fungi": 53, "count_Basidiomycota": 138, "count_Molluscs": 463, "count_Reptiles": 38, "count_Birds": 329, "count_Arachnids": 97, "count_Mammals": 39, "count_Ferns": 38, "count_Amphibians": 8, "count_Gymnosperms": 39, "unique_species_count": 4981.0, "countryCode": "ES" }, "geometry": { "type": "MultiPolygon", "coordinates": [ [ [ [ -3.941848453013853, 36.730041624771786 ], [ -3.848382695701923, 36.261294078694618 ], [ -4.349289421906596, 35.999441510734336 ], [ -4.945330710207458, 36.204073007571672 ], [ -5.045833641206119, 36.672486107063214 ], [ -4.543292371384046, 36.936646918415597 ], [ -3.941848453013853, 36.730041624771786 ] ] ] ] } },
{ "type": "Feature", "properties": { "geogrid_id": "5236520855003343633", "seqnum": 13419.0, "lat_c": 36.520854540094298, "lon_c": -3.3436332974243959, "res": 8.0, "count_Insects": 1776, "count_Flowering Plants": 1910, "count_Mosses": 17, "count_Sac Fungi": 26, "count_Basidiomycota": 72, "count_Molluscs": 352, "count_Reptiles": 28, "count_Birds": 232, "count_Arachnids": 111, "count_Mammals": 33, "count_Ferns": 24, "count_Amphibians": 6, "count_Gymnosperms": 25, "unique_species_count": 4612.0, "countryCode": "ES" }, "geometry": { "type": "MultiPolygon", "coordinates": [ [ [ [ -2.83497114619157, 36.778010715841361 ], [ -2.748610944505757, 36.309100178174809 ], [ -3.25443136308447, 36.051886084274109 ], [ -3.848382695701923, 36.261294078694618 ], [ -3.941848453013853, 36.730041624771786 ], [ -3.434288217776636, 36.989591682958185 ], [ -2.83497114619157, 36.778010715841361 ] ] ] ] } },
{ "type": "Feature", "properties": { "geogrid_id": "5236563825002238868", "seqnum": 13501.0, "lat_c": 36.563825162145925, "lon_c": -2.2388675276628769, "res": 8.0, "count_Insects": 1838, "count_Flowering Plants": 1481, "count_Mosses": 4, "count_Sac Fungi": 118, "count_Basidiomycota": 90, "count_Molluscs": 238, "count_Reptiles": 31, "count_Birds": 254, "count_Arachnids": 158, "count_Mammals": 31, "count_Ferns": 15, "count_Amphibians": 4, "count_Gymnosperms": 14, "unique_species_count": 4276.0, "countryCode": "ES" }, "geometry": { "type": "MultiPolygon", "coordinates": [ [ [ [ -1.725134130452098, 36.815934251556961 ], [ -1.645936742178093, 36.347041701579521 ], [ -2.156743277710445, 36.094789807930624 ], [ -2.748610944505757, 36.309100178174809 ], [ -2.83497114619157, 36.778010715841361 ], [ -2.322327849346191, 37.032643232892738 ], [ -1.725134130452098, 36.815934251556961 ] ] ] ] } },
{ "type": "Feature", "properties": { "geogrid_id": "5236596579001131131", "seqnum": 13583.0, "lat_c": 36.596578506666987, "lon_c": -1.1311308117777359, "res": 8.0, "count_Insects": 0, "count_Flowering Plants": 2, "count_Mosses": 0, "count_Sac Fungi": 21, "count_Basidiomycota": 7, "count_Molluscs": 0, "count_Reptiles": 1, "count_Birds": 2, "count_Arachnids": 0, "count_Mammals": 5, "count_Ferns": 0, "count_Amphibians": 0, "count_Gymnosperms": 0, "unique_species_count": 38.0, "countryCode": "ES" }, "geometry": { "type": "MultiPolygon", "coordinates": [ [ [ [ -0.612262847474991, 36.843255874061121 ], [ -0.540272216864173, 36.374571929928479 ], [ -1.056135790376317, 36.127662562369487 ], [ -1.645936742178093, 36.347041701579521 ], [ -1.725134130452098, 36.815934251556961 ], [ -1.20734620863858, 37.065292191365394 ], [ -0.612262847474991, 36.843255874061121 ] ] ] ] } },
{ "type": "Feature", "properties": { "geogrid_id": "5236618505000020339", "seqnum": 13665.0, "lat_c": 36.618504545711616, "lon_c": -0.020338675155342, "res": 8.0, "count_Insects": 0, "count_Flowering Plants": 0, "count_Mosses": 0, "count_Sac Fungi": 0, "count_Basidiomycota": 0, "count_Molluscs": 0, "count_Reptiles": 0, "count_Birds": 2, "count_Arachnids": 0, "count_Mammals": 0, "count_Ferns": 0, "count_Amphibians": 0, "count_Gymnosperms": 0, "unique_species_count": 2.0, "countryCode": "ES" }, "geometry": { "type": "MultiPolygon", "coordinates": [ [ [ [ 0.503721437824276, 36.859294728157899 ], [ 0.568477377605642, 36.39101928406118 ], [ 0.047489949437657, 36.149904259264595 ], [ -0.540272216864173, 36.374571929928479 ], [ -0.612262847474991, 36.843255874061121 ], [ -0.089273625162355, 37.086919389766315 ], [ 0.503721437824276, 36.859294728157899 ] ] ] ] } },
{ "type": "Feature", "properties": { "geogrid_id": "5237011843007353182", "seqnum": 9154.0, "lat_c": 37.011843370624504, "lon_c": -7.3531817186188393, "res": 8.0, "count_Insects": 386, "count_Flowering Plants": 1030, "count_Mosses": 1, "count_Sac Fungi": 4, "count_Basidiomycota": 22, "count_Molluscs": 200, "count_Reptiles": 25, "count_Birds": 273, "count_Arachnids": 43, "count_Mammals": 28, "count_Ferns": 4, "count_Amphibians": 11, "count_Gymnosperms": 10, "unique_species_count": 2037.0, "countryCode": "ES" }, "geometry": { "type": "MultiPolygon", "coordinates": [ [ [ [ -6.749990284151596, 36.807668252887645 ], [ -7.240135634020363, 36.539546765132862 ], [ -7.842081859036764, 36.741092713206001 ], [ -7.959116906855948, 37.213214127825943 ], [ -7.467873932885343, 37.484222184882064 ], [ -6.860642569717473, 37.280206122401232 ], [ -6.749990284151596, 36.807668252887645 ] ] ] ] } },
{ "type": "Feature", "properties": { "geogrid_id": "5237073382006256230", "seqnum": 13174.0, "lat_c": 37.073382067243081, "lon_c": -6.2562302801009482, "res": 8.0, "count_Insects": 1590, "count_Flowering Plants": 1833, "count_Mosses": 6, "count_Sac Fungi": 89, "count_Basidiomycota": 265, "count_Molluscs": 208, "count_Reptiles": 38, "count_Birds": 420, "count_Arachnids": 118, "count_Mammals": 43, "count_Ferns": 10, "count_Amphibians": 17, "count_Gymnosperms": 19, "unique_species_count": 4656.0, "countryCode": "ES" }, "geometry": { "type": "MultiPolygon", "coordinates": [ [ [ [ -5.756000018709148, 37.342040151194553 ], [ -5.649398614752087, 36.874232024818014 ], [ -6.146986099712566, 36.605726694210709 ], [ -6.749990284151596, 36.807668252887645 ], [ -6.860642569717473, 37.280206122401232 ], [ -6.364408611755071, 37.546141615910123 ], [ -5.756000018709148, 37.342040151194553 ] ] ] ] } },
{ "type": "Feature", "properties": { "geogrid_id": "5237140653005147999", "seqnum": 13256.0, "lat_c": 37.140653055736934, "lon_c": -5.1479989360477321, "res": 8.0, "count_Insects": 1118, "count_Flowering Plants": 2090, "count_Mosses": 134, "count_Sac Fungi": 197, "count_Basidiomycota": 53, "count_Molluscs": 31, "count_Reptiles": 29, "count_Birds": 276, "count_Arachnids": 87, "count_Mammals": 38, "count_Ferns": 26, "count_Amphibians": 13, "count_Gymnosperms": 20, "unique_species_count": 4112.0, "countryCode": "ES" }, "geometry": { "type": "MultiPolygon", "coordinates": [ [ [ [ -4.642713912105537, 37.404894271970967 ], [ -4.543292371384046, 36.936646918415597 ], [ -5.045833641206119, 36.672486107063214 ], [ -5.649398614752087, 36.874232024818014 ], [ -5.756000018709148, 37.342040151194553 ], [ -5.251892733108781, 37.608585045010649 ], [ -4.642713912105537, 37.404894271970967 ] ] ] ] } },
{ "type": "Feature", "properties": { "geogrid_id": "5237198558004036857", "seqnum": 13338.0, "lat_c": 37.198557513450886, "lon_c": -4.0368570873732246, "res": 8.0, "count_Insects": 1650, "count_Flowering Plants": 2824, "count_Mosses": 88, "count_Sac Fungi": 179, "count_Basidiomycota": 221, "count_Molluscs": 54, "count_Reptiles": 29, "count_Birds": 208, "count_Arachnids": 109, "count_Mammals": 40, "count_Ferns": 29, "count_Amphibians": 11, "count_Gymnosperms": 35, "unique_species_count": 5477.0, "countryCode": "ES" }, "geometry": { "type": "MultiPolygon", "coordinates": [ [ [ [ -3.526456834836385, 37.458111252378437 ], [ -3.434288217776636, 36.989591682958185 ], [ -3.941848453013853, 36.730041624771786 ], [ -4.543292371384046, 36.936646918415597 ], [ -4.642713912105537, 37.404894271970967 ], [ -4.133471403842934, 37.666854528912772 ], [ -3.526456834836385, 37.458111252378437 ] ] ] ] } },
{ "type": "Feature", "properties": { "geogrid_id": "5237246704002922755", "seqnum": 13420.0, "lat_c": 37.246704190648501, "lon_c": -2.9227551515286021, "res": 8.0, "count_Insects": 2666, "count_Flowering Plants": 2657, "count_Mosses": 90, "count_Sac Fungi": 239, "count_Basidiomycota": 311, "count_Molluscs": 41, "count_Reptiles": 26, "count_Birds": 166, "count_Arachnids": 155, "count_Mammals": 38, "count_Ferns": 39, "count_Amphibians": 8, "count_Gymnosperms": 37, "unique_species_count": 6473.0, "countryCode": "ES" }, "geometry": { "type": "MultiPolygon", "coordinates": [ [ [ [ -2.407181356456531, 37.501259371278969 ], [ -2.322327849346191, 37.032643232892738 ], [ -2.83497114619157, 36.778010715841361 ], [ -3.434288217776636, 36.989591682958185 ], [ -3.526456834836385, 37.458111252378437 ], [ -3.012022211021534, 37.715194977352922 ], [ -2.407181356456531, 37.501259371278969 ] ] ] ] } },
{ "type": "Feature", "properties": { "geogrid_id": "5237284625001805637", "seqnum": 13502.0, "lat_c": 37.284624984675993, "lon_c": -1.8056371202144641, "res": 8.0, "count_Insects": 772, "count_Flowering Plants": 1601, "count_Mosses": 30, "count_Sac Fungi": 53, "count_Basidiomycota": 40, "count_Molluscs": 92, "count_Reptiles": 25, "count_Birds": 226, "count_Arachnids": 62, "count_Mammals": 38, "count_Ferns": 15, "count_Amphibians": 4, "count_Gymnosperms": 15, "unique_species_count": 2973.0, "countryCode": "ES" }, "geometry": { "type": "MultiPolygon", "coordinates": [ [ [ [ -1.284835252167392, 37.53382054662206 ], [ -1.20734620863858, 37.065292191365394 ], [ -1.725134130452098, 36.815934251556961 ], [ -2.322327849346191, 37.032643232892738 ], [ -2.407181356456531, 37.501259371278969 ], [ -1.887501172050269, 37.753129841992106 ], [ -1.284835252167392, 37.53382054662206 ] ] ] ] } },
{ "type": "Feature", "properties": { "geogrid_id": "5237311755000685442", "seqnum": 13584.0, "lat_c": 37.311754595163961, "lon_c": -0.68544218739303098, "res": 8.0, "count_Insects": 226, "count_Flowering Plants": 635, "count_Mosses": 4, "count_Sac Fungi": 30, "count_Basidiomycota": 26, "count_Molluscs": 148, "count_Reptiles": 17, "count_Birds": 172, "count_Arachnids": 29, "count_Mammals": 16, "count_Ferns": 5, "count_Amphibians": 2, "count_Gymnosperms": 7, "unique_species_count": 1317.0, "countryCode": "ES" }, "geometry": { "type": "MultiPolygon", "coordinates": [ [ [ [ -0.159364064920733, 37.555167227216167 ], [ -0.089273625162355, 37.086919389766315 ], [ -0.612262847474991, 36.843255874061121 ], [ -1.20734620863858, 37.065292191365394 ], [ -1.284835252167392, 37.53382054662206 ], [ -0.759861655880695, 37.78008554285563 ], [ -0.159364064920733, 37.555167227216167 ] ] ] ] } },
{ "type": "Feature", "properties": { "geogrid_id": "5237685401008077953", "seqnum": 9072.0, "lat_c": 37.685400618224037, "lon_c": -8.0779533881476997, "res": 8.0, "count_Insects": 3, "count_Flowering Plants": 77, "count_Mosses": 0, "count_Sac Fungi": 0, "count_Basidiomycota": 0, "count_Molluscs": 0, "count_Reptiles": 1, "count_Birds": 7, "count_Arachnids": 1, "count_Mammals": 1, "count_Ferns": 1, "count_Amphibians": 0, "count_Gymnosperms": 2, "unique_species_count": 93.0, "countryCode": "ES" }, "geometry": { "type": "MultiPolygon", "coordinates": [ [ [ [ -7.467873932885343, 37.484222184882064 ], [ -7.959116906855948, 37.213214127825943 ], [ -8.567822398579919, 37.411751850892067 ], [ -8.690911025935723, 37.883710825678008 ], [ -8.198726760087665, 38.157628427975503 ], [ -7.584338782208951, 37.956662594453093 ], [ -7.467873932885343, 37.484222184882064 ] ] ] ] } },
{ "type": "Feature", "properties": { "geogrid_id": "5237752823006972910", "seqnum": 9073.0, "lat_c": 37.75282310444274, "lon_c": -6.9729102993179719, "res": 8.0, "count_Insects": 882, "count_Flowering Plants": 1297, "count_Mosses": 26, "count_Sac Fungi": 55, "count_Basidiomycota": 120, "count_Molluscs": 20, "count_Reptiles": 21, "count_Birds": 166, "count_Arachnids": 44, "count_Mammals": 30, "count_Ferns": 23, "count_Amphibians": 12, "count_Gymnosperms": 12, "unique_species_count": 2708.0, "countryCode": "ES" }, "geometry": { "type": "MultiPolygon", "coordinates": [ [ [ [ -6.364408611755071, 37.546141615910123 ], [ -6.860642569717473, 37.280206122401232 ], [ -7.467873932885343, 37.484222184882064 ], [ -7.584338782208951, 37.956662594453093 ], [ -7.086919365970728, 38.225498565071696 ], [ -6.474169271707821, 38.018977476308564 ], [ -6.364408611755071, 37.546141615910123 ] ] ] ] } },
{ "type": "Feature", "properties": { "geogrid_id": "5237809610005864426", "seqnum": 13175.0, "lat_c": 37.809610284586057, "lon_c": -5.8644255335835851, "res": 8.0, "count_Insects": 720, "count_Flowering Plants": 1561, "count_Mosses": 10, "count_Sac Fungi": 169, "count_Basidiomycota": 135, "count_Molluscs": 22, "count_Reptiles": 25, "count_Birds": 217, "count_Arachnids": 68, "count_Mammals": 44, "count_Ferns": 19, "count_Amphibians": 14, "count_Gymnosperms": 8, "unique_species_count": 3012.0, "countryCode": "ES" }, "geometry": { "type": "MultiPolygon", "coordinates": [ [ [ [ -5.357582198874306, 38.076292998246856 ], [ -5.251892733108781, 37.608585045010649 ], [ -5.756000018709148, 37.342040151194553 ], [ -6.364408611755071, 37.546141615910123 ], [ -6.474169271707821, 38.018977476308564 ], [ -5.971595628854717, 38.282645623161329 ], [ -5.357582198874306, 38.076292998246856 ] ] ] ] } },
{ "type": "Feature", "properties": { "geogrid_id": "5237872921004743835", "seqnum": 13257.0, "lat_c": 37.872920612880421, "lon_c": -4.7438351468084941, "res": 8.0, "count_Insects": 963, "count_Flowering Plants": 2093, "count_Mosses": 12, "count_Sac Fungi": 117, "count_Basidiomycota": 135, "count_Molluscs": 31, "count_Reptiles": 27, "count_Birds": 248, "count_Arachnids": 96, "count_Mammals": 35, "count_Ferns": 23, "count_Amphibians": 12, "count_Gymnosperms": 57, "unique_species_count": 3849.0, "countryCode": "ES" }, "geometry": { "type": "MultiPolygon", "coordinates": [ [ [ [ -4.231755089590471, 38.134945150137881 ], [ -4.133471403842934, 37.666854528912772 ], [ -4.642713912105537, 37.404894271970967 ], [ -5.251892733108781, 37.608585045010649 ], [ -5.357582198874306, 38.076292998246856 ], [ -4.846722065050866, 38.340737493609836 ], [ -4.231755089590471, 38.134945150137881 ] ] ] ] } },
{ "type": "Feature", "properties": { "geogrid_id": "5237926427003620201", "seqnum": 13339.0, "lat_c": 37.926426666927306, "lon_c": -3.6202005897159988, "res": 8.0, "count_Insects": 576, "count_Flowering Plants": 2194, "count_Mosses": 8, "count_Sac Fungi": 48, "count_Basidiomycota": 113, "count_Molluscs": 27, "count_Reptiles": 22, "count_Birds": 200, "count_Arachnids": 51, "count_Mammals": 45, "count_Ferns": 25, "count_Amphibians": 12, "count_Gymnosperms": 20, "unique_species_count": 3341.0, "countryCode": "ES" }, "geometry": { "type": "MultiPolygon", "coordinates": [ [ [ [ -3.102832310362414, 38.183497096723585 ], [ -3.012022211021534, 37.715194977352922 ], [ -3.526456834836385, 37.458111252378437 ], [ -4.133471403842934, 37.666854528912772 ], [ -4.231755089590471, 38.134945150137881 ], [ -3.715581809572907, 38.394551010484285 ], [ -3.102832310362414, 38.183497096723585 ] ] ] ] } },
{ "type": "Feature", "properties": { "geogrid_id": "5237969689002493486", "seqnum": 13421.0, "lat_c": 37.969688549482846, "lon_c": -2.4934857466258209, "res": 8.0, "count_Insects": 967, "count_Flowering Plants": 2350, "count_Mosses": 130, "count_Sac Fungi": 480, "count_Basidiomycota": 189, "count_Molluscs": 26, "count_Reptiles": 21, "count_Birds": 143, "count_Arachnids": 51, "count_Mammals": 31, "count_Ferns": 25, "count_Amphibians": 7, "count_Gymnosperms": 27, "unique_species_count": 4447.0, "countryCode": "ES" }, "geometry": { "type": "MultiPolygon", "coordinates": [ [ [ [ -1.97078233706745, 38.22146434949552 ], [ -1.887501172050269, 37.753129841992106 ], [ -2.407181356456531, 37.501259371278969 ], [ -3.012022211021534, 37.715194977352922 ], [ -3.102832310362414, 38.183497096723585 ], [ -2.581299457282169, 38.437945353170839 ], [ -1.97078233706745, 38.22146434949552 ] ] ] ] } },
{ "type": "Feature", "properties": { "geogrid_id": "5238002180001363652", "seqnum": 13503.0, "lat_c": 38.002180052497707, "lon_c": -1.3636516554592899, "res": 8.0, "count_Insects": 1170, "count_Flowering Plants": 1598, "count_Mosses": 53, "count_Sac Fungi": 66, "count_Basidiomycota": 80, "count_Molluscs": 104, "count_Reptiles": 25, "count_Birds": 255, "count_Arachnids": 103, "count_Mammals": 44, "count_Ferns": 10, "count_Amphibians": 7, "count_Gymnosperms": 17, "unique_species_count": 3532.0, "countryCode": "ES" }, "geometry": { "type": "MultiPolygon", "coordinates": [ [ [ [ -0.835573124211801, 38.248265678308471 ], [ -0.759861655880695, 37.78008554285563 ], [ -1.284835252167392, 37.53382054662206 ], [ -1.887501172050269, 37.753129841992106 ], [ -1.97078233706745, 38.22146434949552 ], [ -1.443849728917624, 38.470386739051648 ], [ -0.835573124211801, 38.248265678308471 ] ] ] ] } },
{ "type": "Feature", "properties": { "geogrid_id": "5238023266000230659", "seqnum": 13585.0, "lat_c": 38.023265959745125, "lon_c": -0.23065946750140601, "res": 8.0, "count_Insects": 1196, "count_Flowering Plants": 1453, "count_Mosses": 36, "count_Sac Fungi": 147, "count_Basidiomycota": 47, "count_Molluscs": 359, "count_Reptiles": 29, "count_Birds": 290, "count_Arachnids": 85, "count_Mammals": 40, "count_Ferns": 6, "count_Amphibians": 8, "count_Gymnosperms": 15, "unique_species_count": 3711.0, "countryCode": "ES" }, "geometry": { "type": "MultiPolygon", "coordinates": [ [ [ [ 0.302823763669913, 38.263197401644298 ], [ 0.370941902805907, 37.79536522230714 ], [ -0.159364064920733, 37.555167227216167 ], [ -0.759861655880695, 37.78008554285563 ], [ -0.835573124211801, 38.248265678308471 ], [ -0.303209768689665, 38.491232964462853 ], [ 0.302823763669913, 38.263197401644298 ] ] ] ] } },
{ "type": "Feature", "properties": { "geogrid_id": "5238429141007702711", "seqnum": 8991.0, "lat_c": 38.429140825940991, "lon_c": -7.7027111570289897, "res": 8.0, "count_Insects": 45, "count_Flowering Plants": 121, "count_Mosses": 0, "count_Sac Fungi": 2, "count_Basidiomycota": 5, "count_Molluscs": 4, "count_Reptiles": 3, "count_Birds": 60, "count_Arachnids": 7, "count_Mammals": 5, "count_Ferns": 1, "count_Amphibians": 4, "count_Gymnosperms": 0, "unique_species_count": 257.0, "countryCode": "ES" }, "geometry": { "type": "MultiPolygon", "coordinates": [ [ [ [ -7.086919365970728, 38.225498565071696 ], [ -7.584338782208951, 37.956662594453093 ], [ -8.198726760087665, 38.157628427975503 ], [ -8.321581576921604, 38.629870253321464 ], [ -7.82313499490475, 38.901629622489047 ], [ -7.202804002123834, 38.698208766421907 ], [ -7.086919365970728, 38.225498565071696 ] ] ] ] } },
{ "type": "Feature", "properties": { "geogrid_id": "5238491869006585637", "seqnum": 8992.0, "lat_c": 38.491869042696379, "lon_c": -6.5856374496239534, "res": 8.0, "count_Insects": 374, "count_Flowering Plants": 1621, "count_Mosses": 46, "count_Sac Fungi": 30, "count_Basidiomycota": 138, "count_Molluscs": 17, "count_Reptiles": 16, "count_Birds": 179, "count_Arachnids": 44, "count_Mammals": 26, "count_Ferns": 17, "count_Amphibians": 14, "count_Gymnosperms": 8, "unique_species_count": 2530.0, "countryCode": "ES" }, "geometry": { "type": "MultiPolygon", "coordinates": [ [ [ [ -5.971595628854717, 38.282645623161329 ], [ -6.474169271707821, 38.018977476308564 ], [ -7.086919365970728, 38.225498565071696 ], [ -7.202804002123834, 38.698208766421907 ], [ -6.698946628130589, 38.964792661864429 ], [ -6.080436881413299, 38.755734215839581 ], [ -5.971595628854717, 38.282645623161329 ] ] ] ] } },
{ "type": "Feature", "properties": { "geogrid_id": "5238543788005465136", "seqnum": 13176.0, "lat_c": 38.543787551062017, "lon_c": -5.4651356818467738, "res": 8.0, "count_Insects": 244, "count_Flowering Plants": 1066, "count_Mosses": 1, "count_Sac Fungi": 56, "count_Basidiomycota": 17, "count_Molluscs": 6, "count_Reptiles": 14, "count_Birds": 186, "count_Arachnids": 29, "count_Mammals": 27, "count_Ferns": 14, "count_Amphibians": 9, "count_Gymnosperms": 9, "unique_species_count": 1678.0, "countryCode": "ES" }, "geometry": { "type": "MultiPolygon", "coordinates": [ [ [ [ -4.951441842618853, 38.808356155671163 ], [ -4.846722065050866, 38.340737493609836 ], [ -5.357582198874306, 38.076292998246856 ], [ -5.971595628854717, 38.282645623161329 ], [ -6.080436881413299, 38.755734215839581 ], [ -5.571263066722692, 39.01705390370882 ], [ -4.951441842618853, 38.808356155671163 ] ] ] ] } },
{ "type": "Feature", "properties": { "geogrid_id": "5238602842004331773", "seqnum": 13258.0, "lat_c": 38.602841535601762, "lon_c": -4.331772868199443, "res": 8.0, "count_Insects": 470, "count_Flowering Plants": 1452, "count_Mosses": 7, "count_Sac Fungi": 352, "count_Basidiomycota": 339, "count_Molluscs": 13, "count_Reptiles": 15, "count_Birds": 175, "count_Arachnids": 35, "count_Mammals": 33, "count_Ferns": 23, "count_Amphibians": 14, "count_Gymnosperms": 11, "unique_species_count": 2939.0, "countryCode": "ES" }, "geometry": { "type": "MultiPolygon", "coordinates": [ [ [ [ -3.812663860948942, 38.862497020438845 ], [ -3.715581809572907, 38.394551010484285 ], [ -4.231755089590471, 38.134945150137881 ], [ -4.846722065050866, 38.340737493609836 ], [ -4.951441842618853, 38.808356155671163 ], [ -4.433590652628289, 39.070555509765306 ], [ -3.812663860948942, 38.862497020438845 ] ] ] ] } },
{ "type": "Feature", "properties": { "geogrid_id": "5238651624003195246", "seqnum": 13340.0, "lat_c": 38.651624205697679, "lon_c": -3.1952463247197791, "res": 8.0, "count_Insects": 602, "count_Flowering Plants": 1570, "count_Mosses": 27, "count_Sac Fungi": 114, "count_Basidiomycota": 90, "count_Molluscs": 7, "count_Reptiles": 13, "count_Birds": 133, "count_Arachnids": 46, "count_Mammals": 27, "count_Ferns": 14, "count_Amphibians": 7, "count_Gymnosperms": 17, "unique_species_count": 2667.0, "countryCode": "ES" }, "geometry": { "type": "MultiPolygon", "coordinates": [ [ [ [ -2.670681818197686, 38.906043975691418 ], [ -2.581299457282169, 38.437945353170839 ], [ -3.102832310362414, 38.183497096723585 ], [ -3.715581809572907, 38.394551010484285 ], [ -3.812663860948942, 38.862497020438845 ], [ -3.289326170740249, 39.11958958921543 ], [ -2.670681818197686, 38.906043975691418 ] ] ] ] } },
{ "type": "Feature", "properties": { "geogrid_id": "5238689644002055537", "seqnum": 13422.0, "lat_c": 38.689643615028281, "lon_c": -2.0555374105716639, "res": 8.0, "count_Insects": 653, "count_Flowering Plants": 1756, "count_Mosses": 11, "count_Sac Fungi": 227, "count_Basidiomycota": 75, "count_Molluscs": 33, "count_Reptiles": 22, "count_Birds": 203, "count_Arachnids": 58, "count_Mammals": 34, "count_Ferns": 12, "count_Amphibians": 6, "count_Gymnosperms": 16, "unique_species_count": 3106.0, "countryCode": "ES" }, "geometry": { "type": "MultiPolygon", "coordinates": [ [ [ [ -1.525484531270086, 38.938456187858513 ], [ -1.443849728917624, 38.470386739051648 ], [ -1.97078233706745, 38.22146434949552 ], [ -2.581299457282169, 38.437945353170839 ], [ -2.670681818197686, 38.906043975691418 ], [ -2.141824082444538, 39.157682326620488 ], [ -1.525484531270086, 38.938456187858513 ] ] ] ] } },
{ "type": "Feature", "properties": { "geogrid_id": "5238716311000912629", "seqnum": 13504.0, "lat_c": 38.716311479458426, "lon_c": -0.91262906788325004, "res": 8.0, "count_Insects": 2561, "count_Flowering Plants": 2376, "count_Mosses": 144, "count_Sac Fungi": 518, "count_Basidiomycota": 779, "count_Molluscs": 87, "count_Reptiles": 27, "count_Birds": 253, "count_Arachnids": 157, "count_Mammals": 52, "count_Ferns": 19, "count_Amphibians": 10, "count_Gymnosperms": 31, "unique_species_count": 7014.0, "countryCode": "ES" }, "geometry": { "type": "MultiPolygon", "coordinates": [ [ [ [ -0.377065515434096, 38.959085104269896 ], [ -0.303209768689665, 38.491232964462853 ], [ -0.835573124211801, 38.248265678308471 ], [ -1.443849728917624, 38.470386739051648 ], [ -1.525484531270086, 38.938456187858513 ], [ -0.991082714473395, 39.184238947182763 ], [ -0.377065515434096, 38.959085104269896 ] ] ] ] } },
{ "type": "Feature", "properties": { "geogrid_id": "5239170927007320707", "seqnum": 8910.0, "lat_c": 39.170926553589638, "lon_c": -7.32070743522186, "res": 8.0, "count_Insects": 483, "count_Flowering Plants": 1289, "count_Mosses": 14, "count_Sac Fungi": 27, "count_Basidiomycota": 64, "count_Molluscs": 19, "count_Reptiles": 19, "count_Birds": 169, "count_Arachnids": 59, "count_Mammals": 24, "count_Ferns": 9, "count_Amphibians": 18, "count_Gymnosperms": 21, "unique_species_count": 2215.0, "countryCode": "ES" }, "geometry": { "type": "MultiPolygon", "coordinates": [ [ [ [ -6.698946628130589, 38.964792661864429 ], [ -7.202804002123834, 38.698208766421907 ], [ -7.82313499490475, 38.901629622489047 ], [ -7.945763997811105, 39.374097886022881 ], [ -7.44078259758997, 39.643621008846559 ], [ -6.814239230461674, 39.437721332211474 ], [ -6.698946628130589, 38.964792661864429 ] ] ] ] } },
{ "type": "Feature", "properties": { "geogrid_id": "5239228853006191082", "seqnum": 8911.0, "lat_c": 39.228852541811342, "lon_c": -6.1910819298661366, "res": 8.0, "count_Insects": 1022, "count_Flowering Plants": 1314, "count_Mosses": 18, "count_Sac Fungi": 22, "count_Basidiomycota": 56, "count_Molluscs": 19, "count_Reptiles": 26, "count_Birds": 260, "count_Arachnids": 59, "count_Mammals": 40, "count_Ferns": 19, "count_Amphibians": 15, "count_Gymnosperms": 12, "unique_species_count": 2882.0, "countryCode": "ES" }, "geometry": { "type": "MultiPolygon", "coordinates": [ [ [ [ -5.571263066722692, 39.01705390370882 ], [ -6.080436881413299, 38.755734215839581 ], [ -6.698946628130589, 38.964792661864429 ], [ -6.814239230461674, 39.437721332211474 ], [ -6.303672298289984, 39.701973800545282 ], [ -5.679154385185874, 39.490348010286255 ], [ -5.571263066722692, 39.01705390370882 ] ] ] ] } },
{ "type": "Feature", "properties": { "geogrid_id": "5239275788005058063", "seqnum": 13177.0, "lat_c": 39.275787514584806, "lon_c": -5.058062994622615, "res": 8.0, "count_Insects": 595, "count_Flowering Plants": 1328, "count_Mosses": 102, "count_Sac Fungi": 226, "count_Basidiomycota": 220, "count_Molluscs": 9, "count_Reptiles": 21, "count_Birds": 175, "count_Arachnids": 37, "count_Mammals": 30, "count_Ferns": 23, "count_Amphibians": 13, "count_Gymnosperms": 13, "unique_species_count": 2792.0, "countryCode": "ES" }, "geometry": { "type": "MultiPolygon", "coordinates": [ [ [ [ -4.537275697693793, 39.538098550998065 ], [ -4.433590652628289, 39.070555509765306 ], [ -4.951441842618853, 38.808356155671163 ], [ -5.571263066722692, 39.01705390370882 ], [ -5.679154385185874, 39.490348010286255 ], [ -5.163110082015824, 39.749238208514193 ], [ -4.537275697693793, 39.538098550998065 ] ] ] ] } },
{ "type": "Feature", "properties": { "geogrid_id": "5239330277003911511", "seqnum": 13259.0, "lat_c": 39.330277077455854, "lon_c": -3.9115113017648691, "res": 8.0, "count_Insects": 575, "count_Flowering Plants": 1457, "count_Mosses": 18, "count_Sac Fungi": 150, "count_Basidiomycota": 119, "count_Molluscs": 16, "count_Reptiles": 19, "count_Birds": 213, "count_Arachnids": 49, "count_Mammals": 34, "count_Ferns": 14, "count_Amphibians": 12, "count_Gymnosperms": 9, "unique_species_count": 2685.0, "countryCode": "ES" }, "geometry": { "type": "MultiPolygon", "coordinates": [ [ [ [ -3.385134957221902, 39.587406153365123 ], [ -3.289326170740249, 39.11958958921543 ], [ -3.812663860948942, 38.862497020438845 ], [ -4.433590652628289, 39.070555509765306 ], [ -4.537275697693793, 39.538098550998065 ], [ -4.012190032863433, 39.797903196461611 ], [ -3.385134957221902, 39.587406153365123 ] ] ] ] } },
{ "type": "Feature", "properties": { "geogrid_id": "5239373998002761693", "seqnum": 13341.0, "lat_c": 39.373998213647546, "lon_c": -2.7616932017624212, "res": 8.0, "count_Insects": 525, "count_Flowering Plants": 755, "count_Mosses": 0, "count_Sac Fungi": 7, "count_Basidiomycota": 28, "count_Molluscs": 14, "count_Reptiles": 16, "count_Birds": 190, "count_Arachnids": 55, "count_Mammals": 25, "count_Ferns": 2, "count_Amphibians": 6, "count_Gymnosperms": 9, "unique_species_count": 1632.0, "countryCode": "ES" }, "geometry": { "type": "MultiPolygon", "coordinates": [ [ [ [ -2.229701085276071, 39.625594751882495 ], [ -2.141824082444538, 39.157682326620488 ], [ -2.670681818197686, 38.906043975691418 ], [ -3.289326170740249, 39.11958958921543 ], [ -3.385134957221902, 39.587406153365123 ], [ -2.854395171956584, 39.841821463507031 ], [ -2.229701085276071, 39.625594751882495 ] ] ] ] } },
{ "type": "Feature", "properties": { "geogrid_id": "5239406404001608612", "seqnum": 13423.0, "lat_c": 39.406403534561363, "lon_c": -1.6086120173242531, "res": 8.0, "count_Insects": 896, "count_Flowering Plants": 1668, "count_Mosses": 52, "count_Sac Fungi": 155, "count_Basidiomycota": 54, "count_Molluscs": 49, "count_Reptiles": 22, "count_Birds": 156, "count_Arachnids": 47, "count_Mammals": 46, "count_Ferns": 12, "count_Amphibians": 8, "count_Gymnosperms": 17, "unique_species_count": 3182.0, "countryCode": "ES" }, "geometry": { "type": "MultiPolygon", "coordinates": [ [ [ [ -1.07098818829845, 39.652063612107561 ], [ -0.991082714473395, 39.184238947182763 ], [ -1.525484531270086, 38.938456187858513 ], [ -2.141824082444538, 39.157682326620488 ], [ -2.229701085276071, 39.625594751882495 ], [ -1.693289183521679, 39.874243472136335 ], [ -1.07098818829845, 39.652063612107561 ] ] ] ] } },
{ "type": "Feature", "properties": { "geogrid_id": "5239426839000452278", "seqnum": 13505.0, "lat_c": 39.426838738710856, "lon_c": -0.45227801002479401, "res": 8.0, "count_Insects": 2486, "count_Flowering Plants": 3054, "count_Mosses": 186, "count_Sac Fungi": 549, "count_Basidiomycota": 470, "count_Molluscs": 412, "count_Reptiles": 36, "count_Birds": 323, "count_Arachnids": 171, "count_Mammals": 62, "count_Ferns": 33, "count_Amphibians": 10, "count_Gymnosperms": 46, "unique_species_count": 7838.0, "countryCode": "ES" }, "geometry": { "type": "MultiPolygon", "coordinates": [ [ [ [ 0.090978681695321, 39.666092732241118 ], [ 0.162891058059797, 39.198544241986212 ], [ -0.377065515434096, 38.959085104269896 ], [ -0.991082714473395, 39.184238947182763 ], [ -1.07098818829845, 39.652063612107561 ], [ -0.528899451153263, 39.8945097350298 ], [ 0.090978681695321, 39.666092732241118 ] ] ] ] } },
{ "type": "Feature", "properties": { "geogrid_id": "5239846510008070762", "seqnum": 8828.0, "lat_c": 39.846510281419981, "lon_c": -8.070762409287493, "res": 8.0, "count_Insects": 22, "count_Flowering Plants": 18, "count_Mosses": 0, "count_Sac Fungi": 0, "count_Basidiomycota": 9, "count_Molluscs": 0, "count_Reptiles": 4, "count_Birds": 5, "count_Arachnids": 1, "count_Mammals": 0, "count_Ferns": 0, "count_Amphibians": 4, "count_Gymnosperms": 0, "unique_species_count": 63.0, "countryCode": "ES" }, "geometry": { "type": "MultiPolygon", "coordinates": [ [ [ [ -7.44078259758997, 39.643621008846559 ], [ -7.945763997811105, 39.374097886022881 ], [ -8.57416365840457, 39.574266739765136 ], [ -8.704232351521354, 40.04634552331877 ], [ -8.198305856391718, 40.318826798323144 ], [ -7.563192895149427, 40.116257069572157 ], [ -7.44078259758997, 39.643621008846559 ] ] ] ] } },
{ "type": "Feature", "properties": { "geogrid_id": "5239910624006931667", "seqnum": 8829.0, "lat_c": 39.910624369744163, "lon_c": -6.9316673231721593, "res": 8.0, "count_Insects": 582, "count_Flowering Plants": 998, "count_Mosses": 5, "count_Sac Fungi": 111, "count_Basidiomycota": 51, "count_Molluscs": 4, "count_Reptiles": 18, "count_Birds": 173, "count_Arachnids": 35, "count_Mammals": 28, "count_Ferns": 21, "count_Amphibians": 12, "count_Gymnosperms": 7, "unique_species_count": 2045.0, "countryCode": "ES" }, "geometry": { "type": "MultiPolygon", "coordinates": [ [ [ [ -6.303672298289984, 39.701973800545282 ], [ -6.814239230461674, 39.437721332211474 ], [ -7.44078259758997, 39.643621008846559 ], [ -7.563192895149427, 40.116257069572157 ], [ -7.051393376733163, 40.383467039512453 ], [ -6.418359090361655, 40.175067591279394 ], [ -6.303672298289984, 39.701973800545282 ] ] ] ] } },
{ "type": "Feature", "properties": { "geogrid_id": "5239963643005788950", "seqnum": 8830.0, "lat_c": 39.963643317528515, "lon_c": -5.7889501645369918, "res": 8.0, "count_Insects": 1558, "count_Flowering Plants": 2053, "count_Mosses": 70, "count_Sac Fungi": 202, "count_Basidiomycota": 403, "count_Molluscs": 15, "count_Reptiles": 32, "count_Birds": 252, "count_Arachnids": 81, "count_Mammals": 50, "count_Ferns": 36, "count_Amphibians": 17, "count_Gymnosperms": 21, "unique_species_count": 4790.0, "countryCode": "ES" }, "geometry": { "type": "MultiPolygon", "coordinates": [ [ [ [ -5.163110082015824, 39.749238208514193 ], [ -5.679154385185874, 39.490348010286255 ], [ -6.303672298289984, 39.701973800545282 ], [ -6.418359090361655, 40.175067591279394 ], [ -5.900800447302624, 40.436909753651548 ], [ -5.27001799263131, 40.222688724171917 ], [ -5.163110082015824, 39.749238208514193 ] ] ] ] } },
{ "type": "Feature", "properties": { "geogrid_id": "5240005482004642897", "seqnum": 13178.0, "lat_c": 40.005481780616812, "lon_c": -4.6428967529181691, "res": 8.0, "count_Insects": 1002, "count_Flowering Plants": 1665, "count_Mosses": 123, "count_Sac Fungi": 296, "count_Basidiomycota": 556, "count_Molluscs": 19, "count_Reptiles": 27, "count_Birds": 208, "count_Arachnids": 62, "count_Mammals": 39, "count_Ferns": 23, "count_Amphibians": 13, "count_Gymnosperms": 14, "unique_species_count": 4047.0, "countryCode": "ES" }, "geometry": { "type": "MultiPolygon", "coordinates": [ [ [ [ -4.114767449953949, 40.265387018550776 ], [ -4.012190032863433, 39.797903196461611 ], [ -4.537275697693793, 39.538098550998065 ], [ -5.163110082015824, 39.749238208514193 ], [ -5.27001799263131, 40.222688724171917 ], [ -4.746822619118215, 40.479068313603619 ], [ -4.114767449953949, 40.265387018550776 ] ] ] ] } },
{ "type": "Feature", "properties": { "geogrid_id": "5240055086003482737", "seqnum": 13260.0, "lat_c": 40.055086419518702, "lon_c": -3.482737135366345, "res": 8.0, "count_Insects": 1640, "count_Flowering Plants": 2065, "count_Mosses": 20, "count_Sac Fungi": 378, "count_Basidiomycota": 657, "count_Molluscs": 79, "count_Reptiles": 30, "count_Birds": 277, "count_Arachnids": 136, "count_Mammals": 40, "count_Ferns": 15, "count_Amphibians": 10, "count_Gymnosperms": 31, "unique_species_count": 5378.0, "countryCode": "ES" }, "geometry": { "type": "MultiPolygon", "coordinates": [ [ [ [ -2.948850632939078, 40.309526718956526 ], [ -2.854395171956584, 39.841821463507031 ], [ -3.385134957221902, 39.587406153365123 ], [ -4.012190032863433, 39.797903196461611 ], [ -4.114767449953949, 40.265387018550776 ], [ -3.58219864947463, 40.522642519179378 ], [ -2.948850632939078, 40.309526718956526 ] ] ] ] } },
{ "type": "Feature", "properties": { "geogrid_id": "5240093395002319228", "seqnum": 13342.0, "lat_c": 40.093394738143225, "lon_c": -2.319228341233242, "res": 8.0, "count_Insects": 662, "count_Flowering Plants": 1766, "count_Mosses": 12, "count_Sac Fungi": 312, "count_Basidiomycota": 168, "count_Molluscs": 13, "count_Reptiles": 14, "count_Birds": 137, "count_Arachnids": 43, "count_Mammals": 37, "count_Ferns": 19, "count_Amphibians": 4, "count_Gymnosperms": 16, "unique_species_count": 3203.0, "countryCode": "ES" }, "geometry": { "type": "MultiPolygon", "coordinates": [ [ [ [ -1.779574212278929, 40.341990254594123 ], [ -1.693289183521679, 39.874243472136335 ], [ -2.229701085276071, 39.625594751882495 ], [ -2.854395171956584, 39.841821463507031 ], [ -2.948850632939078, 40.309526718956526 ], [ -2.410467108591018, 40.561095713069363 ], [ -1.779574212278929, 40.341990254594123 ] ] ] ] } },
{ "type": "Feature", "properties": { "geogrid_id": "5240119801001152401", "seqnum": 13424.0, "lat_c": 40.119800541762878, "lon_c": -1.1524006529301241, "res": 8.0, "count_Insects": 1795, "count_Flowering Plants": 2426, "count_Mosses": 184, "count_Sac Fungi": 509, "count_Basidiomycota": 268, "count_Molluscs": 52, "count_Reptiles": 23, "count_Birds": 164, "count_Arachnids": 101, "count_Mammals": 55, "count_Ferns": 27, "count_Amphibians": 9, "count_Gymnosperms": 24, "unique_species_count": 5637.0, "countryCode": "ES" }, "geometry": { "type": "MultiPolygon", "coordinates": [ [ [ [ -0.606983072916324, 40.362113479192764 ], [ -0.528899451153263, 39.8945097350298 ], [ -1.07098818829845, 39.652063612107561 ], [ -1.693289183521679, 39.874243472136335 ], [ -1.779574212278929, 40.341990254594123 ], [ -1.235376452565181, 40.587464347849654 ], [ -0.606983072916324, 40.362113479192764 ] ] ] ] } },
{ "type": "Feature", "properties": { "geogrid_id": "5240648100006535304", "seqnum": 8748.0, "lat_c": 40.648099557690891, "lon_c": -6.5353037421135696, "res": 8.0, "count_Insects": 485, "count_Flowering Plants": 1147, "count_Mosses": 80, "count_Sac Fungi": 249, "count_Basidiomycota": 173, "count_Molluscs": 3, "count_Reptiles": 19, "count_Birds": 134, "count_Arachnids": 22, "count_Mammals": 46, "count_Ferns": 25, "count_Amphibians": 14, "count_Gymnosperms": 14, "unique_species_count": 2411.0, "countryCode": "ES" }, "geometry": { "type": "MultiPolygon", "coordinates": [ [ [ [ -5.900800447302624, 40.436909753651548 ], [ -6.418359090361655, 40.175067591279394 ], [ -7.051393376733163, 40.383467039512453 ], [ -7.173591088721269, 40.85621014869794 ], [ -6.654678836297875, 41.121030996087775 ], [ -6.01486553473825, 40.910113387877523 ], [ -5.900800447302624, 40.436909753651548 ] ] ] ] } },
{ "type": "Feature", "properties": { "geogrid_id": "5240696109005378936", "seqnum": 8749.0, "lat_c": 40.69610936277433, "lon_c": -5.3789356065623029, "res": 8.0, "count_Insects": 1200, "count_Flowering Plants": 1591, "count_Mosses": 101, "count_Sac Fungi": 230, "count_Basidiomycota": 320, "count_Molluscs": 11, "count_Reptiles": 24, "count_Birds": 190, "count_Arachnids": 44, "count_Mammals": 45, "count_Ferns": 20, "count_Amphibians": 16, "count_Gymnosperms": 11, "unique_species_count": 3803.0, "countryCode": "ES" }, "geometry": { "type": "MultiPolygon", "coordinates": [ [ [ [ -4.746822619118215, 40.479068313603619 ], [ -5.27001799263131, 40.222688724171917 ], [ -5.900800447302624, 40.436909753651548 ], [ -6.01486553473825, 40.910113387877523 ], [ -5.490021988432675, 41.169466662129977 ], [ -4.852710483587767, 40.952624322911355 ], [ -4.746822619118215, 40.479068313603619 ] ] ] ] } },
{ "type": "Feature", "properties": { "geogrid_id": "5240732740004219313", "seqnum": 13179.0, "lat_c": 40.732739803550771, "lon_c": -4.2193125967802541, "res": 8.0, "count_Insects": 2204, "count_Flowering Plants": 2339, "count_Mosses": 153, "count_Sac Fungi": 731, "count_Basidiomycota": 1155, "count_Molluscs": 39, "count_Reptiles": 31, "count_Birds": 266, "count_Arachnids": 168, "count_Mammals": 54, "count_Ferns": 26, "count_Amphibians": 16, "count_Gymnosperms": 34, "unique_species_count": 7216.0, "countryCode": "ES" }, "geometry": { "type": "MultiPolygon", "coordinates": [ [ [ [ -3.683587088920091, 40.990086189297145 ], [ -3.58219864947463, 40.522642519179378 ], [ -4.114767449953949, 40.265387018550776 ], [ -4.746822619118215, 40.479068313603619 ], [ -4.852710483587767, 40.952624322911355 ], [ -4.322072741275219, 41.206411913482491 ], [ -3.683587088920091, 40.990086189297145 ] ] ] ] } },
{ "type": "Feature", "properties": { "geogrid_id": "5240777127003045124", "seqnum": 13261.0, "lat_c": 40.777126568744293, "lon_c": -3.0451239781272719, "res": 8.0, "count_Insects": 1277, "count_Flowering Plants": 2085, "count_Mosses": 166, "count_Sac Fungi": 380, "count_Basidiomycota": 552, "count_Molluscs": 27, "count_Reptiles": 20, "count_Birds": 206, "count_Arachnids": 93, "count_Mammals": 45, "count_Ferns": 26, "count_Amphibians": 12, "count_Gymnosperms": 24, "unique_species_count": 4913.0, "countryCode": "ES" }, "geometry": { "type": "MultiPolygon", "coordinates": [ [ [ [ -2.503480128807714, 41.028710685537007 ], [ -2.410467108591018, 40.561095713069363 ], [ -2.948850632939078, 40.309526718956526 ], [ -3.58219864947463, 40.522642519179378 ], [ -3.683587088920091, 40.990086189297145 ], [ -3.143281240609928, 41.244633194789877 ], [ -2.503480128807714, 41.028710685537007 ] ] ] ] } },
{ "type": "Feature", "properties": { "geogrid_id": "5240809658001867527", "seqnum": 13343.0, "lat_c": 40.809657700884891, "lon_c": -1.8675266160466319, "res": 8.0, "count_Insects": 1060, "count_Flowering Plants": 2040, "count_Mosses": 133, "count_Sac Fungi": 382, "count_Basidiomycota": 236, "count_Molluscs": 17, "count_Reptiles": 11, "count_Birds": 188, "count_Arachnids": 48, "count_Mammals": 39, "count_Ferns": 27, "count_Amphibians": 9, "count_Gymnosperms": 19, "unique_species_count": 4209.0, "countryCode": "ES" }, "geometry": { "type": "MultiPolygon", "coordinates": [ [ [ [ -1.319973253179184, 41.055069193420152 ], [ -1.235376452565181, 40.587464347849654 ], [ -1.779574212278929, 40.341990254594123 ], [ -2.410467108591018, 40.561095713069363 ], [ -2.503480128807714, 41.028710685537007 ], [ -1.957207381972392, 41.27725919880767 ], [ -1.319973253179184, 41.055069193420152 ] ] ] ] } },
{ "type": "Feature", "properties": { "geogrid_id": "5240829665000686583", "seqnum": 13425.0, "lat_c": 40.829664886683943, "lon_c": -0.68658328275258496, "res": 8.0, "count_Insects": 567, "count_Flowering Plants": 1839, "count_Mosses": 16, "count_Sac Fungi": 157, "count_Basidiomycota": 111, "count_Molluscs": 72, "count_Reptiles": 19, "count_Birds": 150, "count_Arachnids": 26, "count_Mammals": 34, "count_Ferns": 14, "count_Amphibians": 7, "count_Gymnosperms": 22, "unique_species_count": 3034.0, "countryCode": "ES" }, "geometry": { "type": "MultiPolygon", "coordinates": [ [ [ [ -0.133148180897078, 41.068430712832246 ], [ -0.05698914714646, 40.60102056600784 ], [ -0.606983072916324, 40.362113479192764 ], [ -1.235376452565181, 40.587464347849654 ], [ -1.319973253179184, 41.055069193420152 ], [ -0.767755799240637, 41.297178412915891 ], [ -0.133148180897078, 41.068430712832246 ] ] ] ] } },
{ "type": "Feature", "properties": { "geogrid_id": "5241328810007298446", "seqnum": 8666.0, "lat_c": 41.328809597137436, "lon_c": -7.2984462746188612, "res": 8.0, "count_Insects": 19, "count_Flowering Plants": 111, "count_Mosses": 49, "count_Sac Fungi": 1, "count_Basidiomycota": 0, "count_Molluscs": 0, "count_Reptiles": 4, "count_Birds": 26, "count_Arachnids": 3, "count_Mammals": 1, "count_Ferns": 6, "count_Amphibians": 0, "count_Gymnosperms": 1, "unique_species_count": 221.0, "countryCode": "ES" }, "geometry": { "type": "MultiPolygon", "coordinates": [ [ [ [ -6.654678836297875, 41.121030996087775 ], [ -7.173591088721269, 40.85621014869794 ], [ -7.81572995054107, 41.061190453453321 ], [ -7.946243728981722, 41.53339289654248 ], [ -7.426157831540555, 41.801215880577395 ], [ -6.776668983267069, 41.593818423162077 ], [ -6.654678836297875, 41.121030996087775 ] ] ] ] } },
{ "type": "Feature", "properties": { "geogrid_id": "5241383216006131317", "seqnum": 8667.0, "lat_c": 41.383216053370653, "lon_c": -6.1313167926858831, "res": 8.0, "count_Insects": 255, "count_Flowering Plants": 984, "count_Mosses": 107, "count_Sac Fungi": 127, "count_Basidiomycota": 28, "count_Molluscs": 10, "count_Reptiles": 16, "count_Birds": 142, "count_Arachnids": 19, "count_Mammals": 35, "count_Ferns": 13, "count_Amphibians": 11, "count_Gymnosperms": 13, "unique_species_count": 1760.0, "countryCode": "ES" }, "geometry": { "type": "MultiPolygon", "coordinates": [ [ [ [ -5.490021988432675, 41.169466662129977 ], [ -6.01486553473825, 40.910113387877523 ], [ -6.654678836297875, 41.121030996087775 ], [ -6.776668983267069, 41.593818423162077 ], [ -6.250337522936806, 41.856174931759114 ], [ -5.603447183332952, 41.642723035850686 ], [ -5.490021988432675, 41.169466662129977 ] ] ] ] } },
{ "type": "Feature", "properties": { "geogrid_id": "5241426117004960718", "seqnum": 8668.0, "lat_c": 41.426116856137135, "lon_c": -4.9607180690779611, "res": 8.0, "count_Insects": 650, "count_Flowering Plants": 1442, "count_Mosses": 6, "count_Sac Fungi": 267, "count_Basidiomycota": 353, "count_Molluscs": 17, "count_Reptiles": 15, "count_Birds": 150, "count_Arachnids": 51, "count_Mammals": 30, "count_Ferns": 4, "count_Amphibians": 5, "count_Gymnosperms": 16, "unique_species_count": 3006.0, "countryCode": "ES" }, "geometry": { "type": "MultiPolygon", "coordinates": [ [ [ [ -4.322072741275219, 41.206411913482491 ], [ -4.852710483587767, 40.952624322911355 ], [ -5.490021988432675, 41.169466662129977 ], [ -5.603447183332952, 41.642723035850686 ], [ -5.071013994178231, 41.899508946971856 ], [ -4.426900522686688, 41.680020768571431 ], [ -4.322072741275219, 41.206411913482491 ] ] ] ] } },
{ "type": "Feature", "properties": { "geogrid_id": "5241457429003786972", "seqnum": 13180.0, "lat_c": 41.457428767837378, "lon_c": -3.7869718422078238, "res": 8.0, "count_Insects": 799, "count_Flowering Plants": 2111, "count_Mosses": 135, "count_Sac Fungi": 552, "count_Basidiomycota": 515, "count_Molluscs": 13, "count_Reptiles": 20, "count_Birds": 178, "count_Arachnids": 51, "count_Mammals": 40, "count_Ferns": 28, "count_Amphibians": 11, "count_Gymnosperms": 22, "unique_species_count": 4475.0, "countryCode": "ES" }, "geometry": { "type": "MultiPolygon", "coordinates": [ [ [ [ -3.243390245711379, 41.712058370365995 ], [ -3.143281240609928, 41.244633194789877 ], [ -3.683587088920091, 40.990086189297145 ], [ -4.322072741275219, 41.206411913482491 ], [ -4.426900522686688, 41.680020768571431 ], [ -3.888517929615577, 41.931134504136942 ], [ -3.243390245711379, 41.712058370365995 ] ] ] ] } },
{ "type": "Feature", "properties": { "geogrid_id": "5241496252002598332", "seqnum": 13262.0, "lat_c": 41.496252246558257, "lon_c": -2.5983317749928481, "res": 8.0, "count_Insects": 501, "count_Flowering Plants": 1515, "count_Mosses": 74, "count_Sac Fungi": 160, "count_Basidiomycota": 159, "count_Molluscs": 19, "count_Reptiles": 16, "count_Birds": 148, "count_Arachnids": 24, "count_Mammals": 34, "count_Ferns": 16, "count_Amphibians": 9, "count_Gymnosperms": 13, "unique_species_count": 2688.0, "countryCode": "ES" }, "geometry": { "type": "MultiPolygon", "coordinates": [ [ [ [ -2.048679118018891, 41.744807708753427 ], [ -1.957207381972392, 41.27725919880767 ], [ -2.503480128807714, 41.028710685537007 ], [ -3.143281240609929, 41.244633194789877 ], [ -3.243390245711379, 41.712058370365995 ], [ -2.695088202591326, 41.963732570090713 ], [ -2.048679118018891, 41.744807708753427 ] ] ] ] } },
{ "type": "Feature", "properties": { "geogrid_id": "5241522629001406250", "seqnum": 13344.0, "lat_c": 41.522628799805098, "lon_c": -1.406250184350551, "res": 8.0, "count_Insects": 843, "count_Flowering Plants": 2251, "count_Mosses": 25, "count_Sac Fungi": 205, "count_Basidiomycota": 474, "count_Molluscs": 34, "count_Reptiles": 24, "count_Birds": 207, "count_Arachnids": 72, "count_Mammals": 47, "count_Ferns": 33, "count_Amphibians": 9, "count_Gymnosperms": 26, "unique_species_count": 4250.0, "countryCode": "ES" }, "geometry": { "type": "MultiPolygon", "coordinates": [ [ [ [ -0.850557790641505, 41.764668063121078 ], [ -0.767755799240637, 41.297178412915891 ], [ -1.319973253179184, 41.055069193420152 ], [ -1.957207381972392, 41.27725919880767 ], [ -2.048679118018891, 41.744807708753427 ], [ -1.494267982606149, 41.990156453145751 ], [ -0.850557790641505, 41.764668063121078 ] ] ] ] } },
{ "type": "Feature", "properties": { "geogrid_id": "5241535825000210828", "seqnum": 13426.0, "lat_c": 41.535824757875837, "lon_c": -0.21082842221048401, "res": 8.0, "count_Insects": 895, "count_Flowering Plants": 1269, "count_Mosses": 4, "count_Sac Fungi": 48, "count_Basidiomycota": 70, "count_Molluscs": 25, "count_Reptiles": 20, "count_Birds": 228, "count_Arachnids": 50, "count_Mammals": 38, "count_Ferns": 2, "count_Amphibians": 7, "count_Gymnosperms": 11, "unique_species_count": 2667.0, "countryCode": "ES" }, "geometry": { "type": "MultiPolygon", "coordinates": [ [ [ [ 0.350848536862496, 41.770838231613702 ], [ 0.424969334880932, 41.303591040638544 ], [ -0.133148180897078, 41.068430712832246 ], [ -0.767755799240637, 41.297178412915891 ], [ -0.850557790641505, 41.764668063121078 ], [ -0.29008497425797, 42.003216936411725 ], [ 0.350848536862496, 41.770838231613702 ] ] ] ] } },
{ "type": "Feature", "properties": { "geogrid_id": "5241646519012750409", "seqnum": 8580.0, "lat_c": 41.646518853130701, "lon_c": -12.750408763363112, "res": 8.0, "count_Insects": 0, "count_Flowering Plants": 0, "count_Mosses": 0, "count_Sac Fungi": 0, "count_Basidiomycota": 0, "count_Molluscs": 0, "count_Reptiles": 0, "count_Birds": 1, "count_Arachnids": 0, "count_Mammals": 0, "count_Ferns": 0, "count_Amphibians": 0, "count_Gymnosperms": 0, "unique_species_count": 1.0, "countryCode": "ES" }, "geometry": { "type": "MultiPolygon", "coordinates": [ [ [ [ -12.088128684802273, 41.466968230562017 ], [ -12.581965112957223, 41.178368236107858 ], [ -13.241824631376135, 41.355300720119729 ], [ -13.416967911337364, 41.822485226630249 ], [ -12.923566276408161, 42.113997128720833 ], [ -12.254491995948317, 41.935409167603623 ], [ -12.088128684802273, 41.466968230562017 ] ] ] ] } },
{ "type": "Feature", "properties": { "geogrid_id": "5241848648010424347", "seqnum": 8582.0, "lat_c": 41.848648167698094, "lon_c": -10.42434712656485, "res": 8.0, "count_Insects": 0, "count_Flowering Plants": 1, "count_Mosses": 0, "count_Sac Fungi": 0, "count_Basidiomycota": 0, "count_Molluscs": 0, "count_Reptiles": 0, "count_Birds": 1, "count_Arachnids": 0, "count_Mammals": 4, "count_Ferns": 0, "count_Amphibians": 0, "count_Gymnosperms": 0, "unique_species_count": 6.0, "countryCode": "ES" }, "geometry": { "type": "MultiPolygon", "coordinates": [ [ [ [ -9.766011648810659, 41.656781377432395 ], [ -10.273209262909015, 41.378347483519086 ], [ -10.929432875498087, 41.567496818442251 ], [ -11.08696861812709, 42.037061150102097 ], [ -10.579487495608873, 42.318479032658722 ], [ -9.914672468229835, 42.127338580457064 ], [ -9.766011648810659, 41.656781377432395 ] ] ] ] } },
{ "type": "Feature", "properties": { "geogrid_id": "5241932726009254264", "seqnum": 8583.0, "lat_c": 41.932726065685493, "lon_c": -9.2542635273024949, "res": 8.0, "count_Insects": 507, "count_Flowering Plants": 692, "count_Mosses": 8, "count_Sac Fungi": 32, "count_Basidiomycota": 114, "count_Molluscs": 143, "count_Reptiles": 20, "count_Birds": 233, "count_Arachnids": 30, "count_Mammals": 26, "count_Ferns": 18, "count_Amphibians": 12, "count_Gymnosperms": 12, "unique_species_count": 1847.0, "countryCode": "ES" }, "geometry": { "type": "MultiPolygon", "coordinates": [ [ [ [ -8.598153123221929, 41.734720280473638 ], [ -9.111858209126742, 41.461537383347256 ], [ -9.766011648810659, 41.656781377432395 ], [ -9.914672468229835, 42.127338580457064 ], [ -9.400335369031334, 42.403528580908336 ], [ -8.737894205853001, 42.206141543237202 ], [ -8.598153123221929, 41.734720280473638 ] ] ] ] } },
{ "type": "Feature", "properties": { "geogrid_id": "5242005346008079869", "seqnum": 8584.0, "lat_c": 42.005346095563212, "lon_c": -8.079868714641119, "res": 8.0, "count_Insects": 1005, "count_Flowering Plants": 1155, "count_Mosses": 34, "count_Sac Fungi": 65, "count_Basidiomycota": 206, "count_Molluscs": 21, "count_Reptiles": 24, "count_Birds": 185, "count_Arachnids": 69, "count_Mammals": 45, "count_Ferns": 25, "count_Amphibians": 14, "count_Gymnosperms": 22, "unique_species_count": 2870.0, "countryCode": "ES" }, "geometry": { "type": "MultiPolygon", "coordinates": [ [ [ [ -7.426157831540555, 41.801215880577395 ], [ -7.946243728981722, 41.53339289654248 ], [ -8.598153123221929, 41.734720280473638 ], [ -8.737894205853001, 42.206141543237202 ], [ -8.216834626381596, 42.476986952982841 ], [ -7.556938780484114, 42.273373541410798 ], [ -7.426157831540555, 41.801215880577395 ] ] ] ] } },
{ "type": "Feature", "properties": { "geogrid_id": "5242066413006901472", "seqnum": 8585.0, "lat_c": 42.066413098893555, "lon_c": -6.9014717735694546, "res": 8.0, "count_Insects": 1178, "count_Flowering Plants": 1541, "count_Mosses": 125, "count_Sac Fungi": 440, "count_Basidiomycota": 283, "count_Molluscs": 12, "count_Reptiles": 22, "count_Birds": 144, "count_Arachnids": 43, "count_Mammals": 38, "count_Ferns": 36, "count_Amphibians": 11, "count_Gymnosperms": 16, "unique_species_count": 3889.0, "countryCode": "ES" }, "geometry": { "type": "MultiPolygon", "coordinates": [ [ [ [ -6.250337522936806, 41.856174931759114 ], [ -6.776668983267069, 41.593818423162077 ], [ -7.426157831540555, 41.801215880577395 ], [ -7.556938780484114, 42.273373541410798 ], [ -7.02929880773426, 42.53876049968909 ], [ -6.372123905195095, 42.328942095105184 ], [ -6.250337522936806, 41.856174931759114 ] ] ] ] } },
{ "type": "Feature", "properties": { "geogrid_id": "5242115836005719393", "seqnum": 8586.0, "lat_c": 42.115836374187467, "lon_c": -5.7193930790196861, "res": 8.0, "count_Insects": 946, "count_Flowering Plants": 1514, "count_Mosses": 57, "count_Sac Fungi": 165, "count_Basidiomycota": 220, "count_Molluscs": 16, "count_Reptiles": 21, "count_Birds": 221, "count_Arachnids": 81, "count_Mammals": 32, "count_Ferns": 17, "count_Amphibians": 11, "count_Gymnosperms": 7, "unique_species_count": 3308.0, "countryCode": "ES" }, "geometry": { "type": "MultiPolygon", "coordinates": [ [ [ [ -5.071013994178231, 41.899508946971856 ], [ -5.603447183332952, 41.642723035850686 ], [ -6.250337522936806, 41.856174931759114 ], [ -6.372123905195095, 42.328942095105184 ], [ -5.838054337689759, 42.588759604497383 ], [ -5.183778624930597, 42.37275923378737 ], [ -5.071013994178231, 41.899508946971856 ] ] ] ] } },
{ "type": "Feature", "properties": { "geogrid_id": "5242153530004533963", "seqnum": 8587.0, "lat_c": 42.153530060303488, "lon_c": -4.5339630235542252, "res": 8.0, "count_Insects": 631, "count_Flowering Plants": 1462, "count_Mosses": 7, "count_Sac Fungi": 71, "count_Basidiomycota": 242, "count_Molluscs": 10, "count_Reptiles": 15, "count_Birds": 185, "count_Arachnids": 16, "count_Mammals": 36, "count_Ferns": 7, "count_Amphibians": 11, "count_Gymnosperms": 14, "unique_species_count": 2707.0, "countryCode": "ES" }, "geometry": { "type": "MultiPolygon", "coordinates": [ [ [ [ -3.888517929615577, 41.931134504136942 ], [ -4.426900522686688, 41.680020768571431 ], [ -5.071013994178231, 41.899508946971856 ], [ -5.183778624930597, 42.37275923378737 ], [ -4.6434389781853, 42.626899210670103 ], [ -3.99224194050783, 42.404741905063204 ], [ -3.888517929615577, 41.931134504136942 ] ] ] ] } },
{ "type": "Feature", "properties": { "geogrid_id": "5242179413003345521", "seqnum": 13181.0, "lat_c": 42.179413458180754, "lon_c": -3.3455207665096882, "res": 8.0, "count_Insects": 1197, "count_Flowering Plants": 2150, "count_Mosses": 40, "count_Sac Fungi": 479, "count_Basidiomycota": 608, "count_Molluscs": 34, "count_Reptiles": 19, "count_Birds": 224, "count_Arachnids": 47, "count_Mammals": 53, "count_Ferns": 34, "count_Amphibians": 12, "count_Gymnosperms": 25, "unique_species_count": 4922.0, "countryCode": "ES" }, "geometry": { "type": "MultiPolygon", "coordinates": [ [ [ [ -2.793817503092392, 42.431163413578496 ], [ -2.695088202591326, 41.963732570090713 ], [ -3.243390245711379, 41.712058370365995 ], [ -3.888517929615577, 41.931134504136942 ], [ -3.99224194050783, 42.404741905063204 ], [ -3.445800349278147, 42.65309925493144 ], [ -2.793817503092392, 42.431163413578496 ] ] ] ] } },
{ "type": "Feature", "properties": { "geogrid_id": "5242212316002142006", "seqnum": 13263.0, "lat_c": 42.212315767134299, "lon_c": -2.1420062013639649, "res": 8.0, "count_Insects": 1357, "count_Flowering Plants": 2393, "count_Mosses": 33, "count_Sac Fungi": 400, "count_Basidiomycota": 828, "count_Molluscs": 58, "count_Reptiles": 21, "count_Birds": 252, "count_Arachnids": 58, "count_Mammals": 57, "count_Ferns": 35, "count_Amphibians": 11, "count_Gymnosperms": 25, "unique_species_count": 5528.0, "countryCode": "ES" }, "geometry": { "type": "MultiPolygon", "coordinates": [ [ [ [ -1.584089137114894, 42.457665010409791 ], [ -1.494267982606149, 41.990156453145751 ], [ -2.048679118018891, 41.744807708753427 ], [ -2.695088202591326, 41.963732570090713 ], [ -2.793817503092392, 42.431163413578496 ], [ -2.237254929893898, 42.679795489370093 ], [ -1.584089137114894, 42.457665010409791 ] ] ] ] } },
{ "type": "Feature", "properties": { "geogrid_id": "5242232147000935048", "seqnum": 13345.0, "lat_c": 42.232147401614661, "lon_c": -0.93504801503272394, "res": 8.0, "count_Insects": 1216, "count_Flowering Plants": 1957, "count_Mosses": 33, "count_Sac Fungi": 112, "count_Basidiomycota": 550, "count_Molluscs": 55, "count_Reptiles": 22, "count_Birds": 254, "count_Arachnids": 54, "count_Mammals": 51, "count_Ferns": 18, "count_Amphibians": 10, "count_Gymnosperms": 21, "unique_species_count": 4353.0, "countryCode": "ES" }, "geometry": { "type": "MultiPolygon", "coordinates": [ [ [ [ -0.370974509372699, 42.470621039429538 ], [ -0.29008497425797, 42.003216936411725 ], [ -0.850557790641505, 41.764668063121078 ], [ -1.494267982606149, 41.990156453145751 ], [ -1.584089137114894, 42.457665010409791 ], [ -1.021286962856668, 42.699629560335232 ], [ -0.370974509372699, 42.470621039429538 ] ] ] ] } },
{ "type": "Feature", "properties": { "geogrid_id": "5242403176012425547", "seqnum": 8499.0, "lat_c": 42.403175635415799, "lon_c": -12.425547391834542, "res": 8.0, "count_Insects": 0, "count_Flowering Plants": 0, "count_Mosses": 0, "count_Sac Fungi": 0, "count_Basidiomycota": 0, "count_Molluscs": 0, "count_Reptiles": 0, "count_Birds": 1, "count_Arachnids": 0, "count_Mammals": 2, "count_Ferns": 0, "count_Amphibians": 0, "count_Gymnosperms": 0, "unique_species_count": 3.0, "countryCode": "ES" }, "geometry": { "type": "MultiPolygon", "coordinates": [ [ [ [ -11.753992007464753, 42.221935343349337 ], [ -12.254491995948317, 41.935409167603623 ], [ -12.923566276408161, 42.113997128720833 ], [ -13.101781878516455, 42.580674576832294 ], [ -12.601637113077199, 42.87014134111795 ], [ -11.922827764716683, 42.689984223895962 ], [ -11.753992007464753, 42.221935343349337 ] ] ] ] } },
{ "type": "Feature", "properties": { "geogrid_id": "5242506060011248828", "seqnum": 8500.0, "lat_c": 42.506060107986649, "lon_c": -11.248828058483648, "res": 8.0, "count_Insects": 0, "count_Flowering Plants": 0, "count_Mosses": 0, "count_Sac Fungi": 0, "count_Basidiomycota": 0, "count_Molluscs": 1, "count_Reptiles": 0, "count_Birds": 1, "count_Arachnids": 0, "count_Mammals": 4, "count_Ferns": 0, "count_Amphibians": 0, "count_Gymnosperms": 0, "unique_species_count": 6.0, "countryCode": "ES" }, "geometry": { "type": "MultiPolygon", "coordinates": [ [ [ [ -10.579487495608873, 42.318479032658722 ], [ -11.08696861812709, 42.037061150102097 ], [ -11.753992007464753, 42.221935343349337 ], [ -11.922827764716683, 42.689984223895962 ], [ -11.415325442700214, 42.974385320400486 ], [ -10.738920971792254, 42.787745203661025 ], [ -10.579487495608873, 42.318479032658722 ] ] ] ] } },
{ "type": "Feature", "properties": { "geogrid_id": "5242597426010067303", "seqnum": 8501.0, "lat_c": 42.597426315136083, "lon_c": -10.067303300411613, "res": 8.0, "count_Insects": 0, "count_Flowering Plants": 0, "count_Mosses": 0, "count_Sac Fungi": 0, "count_Basidiomycota": 0, "count_Molluscs": 0, "count_Reptiles": 0, "count_Birds": 5, "count_Arachnids": 0, "count_Mammals": 9, "count_Ferns": 0, "count_Amphibians": 0, "count_Gymnosperms": 0, "unique_species_count": 14.0, "countryCode": "ES" }, "geometry": { "type": "MultiPolygon", "coordinates": [ [ [ [ -9.400335369031334, 42.403528580908336 ], [ -9.914672468229835, 42.127338580457064 ], [ -10.579487495608873, 42.318479032658722 ], [ -10.738920971792254, 42.787745203661025 ], [ -10.224193126288062, 43.066951359360367 ], [ -9.550341252531599, 42.873863149737403 ], [ -9.400335369031334, 42.403528580908336 ] ] ] ] } },
{ "type": "Feature", "properties": { "geogrid_id": "5242677178008881264", "seqnum": 8502.0, "lat_c": 42.677177791941816, "lon_c": -8.881263907952075, "res": 8.0, "count_Insects": 1295, "count_Flowering Plants": 1762, "count_Mosses": 50, "count_Sac Fungi": 199, "count_Basidiomycota": 353, "count_Molluscs": 255, "count_Reptiles": 28, "count_Birds": 335, "count_Arachnids": 99, "count_Mammals": 52, "count_Ferns": 36, "count_Amphibians": 15, "count_Gymnosperms": 59, "unique_species_count": 4538.0, "countryCode": "ES" }, "geometry": { "type": "MultiPolygon", "coordinates": [ [ [ [ -8.216834626381596, 42.476986952982841 ], [ -8.737894205853001, 42.206141543237202 ], [ -9.400335369031334, 42.403528580908336 ], [ -9.550341252531599, 42.873863149737403 ], [ -9.028528171117342, 43.147748709760975 ], [ -8.357387795995818, 42.948244910519968 ], [ -8.216834626381596, 42.476986952982841 ] ] ] ] } },
{ "type": "Feature", "properties": { "geogrid_id": "5242745221007691017", "seqnum": 8503.0, "lat_c": 42.745220561040242, "lon_c": -7.6910173929610872, "res": 8.0, "count_Insects": 1455, "count_Flowering Plants": 1394, "count_Mosses": 45, "count_Sac Fungi": 163, "count_Basidiomycota": 361, "count_Molluscs": 38, "count_Reptiles": 20, "count_Birds": 156, "count_Arachnids": 113, "count_Mammals": 61, "count_Ferns": 32, "count_Amphibians": 17, "count_Gymnosperms": 12, "unique_species_count": 3867.0, "countryCode": "ES" }, "geometry": { "type": "MultiPolygon", "coordinates": [ [ [ [ -7.02929880773426, 42.53876049968909 ], [ -7.556938780484114, 42.273373541410798 ], [ -8.216834626381596, 42.476986952982841 ], [ -8.357387795995818, 42.948244910519968 ], [ -7.82863840807701, 43.216687687332517 ], [ -7.160376808972742, 43.010799736281136 ], [ -7.02929880773426, 42.53876049968909 ] ] ] ] } },
{ "type": "Feature", "properties": { "geogrid_id": "5242801464006496886", "seqnum": 8504.0, "lat_c": 42.801464000718717, "lon_c": -6.496886015009153, "res": 8.0, "count_Insects": 1472, "count_Flowering Plants": 2149, "count_Mosses": 157, "count_Sac Fungi": 478, "count_Basidiomycota": 626, "count_Molluscs": 25, "count_Reptiles": 26, "count_Birds": 163, "count_Arachnids": 69, "count_Mammals": 52, "count_Ferns": 39, "count_Amphibians": 16, "count_Gymnosperms": 13, "unique_species_count": 5285.0, "countryCode": "ES" }, "geometry": { "type": "MultiPolygon", "coordinates": [ [ [ [ -5.838054337689759, 42.588759604497383 ], [ -6.372123905195095, 42.328942095105184 ], [ -7.02929880773426, 42.53876049968909 ], [ -7.160376808972742, 43.010799736281136 ], [ -6.624848923286668, 43.273680933689121 ], [ -5.959639402603649, 43.061440207024916 ], [ -5.838054337689759, 42.588759604497383 ] ] ] ] } },
{ "type": "Feature", "properties": { "geogrid_id": "5242845822005299205", "seqnum": 8505.0, "lat_c": 42.845821538044945, "lon_c": -5.2992049968018824, "res": 8.0, "count_Insects": 1384, "count_Flowering Plants": 2646, "count_Mosses": 203, "count_Sac Fungi": 566, "count_Basidiomycota": 549, "count_Molluscs": 33, "count_Reptiles": 21, "count_Birds": 190, "count_Arachnids": 56, "count_Mammals": 57, "count_Ferns": 38, "count_Amphibians": 17, "count_Gymnosperms": 26, "unique_species_count": 5786.0, "countryCode": "ES" }, "geometry": { "type": "MultiPolygon", "coordinates": [ [ [ [ -4.6434389781853, 42.626899210670103 ], [ -5.183778624930597, 42.37275923378737 ], [ -5.838054337689759, 42.588759604497383 ], [ -5.959639402603649, 43.061440207024916 ], [ -5.417499810478365, 43.3186444003613 ], [ -4.755519683391562, 43.100082969857539 ], [ -4.6434389781853, 42.626899210670103 ] ] ] ] } },
{ "type": "Feature", "properties": { "geogrid_id": "5242878211004098321", "seqnum": 8506.0, "lat_c": 42.87821120977393, "lon_c": -4.0983208631881434, "res": 8.0, "count_Insects": 1641, "count_Flowering Plants": 2502, "count_Mosses": 263, "count_Sac Fungi": 302, "count_Basidiomycota": 614, "count_Molluscs": 49, "count_Reptiles": 20, "count_Birds": 232, "count_Arachnids": 85, "count_Mammals": 77, "count_Ferns": 41, "count_Amphibians": 16, "count_Gymnosperms": 22, "unique_species_count": 5864.0, "countryCode": "ES" }, "geometry": { "type": "MultiPolygon", "coordinates": [ [ [ [ -3.445800349278147, 42.65309925493144 ], [ -3.99224194050783, 42.404741905063204 ], [ -4.6434389781853, 42.626899210670103 ], [ -4.755519683391562, 43.100082969857539 ], [ -4.206944141075353, 43.351498127807879 ], [ -3.548372980456637, 43.12664933206193 ], [ -3.445800349278147, 42.65309925493144 ] ] ] ] } },
{ "type": "Feature", "properties": { "geogrid_id": "5242898556002894590", "seqnum": 13182.0, "lat_c": 42.898556118090681, "lon_c": -2.8945898615644921, "res": 8.0, "count_Insects": 3032, "count_Flowering Plants": 2951, "count_Mosses": 106, "count_Sac Fungi": 606, "count_Basidiomycota": 1948, "count_Molluscs": 122, "count_Reptiles": 26, "count_Birds": 240, "count_Arachnids": 93, "count_Mammals": 67, "count_Ferns": 49, "count_Amphibians": 15, "count_Gymnosperms": 29, "unique_species_count": 9284.0, "countryCode": "ES" }, "geometry": { "type": "MultiPolygon", "coordinates": [ [ [ [ -2.334493677594215, 43.147258572318343 ], [ -2.237254929893898, 42.679795489370093 ], [ -2.793817503092392, 42.431163413578496 ], [ -3.445800349278147, 42.65309925493144 ], [ -3.548372980456637, 43.12664933206193 ], [ -2.993546082017109, 43.372166868676743 ], [ -2.334493677594215, 43.147258572318343 ] ] ] ] } },
{ "type": "Feature", "properties": { "geogrid_id": "5242925167001675778", "seqnum": 13264.0, "lat_c": 42.925166904786238, "lon_c": -1.6757780385403991, "res": 8.0, "count_Insects": 2550, "count_Flowering Plants": 2940, "count_Mosses": 102, "count_Sac Fungi": 1281, "count_Basidiomycota": 2561, "count_Molluscs": 134, "count_Reptiles": 25, "count_Birds": 295, "count_Arachnids": 144, "count_Mammals": 69, "count_Ferns": 47, "count_Amphibians": 15, "count_Gymnosperms": 42, "unique_species_count": 10205.0, "countryCode": "ES" }, "geometry": { "type": "MultiPolygon", "coordinates": [ [ [ [ -1.109337002690543, 43.167127246584599 ], [ -1.021286962856668, 42.699629560335232 ], [ -1.584089137114894, 42.457665010409791 ], [ -2.237254929893898, 42.679795489370093 ], [ -2.334493677594215, 43.147258572318343 ], [ -1.769401131856984, 43.392674150367725 ], [ -1.109337002690543, 43.167127246584599 ] ] ] ] } },
{ "type": "Feature", "properties": { "geogrid_id": "5242938050000453555", "seqnum": 13346.0, "lat_c": 42.938050424607226, "lon_c": -0.453555407999788, "res": 8.0, "count_Insects": 1514, "count_Flowering Plants": 2171, "count_Mosses": 71, "count_Sac Fungi": 451, "count_Basidiomycota": 880, "count_Molluscs": 39, "count_Reptiles": 21, "count_Birds": 178, "count_Arachnids": 59, "count_Mammals": 48, "count_Ferns": 45, "count_Amphibians": 14, "count_Gymnosperms": 24, "unique_species_count": 5515.0, "countryCode": "ES" }, "geometry": { "type": "MultiPolygon", "coordinates": [ [ [ [ 0.119143230067784, 43.172759865476095 ], [ 0.197990803751814, 42.705408897539336 ], [ -0.370974509372699, 42.470621039429538 ], [ -1.021286962856668, 42.699629560335232 ], [ -1.109337002690543, 43.167127246584599 ], [ -0.537887900926813, 43.405518026302246 ], [ 0.119143230067784, 43.172759865476095 ] ] ] ] } },
{ "type": "Feature", "properties": { "geogrid_id": "5243046406013285427", "seqnum": 8417.0, "lat_c": 43.046406202434831, "lon_c": -13.285426812864991, "res": 8.0, "count_Insects": 0, "count_Flowering Plants": 0, "count_Mosses": 0, "count_Sac Fungi": 0, "count_Basidiomycota": 0, "count_Molluscs": 0, "count_Reptiles": 0, "count_Birds": 0, "count_Arachnids": 0, "count_Mammals": 2, "count_Ferns": 0, "count_Amphibians": 0, "count_Gymnosperms": 0, "unique_species_count": 2.0, "countryCode": "ES" }, "geometry": { "type": "MultiPolygon", "coordinates": [ [ [ [ -12.601637113077199, 42.87014134111795 ], [ -13.101781878516455, 42.580674576832294 ], [ -13.782862995358283, 42.754309584427816 ], [ -13.974391838249556, 43.218634824098373 ], [ -13.474901628292953, 43.511028478967745 ], [ -12.783130019770141, 43.336164062929747 ], [ -12.601637113077199, 42.87014134111795 ] ] ] ] } },
{ "type": "Feature", "properties": { "geogrid_id": "5243157234012096671", "seqnum": 8418.0, "lat_c": 43.157234189348145, "lon_c": -12.096670526701763, "res": 8.0, "count_Insects": 0, "count_Flowering Plants": 0, "count_Mosses": 0, "count_Sac Fungi": 0, "count_Basidiomycota": 0, "count_Molluscs": 0, "count_Reptiles": 0, "count_Birds": 0, "count_Arachnids": 0, "count_Mammals": 2, "count_Ferns": 0, "count_Amphibians": 0, "count_Gymnosperms": 0, "unique_species_count": 2.0, "countryCode": "ES" }, "geometry": { "type": "MultiPolygon", "coordinates": [ [ [ [ -11.415325442700214, 42.974385320400486 ], [ -11.922827764716683, 42.689984223895962 ], [ -12.601637113077199, 42.87014134111795 ], [ -12.783130019770141, 43.336164062929747 ], [ -12.275886760967261, 43.623545861880913 ], [ -11.586798939205678, 43.441915129850862 ], [ -11.415325442700214, 42.974385320400486 ] ] ] ] } },
{ "type": "Feature", "properties": { "geogrid_id": "5243256340010902960", "seqnum": 8419.0, "lat_c": 43.256340274594756, "lon_c": -10.902959998054232, "res": 8.0, "count_Insects": 0, "count_Flowering Plants": 0, "count_Mosses": 0, "count_Sac Fungi": 0, "count_Basidiomycota": 0, "count_Molluscs": 0, "count_Reptiles": 0, "count_Birds": 1, "count_Arachnids": 0, "count_Mammals": 1, "count_Ferns": 0, "count_Amphibians": 0, "count_Gymnosperms": 0, "unique_species_count": 2.0, "countryCode": "ES" }, "geometry": { "type": "MultiPolygon", "coordinates": [ [ [ [ -10.224193126288062, 43.066951359360367 ], [ -10.738920971792254, 42.787745203661025 ], [ -11.415325442700214, 42.974385320400486 ], [ -11.586798939205678, 43.441915129850862 ], [ -11.071940648497987, 43.724145007428433 ], [ -10.385652526080282, 43.535809338628845 ], [ -10.224193126288062, 43.066951359360367 ] ] ] ] } },
{ "type": "Feature", "properties": { "geogrid_id": "5243343638009704568", "seqnum": 8420.0, "lat_c": 43.343638268054129, "lon_c": -9.7045684639252752, "res": 8.0, "count_Insects": 113, "count_Flowering Plants": 291, "count_Mosses": 1, "count_Sac Fungi": 8, "count_Basidiomycota": 31, "count_Molluscs": 23, "count_Reptiles": 9, "count_Birds": 144, "count_Arachnids": 6, "count_Mammals": 16, "count_Ferns": 9, "count_Amphibians": 5, "count_Gymnosperms": 3, "unique_species_count": 659.0, "countryCode": "ES" }, "geometry": { "type": "MultiPolygon", "coordinates": [ [ [ [ -9.028528171117342, 43.147748709760975 ], [ -9.550341252531599, 42.873863149737403 ], [ -10.224193126288062, 43.066951359360367 ], [ -10.385652526080282, 43.535809338628845 ], [ -9.863325656961422, 43.812751650225117 ], [ -9.179972508959249, 43.617764568025983 ], [ -9.028528171117342, 43.147748709760975 ] ] ] ] } },
{ "type": "Feature", "properties": { "geogrid_id": "5243419041008501793", "seqnum": 8421.0, "lat_c": 43.419041169823657, "lon_c": -8.5017925003947656, "res": 8.0, "count_Insects": 1144, "count_Flowering Plants": 1294, "count_Mosses": 45, "count_Sac Fungi": 81, "count_Basidiomycota": 259, "count_Molluscs": 215, "count_Reptiles": 20, "count_Birds": 350, "count_Arachnids": 105, "count_Mammals": 47, "count_Ferns": 36, "count_Amphibians": 16, "count_Gymnosperms": 27, "unique_species_count": 3639.0, "countryCode": "ES" }, "geometry": { "type": "MultiPolygon", "coordinates": [ [ [ [ -7.82863840807701, 43.216687687332517 ], [ -8.357387795995818, 42.948244910519968 ], [ -9.028528171117342, 43.147748709760975 ], [ -9.179972508959249, 43.617764568025983 ], [ -8.650332398828176, 43.889287827890229 ], [ -7.970064346283657, 43.687697689872628 ], [ -7.82863840807701, 43.216687687332517 ] ] ] ] } },
{ "type": "Feature", "properties": { "geogrid_id": "5243482463007294949", "seqnum": 8422.0, "lat_c": 43.482462910282116, "lon_c": -7.2949488247332139, "res": 8.0, "count_Insects": 1428, "count_Flowering Plants": 1088, "count_Mosses": 98, "count_Sac Fungi": 113, "count_Basidiomycota": 228, "count_Molluscs": 113, "count_Reptiles": 18, "count_Birds": 300, "count_Arachnids": 85, "count_Mammals": 61, "count_Ferns": 33, "count_Amphibians": 14, "count_Gymnosperms": 12, "unique_species_count": 3591.0, "countryCode": "ES" }, "geometry": { "type": "MultiPolygon", "coordinates": [ [ [ [ -6.624848923286668, 43.273680933689121 ], [ -7.160376808972742, 43.010799736281136 ], [ -7.82863840807701, 43.216687687332517 ], [ -7.970064346283657, 43.687697689872628 ], [ -7.433275523200914, 43.953674402593471 ], [ -6.756253883219227, 43.745526391431575 ], [ -6.624848923286668, 43.273680933689121 ] ] ] ] } },
{ "type": "Feature", "properties": { "geogrid_id": "5243533820006084372", "seqnum": 8423.0, "lat_c": 43.533819681199191, "lon_c": -6.0843715850783457, "res": 8.0, "count_Insects": 1214, "count_Flowering Plants": 1569, "count_Mosses": 163, "count_Sac Fungi": 132, "count_Basidiomycota": 308, "count_Molluscs": 299, "count_Reptiles": 25, "count_Birds": 353, "count_Arachnids": 89, "count_Mammals": 70, "count_Ferns": 32, "count_Amphibians": 15, "count_Gymnosperms": 21, "unique_species_count": 4290.0, "countryCode": "ES" }, "geometry": { "type": "MultiPolygon", "coordinates": [ [ [ [ -5.417499810478365, 43.3186444003613 ], [ -5.959639402603649, 43.061440207024916 ], [ -6.624848923286668, 43.273680933689121 ], [ -6.756253883219227, 43.745526391431575 ], [ -6.21249023758258, 44.005832957112126 ], [ -5.538884506923372, 43.7911705697366 ], [ -5.417499810478365, 43.3186444003613 ] ] ] ] } },
{ "type": "Feature", "properties": { "geogrid_id": "5243573031004870410", "seqnum": 8424.0, "lat_c": 43.573030971937762, "lon_c": -4.870409983870128, "res": 8.0, "count_Insects": 1561, "count_Flowering Plants": 1852, "count_Mosses": 171, "count_Sac Fungi": 325, "count_Basidiomycota": 422, "count_Molluscs": 172, "count_Reptiles": 21, "count_Birds": 262, "count_Arachnids": 72, "count_Mammals": 74, "count_Ferns": 41, "count_Amphibians": 17, "count_Gymnosperms": 15, "unique_species_count": 5005.0, "countryCode": "ES" }, "geometry": { "type": "MultiPolygon", "coordinates": [ [ [ [ -4.206944141075353, 43.351498127807879 ], [ -4.755519683391562, 43.100082969857539 ], [ -5.417499810478365, 43.3186444003613 ], [ -5.538884506923372, 43.7911705697366 ], [ -4.98832933583702, 44.045687246226322 ], [ -4.318314646218592, 43.824553415637787 ], [ -4.206944141075353, 43.351498127807879 ] ] ] ] } },
{ "type": "Feature", "properties": { "geogrid_id": "5243600020003653426", "seqnum": 8425.0, "lat_c": 43.600020387142919, "lon_c": -3.6534261305967761, "res": 8.0, "count_Insects": 921, "count_Flowering Plants": 1648, "count_Mosses": 99, "count_Sac Fungi": 108, "count_Basidiomycota": 346, "count_Molluscs": 334, "count_Reptiles": 18, "count_Birds": 281, "count_Arachnids": 72, "count_Mammals": 81, "count_Ferns": 38, "count_Amphibians": 12, "count_Gymnosperms": 17, "unique_species_count": 3975.0, "countryCode": "ES" }, "geometry": { "type": "MultiPolygon", "coordinates": [ [ [ [ -2.993546082017109, 43.372166868676743 ], [ -3.548372980456637, 43.12664933206193 ], [ -4.206944141075353, 43.351498127807879 ], [ -4.318314646218592, 43.824553415637787 ], [ -3.761160579115935, 44.073164324052058 ], [ -3.094915510646765, 43.845602266915769 ], [ -2.993546082017109, 43.372166868676743 ] ] ] ] } },
{ "type": "Feature", "properties": { "geogrid_id": "5243614716002433793", "seqnum": 13183.0, "lat_c": 43.614716296046318, "lon_c": -2.433793054643218, "res": 8.0, "count_Insects": 862, "count_Flowering Plants": 1496, "count_Mosses": 24, "count_Sac Fungi": 635, "count_Basidiomycota": 1489, "count_Molluscs": 196, "count_Reptiles": 24, "count_Birds": 228, "count_Arachnids": 39, "count_Mammals": 39, "count_Ferns": 31, "count_Amphibians": 8, "count_Gymnosperms": 16, "unique_species_count": 5087.0, "countryCode": "ES" }, "geometry": { "type": "MultiPolygon", "coordinates": [ [ [ [ -1.865027073934943, 43.860198346038324 ], [ -1.769401131856984, 43.392674150367725 ], [ -2.334493677594215, 43.147258572318343 ], [ -2.993546082017109, 43.372166868676743 ], [ -3.094915510646765, 43.845602266915769 ], [ -2.531364324862045, 44.088195429108005 ], [ -1.865027073934943, 43.860198346038324 ] ] ] ] } },
{ "type": "Feature", "properties": { "geogrid_id": "5243634653001199263", "seqnum": 13265.0, "lat_c": 43.634652749897839, "lon_c": -1.199262531039176, "res": 8.0, "count_Insects": 0, "count_Flowering Plants": 54, "count_Mosses": 0, "count_Sac Fungi": 0, "count_Basidiomycota": 0, "count_Molluscs": 3, "count_Reptiles": 0, "count_Birds": 0, "count_Arachnids": 0, "count_Mammals": 1, "count_Ferns": 10, "count_Amphibians": 0, "count_Gymnosperms": 0, "unique_species_count": 68.0, "countryCode": "ES" }, "geometry": { "type": "MultiPolygon", "coordinates": [ [ [ [ -0.624034215589055, 43.873036364517766 ], [ -0.537887900926813, 43.405518026302246 ], [ -1.109337002690543, 43.167127246584599 ], [ -1.769401131856984, 43.392674150367725 ], [ -1.865027073934943, 43.860198346038324 ], [ -1.291130126953795, 44.102217947983149 ], [ -0.624034215589055, 43.873036364517766 ] ] ] ] } },
{ "type": "Feature", "properties": { "geogrid_id": "5243681658014172212", "seqnum": 8335.0, "lat_c": 43.681657873285793, "lon_c": -14.172211773246691, "res": 8.0, "count_Insects": 0, "count_Flowering Plants": 0, "count_Mosses": 0, "count_Sac Fungi": 0, "count_Basidiomycota": 0, "count_Molluscs": 0, "count_Reptiles": 0, "count_Birds": 0, "count_Arachnids": 0, "count_Mammals": 2, "count_Ferns": 0, "count_Amphibians": 0, "count_Gymnosperms": 0, "unique_species_count": 2.0, "countryCode": "ES" }, "geometry": { "type": "MultiPolygon", "coordinates": [ [ [ [ -13.474901628292953, 43.511028478967745 ], [ -13.974391838249556, 43.218634824098373 ], [ -14.668756407243658, 43.386660003791768 ], [ -14.87532149851018, 43.847853945385978 ], [ -14.376793611213099, 44.143165746941598 ], [ -13.670638640548388, 43.974357066456271 ], [ -13.474901628292953, 43.511028478967745 ] ] ] ] } },
{ "type": "Feature", "properties": { "geogrid_id": "5243801084012970424", "seqnum": 8336.0, "lat_c": 43.801083736007598, "lon_c": -12.970423817742182, "res": 8.0, "count_Insects": 0, "count_Flowering Plants": 0, "count_Mosses": 0, "count_Sac Fungi": 0, "count_Basidiomycota": 0, "count_Molluscs": 0, "count_Reptiles": 0, "count_Birds": 1, "count_Arachnids": 0, "count_Mammals": 1, "count_Ferns": 0, "count_Amphibians": 0, "count_Gymnosperms": 0, "unique_species_count": 2.0, "countryCode": "ES" }, "geometry": { "type": "MultiPolygon", "coordinates": [ [ [ [ -12.275886760967261, 43.623545861880913 ], [ -12.783130019770141, 43.336164062929747 ], [ -13.474901628292953, 43.511028478967745 ], [ -13.670638640548388, 43.974357066456271 ], [ -13.163947449407724, 44.264720297675531 ], [ -12.46087134920581, 44.088762686229458 ], [ -12.275886760967261, 43.623545861880913 ] ] ] ] } },
{ "type": "Feature", "properties": { "geogrid_id": "5243908513011763613", "seqnum": 8337.0, "lat_c": 43.908513061276608, "lon_c": -11.763612608228247, "res": 8.0, "count_Insects": 0, "count_Flowering Plants": 0, "count_Mosses": 0, "count_Sac Fungi": 0, "count_Basidiomycota": 0, "count_Molluscs": 0, "count_Reptiles": 0, "count_Birds": 0, "count_Arachnids": 0, "count_Mammals": 5, "count_Ferns": 0, "count_Amphibians": 0, "count_Gymnosperms": 0, "unique_species_count": 5.0, "countryCode": "ES" }, "geometry": { "type": "MultiPolygon", "coordinates": [ [ [ [ -11.071940648497987, 43.724145007428433 ], [ -11.586798939205678, 43.441915129850862 ], [ -12.275886760967261, 43.623545861880913 ], [ -12.46087134920581, 44.088762686229458 ], [ -11.946158518732824, 44.374026105498999 ], [ -11.246224555280532, 44.19102587810972 ], [ -11.071940648497987, 43.724145007428433 ] ] ] ] } },
{ "type": "Feature", "properties": { "geogrid_id": "5244003883010552015", "seqnum": 8338.0, "lat_c": 44.003883488957932, "lon_c": -10.552015434350514, "res": 8.0, "count_Insects": 0, "count_Flowering Plants": 0, "count_Mosses": 0, "count_Sac Fungi": 0, "count_Basidiomycota": 0, "count_Molluscs": 0, "count_Reptiles": 0, "count_Birds": 1, "count_Arachnids": 0, "count_Mammals": 3, "count_Ferns": 0, "count_Amphibians": 0, "count_Gymnosperms": 0, "unique_species_count": 4.0, "countryCode": "ES" }, "geometry": { "type": "MultiPolygon", "coordinates": [ [ [ [ -9.863325656961422, 43.812751650225117 ], [ -10.385652526080282, 43.535809338628845 ], [ -11.071940648497987, 43.724145007428433 ], [ -11.246224555280532, 44.19102587810972 ], [ -10.723641027870039, 44.47104327616163 ], [ -10.026944575949647, 44.281089052204287 ], [ -9.863325656961422, 43.812751650225117 ] ] ] ] } },
{ "type": "Feature", "properties": { "geogrid_id": "5244087125009335904", "seqnum": 8339.0, "lat_c": 44.087125219264699, "lon_c": -9.3359035802777015, "res": 8.0, "count_Insects": 0, "count_Flowering Plants": 0, "count_Mosses": 1, "count_Sac Fungi": 1, "count_Basidiomycota": 0, "count_Molluscs": 0, "count_Reptiles": 0, "count_Birds": 4, "count_Arachnids": 0, "count_Mammals": 8, "count_Ferns": 0, "count_Amphibians": 0, "count_Gymnosperms": 0, "unique_species_count": 14.0, "countryCode": "ES" }, "geometry": { "type": "MultiPolygon", "coordinates": [ [ [ [ -8.650332398828176, 43.889287827890229 ], [ -9.179972508959249, 43.617764568025983 ], [ -9.863325656961422, 43.812751650225117 ], [ -10.026944575949647, 44.281089052204287 ], [ -9.496650882445172, 44.555718977423517 ], [ -8.803312081513742, 44.358886917451564 ], [ -8.650332398828176, 43.889287827890229 ] ] ] ] } },
{ "type": "Feature", "properties": { "geogrid_id": "5244158165008115577", "seqnum": 8340.0, "lat_c": 44.158164534881521, "lon_c": -8.1155769260906023, "res": 8.0, "count_Insects": 107, "count_Flowering Plants": 256, "count_Mosses": 5, "count_Sac Fungi": 3, "count_Basidiomycota": 4, "count_Molluscs": 8, "count_Reptiles": 4, "count_Birds": 83, "count_Arachnids": 6, "count_Mammals": 14, "count_Ferns": 13, "count_Amphibians": 10, "count_Gymnosperms": 3, "unique_species_count": 516.0, "countryCode": "ES" }, "geometry": { "type": "MultiPolygon", "coordinates": [ [ [ [ -7.433275523200914, 43.953674402593471 ], [ -7.970064346283657, 43.687697689872628 ], [ -8.650332398828176, 43.889287827890229 ], [ -8.803312081513742, 44.358886917451564 ], [ -8.265478589967902, 44.627992470722404 ], [ -7.575636590903881, 44.42435008609116 ], [ -7.433275523200914, 43.953674402593471 ] ] ] ] } },
{ "type": "Feature", "properties": { "geogrid_id": "5244216926006891360", "seqnum": 8341.0, "lat_c": 44.216926403898817, "lon_c": -6.8913596105985429, "res": 8.0, "count_Insects": 1, "count_Flowering Plants": 0, "count_Mosses": 0, "count_Sac Fungi": 0, "count_Basidiomycota": 11, "count_Molluscs": 0, "count_Reptiles": 0, "count_Birds": 1, "count_Arachnids": 0, "count_Mammals": 4, "count_Ferns": 0, "count_Amphibians": 0, "count_Gymnosperms": 0, "unique_species_count": 17.0, "countryCode": "ES" }, "geometry": { "type": "MultiPolygon", "coordinates": [ [ [ [ -6.21249023758258, 44.005832957112126 ], [ -6.756253883219227, 43.745526391431575 ], [ -7.433275523200914, 43.953674402593471 ], [ -7.575636590903881, 44.42435008609116 ], [ -7.030443663584109, 44.687798782392818 ], [ -6.344252018827456, 44.477407746246321 ], [ -6.21249023758258, 44.005832957112126 ] ] ] ] } },
{ "type": "Feature", "properties": { "geogrid_id": "5244263336005663596", "seqnum": 8342.0, "lat_c": 44.263336440951676, "lon_c": -5.6635964273530934, "res": 8.0, "count_Insects": 10, "count_Flowering Plants": 5, "count_Mosses": 2, "count_Sac Fungi": 0, "count_Basidiomycota": 0, "count_Molluscs": 1, "count_Reptiles": 1, "count_Birds": 7, "count_Arachnids": 0, "count_Mammals": 7, "count_Ferns": 0, "count_Amphibians": 0, "count_Gymnosperms": 0, "unique_species_count": 33.0, "countryCode": "ES" }, "geometry": { "type": "MultiPolygon", "coordinates": [ [ [ [ -4.98832933583702, 44.045687246226322 ], [ -5.538884506923372, 43.7911705697366 ], [ -6.21249023758258, 44.005832957112126 ], [ -6.344252018827456, 44.477407746246321 ], [ -5.791890063952798, 44.735071434589145 ], [ -5.109512954505066, 44.517989679631697 ], [ -4.98832933583702, 44.045687246226322 ] ] ] ] } },
{ "type": "Feature", "properties": { "geogrid_id": "5244297322004432650", "seqnum": 8343.0, "lat_c": 44.297322409390091, "lon_c": -4.4326497319439806, "res": 8.0, "count_Insects": 0, "count_Flowering Plants": 4, "count_Mosses": 1, "count_Sac Fungi": 9, "count_Basidiomycota": 20, "count_Molluscs": 0, "count_Reptiles": 0, "count_Birds": 17, "count_Arachnids": 0, "count_Mammals": 6, "count_Ferns": 2, "count_Amphibians": 0, "count_Gymnosperms": 0, "unique_species_count": 59.0, "countryCode": "ES" }, "geometry": { "type": "MultiPolygon", "coordinates": [ [ [ [ -3.761160579115935, 44.073164324052058 ], [ -4.318314646218592, 43.824553415637787 ], [ -4.98832933583702, 44.045687246226322 ], [ -5.109512954505066, 44.517989679631697 ], [ -4.550182368370129, 44.769744511224118 ], [ -3.87179145447677, 44.546027808187148 ], [ -3.761160579115935, 44.073164324052058 ] ] ] ] } },
{ "type": "Feature", "properties": { "geogrid_id": "5244318815003198897", "seqnum": 8344.0, "lat_c": 44.318815387190924, "lon_c": -3.1988967089945488, "res": 8.0, "count_Insects": 0, "count_Flowering Plants": 10, "count_Mosses": 0, "count_Sac Fungi": 1, "count_Basidiomycota": 1, "count_Molluscs": 0, "count_Reptiles": 1, "count_Birds": 27, "count_Arachnids": 0, "count_Mammals": 9, "count_Ferns": 0, "count_Amphibians": 0, "count_Gymnosperms": 0, "unique_species_count": 49.0, "countryCode": "ES" }, "geometry": { "type": "MultiPolygon", "coordinates": [ [ [ [ -2.531364324862045, 44.088195429108005 ], [ -3.094915510646765, 43.845602266915769 ], [ -3.761160579115935, 44.073164324052058 ], [ -3.87179145447677, 44.546027808187148 ], [ -3.305702454809313, 44.791754242788159 ], [ -2.631474200271215, 44.561457393768535 ], [ -2.531364324862045, 44.088195429108005 ] ] ] ] } },
{ "type": "Feature", "properties": { "geogrid_id": "5244327751001962727", "seqnum": 13184.0, "lat_c": 44.327750678492791, "lon_c": -1.962726896710314, "res": 8.0, "count_Insects": 0, "count_Flowering Plants": 0, "count_Mosses": 0, "count_Sac Fungi": 0, "count_Basidiomycota": 3, "count_Molluscs": 0, "count_Reptiles": 0, "count_Birds": 5, "count_Arachnids": 0, "count_Mammals": 2, "count_Ferns": 0, "count_Amphibians": 0, "count_Gymnosperms": 0, "unique_species_count": 10.0, "countryCode": "ES" }, "geometry": { "type": "MultiPolygon", "coordinates": [ [ [ [ -1.385008712290197, 44.569834311676409 ], [ -1.291130126953795, 44.102217947983149 ], [ -1.865027073934943, 43.860198346038324 ], [ -2.531364324862045, 44.088195429108005 ], [ -2.631474200271215, 44.561457393768535 ], [ -2.058846554665683, 44.801040234978025 ], [ -1.385008712290197, 44.569834311676409 ] ] ] ] } },
{ "type": "Feature", "properties": { "geogrid_id": "5244552709012652050", "seqnum": 8255.0, "lat_c": 44.552708893892884, "lon_c": -12.65204991413761, "res": 8.0, "count_Insects": 0, "count_Flowering Plants": 0, "count_Mosses": 0, "count_Sac Fungi": 0, "count_Basidiomycota": 0, "count_Molluscs": 0, "count_Reptiles": 0, "count_Birds": 0, "count_Arachnids": 0, "count_Mammals": 3, "count_Ferns": 0, "count_Amphibians": 0, "count_Gymnosperms": 0, "unique_species_count": 3.0, "countryCode": "ES" }, "geometry": { "type": "MultiPolygon", "coordinates": [ [ [ [ -11.946158518732824, 44.374026105498999 ], [ -12.46087134920581, 44.088762686229458 ], [ -13.163947449407724, 44.264720297675531 ], [ -13.364163652013694, 44.726871260899259 ], [ -12.849881306661393, 45.015187215497861 ], [ -12.134859017196254, 44.838282794858088 ], [ -11.946158518732824, 44.374026105498999 ] ] ] ] } },
{ "type": "Feature", "properties": { "geogrid_id": "5244656833011426201", "seqnum": 8256.0, "lat_c": 44.656833450109211, "lon_c": -11.426200977988195, "res": 8.0, "count_Insects": 0, "count_Flowering Plants": 0, "count_Mosses": 0, "count_Sac Fungi": 0, "count_Basidiomycota": 0, "count_Molluscs": 0, "count_Reptiles": 0, "count_Birds": 0, "count_Arachnids": 0, "count_Mammals": 5, "count_Ferns": 0, "count_Amphibians": 0, "count_Gymnosperms": 0, "unique_species_count": 5.0, "countryCode": "ES" }, "geometry": { "type": "MultiPolygon", "coordinates": [ [ [ [ -10.723641027870039, 44.47104327616163 ], [ -11.246224555280532, 44.19102587810972 ], [ -11.946158518732824, 44.374026105498999 ], [ -12.134859017196254, 44.838282794858088 ], [ -11.612289019649097, 45.121400554507694 ], [ -10.900915751627128, 44.937142854209654 ], [ -10.723641027870039, 44.47104327616163 ] ] ] ] } },
{ "type": "Feature", "properties": { "geogrid_id": "5244748523010195782", "seqnum": 8257.0, "lat_c": 44.748522960176814, "lon_c": -10.195781907892671, "res": 8.0, "count_Insects": 0, "count_Flowering Plants": 0, "count_Mosses": 0, "count_Sac Fungi": 0, "count_Basidiomycota": 0, "count_Molluscs": 0, "count_Reptiles": 0, "count_Birds": 1, "count_Arachnids": 0, "count_Mammals": 1, "count_Ferns": 0, "count_Amphibians": 0, "count_Gymnosperms": 0, "unique_species_count": 2.0, "countryCode": "ES" }, "geometry": { "type": "MultiPolygon", "coordinates": [ [ [ [ -9.496650882445172, 44.555718977423517 ], [ -10.026944575949647, 44.281089052204287 ], [ -10.723641027870039, 44.47104327616163 ], [ -10.900915751627128, 44.937142854209654 ], [ -10.370221268956135, 45.214911128819743 ], [ -9.662568570806776, 45.023421372119842 ], [ -9.496650882445172, 44.555718977423517 ] ] ] ] } },
{ "type": "Feature", "properties": { "geogrid_id": "5244827729008961059", "seqnum": 8258.0, "lat_c": 44.827729341429638, "lon_c": -8.961058735815282, "res": 8.0, "count_Insects": 0, "count_Flowering Plants": 0, "count_Mosses": 0, "count_Sac Fungi": 0, "count_Basidiomycota": 0, "count_Molluscs": 0, "count_Reptiles": 0, "count_Birds": 1, "count_Arachnids": 0, "count_Mammals": 10, "count_Ferns": 0, "count_Amphibians": 0, "count_Gymnosperms": 0, "unique_species_count": 11.0, "countryCode": "ES" }, "geometry": { "type": "MultiPolygon", "coordinates": [ [ [ [ -8.265478589967902, 44.627992470722404 ], [ -8.803312081513742, 44.358886917451564 ], [ -9.496650882445172, 44.555718977423517 ], [ -9.662568570806776, 45.023421372119842 ], [ -9.123923935647937, 45.295693689287553 ], [ -8.42009414545471, 45.097075013877088 ], [ -8.265478589967902, 44.627992470722404 ] ] ] ] } },
{ "type": "Feature", "properties": { "geogrid_id": "5244894396007722332", "seqnum": 8259.0, "lat_c": 44.894396454145678, "lon_c": -7.7223322375426076, "res": 8.0, "count_Insects": 0, "count_Flowering Plants": 0, "count_Mosses": 0, "count_Sac Fungi": 0, "count_Basidiomycota": 0, "count_Molluscs": 0, "count_Reptiles": 1, "count_Birds": 13, "count_Arachnids": 0, "count_Mammals": 4, "count_Ferns": 0, "count_Amphibians": 0, "count_Gymnosperms": 0, "unique_species_count": 18.0, "countryCode": "ES" }, "geometry": { "type": "MultiPolygon", "coordinates": [ [ [ [ -7.030443663584109, 44.687798782392818 ], [ -7.575636590903881, 44.42435008609116 ], [ -8.265478589967902, 44.627992470722404 ], [ -8.42009414545471, 45.097075013877088 ], [ -7.873684813965848, 45.363709655576173 ], [ -7.17380392795325, 45.158052289115147 ], [ -7.030443663584109, 44.687798782392818 ] ] ] ] } },
{ "type": "Feature", "properties": { "geogrid_id": "5244948464006479932", "seqnum": 8260.0, "lat_c": 44.948463824859211, "lon_c": -6.4799322568331679, "res": 8.0, "count_Insects": 0, "count_Flowering Plants": 0, "count_Mosses": 0, "count_Sac Fungi": 0, "count_Basidiomycota": 0, "count_Molluscs": 0, "count_Reptiles": 0, "count_Birds": 7, "count_Arachnids": 0, "count_Mammals": 5, "count_Ferns": 0, "count_Amphibians": 0, "count_Gymnosperms": 0, "unique_species_count": 12.0, "countryCode": "ES" }, "geometry": { "type": "MultiPolygon", "coordinates": [ [ [ [ -5.791890063952798, 44.735071434589145 ], [ -6.344252018827456, 44.477407746246321 ], [ -7.030443663584109, 44.687798782392818 ], [ -7.17380392795325, 45.158052289115147 ], [ -6.619826415939988, 45.418912242695477 ], [ -5.924038407254678, 45.206297313520388 ], [ -5.791890063952798, 44.735071434589145 ] ] ] ] } },
{ "type": "Feature", "properties": { "geogrid_id": "5244989869005234213", "seqnum": 8261.0, "lat_c": 44.989869424808148, "lon_c": -5.2342130511735094, "res": 8.0, "count_Insects": 0, "count_Flowering Plants": 1, "count_Mosses": 0, "count_Sac Fungi": 0, "count_Basidiomycota": 0, "count_Molluscs": 0, "count_Reptiles": 1, "count_Birds": 8, "count_Arachnids": 0, "count_Mammals": 6, "count_Ferns": 0, "count_Amphibians": 0, "count_Gymnosperms": 0, "unique_species_count": 16.0, "countryCode": "ES" }, "geometry": { "type": "MultiPolygon", "coordinates": [ [ [ [ -4.550182368370129, 44.769744511224118 ], [ -5.109512954505066, 44.517989679631697 ], [ -5.791890063952798, 44.735071434589145 ], [ -5.924038407254678, 45.206297313520388 ], [ -5.362700165808464, 45.461250248356002 ], [ -4.671162366518828, 45.241752624513971 ], [ -4.550182368370129, 44.769744511224118 ] ] ] ] } },
{ "type": "Feature", "properties": { "geogrid_id": "5245018552003985549", "seqnum": 8262.0, "lat_c": 45.018551775995896, "lon_c": -3.9855493581922139, "res": 8.0, "count_Insects": 0, "count_Flowering Plants": 0, "count_Mosses": 0, "count_Sac Fungi": 0, "count_Basidiomycota": 0, "count_Molluscs": 0, "count_Reptiles": 0, "count_Birds": 11, "count_Arachnids": 0, "count_Mammals": 5, "count_Ferns": 0, "count_Amphibians": 0, "count_Gymnosperms": 0, "unique_species_count": 16.0, "countryCode": "ES" }, "geometry": { "type": "MultiPolygon", "coordinates": [ [ [ [ -3.305702454809313, 44.791754242788159 ], [ -3.87179145447677, 44.546027808187148 ], [ -4.550182368370129, 44.769744511224118 ], [ -4.671162366518828, 45.241752624513971 ], [ -4.102681576507944, 45.490670896140301 ], [ -3.415560853023985, 45.264361319599665 ], [ -3.305702454809313, 44.791754242788159 ] ] ] ] } },
{ "type": "Feature", "properties": { "geogrid_id": "5245034452002734333", "seqnum": 8263.0, "lat_c": 45.034451568000264, "lon_c": -2.734332976235466, "res": 8.0, "count_Insects": 0, "count_Flowering Plants": 0, "count_Mosses": 0, "count_Sac Fungi": 0, "count_Basidiomycota": 0, "count_Molluscs": 0, "count_Reptiles": 0, "count_Birds": 6, "count_Arachnids": 0, "count_Mammals": 2, "count_Ferns": 0, "count_Amphibians": 0, "count_Gymnosperms": 0, "unique_species_count": 8.0, "countryCode": "ES" }, "geometry": { "type": "MultiPolygon", "coordinates": [ [ [ [ -2.058846554665683, 44.801040234978025 ], [ -2.631474200271215, 44.561457393768535 ], [ -3.305702454809313, 44.791754242788159 ], [ -3.415560853023985, 45.264361319599665 ], [ -2.84016612866679, 45.507121998595295 ], [ -2.157635660201026, 45.274068699085646 ], [ -2.058846554665683, 44.801040234978025 ] ] ] ] } },
{ "type": "Feature", "properties": { "geogrid_id": "5245187309013571572", "seqnum": 8173.0, "lat_c": 45.187308980916534, "lon_c": -13.571571682724269, "res": 8.0, "count_Insects": 0, "count_Flowering Plants": 0, "count_Mosses": 0, "count_Sac Fungi": 0, "count_Basidiomycota": 0, "count_Molluscs": 0, "count_Reptiles": 0, "count_Birds": 0, "count_Arachnids": 0, "count_Mammals": 2, "count_Ferns": 0, "count_Amphibians": 0, "count_Gymnosperms": 0, "unique_species_count": 2.0, "countryCode": "ES" }, "geometry": { "type": "MultiPolygon", "coordinates": [ [ [ [ -12.849881306661393, 45.015187215497861 ], [ -13.364163652013694, 44.726871260899259 ], [ -14.082803349353899, 44.89627596189532 ], [ -14.300279114687005, 45.354368637770833 ], [ -13.7867102053441, 45.645777575587296 ], [ -13.0548602525588, 45.475976309462986 ], [ -12.849881306661393, 45.015187215497861 ] ] ] ] } },
{ "type": "Feature", "properties": { "geogrid_id": "5245301091012330169", "seqnum": 8174.0, "lat_c": 45.301091045169663, "lon_c": -12.330169150466224, "res": 8.0, "count_Insects": 0, "count_Flowering Plants": 0, "count_Mosses": 0, "count_Sac Fungi": 0, "count_Basidiomycota": 0, "count_Molluscs": 0, "count_Reptiles": 0, "count_Birds": 1, "count_Arachnids": 0, "count_Mammals": 4, "count_Ferns": 0, "count_Amphibians": 0, "count_Gymnosperms": 0, "unique_species_count": 5.0, "countryCode": "ES" }, "geometry": { "type": "MultiPolygon", "coordinates": [ [ [ [ -11.612289019649097, 45.121400554507694 ], [ -12.134859017196254, 44.838282794858088 ], [ -12.849881306661393, 45.015187215497861 ], [ -13.0548602525588, 45.475976309462986 ], [ -12.532579241926959, 45.762235735010258 ], [ -11.804939991483673, 45.584540252986947 ], [ -11.612289019649097, 45.121400554507694 ] ] ] ] } },
{ "type": "Feature", "properties": { "geogrid_id": "5245402019011084255", "seqnum": 8175.0, "lat_c": 45.402019343302321, "lon_c": -11.0842554869472, "res": 8.0, "count_Insects": 1, "count_Flowering Plants": 0, "count_Mosses": 0, "count_Sac Fungi": 0, "count_Basidiomycota": 0, "count_Molluscs": 0, "count_Reptiles": 0, "count_Birds": 0, "count_Arachnids": 0, "count_Mammals": 4, "count_Ferns": 0, "count_Amphibians": 0, "count_Gymnosperms": 0, "unique_species_count": 5.0, "countryCode": "ES" }, "geometry": { "type": "MultiPolygon", "coordinates": [ [ [ [ -10.370221268956135, 45.214911128819743 ], [ -10.900915751627128, 44.937142854209654 ], [ -11.612289019649097, 45.121400554507694 ], [ -11.804939991483673, 45.584540252986947 ], [ -11.27410786375405, 45.865490906012923 ], [ -10.550675329131701, 45.680094951381349 ], [ -10.370221268956135, 45.214911128819743 ] ] ] ] } },
{ "type": "Feature", "properties": { "geogrid_id": "5245490094009834037", "seqnum": 8176.0, "lat_c": 45.490093762235681, "lon_c": -9.834037409103118, "res": 8.0, "count_Insects": 0, "count_Flowering Plants": 0, "count_Mosses": 0, "count_Sac Fungi": 0, "count_Basidiomycota": 0, "count_Molluscs": 0, "count_Reptiles": 0, "count_Birds": 1, "count_Arachnids": 0, "count_Mammals": 2, "count_Ferns": 0, "count_Amphibians": 0, "count_Gymnosperms": 0, "unique_species_count": 3.0, "countryCode": "ES" }, "geometry": { "type": "MultiPolygon", "coordinates": [ [ [ [ -9.123923935647937, 45.295693689287553 ], [ -9.662568570806776, 45.023421372119842 ], [ -10.370221268956135, 45.214911128819743 ], [ -10.550675329131701, 45.680094951381349 ], [ -10.01146685471068, 45.955581792463235 ], [ -9.292285559030791, 45.762644921706254 ], [ -9.123923935647937, 45.295693689287553 ] ] ] ] } },
{ "type": "Feature", "properties": { "geogrid_id": "5245565294008579773", "seqnum": 8177.0, "lat_c": 45.565293824116075, "lon_c": -8.5797725270584166, "res": 8.0, "count_Insects": 0, "count_Flowering Plants": 0, "count_Mosses": 0, "count_Sac Fungi": 0, "count_Basidiomycota": 0, "count_Molluscs": 0, "count_Reptiles": 1, "count_Birds": 6, "count_Arachnids": 0, "count_Mammals": 9, "count_Ferns": 0, "count_Amphibians": 0, "count_Gymnosperms": 0, "unique_species_count": 16.0, "countryCode": "ES" }, "geometry": { "type": "MultiPolygon", "coordinates": [ [ [ [ -7.873684813965848, 45.363709655576173 ], [ -8.42009414545471, 45.097075013877088 ], [ -9.123923935647937, 45.295693689287553 ], [ -9.292285559030791, 45.762644921706254 ], [ -8.744888683820715, 46.032517456305975 ], [ -8.030040548818693, 45.832174425576397 ], [ -7.873684813965848, 45.363709655576173 ] ] ] ] } },
{ "type": "Feature", "properties": { "geogrid_id": "5245627586007321760", "seqnum": 8178.0, "lat_c": 45.627585718712453, "lon_c": -7.321760213692623, "res": 8.0, "count_Insects": 0, "count_Flowering Plants": 0, "count_Mosses": 0, "count_Sac Fungi": 0, "count_Basidiomycota": 0, "count_Molluscs": 0, "count_Reptiles": 1, "count_Birds": 4, "count_Arachnids": 0, "count_Mammals": 6, "count_Ferns": 0, "count_Amphibians": 0, "count_Gymnosperms": 0, "unique_species_count": 11.0, "countryCode": "ES" }, "geometry": { "type": "MultiPolygon", "coordinates": [ [ [ [ -6.619826415939988, 45.418912242695477 ], [ -7.17380392795325, 45.158052289115147 ], [ -7.873684813965848, 45.363709655576173 ], [ -8.030040548818693, 45.832174425576397 ], [ -7.474655968429778, 46.09628688209753 ], [ -6.764251673585168, 45.888654448886065 ], [ -6.619826415939988, 45.418912242695477 ] ] ] ] } },
{ "type": "Feature", "properties": { "geogrid_id": "5245676927006060334", "seqnum": 8179.0, "lat_c": 45.676927429020807, "lon_c": -6.0603343961040697, "res": 8.0, "count_Insects": 0, "count_Flowering Plants": 0, "count_Mosses": 0, "count_Sac Fungi": 0, "count_Basidiomycota": 0, "count_Molluscs": 0, "count_Reptiles": 0, "count_Birds": 1, "count_Arachnids": 0, "count_Mammals": 3, "count_Ferns": 0, "count_Amphibians": 0, "count_Gymnosperms": 0, "unique_species_count": 4.0, "countryCode": "ES" }, "geometry": { "type": "MultiPolygon", "coordinates": [ [ [ [ -5.362700165808464, 45.461250248356002 ], [ -5.924038407254678, 45.206297313520388 ], [ -6.619826415939988, 45.418912242695477 ], [ -6.764251673585168, 45.888654448886065 ], [ -6.201092476021042, 46.146865888924104 ], [ -5.495264601018425, 45.932047812683706 ], [ -5.362700165808464, 45.461250248356002 ] ] ] ] } },
{ "type": "Feature", "properties": { "geogrid_id": "5246228433009466550", "seqnum": 8095.0, "lat_c": 46.228432908468989, "lon_c": -9.4665498375683725, "res": 8.0, "count_Insects": 0, "count_Flowering Plants": 0, "count_Mosses": 0, "count_Sac Fungi": 0, "count_Basidiomycota": 0, "count_Molluscs": 0, "count_Reptiles": 0, "count_Birds": 2, "count_Arachnids": 0, "count_Mammals": 2, "count_Ferns": 0, "count_Amphibians": 0, "count_Gymnosperms": 0, "unique_species_count": 4.0, "countryCode": "ES" }, "geometry": { "type": "MultiPolygon", "coordinates": [ [ [ [ -8.744888683820715, 46.032517456305975 ], [ -9.292285559030791, 45.762644921706254 ], [ -10.01146685471068, 45.955581792463235 ], [ -10.195297280763214, 46.419713674540496 ], [ -9.647153540015301, 46.692890802733686 ], [ -8.915845596360434, 46.498599974885742 ], [ -8.744888683820715, 46.032517456305975 ] ] ] ] } },
{ "type": "Feature", "properties": { "geogrid_id": "5246963379009093076", "seqnum": 8014.0, "lat_c": 46.963379415491673, "lon_c": -9.0930764256784506, "res": 8.0, "count_Insects": 0, "count_Flowering Plants": 0, "count_Mosses": 0, "count_Sac Fungi": 0, "count_Basidiomycota": 0, "count_Molluscs": 0, "count_Reptiles": 0, "count_Birds": 1, "count_Arachnids": 0, "count_Mammals": 0, "count_Ferns": 0, "count_Amphibians": 0, "count_Gymnosperms": 0, "unique_species_count": 1.0, "countryCode": "ES" }, "geometry": { "type": "MultiPolygon", "coordinates": [ [ [ [ -8.359277085925187, 46.766033306918779 ], [ -8.915845596360434, 46.498599974885742 ], [ -9.647153540015301, 46.692890802733686 ], [ -9.834566289831427, 47.155833233009581 ], [ -9.277046793904987, 47.426676076514525 ], [ -8.532987115681196, 47.231128500584887 ], [ -8.359277085925187, 46.766033306918779 ] ] ] ] } },
{ "type": "Feature", "properties": { "geogrid_id": "837327404000437892", "seqnum": 13666.0, "lat_c": 37.327403757187447, "lon_c": 0.43789198281619302, "res": 8.0, "count_Insects": 1, "count_Flowering Plants": 2, "count_Mosses": 0, "count_Sac Fungi": 0, "count_Basidiomycota": 0, "count_Molluscs": 0, "count_Reptiles": 1, "count_Birds": 1, "count_Arachnids": 0, "count_Mammals": 2, "count_Ferns": 0, "count_Amphibians": 0, "count_Gymnosperms": 0, "unique_species_count": 7.0, "countryCode": "ES" }, "geometry": { "type": "MultiPolygon", "coordinates": [ [ [ [ 0.969284232790873, 37.564531906268158 ], [ 1.031960023146554, 37.096764718746158 ], [ 0.503721437824276, 36.859294728157899 ], [ -0.089273625162355, 37.086919389766315 ], [ -0.159364064920733, 37.555167227216167 ], [ 0.370941902805907, 37.79536522230714 ], [ 0.969284232790873, 37.564531906268158 ] ] ] ] } },
{ "type": "Feature", "properties": { "geogrid_id": "838009405003187520", "seqnum": 13831.0, "lat_c": 38.009404920540454, "lon_c": 3.1875196096272882, "res": 8.0, "count_Insects": 0, "count_Flowering Plants": 0, "count_Mosses": 0, "count_Sac Fungi": 0, "count_Basidiomycota": 0, "count_Molluscs": 0, "count_Reptiles": 0, "count_Birds": 1, "count_Arachnids": 0, "count_Mammals": 0, "count_Ferns": 0, "count_Amphibians": 0, "count_Gymnosperms": 0, "unique_species_count": 1.0, "countryCode": "ES" }, "geometry": { "type": "MultiPolygon", "coordinates": [ [ [ [ 3.737195471489119, 38.227107749460451 ], [ 3.782611431721219, 37.761514622347804 ], [ 3.236255302311259, 37.543287430024257 ], [ 2.642175706002192, 37.787272658081086 ], [ 2.589230999816679, 38.253810734160318 ], [ 3.137901551879367, 38.475471969317802 ], [ 3.737195471489119, 38.227107749460451 ] ] ] ] } },
{ "type": "Feature", "properties": { "geogrid_id": "838027946002044920", "seqnum": 13749.0, "lat_c": 38.027946489621179, "lon_c": 2.0449199279611299, "res": 8.0, "count_Insects": 0, "count_Flowering Plants": 21, "count_Mosses": 0, "count_Sac Fungi": 1, "count_Basidiomycota": 0, "count_Molluscs": 1, "count_Reptiles": 1, "count_Birds": 1, "count_Arachnids": 0, "count_Mammals": 1, "count_Ferns": 0, "count_Amphibians": 0, "count_Gymnosperms": 0, "unique_species_count": 26.0, "countryCode": "ES" }, "geometry": { "type": "MultiPolygon", "coordinates": [ [ [ [ 2.589230999816679, 38.253810734160318 ], [ 2.642175706002192, 37.787272658081086 ], [ 2.101151292585326, 37.560966476611249 ], [ 1.504947629627941, 37.798114022679044 ], [ 1.444426303239966, 38.265399531629996 ], [ 1.987683426761022, 38.49484496002993 ], [ 2.589230999816679, 38.253810734160318 ] ] ] ] } },
{ "type": "Feature", "properties": { "geogrid_id": "838032172000905524", "seqnum": 13667.0, "lat_c": 38.03217223777915, "lon_c": 0.90552442611899897, "res": 8.0, "count_Insects": 0, "count_Flowering Plants": 26, "count_Mosses": 1, "count_Sac Fungi": 0, "count_Basidiomycota": 3, "count_Molluscs": 0, "count_Reptiles": 1, "count_Birds": 2, "count_Arachnids": 0, "count_Mammals": 6, "count_Ferns": 0, "count_Amphibians": 0, "count_Gymnosperms": 0, "unique_species_count": 39.0, "countryCode": "ES" }, "geometry": { "type": "MultiPolygon", "coordinates": [ [ [ [ 1.444426303239966, 38.265399531629996 ], [ 1.504947629627941, 37.798114022679044 ], [ 0.969284232790873, 37.564531906268158 ], [ 0.370941902805907, 37.79536522230714 ], [ 0.302823763669913, 38.263197401644298 ], [ 0.840635298375843, 38.49970428376119 ], [ 1.444426303239966, 38.265399531629996 ] ] ] ] } },
{ "type": "Feature", "properties": { "geogrid_id": "838584467006010836", "seqnum": 13996.0, "lat_c": 38.584466541613928, "lon_c": 6.0108361461592974, "res": 8.0, "count_Insects": 0, "count_Flowering Plants": 0, "count_Mosses": 0, "count_Sac Fungi": 0, "count_Basidiomycota": 0, "count_Molluscs": 0, "count_Reptiles": 0, "count_Birds": 2, "count_Arachnids": 0, "count_Mammals": 0, "count_Ferns": 0, "count_Amphibians": 0, "count_Gymnosperms": 0, "unique_species_count": 2.0, "countryCode": "ES" }, "geometry": { "type": "MultiPolygon", "coordinates": [ [ [ [ 6.578403291934571, 38.776012246595315 ], [ 6.6062255645998, 38.313390710515264 ], [ 6.04206040030781, 38.121230785820913 ], [ 5.447416187543934, 38.386876023180577 ], [ 5.412145202092471, 38.850776471966022 ], [ 5.979000043933594, 39.047782753049475 ], [ 6.578403291934571, 38.776012246595315 ] ] ] ] } },
{ "type": "Feature", "properties": { "geogrid_id": "838648102004849530", "seqnum": 13914.0, "lat_c": 38.648102173873859, "lon_c": 4.8495301616887101, "res": 8.0, "count_Insects": 0, "count_Flowering Plants": 0, "count_Mosses": 0, "count_Sac Fungi": 0, "count_Basidiomycota": 0, "count_Molluscs": 0, "count_Reptiles": 0, "count_Birds": 1, "count_Arachnids": 0, "count_Mammals": 0, "count_Ferns": 0, "count_Amphibians": 0, "count_Gymnosperms": 0, "unique_species_count": 1.0, "countryCode": "ES" }, "geometry": { "type": "MultiPolygon", "coordinates": [ [ [ [ 5.412145202092471, 38.850776471966022 ], [ 5.447416187543934, 38.386876023180577 ], [ 4.888211127276306, 38.183622955260432 ], [ 4.291203583003753, 38.440105804137964 ], [ 4.248349195966775, 38.905156839461441 ], [ 4.810107835799656, 39.112616854445278 ], [ 5.412145202092471, 38.850776471966022 ] ] ] ] } },
{ "type": "Feature", "properties": { "geogrid_id": "838692678003690942", "seqnum": 13832.0, "lat_c": 38.692677822420691, "lon_c": 3.6909416736944971, "res": 8.0, "count_Insects": 0, "count_Flowering Plants": 4, "count_Mosses": 0, "count_Sac Fungi": 3, "count_Basidiomycota": 9, "count_Molluscs": 0, "count_Reptiles": 0, "count_Birds": 1, "count_Arachnids": 0, "count_Mammals": 2, "count_Ferns": 0, "count_Amphibians": 0, "count_Gymnosperms": 0, "unique_species_count": 19.0, "countryCode": "ES" }, "geometry": { "type": "MultiPolygon", "coordinates": [ [ [ [ 4.248349195966775, 38.905156839461441 ], [ 4.291203583003753, 38.440105804137964 ], [ 3.737195471489119, 38.227107749460451 ], [ 3.137901551879367, 38.475471969317802 ], [ 3.087365574175183, 38.941507998876546 ], [ 3.643817009093362, 39.1582440139521 ], [ 4.248349195966775, 38.905156839461441 ] ] ] ] } },
{ "type": "Feature", "properties": { "geogrid_id": "838720292002535324", "seqnum": 13750.0, "lat_c": 38.720291887058075, "lon_c": 2.5353236609465601, "res": 8.0, "count_Insects": 1, "count_Flowering Plants": 2, "count_Mosses": 0, "count_Sac Fungi": 3, "count_Basidiomycota": 37, "count_Molluscs": 0, "count_Reptiles": 0, "count_Birds": 1, "count_Arachnids": 0, "count_Mammals": 3, "count_Ferns": 0, "count_Amphibians": 0, "count_Gymnosperms": 0, "unique_species_count": 47.0, "countryCode": "ES" }, "geometry": { "type": "MultiPolygon", "coordinates": [ [ [ [ 3.087365574175183, 38.941507998876546 ], [ 3.137901551879367, 38.475471969317802 ], [ 2.589230999816679, 38.253810734160318 ], [ 1.987683426761022, 38.49484496002993 ], [ 1.929401000062834, 38.961680756523137 ], [ 2.480415277146574, 39.18673497458888 ], [ 3.087365574175183, 38.941507998876546 ] ] ] ] } },
{ "type": "Feature", "properties": { "geogrid_id": "838730918000233490", "seqnum": 13586.0, "lat_c": 38.730918015527195, "lon_c": 0.23348965741338401, "res": 8.0, "count_Insects": 1667, "count_Flowering Plants": 2306, "count_Mosses": 135, "count_Sac Fungi": 301, "count_Basidiomycota": 210, "count_Molluscs": 398, "count_Reptiles": 42, "count_Birds": 254, "count_Arachnids": 204, "count_Mammals": 54, "count_Ferns": 27, "count_Amphibians": 7, "count_Gymnosperms": 19, "unique_species_count": 5624.0, "countryCode": "ES" }, "geometry": { "type": "MultiPolygon", "coordinates": [ [ [ [ 0.774571059504645, 38.967146027327885 ], [ 0.840635298375843, 38.49970428376119 ], [ 0.302823763669913, 38.263197401644298 ], [ -0.303209768689665, 38.491232964462853 ], [ -0.377065515434096, 38.959085104269896 ], [ 0.162891058059797, 39.198544241986212 ], [ 0.774571059504645, 38.967146027327885 ] ] ] ] } },
{ "type": "Feature", "properties": { "geogrid_id": "838732599001382816", "seqnum": 13668.0, "lat_c": 38.732598956668618, "lon_c": 1.382816330772902, "res": 8.0, "count_Insects": 457, "count_Flowering Plants": 907, "count_Mosses": 4, "count_Sac Fungi": 128, "count_Basidiomycota": 102, "count_Molluscs": 402, "count_Reptiles": 8, "count_Birds": 173, "count_Arachnids": 37, "count_Mammals": 18, "count_Ferns": 9, "count_Amphibians": 1, "count_Gymnosperms": 6, "unique_species_count": 2252.0, "countryCode": "ES" }, "geometry": { "type": "MultiPolygon", "coordinates": [ [ [ [ 1.929401000062834, 38.961680756523137 ], [ 1.987683426761022, 38.49484496002993 ], [ 1.444426303239966, 38.265399531629996 ], [ 0.840635298375843, 38.49970428376119 ], [ 0.774571059504645, 38.967146027327885 ], [ 1.320074127223356, 39.199730455503037 ], [ 1.929401000062834, 38.961680756523137 ] ] ] ] } },
{ "type": "Feature", "properties": { "geogrid_id": "839238747006550025", "seqnum": 13997.0, "lat_c": 39.2387472384003, "lon_c": 6.5500246231881274, "res": 8.0, "count_Insects": 0, "count_Flowering Plants": 0, "count_Mosses": 0, "count_Sac Fungi": 0, "count_Basidiomycota": 0, "count_Molluscs": 0, "count_Reptiles": 0, "count_Birds": 1, "count_Arachnids": 0, "count_Mammals": 0, "count_Ferns": 0, "count_Amphibians": 0, "count_Gymnosperms": 0, "unique_species_count": 1.0, "countryCode": "ES" }, "geometry": { "type": "MultiPolygon", "coordinates": [ [ [ [ 7.125124368452052, 39.423265832972689 ], [ 7.150025097043297, 38.961098975604394 ], [ 6.578403291934571, 38.776012246595315 ], [ 5.979000043933594, 39.047782753049475 ], [ 5.9465299406903, 39.51119683015984 ], [ 6.52107006443718, 39.701612091593276 ], [ 7.125124368452052, 39.423265832972689 ] ] ] ] } },
{ "type": "Feature", "properties": { "geogrid_id": "839314743005376185", "seqnum": 13915.0, "lat_c": 39.314743211925432, "lon_c": 5.3761851032224834, "res": 8.0, "count_Insects": 0, "count_Flowering Plants": 0, "count_Mosses": 0, "count_Sac Fungi": 0, "count_Basidiomycota": 2, "count_Molluscs": 0, "count_Reptiles": 0, "count_Birds": 0, "count_Arachnids": 0, "count_Mammals": 1, "count_Ferns": 0, "count_Amphibians": 0, "count_Gymnosperms": 0, "unique_species_count": 3.0, "countryCode": "ES" }, "geometry": { "type": "MultiPolygon", "coordinates": [ [ [ [ 5.9465299406903, 39.51119683015984 ], [ 5.979000043933594, 39.047782753049475 ], [ 5.412145202092471, 38.850776471966022 ], [ 4.810107835799656, 39.112616854445278 ], [ 4.769916314152164, 39.577185250154365 ], [ 5.339510699231288, 39.778793821599983 ], [ 5.9465299406903, 39.51119683015984 ] ] ] ] } },
{ "type": "Feature", "properties": { "geogrid_id": "839370232004204673", "seqnum": 13833.0, "lat_c": 39.37023228030835, "lon_c": 4.2046734711522804, "res": 8.0, "count_Insects": 0, "count_Flowering Plants": 55, "count_Mosses": 0, "count_Sac Fungi": 0, "count_Basidiomycota": 38, "count_Molluscs": 0, "count_Reptiles": 0, "count_Birds": 1, "count_Arachnids": 0, "count_Mammals": 1, "count_Ferns": 0, "count_Amphibians": 0, "count_Gymnosperms": 0, "unique_species_count": 95.0, "countryCode": "ES" }, "geometry": { "type": "MultiPolygon", "coordinates": [ [ [ [ 4.769916314152164, 39.577185250154365 ], [ 4.810107835799656, 39.112616854445278 ], [ 4.248349195966775, 38.905156839461441 ], [ 3.643817009093362, 39.1582440139521 ], [ 3.595788022854697, 39.623824802552306 ], [ 4.160145517251047, 39.835350225014835 ], [ 4.769916314152164, 39.577185250154365 ] ] ] ] } },
{ "type": "Feature", "properties": { "geogrid_id": "839407532003035876", "seqnum": 13751.0, "lat_c": 39.4075317391707, "lon_c": 3.0358757116188371, "res": 8.0, "count_Insects": 1134, "count_Flowering Plants": 1858, "count_Mosses": 116, "count_Sac Fungi": 127, "count_Basidiomycota": 145, "count_Molluscs": 499, "count_Reptiles": 23, "count_Birds": 334, "count_Arachnids": 99, "count_Mammals": 41, "count_Ferns": 23, "count_Amphibians": 5, "count_Gymnosperms": 17, "unique_species_count": 4421.0, "countryCode": "ES" }, "geometry": { "type": "MultiPolygon", "coordinates": [ [ [ [ 3.595788022854697, 39.623824802552306 ], [ 3.643817009093362, 39.1582440139521 ], [ 3.087365574175183, 38.941507998876546 ], [ 2.480415277146574, 39.18673497458888 ], [ 2.424466917832612, 39.653158208905168 ], [ 2.98339547179545, 39.873561268276028 ], [ 3.595788022854697, 39.623824802552306 ] ] ] ] } },
{ "type": "Feature", "properties": { "geogrid_id": "839428472001870031", "seqnum": 13669.0, "lat_c": 39.428472115582267, "lon_c": 1.8700313510347519, "res": 8.0, "count_Insects": 105, "count_Flowering Plants": 784, "count_Mosses": 24, "count_Sac Fungi": 5, "count_Basidiomycota": 7, "count_Molluscs": 108, "count_Reptiles": 3, "count_Birds": 157, "count_Arachnids": 27, "count_Mammals": 9, "count_Ferns": 7, "count_Amphibians": 1, "count_Gymnosperms": 7, "unique_species_count": 1244.0, "countryCode": "ES" }, "geometry": { "type": "MultiPolygon", "coordinates": [ [ [ [ 2.424466917832612, 39.653158208905168 ], [ 2.480415277146574, 39.18673497458888 ], [ 1.929401000062834, 38.961680756523137 ], [ 1.320074127223356, 39.199730455503037 ], [ 1.256155477191737, 39.66681159879694 ], [ 1.809532547444543, 39.895236671508023 ], [ 2.424466917832612, 39.653158208905168 ] ] ] ] } },
{ "type": "Feature", "properties": { "geogrid_id": "839434515000707285", "seqnum": 13587.0, "lat_c": 39.434514884770977, "lon_c": 0.70728529496925396, "res": 8.0, "count_Insects": 49, "count_Flowering Plants": 30, "count_Mosses": 0, "count_Sac Fungi": 17, "count_Basidiomycota": 1, "count_Molluscs": 8, "count_Reptiles": 3, "count_Birds": 31, "count_Arachnids": 16, "count_Mammals": 8, "count_Ferns": 0, "count_Amphibians": 0, "count_Gymnosperms": 0, "unique_species_count": 163.0, "countryCode": "ES" }, "geometry": { "type": "MultiPolygon", "coordinates": [ [ [ [ 1.256155477191737, 39.66681159879694 ], [ 1.320074127223356, 39.199730455503037 ], [ 0.774571059504645, 38.967146027327885 ], [ 0.162891058059797, 39.198544241986212 ], [ 0.090978681695321, 39.666092732241118 ], [ 0.638730830579065, 39.901827725574996 ], [ 1.256155477191737, 39.66681159879694 ] ] ] ] } },
{ "type": "Feature", "properties": { "geogrid_id": "839974726005913403", "seqnum": 13916.0, "lat_c": 39.974725536551738, "lon_c": 5.9134033014254737, "res": 8.0, "count_Insects": 4, "count_Flowering Plants": 0, "count_Mosses": 0, "count_Sac Fungi": 0, "count_Basidiomycota": 0, "count_Molluscs": 0, "count_Reptiles": 0, "count_Birds": 3, "count_Arachnids": 0, "count_Mammals": 2, "count_Ferns": 0, "count_Amphibians": 0, "count_Gymnosperms": 0, "unique_species_count": 9.0, "countryCode": "ES" }, "geometry": { "type": "MultiPolygon", "coordinates": [ [ [ [ 6.491519735515267, 40.164622623306542 ], [ 6.52107006443718, 39.701612091593276 ], [ 5.9465299406903, 39.51119683015984 ], [ 5.339510699231288, 39.778793821599983 ], [ 5.302096342900548, 40.242945243872548 ], [ 5.879597135068337, 40.438385043574435 ], [ 6.491519735515267, 40.164622623306542 ] ] ] ] } },
{ "type": "Feature", "properties": { "geogrid_id": "840041825004728927", "seqnum": 13834.0, "lat_c": 40.041824947488216, "lon_c": 4.7289273118801978, "res": 8.0, "count_Insects": 403, "count_Flowering Plants": 837, "count_Mosses": 6, "count_Sac Fungi": 23, "count_Basidiomycota": 68, "count_Molluscs": 274, "count_Reptiles": 9, "count_Birds": 130, "count_Arachnids": 24, "count_Mammals": 17, "count_Ferns": 8, "count_Amphibians": 2, "count_Gymnosperms": 6, "unique_species_count": 1807.0, "countryCode": "ES" }, "geometry": { "type": "MultiPolygon", "coordinates": [ [ [ [ 5.302096342900548, 40.242945243872548 ], [ 5.339510699231288, 39.778793821599983 ], [ 4.769916314152164, 39.577185250154365 ], [ 4.160145517251047, 39.835350225014835 ], [ 4.114733903523157, 40.300528133145853 ], [ 4.687112003633588, 40.506552915252719 ], [ 5.302096342900548, 40.242945243872548 ] ] ] ] } },
{ "type": "Feature", "properties": { "geogrid_id": "840089438003546821", "seqnum": 13752.0, "lat_c": 40.089438016828609, "lon_c": 3.546820725340742, "res": 8.0, "count_Insects": 742, "count_Flowering Plants": 1327, "count_Mosses": 63, "count_Sac Fungi": 73, "count_Basidiomycota": 119, "count_Molluscs": 411, "count_Reptiles": 17, "count_Birds": 247, "count_Arachnids": 68, "count_Mammals": 27, "count_Ferns": 18, "count_Amphibians": 6, "count_Gymnosperms": 8, "unique_species_count": 3126.0, "countryCode": "ES" }, "geometry": { "type": "MultiPolygon", "coordinates": [ [ [ [ 4.114733903523157, 40.300528133145853 ], [ 4.160145517251047, 39.835350225014835 ], [ 3.595788022854697, 39.623824802552306 ], [ 2.98339547179545, 39.873561268276028 ], [ 2.929887721367249, 40.33961405037892 ], [ 3.496880486588456, 40.55510087660069 ], [ 4.114733903523157, 40.300528133145853 ] ] ] ] } },
{ "type": "Feature", "properties": { "geogrid_id": "840119579002367439", "seqnum": 13670.0, "lat_c": 40.119579190750173, "lon_c": 2.3674390133423722, "res": 8.0, "count_Insects": 316, "count_Flowering Plants": 764, "count_Mosses": 43, "count_Sac Fungi": 25, "count_Basidiomycota": 42, "count_Molluscs": 197, "count_Reptiles": 7, "count_Birds": 120, "count_Arachnids": 16, "count_Mammals": 15, "count_Ferns": 17, "count_Amphibians": 2, "count_Gymnosperms": 7, "unique_species_count": 1571.0, "countryCode": "ES" }, "geometry": { "type": "MultiPolygon", "coordinates": [ [ [ [ 2.929887721367249, 40.33961405037892 ], [ 2.98339547179545, 39.873561268276028 ], [ 2.424466917832612, 39.653158208905168 ], [ 1.809532547444543, 39.895236671508023 ], [ 1.747861897749912, 40.361991484857548 ], [ 2.309291237505177, 40.586014941608887 ], [ 2.929887721367249, 40.33961405037892 ] ] ] ] } },
{ "type": "Feature", "properties": { "geogrid_id": "840133580000017702", "seqnum": 13506.0, "lat_c": 40.133579625945941, "lon_c": 0.017702349520546001, "res": 8.0, "count_Insects": 1729, "count_Flowering Plants": 2538, "count_Mosses": 160, "count_Sac Fungi": 601, "count_Basidiomycota": 542, "count_Molluscs": 374, "count_Reptiles": 34, "count_Birds": 233, "count_Arachnids": 104, "count_Mammals": 66, "count_Ferns": 34, "count_Amphibians": 8, "count_Gymnosperms": 25, "unique_species_count": 6448.0, "countryCode": "ES" }, "geometry": { "type": "MultiPolygon", "coordinates": [ [ [ [ 0.568859600180876, 40.369100891733304 ], [ 0.638730830579065, 39.901827725574996 ], [ 0.090978681695321, 39.666092732241118 ], [ -0.528899451153263, 39.8945097350298 ], [ -0.606983072916324, 40.362113479192764 ], [ -0.05698914714646, 40.60102056600784 ], [ 0.568859600180876, 40.369100891733304 ] ] ] ] } },
{ "type": "Feature", "properties": { "geogrid_id": "840133859001191015", "seqnum": 13588.0, "lat_c": 40.133859394529395, "lon_c": 1.191015405055194, "res": 8.0, "count_Insects": 144, "count_Flowering Plants": 91, "count_Mosses": 4, "count_Sac Fungi": 46, "count_Basidiomycota": 1, "count_Molluscs": 14, "count_Reptiles": 2, "count_Birds": 50, "count_Arachnids": 42, "count_Mammals": 7, "count_Ferns": 1, "count_Amphibians": 0, "count_Gymnosperms": 0, "unique_species_count": 402.0, "countryCode": "ES" }, "geometry": { "type": "MultiPolygon", "coordinates": [ [ [ [ 1.747861897749912, 40.361991484857548 ], [ 1.809532547444543, 39.895236671508023 ], [ 1.256155477191737, 39.66681159879694 ], [ 0.638730830579065, 39.901827725574996 ], [ 0.568859600180876, 40.369100891733304 ], [ 1.12460804783598, 40.600890311195059 ], [ 1.747861897749912, 40.361991484857548 ] ] ] ] } },
{ "type": "Feature", "properties": { "geogrid_id": "840627794006461353", "seqnum": 13917.0, "lat_c": 40.627794114353549, "lon_c": 6.4613533066331161, "res": 8.0, "count_Insects": 3, "count_Flowering Plants": 0, "count_Mosses": 0, "count_Sac Fungi": 0, "count_Basidiomycota": 0, "count_Molluscs": 0, "count_Reptiles": 0, "count_Birds": 2, "count_Arachnids": 0, "count_Mammals": 2, "count_Ferns": 0, "count_Amphibians": 0, "count_Gymnosperms": 0, "unique_species_count": 7.0, "countryCode": "ES" }, "geometry": { "type": "MultiPolygon", "coordinates": [ [ [ [ 7.04726478181899, 40.810796095192075 ], [ 7.073761670412877, 40.348099871853648 ], [ 6.491519735515267, 40.164622623306542 ], [ 5.879597135068337, 40.438385043574435 ], [ 5.845087922972246, 40.90219097945841 ], [ 6.430549936842375, 41.091141356381925 ], [ 7.04726478181899, 40.810796095192075 ] ] ] ] } },
{ "type": "Feature", "properties": { "geogrid_id": "840707214005263916", "seqnum": 13835.0, "lat_c": 40.70721383568624, "lon_c": 5.2639158500883934, "res": 8.0, "count_Insects": 1, "count_Flowering Plants": 0, "count_Mosses": 0, "count_Sac Fungi": 0, "count_Basidiomycota": 0, "count_Molluscs": 0, "count_Reptiles": 0, "count_Birds": 3, "count_Arachnids": 0, "count_Mammals": 5, "count_Ferns": 0, "count_Amphibians": 0, "count_Gymnosperms": 0, "unique_species_count": 9.0, "countryCode": "ES" }, "geometry": { "type": "MultiPolygon", "coordinates": [ [ [ [ 5.845087922972246, 40.90219097945841 ], [ 5.879597135068337, 40.438385043574435 ], [ 5.302096342900548, 40.242945243872548 ], [ 4.687112003633588, 40.506552915252719 ], [ 4.64444093525405, 40.971385549489888 ], [ 5.22494242055009, 41.171615413388302 ], [ 5.845087922972246, 40.90219097945841 ] ] ] ] } },
{ "type": "Feature", "properties": { "geogrid_id": "840765783004068407", "seqnum": 13753.0, "lat_c": 40.765782868953757, "lon_c": 4.0684065626632133, "res": 8.0, "count_Insects": 5, "count_Flowering Plants": 5, "count_Mosses": 0, "count_Sac Fungi": 0, "count_Basidiomycota": 1, "count_Molluscs": 0, "count_Reptiles": 1, "count_Birds": 4, "count_Arachnids": 0, "count_Mammals": 3, "count_Ferns": 0, "count_Amphibians": 0, "count_Gymnosperms": 0, "unique_species_count": 19.0, "countryCode": "ES" }, "geometry": { "type": "MultiPolygon", "coordinates": [ [ [ [ 4.64444093525405, 40.971385549489888 ], [ 4.687112003633588, 40.506552915252719 ], [ 4.114733903523157, 40.300528133145853 ], [ 3.496880486588456, 40.55510087660069 ], [ 3.445931933436364, 41.020830030959637 ], [ 4.021130695925315, 41.231130741399959 ], [ 4.64444093525405, 40.971385549489888 ] ] ] ] } },
{ "type": "Feature", "properties": { "geogrid_id": "840805707002875315", "seqnum": 13671.0, "lat_c": 40.805706971172356, "lon_c": 2.8753145756662239, "res": 8.0, "count_Insects": 18, "count_Flowering Plants": 16, "count_Mosses": 0, "count_Sac Fungi": 0, "count_Basidiomycota": 10, "count_Molluscs": 0, "count_Reptiles": 1, "count_Birds": 30, "count_Arachnids": 0, "count_Mammals": 1, "count_Ferns": 0, "count_Amphibians": 4, "count_Gymnosperms": 0, "unique_species_count": 80.0, "countryCode": "ES" }, "geometry": { "type": "MultiPolygon", "coordinates": [ [ [ [ 3.445931933436364, 41.020830030959637 ], [ 3.496880486588456, 40.55510087660069 ], [ 2.929887721367249, 40.33961405037892 ], [ 2.309291237505177, 40.586014941608887 ], [ 2.249982392467599, 41.052481933797793 ], [ 2.819637290275158, 41.271856370771651 ], [ 3.445931933436364, 41.020830030959637 ] ] ] ] } },
{ "type": "Feature", "properties": { "geogrid_id": "840828753001684976", "seqnum": 13589.0, "lat_c": 40.828753069264479, "lon_c": 1.6849758296806501, "res": 8.0, "count_Insects": 464, "count_Flowering Plants": 942, "count_Mosses": 7, "count_Sac Fungi": 60, "count_Basidiomycota": 43, "count_Molluscs": 304, "count_Reptiles": 23, "count_Birds": 288, "count_Arachnids": 52, "count_Mammals": 31, "count_Ferns": 7, "count_Amphibians": 7, "count_Gymnosperms": 10, "unique_species_count": 2238.0, "countryCode": "ES" }, "geometry": { "type": "MultiPolygon", "coordinates": [ [ [ [ 2.249982392467599, 41.052481933797793 ], [ 2.309291237505177, 40.586014941608887 ], [ 1.747861897749912, 40.361991484857548 ], [ 1.12460804783598, 40.600890311195059 ], [ 1.05688652974084, 41.06792029977467 ], [ 1.620829770314587, 41.295537416632392 ], [ 2.249982392467599, 41.052481933797793 ] ] ] ] } },
{ "type": "Feature", "properties": { "geogrid_id": "840836350000497623", "seqnum": 13507.0, "lat_c": 40.836350216237072, "lon_c": 0.49762251517412098, "res": 8.0, "count_Insects": 1597, "count_Flowering Plants": 2308, "count_Mosses": 62, "count_Sac Fungi": 357, "count_Basidiomycota": 292, "count_Molluscs": 339, "count_Reptiles": 31, "count_Birds": 374, "count_Arachnids": 119, "count_Mammals": 52, "count_Ferns": 26, "count_Amphibians": 12, "count_Gymnosperms": 26, "unique_species_count": 5595.0, "countryCode": "ES" }, "geometry": { "type": "MultiPolygon", "coordinates": [ [ [ [ 1.05688652974084, 41.06792029977467 ], [ 1.12460804783598, 40.600890311195059 ], [ 0.568859600180876, 40.369100891733304 ], [ -0.05698914714646, 40.60102056600784 ], [ -0.133148180897078, 41.068430712832246 ], [ 0.424969334880932, 41.303591040638544 ], [ 1.05688652974084, 41.06792029977467 ] ] ] ] } },
{ "type": "Feature", "properties": { "geogrid_id": "841366158005809852", "seqnum": 13836.0, "lat_c": 41.366158473931478, "lon_c": 5.8098515490975888, "res": 8.0, "count_Insects": 0, "count_Flowering Plants": 0, "count_Mosses": 0, "count_Sac Fungi": 0, "count_Basidiomycota": 0, "count_Molluscs": 0, "count_Reptiles": 0, "count_Birds": 5, "count_Arachnids": 0, "count_Mammals": 3, "count_Ferns": 0, "count_Amphibians": 0, "count_Gymnosperms": 0, "unique_species_count": 8.0, "countryCode": "ES" }, "geometry": { "type": "MultiPolygon", "coordinates": [ [ [ [ 6.39908821365924, 41.554678694512589 ], [ 6.430549936842375, 41.091141356381925 ], [ 5.845087922972246, 40.90219097945841 ], [ 5.22494242055009, 41.171615413388302 ], [ 5.185148560172861, 41.636165294102305 ], [ 5.773863231171185, 41.830302198763057 ], [ 6.39908821365924, 41.554678694512589 ] ] ] ] } },
{ "type": "Feature", "properties": { "geogrid_id": "841436339004600884", "seqnum": 13754.0, "lat_c": 41.436338714642204, "lon_c": 4.6008839372973886, "res": 8.0, "count_Insects": 1, "count_Flowering Plants": 1, "count_Mosses": 0, "count_Sac Fungi": 0, "count_Basidiomycota": 3, "count_Molluscs": 0, "count_Reptiles": 0, "count_Birds": 4, "count_Arachnids": 0, "count_Mammals": 4, "count_Ferns": 0, "count_Amphibians": 0, "count_Gymnosperms": 0, "unique_species_count": 13.0, "countryCode": "ES" }, "geometry": { "type": "MultiPolygon", "coordinates": [ [ [ [ 5.185148560172861, 41.636165294102305 ], [ 5.22494242055009, 41.171615413388302 ], [ 4.64444093525405, 40.971385549489888 ], [ 4.021130695925315, 41.231130741399959 ], [ 3.972872679618239, 41.69658754099013 ], [ 4.556410039585483, 41.901427781275032 ], [ 5.185148560172861, 41.636165294102305 ] ] ] ] } },
{ "type": "Feature", "properties": { "geogrid_id": "841486642003393939", "seqnum": 13672.0, "lat_c": 41.486641593466615, "lon_c": 3.3939388483432298, "res": 8.0, "count_Insects": 621, "count_Flowering Plants": 868, "count_Mosses": 7, "count_Sac Fungi": 22, "count_Basidiomycota": 39, "count_Molluscs": 356, "count_Reptiles": 19, "count_Birds": 240, "count_Arachnids": 54, "count_Mammals": 28, "count_Ferns": 13, "count_Amphibians": 10, "count_Gymnosperms": 11, "unique_species_count": 2288.0, "countryCode": "ES" }, "geometry": { "type": "MultiPolygon", "coordinates": [ [ [ [ 3.972872679618239, 41.69658754099013 ], [ 4.021130695925315, 41.231130741399959 ], [ 3.445931933436364, 41.020830030959637 ], [ 2.819637290275158, 41.271856370771651 ], [ 2.762816153675431, 41.738078074264997 ], [ 3.340864069027438, 41.952551174666695 ], [ 3.972872679618239, 41.69658754099013 ] ] ] ] } },
{ "type": "Feature", "properties": { "geogrid_id": "841518996002189470", "seqnum": 13590.0, "lat_c": 41.518996118545999, "lon_c": 2.1894702948110609, "res": 8.0, "count_Insects": 2736, "count_Flowering Plants": 3040, "count_Mosses": 46, "count_Sac Fungi": 549, "count_Basidiomycota": 444, "count_Molluscs": 606, "count_Reptiles": 34, "count_Birds": 373, "count_Arachnids": 281, "count_Mammals": 60, "count_Ferns": 35, "count_Amphibians": 14, "count_Gymnosperms": 41, "unique_species_count": 8259.0, "countryCode": "ES" }, "geometry": { "type": "MultiPolygon", "coordinates": [ [ [ [ 2.762816153675431, 41.738078074264997 ], [ 2.819637290275158, 41.271856370771651 ], [ 2.249982392467599, 41.052481933797793 ], [ 1.620829770314587, 41.295537416632392 ], [ 1.555378026723116, 41.762360020708037 ], [ 2.127711662069495, 41.985572952128344 ], [ 2.762816153675431, 41.738078074264997 ] ] ] ] } },
{ "type": "Feature", "properties": { "geogrid_id": "841534965000987803", "seqnum": 13508.0, "lat_c": 41.534964814428655, "lon_c": 0.987802837421772, "res": 8.0, "count_Insects": 1911, "count_Flowering Plants": 1819, "count_Mosses": 21, "count_Sac Fungi": 271, "count_Basidiomycota": 419, "count_Molluscs": 106, "count_Reptiles": 23, "count_Birds": 313, "count_Arachnids": 98, "count_Mammals": 48, "count_Ferns": 23, "count_Amphibians": 10, "count_Gymnosperms": 19, "unique_species_count": 5081.0, "countryCode": "ES" }, "geometry": { "type": "MultiPolygon", "coordinates": [ [ [ [ 1.555378026723116, 41.762360020708037 ], [ 1.620829770314587, 41.295537416632392 ], [ 1.05688652974084, 41.06792029977467 ], [ 0.424969334880932, 41.303591040638544 ], [ 0.350848536862496, 41.770838231613702 ], [ 0.917307695068026, 42.002038831884583 ], [ 1.555378026723116, 41.762360020708037 ] ] ] ] } },
{ "type": "Feature", "properties": { "geogrid_id": "842100878005144506", "seqnum": 13755.0, "lat_c": 42.100878333491167, "lon_c": 5.1445060038899504, "res": 8.0, "count_Insects": 0, "count_Flowering Plants": 0, "count_Mosses": 0, "count_Sac Fungi": 0, "count_Basidiomycota": 0, "count_Molluscs": 0, "count_Reptiles": 0, "count_Birds": 4, "count_Arachnids": 0, "count_Mammals": 3, "count_Ferns": 0, "count_Amphibians": 0, "count_Gymnosperms": 0, "unique_species_count": 7.0, "countryCode": "ES" }, "geometry": { "type": "MultiPolygon", "coordinates": [ [ [ [ 5.737097452175693, 42.294636404637025 ], [ 5.773863231171185, 41.830302198763057 ], [ 5.185148560172861, 41.636165294102305 ], [ 4.556410039585483, 41.901427781275032 ], [ 4.510987386042289, 42.366667660640452 ], [ 5.102985638601891, 42.565768960236085 ], [ 5.737097452175693, 42.294636404637025 ] ] ] ] } },
{ "type": "Feature", "properties": { "geogrid_id": "842162169003923598", "seqnum": 13673.0, "lat_c": 42.162168573655485, "lon_c": 3.92359797215846, "res": 8.0, "count_Insects": 79, "count_Flowering Plants": 163, "count_Mosses": 0, "count_Sac Fungi": 7, "count_Basidiomycota": 2, "count_Molluscs": 53, "count_Reptiles": 13, "count_Birds": 177, "count_Arachnids": 3, "count_Mammals": 9, "count_Ferns": 4, "count_Amphibians": 8, "count_Gymnosperms": 4, "unique_species_count": 522.0, "countryCode": "ES" }, "geometry": { "type": "MultiPolygon", "coordinates": [ [ [ [ 4.510987386042289, 42.366667660640452 ], [ 4.556410039585483, 41.901427781275032 ], [ 3.972872679618239, 41.69658754099013 ], [ 3.340864069027438, 41.952551174666695 ], [ 3.286669388121578, 42.418573912084227 ], [ 3.873271020929601, 42.627888691894505 ], [ 4.510987386042289, 42.366667660640452 ] ] ] ] } },
{ "type": "Feature", "properties": { "geogrid_id": "842204387002704810", "seqnum": 13591.0, "lat_c": 42.204387420012999, "lon_c": 2.7048103801092251, "res": 8.0, "count_Insects": 3745, "count_Flowering Plants": 3142, "count_Mosses": 144, "count_Sac Fungi": 490, "count_Basidiomycota": 626, "count_Molluscs": 672, "count_Reptiles": 42, "count_Birds": 384, "count_Arachnids": 316, "count_Mammals": 80, "count_Ferns": 48, "count_Amphibians": 16, "count_Gymnosperms": 28, "unique_species_count": 9733.0, "countryCode": "ES" }, "geometry": { "type": "MultiPolygon", "coordinates": [ [ [ [ 3.286669388121578, 42.418573912084227 ], [ 3.340864069027438, 41.952551174666695 ], [ 2.762816153675431, 41.738078074264997 ], [ 2.127711662069495, 41.985572952128344 ], [ 2.0646619988119, 42.45222742011525 ], [ 2.64557800185805, 42.67079928580872 ], [ 3.286669388121578, 42.418573912084227 ] ] ] ] } },
{ "type": "Feature", "properties": { "geogrid_id": "842229236001488574", "seqnum": 13509.0, "lat_c": 42.22923589905173, "lon_c": 1.488573666320492, "res": 8.0, "count_Insects": 2324, "count_Flowering Plants": 2520, "count_Mosses": 110, "count_Sac Fungi": 555, "count_Basidiomycota": 631, "count_Molluscs": 130, "count_Reptiles": 28, "count_Birds": 261, "count_Arachnids": 131, "count_Mammals": 65, "count_Ferns": 38, "count_Amphibians": 13, "count_Gymnosperms": 26, "unique_species_count": 6832.0, "countryCode": "ES" }, "geometry": { "type": "MultiPolygon", "coordinates": [ [ [ [ 2.0646619988119, 42.45222742011525 ], [ 2.127711662069495, 41.985572952128344 ], [ 1.555378026723116, 41.762360020708037 ], [ 0.917307695068026, 42.002038831884583 ], [ 0.845350438485269, 42.4691568695021 ], [ 1.420368396096124, 42.696179613429933 ], [ 2.0646619988119, 42.45222742011525 ] ] ] ] } },
{ "type": "Feature", "properties": { "geogrid_id": "842238106000275207", "seqnum": 13427.0, "lat_c": 42.238106196467513, "lon_c": 0.275207186319815, "res": 8.0, "count_Insects": 2209, "count_Flowering Plants": 2516, "count_Mosses": 48, "count_Sac Fungi": 281, "count_Basidiomycota": 883, "count_Molluscs": 63, "count_Reptiles": 23, "count_Birds": 213, "count_Arachnids": 92, "count_Mammals": 55, "count_Ferns": 38, "count_Amphibians": 13, "count_Gymnosperms": 24, "unique_species_count": 6458.0, "countryCode": "ES" }, "geometry": { "type": "MultiPolygon", "coordinates": [ [ [ [ 0.845350438485269, 42.4691568695021 ], [ 0.917307695068026, 42.002038831884583 ], [ 0.350848536862496, 41.770838231613702 ], [ -0.29008497425797, 42.003216936411725 ], [ -0.370974509372699, 42.470621039429538 ], [ 0.197990803751814, 42.705408897539336 ], [ 0.845350438485269, 42.4691568695021 ] ] ] ] } },
{ "type": "Feature", "properties": { "geogrid_id": "842832073004464583", "seqnum": 13674.0, "lat_c": 42.832072836339613, "lon_c": 4.4645831491234294, "res": 8.0, "count_Insects": 0, "count_Flowering Plants": 0, "count_Mosses": 0, "count_Sac Fungi": 0, "count_Basidiomycota": 0, "count_Molluscs": 0, "count_Reptiles": 0, "count_Birds": 2, "count_Arachnids": 0, "count_Mammals": 2, "count_Ferns": 0, "count_Amphibians": 0, "count_Gymnosperms": 0, "unique_species_count": 4.0, "countryCode": "ES" }, "geometry": { "type": "MultiPolygon", "coordinates": [ [ [ [ 5.060557425481734, 43.030851207523433 ], [ 5.102985638601891, 42.565768960236085 ], [ 4.510987386042289, 42.366667660640452 ], [ 3.873271020929601, 42.627888691894505 ], [ 3.821855168243926, 43.093762323372374 ], [ 4.417163443191167, 43.297657393316456 ], [ 5.060557425481734, 43.030851207523433 ] ] ] ] } },
{ "type": "Feature", "properties": { "geogrid_id": "842884724003231315", "seqnum": 13592.0, "lat_c": 42.884724497855537, "lon_c": 3.2313154520877858, "res": 8.0, "count_Insects": 0, "count_Flowering Plants": 0, "count_Mosses": 0, "count_Sac Fungi": 0, "count_Basidiomycota": 0, "count_Molluscs": 0, "count_Reptiles": 0, "count_Birds": 9, "count_Arachnids": 0, "count_Mammals": 3, "count_Ferns": 0, "count_Amphibians": 0, "count_Gymnosperms": 0, "unique_species_count": 12.0, "countryCode": "ES" }, "geometry": { "type": "MultiPolygon", "coordinates": [ [ [ [ 3.821855168243926, 43.093762323372374 ], [ 3.873271020929601, 42.627888691894505 ], [ 3.286669388121578, 42.418573912084227 ], [ 2.64557800185805, 42.67079928580872 ], [ 2.58507576018063, 43.137328113004749 ], [ 3.174761658677681, 43.351017204144206 ], [ 3.821855168243926, 43.093762323372374 ] ] ] ] } },
{ "type": "Feature", "properties": { "geogrid_id": "842918974002000275", "seqnum": 13510.0, "lat_c": 42.918974059805493, "lon_c": 2.0002754814979902, "res": 8.0, "count_Insects": 7, "count_Flowering Plants": 16, "count_Mosses": 0, "count_Sac Fungi": 0, "count_Basidiomycota": 0, "count_Molluscs": 0, "count_Reptiles": 0, "count_Birds": 22, "count_Arachnids": 0, "count_Mammals": 0, "count_Ferns": 0, "count_Amphibians": 0, "count_Gymnosperms": 1, "unique_species_count": 46.0, "countryCode": "ES" }, "geometry": { "type": "MultiPolygon", "coordinates": [ [ [ [ 2.58507576018063, 43.137328113004749 ], [ 2.64557800185805, 42.67079928580872 ], [ 2.0646619988119, 42.45222742011525 ], [ 1.420368396096124, 42.696179613429933 ], [ 1.35071243994212, 43.163205288659483 ], [ 1.934504841346631, 43.385826980907673 ], [ 2.58507576018063, 43.137328113004749 ] ] ] ] } },
{ "type": "Feature", "properties": { "geogrid_id": "842936333000771879", "seqnum": 13428.0, "lat_c": 42.936333002008531, "lon_c": 0.77187888735200805, "res": 8.0, "count_Insects": 1283, "count_Flowering Plants": 1672, "count_Mosses": 120, "count_Sac Fungi": 240, "count_Basidiomycota": 578, "count_Molluscs": 74, "count_Reptiles": 24, "count_Birds": 198, "count_Arachnids": 34, "count_Mammals": 48, "count_Ferns": 37, "count_Amphibians": 10, "count_Gymnosperms": 13, "unique_species_count": 4331.0, "countryCode": "ES" }, "geometry": { "type": "MultiPolygon", "coordinates": [ [ [ [ 1.35071243994212, 43.163205288659483 ], [ 1.420368396096124, 42.696179613429933 ], [ 0.845350438485269, 42.4691568695021 ], [ 0.197990803751814, 42.705408897539336 ], [ 0.119143230067784, 43.172759865476095 ], [ 0.696839214866628, 43.403580876904783 ], [ 1.35071243994212, 43.163205288659483 ] ] ] ] } }
]
}
