{
"type": "FeatureCollection",
"name": "GB",
"crs": { "type": "name", "properties": { "name": "urn:ogc:def:crs:OGC:1.3:CRS84" } },
"features": [
{ "type": "Feature", "properties": { "geogrid_id": "5247617054010029293", "seqnum": 7932.0, "lat_c": 47.61705429212558, "lon_c": -10.029293013606663, "res": 8.0, "count_Birds": 0, "count_Sac Fungi": 0, "count_Insects": 0, "count_Flowering Plants": 0, "count_Mosses": 0, "count_Arachnids": 0, "count_Molluscs": 0, "count_Basidiomycota": 0, "count_Mammals": 2, "count_Ferns": 0, "count_Reptiles": 0, "count_Amphibians": 0, "count_Gymnosperms": 0, "unique_species_count": 2.0, "countryCode": "GB" }, "geometry": { "type": "MultiPolygon", "coordinates": [ [ [ [ -9.277046793904987, 47.426676076514525 ], [ -9.834566289831427, 47.155833233009581 ], [ -10.584091430552755, 47.343122971906027 ], [ -10.790112364523315, 47.801951300515057 ], [ -10.231876513228919, 48.076325300284829 ], [ -9.468257194334067, 47.88829062152675 ], [ -9.277046793904987, 47.426676076514525 ] ] ] ] } },
{ "type": "Feature", "properties": { "geogrid_id": "5248258520011004654", "seqnum": 7850.0, "lat_c": 48.258520285432382, "lon_c": -11.004654044786163, "res": 8.0, "count_Birds": 0, "count_Sac Fungi": 0, "count_Insects": 0, "count_Flowering Plants": 0, "count_Mosses": 0, "count_Arachnids": 0, "count_Molluscs": 0, "count_Basidiomycota": 0, "count_Mammals": 3, "count_Ferns": 0, "count_Reptiles": 0, "count_Amphibians": 0, "count_Gymnosperms": 0, "unique_species_count": 3.0, "countryCode": "GB" }, "geometry": { "type": "MultiPolygon", "coordinates": [ [ [ [ -10.231876513228919, 48.076325300284829 ], [ -10.790112364523315, 47.801951300515057 ], [ -11.559940257138521, 47.981004707266607 ], [ -11.787078060817214, 48.434457759039091 ], [ -11.228349310545237, 48.71253750379109 ], [ -10.442900149446697, 48.53339231695108 ], [ -10.231876513228919, 48.076325300284829 ] ] ] ] } },
{ "type": "Feature", "properties": { "geogrid_id": "5248348002009667246", "seqnum": 7851.0, "lat_c": 48.348001971525186, "lon_c": -9.6672455243414781, "res": 8.0, "count_Birds": 20, "count_Sac Fungi": 0, "count_Insects": 0, "count_Flowering Plants": 0, "count_Mosses": 0, "count_Arachnids": 0, "count_Molluscs": 0, "count_Basidiomycota": 0, "count_Mammals": 5, "count_Ferns": 0, "count_Reptiles": 1, "count_Amphibians": 0, "count_Gymnosperms": 0, "unique_species_count": 26.0, "countryCode": "GB" }, "geometry": { "type": "MultiPolygon", "coordinates": [ [ [ [ -8.900901204429244, 48.156777973053693 ], [ -9.468257194334067, 47.88829062152675 ], [ -10.231876513228919, 48.076325300284829 ], [ -10.442900149446697, 48.53339231695108 ], [ -9.874589729900368, 48.805564963802155 ], [ -9.096134414935483, 48.616925689116698 ], [ -8.900901204429244, 48.156777973053693 ] ] ] ] } },
{ "type": "Feature", "properties": { "geogrid_id": "5248422461008327144", "seqnum": 7852.0, "lat_c": 48.422460900707463, "lon_c": -8.3271439468881461, "res": 8.0, "count_Birds": 21, "count_Sac Fungi": 0, "count_Insects": 0, "count_Flowering Plants": 0, "count_Mosses": 0, "count_Arachnids": 0, "count_Molluscs": 0, "count_Basidiomycota": 0, "count_Mammals": 3, "count_Ferns": 0, "count_Reptiles": 1, "count_Amphibians": 0, "count_Gymnosperms": 0, "unique_species_count": 25.0, "countryCode": "GB" }, "geometry": { "type": "MultiPolygon", "coordinates": [ [ [ [ -7.567188997586561, 48.222520301525364 ], [ -8.143436255591496, 47.96007419605656 ], [ -8.900901204429244, 48.156777973053693 ], [ -9.096134414935483, 48.616925689116698 ], [ -8.51845984349313, 48.883039343099128 ], [ -7.746906144961054, 48.68528250859616 ], [ -7.567188997586561, 48.222520301525364 ] ] ] ] } },
{ "type": "Feature", "properties": { "geogrid_id": "5248482056006984546", "seqnum": 7853.0, "lat_c": 48.482055968722747, "lon_c": -6.9845461420650219, "res": 8.0, "count_Birds": 9, "count_Sac Fungi": 0, "count_Insects": 46, "count_Flowering Plants": 0, "count_Mosses": 0, "count_Arachnids": 0, "count_Molluscs": 0, "count_Basidiomycota": 0, "count_Mammals": 1, "count_Ferns": 0, "count_Reptiles": 0, "count_Amphibians": 0, "count_Gymnosperms": 0, "unique_species_count": 56.0, "countryCode": "GB" }, "geometry": { "type": "MultiPolygon", "coordinates": [ [ [ [ -6.230994401522326, 48.273660752375363 ], [ -6.81588436105701, 48.017407624205454 ], [ -7.567188997586561, 48.222520301525364 ], [ -7.746906144961054, 48.68528250859616 ], [ -7.160110502947839, 48.945184460755051 ], [ -6.395434622847532, 48.73862309607663 ], [ -6.230994401522326, 48.273660752375363 ] ] ] ] } },
{ "type": "Feature", "properties": { "geogrid_id": "5249074981009299635", "seqnum": 7770.0, "lat_c": 49.074980875641828, "lon_c": -9.2996353903494402, "res": 8.0, "count_Birds": 20, "count_Sac Fungi": 0, "count_Insects": 0, "count_Flowering Plants": 0, "count_Mosses": 0, "count_Arachnids": 0, "count_Molluscs": 0, "count_Basidiomycota": 0, "count_Mammals": 1, "count_Ferns": 0, "count_Reptiles": 1, "count_Amphibians": 0, "count_Gymnosperms": 0, "unique_species_count": 22.0, "countryCode": "GB" }, "geometry": { "type": "MultiPolygon", "coordinates": [ [ [ [ -8.51845984349313, 48.883039343099128 ], [ -9.096134414935483, 48.616925689116698 ], [ -9.874589729900368, 48.805564963802155 ], [ -10.090910544128159, 49.26070775200057 ], [ -9.512019048522813, 49.530681492616949 ], [ -8.717951343936418, 49.341581195414818 ], [ -8.51845984349313, 48.883039343099128 ] ] ] ] } },
{ "type": "Feature", "properties": { "geogrid_id": "5249146284007934140", "seqnum": 7771.0, "lat_c": 49.146284346693349, "lon_c": -7.9341402720539902, "res": 8.0, "count_Birds": 22, "count_Sac Fungi": 0, "count_Insects": 40, "count_Flowering Plants": 0, "count_Mosses": 0, "count_Arachnids": 0, "count_Molluscs": 0, "count_Basidiomycota": 0, "count_Mammals": 4, "count_Ferns": 0, "count_Reptiles": 1, "count_Amphibians": 0, "count_Gymnosperms": 0, "unique_species_count": 67.0, "countryCode": "GB" }, "geometry": { "type": "MultiPolygon", "coordinates": [ [ [ [ -7.160110502947839, 48.945184460755051 ], [ -7.746906144961054, 48.68528250859616 ], [ -8.51845984349313, 48.883039343099128 ], [ -8.717951343936418, 49.341581195414818 ], [ -8.129453588835752, 49.605305565605555 ], [ -7.343096140523595, 49.406600645131363 ], [ -7.160110502947839, 48.945184460755051 ] ] ] ] } },
{ "type": "Feature", "properties": { "geogrid_id": "5249202107006566682", "seqnum": 7772.0, "lat_c": 49.202106991975278, "lon_c": -6.5666818786423269, "res": 8.0, "count_Birds": 19, "count_Sac Fungi": 0, "count_Insects": 42, "count_Flowering Plants": 0, "count_Mosses": 0, "count_Arachnids": 0, "count_Molluscs": 1, "count_Basidiomycota": 0, "count_Mammals": 4, "count_Ferns": 0, "count_Reptiles": 1, "count_Amphibians": 0, "count_Gymnosperms": 0, "unique_species_count": 67.0, "countryCode": "GB" }, "geometry": { "type": "MultiPolygon", "coordinates": [ [ [ [ -5.799783686118598, 48.992162196623362 ], [ -6.395434622847532, 48.73862309607663 ], [ -7.160110502947839, 48.945184460755051 ], [ -7.343096140523595, 49.406600645131363 ], [ -6.745250053000211, 49.663926725558554 ], [ -5.96654746723389, 49.455988919878237 ], [ -5.799783686118598, 48.992162196623362 ] ] ] ] } },
{ "type": "Feature", "properties": { "geogrid_id": "5249242612005197525", "seqnum": 7773.0, "lat_c": 49.242612411827217, "lon_c": -5.1975250717183128, "res": 8.0, "count_Birds": 20, "count_Sac Fungi": 0, "count_Insects": 0, "count_Flowering Plants": 0, "count_Mosses": 0, "count_Arachnids": 0, "count_Molluscs": 0, "count_Basidiomycota": 0, "count_Mammals": 5, "count_Ferns": 0, "count_Reptiles": 1, "count_Amphibians": 0, "count_Gymnosperms": 0, "unique_species_count": 26.0, "countryCode": "GB" }, "geometry": { "type": "MultiPolygon", "coordinates": [ [ [ [ -4.437794561459667, 49.024090192532817 ], [ -5.042014587976976, 48.777061913896887 ], [ -5.799783686118598, 48.992162196623362 ], [ -5.96654746723389, 49.455988919878237 ], [ -5.359636996466125, 49.706767658471279 ], [ -4.58859320502189, 49.489911527039233 ], [ -4.437794561459667, 49.024090192532817 ] ] ] ] } },
{ "type": "Feature", "properties": { "geogrid_id": "5249267922003827006", "seqnum": 7774.0, "lat_c": 49.26792157977755, "lon_c": -3.8270055845247422, "res": 8.0, "count_Birds": 15, "count_Sac Fungi": 0, "count_Insects": 0, "count_Flowering Plants": 0, "count_Mosses": 0, "count_Arachnids": 0, "count_Molluscs": 0, "count_Basidiomycota": 0, "count_Mammals": 4, "count_Ferns": 0, "count_Reptiles": 1, "count_Amphibians": 0, "count_Gymnosperms": 0, "unique_species_count": 20.0, "countryCode": "GB" }, "geometry": { "type": "MultiPolygon", "coordinates": [ [ [ [ -3.074517183025129, 49.041054792338045 ], [ -3.687001564515622, 48.800680990284441 ], [ -4.437794561459667, 49.024090192532817 ], [ -4.58859320502189, 49.489911527039233 ], [ -3.972925399140665, 49.733995988805447 ], [ -3.209589729647727, 49.508492945565166 ], [ -3.074517183025129, 49.041054792338045 ] ] ] ] } },
{ "type": "Feature", "properties": { "geogrid_id": "5249797834008926228", "seqnum": 7689.0, "lat_c": 49.797833924356375, "lon_c": -8.9262276647783043, "res": 8.0, "count_Birds": 13, "count_Sac Fungi": 0, "count_Insects": 0, "count_Flowering Plants": 0, "count_Mosses": 0, "count_Arachnids": 0, "count_Molluscs": 0, "count_Basidiomycota": 0, "count_Mammals": 5, "count_Ferns": 0, "count_Reptiles": 0, "count_Amphibians": 0, "count_Gymnosperms": 0, "unique_species_count": 18.0, "countryCode": "GB" }, "geometry": { "type": "MultiPolygon", "coordinates": [ [ [ [ -8.129453588835752, 49.605305565605555 ], [ -8.717951343936418, 49.341581195414818 ], [ -9.512019048522813, 49.530681492616949 ], [ -9.733945370094592, 49.98373737756625 ], [ -9.143942598256409, 50.251518242608959 ], [ -8.333449692399336, 50.062102854049904 ], [ -8.129453588835752, 49.605305565605555 ] ] ] ] } },
{ "type": "Feature", "properties": { "geogrid_id": "5249866092007534060", "seqnum": 7690.0, "lat_c": 49.866092135416601, "lon_c": -7.5340600968413494, "res": 8.0, "count_Birds": 25, "count_Sac Fungi": 0, "count_Insects": 0, "count_Flowering Plants": 1, "count_Mosses": 0, "count_Arachnids": 0, "count_Molluscs": 164, "count_Basidiomycota": 0, "count_Mammals": 8, "count_Ferns": 0, "count_Reptiles": 2, "count_Amphibians": 0, "count_Gymnosperms": 0, "unique_species_count": 200.0, "countryCode": "GB" }, "geometry": { "type": "MultiPolygon", "coordinates": [ [ [ [ -6.745250053000211, 49.663926725558554 ], [ -7.343096140523595, 49.406600645131363 ], [ -8.129453588835752, 49.605305565605555 ], [ -8.333449692399336, 50.062102854049904 ], [ -7.733600400106403, 50.323424571575735 ], [ -6.931691014370414, 50.123877569155169 ], [ -6.745250053000211, 49.663926725558554 ] ] ] ] } },
{ "type": "Feature", "properties": { "geogrid_id": "5249918200006140527", "seqnum": 7691.0, "lat_c": 49.918199628268304, "lon_c": -6.1405269759742751, "res": 8.0, "count_Birds": 297, "count_Sac Fungi": 589, "count_Insects": 2202, "count_Flowering Plants": 1664, "count_Mosses": 306, "count_Arachnids": 121, "count_Molluscs": 450, "count_Basidiomycota": 51, "count_Mammals": 57, "count_Ferns": 32, "count_Reptiles": 8, "count_Amphibians": 4, "count_Gymnosperms": 21, "unique_species_count": 5802.0, "countryCode": "GB" }, "geometry": { "type": "MultiPolygon", "coordinates": [ [ [ [ -5.359636996466125, 49.706767658471279 ], [ -5.96654746723389, 49.455988919878237 ], [ -6.745250053000211, 49.663926725558554 ], [ -6.931691014370414, 50.123877569155169 ], [ -6.322268875791857, 50.378597056103644 ], [ -5.528854448240169, 50.169354959525691 ], [ -5.359636996466125, 49.706767658471279 ] ] ] ] } },
{ "type": "Feature", "properties": { "geogrid_id": "5249954379004745883", "seqnum": 7692.0, "lat_c": 49.954379233418827, "lon_c": -4.7458829328346424, "res": 8.0, "count_Birds": 258, "count_Sac Fungi": 738, "count_Insects": 3873, "count_Flowering Plants": 2269, "count_Mosses": 374, "count_Arachnids": 231, "count_Molluscs": 530, "count_Basidiomycota": 192, "count_Mammals": 69, "count_Ferns": 39, "count_Reptiles": 13, "count_Amphibians": 7, "count_Gymnosperms": 37, "unique_species_count": 8630.0, "countryCode": "GB" }, "geometry": { "type": "MultiPolygon", "coordinates": [ [ [ [ -3.972925399140665, 49.733995988805447 ], [ -4.58859320502189, 49.489911527039233 ], [ -5.359636996466125, 49.706767658471279 ], [ -5.528854448240169, 50.169354959525691 ], [ -4.910162802335594, 50.417326906233875 ], [ -4.125220698579306, 50.198758299261442 ], [ -3.972925399140665, 49.733995988805447 ] ] ] ] } },
{ "type": "Feature", "properties": { "geogrid_id": "5249968872000558931", "seqnum": 7695.0, "lat_c": 49.968872173653033, "lon_c": -0.55893093630777102, "res": 8.0, "count_Birds": 31, "count_Sac Fungi": 0, "count_Insects": 2, "count_Flowering Plants": 0, "count_Mosses": 0, "count_Arachnids": 0, "count_Molluscs": 49, "count_Basidiomycota": 0, "count_Mammals": 2, "count_Ferns": 0, "count_Reptiles": 0, "count_Amphibians": 0, "count_Gymnosperms": 0, "unique_species_count": 84.0, "countryCode": "GB" }, "geometry": { "type": "MultiPolygon", "coordinates": [ [ [ [ 0.18977786110922, 49.72315641158584 ], [ -0.45012361002935, 49.499994014432673 ], [ -1.197767429142587, 49.742099674860157 ], [ -1.317051332936646, 50.209996781182468 ], [ -0.672616523201037, 50.43687182754465 ], [ 0.086599834506565, 50.192078758101935 ], [ 0.18977786110922, 49.72315641158584 ] ] ] ] } },
{ "type": "Feature", "properties": { "geogrid_id": "5249974801003350462", "seqnum": 7693.0, "lat_c": 49.974800924234749, "lon_c": -3.3504620671491341, "res": 8.0, "count_Birds": 181, "count_Sac Fungi": 581, "count_Insects": 2458, "count_Flowering Plants": 1319, "count_Mosses": 231, "count_Arachnids": 84, "count_Molluscs": 443, "count_Basidiomycota": 44, "count_Mammals": 53, "count_Ferns": 26, "count_Reptiles": 7, "count_Amphibians": 5, "count_Gymnosperms": 17, "unique_species_count": 5449.0, "countryCode": "GB" }, "geometry": { "type": "MultiPolygon", "coordinates": [ [ [ [ -2.585492296386723, 49.745739894753257 ], [ -3.209589729647727, 49.508492945565166 ], [ -3.972925399140665, 49.733995988805447 ], [ -4.125220698579306, 50.198758299261442 ], [ -3.497588899190792, 50.439838158813643 ], [ -2.7211469440055, 50.212260162635388 ], [ -2.585492296386723, 49.745739894753257 ] ] ] ] } },
{ "type": "Feature", "properties": { "geogrid_id": "5249979597001954662", "seqnum": 7694.0, "lat_c": 49.979596790666491, "lon_c": -1.954662027405949, "res": 8.0, "count_Birds": 28, "count_Sac Fungi": 0, "count_Insects": 7, "count_Flowering Plants": 0, "count_Mosses": 0, "count_Arachnids": 0, "count_Molluscs": 77, "count_Basidiomycota": 0, "count_Mammals": 6, "count_Ferns": 0, "count_Reptiles": 2, "count_Amphibians": 0, "count_Gymnosperms": 0, "unique_species_count": 120.0, "countryCode": "GB" }, "geometry": { "type": "MultiPolygon", "coordinates": [ [ [ [ -1.197767429142587, 49.742099674860157 ], [ -1.829948265958361, 49.511828637410041 ], [ -2.585492296386723, 49.745739894753257 ], [ -2.7211469440055, 50.212260162635388 ], [ -2.084927317788493, 50.446306259628038 ], [ -1.317051332936646, 50.209996781182468 ], [ -1.197767429142587, 49.742099674860157 ] ] ] ] } },
{ "type": "Feature", "properties": { "geogrid_id": "5250516407008546776", "seqnum": 7608.0, "lat_c": 50.516407442049307, "lon_c": -8.5467763074980656, "res": 8.0, "count_Birds": 9, "count_Sac Fungi": 0, "count_Insects": 0, "count_Flowering Plants": 0, "count_Mosses": 0, "count_Arachnids": 0, "count_Molluscs": 0, "count_Basidiomycota": 0, "count_Mammals": 3, "count_Ferns": 0, "count_Reptiles": 0, "count_Amphibians": 0, "count_Gymnosperms": 0, "unique_species_count": 12.0, "countryCode": "GB" }, "geometry": { "type": "MultiPolygon", "coordinates": [ [ [ [ -7.733600400106403, 50.323424571575735 ], [ -8.333449692399336, 50.062102854049904 ], [ -9.143942598256409, 50.251518242608959 ], [ -9.371797316612909, 50.702325287311815 ], [ -8.770128080943971, 50.967922449255703 ], [ -7.94235879238594, 50.778339362701885 ], [ -7.733600400106403, 50.323424571575735 ] ] ] ] } },
{ "type": "Feature", "properties": { "geogrid_id": "5250581734007126597", "seqnum": 7609.0, "lat_c": 50.581733856173585, "lon_c": -7.1265972422466417, "res": 8.0, "count_Birds": 17, "count_Sac Fungi": 0, "count_Insects": 0, "count_Flowering Plants": 0, "count_Mosses": 0, "count_Arachnids": 1, "count_Molluscs": 73, "count_Basidiomycota": 0, "count_Mammals": 5, "count_Ferns": 0, "count_Reptiles": 1, "count_Amphibians": 0, "count_Gymnosperms": 0, "unique_species_count": 97.0, "countryCode": "GB" }, "geometry": { "type": "MultiPolygon", "coordinates": [ [ [ [ -6.322268875791857, 50.378597056103644 ], [ -6.931691014370414, 50.123877569155169 ], [ -7.733600400106403, 50.323424571575735 ], [ -7.94235879238594, 50.778339362701885 ], [ -7.330604545790701, 51.037246854600859 ], [ -6.512360088033317, 50.836963984459594 ], [ -6.322268875791857, 50.378597056103644 ] ] ] ] } },
{ "type": "Feature", "properties": { "geogrid_id": "5250630184005705719", "seqnum": 7610.0, "lat_c": 50.630184322145709, "lon_c": -5.7057188289652538, "res": 8.0, "count_Birds": 155, "count_Sac Fungi": 428, "count_Insects": 2229, "count_Flowering Plants": 1483, "count_Mosses": 285, "count_Arachnids": 106, "count_Molluscs": 340, "count_Basidiomycota": 50, "count_Mammals": 52, "count_Ferns": 29, "count_Reptiles": 8, "count_Amphibians": 4, "count_Gymnosperms": 12, "unique_species_count": 5181.0, "countryCode": "GB" }, "geometry": { "type": "MultiPolygon", "coordinates": [ [ [ [ -4.910162802335594, 50.417326906233875 ], [ -5.528854448240169, 50.169354959525691 ], [ -6.322268875791857, 50.378597056103644 ], [ -6.512360088033317, 50.836963984459594 ], [ -5.890811463552206, 51.089046740421679 ], [ -5.081968872844314, 50.87857164341608 ], [ -4.910162802335594, 50.417326906233875 ] ] ] ] } },
{ "type": "Feature", "properties": { "geogrid_id": "5250660153000021318", "seqnum": 7614.0, "lat_c": 50.6601527360841, "lon_c": -0.021318048266542999, "res": 8.0, "count_Birds": 267, "count_Sac Fungi": 788, "count_Insects": 7005, "count_Flowering Plants": 2232, "count_Mosses": 380, "count_Arachnids": 259, "count_Molluscs": 469, "count_Basidiomycota": 621, "count_Mammals": 76, "count_Ferns": 32, "count_Reptiles": 16, "count_Amphibians": 9, "count_Gymnosperms": 52, "unique_species_count": 12206.0, "countryCode": "GB" }, "geometry": { "type": "MultiPolygon", "coordinates": [ [ [ [ 0.738859284692927, 50.411650960705146 ], [ 0.086599834506565, 50.192078758101935 ], [ -0.672616523201037, 50.43687182754465 ], [ -0.791582923192309, 50.90388304709051 ], [ -0.13437269912307, 51.12727273614454 ], [ 0.636879255266934, 50.879769193028075 ], [ 0.738859284692927, 50.411650960705146 ] ] ] ] } },
{ "type": "Feature", "properties": { "geogrid_id": "5250662048004284385", "seqnum": 7611.0, "lat_c": 50.662048252694291, "lon_c": -4.2843853972901771, "res": 8.0, "count_Birds": 242, "count_Sac Fungi": 1162, "count_Insects": 5721, "count_Flowering Plants": 2435, "count_Mosses": 442, "count_Arachnids": 257, "count_Molluscs": 596, "count_Basidiomycota": 430, "count_Mammals": 69, "count_Ferns": 44, "count_Reptiles": 10, "count_Amphibians": 10, "count_Gymnosperms": 37, "unique_species_count": 11455.0, "countryCode": "GB" }, "geometry": { "type": "MultiPolygon", "coordinates": [ [ [ [ -3.497588899190792, 50.439838158813643 ], [ -4.125220698579306, 50.198758299261442 ], [ -4.910162802335594, 50.417326906233875 ], [ -5.081968872844314, 50.87857164341608 ], [ -4.450950106957419, 51.123689862239083 ], [ -3.651458862422352, 50.903450399708888 ], [ -3.497588899190792, 50.439838158813643 ] ] ] ] } },
{ "type": "Feature", "properties": { "geogrid_id": "5250676871001441754", "seqnum": 7613.0, "lat_c": 50.676870523941027, "lon_c": -1.441754269821061, "res": 8.0, "count_Birds": 298, "count_Sac Fungi": 977, "count_Insects": 8410, "count_Flowering Plants": 2879, "count_Mosses": 393, "count_Arachnids": 372, "count_Molluscs": 534, "count_Basidiomycota": 507, "count_Mammals": 80, "count_Ferns": 37, "count_Reptiles": 15, "count_Amphibians": 10, "count_Gymnosperms": 63, "unique_species_count": 14575.0, "countryCode": "GB" }, "geometry": { "type": "MultiPolygon", "coordinates": [ [ [ [ -0.672616523201037, 50.43687182754465 ], [ -1.317051332936646, 50.209996781182468 ], [ -2.084927317788493, 50.446306259628038 ], [ -2.221188379228052, 50.911826845140894 ], [ -1.572314973801087, 51.14259572855579 ], [ -0.791582923192309, 50.90388304709051 ], [ -0.672616523201037, 50.43687182754465 ] ] ] ] } },
{ "type": "Feature", "properties": { "geogrid_id": "5250677551002862930", "seqnum": 7612.0, "lat_c": 50.677550784969306, "lon_c": -2.8629295611076389, "res": 8.0, "count_Birds": 285, "count_Sac Fungi": 872, "count_Insects": 6823, "count_Flowering Plants": 2526, "count_Mosses": 382, "count_Arachnids": 373, "count_Molluscs": 587, "count_Basidiomycota": 560, "count_Mammals": 74, "count_Ferns": 37, "count_Reptiles": 15, "count_Amphibians": 10, "count_Gymnosperms": 44, "unique_species_count": 12588.0, "countryCode": "GB" }, "geometry": { "type": "MultiPolygon", "coordinates": [ [ [ [ -2.084927317788493, 50.446306259628038 ], [ -2.7211469440055, 50.212260162635388 ], [ -3.497588899190792, 50.439838158813643 ], [ -3.651458862422352, 50.903450399708888 ], [ -3.011323351872197, 51.141463386270054 ], [ -2.221188379228052, 50.911826845140894 ], [ -2.084927317788493, 50.446306259628038 ] ] ] ] } },
{ "type": "Feature", "properties": { "geogrid_id": "5251293061006711431", "seqnum": 7528.0, "lat_c": 51.293061236746759, "lon_c": -6.7114305047390594, "res": 8.0, "count_Birds": 23, "count_Sac Fungi": 1, "count_Insects": 0, "count_Flowering Plants": 0, "count_Mosses": 0, "count_Arachnids": 0, "count_Molluscs": 67, "count_Basidiomycota": 0, "count_Mammals": 6, "count_Ferns": 0, "count_Reptiles": 1, "count_Amphibians": 0, "count_Gymnosperms": 0, "unique_species_count": 98.0, "countryCode": "GB" }, "geometry": { "type": "MultiPolygon", "coordinates": [ [ [ [ -5.890811463552206, 51.089046740421679 ], [ -6.512360088033317, 50.836963984459594 ], [ -7.330604545790701, 51.037246854600859 ], [ -7.544394851042972, 51.490142419458891 ], [ -6.920155777521876, 51.746625467663016 ], [ -6.084756309666837, 51.545712305111429 ], [ -5.890811463552206, 51.089046740421679 ] ] ] ] } },
{ "type": "Feature", "properties": { "geogrid_id": "5251337912005261877", "seqnum": 7529.0, "lat_c": 51.337912427672407, "lon_c": -5.2618768064326318, "res": 8.0, "count_Birds": 211, "count_Sac Fungi": 667, "count_Insects": 3395, "count_Flowering Plants": 922, "count_Mosses": 280, "count_Arachnids": 230, "count_Molluscs": 557, "count_Basidiomycota": 294, "count_Mammals": 57, "count_Ferns": 21, "count_Reptiles": 9, "count_Amphibians": 5, "count_Gymnosperms": 16, "unique_species_count": 6664.0, "countryCode": "GB" }, "geometry": { "type": "MultiPolygon", "coordinates": [ [ [ [ -4.450950106957419, 51.123689862239083 ], [ -5.081968872844314, 50.87857164341608 ], [ -5.890811463552206, 51.089046740421679 ], [ -6.084756309666837, 51.545712305111429 ], [ -5.450504577019202, 51.795128343182007 ], [ -4.625484733030887, 51.583489884234041 ], [ -4.450950106957419, 51.123689862239083 ] ] ] ] } },
{ "type": "Feature", "properties": { "geogrid_id": "5251365468003812597", "seqnum": 7530.0, "lat_c": 51.365468405618131, "lon_c": -3.812596992527105, "res": 8.0, "count_Birds": 316, "count_Sac Fungi": 1280, "count_Insects": 8618, "count_Flowering Plants": 2755, "count_Mosses": 437, "count_Arachnids": 464, "count_Molluscs": 487, "count_Basidiomycota": 889, "count_Mammals": 76, "count_Ferns": 45, "count_Reptiles": 15, "count_Amphibians": 7, "count_Gymnosperms": 52, "unique_species_count": 15441.0, "countryCode": "GB" }, "geometry": { "type": "MultiPolygon", "coordinates": [ [ [ [ -3.011323351872197, 51.141463386270054 ], [ -3.651458862422352, 50.903450399708888 ], [ -4.450950106957419, 51.123689862239083 ], [ -4.625484733030886, 51.583489884234041 ], [ -3.981567317914119, 51.825706500128312 ], [ -3.166847624930554, 51.603835306535821 ], [ -3.011323351872197, 51.141463386270054 ] ] ] ] } },
{ "type": "Feature", "properties": { "geogrid_id": "5251369786000916263", "seqnum": 7532.0, "lat_c": 51.369785576629347, "lon_c": -0.91626315619457899, "res": 8.0, "count_Birds": 259, "count_Sac Fungi": 1084, "count_Insects": 10204, "count_Flowering Plants": 3300, "count_Mosses": 413, "count_Arachnids": 562, "count_Molluscs": 203, "count_Basidiomycota": 832, "count_Mammals": 76, "count_Ferns": 43, "count_Reptiles": 17, "count_Amphibians": 15, "count_Gymnosperms": 77, "unique_species_count": 17085.0, "countryCode": "GB" }, "geometry": { "type": "MultiPolygon", "coordinates": [ [ [ [ -0.13437269912307, 51.12727273614454 ], [ -0.791582923192309, 50.90388304709051 ], [ -1.572314973801087, 51.14259572855579 ], [ -1.709205243696978, 51.60703537514447 ], [ -1.047123011631434, 51.834447882658118 ], [ -0.252991202962662, 51.593323316629444 ], [ -0.13437269912307, 51.12727273614454 ] ] ] ] } },
{ "type": "Feature", "properties": { "geogrid_id": "5251376016002363923", "seqnum": 7531.0, "lat_c": 51.376015914080831, "lon_c": -2.3639228094981051, "res": 8.0, "count_Birds": 383, "count_Sac Fungi": 1373, "count_Insects": 8963, "count_Flowering Plants": 3241, "count_Mosses": 418, "count_Arachnids": 532, "count_Molluscs": 247, "count_Basidiomycota": 1622, "count_Mammals": 77, "count_Ferns": 52, "count_Reptiles": 11, "count_Amphibians": 9, "count_Gymnosperms": 69, "unique_species_count": 16997.0, "countryCode": "GB" }, "geometry": { "type": "MultiPolygon", "coordinates": [ [ [ [ -1.572314973801087, 51.14259572855579 ], [ -2.221188379228052, 50.911826845140894 ], [ -3.011323351872197, 51.141463386270054 ], [ -3.166847624930554, 51.603835306535821 ], [ -2.51364401713439, 51.838717228320839 ], [ -1.709205243696978, 51.60703537514447 ], [ -1.572314973801087, 51.14259572855579 ] ] ] ] } },
{ "type": "Feature", "properties": { "geogrid_id": "5251999928006288223", "seqnum": 7447.0, "lat_c": 51.999928119992113, "lon_c": -6.2882227511240787, "res": 8.0, "count_Birds": 29, "count_Sac Fungi": 0, "count_Insects": 2, "count_Flowering Plants": 0, "count_Mosses": 0, "count_Arachnids": 1, "count_Molluscs": 150, "count_Basidiomycota": 0, "count_Mammals": 6, "count_Ferns": 0, "count_Reptiles": 1, "count_Amphibians": 0, "count_Gymnosperms": 0, "unique_species_count": 189.0, "countryCode": "GB" }, "geometry": { "type": "MultiPolygon", "coordinates": [ [ [ [ -5.450504577019202, 51.795128343182007 ], [ -6.084756309666837, 51.545712305111429 ], [ -6.920155777521876, 51.746625467663016 ], [ -7.139260153038813, 52.197366725102469 ], [ -6.501928448086342, 52.45141600575689 ], [ -5.648515270663474, 52.249976611091313 ], [ -5.450504577019202, 51.795128343182007 ] ] ] ] } },
{ "type": "Feature", "properties": { "geogrid_id": "5252041236004808601", "seqnum": 7448.0, "lat_c": 52.041236135324205, "lon_c": -4.8086011850844592, "res": 8.0, "count_Birds": 238, "count_Sac Fungi": 997, "count_Insects": 6032, "count_Flowering Plants": 1763, "count_Mosses": 455, "count_Arachnids": 373, "count_Molluscs": 542, "count_Basidiomycota": 506, "count_Mammals": 69, "count_Ferns": 36, "count_Reptiles": 10, "count_Amphibians": 7, "count_Gymnosperms": 57, "unique_species_count": 11085.0, "countryCode": "GB" }, "geometry": { "type": "MultiPolygon", "coordinates": [ [ [ [ -3.981567317914119, 51.825706500128312 ], [ -4.625484733030887, 51.583489884234041 ], [ -5.450504577019202, 51.795128343182007 ], [ -5.648515270663474, 52.249976611091313 ], [ -5.00095618595222, 52.496695639596219 ], [ -4.158975572878457, 52.283960983244391 ], [ -3.981567317914119, 51.825706500128312 ] ] ] ] } },
{ "type": "Feature", "properties": { "geogrid_id": "5252058178000377633", "seqnum": 7451.0, "lat_c": 52.058178305440599, "lon_c": -0.37763311226347002, "res": 8.0, "count_Birds": 321, "count_Sac Fungi": 958, "count_Insects": 9416, "count_Flowering Plants": 2908, "count_Mosses": 357, "count_Arachnids": 478, "count_Molluscs": 180, "count_Basidiomycota": 1079, "count_Mammals": 57, "count_Ferns": 37, "count_Reptiles": 11, "count_Amphibians": 11, "count_Gymnosperms": 55, "unique_species_count": 15868.0, "countryCode": "GB" }, "geometry": { "type": "MultiPolygon", "coordinates": [ [ [ [ 0.417537862445745, 51.813134698841949 ], [ -0.252991202962662, 51.593323316629444 ], [ -1.047123011631434, 51.834447882658118 ], [ -1.184663494545397, 52.297726109227597 ], [ -0.50879288868886, 52.52169981400489 ], [ 0.299302512497476, 52.278150306117823 ], [ 0.417537862445745, 51.813134698841949 ] ] ] ] } },
{ "type": "Feature", "properties": { "geogrid_id": "5252064488003330060", "seqnum": 7449.0, "lat_c": 52.064488238041285, "lon_c": -3.3300603853636379, "res": 8.0, "count_Birds": 235, "count_Sac Fungi": 1513, "count_Insects": 7789, "count_Flowering Plants": 2223, "count_Mosses": 530, "count_Arachnids": 435, "count_Molluscs": 181, "count_Basidiomycota": 975, "count_Mammals": 57, "count_Ferns": 48, "count_Reptiles": 8, "count_Amphibians": 7, "count_Gymnosperms": 50, "unique_species_count": 14051.0, "countryCode": "GB" }, "geometry": { "type": "MultiPolygon", "coordinates": [ [ [ [ -2.51364401713439, 51.838717228320839 ], [ -3.166847624930554, 51.603835306535821 ], [ -3.981567317914119, 51.825706500128312 ], [ -4.158975572878457, 52.283960983244391 ], [ -3.50156105181735, 52.523226725829318 ], [ -2.670903812537936, 52.299759657331315 ], [ -2.51364401713439, 51.838717228320839 ] ] ] ] } },
{ "type": "Feature", "properties": { "geogrid_id": "5252070039001852932", "seqnum": 7450.0, "lat_c": 52.0700394923348, "lon_c": -1.852932393659507, "res": 8.0, "count_Birds": 301, "count_Sac Fungi": 1047, "count_Insects": 8712, "count_Flowering Plants": 2951, "count_Mosses": 378, "count_Arachnids": 472, "count_Molluscs": 172, "count_Basidiomycota": 1045, "count_Mammals": 66, "count_Ferns": 39, "count_Reptiles": 12, "count_Amphibians": 9, "count_Gymnosperms": 56, "unique_species_count": 15260.0, "countryCode": "GB" }, "geometry": { "type": "MultiPolygon", "coordinates": [ [ [ [ -1.047123011631434, 51.834447882658118 ], [ -1.709205243696978, 51.60703537514447 ], [ -2.51364401713439, 51.838717228320839 ], [ -2.670903812537936, 52.299759657331315 ], [ -2.004041843847732, 52.53144394164503 ], [ -1.184663494545397, 52.297726109227597 ], [ -1.047123011631434, 51.834447882658118 ] ] ] ] } },
{ "type": "Feature", "properties": { "geogrid_id": "5252702190005856620", "seqnum": 7366.0, "lat_c": 52.702190425951656, "lon_c": -5.8566199528051266, "res": 8.0, "count_Birds": 19, "count_Sac Fungi": 1, "count_Insects": 1, "count_Flowering Plants": 0, "count_Mosses": 0, "count_Arachnids": 0, "count_Molluscs": 59, "count_Basidiomycota": 0, "count_Mammals": 3, "count_Ferns": 0, "count_Reptiles": 0, "count_Amphibians": 0, "count_Gymnosperms": 0, "unique_species_count": 83.0, "countryCode": "GB" }, "geometry": { "type": "MultiPolygon", "coordinates": [ [ [ [ -5.00095618595222, 52.496695639596219 ], [ -5.648515270663474, 52.249976611091313 ], [ -6.501928448086342, 52.45141600575689 ], [ -6.726642207607381, 52.899869970949744 ], [ -6.075580569199368, 53.15147657387763 ], [ -5.203254157865847, 52.949612588993325 ], [ -5.00095618595222, 52.496695639596219 ] ] ] ] } },
{ "type": "Feature", "properties": { "geogrid_id": "5252740008004345472", "seqnum": 7367.0, "lat_c": 52.740008383337198, "lon_c": -4.3454720170973387, "res": 8.0, "count_Birds": 209, "count_Sac Fungi": 1180, "count_Insects": 7164, "count_Flowering Plants": 1653, "count_Mosses": 533, "count_Arachnids": 432, "count_Molluscs": 500, "count_Basidiomycota": 435, "count_Mammals": 63, "count_Ferns": 39, "count_Reptiles": 10, "count_Amphibians": 5, "count_Gymnosperms": 36, "unique_species_count": 12259.0, "countryCode": "GB" }, "geometry": { "type": "MultiPolygon", "coordinates": [ [ [ [ -3.50156105181735, 52.523226725829318 ], [ -4.158975572878457, 52.283960983244391 ], [ -5.00095618595222, 52.496695639596219 ], [ -5.203254157865847, 52.949612588993325 ], [ -4.541754342080391, 53.193603533763458 ], [ -3.681993287466348, 52.97983651825345 ], [ -3.50156105181735, 52.523226725829318 ] ] ] ] } },
{ "type": "Feature", "properties": { "geogrid_id": "5252758956002836295", "seqnum": 7368.0, "lat_c": 52.758955762641058, "lon_c": -2.83629512982706, "res": 8.0, "count_Birds": 244, "count_Sac Fungi": 1755, "count_Insects": 9213, "count_Flowering Plants": 2650, "count_Mosses": 510, "count_Arachnids": 503, "count_Molluscs": 172, "count_Basidiomycota": 1430, "count_Mammals": 65, "count_Ferns": 50, "count_Reptiles": 11, "count_Amphibians": 7, "count_Gymnosperms": 71, "unique_species_count": 16681.0, "countryCode": "GB" }, "geometry": { "type": "MultiPolygon", "coordinates": [ [ [ [ -2.004041843847732, 52.53144394164503 ], [ -2.670903812537936, 52.299759657331315 ], [ -3.50156105181735, 52.523226725829318 ], [ -3.681993287466348, 52.97983651825345 ], [ -3.010454869978545, 53.216100241303252 ], [ -2.163119847438389, 52.99106908134285 ], [ -2.004041843847732, 52.53144394164503 ] ] ] ] } },
{ "type": "Feature", "properties": { "geogrid_id": "5252759463001329423", "seqnum": 7369.0, "lat_c": 52.759462930402634, "lon_c": -1.329423415998044, "res": 8.0, "count_Birds": 343, "count_Sac Fungi": 1416, "count_Insects": 8918, "count_Flowering Plants": 2719, "count_Mosses": 403, "count_Arachnids": 539, "count_Molluscs": 174, "count_Basidiomycota": 1402, "count_Mammals": 65, "count_Ferns": 38, "count_Reptiles": 11, "count_Amphibians": 8, "count_Gymnosperms": 53, "unique_species_count": 16089.0, "countryCode": "GB" }, "geometry": { "type": "MultiPolygon", "coordinates": [ [ [ [ -0.50879288868886, 52.52169981400489 ], [ -1.184663494545397, 52.297726109227597 ], [ -2.004041843847732, 52.53144394164503 ], [ -2.163119847438389, 52.99106908134285 ], [ -1.481982125307263, 53.2194862893287 ], [ -0.647002493045951, 52.983737154408708 ], [ -0.50879288868886, 52.52169981400489 ] ] ] ] } },
{ "type": "Feature", "properties": { "geogrid_id": "5253399706005416250", "seqnum": 7285.0, "lat_c": 53.399706098950702, "lon_c": -5.4162501554283136, "res": 8.0, "count_Birds": 157, "count_Sac Fungi": 229, "count_Insects": 1218, "count_Flowering Plants": 835, "count_Mosses": 163, "count_Arachnids": 91, "count_Molluscs": 302, "count_Basidiomycota": 20, "count_Mammals": 30, "count_Ferns": 22, "count_Reptiles": 6, "count_Amphibians": 4, "count_Gymnosperms": 12, "unique_species_count": 3089.0, "countryCode": "GB" }, "geometry": { "type": "MultiPolygon", "coordinates": [ [ [ [ -4.541754342080391, 53.193603533763458 ], [ -5.203254157865847, 52.949612588993325 ], [ -6.075580569199368, 53.15147657387763 ], [ -6.306212839036363, 53.597512812021684 ], [ -5.640752807791265, 53.846667740068625 ], [ -4.748570637380741, 53.644477457153457 ], [ -4.541754342080391, 53.193603533763458 ] ] ] ] } },
{ "type": "Feature", "properties": { "geogrid_id": "5253434083003872048", "seqnum": 7286.0, "lat_c": 53.434082752740572, "lon_c": -3.8720479277627891, "res": 8.0, "count_Birds": 387, "count_Sac Fungi": 1030, "count_Insects": 7603, "count_Flowering Plants": 2210, "count_Mosses": 538, "count_Arachnids": 493, "count_Molluscs": 548, "count_Basidiomycota": 592, "count_Mammals": 66, "count_Ferns": 43, "count_Reptiles": 11, "count_Amphibians": 7, "count_Gymnosperms": 45, "unique_species_count": 13573.0, "countryCode": "GB" }, "geometry": { "type": "MultiPolygon", "coordinates": [ [ [ [ -3.010454869978546, 53.216100241303252 ], [ -3.681993287466348, 52.97983651825345 ], [ -4.541754342080391, 53.193603533763458 ], [ -4.748570637380741, 53.644477457153457 ], [ -4.072465980644884, 53.885707960731253 ], [ -3.194066850441486, 53.670968214375641 ], [ -3.010454869978546, 53.216100241303252 ] ] ] ] } },
{ "type": "Feature", "properties": { "geogrid_id": "5253444126000792834", "seqnum": 7288.0, "lat_c": 53.444125649825203, "lon_c": -0.79283412248037899, "res": 8.0, "count_Birds": 306, "count_Sac Fungi": 783, "count_Insects": 8794, "count_Flowering Plants": 2571, "count_Mosses": 348, "count_Arachnids": 463, "count_Molluscs": 184, "count_Basidiomycota": 808, "count_Mammals": 68, "count_Ferns": 34, "count_Reptiles": 11, "count_Amphibians": 9, "count_Gymnosperms": 58, "unique_species_count": 14437.0, "countryCode": "GB" }, "geometry": { "type": "MultiPolygon", "coordinates": [ [ [ [ 0.043261589292442, 53.204185875838945 ], [ -0.647002493045951, 52.983737154408708 ], [ -1.481982125307263, 53.2194862893287 ], [ -1.642962378132047, 53.677608012452424 ], [ -0.946903090579394, 53.902685327407944 ], [ -0.095633604597597, 53.664904122728707 ], [ 0.043261589292442, 53.204185875838945 ] ] ] ] } },
{ "type": "Feature", "properties": { "geogrid_id": "5253448718002330796", "seqnum": 7287.0, "lat_c": 53.448718297656292, "lon_c": -2.330796346266796, "res": 8.0, "count_Birds": 444, "count_Sac Fungi": 1509, "count_Insects": 9601, "count_Flowering Plants": 3395, "count_Mosses": 492, "count_Arachnids": 668, "count_Molluscs": 337, "count_Basidiomycota": 1661, "count_Mammals": 80, "count_Ferns": 53, "count_Reptiles": 16, "count_Amphibians": 9, "count_Gymnosperms": 76, "unique_species_count": 18341.0, "countryCode": "GB" }, "geometry": { "type": "MultiPolygon", "coordinates": [ [ [ [ -1.481982125307263, 53.2194862893287 ], [ -2.163119847438389, 52.99106908134285 ], [ -3.010454869978545, 53.216100241303252 ], [ -3.194066850441486, 53.670968214375641 ], [ -2.507747942461921, 53.904176390118408 ], [ -1.642962378132047, 53.677608012452424 ], [ -1.481982125307263, 53.2194862893287 ] ] ] ] } },
{ "type": "Feature", "properties": { "geogrid_id": "5254092335004966722", "seqnum": 7204.0, "lat_c": 54.092335039294099, "lon_c": -4.9667223826623799, "res": 8.0, "count_Birds": 108, "count_Sac Fungi": 269, "count_Insects": 638, "count_Flowering Plants": 685, "count_Mosses": 118, "count_Arachnids": 5, "count_Molluscs": 319, "count_Basidiomycota": 53, "count_Mammals": 26, "count_Ferns": 19, "count_Reptiles": 3, "count_Amphibians": 2, "count_Gymnosperms": 9, "unique_species_count": 2254.0, "countryCode": "GB" }, "geometry": { "type": "MultiPolygon", "coordinates": [ [ [ [ -4.072465980644884, 53.885707960731253 ], [ -4.748570637380741, 53.644477457153457 ], [ -5.640752807791265, 53.846667740068625 ], [ -5.551399568358166, 54.409258140119043 ], [ -4.866585742904933, 54.654224970499548 ], [ -4.284041668891796, 54.334429874738923 ], [ -4.072465980644884, 53.885707960731253 ] ] ] ] } },
{ "type": "Feature", "properties": { "geogrid_id": "5254123313003387865", "seqnum": 7205.0, "lat_c": 54.123313345252832, "lon_c": -3.3878648396711482, "res": 8.0, "count_Birds": 264, "count_Sac Fungi": 996, "count_Insects": 5876, "count_Flowering Plants": 2445, "count_Mosses": 475, "count_Arachnids": 412, "count_Molluscs": 326, "count_Basidiomycota": 761, "count_Mammals": 63, "count_Ferns": 42, "count_Reptiles": 14, "count_Amphibians": 7, "count_Gymnosperms": 44, "unique_species_count": 11725.0, "countryCode": "GB" }, "geometry": { "type": "MultiPolygon", "coordinates": [ [ [ [ -2.507747942461921, 53.904176390118408 ], [ -3.194066850441486, 53.670968214375641 ], [ -4.072465980644884, 53.885707960731253 ], [ -4.284041668891796, 54.334429874738923 ], [ -3.592635649735272, 54.572865771721418 ], [ -2.694700967206109, 54.35720779669326 ], [ -2.507747942461921, 53.904176390118408 ] ] ] ] } },
{ "type": "Feature", "properties": { "geogrid_id": "5254123865000242574", "seqnum": 7207.0, "lat_c": 54.123864842545757, "lon_c": -0.242574465580601, "res": 8.0, "count_Birds": 307, "count_Sac Fungi": 699, "count_Insects": 6100, "count_Flowering Plants": 1965, "count_Mosses": 338, "count_Arachnids": 331, "count_Molluscs": 450, "count_Basidiomycota": 505, "count_Mammals": 61, "count_Ferns": 37, "count_Reptiles": 12, "count_Amphibians": 8, "count_Gymnosperms": 47, "unique_species_count": 10860.0, "countryCode": "GB" }, "geometry": { "type": "MultiPolygon", "coordinates": [ [ [ [ 0.609655678915588, 53.881737410433267 ], [ -0.095633604597597, 53.664904122728707 ], [ -0.946903090579394, 53.902685327407944 ], [ -1.109870841911068, 54.35921948180922 ], [ -0.398214431993818, 54.580880169927653 ], [ 0.47006125444616, 54.341059863318499 ], [ 0.609655678915588, 53.881737410433267 ] ] ] ] } },
{ "type": "Feature", "properties": { "geogrid_id": "5254133622001813033", "seqnum": 7206.0, "lat_c": 54.13362228639172, "lon_c": -1.8130333298815999, "res": 8.0, "count_Birds": 262, "count_Sac Fungi": 1066, "count_Insects": 6823, "count_Flowering Plants": 2699, "count_Mosses": 492, "count_Arachnids": 435, "count_Molluscs": 181, "count_Basidiomycota": 740, "count_Mammals": 55, "count_Ferns": 47, "count_Reptiles": 8, "count_Amphibians": 8, "count_Gymnosperms": 51, "unique_species_count": 12867.0, "countryCode": "GB" }, "geometry": { "type": "MultiPolygon", "coordinates": [ [ [ [ -0.946903090579394, 53.902685327407944 ], [ -1.642962378132047, 53.677608012452424 ], [ -2.507747942461921, 53.904176390118408 ], [ -2.694700967206109, 54.35720779669326 ], [ -1.992913638178041, 54.587303983851044 ], [ -1.109870841911068, 54.35921948180922 ], [ -0.946903090579394, 53.902685327407944 ] ] ] ] } },
{ "type": "Feature", "properties": { "geogrid_id": "5254160730006227374", "seqnum": 7203.0, "lat_c": 54.160729766669739, "lon_c": -6.2273741596744241, "res": 8.0, "count_Birds": 195, "count_Sac Fungi": 546, "count_Insects": 3220, "count_Flowering Plants": 1409, "count_Mosses": 298, "count_Arachnids": 227, "count_Molluscs": 460, "count_Basidiomycota": 473, "count_Mammals": 45, "count_Ferns": 35, "count_Reptiles": 4, "count_Amphibians": 3, "count_Gymnosperms": 31, "unique_species_count": 6946.0, "countryCode": "GB" }, "geometry": { "type": "MultiPolygon", "coordinates": [ [ [ [ -5.640752807791265, 53.846667740068625 ], [ -6.306212839036363, 53.597512812021684 ], [ -6.894596175031397, 53.90872587581012 ], [ -6.830184787655171, 54.469334076876251 ], [ -6.152329125832653, 54.720857992352173 ], [ -5.551399568358166, 54.409258140119043 ], [ -5.640752807791265, 53.846667740068625 ] ] ] ] } },
{ "type": "Feature", "properties": { "geogrid_id": "5254214346007499104", "seqnum": 7202.0, "lat_c": 54.214345812143279, "lon_c": -7.4991044118744794, "res": 8.0, "count_Birds": 125, "count_Sac Fungi": 645, "count_Insects": 2042, "count_Flowering Plants": 1104, "count_Mosses": 313, "count_Arachnids": 86, "count_Molluscs": 102, "count_Basidiomycota": 343, "count_Mammals": 33, "count_Ferns": 37, "count_Reptiles": 1, "count_Amphibians": 2, "count_Gymnosperms": 27, "unique_species_count": 4860.0, "countryCode": "GB" }, "geometry": { "type": "MultiPolygon", "coordinates": [ [ [ [ -6.894596175031397, 53.90872587581012 ], [ -7.553156681461273, 53.653330744838961 ], [ -8.159186267514141, 53.955978439734835 ], [ -8.119298179682968, 54.514342343751686 ], [ -7.448772291482971, 54.772443911991374 ], [ -6.830184787655171, 54.469334076876251 ], [ -6.894596175031397, 53.90872587581012 ] ] ] ] } },
{ "type": "Feature", "properties": { "geogrid_id": "5254252873008780809", "seqnum": 7201.0, "lat_c": 54.252873146806131, "lon_c": -8.7808087999575868, "res": 8.0, "count_Birds": 5, "count_Sac Fungi": 1, "count_Insects": 99, "count_Flowering Plants": 311, "count_Mosses": 0, "count_Arachnids": 0, "count_Molluscs": 2, "count_Basidiomycota": 2, "count_Mammals": 6, "count_Ferns": 13, "count_Reptiles": 1, "count_Amphibians": 0, "count_Gymnosperms": 2, "unique_species_count": 442.0, "countryCode": "GB" }, "geometry": { "type": "MultiPolygon", "coordinates": [ [ [ [ -8.159186267514141, 53.955978439734835 ], [ -8.810532535221173, 53.694315341574935 ], [ -9.433413895603858, 53.988120440038237 ], [ -9.417584918098415, 54.543991561499553 ], [ -8.754763908811013, 54.808685336753328 ], [ -8.119298179682968, 54.514342343751686 ], [ -8.159186267514141, 53.955978439734835 ] ] ] ] } },
{ "type": "Feature", "properties": { "geogrid_id": "5254807555002892435", "seqnum": 7124.0, "lat_c": 54.80755464341042, "lon_c": -2.8924346231222389, "res": 8.0, "count_Birds": 216, "count_Sac Fungi": 1011, "count_Insects": 5575, "count_Flowering Plants": 2147, "count_Mosses": 511, "count_Arachnids": 338, "count_Molluscs": 201, "count_Basidiomycota": 467, "count_Mammals": 58, "count_Ferns": 48, "count_Reptiles": 6, "count_Amphibians": 7, "count_Gymnosperms": 41, "unique_species_count": 10626.0, "countryCode": "GB" }, "geometry": { "type": "MultiPolygon", "coordinates": [ [ [ [ -1.992913638178041, 54.587303983851044 ], [ -2.694700967206109, 54.35720779669326 ], [ -3.592635649735272, 54.572865771721418 ], [ -3.47011844586894, 55.133121284313972 ], [ -2.758317732888214, 55.366870184210356 ], [ -2.183374654117892, 55.038406824102182 ], [ -1.992913638178041, 54.587303983851044 ] ] ] ] } },
{ "type": "Feature", "properties": { "geogrid_id": "5254813513001282448", "seqnum": 7125.0, "lat_c": 54.813513096412464, "lon_c": -1.2824480872467949, "res": 8.0, "count_Birds": 290, "count_Sac Fungi": 703, "count_Insects": 4522, "count_Flowering Plants": 2438, "count_Mosses": 348, "count_Arachnids": 245, "count_Molluscs": 382, "count_Basidiomycota": 419, "count_Mammals": 72, "count_Ferns": 41, "count_Reptiles": 8, "count_Amphibians": 6, "count_Gymnosperms": 58, "unique_species_count": 9532.0, "countryCode": "GB" }, "geometry": { "type": "MultiPolygon", "coordinates": [ [ [ [ -0.398214431993818, 54.580880169927653 ], [ -1.109870841911068, 54.35921948180922 ], [ -1.992913638178041, 54.587303983851044 ], [ -2.183374654117892, 55.038406824102182 ], [ -1.465398042352783, 55.265331108538113 ], [ -0.563255959052538, 55.035744888972893 ], [ -0.398214431993818, 54.580880169927653 ] ] ] ] } },
{ "type": "Feature", "properties": { "geogrid_id": "5254895543004172851", "seqnum": 7123.0, "lat_c": 54.895542503995564, "lon_c": -4.1728508717212272, "res": 8.0, "count_Birds": 192, "count_Sac Fungi": 724, "count_Insects": 3496, "count_Flowering Plants": 1646, "count_Mosses": 404, "count_Arachnids": 290, "count_Molluscs": 274, "count_Basidiomycota": 239, "count_Mammals": 59, "count_Ferns": 36, "count_Reptiles": 6, "count_Amphibians": 6, "count_Gymnosperms": 30, "unique_species_count": 7402.0, "countryCode": "GB" }, "geometry": { "type": "MultiPolygon", "coordinates": [ [ [ [ -3.592635649735272, 54.572865771721418 ], [ -4.284041668891796, 54.334429874738923 ], [ -4.866585742904933, 54.654224970499548 ], [ -4.769438797492979, 55.213162596366232 ], [ -4.06423116245969, 55.453763649943774 ], [ -3.47011844586894, 55.133121284313972 ], [ -3.592635649735272, 54.572865771721418 ] ] ] ] } },
{ "type": "Feature", "properties": { "geogrid_id": "5254968830005465443", "seqnum": 7122.0, "lat_c": 54.96883047072005, "lon_c": -5.4654435032312669, "res": 8.0, "count_Birds": 211, "count_Sac Fungi": 806, "count_Insects": 2846, "count_Flowering Plants": 1565, "count_Mosses": 365, "count_Arachnids": 167, "count_Molluscs": 532, "count_Basidiomycota": 457, "count_Mammals": 57, "count_Ferns": 36, "count_Reptiles": 6, "count_Amphibians": 7, "count_Gymnosperms": 29, "unique_species_count": 7084.0, "countryCode": "GB" }, "geometry": { "type": "MultiPolygon", "coordinates": [ [ [ [ -4.866585742904933, 54.654224970499548 ], [ -5.551399568358166, 54.409258140119043 ], [ -6.152329125832653, 54.720857992352173 ], [ -6.080255259123835, 55.278197870461952 ], [ -5.382065519851358, 55.52567224719467 ], [ -4.769438797492979, 55.213162596366232 ], [ -4.866585742904933, 54.654224970499548 ] ] ] ] } },
{ "type": "Feature", "properties": { "geogrid_id": "5255027092006769125", "seqnum": 7121.0, "lat_c": 55.027091766999938, "lon_c": -6.7691252064216814, "res": 8.0, "count_Birds": 179, "count_Sac Fungi": 554, "count_Insects": 2796, "count_Flowering Plants": 1261, "count_Mosses": 352, "count_Arachnids": 99, "count_Molluscs": 448, "count_Basidiomycota": 357, "count_Mammals": 48, "count_Ferns": 32, "count_Reptiles": 4, "count_Amphibians": 2, "count_Gymnosperms": 29, "unique_species_count": 6161.0, "countryCode": "GB" }, "geometry": { "type": "MultiPolygon", "coordinates": [ [ [ [ -6.152329125832653, 54.720857992352173 ], [ -6.830184787655171, 54.469334076876251 ], [ -7.448772291482971, 54.772443911991374 ], [ -7.401424958382585, 55.327916871585224 ], [ -6.71068312536632, 55.582278917675175 ], [ -6.080255259123835, 55.278197870461952 ], [ -6.152329125832653, 54.720857992352173 ] ] ] ] } },
{ "type": "Feature", "properties": { "geogrid_id": "5255070023008082749", "seqnum": 7120.0, "lat_c": 55.070022714152387, "lon_c": -8.0827485971237962, "res": 8.0, "count_Birds": 32, "count_Sac Fungi": 67, "count_Insects": 192, "count_Flowering Plants": 466, "count_Mosses": 117, "count_Arachnids": 0, "count_Molluscs": 2, "count_Basidiomycota": 3, "count_Mammals": 8, "count_Ferns": 18, "count_Reptiles": 0, "count_Amphibians": 1, "count_Gymnosperms": 14, "unique_species_count": 920.0, "countryCode": "GB" }, "geometry": { "type": "MultiPolygon", "coordinates": [ [ [ [ -7.448772291482971, 54.772443911991374 ], [ -8.119298179682968, 54.514342343751686 ], [ -8.754763908811013, 54.808685336753328 ], [ -8.731747624215728, 55.362033977279893 ], [ -8.048886299704272, 55.623290800868055 ], [ -7.401424958382585, 55.327916871585224 ], [ -7.448772291482971, 54.772443911991374 ] ] ] ] } },
{ "type": "Feature", "properties": { "geogrid_id": "5255488235000738454", "seqnum": 7044.0, "lat_c": 55.488234797597983, "lon_c": -0.73845380338780597, "res": 8.0, "count_Birds": 37, "count_Sac Fungi": 0, "count_Insects": 2, "count_Flowering Plants": 2, "count_Mosses": 0, "count_Arachnids": 2, "count_Molluscs": 131, "count_Basidiomycota": 0, "count_Mammals": 8, "count_Ferns": 0, "count_Reptiles": 0, "count_Amphibians": 0, "count_Gymnosperms": 0, "unique_species_count": 182.0, "countryCode": "GB" }, "geometry": { "type": "MultiPolygon", "coordinates": [ [ [ [ 0.164704229993125, 55.253907731318783 ], [ -0.563255959052538, 55.035744888972893 ], [ -1.465398042352783, 55.265331108538113 ], [ -1.307260358823061, 55.822505712049804 ], [ -0.567895611006885, 56.044202103735806 ], [ -0.002498162770456, 55.707023750696941 ], [ 0.164704229993125, 55.253907731318783 ] ] ] ] } },
{ "type": "Feature", "properties": { "geogrid_id": "5255596696002037384", "seqnum": 7043.0, "lat_c": 55.596696443232389, "lon_c": -2.0373842675895331, "res": 8.0, "count_Birds": 296, "count_Sac Fungi": 967, "count_Insects": 3031, "count_Flowering Plants": 2065, "count_Mosses": 413, "count_Arachnids": 197, "count_Molluscs": 428, "count_Basidiomycota": 317, "count_Mammals": 62, "count_Ferns": 35, "count_Reptiles": 9, "count_Amphibians": 7, "count_Gymnosperms": 65, "unique_species_count": 7892.0, "countryCode": "GB" }, "geometry": { "type": "MultiPolygon", "coordinates": [ [ [ [ -1.465398042352783, 55.265331108538113 ], [ -2.183374654117892, 55.038406824102182 ], [ -2.758317732888214, 55.366870184210356 ], [ -2.625901091734705, 55.923400830947045 ], [ -1.892641897209457, 56.15224680278574 ], [ -1.307260358823061, 55.822505712049804 ], [ -1.465398042352783, 55.265331108538113 ] ] ] ] } },
{ "type": "Feature", "properties": { "geogrid_id": "5255690541003349743", "seqnum": 7042.0, "lat_c": 55.690541138333373, "lon_c": -3.349742523453024, "res": 8.0, "count_Birds": 277, "count_Sac Fungi": 1226, "count_Insects": 4594, "count_Flowering Plants": 2571, "count_Mosses": 488, "count_Arachnids": 341, "count_Molluscs": 328, "count_Basidiomycota": 786, "count_Mammals": 73, "count_Ferns": 52, "count_Reptiles": 6, "count_Amphibians": 7, "count_Gymnosperms": 71, "unique_species_count": 10820.0, "countryCode": "GB" }, "geometry": { "type": "MultiPolygon", "coordinates": [ [ [ [ -2.758317732888214, 55.366870184210356 ], [ -3.47011844586894, 55.133121284313972 ], [ -4.06423116245969, 55.453763649943774 ], [ -3.957365615157098, 56.009356376029558 ], [ -3.230689831397446, 56.245376725728356 ], [ -2.625901091734705, 55.923400830947045 ], [ -2.758317732888214, 55.366870184210356 ] ] ] ] } },
{ "type": "Feature", "properties": { "geogrid_id": "5255769423004674464", "seqnum": 7041.0, "lat_c": 55.769423007590071, "lon_c": -4.6744642892233452, "res": 8.0, "count_Birds": 230, "count_Sac Fungi": 1101, "count_Insects": 4221, "count_Flowering Plants": 2322, "count_Mosses": 452, "count_Arachnids": 237, "count_Molluscs": 463, "count_Basidiomycota": 575, "count_Mammals": 66, "count_Ferns": 46, "count_Reptiles": 10, "count_Amphibians": 6, "count_Gymnosperms": 58, "unique_species_count": 9787.0, "countryCode": "GB" }, "geometry": { "type": "MultiPolygon", "coordinates": [ [ [ [ -4.064231162459691, 55.453763649943774 ], [ -4.769438797492979, 55.213162596366232 ], [ -5.382065519851358, 55.52567224719467 ], [ -5.30052915440301, 56.080040861163504 ], [ -4.580922595855389, 56.323252794915689 ], [ -3.957365615157098, 56.009356376029558 ], [ -4.064231162459691, 55.453763649943774 ] ] ] ] } },
{ "type": "Feature", "properties": { "geogrid_id": "5255833018006010418", "seqnum": 7040.0, "lat_c": 55.833017907062136, "lon_c": -6.010417877386196, "res": 8.0, "count_Birds": 219, "count_Sac Fungi": 1338, "count_Insects": 2176, "count_Flowering Plants": 1284, "count_Mosses": 385, "count_Arachnids": 172, "count_Molluscs": 486, "count_Basidiomycota": 647, "count_Mammals": 57, "count_Ferns": 37, "count_Reptiles": 6, "count_Amphibians": 5, "count_Gymnosperms": 27, "unique_species_count": 6839.0, "countryCode": "GB" }, "geometry": { "type": "MultiPolygon", "coordinates": [ [ [ [ -5.382065519851358, 55.52567224719467 ], [ -6.080255259123835, 55.278197870461952 ], [ -6.71068312536632, 55.582278917675175 ], [ -6.654201412765954, 56.135146128334092 ], [ -5.942154939065587, 56.385558799697307 ], [ -5.30052915440301, 56.080040861163504 ], [ -5.382065519851358, 55.52567224719467 ] ] ] ] } },
{ "type": "Feature", "properties": { "geogrid_id": "5255881025007356409", "seqnum": 7039.0, "lat_c": 55.88102546348226, "lon_c": -7.3564088915954269, "res": 8.0, "count_Birds": 17, "count_Sac Fungi": 0, "count_Insects": 0, "count_Flowering Plants": 0, "count_Mosses": 0, "count_Arachnids": 0, "count_Molluscs": 21, "count_Basidiomycota": 0, "count_Mammals": 8, "count_Ferns": 0, "count_Reptiles": 0, "count_Amphibians": 0, "count_Gymnosperms": 0, "unique_species_count": 46.0, "countryCode": "GB" }, "geometry": { "type": "MultiPolygon", "coordinates": [ [ [ [ -6.710683125366319, 55.582278917675175 ], [ -7.401424958382585, 55.327916871585224 ], [ -8.048886299704272, 55.623290800868055 ], [ -8.017131975947601, 56.174389329892783 ], [ -7.313138404890124, 56.432003431355788 ], [ -6.654201412765954, 56.135146128334092 ], [ -6.710683125366319, 55.582278917675175 ] ] ] ] } },
{ "type": "Feature", "properties": { "geogrid_id": "5255913171008711186", "seqnum": 7038.0, "lat_c": 55.913171005841427, "lon_c": -8.7111857863918321, "res": 8.0, "count_Birds": 12, "count_Sac Fungi": 0, "count_Insects": 0, "count_Flowering Plants": 0, "count_Mosses": 0, "count_Arachnids": 0, "count_Molluscs": 7, "count_Basidiomycota": 0, "count_Mammals": 3, "count_Ferns": 0, "count_Reptiles": 0, "count_Amphibians": 0, "count_Gymnosperms": 0, "unique_species_count": 22.0, "countryCode": "GB" }, "geometry": { "type": "MultiPolygon", "coordinates": [ [ [ [ -8.048886299704272, 55.623290800868055 ], [ -8.731747624215728, 55.362033977279893 ], [ -9.395423060921075, 55.648441117204428 ], [ -9.388016572842485, 56.197514781147078 ], [ -8.692567459924406, 56.462322195209609 ], [ -8.017131975947601, 56.174389329892783 ], [ -8.048886299704272, 55.623290800868055 ] ] ] ] } },
{ "type": "Feature", "properties": { "geogrid_id": "5255929207010073446", "seqnum": 7037.0, "lat_c": 55.929207360984059, "lon_c": -10.073446242430366, "res": 8.0, "count_Birds": 2, "count_Sac Fungi": 0, "count_Insects": 0, "count_Flowering Plants": 0, "count_Mosses": 0, "count_Arachnids": 0, "count_Molluscs": 0, "count_Basidiomycota": 0, "count_Mammals": 0, "count_Ferns": 0, "count_Reptiles": 0, "count_Amphibians": 0, "count_Gymnosperms": 0, "unique_species_count": 2.0, "countryCode": "GB" }, "geometry": { "type": "MultiPolygon", "coordinates": [ [ [ [ -9.395423060921075, 55.648441117204428 ], [ -10.069971404919604, 55.380290014878 ], [ -10.748993597209703, 55.657490909359765 ], [ -10.765504129231701, 56.204295655234723 ], [ -10.079086460830847, 56.476279170868445 ], [ -9.388016572842485, 56.197514781147078 ], [ -9.395423060921075, 55.648441117204428 ] ] ] ] } },
{ "type": "Feature", "properties": { "geogrid_id": "5256376981001149907", "seqnum": 6962.0, "lat_c": 56.376981484658579, "lon_c": -1.1499073381917599, "res": 8.0, "count_Birds": 37, "count_Sac Fungi": 0, "count_Insects": 0, "count_Flowering Plants": 0, "count_Mosses": 0, "count_Arachnids": 0, "count_Molluscs": 56, "count_Basidiomycota": 0, "count_Mammals": 7, "count_Ferns": 0, "count_Reptiles": 1, "count_Amphibians": 0, "count_Gymnosperms": 0, "unique_species_count": 101.0, "countryCode": "GB" }, "geometry": { "type": "MultiPolygon", "coordinates": [ [ [ [ -0.567895611006885, 56.044202103735806 ], [ -1.307260358823061, 55.822505712049804 ], [ -1.892641897209457, 56.15224680278574 ], [ -1.748323074031146, 56.705286863667958 ], [ -0.992509326938812, 56.928976555260959 ], [ -0.397647746798259, 56.597505720964648 ], [ -0.567895611006885, 56.044202103735806 ] ] ] ] } },
{ "type": "Feature", "properties": { "geogrid_id": "5256477387002494364", "seqnum": 6961.0, "lat_c": 56.4773866204673, "lon_c": -2.4943641167689972, "res": 8.0, "count_Birds": 307, "count_Sac Fungi": 1037, "count_Insects": 3758, "count_Flowering Plants": 1926, "count_Mosses": 394, "count_Arachnids": 306, "count_Molluscs": 362, "count_Basidiomycota": 742, "count_Mammals": 70, "count_Ferns": 33, "count_Reptiles": 7, "count_Amphibians": 5, "count_Gymnosperms": 39, "unique_species_count": 8986.0, "countryCode": "GB" }, "geometry": { "type": "MultiPolygon", "coordinates": [ [ [ [ -1.892641897209457, 56.15224680278574 ], [ -2.625901091734705, 55.923400830947045 ], [ -3.230689831397446, 56.245376725728356 ], [ -3.112210428705444, 56.797853835076758 ], [ -2.362949779527659, 57.029043273488774 ], [ -1.748323074031146, 56.705286863667958 ], [ -1.892641897209457, 56.15224680278574 ] ] ] ] } },
{ "type": "Feature", "properties": { "geogrid_id": "5256562557003851510", "seqnum": 6960.0, "lat_c": 56.562556750002216, "lon_c": -3.851510103673037, "res": 8.0, "count_Birds": 195, "count_Sac Fungi": 1760, "count_Insects": 4291, "count_Flowering Plants": 1980, "count_Mosses": 560, "count_Arachnids": 253, "count_Molluscs": 131, "count_Basidiomycota": 1234, "count_Mammals": 59, "count_Ferns": 39, "count_Reptiles": 4, "count_Amphibians": 6, "count_Gymnosperms": 43, "unique_species_count": 10555.0, "countryCode": "GB" }, "geometry": { "type": "MultiPolygon", "coordinates": [ [ [ [ -3.230689831397446, 56.245376725728356 ], [ -3.957365615157098, 56.009356376029558 ], [ -4.580922595855389, 56.323252794915689 ], [ -4.488138017602007, 56.874873539765282 ], [ -3.74598021857163, 57.113577078812085 ], [ -3.112210428705444, 56.797853835076758 ], [ -3.230689831397446, 56.245376725728356 ] ] ] ] } },
{ "type": "Feature", "properties": { "geogrid_id": "5256632167005220166", "seqnum": 6959.0, "lat_c": 56.632167347721428, "lon_c": -5.2201661702034619, "res": 8.0, "count_Birds": 200, "count_Sac Fungi": 1591, "count_Insects": 3376, "count_Flowering Plants": 1520, "count_Mosses": 496, "count_Arachnids": 164, "count_Molluscs": 508, "count_Basidiomycota": 656, "count_Mammals": 65, "count_Ferns": 37, "count_Reptiles": 6, "count_Amphibians": 4, "count_Gymnosperms": 33, "unique_species_count": 8656.0, "countryCode": "GB" }, "geometry": { "type": "MultiPolygon", "coordinates": [ [ [ [ -4.580922595855389, 56.323252794915689 ], [ -5.30052915440301, 56.080040861163504 ], [ -5.942154939065587, 56.385558799697307 ], [ -5.874864332704347, 56.936036904472388 ], [ -5.140364411653099, 57.182259604181304 ], [ -4.488138017602007, 56.874873539765282 ], [ -4.580922595855389, 56.323252794915689 ] ] ] ] } },
{ "type": "Feature", "properties": { "geogrid_id": "5256662118015011731", "seqnum": 6952.0, "lat_c": 56.66211750704273, "lon_c": -15.011730532701, "res": 8.0, "count_Birds": 9, "count_Sac Fungi": 0, "count_Insects": 0, "count_Flowering Plants": 0, "count_Mosses": 0, "count_Arachnids": 0, "count_Molluscs": 0, "count_Basidiomycota": 0, "count_Mammals": 4, "count_Ferns": 0, "count_Reptiles": 0, "count_Amphibians": 0, "count_Gymnosperms": 0, "unique_species_count": 13.0, "countryCode": "GB" }, "geometry": { "type": "MultiPolygon", "coordinates": [ [ [ [ -14.267041809760256, 56.41808052449732 ], [ -14.923538879641526, 56.124765664350349 ], [ -15.667645372243589, 56.364853514930914 ], [ -15.768469786100422, 56.900153451980046 ], [ -15.102773999133344, 57.198304368758293 ], [ -14.345334809206079, 56.956233610625553 ], [ -14.267041809760256, 56.41808052449732 ] ] ] ] } },
{ "type": "Feature", "properties": { "geogrid_id": "5256685918006599087", "seqnum": 6958.0, "lat_c": 56.685918361717007, "lon_c": -6.5990867820350694, "res": 8.0, "count_Birds": 203, "count_Sac Fungi": 1099, "count_Insects": 2372, "count_Flowering Plants": 1191, "count_Mosses": 387, "count_Arachnids": 129, "count_Molluscs": 472, "count_Basidiomycota": 294, "count_Mammals": 59, "count_Ferns": 33, "count_Reptiles": 7, "count_Amphibians": 4, "count_Gymnosperms": 28, "unique_species_count": 6278.0, "countryCode": "GB" }, "geometry": { "type": "MultiPolygon", "coordinates": [ [ [ [ -5.942154939065587, 56.385558799697307 ], [ -6.654201412765954, 56.135146128334092 ], [ -7.313138404890124, 56.432003431355788 ], [ -7.271083946070205, 56.981060915936034 ], [ -6.544798592791365, 57.234798130342909 ], [ -5.874864332704347, 56.936036904472388 ], [ -5.942154939065587, 56.385558799697307 ] ] ] ] } },
{ "type": "Feature", "properties": { "geogrid_id": "5256708226013600240", "seqnum": 6953.0, "lat_c": 56.708226498573765, "lon_c": -13.600240205234622, "res": 8.0, "count_Birds": 14, "count_Sac Fungi": 0, "count_Insects": 0, "count_Flowering Plants": 0, "count_Mosses": 0, "count_Arachnids": 0, "count_Molluscs": 59, "count_Basidiomycota": 0, "count_Mammals": 6, "count_Ferns": 0, "count_Reptiles": 0, "count_Amphibians": 0, "count_Gymnosperms": 0, "unique_species_count": 79.0, "countryCode": "GB" }, "geometry": { "type": "MultiPolygon", "coordinates": [ [ [ [ -12.867768197081116, 56.454316228452733 ], [ -13.534696984975245, 56.168069510600439 ], [ -14.267041809760256, 56.41808052449732 ], [ -14.345334809206079, 56.956233610625553 ], [ -13.668263528668334, 57.247114873526698 ], [ -12.92295020431358, 56.995116694931092 ], [ -12.867768197081116, 56.454316228452733 ] ] ] ] } },
{ "type": "Feature", "properties": { "geogrid_id": "5256723536007986966", "seqnum": 6957.0, "lat_c": 56.72353618764479, "lon_c": -7.9869659719982584, "res": 8.0, "count_Birds": 98, "count_Sac Fungi": 136, "count_Insects": 431, "count_Flowering Plants": 551, "count_Mosses": 113, "count_Arachnids": 16, "count_Molluscs": 293, "count_Basidiomycota": 26, "count_Mammals": 24, "count_Ferns": 19, "count_Reptiles": 2, "count_Amphibians": 1, "count_Gymnosperms": 8, "unique_species_count": 1718.0, "countryCode": "GB" }, "geometry": { "type": "MultiPolygon", "coordinates": [ [ [ [ -7.313138404890124, 56.432003431355788 ], [ -8.017131975947601, 56.174389329892783 ], [ -8.692567459924406, 56.462322195209609 ], [ -8.675434242802238, 57.009690520272102 ], [ -7.957918042507794, 57.27092755857052 ], [ -7.271083946070205, 56.981060915936034 ], [ -7.313138404890124, 56.432003431355788 ] ] ] ] } },
{ "type": "Feature", "properties": { "geogrid_id": "5256737288012190539", "seqnum": 6954.0, "lat_c": 56.737288359755773, "lon_c": -12.190538524201514, "res": 8.0, "count_Birds": 10, "count_Sac Fungi": 0, "count_Insects": 0, "count_Flowering Plants": 0, "count_Mosses": 0, "count_Arachnids": 0, "count_Molluscs": 0, "count_Basidiomycota": 0, "count_Mammals": 1, "count_Ferns": 0, "count_Reptiles": 0, "count_Amphibians": 0, "count_Gymnosperms": 0, "unique_species_count": 11.0, "countryCode": "GB" }, "geometry": { "type": "MultiPolygon", "coordinates": [ [ [ [ -11.471297381264682, 56.473668593147522 ], [ -12.148204529879932, 56.194535493942681 ], [ -12.867768197081116, 56.454316228452733 ], [ -12.92295020431358, 56.995116694931092 ], [ -12.234989849499588, 57.278661237420636 ], [ -11.502836872157234, 57.016896278876494 ], [ -11.471297381264682, 56.473668593147522 ] ] ] ] } },
{ "type": "Feature", "properties": { "geogrid_id": "5256744775009382444", "seqnum": 6956.0, "lat_c": 56.744775497207023, "lon_c": -9.3824442013104008, "res": 8.0, "count_Birds": 33, "count_Sac Fungi": 0, "count_Insects": 0, "count_Flowering Plants": 0, "count_Mosses": 0, "count_Arachnids": 0, "count_Molluscs": 63, "count_Basidiomycota": 0, "count_Mammals": 13, "count_Ferns": 0, "count_Reptiles": 0, "count_Amphibians": 0, "count_Gymnosperms": 0, "unique_species_count": 109.0, "countryCode": "GB" }, "geometry": { "type": "MultiPolygon", "coordinates": [ [ [ [ -8.692567459924406, 56.462322195209609 ], [ -9.388016572842485, 56.197514781147078 ], [ -10.079086460830847, 56.476279170868445 ], [ -10.086503022040414, 57.021700354018158 ], [ -9.378304592795615, 57.290412221485724 ], [ -8.675434242802238, 57.009690520272102 ], [ -8.692567459924406, 56.462322195209609 ] ] ] ] } },
{ "type": "Feature", "properties": { "geogrid_id": "5256749421010784116", "seqnum": 6955.0, "lat_c": 56.749420892512113, "lon_c": -10.784116033657291, "res": 8.0, "count_Birds": 5, "count_Sac Fungi": 0, "count_Insects": 0, "count_Flowering Plants": 0, "count_Mosses": 0, "count_Arachnids": 0, "count_Molluscs": 0, "count_Basidiomycota": 0, "count_Mammals": 3, "count_Ferns": 0, "count_Reptiles": 0, "count_Amphibians": 0, "count_Gymnosperms": 0, "unique_species_count": 8.0, "countryCode": "GB" }, "geometry": { "type": "MultiPolygon", "coordinates": [ [ [ [ -10.079086460830847, 56.476279170868445 ], [ -10.765504129231701, 56.204295655234723 ], [ -11.471297381264682, 56.473668593147522 ], [ -11.502836872157234, 57.016896278876494 ], [ -10.804494968077217, 57.293047502557556 ], [ -10.086503022040414, 57.021700354018158 ], [ -10.079086460830847, 56.476279170868445 ] ] ] ] } },
{ "type": "Feature", "properties": { "geogrid_id": "5257148353000226874", "seqnum": 6881.0, "lat_c": 57.14835315678787, "lon_c": -0.22687413381350099, "res": 8.0, "count_Birds": 33, "count_Sac Fungi": 0, "count_Insects": 1, "count_Flowering Plants": 0, "count_Mosses": 0, "count_Arachnids": 0, "count_Molluscs": 75, "count_Basidiomycota": 0, "count_Mammals": 6, "count_Ferns": 0, "count_Reptiles": 0, "count_Amphibians": 0, "count_Gymnosperms": 0, "unique_species_count": 115.0, "countryCode": "GB" }, "geometry": { "type": "MultiPolygon", "coordinates": [ [ [ [ 0.364178031750228, 56.813718835426997 ], [ -0.397647746798259, 56.597505720964648 ], [ -0.992509326938812, 56.928976555260959 ], [ -0.834291479961318, 57.478687020093886 ], [ -0.054789298964075, 57.696930893039514 ], [ 0.548621984389531, 57.363312565162268 ], [ 0.364178031750228, 56.813718835426997 ] ] ] ] } },
{ "type": "Feature", "properties": { "geogrid_id": "5257256022001603662", "seqnum": 6880.0, "lat_c": 57.256022459015263, "lon_c": -1.603662452290272, "res": 8.0, "count_Birds": 325, "count_Sac Fungi": 455, "count_Insects": 1913, "count_Flowering Plants": 1326, "count_Mosses": 227, "count_Arachnids": 93, "count_Molluscs": 317, "count_Basidiomycota": 333, "count_Mammals": 58, "count_Ferns": 27, "count_Reptiles": 8, "count_Amphibians": 5, "count_Gymnosperms": 24, "unique_species_count": 5111.0, "countryCode": "GB" }, "geometry": { "type": "MultiPolygon", "coordinates": [ [ [ [ -0.992509326938812, 56.928976555260959 ], [ -1.748323074031146, 56.705286863667958 ], [ -2.362949779527659, 57.029043273488774 ], [ -2.230952621451856, 57.578564972527836 ], [ -1.457942302685709, 57.804638867392995 ], [ -0.834291479961318, 57.478687020093886 ], [ -0.992509326938812, 56.928976555260959 ] ] ] ] } },
{ "type": "Feature", "properties": { "geogrid_id": "5257348176002993610", "seqnum": 6879.0, "lat_c": 57.348175649528429, "lon_c": -2.9936099758767352, "res": 8.0, "count_Birds": 248, "count_Sac Fungi": 1488, "count_Insects": 4468, "count_Flowering Plants": 1973, "count_Mosses": 525, "count_Arachnids": 183, "count_Molluscs": 343, "count_Basidiomycota": 1175, "count_Mammals": 71, "count_Ferns": 37, "count_Reptiles": 6, "count_Amphibians": 5, "count_Gymnosperms": 48, "unique_species_count": 10570.0, "countryCode": "GB" }, "geometry": { "type": "MultiPolygon", "coordinates": [ [ [ [ -2.362949779527659, 57.029043273488774 ], [ -3.112210428705444, 56.797853835076758 ], [ -3.74598021857163, 57.113577078812085 ], [ -3.640140103437802, 57.66260868300823 ], [ -2.87423899640758, 57.896525321867465 ], [ -2.230952621451856, 57.578564972527836 ], [ -2.362949779527659, 57.029043273488774 ] ] ] ] } },
{ "type": "Feature", "properties": { "geogrid_id": "5257424485004395487", "seqnum": 6878.0, "lat_c": 57.424484802670563, "lon_c": -4.3954871454380209, "res": 8.0, "count_Birds": 238, "count_Sac Fungi": 1721, "count_Insects": 5557, "count_Flowering Plants": 1804, "count_Mosses": 441, "count_Arachnids": 413, "count_Molluscs": 235, "count_Basidiomycota": 1299, "count_Mammals": 61, "count_Ferns": 34, "count_Reptiles": 5, "count_Amphibians": 5, "count_Gymnosperms": 46, "unique_species_count": 11859.0, "countryCode": "GB" }, "geometry": { "type": "MultiPolygon", "coordinates": [ [ [ [ -3.74598021857163, 57.113577078812085 ], [ -4.488138017602007, 56.874873539765282 ], [ -5.140364411653099, 57.182259604181304 ], [ -5.060557476074115, 57.730505147399803 ], [ -4.302388907874469, 57.972266687800477 ], [ -3.640140103437802, 57.66260868300823 ], [ -3.74598021857163, 57.113577078812085 ] ] ] ] } },
{ "type": "Feature", "properties": { "geogrid_id": "5257484647005807993", "seqnum": 6877.0, "lat_c": 57.484647200197031, "lon_c": -5.8079931345050477, "res": 8.0, "count_Birds": 185, "count_Sac Fungi": 1373, "count_Insects": 3023, "count_Flowering Plants": 1376, "count_Mosses": 458, "count_Arachnids": 227, "count_Molluscs": 517, "count_Basidiomycota": 429, "count_Mammals": 54, "count_Ferns": 39, "count_Reptiles": 6, "count_Amphibians": 5, "count_Gymnosperms": 30, "unique_species_count": 7722.0, "countryCode": "GB" }, "geometry": { "type": "MultiPolygon", "coordinates": [ [ [ [ -5.140364411653099, 57.182259604181304 ], [ -5.874864332704347, 56.936036904472388 ], [ -6.544798592791365, 57.234798130342909 ], [ -6.490839366440952, 57.78196822264654 ], [ -5.741028451402852, 58.031565829360154 ], [ -5.060557476074115, 57.730505147399803 ], [ -5.140364411653099, 57.182259604181304 ] ] ] ] } },
{ "type": "Feature", "properties": { "geogrid_id": "5257493244014426216", "seqnum": 6871.0, "lat_c": 57.493243702041326, "lon_c": -14.426216487740433, "res": 8.0, "count_Birds": 18, "count_Sac Fungi": 0, "count_Insects": 0, "count_Flowering Plants": 0, "count_Mosses": 0, "count_Arachnids": 0, "count_Molluscs": 50, "count_Basidiomycota": 0, "count_Mammals": 7, "count_Ferns": 0, "count_Reptiles": 0, "count_Amphibians": 0, "count_Gymnosperms": 0, "unique_species_count": 75.0, "countryCode": "GB" }, "geometry": { "type": "MultiPolygon", "coordinates": [ [ [ [ -13.668263528668334, 57.247114873526698 ], [ -14.345334809206079, 56.956233610625553 ], [ -15.102773999133344, 57.198304368758293 ], [ -15.196552457897056, 57.733463531144899 ], [ -14.509556031441596, 58.029245860652338 ], [ -13.738592473524896, 57.784881249231034 ], [ -13.668263528668334, 57.247114873526698 ] ] ] ] } },
{ "type": "Feature", "properties": { "geogrid_id": "5257528387007229762", "seqnum": 6876.0, "lat_c": 57.528387379563853, "lon_c": -7.2297622492490667, "res": 8.0, "count_Birds": 175, "count_Sac Fungi": 638, "count_Insects": 1965, "count_Flowering Plants": 1031, "count_Mosses": 303, "count_Arachnids": 63, "count_Molluscs": 417, "count_Basidiomycota": 382, "count_Mammals": 46, "count_Ferns": 32, "count_Reptiles": 5, "count_Amphibians": 3, "count_Gymnosperms": 17, "unique_species_count": 5077.0, "countryCode": "GB" }, "geometry": { "type": "MultiPolygon", "coordinates": [ [ [ [ -6.544798592791365, 57.234798130342909 ], [ -7.271083946070205, 56.981060915936034 ], [ -7.957918042507794, 57.27092755857052 ], [ -7.929558711398309, 57.816740605645926 ], [ -7.188727978803893, 58.074154110195828 ], [ -6.490839366440952, 57.78196822264654 ], [ -6.544798592791365, 57.234798130342909 ] ] ] ] } },
{ "type": "Feature", "properties": { "geogrid_id": "5257534671012980323", "seqnum": 6872.0, "lat_c": 57.534671226680565, "lon_c": -12.980323502000228, "res": 8.0, "count_Birds": 20, "count_Sac Fungi": 0, "count_Insects": 0, "count_Flowering Plants": 0, "count_Mosses": 0, "count_Arachnids": 0, "count_Molluscs": 127, "count_Basidiomycota": 0, "count_Mammals": 9, "count_Ferns": 0, "count_Reptiles": 0, "count_Amphibians": 0, "count_Gymnosperms": 0, "unique_species_count": 156.0, "countryCode": "GB" }, "geometry": { "type": "MultiPolygon", "coordinates": [ [ [ [ -12.234989849499588, 57.278661237420636 ], [ -12.92295020431358, 56.995116694931092 ], [ -13.668263528668334, 57.247114873526698 ], [ -13.738592473524896, 57.784881249231034 ], [ -13.039698757676405, 58.073123537281589 ], [ -12.281323582163283, 57.818809467512239 ], [ -12.234989849499588, 57.278661237420636 ] ] ] ] } },
{ "type": "Feature", "properties": { "geogrid_id": "5257555459008659371", "seqnum": 6875.0, "lat_c": 57.55545902743431, "lon_c": -8.6593713117005109, "res": 8.0, "count_Birds": 170, "count_Sac Fungi": 318, "count_Insects": 151, "count_Flowering Plants": 165, "count_Mosses": 149, "count_Arachnids": 5, "count_Molluscs": 178, "count_Basidiomycota": 14, "count_Mammals": 20, "count_Ferns": 14, "count_Reptiles": 1, "count_Amphibians": 0, "count_Gymnosperms": 0, "unique_species_count": 1185.0, "countryCode": "GB" }, "geometry": { "type": "MultiPolygon", "coordinates": [ [ [ [ -7.957918042507794, 57.27092755857052 ], [ -8.675434242802238, 57.009690520272102 ], [ -9.378304592795615, 57.290412221485724 ], [ -9.375234956776259, 57.834595632870546 ], [ -8.643999864681925, 58.099793288079148 ], [ -7.929558711398309, 57.816740605645926 ], [ -7.957918042507794, 57.27092755857052 ] ] ] ] } },
{ "type": "Feature", "properties": { "geogrid_id": "5257558767011536180", "seqnum": 6873.0, "lat_c": 57.558767254217841, "lon_c": -11.536179638606081, "res": 8.0, "count_Birds": 17, "count_Sac Fungi": 0, "count_Insects": 0, "count_Flowering Plants": 0, "count_Mosses": 0, "count_Arachnids": 0, "count_Molluscs": 0, "count_Basidiomycota": 0, "count_Mammals": 7, "count_Ferns": 0, "count_Reptiles": 0, "count_Amphibians": 0, "count_Gymnosperms": 0, "unique_species_count": 24.0, "countryCode": "GB" }, "geometry": { "type": "MultiPolygon", "coordinates": [ [ [ [ -10.804494968077217, 57.293047502557556 ], [ -11.502836872157234, 57.016896278876494 ], [ -12.234989849499588, 57.278661237420636 ], [ -12.281323582163283, 57.818809467512239 ], [ -11.571075268536456, 58.099433246914835 ], [ -10.826343119278539, 57.83533887045845 ], [ -10.804494968077217, 57.293047502557556 ] ] ] ] } },
{ "type": "Feature", "properties": { "geogrid_id": "5257565647010095348", "seqnum": 6874.0, "lat_c": 57.565646687521252, "lon_c": -10.095347943076215, "res": 8.0, "count_Birds": 30, "count_Sac Fungi": 0, "count_Insects": 1, "count_Flowering Plants": 0, "count_Mosses": 0, "count_Arachnids": 0, "count_Molluscs": 32, "count_Basidiomycota": 0, "count_Mammals": 9, "count_Ferns": 0, "count_Reptiles": 0, "count_Amphibians": 0, "count_Gymnosperms": 0, "unique_species_count": 72.0, "countryCode": "GB" }, "geometry": { "type": "MultiPolygon", "coordinates": [ [ [ [ -9.378304592795615, 57.290412221485724 ], [ -10.086503022040414, 57.021700354018158 ], [ -10.804494968077217, 57.293047502557556 ], [ -10.826343119278539, 57.83533887045845 ], [ -10.105307528519827, 58.108277205492435 ], [ -9.375234956776259, 57.834595632870546 ], [ -9.378304592795615, 57.290412221485724 ] ] ] ] } },
{ "type": "Feature", "properties": { "geogrid_id": "5258026289000674523", "seqnum": 6799.0, "lat_c": 58.026289324999539, "lon_c": -0.67452268932161197, "res": 8.0, "count_Birds": 34, "count_Sac Fungi": 0, "count_Insects": 0, "count_Flowering Plants": 0, "count_Mosses": 0, "count_Arachnids": 0, "count_Molluscs": 90, "count_Basidiomycota": 0, "count_Mammals": 8, "count_Ferns": 0, "count_Reptiles": 0, "count_Amphibians": 0, "count_Gymnosperms": 0, "unique_species_count": 132.0, "countryCode": "GB" }, "geometry": { "type": "MultiPolygon", "coordinates": [ [ [ [ -0.054789298964075, 57.696930893039514 ], [ -0.834291479961318, 57.478687020093886 ], [ -1.457942302685709, 57.804638867392995 ], [ -1.310482508986257, 58.351303027705704 ], [ -0.512505897045347, 58.57194231705563 ], [ 0.119352301374151, 58.243406589667643 ], [ -0.054789298964075, 57.696930893039514 ] ] ] ] } },
{ "type": "Feature", "properties": { "geogrid_id": "5258126127002097708", "seqnum": 6798.0, "lat_c": 58.126126750896951, "lon_c": -2.0977084010870408, "res": 8.0, "count_Birds": 192, "count_Sac Fungi": 148, "count_Insects": 327, "count_Flowering Plants": 699, "count_Mosses": 139, "count_Arachnids": 9, "count_Molluscs": 309, "count_Basidiomycota": 2, "count_Mammals": 40, "count_Ferns": 20, "count_Reptiles": 3, "count_Amphibians": 3, "count_Gymnosperms": 13, "unique_species_count": 1904.0, "countryCode": "GB" }, "geometry": { "type": "MultiPolygon", "coordinates": [ [ [ [ -1.457942302685709, 57.804638867392995 ], [ -2.230952621451856, 57.578564972527836 ], [ -2.87423899640758, 57.896525321867465 ], [ -2.753483566306148, 58.443068190220501 ], [ -1.962585056620227, 58.67188655004297 ], [ -1.310482508986257, 58.351303027705704 ], [ -1.457942302685709, 57.804638867392995 ] ] ] ] } },
{ "type": "Feature", "properties": { "geogrid_id": "5258209824003533393", "seqnum": 6797.0, "lat_c": 58.209824281136854, "lon_c": -3.5333928399956211, "res": 8.0, "count_Birds": 220, "count_Sac Fungi": 861, "count_Insects": 2096, "count_Flowering Plants": 1428, "count_Mosses": 355, "count_Arachnids": 136, "count_Molluscs": 356, "count_Basidiomycota": 857, "count_Mammals": 61, "count_Ferns": 29, "count_Reptiles": 5, "count_Amphibians": 6, "count_Gymnosperms": 39, "unique_species_count": 6449.0, "countryCode": "GB" }, "geometry": { "type": "MultiPolygon", "coordinates": [ [ [ [ -2.87423899640758, 57.896525321867465 ], [ -3.640140103437802, 57.66260868300823 ], [ -4.302388907874469, 57.972266687800477 ], [ -4.208295970121626, 58.518382048435441 ], [ -3.425172080032667, 58.755380042668087 ], [ -2.753483566306148, 58.443068190220501 ], [ -2.87423899640758, 57.896525321867465 ] ] ] ] } },
{ "type": "Feature", "properties": { "geogrid_id": "5258267719015292977", "seqnum": 6789.0, "lat_c": 58.267719193931626, "lon_c": -15.292976652492753, "res": 8.0, "count_Birds": 4, "count_Sac Fungi": 0, "count_Insects": 0, "count_Flowering Plants": 0, "count_Mosses": 0, "count_Arachnids": 0, "count_Molluscs": 0, "count_Basidiomycota": 0, "count_Mammals": 0, "count_Ferns": 0, "count_Reptiles": 0, "count_Amphibians": 0, "count_Gymnosperms": 0, "unique_species_count": 4.0, "countryCode": "GB" }, "geometry": { "type": "MultiPolygon", "coordinates": [ [ [ [ -14.509556031441596, 58.029245860652338 ], [ -15.196552457897056, 57.733463531144899 ], [ -15.979018781616919, 57.967734283382839 ], [ -16.088618677381469, 58.500254998703127 ], [ -15.391981865878579, 58.801184100371387 ], [ -14.595248900300424, 58.564362555019969 ], [ -14.509556031441596, 58.029245860652338 ] ] ] ] } },
{ "type": "Feature", "properties": { "geogrid_id": "5258277073004980216", "seqnum": 6796.0, "lat_c": 58.277073481582164, "lon_c": -4.9802158506095537, "res": 8.0, "count_Birds": 201, "count_Sac Fungi": 1923, "count_Insects": 2542, "count_Flowering Plants": 1263, "count_Mosses": 464, "count_Arachnids": 190, "count_Molluscs": 452, "count_Basidiomycota": 793, "count_Mammals": 55, "count_Ferns": 36, "count_Reptiles": 7, "count_Amphibians": 6, "count_Gymnosperms": 32, "unique_species_count": 7964.0, "countryCode": "GB" }, "geometry": { "type": "MultiPolygon", "coordinates": [ [ [ [ -4.302388907874469, 57.972266687800477 ], [ -5.060557476074115, 57.730505147399803 ], [ -5.741028451402852, 58.031565829360154 ], [ -5.673489540880715, 58.576952281817533 ], [ -4.898839227824243, 58.822118136100691 ], [ -4.208295970121626, 58.518382048435441 ], [ -4.302388907874469, 57.972266687800477 ] ] ] ] } },
{ "type": "Feature", "properties": { "geogrid_id": "5258321658013811081", "seqnum": 6790.0, "lat_c": 58.321658400042736, "lon_c": -13.811081058793109, "res": 8.0, "count_Birds": 15, "count_Sac Fungi": 0, "count_Insects": 0, "count_Flowering Plants": 0, "count_Mosses": 0, "count_Arachnids": 0, "count_Molluscs": 8, "count_Basidiomycota": 0, "count_Mammals": 8, "count_Ferns": 0, "count_Reptiles": 0, "count_Amphibians": 0, "count_Gymnosperms": 0, "unique_species_count": 31.0, "countryCode": "GB" }, "geometry": { "type": "MultiPolygon", "coordinates": [ [ [ [ -13.039698757676405, 58.073123537281589 ], [ -13.738592473524896, 57.784881249231034 ], [ -14.509556031441596, 58.029245860652338 ], [ -14.595248900300424, 58.564362555019969 ], [ -13.885608171926219, 58.857566975774084 ], [ -13.100913577016158, 58.610604037414539 ], [ -13.039698757676405, 58.073123537281589 ] ] ] ] } },
{ "type": "Feature", "properties": { "geogrid_id": "5258327594006436747", "seqnum": 6795.0, "lat_c": 58.327594041734208, "lon_c": -6.436746682628681, "res": 8.0, "count_Birds": 123, "count_Sac Fungi": 506, "count_Insects": 807, "count_Flowering Plants": 857, "count_Mosses": 282, "count_Arachnids": 36, "count_Molluscs": 378, "count_Basidiomycota": 304, "count_Mammals": 35, "count_Ferns": 28, "count_Reptiles": 2, "count_Amphibians": 3, "count_Gymnosperms": 17, "unique_species_count": 3378.0, "countryCode": "GB" }, "geometry": { "type": "MultiPolygon", "coordinates": [ [ [ [ -5.741028451402852, 58.031565829360154 ], [ -6.490839366440952, 57.78196822264654 ], [ -7.188727978803893, 58.074154110195828 ], [ -7.147566574662172, 58.618516371433394 ], [ -6.382086186902455, 58.871825617003836 ], [ -5.673489540880715, 58.576952281817533 ], [ -5.741028451402852, 58.031565829360154 ] ] ] ] } },
{ "type": "Feature", "properties": { "geogrid_id": "5258357874012329334", "seqnum": 6791.0, "lat_c": 58.357873803313062, "lon_c": -12.329334332771472, "res": 8.0, "count_Birds": 13, "count_Sac Fungi": 0, "count_Insects": 0, "count_Flowering Plants": 0, "count_Mosses": 0, "count_Arachnids": 0, "count_Molluscs": 0, "count_Basidiomycota": 0, "count_Mammals": 6, "count_Ferns": 0, "count_Reptiles": 0, "count_Amphibians": 0, "count_Gymnosperms": 0, "unique_species_count": 19.0, "countryCode": "GB" }, "geometry": { "type": "MultiPolygon", "coordinates": [ [ [ [ -11.571075268536456, 58.099433246914835 ], [ -12.281323582163283, 57.818809467512239 ], [ -13.039698757676405, 58.073123537281589 ], [ -13.100913577016158, 58.610604037414539 ], [ -12.378841976900381, 58.895982206017429 ], [ -11.607301046071139, 58.639031979401793 ], [ -11.571075268536456, 58.099433246914835 ] ] ] ] } },
{ "type": "Feature", "properties": { "geogrid_id": "5258361136007901492", "seqnum": 6794.0, "lat_c": 58.361135767386195, "lon_c": -7.9014919291813088, "res": 8.0, "count_Birds": 33, "count_Sac Fungi": 54, "count_Insects": 29, "count_Flowering Plants": 35, "count_Mosses": 0, "count_Arachnids": 0, "count_Molluscs": 89, "count_Basidiomycota": 4, "count_Mammals": 17, "count_Ferns": 0, "count_Reptiles": 1, "count_Amphibians": 0, "count_Gymnosperms": 0, "unique_species_count": 262.0, "countryCode": "GB" }, "geometry": { "type": "MultiPolygon", "coordinates": [ [ [ [ -7.188727978803893, 58.074154110195828 ], [ -7.929558711398309, 57.816740605645926 ], [ -8.643999864681925, 58.099793288079148 ], [ -8.628970690278098, 58.642843502960609 ], [ -7.873348774759836, 58.904258731982779 ], [ -7.147566574662172, 58.618516371433394 ], [ -7.188727978803893, 58.074154110195828 ] ] ] ] } },
{ "type": "Feature", "properties": { "geogrid_id": "5258376443010849393", "seqnum": 6792.0, "lat_c": 58.376443060639595, "lon_c": -10.849393359514609, "res": 8.0, "count_Birds": 19, "count_Sac Fungi": 0, "count_Insects": 0, "count_Flowering Plants": 0, "count_Mosses": 0, "count_Arachnids": 0, "count_Molluscs": 0, "count_Basidiomycota": 0, "count_Mammals": 7, "count_Ferns": 0, "count_Reptiles": 0, "count_Amphibians": 0, "count_Gymnosperms": 0, "unique_species_count": 26.0, "countryCode": "GB" }, "geometry": { "type": "MultiPolygon", "coordinates": [ [ [ [ -10.105307528519827, 58.108277205492435 ], [ -10.826343119278539, 57.83533887045845 ], [ -11.571075268536456, 58.099433246914835 ], [ -11.607301046071139, 58.639031979401793 ], [ -10.873404316469747, 58.916494682455372 ], [ -10.116096655070649, 58.649736245971241 ], [ -10.105307528519827, 58.108277205492435 ] ] ] ] } },
{ "type": "Feature", "properties": { "geogrid_id": "5258377480009372904", "seqnum": 6793.0, "lat_c": 58.377480375589712, "lon_c": -9.3729044785723179, "res": 8.0, "count_Birds": 26, "count_Sac Fungi": 0, "count_Insects": 0, "count_Flowering Plants": 0, "count_Mosses": 0, "count_Arachnids": 0, "count_Molluscs": 74, "count_Basidiomycota": 0, "count_Mammals": 14, "count_Ferns": 0, "count_Reptiles": 0, "count_Amphibians": 0, "count_Gymnosperms": 0, "unique_species_count": 114.0, "countryCode": "GB" }, "geometry": { "type": "MultiPolygon", "coordinates": [ [ [ [ -8.643999864681925, 58.099793288079148 ], [ -9.375234956776259, 57.834595632870546 ], [ -10.105307528519827, 58.108277205492435 ], [ -10.116096655070649, 58.649736245971241 ], [ -9.371008710795476, 58.919206984596769 ], [ -8.628970690278098, 58.642843502960609 ], [ -8.643999864681925, 58.099793288079148 ] ] ] ] } },
{ "type": "Feature", "properties": { "geogrid_id": "5258896165001160632", "seqnum": 6717.0, "lat_c": 58.896165447468029, "lon_c": -1.160631774741741, "res": 8.0, "count_Birds": 38, "count_Sac Fungi": 0, "count_Insects": 0, "count_Flowering Plants": 0, "count_Mosses": 0, "count_Arachnids": 0, "count_Molluscs": 185, "count_Basidiomycota": 0, "count_Mammals": 7, "count_Ferns": 0, "count_Reptiles": 0, "count_Amphibians": 0, "count_Gymnosperms": 0, "unique_species_count": 230.0, "countryCode": "GB" }, "geometry": { "type": "MultiPolygon", "coordinates": [ [ [ [ -0.512505897045347, 58.57194231705563 ], [ -1.310482508986257, 58.351303027705704 ], [ -1.962585056620227, 58.67188655004297 ], [ -1.824974723023528, 59.215986992943527 ], [ -1.007759797039095, 59.439361847525845 ], [ -0.347569519665856, 59.115789012156966 ], [ -0.512505897045347, 58.57194231705563 ] ] ] ] } },
{ "type": "Feature", "properties": { "geogrid_id": "5258987954002630757", "seqnum": 6716.0, "lat_c": 58.987953687252343, "lon_c": -2.6307571513236891, "res": 8.0, "count_Birds": 181, "count_Sac Fungi": 418, "count_Insects": 1325, "count_Flowering Plants": 949, "count_Mosses": 265, "count_Arachnids": 95, "count_Molluscs": 489, "count_Basidiomycota": 56, "count_Mammals": 44, "count_Ferns": 25, "count_Reptiles": 4, "count_Amphibians": 3, "count_Gymnosperms": 12, "unique_species_count": 3866.0, "countryCode": "GB" }, "geometry": { "type": "MultiPolygon", "coordinates": [ [ [ [ -1.962585056620227, 58.67188655004297 ], [ -2.753483566306148, 58.443068190220501 ], [ -3.425172080032667, 58.755380042668087 ], [ -3.314934676133546, 59.299417358121737 ], [ -2.505493360296247, 59.531316986864013 ], [ -1.824974723023528, 59.215986992943527 ], [ -1.962585056620227, 58.67188655004297 ] ] ] ] } },
{ "type": "Feature", "properties": { "geogrid_id": "5259062978004112687", "seqnum": 6715.0, "lat_c": 59.062978387210173, "lon_c": -4.1126872194621562, "res": 8.0, "count_Birds": 82, "count_Sac Fungi": 264, "count_Insects": 297, "count_Flowering Plants": 419, "count_Mosses": 107, "count_Arachnids": 6, "count_Molluscs": 253, "count_Basidiomycota": 52, "count_Mammals": 29, "count_Ferns": 12, "count_Reptiles": 4, "count_Amphibians": 3, "count_Gymnosperms": 3, "unique_species_count": 1531.0, "countryCode": "GB" }, "geometry": { "type": "MultiPolygon", "coordinates": [ [ [ [ -3.425172080032667, 58.755380042668087 ], [ -4.208295970121626, 58.518382048435441 ], [ -4.898839227824243, 58.822118136100691 ], [ -4.815949765770837, 59.365778422731324 ], [ -4.015061117700253, 59.606189495878006 ], [ -3.314934676133546, 59.299417358121737 ], [ -3.425172080032667, 58.755380042668087 ] ] ] ] } },
{ "type": "Feature", "properties": { "geogrid_id": "5259098705014683214", "seqnum": 6708.0, "lat_c": 59.098705206736405, "lon_c": -14.683213830098603, "res": 8.0, "count_Birds": 7, "count_Sac Fungi": 0, "count_Insects": 0, "count_Flowering Plants": 0, "count_Mosses": 0, "count_Arachnids": 0, "count_Molluscs": 0, "count_Basidiomycota": 0, "count_Mammals": 0, "count_Ferns": 0, "count_Reptiles": 0, "count_Amphibians": 0, "count_Gymnosperms": 0, "unique_species_count": 7.0, "countryCode": "GB" }, "geometry": { "type": "MultiPolygon", "coordinates": [ [ [ [ -13.885608171926219, 58.857566975774084 ], [ -14.595248900300424, 58.564362555019969 ], [ -15.391981865878579, 58.801184100371387 ], [ -15.493525496288642, 59.33396092856357 ], [ -14.773390402747435, 59.6323755177864 ], [ -13.962074583342275, 59.392716972627902 ], [ -13.885608171926219, 58.857566975774084 ] ] ] ] } },
{ "type": "Feature", "properties": { "geogrid_id": "5259120951005604921", "seqnum": 6714.0, "lat_c": 59.120951275739763, "lon_c": -5.6049209565125748, "res": 8.0, "count_Birds": 22, "count_Sac Fungi": 0, "count_Insects": 7, "count_Flowering Plants": 56, "count_Mosses": 15, "count_Arachnids": 0, "count_Molluscs": 138, "count_Basidiomycota": 0, "count_Mammals": 11, "count_Ferns": 0, "count_Reptiles": 1, "count_Amphibians": 0, "count_Gymnosperms": 0, "unique_species_count": 250.0, "countryCode": "GB" }, "geometry": { "type": "MultiPolygon", "coordinates": [ [ [ [ -4.898839227824243, 58.822118136100691 ], [ -5.673489540880715, 58.576952281817533 ], [ -6.382086186902455, 58.871825617003836 ], [ -6.326445489980587, 59.414799338510022 ], [ -5.534886513446628, 59.663694381087332 ], [ -4.815949765770837, 59.365778422731324 ], [ -4.898839227824243, 58.822118136100691 ] ] ] ] } },
{ "type": "Feature", "properties": { "geogrid_id": "5259147231013163829", "seqnum": 6709.0, "lat_c": 59.147231461414712, "lon_c": -13.16382890795394, "res": 8.0, "count_Birds": 5, "count_Sac Fungi": 0, "count_Insects": 0, "count_Flowering Plants": 0, "count_Mosses": 0, "count_Arachnids": 0, "count_Molluscs": 0, "count_Basidiomycota": 0, "count_Mammals": 0, "count_Ferns": 0, "count_Reptiles": 0, "count_Amphibians": 0, "count_Gymnosperms": 0, "unique_species_count": 5.0, "countryCode": "GB" }, "geometry": { "type": "MultiPolygon", "coordinates": [ [ [ [ -12.378841976900381, 58.895982206017429 ], [ -13.100913577016158, 58.610604037414539 ], [ -13.885608171926219, 58.857566975774084 ], [ -13.962074583342275, 59.392716972627902 ], [ -13.228326052496989, 59.683114266090094 ], [ -12.429688079468416, 59.433251387173073 ], [ -12.378841976900381, 58.895982206017429 ] ] ] ] } },
{ "type": "Feature", "properties": { "geogrid_id": "5259161615007105888", "seqnum": 6713.0, "lat_c": 59.161615253553308, "lon_c": -7.1058880639339694, "res": 8.0, "count_Birds": 30, "count_Sac Fungi": 0, "count_Insects": 0, "count_Flowering Plants": 0, "count_Mosses": 0, "count_Arachnids": 0, "count_Molluscs": 83, "count_Basidiomycota": 0, "count_Mammals": 15, "count_Ferns": 0, "count_Reptiles": 0, "count_Amphibians": 0, "count_Gymnosperms": 0, "unique_species_count": 128.0, "countryCode": "GB" }, "geometry": { "type": "MultiPolygon", "coordinates": [ [ [ [ -6.382086186902455, 58.871825617003836 ], [ -7.147566574662172, 58.618516371433394 ], [ -7.873348774759836, 58.904258731982779 ], [ -7.844781997413834, 59.446242138635824 ], [ -7.06332164715864, 59.703579271065799 ], [ -6.326445489980587, 59.414799338510022 ], [ -6.382086186902455, 58.871825617003836 ] ] ] ] } },
{ "type": "Feature", "properties": { "geogrid_id": "5259177689011644658", "seqnum": 6710.0, "lat_c": 59.177688866542269, "lon_c": -11.644657731500692, "res": 8.0, "count_Birds": 10, "count_Sac Fungi": 0, "count_Insects": 0, "count_Flowering Plants": 0, "count_Mosses": 0, "count_Arachnids": 0, "count_Molluscs": 0, "count_Basidiomycota": 0, "count_Mammals": 2, "count_Ferns": 0, "count_Reptiles": 0, "count_Amphibians": 0, "count_Gymnosperms": 0, "unique_species_count": 12.0, "countryCode": "GB" }, "geometry": { "type": "MultiPolygon", "coordinates": [ [ [ [ -10.873404316469747, 58.916494682455372 ], [ -11.607301046071139, 58.639031979401793 ], [ -12.378841976900381, 58.895982206017429 ], [ -12.429688079468416, 59.433251387173073 ], [ -11.682965988961515, 59.715518477784038 ], [ -10.898156184500676, 59.45561649524236 ], [ -10.873404316469747, 58.916494682455372 ] ] ] ] } },
{ "type": "Feature", "properties": { "geogrid_id": "5259184746008613959", "seqnum": 6712.0, "lat_c": 59.184746312610883, "lon_c": -8.6139586446595917, "res": 8.0, "count_Birds": 27, "count_Sac Fungi": 1, "count_Insects": 0, "count_Flowering Plants": 0, "count_Mosses": 0, "count_Arachnids": 0, "count_Molluscs": 0, "count_Basidiomycota": 0, "count_Mammals": 12, "count_Ferns": 0, "count_Reptiles": 0, "count_Amphibians": 0, "count_Gymnosperms": 0, "unique_species_count": 40.0, "countryCode": "GB" }, "geometry": { "type": "MultiPolygon", "coordinates": [ [ [ [ -7.873348774759836, 58.904258731982779 ], [ -8.628970690278098, 58.642843502960609 ], [ -9.371008710795476, 58.919206984596769 ], [ -9.369264754913955, 59.459903543726206 ], [ -8.598657859747311, 59.725626359267778 ], [ -7.844781997413834, 59.446242138635824 ], [ -7.873348774759836, 58.904258731982779 ] ] ] ] } },
{ "type": "Feature", "properties": { "geogrid_id": "5259190155010127454", "seqnum": 6711.0, "lat_c": 59.190155210121908, "lon_c": -10.127453907046293, "res": 8.0, "count_Birds": 17, "count_Sac Fungi": 0, "count_Insects": 0, "count_Flowering Plants": 0, "count_Mosses": 0, "count_Arachnids": 0, "count_Molluscs": 20, "count_Basidiomycota": 0, "count_Mammals": 6, "count_Ferns": 0, "count_Reptiles": 0, "count_Amphibians": 0, "count_Gymnosperms": 0, "unique_species_count": 43.0, "countryCode": "GB" }, "geometry": { "type": "MultiPolygon", "coordinates": [ [ [ [ -9.371008710795476, 58.919206984596769 ], [ -10.116096655070649, 58.649736245971241 ], [ -10.873404316469747, 58.916494682455372 ], [ -10.898156184500676, 59.45561649524236 ], [ -10.139137400598432, 59.729654078924547 ], [ -9.369264754913955, 59.459903543726206 ], [ -9.371008710795476, 58.919206984596769 ] ] ] ] } },
{ "type": "Feature", "properties": { "geogrid_id": "5259657958000179060", "seqnum": 6636.0, "lat_c": 59.65795811744902, "lon_c": -0.17905975744215799, "res": 8.0, "count_Birds": 38, "count_Sac Fungi": 0, "count_Insects": 0, "count_Flowering Plants": 0, "count_Mosses": 0, "count_Arachnids": 0, "count_Molluscs": 111, "count_Basidiomycota": 1, "count_Mammals": 5, "count_Ferns": 0, "count_Reptiles": 0, "count_Amphibians": 0, "count_Gymnosperms": 0, "unique_species_count": 155.0, "countryCode": "GB" }, "geometry": { "type": "MultiPolygon", "coordinates": [ [ [ [ 0.476643713313512, 59.33063951934794 ], [ -0.347569519665856, 59.115789012156966 ], [ -1.007759797039095, 59.439361847525845 ], [ -0.86521277860664, 59.982291823509293 ], [ -0.038174753210323, 60.202318022826567 ], [ 0.643373833583228, 59.873427795972312 ], [ 0.476643713313512, 59.33063951934794 ] ] ] ] } },
{ "type": "Feature", "properties": { "geogrid_id": "5259758557001684287", "seqnum": 6635.0, "lat_c": 59.758556913359492, "lon_c": -1.684286586990708, "res": 8.0, "count_Birds": 205, "count_Sac Fungi": 306, "count_Insects": 362, "count_Flowering Plants": 552, "count_Mosses": 224, "count_Arachnids": 8, "count_Molluscs": 310, "count_Basidiomycota": 47, "count_Mammals": 26, "count_Ferns": 18, "count_Reptiles": 1, "count_Amphibians": 1, "count_Gymnosperms": 5, "unique_species_count": 2065.0, "countryCode": "GB" }, "geometry": { "type": "MultiPolygon", "coordinates": [ [ [ [ -1.007759797039095, 59.439361847525845 ], [ -1.824974723023528, 59.215986992943527 ], [ -2.505493360296247, 59.531316986864013 ], [ -2.38750782770366, 60.074166483940779 ], [ -1.56433776867295, 60.302518489046783 ], [ -0.86521277860664, 59.982291823509293 ], [ -1.007759797039095, 59.439361847525845 ] ] ] ] } },
{ "type": "Feature", "properties": { "geogrid_id": "5259842064003202154", "seqnum": 6634.0, "lat_c": 59.842064366928021, "lon_c": -3.2021541056833591, "res": 8.0, "count_Birds": 36, "count_Sac Fungi": 0, "count_Insects": 0, "count_Flowering Plants": 0, "count_Mosses": 0, "count_Arachnids": 0, "count_Molluscs": 219, "count_Basidiomycota": 0, "count_Mammals": 9, "count_Ferns": 0, "count_Reptiles": 0, "count_Amphibians": 0, "count_Gymnosperms": 0, "unique_species_count": 264.0, "countryCode": "GB" }, "geometry": { "type": "MultiPolygon", "coordinates": [ [ [ [ -2.505493360296247, 59.531316986864013 ], [ -3.314934676133546, 59.299417358121737 ], [ -4.015061117700253, 59.606189495878006 ], [ -3.921946921236932, 60.148728646492103 ], [ -3.103743234911702, 60.385501509264607 ], [ -2.38750782770366, 60.074166483940779 ], [ -2.505493360296247, 59.531316986864013 ] ] ] ] } },
{ "type": "Feature", "properties": { "geogrid_id": "5259908181004731086", "seqnum": 6633.0, "lat_c": 59.908180953388857, "lon_c": -4.7310860991473396, "res": 8.0, "count_Birds": 28, "count_Sac Fungi": 0, "count_Insects": 0, "count_Flowering Plants": 0, "count_Mosses": 0, "count_Arachnids": 0, "count_Molluscs": 157, "count_Basidiomycota": 0, "count_Mammals": 8, "count_Ferns": 0, "count_Reptiles": 1, "count_Amphibians": 0, "count_Gymnosperms": 0, "unique_species_count": 194.0, "countryCode": "GB" }, "geometry": { "type": "MultiPolygon", "coordinates": [ [ [ [ -4.015061117700253, 59.606189495878006 ], [ -4.815949765770837, 59.365778422731324 ], [ -5.534886513446628, 59.663694381087332 ], [ -5.466880213133932, 60.205686911859615 ], [ -4.6547500242154, 60.450951244342704 ], [ -3.921946921236932, 60.148728646492103 ], [ -4.015061117700253, 59.606189495878006 ] ] ] ] } },
{ "type": "Feature", "properties": { "geogrid_id": "5259956639006269429", "seqnum": 6632.0, "lat_c": 59.95663945547588, "lon_c": -6.269428778156704, "res": 8.0, "count_Birds": 25, "count_Sac Fungi": 0, "count_Insects": 0, "count_Flowering Plants": 0, "count_Mosses": 0, "count_Arachnids": 0, "count_Molluscs": 117, "count_Basidiomycota": 0, "count_Mammals": 10, "count_Ferns": 0, "count_Reptiles": 1, "count_Amphibians": 0, "count_Gymnosperms": 0, "unique_species_count": 153.0, "countryCode": "GB" }, "geometry": { "type": "MultiPolygon", "coordinates": [ [ [ [ -5.534886513446628, 59.663694381087332 ], [ -6.326445489980587, 59.414799338510022 ], [ -7.06332164715864, 59.703579271065799 ], [ -7.020582510415441, 60.244783900276587 ], [ -6.215633298897354, 60.498585364490701 ], [ -5.466880213133932, 60.205686911859615 ], [ -5.534886513446628, 59.663694381087332 ] ] ] ] } },
{ "type": "Feature", "properties": { "geogrid_id": "5259969788012481733", "seqnum": 6628.0, "lat_c": 59.969788138405178, "lon_c": -12.481732887611178, "res": 8.0, "count_Birds": 0, "count_Sac Fungi": 0, "count_Insects": 0, "count_Flowering Plants": 0, "count_Mosses": 0, "count_Arachnids": 0, "count_Molluscs": 0, "count_Basidiomycota": 0, "count_Mammals": 1, "count_Ferns": 0, "count_Reptiles": 0, "count_Amphibians": 0, "count_Gymnosperms": 0, "unique_species_count": 1.0, "countryCode": "GB" }, "geometry": { "type": "MultiPolygon", "coordinates": [ [ [ [ -11.682965988961515, 59.715518477784038 ], [ -12.429688079468416, 59.433251387173073 ], [ -13.228326052496989, 59.683114266090094 ], [ -13.286613063997034, 60.218707975252954 ], [ -12.521164845721378, 60.506610223601335 ], [ -11.716169745130937, 60.252884453994831 ], [ -11.682965988961515, 59.715518477784038 ] ] ] ] } },
{ "type": "Feature", "properties": { "geogrid_id": "5259987207007815461", "seqnum": 6631.0, "lat_c": 59.987207047556574, "lon_c": -7.8154612319841634, "res": 8.0, "count_Birds": 21, "count_Sac Fungi": 0, "count_Insects": 0, "count_Flowering Plants": 0, "count_Mosses": 0, "count_Arachnids": 0, "count_Molluscs": 0, "count_Basidiomycota": 0, "count_Mammals": 11, "count_Ferns": 0, "count_Reptiles": 0, "count_Amphibians": 0, "count_Gymnosperms": 0, "unique_species_count": 32.0, "countryCode": "GB" }, "geometry": { "type": "MultiPolygon", "coordinates": [ [ [ [ -7.06332164715864, 59.703579271065799 ], [ -7.844781997413834, 59.446242138635824 ], [ -8.598657859747311, 59.725626359267778 ], [ -8.58126472292783, 60.26579829023315 ], [ -7.784595663732312, 60.528157306167493 ], [ -7.020582510415441, 60.244783900276587 ], [ -7.06332164715864, 59.703579271065799 ] ] ] ] } },
{ "type": "Feature", "properties": { "geogrid_id": "5259993921010923447", "seqnum": 6629.0, "lat_c": 59.993920793637571, "lon_c": -10.923447138096472, "res": 8.0, "count_Birds": 12, "count_Sac Fungi": 0, "count_Insects": 0, "count_Flowering Plants": 0, "count_Mosses": 0, "count_Arachnids": 0, "count_Molluscs": 0, "count_Basidiomycota": 0, "count_Mammals": 6, "count_Ferns": 0, "count_Reptiles": 0, "count_Amphibians": 0, "count_Gymnosperms": 0, "unique_species_count": 18.0, "countryCode": "GB" }, "geometry": { "type": "MultiPolygon", "coordinates": [ [ [ [ -10.139137400598432, 59.729654078924547 ], [ -10.898156184500676, 59.45561649524236 ], [ -11.682965988961515, 59.715518477784038 ], [ -11.716169745130937, 60.252884453994831 ], [ -10.939281334203466, 60.532318788093107 ], [ -10.147086485806179, 60.268546568109393 ], [ -10.139137400598432, 59.729654078924547 ] ] ] ] } },
{ "type": "Feature", "properties": { "geogrid_id": "5259999687009367407", "seqnum": 6630.0, "lat_c": 59.999687117900152, "lon_c": -9.3674070798154432, "res": 8.0, "count_Birds": 10, "count_Sac Fungi": 0, "count_Insects": 0, "count_Flowering Plants": 0, "count_Mosses": 0, "count_Arachnids": 0, "count_Molluscs": 0, "count_Basidiomycota": 0, "count_Mammals": 5, "count_Ferns": 0, "count_Reptiles": 0, "count_Amphibians": 0, "count_Gymnosperms": 0, "unique_species_count": 15.0, "countryCode": "GB" }, "geometry": { "type": "MultiPolygon", "coordinates": [ [ [ [ -8.598657859747311, 59.725626359267778 ], [ -9.369264754913955, 59.459903543726206 ], [ -10.139137400598432, 59.729654078924547 ], [ -10.147086485806179, 60.268546568109393 ], [ -9.359779650347638, 60.539458251122255 ], [ -8.58126472292783, 60.26579829023315 ], [ -8.598657859747311, 59.725626359267778 ] ] ] ] } },
{ "type": "Feature", "properties": { "geogrid_id": "5260527168000732884", "seqnum": 730.0, "lat_c": 60.527168494018092, "lon_c": -0.73288369822684496, "res": 8.0, "count_Birds": 166, "count_Sac Fungi": 376, "count_Insects": 442, "count_Flowering Plants": 652, "count_Mosses": 273, "count_Arachnids": 13, "count_Molluscs": 381, "count_Basidiomycota": 23, "count_Mammals": 37, "count_Ferns": 19, "count_Reptiles": 2, "count_Amphibians": 1, "count_Gymnosperms": 8, "unique_species_count": 2393.0, "countryCode": "GB" }, "geometry": { "type": "MultiPolygon", "coordinates": [ [ [ [ -0.86521277860664, 59.982291823509293 ], [ -1.56433776867295, 60.302518489046783 ], [ -1.441026527651912, 60.847875995933954 ], [ -0.597015110756549, 61.073582849730265 ], [ 0.106591712448825, 60.7481764337873 ], [ -0.038174753210323, 60.202318022826567 ], [ -0.86521277860664, 59.982291823509293 ] ] ] ] } },
{ "type": "Feature", "properties": { "geogrid_id": "5260618535002276690", "seqnum": 811.0, "lat_c": 60.618535090333538, "lon_c": -2.2766902051591211, "res": 8.0, "count_Birds": 60, "count_Sac Fungi": 59, "count_Insects": 68, "count_Flowering Plants": 237, "count_Mosses": 129, "count_Arachnids": 4, "count_Molluscs": 245, "count_Basidiomycota": 5, "count_Mammals": 21, "count_Ferns": 6, "count_Reptiles": 1, "count_Amphibians": 1, "count_Gymnosperms": 1, "unique_species_count": 837.0, "countryCode": "GB" }, "geometry": { "type": "MultiPolygon", "coordinates": [ [ [ [ -2.38750782770366, 60.074166483940779 ], [ -3.103743234911702, 60.385501509264607 ], [ -3.002522464594935, 60.930235196534127 ], [ -2.162874602663551, 61.164333749161926 ], [ -1.441026527651912, 60.847875995933954 ], [ -1.56433776867295, 60.302518489046783 ], [ -2.38750782770366, 60.074166483940779 ] ] ] ] } },
{ "type": "Feature", "properties": { "geogrid_id": "5260692456003833227", "seqnum": 892.0, "lat_c": 60.692456051788675, "lon_c": -3.8332266522913478, "res": 8.0, "count_Birds": 28, "count_Sac Fungi": 0, "count_Insects": 0, "count_Flowering Plants": 0, "count_Mosses": 0, "count_Arachnids": 0, "count_Molluscs": 154, "count_Basidiomycota": 0, "count_Mammals": 12, "count_Ferns": 0, "count_Reptiles": 0, "count_Amphibians": 0, "count_Gymnosperms": 0, "unique_species_count": 194.0, "countryCode": "GB" }, "geometry": { "type": "MultiPolygon", "coordinates": [ [ [ [ -3.921946921236932, 60.148728646492103 ], [ -4.6547500242154, 60.450951244342704 ], [ -4.576186971633111, 60.994920918732873 ], [ -3.742082828973853, 61.237508947758172 ], [ -3.002522464594935, 60.930235196534127 ], [ -3.103743234911702, 60.385501509264607 ], [ -3.921946921236932, 60.148728646492103 ] ] ] ] } },
{ "type": "Feature", "properties": { "geogrid_id": "5260748624005400773", "seqnum": 973.0, "lat_c": 60.748623776106491, "lon_c": -5.4007734708658406, "res": 8.0, "count_Birds": 9, "count_Sac Fungi": 0, "count_Insects": 0, "count_Flowering Plants": 0, "count_Mosses": 0, "count_Arachnids": 0, "count_Molluscs": 0, "count_Basidiomycota": 0, "count_Mammals": 0, "count_Ferns": 0, "count_Reptiles": 0, "count_Amphibians": 0, "count_Gymnosperms": 0, "unique_species_count": 9.0, "countryCode": "GB" }, "geometry": { "type": "MultiPolygon", "coordinates": [ [ [ [ -5.466880213133931, 60.205686911859615 ], [ -6.215633298897354, 60.498585364490701 ], [ -6.160220530493653, 61.041634791010587 ], [ -5.332847059354975, 61.292783663550622 ], [ -4.576186971633111, 60.994920918732873 ], [ -4.6547500242154, 60.450951244342704 ], [ -5.466880213133931, 60.205686911859615 ] ] ] ] } },
{ "type": "Feature", "properties": { "geogrid_id": "5261394809001314546", "seqnum": 729.0, "lat_c": 61.394808990336365, "lon_c": -1.314545792521886, "res": 8.0, "count_Birds": 24, "count_Sac Fungi": 0, "count_Insects": 0, "count_Flowering Plants": 0, "count_Mosses": 0, "count_Arachnids": 0, "count_Molluscs": 151, "count_Basidiomycota": 0, "count_Mammals": 15, "count_Ferns": 0, "count_Reptiles": 1, "count_Amphibians": 0, "count_Gymnosperms": 0, "unique_species_count": 191.0, "countryCode": "GB" }, "geometry": { "type": "MultiPolygon", "coordinates": [ [ [ [ -1.441026527651912, 60.847875995933954 ], [ -2.162874602663551, 61.164333749161926 ], [ -2.046289005108354, 61.71174410804386 ], [ -1.18515145657352, 61.943516567666101 ], [ -0.45782510657595, 61.62173147058764 ], [ -0.597015110756549, 61.073582849730265 ], [ -1.441026527651912, 60.847875995933954 ] ] ] ] } },
{ "type": "Feature", "properties": { "geogrid_id": "5261476431002898696", "seqnum": 810.0, "lat_c": 61.476431373971863, "lon_c": -2.8986961374303748, "res": 8.0, "count_Birds": 26, "count_Sac Fungi": 0, "count_Insects": 0, "count_Flowering Plants": 0, "count_Mosses": 0, "count_Arachnids": 0, "count_Molluscs": 28, "count_Basidiomycota": 0, "count_Mammals": 14, "count_Ferns": 0, "count_Reptiles": 0, "count_Amphibians": 0, "count_Gymnosperms": 0, "unique_species_count": 68.0, "countryCode": "GB" }, "geometry": { "type": "MultiPolygon", "coordinates": [ [ [ [ -3.002522464594935, 60.930235196534127 ], [ -3.742082828973853, 61.237508947758172 ], [ -3.648755124319114, 61.78405486536326 ], [ -2.7925302439888, 62.024273646286389 ], [ -2.046289005108354, 61.71174410804386 ], [ -2.162874602663551, 61.164333749161926 ], [ -3.002522464594935, 60.930235196534127 ] ] ] ] } },
{ "type": "Feature", "properties": { "geogrid_id": "5261540243004495614", "seqnum": 891.0, "lat_c": 61.540243044120665, "lon_c": -4.4956144102227702, "res": 8.0, "count_Birds": 9, "count_Sac Fungi": 0, "count_Insects": 0, "count_Flowering Plants": 0, "count_Mosses": 0, "count_Arachnids": 0, "count_Molluscs": 0, "count_Basidiomycota": 0, "count_Mammals": 2, "count_Ferns": 0, "count_Reptiles": 0, "count_Amphibians": 0, "count_Gymnosperms": 0, "unique_species_count": 11.0, "countryCode": "GB" }, "geometry": { "type": "MultiPolygon", "coordinates": [ [ [ [ -4.576186971633111, 60.994920918732873 ], [ -5.332847059354975, 61.292783663550622 ], [ -5.263353985249075, 61.838320746189368 ], [ -4.413310162271574, 62.087086579016898 ], [ -3.648755124319114, 61.78405486536326 ], [ -3.742082828973853, 61.237508947758172 ], [ -4.576186971633111, 60.994920918732873 ] ] ] ] } },
{ "type": "Feature", "properties": { "geogrid_id": "5262171833000315602", "seqnum": 647.0, "lat_c": 62.171832849031048, "lon_c": -0.31560228589190797, "res": 8.0, "count_Birds": 20, "count_Sac Fungi": 0, "count_Insects": 0, "count_Flowering Plants": 0, "count_Mosses": 0, "count_Arachnids": 0, "count_Molluscs": 1, "count_Basidiomycota": 0, "count_Mammals": 12, "count_Ferns": 0, "count_Reptiles": 0, "count_Amphibians": 0, "count_Gymnosperms": 0, "unique_species_count": 33.0, "countryCode": "GB" }, "geometry": { "type": "MultiPolygon", "coordinates": [ [ [ [ -0.45782510657595, 61.62173147058764 ], [ -1.18515145657352, 61.943516567666101 ], [ -1.053176686907028, 62.494220101826485 ], [ -0.17072190705869, 62.724130502168506 ], [ 0.562010145501388, 62.396792964168085 ], [ 0.406971328274196, 61.845186129473845 ], [ -0.45782510657595, 61.62173147058764 ] ] ] ] } },
{ "type": "Feature", "properties": { "geogrid_id": "5262260968001927230", "seqnum": 728.0, "lat_c": 62.260967648447938, "lon_c": -1.927230372080059, "res": 8.0, "count_Birds": 26, "count_Sac Fungi": 0, "count_Insects": 0, "count_Flowering Plants": 0, "count_Mosses": 0, "count_Arachnids": 0, "count_Molluscs": 0, "count_Basidiomycota": 0, "count_Mammals": 12, "count_Ferns": 0, "count_Reptiles": 0, "count_Amphibians": 0, "count_Gymnosperms": 0, "unique_species_count": 38.0, "countryCode": "GB" }, "geometry": { "type": "MultiPolygon", "coordinates": [ [ [ [ -2.046289005108354, 61.71174410804386 ], [ -2.7925302439888, 62.024273646286389 ], [ -2.684366274286878, 62.573965726964843 ], [ -1.806080290707319, 62.812228475554953 ], [ -1.053176686907028, 62.494220101826485 ], [ -1.18515145657352, 61.943516567666101 ], [ -2.046289005108354, 61.71174410804386 ] ] ] ] } },
{ "type": "Feature", "properties": { "geogrid_id": "5262332279003553551", "seqnum": 809.0, "lat_c": 62.332279210084486, "lon_c": -3.5535506578245242, "res": 8.0, "count_Birds": 3, "count_Sac Fungi": 0, "count_Insects": 0, "count_Flowering Plants": 0, "count_Mosses": 0, "count_Arachnids": 0, "count_Molluscs": 0, "count_Basidiomycota": 0, "count_Mammals": 1, "count_Ferns": 0, "count_Reptiles": 0, "count_Amphibians": 0, "count_Gymnosperms": 0, "unique_species_count": 4.0, "countryCode": "GB" }, "geometry": { "type": "MultiPolygon", "coordinates": [ [ [ [ -3.648755124319114, 61.78405486536326 ], [ -4.413310162271574, 62.087086579016898 ], [ -4.329625769623742, 62.635638548428027 ], [ -3.456859118007831, 62.882387746479388 ], [ -2.684366274286878, 62.573965726964843 ], [ -2.7925302439888, 62.024273646286389 ], [ -3.648755124319114, 61.78405486536326 ] ] ] ] } },
{ "type": "Feature", "properties": { "geogrid_id": "5263047166000919050", "seqnum": 646.0, "lat_c": 63.047166419977053, "lon_c": -0.91904961501194804, "res": 8.0, "count_Birds": 4, "count_Sac Fungi": 0, "count_Insects": 0, "count_Flowering Plants": 0, "count_Mosses": 0, "count_Arachnids": 0, "count_Molluscs": 0, "count_Basidiomycota": 0, "count_Mammals": 0, "count_Ferns": 0, "count_Reptiles": 0, "count_Amphibians": 0, "count_Gymnosperms": 0, "unique_species_count": 4.0, "countryCode": "GB" }, "geometry": { "type": "MultiPolygon", "coordinates": [ [ [ [ -1.053176686907028, 62.494220101826485 ], [ -1.806080290707319, 62.812228475554953 ], [ -1.683324353922705, 63.365776550874465 ], [ -0.783315288244174, 63.602631485782162 ], [ -0.023665887777964, 63.278896581907901 ], [ -0.17072190705869, 62.724130502168506 ], [ -1.053176686907028, 62.494220101826485 ] ] ] ] } },
{ "type": "Feature", "properties": { "geogrid_id": "5263125734002574638", "seqnum": 727.0, "lat_c": 63.125734273217198, "lon_c": -2.5746383320646622, "res": 8.0, "count_Birds": 0, "count_Sac Fungi": 0, "count_Insects": 0, "count_Flowering Plants": 0, "count_Mosses": 0, "count_Arachnids": 0, "count_Molluscs": 0, "count_Basidiomycota": 0, "count_Mammals": 1, "count_Ferns": 0, "count_Reptiles": 0, "count_Amphibians": 0, "count_Gymnosperms": 0, "unique_species_count": 1.0, "countryCode": "GB" }, "geometry": { "type": "MultiPolygon", "coordinates": [ [ [ [ -2.684366274286878, 62.573965726964843 ], [ -3.456859118007831, 62.882387746479388 ], [ -3.359171469959644, 63.434609472695293 ], [ -2.463894358433139, 63.679832170569711 ], [ -1.683324353922705, 63.365776550874465 ], [ -1.806080290707319, 62.812228475554953 ], [ -2.684366274286878, 62.573965726964843 ] ] ] ] } },
{ "type": "Feature", "properties": { "geogrid_id": "849942714000836244", "seqnum": 7696.0, "lat_c": 49.942714030420611, "lon_c": 0.83624355238846704, "res": 8.0, "count_Birds": 16, "count_Sac Fungi": 0, "count_Insects": 0, "count_Flowering Plants": 0, "count_Mosses": 0, "count_Arachnids": 0, "count_Molluscs": 15, "count_Basidiomycota": 0, "count_Mammals": 2, "count_Ferns": 0, "count_Reptiles": 0, "count_Amphibians": 0, "count_Gymnosperms": 0, "unique_species_count": 33.0, "countryCode": "GB" }, "geometry": { "type": "MultiPolygon", "coordinates": [ [ [ [ 1.576640041764898, 49.688978518340235 ], [ 0.929395373745761, 49.47305119803891 ], [ 0.18977786110922, 49.72315641158584 ], [ 0.086599834506565, 50.192078758101935 ], [ 0.738859284692927, 50.411650960705146 ], [ 1.489302897546402, 50.158599140365261 ], [ 1.576640041764898, 49.688978518340235 ] ] ] ] } },
{ "type": "Feature", "properties": { "geogrid_id": "850627519001397877", "seqnum": 7615.0, "lat_c": 50.62751925869479, "lon_c": 1.397877358277527, "res": 8.0, "count_Birds": 209, "count_Sac Fungi": 252, "count_Insects": 3217, "count_Flowering Plants": 998, "count_Mosses": 145, "count_Arachnids": 122, "count_Molluscs": 278, "count_Basidiomycota": 27, "count_Mammals": 39, "count_Ferns": 16, "count_Reptiles": 7, "count_Amphibians": 6, "count_Gymnosperms": 5, "unique_species_count": 5321.0, "countryCode": "GB" }, "geometry": { "type": "MultiPolygon", "coordinates": [ [ [ [ 2.148980818596955, 50.37074302046021 ], [ 1.489302897546402, 50.158599140365261 ], [ 0.738859284692927, 50.411650960705146 ], [ 0.636879255266934, 50.879769193028075 ], [ 1.302005911413948, 51.095649802568218 ], [ 2.063679299967783, 50.839613113820256 ], [ 2.148980818596955, 50.37074302046021 ] ] ] ] } },
{ "type": "Feature", "properties": { "geogrid_id": "851307722001974088", "seqnum": 7534.0, "lat_c": 51.307722128354897, "lon_c": 1.974087546527171, "res": 8.0, "count_Birds": 214, "count_Sac Fungi": 302, "count_Insects": 3795, "count_Flowering Plants": 1246, "count_Mosses": 150, "count_Arachnids": 120, "count_Molluscs": 348, "count_Basidiomycota": 73, "count_Mammals": 56, "count_Ferns": 18, "count_Reptiles": 7, "count_Amphibians": 7, "count_Gymnosperms": 6, "unique_species_count": 6342.0, "countryCode": "GB" }, "geometry": { "type": "MultiPolygon", "coordinates": [ [ [ [ 2.736285408815947, 51.047861015511515 ], [ 2.063679299967783, 50.839613113820256 ], [ 1.302005911413948, 51.095649802568218 ], [ 1.201303617791396, 51.562893537714594 ], [ 1.879826973532591, 51.774976884012382 ], [ 2.653144626420253, 51.515912738576475 ], [ 2.736285408815947, 51.047861015511515 ] ] ] ] } },
{ "type": "Feature", "properties": { "geogrid_id": "851346967000529912", "seqnum": 7533.0, "lat_c": 51.34696734976486, "lon_c": 0.52991241945199796, "res": 8.0, "count_Birds": 339, "count_Sac Fungi": 991, "count_Insects": 10400, "count_Flowering Plants": 2991, "count_Mosses": 397, "count_Arachnids": 536, "count_Molluscs": 372, "count_Basidiomycota": 789, "count_Mammals": 85, "count_Ferns": 50, "count_Reptiles": 24, "count_Amphibians": 16, "count_Gymnosperms": 52, "unique_species_count": 17042.0, "countryCode": "GB" }, "geometry": { "type": "MultiPolygon", "coordinates": [ [ [ [ 1.302005911413948, 51.095649802568218 ], [ 0.636879255266934, 50.879769193028075 ], [ -0.13437269912307, 51.12727273614454 ], [ -0.252991202962662, 51.593323316629444 ], [ 0.417537862445745, 51.813134698841949 ], [ 1.201303617791396, 51.562893537714594 ], [ 1.302005911413948, 51.095649802568218 ] ] ] ] } },
{ "type": "Feature", "properties": { "geogrid_id": "851983142002565503", "seqnum": 7453.0, "lat_c": 51.983141953904877, "lon_c": 2.565503176035572, "res": 8.0, "count_Birds": 38, "count_Sac Fungi": 0, "count_Insects": 0, "count_Flowering Plants": 0, "count_Mosses": 0, "count_Arachnids": 0, "count_Molluscs": 36, "count_Basidiomycota": 0, "count_Mammals": 7, "count_Ferns": 0, "count_Reptiles": 0, "count_Amphibians": 0, "count_Gymnosperms": 0, "unique_species_count": 81.0, "countryCode": "GB" }, "geometry": { "type": "MultiPolygon", "coordinates": [ [ [ [ 3.339192189796393, 51.720147254773124 ], [ 2.653144626420253, 51.515912738576475 ], [ 1.879826973532591, 51.774976884012382 ], [ 1.780489763851513, 52.241275755248374 ], [ 2.472960191723061, 52.449451432596732 ], [ 3.258347241856777, 52.18731234481934 ], [ 3.339192189796393, 51.720147254773124 ] ] ] ] } },
{ "type": "Feature", "properties": { "geogrid_id": "852029144001095356", "seqnum": 7452.0, "lat_c": 52.029144337439575, "lon_c": 1.0953559810840661, "res": 8.0, "count_Birds": 425, "count_Sac Fungi": 1113, "count_Insects": 9264, "count_Flowering Plants": 2466, "count_Mosses": 333, "count_Arachnids": 552, "count_Molluscs": 323, "count_Basidiomycota": 872, "count_Mammals": 70, "count_Ferns": 30, "count_Reptiles": 13, "count_Amphibians": 10, "count_Gymnosperms": 47, "unique_species_count": 15518.0, "countryCode": "GB" }, "geometry": { "type": "MultiPolygon", "coordinates": [ [ [ [ 1.879826973532591, 51.774976884012382 ], [ 1.201303617791396, 51.562893537714594 ], [ 0.417537862445745, 51.813134698841949 ], [ 0.299302512497476, 52.278150306117823 ], [ 0.983716669322731, 52.494286383282343 ], [ 1.780489763851513, 52.241275755248374 ], [ 1.879826973532591, 51.774976884012382 ] ] ] ] } },
{ "type": "Feature", "properties": { "geogrid_id": "852653593003172782", "seqnum": 7372.0, "lat_c": 52.653592860420254, "lon_c": 3.1727823119106349, "res": 8.0, "count_Birds": 32, "count_Sac Fungi": 1, "count_Insects": 1, "count_Flowering Plants": 2, "count_Mosses": 0, "count_Arachnids": 0, "count_Molluscs": 18, "count_Basidiomycota": 0, "count_Mammals": 3, "count_Ferns": 0, "count_Reptiles": 1, "count_Amphibians": 0, "count_Gymnosperms": 0, "unique_species_count": 58.0, "countryCode": "GB" }, "geometry": { "type": "MultiPolygon", "coordinates": [ [ [ [ 3.958368227423414, 52.387410741446047 ], [ 3.258347241856777, 52.18731234481934 ], [ 2.472960191723061, 52.449451432596732 ], [ 2.37508365393611, 52.914735223702692 ], [ 3.082072977892196, 53.118887603126929 ], [ 3.879964931108622, 52.853620597782992 ], [ 3.958368227423414, 52.387410741446047 ] ] ] ] } },
{ "type": "Feature", "properties": { "geogrid_id": "852706508001675637", "seqnum": 7371.0, "lat_c": 52.706507917834543, "lon_c": 1.6756365985646711, "res": 8.0, "count_Birds": 381, "count_Sac Fungi": 1227, "count_Insects": 7680, "count_Flowering Plants": 2132, "count_Mosses": 290, "count_Arachnids": 417, "count_Molluscs": 321, "count_Basidiomycota": 813, "count_Mammals": 58, "count_Ferns": 30, "count_Reptiles": 8, "count_Amphibians": 10, "count_Gymnosperms": 50, "unique_species_count": 13417.0, "countryCode": "GB" }, "geometry": { "type": "MultiPolygon", "coordinates": [ [ [ [ 2.472960191723061, 52.449451432596732 ], [ 1.780489763851513, 52.241275755248374 ], [ 0.983716669322731, 52.494286383282343 ], [ 0.865905083658114, 52.958193287994781 ], [ 1.564794232115801, 53.170552522665247 ], [ 2.37508365393611, 52.914735223702692 ], [ 2.472960191723061, 52.449451432596732 ] ] ] ] } },
{ "type": "Feature", "properties": { "geogrid_id": "852741882000174719", "seqnum": 7370.0, "lat_c": 52.741882105144981, "lon_c": 0.17471870417076901, "res": 8.0, "count_Birds": 356, "count_Sac Fungi": 966, "count_Insects": 10327, "count_Flowering Plants": 2355, "count_Mosses": 335, "count_Arachnids": 536, "count_Molluscs": 297, "count_Basidiomycota": 850, "count_Mammals": 63, "count_Ferns": 30, "count_Reptiles": 10, "count_Amphibians": 10, "count_Gymnosperms": 54, "unique_species_count": 16189.0, "countryCode": "GB" }, "geometry": { "type": "MultiPolygon", "coordinates": [ [ [ [ 0.983716669322731, 52.494286383282343 ], [ 0.299302512497476, 52.278150306117823 ], [ -0.50879288868886, 52.52169981400489 ], [ -0.647002493045951, 52.983737154408708 ], [ 0.043261589292442, 53.204185875838945 ], [ 0.865905083658114, 52.958193287994781 ], [ 0.983716669322731, 52.494286383282343 ] ] ] ] } },
{ "type": "Feature", "properties": { "geogrid_id": "853318883003796613", "seqnum": 7291.0, "lat_c": 53.318883406678061, "lon_c": 3.7966131739591158, "res": 8.0, "count_Birds": 7, "count_Sac Fungi": 0, "count_Insects": 0, "count_Flowering Plants": 0, "count_Mosses": 0, "count_Arachnids": 0, "count_Molluscs": 0, "count_Basidiomycota": 0, "count_Mammals": 1, "count_Ferns": 0, "count_Reptiles": 0, "count_Amphibians": 0, "count_Gymnosperms": 0, "unique_species_count": 8.0, "countryCode": "GB" }, "geometry": { "type": "MultiPolygon", "coordinates": [ [ [ [ 4.594510307088468, 53.049454333960476 ], [ 3.879964931108622, 52.853620597782992 ], [ 3.082072977892196, 53.118887603126929 ], [ 2.985761619829244, 53.583086382264135 ], [ 3.707863634125157, 53.783094099382978 ], [ 4.518705977378155, 53.514640098165913 ], [ 4.594510307088468, 53.049454333960476 ] ] ] ] } },
{ "type": "Feature", "properties": { "geogrid_id": "853378878002271408", "seqnum": 7290.0, "lat_c": 53.378877876635791, "lon_c": 2.2714079721859952, "res": 8.0, "count_Birds": 29, "count_Sac Fungi": 0, "count_Insects": 1, "count_Flowering Plants": 1, "count_Mosses": 0, "count_Arachnids": 0, "count_Molluscs": 91, "count_Basidiomycota": 0, "count_Mammals": 7, "count_Ferns": 0, "count_Reptiles": 0, "count_Amphibians": 0, "count_Gymnosperms": 0, "unique_species_count": 129.0, "countryCode": "GB" }, "geometry": { "type": "MultiPolygon", "coordinates": [ [ [ [ 3.082072977892196, 53.118887603126929 ], [ 2.37508365393611, 52.914735223702692 ], [ 1.564794232115801, 53.170552522665247 ], [ 1.447452907633798, 53.633277789012332 ], [ 2.161431404384856, 53.841753587887609 ], [ 2.985761619829244, 53.583086382264135 ], [ 3.082072977892196, 53.118887603126929 ] ] ] ] } },
{ "type": "Feature", "properties": { "geogrid_id": "853420727000741404", "seqnum": 7289.0, "lat_c": 53.420727132845251, "lon_c": 0.74140377097584298, "res": 8.0, "count_Birds": 287, "count_Sac Fungi": 226, "count_Insects": 3092, "count_Flowering Plants": 1452, "count_Mosses": 157, "count_Arachnids": 98, "count_Molluscs": 280, "count_Basidiomycota": 98, "count_Mammals": 50, "count_Ferns": 20, "count_Reptiles": 7, "count_Amphibians": 6, "count_Gymnosperms": 30, "unique_species_count": 5803.0, "countryCode": "GB" }, "geometry": { "type": "MultiPolygon", "coordinates": [ [ [ [ 1.564794232115801, 53.170552522665247 ], [ 0.865905083658114, 52.958193287994781 ], [ 0.043261589292442, 53.204185875838945 ], [ -0.095633604597597, 53.664904122728707 ], [ 0.609655678915588, 53.881737410433267 ], [ 1.447452907633798, 53.633277789012332 ], [ 1.564794232115801, 53.170552522665247 ] ] ] ] } },
{ "type": "Feature", "properties": { "geogrid_id": "854046069002883355", "seqnum": 7209.0, "lat_c": 54.046069212792304, "lon_c": 2.883354844781707, "res": 8.0, "count_Birds": 26, "count_Sac Fungi": 1, "count_Insects": 1, "count_Flowering Plants": 7, "count_Mosses": 0, "count_Arachnids": 0, "count_Molluscs": 86, "count_Basidiomycota": 0, "count_Mammals": 4, "count_Ferns": 0, "count_Reptiles": 0, "count_Amphibians": 0, "count_Gymnosperms": 0, "unique_species_count": 125.0, "countryCode": "GB" }, "geometry": { "type": "MultiPolygon", "coordinates": [ [ [ [ 3.707863634125157, 53.783094099382978 ], [ 2.985761619829244, 53.583086382264135 ], [ 2.161431404384856, 53.841753587887609 ], [ 2.044613309019479, 54.303225264170116 ], [ 2.774320740195206, 54.507705434638055 ], [ 3.613231616338342, 54.246138352105838 ], [ 3.707863634125157, 53.783094099382978 ] ] ] ] } },
{ "type": "Feature", "properties": { "geogrid_id": "854094540001323064", "seqnum": 7208.0, "lat_c": 54.094540008895407, "lon_c": 1.3230636097588939, "res": 8.0, "count_Birds": 37, "count_Sac Fungi": 0, "count_Insects": 3, "count_Flowering Plants": 2, "count_Mosses": 1, "count_Arachnids": 0, "count_Molluscs": 59, "count_Basidiomycota": 0, "count_Mammals": 7, "count_Ferns": 0, "count_Reptiles": 1, "count_Amphibians": 0, "count_Gymnosperms": 0, "unique_species_count": 110.0, "countryCode": "GB" }, "geometry": { "type": "MultiPolygon", "coordinates": [ [ [ [ 2.161431404384856, 53.841753587887609 ], [ 1.447452907633798, 53.633277789012332 ], [ 0.609655678915588, 53.881737410433267 ], [ 0.47006125444616, 54.341059863318499 ], [ 1.191035154612235, 54.554182453384598 ], [ 2.044613309019479, 54.303225264170116 ], [ 2.161431404384856, 53.841753587887609 ] ] ] ] } },
{ "type": "Feature", "properties": { "geogrid_id": "854707892003512194", "seqnum": 7128.0, "lat_c": 54.707891759127101, "lon_c": 3.512194308556174, "res": 8.0, "count_Birds": 10, "count_Sac Fungi": 0, "count_Insects": 3, "count_Flowering Plants": 0, "count_Mosses": 0, "count_Arachnids": 0, "count_Molluscs": 17, "count_Basidiomycota": 0, "count_Mammals": 2, "count_Ferns": 0, "count_Reptiles": 0, "count_Amphibians": 0, "count_Gymnosperms": 0, "unique_species_count": 32.0, "countryCode": "GB" }, "geometry": { "type": "MultiPolygon", "coordinates": [ [ [ [ 4.35106253424851, 54.441873770196757 ], [ 3.613231616338342, 54.246138352105838 ], [ 2.774320740195206, 54.507705434638055 ], [ 2.658085952444282, 54.967852745255293 ], [ 3.404187858320542, 55.168218924383538 ], [ 4.258234458593729, 54.903694531111455 ], [ 4.35106253424851, 54.441873770196757 ] ] ] ] } },
{ "type": "Feature", "properties": { "geogrid_id": "854763143001920371", "seqnum": 7127.0, "lat_c": 54.763143493285241, "lon_c": 1.920371228335513, "res": 8.0, "count_Birds": 42, "count_Sac Fungi": 0, "count_Insects": 0, "count_Flowering Plants": 0, "count_Mosses": 0, "count_Arachnids": 0, "count_Molluscs": 66, "count_Basidiomycota": 0, "count_Mammals": 6, "count_Ferns": 0, "count_Reptiles": 0, "count_Amphibians": 0, "count_Gymnosperms": 0, "unique_species_count": 114.0, "countryCode": "GB" }, "geometry": { "type": "MultiPolygon", "coordinates": [ [ [ [ 2.774320740195206, 54.507705434638055 ], [ 2.044613309019479, 54.303225264170116 ], [ 1.191035154612235, 54.554182453384598 ], [ 1.050731119602173, 55.012034170734658 ], [ 1.788077803425952, 55.221345413135488 ], [ 2.658085952444282, 54.967852745255293 ], [ 2.774320740195206, 54.507705434638055 ] ] ] ] } },
{ "type": "Feature", "properties": { "geogrid_id": "854798515000321975", "seqnum": 7126.0, "lat_c": 54.798515207818511, "lon_c": 0.321975390553564, "res": 8.0, "count_Birds": 39, "count_Sac Fungi": 0, "count_Insects": 3, "count_Flowering Plants": 1, "count_Mosses": 0, "count_Arachnids": 0, "count_Molluscs": 8, "count_Basidiomycota": 0, "count_Mammals": 9, "count_Ferns": 0, "count_Reptiles": 0, "count_Amphibians": 0, "count_Gymnosperms": 0, "unique_species_count": 60.0, "countryCode": "GB" }, "geometry": { "type": "MultiPolygon", "coordinates": [ [ [ [ 1.191035154612235, 54.554182453384598 ], [ 0.47006125444616, 54.341059863318499 ], [ -0.398214431993818, 54.580880169927653 ], [ -0.563255959052538, 55.035744888972893 ], [ 0.164704229993125, 55.253907731318783 ], [ 1.050731119602173, 55.012034170734658 ], [ 1.191035154612235, 54.554182453384598 ] ] ] ] } },
{ "type": "Feature", "properties": { "geogrid_id": "855426356002534033", "seqnum": 7046.0, "lat_c": 55.426356136318645, "lon_c": 2.5340325897258551, "res": 8.0, "count_Birds": 18, "count_Sac Fungi": 0, "count_Insects": 0, "count_Flowering Plants": 0, "count_Mosses": 0, "count_Arachnids": 0, "count_Molluscs": 41, "count_Basidiomycota": 0, "count_Mammals": 7, "count_Ferns": 0, "count_Reptiles": 0, "count_Amphibians": 0, "count_Gymnosperms": 0, "unique_species_count": 66.0, "countryCode": "GB" }, "geometry": { "type": "MultiPolygon", "coordinates": [ [ [ [ 3.404187858320542, 55.168218924383538 ], [ 2.658085952444282, 54.967852745255293 ], [ 1.788077803425952, 55.221345413135488 ], [ 1.647057525682443, 55.677653468331314 ], [ 2.401494951633452, 55.88304672451936 ], [ 3.288604266326082, 55.626972462887679 ], [ 3.404187858320542, 55.168218924383538 ] ] ] ] } },
{ "type": "Feature", "properties": { "geogrid_id": "855467909000901467", "seqnum": 7045.0, "lat_c": 55.467908665265234, "lon_c": 0.90146661973320996, "res": 8.0, "count_Birds": 23, "count_Sac Fungi": 0, "count_Insects": 0, "count_Flowering Plants": 1, "count_Mosses": 0, "count_Arachnids": 0, "count_Molluscs": 67, "count_Basidiomycota": 0, "count_Mammals": 8, "count_Ferns": 0, "count_Reptiles": 0, "count_Amphibians": 1, "count_Gymnosperms": 0, "unique_species_count": 100.0, "countryCode": "GB" }, "geometry": { "type": "MultiPolygon", "coordinates": [ [ [ [ 1.788077803425952, 55.221345413135488 ], [ 1.050731119602173, 55.012034170734658 ], [ 0.164704229993125, 55.253907731318783 ], [ -0.002498162770456, 55.707023750696941 ], [ 0.742504938687447, 55.92160244520575 ], [ 1.647057525682443, 55.677653468331314 ], [ 1.788077803425952, 55.221345413135488 ] ] ] ] } },
{ "type": "Feature", "properties": { "geogrid_id": "856083992003164788", "seqnum": 6965.0, "lat_c": 56.083991902444446, "lon_c": 3.1647880974827678, "res": 8.0, "count_Birds": 20, "count_Sac Fungi": 0, "count_Insects": 0, "count_Flowering Plants": 0, "count_Mosses": 0, "count_Arachnids": 0, "count_Molluscs": 37, "count_Basidiomycota": 0, "count_Mammals": 5, "count_Ferns": 0, "count_Reptiles": 0, "count_Amphibians": 0, "count_Gymnosperms": 0, "unique_species_count": 62.0, "countryCode": "GB" }, "geometry": { "type": "MultiPolygon", "coordinates": [ [ [ [ 4.051792799619686, 55.823099518262069 ], [ 3.288604266326082, 55.626972462887679 ], [ 2.401494951633452, 55.88304672451936 ], [ 2.259756088256306, 56.337740465830031 ], [ 3.032033009748304, 56.539102475571077 ], [ 3.936936864546487, 56.280391441035782 ], [ 4.051792799619686, 55.823099518262069 ] ] ] ] } },
{ "type": "Feature", "properties": { "geogrid_id": "856131874001496583", "seqnum": 6964.0, "lat_c": 56.131874043200369, "lon_c": 1.4965833301189511, "res": 8.0, "count_Birds": 24, "count_Sac Fungi": 0, "count_Insects": 0, "count_Flowering Plants": 0, "count_Mosses": 0, "count_Arachnids": 0, "count_Molluscs": 49, "count_Basidiomycota": 0, "count_Mammals": 4, "count_Ferns": 0, "count_Reptiles": 0, "count_Amphibians": 0, "count_Gymnosperms": 0, "unique_species_count": 77.0, "countryCode": "GB" }, "geometry": { "type": "MultiPolygon", "coordinates": [ [ [ [ 2.401494951633452, 55.88304672451936 ], [ 1.647057525682443, 55.677653468331314 ], [ 0.742504938687447, 55.92160244520575 ], [ 0.938718285725659, 56.474865379214997 ], [ 1.706026878623905, 56.683633367073412 ], [ 2.259756088256306, 56.337740465830031 ], [ 2.401494951633452, 55.88304672451936 ] ] ] ] } },
{ "type": "Feature", "properties": { "geogrid_id": "856261688000180753", "seqnum": 6963.0, "lat_c": 56.261688252356741, "lon_c": 0.18075254104670799, "res": 8.0, "count_Birds": 29, "count_Sac Fungi": 0, "count_Insects": 1, "count_Flowering Plants": 0, "count_Mosses": 0, "count_Arachnids": 0, "count_Molluscs": 50, "count_Basidiomycota": 0, "count_Mammals": 6, "count_Ferns": 0, "count_Reptiles": 1, "count_Amphibians": 0, "count_Gymnosperms": 0, "unique_species_count": 87.0, "countryCode": "GB" }, "geometry": { "type": "MultiPolygon", "coordinates": [ [ [ [ 0.742504938687447, 55.92160244520575 ], [ -0.002498162770456, 55.707023750696941 ], [ -0.567895611006885, 56.044202103735806 ], [ -0.397647746798259, 56.597505720964648 ], [ 0.364178031750228, 56.813718835426997 ], [ 0.938718285725659, 56.474865379214997 ], [ 0.742504938687447, 55.92160244520575 ] ] ] ] } },
{ "type": "Feature", "properties": { "geogrid_id": "856887891002482694", "seqnum": 6883.0, "lat_c": 56.887890842668781, "lon_c": 2.4826940792332799, "res": 8.0, "count_Birds": 17, "count_Sac Fungi": 0, "count_Insects": 0, "count_Flowering Plants": 0, "count_Mosses": 0, "count_Arachnids": 0, "count_Molluscs": 114, "count_Basidiomycota": 0, "count_Mammals": 3, "count_Ferns": 0, "count_Reptiles": 0, "count_Amphibians": 0, "count_Gymnosperms": 0, "unique_species_count": 134.0, "countryCode": "GB" }, "geometry": { "type": "MultiPolygon", "coordinates": [ [ [ [ 3.032033009748304, 56.539102475571077 ], [ 2.259756088256306, 56.337740465830031 ], [ 1.706026878623905, 56.683633367073412 ], [ 1.916646647125553, 57.232801843377331 ], [ 2.707323861938537, 57.435463491207877 ], [ 3.268725582890633, 57.087535267795666 ], [ 3.032033009748304, 56.539102475571077 ] ] ] ] } },
{ "type": "Feature", "properties": { "geogrid_id": "857025519001135602", "seqnum": 6882.0, "lat_c": 57.025518705153367, "lon_c": 1.1356020479279181, "res": 8.0, "count_Birds": 23, "count_Sac Fungi": 0, "count_Insects": 0, "count_Flowering Plants": 0, "count_Mosses": 0, "count_Arachnids": 0, "count_Molluscs": 114, "count_Basidiomycota": 0, "count_Mammals": 4, "count_Ferns": 0, "count_Reptiles": 0, "count_Amphibians": 0, "count_Gymnosperms": 0, "unique_species_count": 141.0, "countryCode": "GB" }, "geometry": { "type": "MultiPolygon", "coordinates": [ [ [ [ 1.706026878623905, 56.683633367073412 ], [ 0.938718285725659, 56.474865379214997 ], [ 0.364178031750228, 56.813718835426997 ], [ 0.548621984389531, 57.363312565162268 ], [ 1.334008603869875, 57.573749195496127 ], [ 1.916646647125553, 57.232801843377331 ], [ 1.706026878623905, 56.683633367073412 ] ] ] ] } },
{ "type": "Feature", "properties": { "geogrid_id": "857779556002129305", "seqnum": 6801.0, "lat_c": 57.779556073372277, "lon_c": 2.1293047483326561, "res": 8.0, "count_Birds": 19, "count_Sac Fungi": 0, "count_Insects": 0, "count_Flowering Plants": 0, "count_Mosses": 0, "count_Arachnids": 0, "count_Molluscs": 87, "count_Basidiomycota": 0, "count_Mammals": 3, "count_Ferns": 0, "count_Reptiles": 0, "count_Amphibians": 0, "count_Gymnosperms": 0, "unique_species_count": 109.0, "countryCode": "GB" }, "geometry": { "type": "MultiPolygon", "coordinates": [ [ [ [ 2.707323861938537, 57.435463491207877 ], [ 1.916646647125553, 57.232801843377331 ], [ 1.334008603869875, 57.573749195496127 ], [ 1.534747823756639, 58.119724365045329 ], [ 2.344824682058053, 58.324054169933291 ], [ 2.934518232975943, 57.980624936911902 ], [ 2.707323861938537, 57.435463491207877 ] ] ] ] } },
{ "type": "Feature", "properties": { "geogrid_id": "857910646000734882", "seqnum": 6800.0, "lat_c": 57.910646404707848, "lon_c": 0.73488156915190805, "res": 8.0, "count_Birds": 28, "count_Sac Fungi": 0, "count_Insects": 0, "count_Flowering Plants": 0, "count_Mosses": 0, "count_Arachnids": 0, "count_Molluscs": 182, "count_Basidiomycota": 0, "count_Mammals": 6, "count_Ferns": 0, "count_Reptiles": 1, "count_Amphibians": 0, "count_Gymnosperms": 0, "unique_species_count": 217.0, "countryCode": "GB" }, "geometry": { "type": "MultiPolygon", "coordinates": [ [ [ [ 1.334008603869875, 57.573749195496127 ], [ 0.548621984389531, 57.363312565162268 ], [ -0.054789298964075, 57.696930893039514 ], [ 0.119352301374151, 58.243406589667643 ], [ 0.923717763946758, 58.455879251644426 ], [ 1.534747823756639, 58.119724365045329 ], [ 1.334008603869875, 57.573749195496127 ] ] ] ] } },
{ "type": "Feature", "properties": { "geogrid_id": "858663594001738597", "seqnum": 6719.0, "lat_c": 58.663594350390298, "lon_c": 1.738597051806108, "res": 8.0, "count_Birds": 18, "count_Sac Fungi": 0, "count_Insects": 0, "count_Flowering Plants": 0, "count_Mosses": 0, "count_Arachnids": 0, "count_Molluscs": 158, "count_Basidiomycota": 0, "count_Mammals": 1, "count_Ferns": 0, "count_Reptiles": 0, "count_Amphibians": 0, "count_Gymnosperms": 0, "unique_species_count": 177.0, "countryCode": "GB" }, "geometry": { "type": "MultiPolygon", "coordinates": [ [ [ [ 2.344824682058053, 58.324054169933291 ], [ 1.534747823756639, 58.119724365045329 ], [ 0.923717763946758, 58.455879251644426 ], [ 1.115864496960725, 58.999153691352049 ], [ 1.946310014516476, 59.205493526470072 ], [ 2.564001015679656, 58.866437489104413 ], [ 2.344824682058053, 58.324054169933291 ] ] ] ] } },
{ "type": "Feature", "properties": { "geogrid_id": "858787931000296266", "seqnum": 6718.0, "lat_c": 58.787930982834339, "lon_c": 0.29626568259477998, "res": 8.0, "count_Birds": 23, "count_Sac Fungi": 0, "count_Insects": 0, "count_Flowering Plants": 0, "count_Mosses": 0, "count_Arachnids": 0, "count_Molluscs": 70, "count_Basidiomycota": 0, "count_Mammals": 4, "count_Ferns": 0, "count_Reptiles": 1, "count_Amphibians": 0, "count_Gymnosperms": 0, "unique_species_count": 98.0, "countryCode": "GB" }, "geometry": { "type": "MultiPolygon", "coordinates": [ [ [ [ 0.923717763946758, 58.455879251644426 ], [ 0.119352301374151, 58.243406589667643 ], [ -0.512505897045347, 58.57194231705563 ], [ -0.347569519665856, 59.115789012156966 ], [ 0.476643713313512, 59.33063951934794 ], [ 1.115864496960725, 58.999153691352049 ], [ 0.923717763946758, 58.455879251644426 ] ] ] ] } },
{ "type": "Feature", "properties": { "geogrid_id": "859540598001312037", "seqnum": 6637.0, "lat_c": 59.540597505075617, "lon_c": 1.312036855405009, "res": 8.0, "count_Birds": 23, "count_Sac Fungi": 0, "count_Insects": 0, "count_Flowering Plants": 0, "count_Mosses": 0, "count_Arachnids": 0, "count_Molluscs": 166, "count_Basidiomycota": 0, "count_Mammals": 3, "count_Ferns": 0, "count_Reptiles": 0, "count_Amphibians": 0, "count_Gymnosperms": 0, "unique_species_count": 192.0, "countryCode": "GB" }, "geometry": { "type": "MultiPolygon", "coordinates": [ [ [ [ 1.946310014516476, 59.205493526470072 ], [ 1.115864496960725, 58.999153691352049 ], [ 0.476643713313512, 59.33063951934794 ], [ 0.643373833583228, 59.873427795972312 ], [ 1.473198059176782, 60.085246968282533 ], [ 2.13678170651146, 59.747926769511139 ], [ 1.946310014516476, 59.205493526470072 ] ] ] ] } },
{ "type": "Feature", "properties": { "geogrid_id": "860293490002310131", "seqnum": 568.0, "lat_c": 60.293490393603754, "lon_c": 2.310131148545266, "res": 8.0, "count_Birds": 17, "count_Sac Fungi": 0, "count_Insects": 0, "count_Flowering Plants": 0, "count_Mosses": 0, "count_Arachnids": 0, "count_Molluscs": 63, "count_Basidiomycota": 0, "count_Mammals": 2, "count_Ferns": 0, "count_Reptiles": 0, "count_Amphibians": 0, "count_Gymnosperms": 0, "unique_species_count": 82.0, "countryCode": "GB" }, "geometry": { "type": "MultiPolygon", "coordinates": [ [ [ [ 2.13678170651146, 59.747926769511139 ], [ 1.473198059176782, 60.085246968282533 ], [ 1.638723771895129, 60.631501680821579 ], [ 2.487993675292816, 60.840820194028709 ], [ 3.153870297575649, 60.498246076135381 ], [ 2.968334362259463, 59.951680523818602 ], [ 2.13678170651146, 59.747926769511139 ] ] ] ] } },
{ "type": "Feature", "properties": { "geogrid_id": "860418697000796565", "seqnum": 649.0, "lat_c": 60.418696720772928, "lon_c": 0.79656546016031204, "res": 8.0, "count_Birds": 28, "count_Sac Fungi": 0, "count_Insects": 0, "count_Flowering Plants": 0, "count_Mosses": 0, "count_Arachnids": 0, "count_Molluscs": 106, "count_Basidiomycota": 0, "count_Mammals": 10, "count_Ferns": 0, "count_Reptiles": 0, "count_Amphibians": 0, "count_Gymnosperms": 0, "unique_species_count": 144.0, "countryCode": "GB" }, "geometry": { "type": "MultiPolygon", "coordinates": [ [ [ [ 0.643373833583228, 59.873427795972312 ], [ -0.038174753210323, 60.202318022826567 ], [ 0.106591712448825, 60.7481764337873 ], [ 0.953802373712338, 60.965615035788055 ], [ 1.638723771895129, 60.631501680821579 ], [ 1.473198059176782, 60.085246968282533 ], [ 0.643373833583228, 59.873427795972312 ] ] ] ] } },
{ "type": "Feature", "properties": { "geogrid_id": "861179571001808438", "seqnum": 567.0, "lat_c": 61.179570840617849, "lon_c": 1.808438314062458, "res": 8.0, "count_Birds": 21, "count_Sac Fungi": 0, "count_Insects": 0, "count_Flowering Plants": 0, "count_Mosses": 0, "count_Arachnids": 0, "count_Molluscs": 174, "count_Basidiomycota": 0, "count_Mammals": 6, "count_Ferns": 0, "count_Reptiles": 1, "count_Amphibians": 0, "count_Gymnosperms": 0, "unique_species_count": 202.0, "countryCode": "GB" }, "geometry": { "type": "MultiPolygon", "coordinates": [ [ [ [ 1.638723771895129, 60.631501680821579 ], [ 0.953802373712338, 60.965615035788055 ], [ 1.114874489971793, 61.51439512318597 ], [ 1.982100364033521, 61.72968727936567 ], [ 2.670165278620257, 61.390145274158201 ], [ 2.487993675292816, 60.840820194028709 ], [ 1.638723771895129, 60.631501680821579 ] ] ] ] } },
{ "type": "Feature", "properties": { "geogrid_id": "861295727000255056", "seqnum": 648.0, "lat_c": 61.295727306930502, "lon_c": 0.25505628934664198, "res": 8.0, "count_Birds": 25, "count_Sac Fungi": 0, "count_Insects": 0, "count_Flowering Plants": 0, "count_Mosses": 0, "count_Arachnids": 0, "count_Molluscs": 59, "count_Basidiomycota": 0, "count_Mammals": 9, "count_Ferns": 0, "count_Reptiles": 1, "count_Amphibians": 0, "count_Gymnosperms": 0, "unique_species_count": 94.0, "countryCode": "GB" }, "geometry": { "type": "MultiPolygon", "coordinates": [ [ [ [ 0.106591712448825, 60.7481764337873 ], [ -0.597015110756549, 61.073582849730265 ], [ -0.45782510657595, 61.62173147058764 ], [ 0.406971328274196, 61.845186129473845 ], [ 1.114874489971793, 61.51439512318597 ], [ 0.953802373712338, 60.965615035788055 ], [ 0.106591712448825, 60.7481764337873 ] ] ] ] } },
{ "type": "Feature", "properties": { "geogrid_id": "862065273001279500", "seqnum": 566.0, "lat_c": 62.065273475409107, "lon_c": 1.279499681155698, "res": 8.0, "count_Birds": 19, "count_Sac Fungi": 0, "count_Insects": 0, "count_Flowering Plants": 0, "count_Mosses": 0, "count_Arachnids": 0, "count_Molluscs": 51, "count_Basidiomycota": 0, "count_Mammals": 9, "count_Ferns": 0, "count_Reptiles": 0, "count_Amphibians": 0, "count_Gymnosperms": 0, "unique_species_count": 79.0, "countryCode": "GB" }, "geometry": { "type": "MultiPolygon", "coordinates": [ [ [ [ 1.114874489971793, 61.51439512318597 ], [ 0.406971328274196, 61.845186129473845 ], [ 0.562010145501388, 62.396792964168085 ], [ 1.447307170543193, 62.618514145477917 ], [ 2.159387830383796, 62.28211082728501 ], [ 1.982100364033521, 61.72968727936567 ], [ 1.114874489971793, 61.51439512318597 ] ] ] ] } },
{ "type": "Feature", "properties": { "geogrid_id": "862950816000719749", "seqnum": 565.0, "lat_c": 62.950815981401433, "lon_c": 0.71974879877450704, "res": 8.0, "count_Birds": 9, "count_Sac Fungi": 0, "count_Insects": 0, "count_Flowering Plants": 0, "count_Mosses": 0, "count_Arachnids": 0, "count_Molluscs": 0, "count_Basidiomycota": 0, "count_Mammals": 2, "count_Ferns": 0, "count_Reptiles": 0, "count_Amphibians": 0, "count_Gymnosperms": 0, "unique_species_count": 11.0, "countryCode": "GB" }, "geometry": { "type": "MultiPolygon", "coordinates": [ [ [ [ 0.562010145501388, 62.396792964168085 ], [ -0.17072190705869, 62.724130502168506 ], [ -0.023665887777964, 63.278896581907901 ], [ 0.879643466301061, 63.50755556094937 ], [ 1.617816960582499, 63.174412752463873 ], [ 1.447307170543193, 62.618514145477917 ], [ 0.562010145501388, 62.396792964168085 ] ] ] ] } }
]
}
