{
"type": "FeatureCollection",
"name": "JP",
"crs": { "type": "name", "properties": { "name": "urn:ogc:def:crs:OGC:1.3:CRS84" } },
"features": [
{ "type": "Feature", "properties": { "geogrid_id": "817811521134836454", "seqnum": 29730.0, "lat_c": 17.811520968417309, "lon_c": 134.83645420892887, "res": 8.0, "count_Insects": 0, "count_Birds": 0, "count_Flowering Plants": 0, "count_Sac Fungi": 0, "count_Amphibians": 0, "count_Molluscs": 0, "count_Arachnids": 0, "count_Mosses": 0, "count_Mammals": 0, "count_Basidiomycota": 0, "count_Gymnosperms": 0, "count_Reptiles": 1, "count_Ferns": 0, "unique_species_count": 1.0, "countryCode": "JP" }, "geometry": { "type": "MultiPolygon", "coordinates": [ [ [ [ 135.13094962123111, 18.251155039325933 ], [ 135.340484997660269, 17.816237233366376 ], [ 135.045811333759247, 17.376829933753914 ], [ 134.543264468896496, 17.371046699453501 ], [ 134.332726612559867, 17.805362693966206 ], [ 134.625718399355549, 18.246082500958273 ], [ 135.13094962123111, 18.251155039325933 ] ] ] ] } },
{ "type": "Feature", "properties": { "geogrid_id": "818239541134120800", "seqnum": 29649.0, "lat_c": 18.239540942460913, "lon_c": 134.12080032066282, "res": 8.0, "count_Insects": 0, "count_Birds": 0, "count_Flowering Plants": 0, "count_Sac Fungi": 0, "count_Amphibians": 0, "count_Molluscs": 0, "count_Arachnids": 0, "count_Mosses": 0, "count_Mammals": 0, "count_Basidiomycota": 0, "count_Gymnosperms": 0, "count_Reptiles": 1, "count_Ferns": 0, "unique_species_count": 1.0, "countryCode": "JP" }, "geometry": { "type": "MultiPolygon", "coordinates": [ [ [ [ 134.413592506717549, 18.680531491506525 ], [ 134.625718399355549, 18.246082500958273 ], [ 134.332726612559867, 17.805362693966206 ], [ 133.829301339347154, 17.79772652931905 ], [ 133.616194187032221, 18.231494946887992 ], [ 133.90747471550273, 18.673597985564911 ], [ 134.413592506717549, 18.680531491506525 ] ] ] ] } },
{ "type": "Feature", "properties": { "geogrid_id": "818254797135636495", "seqnum": 29812.0, "lat_c": 18.254796500853921, "lon_c": 135.63649487786006, "res": 8.0, "count_Insects": 0, "count_Birds": 0, "count_Flowering Plants": 0, "count_Sac Fungi": 0, "count_Amphibians": 0, "count_Molluscs": 0, "count_Arachnids": 0, "count_Mosses": 0, "count_Mammals": 0, "count_Basidiomycota": 0, "count_Gymnosperms": 0, "count_Reptiles": 1, "count_Ferns": 0, "unique_species_count": 1.0, "countryCode": "JP" }, "geometry": { "type": "MultiPolygon", "coordinates": [ [ [ [ 135.933889289940453, 18.692505297608722 ], [ 136.142354687188515, 18.257047560252978 ], [ 135.844819509082527, 17.819549888368961 ], [ 135.340484997660269, 17.816237233366376 ], [ 135.13094962123111, 18.251155039325933 ], [ 135.426798694633135, 18.689946329143563 ], [ 135.933889289940453, 18.692505297608722 ] ] ] ] } },
{ "type": "Feature", "properties": { "geogrid_id": "818665133133401678", "seqnum": 29568.0, "lat_c": 18.665133021835235, "lon_c": 133.40167849701638, "res": 8.0, "count_Insects": 0, "count_Birds": 0, "count_Flowering Plants": 0, "count_Sac Fungi": 0, "count_Amphibians": 0, "count_Molluscs": 0, "count_Arachnids": 0, "count_Mosses": 0, "count_Mammals": 0, "count_Basidiomycota": 0, "count_Gymnosperms": 0, "count_Reptiles": 1, "count_Ferns": 0, "unique_species_count": 1.0, "countryCode": "JP" }, "geometry": { "type": "MultiPolygon", "coordinates": [ [ [ [ 133.69274046069566, 19.107550810654242 ], [ 133.90747471550273, 18.673597985564911 ], [ 133.616194187032221, 18.231494946887992 ], [ 133.111898552013145, 18.221911436024428 ], [ 132.896202096922821, 18.655104024119364 ], [ 133.185745446735041, 19.098657299325549 ], [ 133.69274046069566, 19.107550810654242 ] ] ] ] } },
{ "type": "Feature", "properties": { "geogrid_id": "818693689136441306", "seqnum": 29894.0, "lat_c": 18.69368851921379, "lon_c": 136.44130571298345, "res": 8.0, "count_Insects": 0, "count_Birds": 0, "count_Flowering Plants": 0, "count_Sac Fungi": 0, "count_Amphibians": 0, "count_Molluscs": 0, "count_Arachnids": 0, "count_Mosses": 0, "count_Mammals": 0, "count_Basidiomycota": 0, "count_Gymnosperms": 0, "count_Reptiles": 1, "count_Ferns": 0, "unique_species_count": 1.0, "countryCode": "JP" }, "geometry": { "type": "MultiPolygon", "coordinates": [ [ [ [ 136.741721913475658, 19.129470479742476 ], [ 136.949047978843623, 18.693542370718106 ], [ 136.648529116453943, 18.257951848001394 ], [ 136.142354687188515, 18.257047560252978 ], [ 135.933889289940453, 18.692505297608722 ], [ 136.232717147870829, 19.129360996467778 ], [ 136.741721913475658, 19.129470479742476 ] ] ] ] } },
{ "type": "Feature", "properties": { "geogrid_id": "819114885134200067", "seqnum": 29650.0, "lat_c": 19.114885371475374, "lon_c": 134.20006665173179, "res": 8.0, "count_Insects": 0, "count_Birds": 0, "count_Flowering Plants": 0, "count_Sac Fungi": 0, "count_Amphibians": 0, "count_Molluscs": 0, "count_Arachnids": 0, "count_Mosses": 0, "count_Mammals": 0, "count_Basidiomycota": 0, "count_Gymnosperms": 0, "count_Reptiles": 1, "count_Ferns": 0, "unique_species_count": 1.0, "countryCode": "JP" }, "geometry": { "type": "MultiPolygon", "coordinates": [ [ [ [ 134.494018365062175, 19.555354148918617 ], [ 134.707725913274061, 19.120695361071792 ], [ 134.413592506717549, 18.680531491506525 ], [ 133.90747471550273, 18.673597985564911 ], [ 133.69274046069566, 19.107550810654242 ], [ 133.985132667281874, 19.549162065115961 ], [ 134.494018365062175, 19.555354148918617 ] ] ] ] } },
{ "type": "Feature", "properties": { "geogrid_id": "819127892135724050", "seqnum": 29813.0, "lat_c": 19.127892024978671, "lon_c": 135.72404998725872, "res": 8.0, "count_Insects": 0, "count_Birds": 0, "count_Flowering Plants": 0, "count_Sac Fungi": 0, "count_Amphibians": 0, "count_Molluscs": 0, "count_Arachnids": 0, "count_Mosses": 0, "count_Mammals": 0, "count_Basidiomycota": 0, "count_Gymnosperms": 0, "count_Reptiles": 1, "count_Ferns": 0, "unique_species_count": 1.0, "countryCode": "JP" }, "geometry": { "type": "MultiPolygon", "coordinates": [ [ [ [ 136.022752657669855, 19.564989086408886 ], [ 136.232717147870829, 19.129360996467778 ], [ 135.933889289940453, 18.692505297608722 ], [ 135.426798694633135, 18.689946329143563 ], [ 135.215719904817092, 19.125017692530541 ], [ 135.512826716564376, 19.563227081676683 ], [ 136.022752657669855, 19.564989086408886 ] ] ] ] } },
{ "type": "Feature", "properties": { "geogrid_id": "819128270137251064", "seqnum": 29976.0, "lat_c": 19.128269863390909, "lon_c": 137.25106425020093, "res": 8.0, "count_Insects": 0, "count_Birds": 0, "count_Flowering Plants": 0, "count_Sac Fungi": 0, "count_Amphibians": 0, "count_Molluscs": 0, "count_Arachnids": 0, "count_Mosses": 0, "count_Mammals": 0, "count_Basidiomycota": 0, "count_Gymnosperms": 0, "count_Reptiles": 1, "count_Ferns": 0, "unique_species_count": 1.0, "countryCode": "JP" }, "geometry": { "type": "MultiPolygon", "coordinates": [ [ [ [ 137.55462844420191, 19.562132553864629 ], [ 137.760743447956401, 19.125812361170791 ], [ 137.45711550012058, 18.692116723595547 ], [ 136.949047978843623, 18.693542370718106 ], [ 136.741721913475658, 19.129470479742476 ], [ 137.043653287702455, 19.564391046587939 ], [ 137.55462844420191, 19.562132553864629 ] ] ] ] } },
{ "type": "Feature", "properties": { "geogrid_id": "819565361136533028", "seqnum": 29895.0, "lat_c": 19.565360791055287, "lon_c": 136.5330279985246, "res": 8.0, "count_Insects": 0, "count_Birds": 0, "count_Flowering Plants": 0, "count_Sac Fungi": 0, "count_Amphibians": 0, "count_Molluscs": 0, "count_Arachnids": 0, "count_Mosses": 0, "count_Mammals": 0, "count_Basidiomycota": 0, "count_Gymnosperms": 0, "count_Reptiles": 1, "count_Ferns": 0, "unique_species_count": 1.0, "countryCode": "JP" }, "geometry": { "type": "MultiPolygon", "coordinates": [ [ [ [ 136.834872058109795, 20.000501707947159 ], [ 137.043653287702455, 19.564391046587939 ], [ 136.741721913475658, 19.129470479742476 ], [ 136.232717147870829, 19.129360996467778 ], [ 136.022752657669855, 19.564989086408886 ], [ 136.322956497321712, 20.001234249289293 ], [ 136.834872058109795, 20.000501707947159 ] ] ] ] } },
{ "type": "Feature", "properties": { "geogrid_id": "820427257138166607", "seqnum": 30059.0, "lat_c": 20.427256622413232, "lon_c": 138.16660652771435, "res": 8.0, "count_Insects": 0, "count_Birds": 1, "count_Flowering Plants": 0, "count_Sac Fungi": 0, "count_Amphibians": 0, "count_Molluscs": 0, "count_Arachnids": 0, "count_Mosses": 0, "count_Mammals": 0, "count_Basidiomycota": 0, "count_Gymnosperms": 0, "count_Reptiles": 0, "count_Ferns": 0, "unique_species_count": 1.0, "countryCode": "JP" }, "geometry": { "type": "MultiPolygon", "coordinates": [ [ [ [ 138.475125475454007, 20.858514800813406 ], [ 138.681323179637246, 20.421701931891732 ], [ 138.37279493912817, 19.990605558112634 ], [ 137.859791838887674, 19.995128696532134 ], [ 137.652265164672428, 20.43163802033428 ], [ 137.959049413701564, 20.863959336327987 ], [ 138.475125475454007, 20.858514800813406 ] ] ] ] } },
{ "type": "Feature", "properties": { "geogrid_id": "820433823135086197", "seqnum": 29733.0, "lat_c": 20.433822600410167, "lon_c": 135.08619747634324, "res": 8.0, "count_Insects": 0, "count_Birds": 0, "count_Flowering Plants": 0, "count_Sac Fungi": 0, "count_Amphibians": 0, "count_Molluscs": 0, "count_Arachnids": 0, "count_Mosses": 0, "count_Mammals": 0, "count_Basidiomycota": 0, "count_Gymnosperms": 0, "count_Reptiles": 1, "count_Ferns": 0, "unique_species_count": 1.0, "countryCode": "JP" }, "geometry": { "type": "MultiPolygon", "coordinates": [ [ [ [ 135.384524569631566, 20.871814887111896 ], [ 135.598662116499526, 20.436194564214279 ], [ 135.300211257606975, 19.99853041361024 ], [ 134.78937879467162, 19.995001072529377 ], [ 134.57410355011686, 20.429952573528304 ], [ 134.870781598932012, 20.86912488244235 ], [ 135.384524569631566, 20.871814887111896 ] ] ] ] } },
{ "type": "Feature", "properties": { "geogrid_id": "820436624136624712", "seqnum": 29896.0, "lat_c": 20.436624031409718, "lon_c": 136.62471196455928, "res": 8.0, "count_Insects": 0, "count_Birds": 0, "count_Flowering Plants": 0, "count_Sac Fungi": 0, "count_Amphibians": 0, "count_Molluscs": 0, "count_Arachnids": 0, "count_Mosses": 0, "count_Mammals": 0, "count_Basidiomycota": 0, "count_Gymnosperms": 0, "count_Reptiles": 1, "count_Ferns": 0, "unique_species_count": 1.0, "countryCode": "JP" }, "geometry": { "type": "MultiPolygon", "coordinates": [ [ [ [ 136.928070220436496, 20.871154740461709 ], [ 137.138300250864972, 20.434780622326681 ], [ 136.834872058109795, 20.000501707947159 ], [ 136.322956497321712, 20.001234249289293 ], [ 136.111499679308139, 20.437112507822054 ], [ 136.413166642183853, 20.872780985480318 ], [ 136.928070220436496, 20.871154740461709 ] ] ] ] } },
{ "type": "Feature", "properties": { "geogrid_id": "820864905134357420", "seqnum": 29652.0, "lat_c": 20.86490462825472, "lon_c": 134.35742036660153, "res": 8.0, "count_Insects": 0, "count_Birds": 0, "count_Flowering Plants": 0, "count_Sac Fungi": 0, "count_Amphibians": 0, "count_Molluscs": 0, "count_Arachnids": 0, "count_Mosses": 0, "count_Mammals": 0, "count_Basidiomycota": 0, "count_Gymnosperms": 0, "count_Reptiles": 1, "count_Ferns": 0, "unique_species_count": 1.0, "countryCode": "JP" }, "geometry": { "type": "MultiPolygon", "coordinates": [ [ [ [ 134.653962519711058, 21.304459187404721 ], [ 134.870781598932012, 20.86912488244235 ], [ 134.57410355011686, 20.429952573528304 ], [ 134.062377816115117, 20.424543699733864 ], [ 133.844437801458923, 20.859114064685588 ], [ 134.139328929727071, 21.299878550853887 ], [ 134.653962519711058, 21.304459187404721 ] ] ] ] } },
{ "type": "Feature", "properties": { "geogrid_id": "820868194137443364", "seqnum": 29978.0, "lat_c": 20.868194277976865, "lon_c": 137.44336425044935, "res": 8.0, "count_Insects": 0, "count_Birds": 0, "count_Flowering Plants": 0, "count_Sac Fungi": 0, "count_Amphibians": 0, "count_Molluscs": 0, "count_Arachnids": 0, "count_Mosses": 0, "count_Mammals": 0, "count_Basidiomycota": 0, "count_Gymnosperms": 0, "count_Reptiles": 2, "count_Ferns": 0, "unique_species_count": 2.0, "countryCode": "JP" }, "geometry": { "type": "MultiPolygon", "coordinates": [ [ [ [ 137.750116524555466, 21.300739312684748 ], [ 137.959049413701564, 20.863959336327987 ], [ 137.652265164672428, 20.43163802033428 ], [ 137.138300250864972, 20.434780622326681 ], [ 136.928070220436496, 20.871154740461709 ], [ 137.23308316670321, 21.30482248489994 ], [ 137.750116524555466, 21.300739312684748 ] ] ] ] } },
{ "type": "Feature", "properties": { "geogrid_id": "820873018135898652", "seqnum": 29815.0, "lat_c": 20.873017961045825, "lon_c": 135.89865209485984, "res": 8.0, "count_Insects": 0, "count_Birds": 0, "count_Flowering Plants": 0, "count_Sac Fungi": 0, "count_Amphibians": 0, "count_Molluscs": 0, "count_Arachnids": 0, "count_Mosses": 0, "count_Mammals": 0, "count_Basidiomycota": 0, "count_Gymnosperms": 0, "count_Reptiles": 1, "count_Ferns": 0, "unique_species_count": 1.0, "countryCode": "JP" }, "geometry": { "type": "MultiPolygon", "coordinates": [ [ [ [ 136.200232268417977, 21.308996358634712 ], [ 136.413166642183853, 20.872780985480318 ], [ 136.111499679308139, 20.437112507822054 ], [ 135.598662116499526, 20.436194564214279 ], [ 135.384524569631566, 20.871814887111896 ], [ 135.684410885459471, 21.30897377647608 ], [ 136.200232268417977, 21.308996358634712 ] ] ] ] } },
{ "type": "Feature", "properties": { "geogrid_id": "821221094130547573", "seqnum": 29245.0, "lat_c": 21.221093836242353, "lon_c": 130.5475730337289, "res": 8.0, "count_Insects": 0, "count_Birds": 1, "count_Flowering Plants": 0, "count_Sac Fungi": 0, "count_Amphibians": 0, "count_Molluscs": 0, "count_Arachnids": 0, "count_Mosses": 0, "count_Mammals": 0, "count_Basidiomycota": 0, "count_Gymnosperms": 0, "count_Reptiles": 0, "count_Ferns": 0, "unique_species_count": 1.0, "countryCode": "JP" }, "geometry": { "type": "MultiPolygon", "coordinates": [ [ [ [ 130.83260079417002, 21.669699457543135 ], [ 131.059563025150226, 21.23756545562393 ], [ 130.774307837190349, 20.789497548286388 ], [ 130.263882345512428, 20.771815375721694 ], [ 130.035946153515113, 21.20281572535545 ], [ 130.319395459354837, 21.652645036022928 ], [ 130.83260079417002, 21.669699457543135 ] ] ] ] } },
{ "type": "Feature", "properties": { "geogrid_id": "821241635141380609", "seqnum": 30386.0, "lat_c": 21.241635135594734, "lon_c": 141.38060894569423, "res": 8.0, "count_Insects": 0, "count_Birds": 1, "count_Flowering Plants": 0, "count_Sac Fungi": 0, "count_Amphibians": 0, "count_Molluscs": 0, "count_Arachnids": 0, "count_Mosses": 0, "count_Mammals": 0, "count_Basidiomycota": 0, "count_Gymnosperms": 0, "count_Reptiles": 1, "count_Ferns": 0, "unique_species_count": 2.0, "countryCode": "JP" }, "geometry": { "type": "MultiPolygon", "coordinates": [ [ [ [ 141.701955883164175, 21.666642958136116 ], [ 141.900791348457204, 21.229936234668436 ], [ 141.579602273054036, 20.804870648711702 ], [ 141.061267842144559, 20.815849286517345 ], [ 140.860792176001638, 21.252734458709249 ], [ 141.180261308087466, 21.678508355411481 ], [ 141.701955883164175, 21.666642958136116 ] ] ] ] } },
{ "type": "Feature", "properties": { "geogrid_id": "821272668139822306", "seqnum": 30223.0, "lat_c": 21.272667828923382, "lon_c": 139.82230567420157, "res": 8.0, "count_Insects": 0, "count_Birds": 0, "count_Flowering Plants": 0, "count_Sac Fungi": 0, "count_Amphibians": 0, "count_Molluscs": 0, "count_Arachnids": 0, "count_Mosses": 0, "count_Mammals": 0, "count_Basidiomycota": 0, "count_Gymnosperms": 0, "count_Reptiles": 1, "count_Ferns": 0, "unique_species_count": 1.0, "countryCode": "JP" }, "geometry": { "type": "MultiPolygon", "coordinates": [ [ [ [ 140.13805614663454, 21.700196036355131 ], [ 140.341354389336942, 21.263114949004954 ], [ 140.025678383321747, 20.835660873394442 ], [ 139.508443502140409, 20.844285359244648 ], [ 139.303653382618222, 21.281293759506291 ], [ 139.617565934341599, 21.709790518341325 ], [ 140.13805614663454, 21.700196036355131 ] ] ] ] } },
{ "type": "Feature", "properties": { "geogrid_id": "821293696133625084", "seqnum": 29571.0, "lat_c": 21.293695562243478, "lon_c": 133.62508428266744, "res": 8.0, "count_Insects": 0, "count_Birds": 1, "count_Flowering Plants": 0, "count_Sac Fungi": 0, "count_Amphibians": 0, "count_Molluscs": 0, "count_Arachnids": 0, "count_Mosses": 0, "count_Mammals": 0, "count_Basidiomycota": 0, "count_Gymnosperms": 0, "count_Reptiles": 0, "count_Ferns": 0, "unique_species_count": 1.0, "countryCode": "JP" }, "geometry": { "type": "MultiPolygon", "coordinates": [ [ [ [ 133.919831965890126, 21.734896327306238 ], [ 134.139328929727071, 21.299878550853887 ], [ 133.844437801458923, 20.859114064685588 ], [ 133.331830656510533, 20.851716116580384 ], [ 133.111224825065591, 21.285873917856907 ], [ 133.404320742690203, 21.728309533454048 ], [ 133.919831965890126, 21.734896327306238 ] ] ] ] } },
{ "type": "Feature", "properties": { "geogrid_id": "821295409138267556", "seqnum": 30060.0, "lat_c": 21.295409160722055, "lon_c": 138.26755642982761, "res": 8.0, "count_Insects": 0, "count_Birds": 0, "count_Flowering Plants": 0, "count_Sac Fungi": 0, "count_Amphibians": 0, "count_Molluscs": 0, "count_Arachnids": 0, "count_Mosses": 0, "count_Mammals": 0, "count_Basidiomycota": 0, "count_Gymnosperms": 0, "count_Reptiles": 1, "count_Ferns": 0, "unique_species_count": 1.0, "countryCode": "JP" }, "geometry": { "type": "MultiPolygon", "coordinates": [ [ [ [ 138.57784026431375, 21.72598505370841 ], [ 138.785402579890416, 21.288901915463807 ], [ 138.475125475454007, 20.858514800813406 ], [ 137.959049413701564, 20.863959336327987 ], [ 137.750116524555466, 21.300739312684748 ], [ 138.058610383399099, 21.732412290434851 ], [ 138.57784026431375, 21.72598505370841 ] ] ] ] } },
{ "type": "Feature", "properties": { "geogrid_id": "821307477135168989", "seqnum": 29734.0, "lat_c": 21.30747675142959, "lon_c": 135.16898868993934, "res": 8.0, "count_Insects": 0, "count_Birds": 0, "count_Flowering Plants": 0, "count_Sac Fungi": 0, "count_Amphibians": 0, "count_Molluscs": 0, "count_Arachnids": 0, "count_Mosses": 0, "count_Mammals": 0, "count_Basidiomycota": 0, "count_Gymnosperms": 0, "count_Reptiles": 1, "count_Ferns": 0, "unique_species_count": 1.0, "countryCode": "JP" }, "geometry": { "type": "MultiPolygon", "coordinates": [ [ [ [ 135.468776133964866, 21.745003926309018 ], [ 135.684410885459471, 21.30897377647608 ], [ 135.384524569631566, 20.871814887111896 ], [ 134.870781598932012, 20.86912488244235 ], [ 134.653962519711058, 21.304459187404721 ], [ 134.952055505737235, 21.743203460868781 ], [ 135.468776133964866, 21.745003926309018 ] ] ] ] } },
{ "type": "Feature", "properties": { "geogrid_id": "821307595136716456", "seqnum": 29897.0, "lat_c": 21.307594499093103, "lon_c": 136.71645561063298, "res": 8.0, "count_Insects": 0, "count_Birds": 1, "count_Flowering Plants": 0, "count_Sac Fungi": 0, "count_Amphibians": 0, "count_Molluscs": 0, "count_Arachnids": 0, "count_Mosses": 0, "count_Mammals": 0, "count_Basidiomycota": 0, "count_Gymnosperms": 0, "count_Reptiles": 2, "count_Ferns": 0, "unique_species_count": 3.0, "countryCode": "JP" }, "geometry": { "type": "MultiPolygon", "coordinates": [ [ [ [ 137.021418756535837, 21.741548621343256 ], [ 137.23308316670321, 21.30482248489994 ], [ 136.928070220436496, 20.871154740461709 ], [ 136.413166642183853, 20.872780985480318 ], [ 136.200232268417977, 21.308996358634712 ], [ 136.503454412729894, 21.744125212393381 ], [ 137.021418756535837, 21.741548621343256 ] ] ] ] } },
{ "type": "Feature", "properties": { "geogrid_id": "821337562153281964", "seqnum": 31609.0, "lat_c": 21.337562412679766, "lon_c": 153.28196402228465, "res": 8.0, "count_Insects": 0, "count_Birds": 0, "count_Flowering Plants": 0, "count_Sac Fungi": 0, "count_Amphibians": 0, "count_Molluscs": 0, "count_Arachnids": 0, "count_Mosses": 0, "count_Mammals": 0, "count_Basidiomycota": 0, "count_Gymnosperms": 0, "count_Reptiles": 1, "count_Ferns": 0, "unique_species_count": 1.0, "countryCode": "JP" }, "geometry": { "type": "MultiPolygon", "coordinates": [ [ [ [ 153.697793968880546, 21.620034036283332 ], [ 153.85599258333508, 21.185809379342981 ], [ 153.441121263062541, 20.90429340382644 ], [ 152.864413639190673, 21.061874558200905 ], [ 152.703385840913228, 21.493998248858322 ], [ 153.121981057911455, 21.770493414127088 ], [ 153.697793968880546, 21.620034036283332 ] ] ] ] } },
{ "type": "Feature", "properties": { "geogrid_id": "821633757129806561", "seqnum": 29164.0, "lat_c": 21.633756880892097, "lon_c": 129.80656077901645, "res": 8.0, "count_Insects": 0, "count_Birds": 1, "count_Flowering Plants": 0, "count_Sac Fungi": 0, "count_Amphibians": 0, "count_Molluscs": 0, "count_Arachnids": 0, "count_Mosses": 0, "count_Mammals": 0, "count_Basidiomycota": 0, "count_Gymnosperms": 0, "count_Reptiles": 0, "count_Ferns": 0, "unique_species_count": 1.0, "countryCode": "JP" }, "geometry": { "type": "MultiPolygon", "coordinates": [ [ [ [ 130.089785408696287, 22.084169365449256 ], [ 130.319395459354837, 21.652645036022928 ], [ 130.035946153515113, 21.20281572535545 ], [ 129.524679085816331, 21.182709809083761 ], [ 129.294093287403683, 21.613014359817228 ], [ 129.575736894908573, 22.064656491296308 ], [ 130.089785408696287, 22.084169365449256 ] ] ] ] } },
{ "type": "Feature", "properties": { "geogrid_id": "821689732140658957", "seqnum": 30305.0, "lat_c": 21.689732463142654, "lon_c": 140.65895746548486, "res": 8.0, "count_Insects": 0, "count_Birds": 0, "count_Flowering Plants": 0, "count_Sac Fungi": 0, "count_Amphibians": 0, "count_Molluscs": 0, "count_Arachnids": 0, "count_Mosses": 0, "count_Mammals": 0, "count_Basidiomycota": 0, "count_Gymnosperms": 0, "count_Reptiles": 1, "count_Ferns": 0, "unique_species_count": 1.0, "countryCode": "JP" }, "geometry": { "type": "MultiPolygon", "coordinates": [ [ [ [ 140.978546923122849, 22.115522292256742 ], [ 141.180261308087466, 21.678508355411481 ], [ 140.860792176001638, 21.252734458709249 ], [ 140.341354389336942, 21.263114949004954 ], [ 140.13805614663454, 21.700196036355131 ], [ 140.455753070401471, 22.126874824116967 ], [ 140.978546923122849, 22.115522292256742 ] ] ] ] } },
{ "type": "Feature", "properties": { "geogrid_id": "821720052132889204", "seqnum": 29490.0, "lat_c": 21.720052295746594, "lon_c": 132.88920420785632, "res": 8.0, "count_Insects": 0, "count_Birds": 1, "count_Flowering Plants": 0, "count_Sac Fungi": 0, "count_Amphibians": 0, "count_Molluscs": 0, "count_Arachnids": 0, "count_Mosses": 0, "count_Mammals": 0, "count_Basidiomycota": 0, "count_Gymnosperms": 0, "count_Reptiles": 0, "count_Ferns": 0, "unique_species_count": 1.0, "countryCode": "JP" }, "geometry": { "type": "MultiPolygon", "coordinates": [ [ [ [ 133.182154106618128, 22.162977972952334 ], [ 133.404320742690203, 21.728309533454048 ], [ 133.111224825065591, 21.285873917856907 ], [ 132.597746750909465, 21.276380038666698 ], [ 132.374478099166339, 21.710091843490758 ], [ 132.665776437101471, 22.154272574075453 ], [ 133.182154106618128, 22.162977972952334 ] ] ] ] } },
{ "type": "Feature", "properties": { "geogrid_id": "821737623137539803", "seqnum": 29979.0, "lat_c": 21.737623188444374, "lon_c": 137.539803486388, "res": 8.0, "count_Insects": 0, "count_Birds": 1, "count_Flowering Plants": 0, "count_Sac Fungi": 0, "count_Amphibians": 0, "count_Molluscs": 0, "count_Arachnids": 0, "count_Mosses": 0, "count_Mammals": 0, "count_Basidiomycota": 0, "count_Gymnosperms": 0, "count_Reptiles": 0, "count_Ferns": 0, "unique_species_count": 1.0, "countryCode": "JP" }, "geometry": { "type": "MultiPolygon", "coordinates": [ [ [ [ 137.848284687510699, 22.169552609182851 ], [ 138.058610383399099, 21.732412290434851 ], [ 137.750116524555466, 21.300739312684748 ], [ 137.23308316670321, 21.30482248489994 ], [ 137.021418756535837, 21.741548621343256 ], [ 137.328109021831693, 22.174638672993169 ], [ 137.848284687510699, 22.169552609182851 ] ] ] ] } },
{ "type": "Feature", "properties": { "geogrid_id": "821739848134435742", "seqnum": 29653.0, "lat_c": 21.739848156140681, "lon_c": 134.4357421475556, "res": 8.0, "count_Insects": 0, "count_Birds": 1, "count_Flowering Plants": 0, "count_Sac Fungi": 0, "count_Amphibians": 0, "count_Molluscs": 0, "count_Arachnids": 0, "count_Mosses": 0, "count_Mammals": 0, "count_Basidiomycota": 0, "count_Gymnosperms": 0, "count_Reptiles": 0, "count_Ferns": 0, "unique_species_count": 1.0, "countryCode": "JP" }, "geometry": { "type": "MultiPolygon", "coordinates": [ [ [ [ 134.733729420015067, 22.179019103868615 ], [ 134.952055505737235, 21.743203460868781 ], [ 134.653962519711058, 21.304459187404721 ], [ 134.139328929727071, 21.299878550853887 ], [ 133.919831965890126, 21.734896327306238 ], [ 134.216125795632848, 22.17531516721332 ], [ 134.733729420015067, 22.179019103868615 ] ] ] ] } },
{ "type": "Feature", "properties": { "geogrid_id": "821772813124438046", "seqnum": 54919.0, "lat_c": 21.77281285250827, "lon_c": 124.43804631690213, "res": 8.0, "count_Insects": 0, "count_Birds": 0, "count_Flowering Plants": 0, "count_Sac Fungi": 0, "count_Amphibians": 0, "count_Molluscs": 0, "count_Arachnids": 0, "count_Mosses": 0, "count_Mammals": 0, "count_Basidiomycota": 0, "count_Gymnosperms": 0, "count_Reptiles": 1, "count_Ferns": 0, "unique_species_count": 1.0, "countryCode": "JP" }, "geometry": { "type": "MultiPolygon", "coordinates": [ [ [ [ 124.717016090857456, 22.229459603566053 ], [ 124.954552529879379, 21.808479340319277 ], [ 124.675785640968996, 21.352604393082729 ], [ 124.160524525035655, 21.316068359792244 ], [ 123.921621249173, 21.735273195660973 ], [ 124.199307963494519, 22.19280976082101 ], [ 124.717016090857456, 22.229459603566053 ] ] ] ] } },
{ "type": "Feature", "properties": { "geogrid_id": "822154267123681705", "seqnum": 54838.0, "lat_c": 22.154266811958255, "lon_c": 123.6817052323582, "res": 8.0, "count_Insects": 0, "count_Birds": 1, "count_Flowering Plants": 0, "count_Sac Fungi": 0, "count_Amphibians": 0, "count_Molluscs": 0, "count_Arachnids": 0, "count_Mosses": 0, "count_Mammals": 0, "count_Basidiomycota": 0, "count_Gymnosperms": 0, "count_Reptiles": 0, "count_Ferns": 0, "unique_species_count": 1.0, "countryCode": "JP" }, "geometry": { "type": "MultiPolygon", "coordinates": [ [ [ [ 123.959539580670622, 22.612608942581691 ], [ 124.199307963494519, 22.19280976082101 ], [ 123.921621249173, 21.735273195660973 ], [ 123.405307789905706, 21.695791409145759 ], [ 123.164239403988702, 22.113762502762459 ], [ 123.440744675650421, 22.573062876979716 ], [ 123.959539580670622, 22.612608942581691 ] ] ] ] } },
{ "type": "Feature", "properties": { "geogrid_id": "822163210138368900", "seqnum": 30061.0, "lat_c": 22.163209742168831, "lon_c": 138.36890003290318, "res": 8.0, "count_Insects": 0, "count_Birds": 0, "count_Flowering Plants": 0, "count_Sac Fungi": 0, "count_Amphibians": 0, "count_Molluscs": 0, "count_Arachnids": 0, "count_Mosses": 0, "count_Mammals": 0, "count_Basidiomycota": 0, "count_Gymnosperms": 0, "count_Reptiles": 1, "count_Ferns": 0, "unique_species_count": 1.0, "countryCode": "JP" }, "geometry": { "type": "MultiPolygon", "coordinates": [ [ [ [ 138.681040633602123, 22.593128217422528 ], [ 138.889955949479656, 22.155684734345243 ], [ 138.57784026431375, 21.72598505370841 ], [ 138.058610383399099, 21.732412290434851 ], [ 137.848284687510699, 22.169552609182851 ], [ 138.158581150597172, 22.600606364517013 ], [ 138.681040633602123, 22.593128217422528 ] ] ] ] } },
{ "type": "Feature", "properties": { "geogrid_id": "822178400136808371", "seqnum": 29898.0, "lat_c": 22.178399675366638, "lon_c": 136.80837103453536, "res": 8.0, "count_Insects": 0, "count_Birds": 0, "count_Flowering Plants": 0, "count_Sac Fungi": 0, "count_Amphibians": 0, "count_Molluscs": 0, "count_Arachnids": 0, "count_Mosses": 0, "count_Mammals": 1, "count_Basidiomycota": 0, "count_Gymnosperms": 0, "count_Reptiles": 0, "count_Ferns": 0, "unique_species_count": 1.0, "countryCode": "JP" }, "geometry": { "type": "MultiPolygon", "coordinates": [ [ [ [ 137.115035404308713, 22.611814595816575 ], [ 137.328109021831693, 22.174638672993169 ], [ 137.021418756535837, 21.741548621343256 ], [ 136.503454412729894, 21.744125212393381 ], [ 136.289067854186328, 22.180773141254669 ], [ 136.593943641009844, 22.615403684881528 ], [ 137.115035404308713, 22.611814595816575 ] ] ] ] } },
{ "type": "Feature", "properties": { "geogrid_id": "822201737154525121", "seqnum": 31692.0, "lat_c": 22.201737155593175, "lon_c": 154.52512109362064, "res": 8.0, "count_Insects": 0, "count_Birds": 0, "count_Flowering Plants": 0, "count_Sac Fungi": 0, "count_Amphibians": 0, "count_Molluscs": 0, "count_Arachnids": 0, "count_Mosses": 0, "count_Mammals": 0, "count_Basidiomycota": 0, "count_Gymnosperms": 0, "count_Reptiles": 1, "count_Ferns": 0, "unique_species_count": 1.0, "countryCode": "JP" }, "geometry": { "type": "MultiPolygon", "coordinates": [ [ [ [ 154.937022457401071, 22.499426925134404 ], [ 155.092746208592672, 22.061662669874902 ], [ 154.681612662575418, 21.765232413934427 ], [ 154.11211151167123, 21.908364866408121 ], [ 153.953959094222114, 22.343422654662717 ], [ 154.367776426811304, 22.638029361498191 ], [ 154.937022457401071, 22.499426925134404 ] ] ] ] } },
{ "type": "Feature", "properties": { "geogrid_id": "822361723155503011", "seqnum": 31774.0, "lat_c": 22.361722620858128, "lon_c": 155.50301086316719, "res": 8.0, "count_Insects": 0, "count_Birds": 0, "count_Flowering Plants": 0, "count_Sac Fungi": 0, "count_Amphibians": 0, "count_Molluscs": 0, "count_Arachnids": 0, "count_Mosses": 0, "count_Mammals": 0, "count_Basidiomycota": 0, "count_Gymnosperms": 0, "count_Reptiles": 1, "count_Ferns": 0, "unique_species_count": 1.0, "countryCode": "JP" }, "geometry": { "type": "MultiPolygon", "coordinates": [ [ [ [ 155.912586555246833, 22.664862136499881 ], [ 156.066027384969033, 22.224361057274539 ], [ 155.657158499082357, 21.922513376007956 ], [ 155.092746208592672, 22.061662669874902 ], [ 154.937022457401071, 22.499426925134404 ], [ 155.348009875499628, 22.800792505728818 ], [ 155.912586555246833, 22.664862136499881 ] ] ] ] } },
{ "type": "Feature", "properties": { "geogrid_id": "822365810126772798", "seqnum": 28839.0, "lat_c": 22.365810377679633, "lon_c": 126.77279806307889, "res": 8.0, "count_Insects": 0, "count_Birds": 1, "count_Flowering Plants": 0, "count_Sac Fungi": 0, "count_Amphibians": 0, "count_Molluscs": 0, "count_Arachnids": 0, "count_Mosses": 0, "count_Mammals": 0, "count_Basidiomycota": 0, "count_Gymnosperms": 0, "count_Reptiles": 0, "count_Ferns": 0, "unique_species_count": 1.0, "countryCode": "JP" }, "geometry": { "type": "MultiPolygon", "coordinates": [ [ [ [ 127.047703060830315, 22.823651748317605 ], [ 127.286193268569349, 22.395668685987626 ], [ 127.011044150218666, 21.938525453009575 ], [ 126.49919518661649, 21.907474505752838 ], [ 126.259769120280794, 22.333967519441977 ], [ 126.533114160214296, 22.793008632049869 ], [ 127.047703060830315, 22.823651748317605 ] ] ] ] } },
{ "type": "Feature", "properties": { "geogrid_id": "822514412142350915", "seqnum": 30469.0, "lat_c": 22.514411697346606, "lon_c": 142.35091484344889, "res": 8.0, "count_Insects": 0, "count_Birds": 1, "count_Flowering Plants": 0, "count_Sac Fungi": 0, "count_Amphibians": 0, "count_Molluscs": 0, "count_Arachnids": 0, "count_Mosses": 0, "count_Mammals": 0, "count_Basidiomycota": 0, "count_Gymnosperms": 0, "count_Reptiles": 1, "count_Ferns": 0, "unique_species_count": 2.0, "countryCode": "JP" }, "geometry": { "type": "MultiPolygon", "coordinates": [ [ [ [ 142.678654797075154, 22.937229139808053 ], [ 142.876880256192607, 22.500848470765664 ], [ 142.549367236290436, 22.077893084226247 ], [ 142.025370146023675, 22.090893370929937 ], [ 141.825342007483584, 22.527681016297286 ], [ 142.15107938317044, 22.951118918284294 ], [ 142.678654797075154, 22.937229139808053 ] ] ] ] } },
{ "type": "Feature", "properties": { "geogrid_id": "822552711140775456", "seqnum": 30306.0, "lat_c": 22.552710638489287, "lon_c": 140.77545600332388, "res": 8.0, "count_Insects": 0, "count_Birds": 0, "count_Flowering Plants": 0, "count_Sac Fungi": 0, "count_Amphibians": 0, "count_Molluscs": 0, "count_Arachnids": 0, "count_Mosses": 0, "count_Mammals": 0, "count_Basidiomycota": 0, "count_Gymnosperms": 0, "count_Reptiles": 1, "count_Ferns": 0, "unique_species_count": 1.0, "countryCode": "JP" }, "geometry": { "type": "MultiPolygon", "coordinates": [ [ [ [ 141.097226039505159, 22.977711947880497 ], [ 141.300183588603744, 22.54049569408205 ], [ 140.978546923122849, 22.115522292256742 ], [ 140.455753070401471, 22.126874824116967 ], [ 140.251171173064364, 22.564194683373021 ], [ 140.570981888655837, 22.990108908079769 ], [ 141.097226039505159, 22.977711947880497 ] ] ] ] } },
{ "type": "Feature", "properties": { "geogrid_id": "822584506139203960", "seqnum": 30143.0, "lat_c": 22.584506171525909, "lon_c": 139.20395957109358, "res": 8.0, "count_Insects": 0, "count_Birds": 0, "count_Flowering Plants": 0, "count_Sac Fungi": 0, "count_Amphibians": 0, "count_Molluscs": 0, "count_Arachnids": 0, "count_Mosses": 0, "count_Mammals": 0, "count_Basidiomycota": 0, "count_Gymnosperms": 0, "count_Reptiles": 1, "count_Ferns": 0, "unique_species_count": 1.0, "countryCode": "JP" }, "geometry": { "type": "MultiPolygon", "coordinates": [ [ [ [ 139.519908350436936, 23.01244769862987 ], [ 139.727337308361911, 22.574829080476789 ], [ 139.411451935305763, 22.147059349879576 ], [ 138.889955949479656, 22.155684734345243 ], [ 138.681040633602123, 22.593128217422528 ], [ 138.995088366564971, 23.022164349872639 ], [ 139.519908350436936, 23.01244769862987 ] ] ] ] } },
{ "type": "Feature", "properties": { "geogrid_id": "822606860137636580", "seqnum": 29980.0, "lat_c": 22.606859730629314, "lon_c": 137.63658015718886, "res": 8.0, "count_Insects": 0, "count_Birds": 0, "count_Flowering Plants": 0, "count_Sac Fungi": 0, "count_Amphibians": 0, "count_Molluscs": 0, "count_Arachnids": 0, "count_Mosses": 0, "count_Mammals": 0, "count_Basidiomycota": 0, "count_Gymnosperms": 0, "count_Reptiles": 1, "count_Ferns": 0, "unique_species_count": 1.0, "countryCode": "JP" }, "geometry": { "type": "MultiPolygon", "coordinates": [ [ [ [ 137.946886763433582, 23.038206637838261 ], [ 138.158581150597172, 22.600606364517013 ], [ 137.848284687510699, 22.169552609182851 ], [ 137.328109021831693, 22.174638672993169 ], [ 137.115035404308713, 22.611814595816575 ], [ 137.42350159022098, 23.044364515920002 ], [ 137.946886763433582, 23.038206637838261 ] ] ] ] } },
{ "type": "Feature", "properties": { "geogrid_id": "822617566136073301", "seqnum": 29817.0, "lat_c": 22.617565530336474, "lon_c": 136.07330085166456, "res": 8.0, "count_Insects": 0, "count_Birds": 0, "count_Flowering Plants": 0, "count_Sac Fungi": 0, "count_Amphibians": 0, "count_Molluscs": 0, "count_Arachnids": 0, "count_Mosses": 0, "count_Mammals": 0, "count_Basidiomycota": 0, "count_Gymnosperms": 0, "count_Reptiles": 1, "count_Ferns": 0, "unique_species_count": 1.0, "countryCode": "JP" }, "geometry": { "type": "MultiPolygon", "coordinates": [ [ [ [ 136.378144359720864, 23.052589777878033 ], [ 136.593943641009844, 22.615403684881528 ], [ 136.289067854186328, 22.180773141254669 ], [ 135.770195941623086, 22.181701825312754 ], [ 135.553102454839092, 22.618243906019089 ], [ 135.856162526092845, 23.054530643034358 ], [ 136.378144359720864, 23.052589777878033 ] ] ] ] } },
{ "type": "Feature", "properties": { "geogrid_id": "822650243124478464", "seqnum": 28595.0, "lat_c": 22.650242581277912, "lon_c": 124.47846419035305, "res": 8.0, "count_Insects": 0, "count_Birds": 1, "count_Flowering Plants": 0, "count_Sac Fungi": 0, "count_Amphibians": 0, "count_Molluscs": 0, "count_Arachnids": 0, "count_Mosses": 0, "count_Mammals": 0, "count_Basidiomycota": 0, "count_Gymnosperms": 0, "count_Reptiles": 1, "count_Ferns": 0, "unique_species_count": 2.0, "countryCode": "JP" }, "geometry": { "type": "MultiPolygon", "coordinates": [ [ [ [ 124.746910255546638, 23.113565410961538 ], [ 124.991574504403587, 22.68898427800222 ], [ 124.717016090857456, 22.229459603566053 ], [ 124.199307963494519, 22.19280976082101 ], [ 123.959539580670622, 22.612608942581691 ], [ 124.232623529729153, 23.073929820802984 ], [ 124.746910255546638, 23.113565410961538 ] ] ] ] } },
{ "type": "Feature", "properties": { "geogrid_id": "822852299127562667", "seqnum": 28921.0, "lat_c": 22.852298880837971, "lon_c": 127.5626668531788, "res": 8.0, "count_Insects": 0, "count_Birds": 1, "count_Flowering Plants": 0, "count_Sac Fungi": 0, "count_Amphibians": 0, "count_Molluscs": 0, "count_Arachnids": 0, "count_Mosses": 0, "count_Mammals": 0, "count_Basidiomycota": 0, "count_Gymnosperms": 0, "count_Reptiles": 0, "count_Ferns": 0, "unique_species_count": 1.0, "countryCode": "JP" }, "geometry": { "type": "MultiPolygon", "coordinates": [ [ [ [ 127.840530379969678, 23.30842285891088 ], [ 128.078008190921537, 22.878963428345926 ], [ 127.799957152363092, 22.42355544428883 ], [ 127.286193268569349, 22.395668685987626 ], [ 127.047703060830315, 22.823651748317605 ], [ 127.323976555157685, 23.281006073621786 ], [ 127.840530379969678, 23.30842285891088 ] ] ] ] } },
{ "type": "Feature", "properties": { "geogrid_id": "822923177143206630", "seqnum": 30551.0, "lat_c": 22.923176832157804, "lon_c": 143.20663008435957, "res": 8.0, "count_Insects": 0, "count_Birds": 0, "count_Flowering Plants": 0, "count_Sac Fungi": 0, "count_Amphibians": 0, "count_Molluscs": 0, "count_Arachnids": 0, "count_Mosses": 0, "count_Mammals": 1, "count_Basidiomycota": 0, "count_Gymnosperms": 0, "count_Reptiles": 0, "count_Ferns": 0, "unique_species_count": 1.0, "countryCode": "JP" }, "geometry": { "type": "MultiPolygon", "coordinates": [ [ [ [ 143.538683743991868, 23.344931487698037 ], [ 143.734971272040042, 22.909161701687175 ], [ 143.403209881591835, 22.487169664806693 ], [ 142.876880256192607, 22.500848470765664 ], [ 142.678654797075154, 22.937229139808053 ], [ 143.008656619355321, 23.359384293437969 ], [ 143.538683743991868, 23.344931487698037 ] ] ] ] } },
{ "type": "Feature", "properties": { "geogrid_id": "823032224123718709", "seqnum": 28514.0, "lat_c": 23.032223579958995, "lon_c": 123.71870893709745, "res": 8.0, "count_Insects": 0, "count_Birds": 0, "count_Flowering Plants": 0, "count_Sac Fungi": 0, "count_Amphibians": 0, "count_Molluscs": 0, "count_Arachnids": 0, "count_Mosses": 0, "count_Mammals": 0, "count_Basidiomycota": 0, "count_Gymnosperms": 0, "count_Reptiles": 1, "count_Ferns": 0, "unique_species_count": 1.0, "countryCode": "JP" }, "geometry": { "type": "MultiPolygon", "coordinates": [ [ [ [ 123.985365685866455, 23.497492256555429 ], [ 124.232623529729153, 23.073929820802984 ], [ 123.959539580670622, 22.612608942581691 ], [ 123.440744675650421, 22.573062876979716 ], [ 123.198706569803832, 22.991674401988099 ], [ 123.470272409476763, 23.45485274638995 ], [ 123.985365685866455, 23.497492256555429 ] ] ] ] } },
{ "type": "Feature", "properties": { "geogrid_id": "823251582126807806", "seqnum": 28840.0, "lat_c": 23.251581517007654, "lon_c": 126.80780608645222, "res": 8.0, "count_Insects": 0, "count_Birds": 1, "count_Flowering Plants": 0, "count_Sac Fungi": 0, "count_Amphibians": 0, "count_Molluscs": 0, "count_Arachnids": 0, "count_Mosses": 0, "count_Mammals": 0, "count_Basidiomycota": 0, "count_Gymnosperms": 0, "count_Reptiles": 0, "count_Ferns": 0, "unique_species_count": 1.0, "countryCode": "JP" }, "geometry": { "type": "MultiPolygon", "coordinates": [ [ [ [ 127.083915059192563, 23.709694763059066 ], [ 127.323976555157685, 23.281006073621786 ], [ 127.047703060830315, 22.823651748317605 ], [ 126.533114160214296, 22.793008632049869 ], [ 126.292016366069845, 23.220136457088003 ], [ 126.566531150786446, 23.67947517882132 ], [ 127.083915059192563, 23.709694763059066 ] ] ] ] } },
{ "type": "Feature", "properties": { "geogrid_id": "823278471156730362", "seqnum": 31857.0, "lat_c": 23.278470787128633, "lon_c": 156.73036209096762, "res": 8.0, "count_Insects": 0, "count_Birds": 0, "count_Flowering Plants": 0, "count_Sac Fungi": 0, "count_Amphibians": 0, "count_Molluscs": 0, "count_Arachnids": 0, "count_Mosses": 0, "count_Mammals": 0, "count_Basidiomycota": 0, "count_Gymnosperms": 0, "count_Reptiles": 1, "count_Ferns": 0, "unique_species_count": 1.0, "countryCode": "JP" }, "geometry": { "type": "MultiPolygon", "coordinates": [ [ [ [ 157.138892784894892, 23.588110759518109 ], [ 157.290348948164876, 23.143698318527747 ], [ 156.882463723594583, 22.835357288071787 ], [ 156.321647507855801, 22.97059078957065 ], [ 156.167989799193037, 23.412336914084037 ], [ 156.577339952516837, 23.721559575071328 ], [ 157.138892784894892, 23.588110759518109 ] ] ] ] } },
{ "type": "Feature", "properties": { "geogrid_id": "823330692144069075", "seqnum": 30633.0, "lat_c": 23.33069200320621, "lon_c": 144.06907533076574, "res": 8.0, "count_Insects": 0, "count_Birds": 1, "count_Flowering Plants": 0, "count_Sac Fungi": 0, "count_Amphibians": 0, "count_Molluscs": 0, "count_Arachnids": 0, "count_Mosses": 0, "count_Mammals": 0, "count_Basidiomycota": 0, "count_Gymnosperms": 0, "count_Reptiles": 1, "count_Ferns": 0, "unique_species_count": 2.0, "countryCode": "JP" }, "geometry": { "type": "MultiPolygon", "coordinates": [ [ [ [ 144.405589259160422, 23.751849757998482 ], [ 144.599778730150803, 23.316918042820273 ], [ 144.263634889083306, 22.895406599725384 ], [ 143.734971272040042, 22.909161701687175 ], [ 143.538683743991868, 23.344931487698037 ], [ 143.873109705529572, 23.766178555644952 ], [ 144.405589259160422, 23.751849757998482 ] ] ] ] } },
{ "type": "Feature", "properties": { "geogrid_id": "823373825142479035", "seqnum": 30470.0, "lat_c": 23.373825451071255, "lon_c": 142.47903497758767, "res": 8.0, "count_Insects": 0, "count_Birds": 2, "count_Flowering Plants": 0, "count_Sac Fungi": 0, "count_Amphibians": 0, "count_Molluscs": 0, "count_Arachnids": 0, "count_Mosses": 0, "count_Mammals": 1, "count_Basidiomycota": 0, "count_Gymnosperms": 0, "count_Reptiles": 0, "count_Ferns": 0, "unique_species_count": 3.0, "countryCode": "JP" }, "geometry": { "type": "MultiPolygon", "coordinates": [ [ [ [ 142.809276380142478, 23.795834375727726 ], [ 143.008656619355321, 23.359384293437969 ], [ 142.678654797075154, 22.937229139808053 ], [ 142.15107938317044, 22.951118918284294 ], [ 141.949850246085248, 23.388053929526176 ], [ 142.278010746679712, 23.810679492693019 ], [ 142.809276380142478, 23.795834375727726 ] ] ] ] } },
{ "type": "Feature", "properties": { "geogrid_id": "823398307129910643", "seqnum": 29166.0, "lat_c": 23.398306612777734, "lon_c": 129.91064312241494, "res": 8.0, "count_Insects": 0, "count_Birds": 0, "count_Flowering Plants": 0, "count_Sac Fungi": 0, "count_Amphibians": 0, "count_Molluscs": 0, "count_Arachnids": 0, "count_Mosses": 0, "count_Mammals": 0, "count_Basidiomycota": 0, "count_Gymnosperms": 0, "count_Reptiles": 1, "count_Ferns": 0, "unique_species_count": 1.0, "countryCode": "JP" }, "geometry": { "type": "MultiPolygon", "coordinates": [ [ [ [ 130.196496679803147, 23.848818731528532 ], [ 130.42916470677568, 23.415916624515045 ], [ 130.143212631520555, 22.966104484308694 ], [ 129.626328518865449, 22.947212711514844 ], [ 129.392523063146569, 23.378770621916885 ], [ 129.676729252088563, 23.830576678915595 ], [ 130.196496679803147, 23.848818731528532 ] ] ] ] } },
{ "type": "Feature", "properties": { "geogrid_id": "823410114122955557", "seqnum": 28433.0, "lat_c": 23.41011376038497, "lon_c": 122.95555671774656, "res": 8.0, "count_Insects": 0, "count_Birds": 0, "count_Flowering Plants": 0, "count_Sac Fungi": 0, "count_Amphibians": 0, "count_Molluscs": 0, "count_Arachnids": 0, "count_Mosses": 0, "count_Mammals": 0, "count_Basidiomycota": 0, "count_Gymnosperms": 0, "count_Reptiles": 1, "count_Ferns": 0, "unique_species_count": 1.0, "countryCode": "JP" }, "geometry": { "type": "MultiPolygon", "coordinates": [ [ [ [ 123.220442949803584, 23.87735403035817 ], [ 123.470272409476763, 23.45485274638995 ], [ 123.198706569803832, 22.991674401988099 ], [ 122.678891751952563, 22.949127288735099 ], [ 122.434543768109549, 23.366545942963008 ], [ 122.70454571134583, 23.831642506138905 ], [ 123.220442949803584, 23.87735403035817 ] ] ] ] } },
{ "type": "Feature", "properties": { "geogrid_id": "823450315139311101", "seqnum": 30144.0, "lat_c": 23.450314940807935, "lon_c": 139.31110050799086, "res": 8.0, "count_Insects": 0, "count_Birds": 0, "count_Flowering Plants": 0, "count_Sac Fungi": 0, "count_Amphibians": 0, "count_Molluscs": 0, "count_Arachnids": 0, "count_Mosses": 0, "count_Mammals": 0, "count_Basidiomycota": 0, "count_Gymnosperms": 0, "count_Reptiles": 1, "count_Ferns": 0, "unique_species_count": 1.0, "countryCode": "JP" }, "geometry": { "type": "MultiPolygon", "coordinates": [ [ [ [ 139.629135514598914, 23.877577065894364 ], [ 139.83786073827406, 23.439508158803747 ], [ 139.519908350436936, 23.01244769862987 ], [ 138.995088366564971, 23.022164349872639 ], [ 138.78484206605691, 23.460068849227142 ], [ 139.10092014167148, 23.888468452553298 ], [ 139.629135514598914, 23.877577065894364 ] ] ] ] } },
{ "type": "Feature", "properties": { "geogrid_id": "823453465157698215", "seqnum": 31939.0, "lat_c": 23.453464592225092, "lon_c": 157.69821507015141, "res": 8.0, "count_Insects": 0, "count_Birds": 0, "count_Flowering Plants": 0, "count_Sac Fungi": 0, "count_Amphibians": 0, "count_Molluscs": 0, "count_Arachnids": 0, "count_Mosses": 0, "count_Mammals": 0, "count_Basidiomycota": 0, "count_Gymnosperms": 0, "count_Reptiles": 1, "count_Ferns": 0, "unique_species_count": 1.0, "countryCode": "JP" }, "geometry": { "type": "MultiPolygon", "coordinates": [ [ [ [ 158.10620759159778, 23.764347842653827 ], [ 158.255447988503334, 23.317435946831015 ], [ 157.848113104653152, 23.007787568307382 ], [ 157.290348948164876, 23.143698318527747 ], [ 157.138892784894892, 23.588110759518109 ], [ 157.547396227389015, 23.899160303726546 ], [ 158.10620759159778, 23.764347842653827 ] ] ] ] } },
{ "type": "Feature", "properties": { "geogrid_id": "823476044137733824", "seqnum": 29981.0, "lat_c": 23.476043671942104, "lon_c": 137.73382449379102, "res": 8.0, "count_Insects": 0, "count_Birds": 0, "count_Flowering Plants": 0, "count_Sac Fungi": 0, "count_Amphibians": 0, "count_Molluscs": 0, "count_Arachnids": 0, "count_Mosses": 0, "count_Mammals": 0, "count_Basidiomycota": 0, "count_Gymnosperms": 0, "count_Reptiles": 1, "count_Ferns": 0, "unique_species_count": 1.0, "countryCode": "JP" }, "geometry": { "type": "MultiPolygon", "coordinates": [ [ [ [ 138.046059887582231, 23.906845996366755 ], [ 138.259084336356636, 23.468674020812472 ], [ 137.946886763433582, 23.038206637838261 ], [ 137.42350159022098, 23.044364515920002 ], [ 137.209058362579043, 23.48209912471669 ], [ 137.519407125966751, 23.914152025913015 ], [ 138.046059887582231, 23.906845996366755 ] ] ] ] } },
{ "type": "Feature", "properties": { "geogrid_id": "823489988136160986", "seqnum": 29818.0, "lat_c": 23.489988209817575, "lon_c": 136.16098570854669, "res": 8.0, "count_Insects": 0, "count_Birds": 0, "count_Flowering Plants": 0, "count_Sac Fungi": 0, "count_Amphibians": 0, "count_Molluscs": 0, "count_Arachnids": 0, "count_Mosses": 0, "count_Mammals": 0, "count_Basidiomycota": 0, "count_Gymnosperms": 0, "count_Reptiles": 1, "count_Ferns": 0, "unique_species_count": 1.0, "countryCode": "JP" }, "geometry": { "type": "MultiPolygon", "coordinates": [ [ [ [ 136.467627066034083, 23.92461104250237 ], [ 136.684780747461048, 23.486768949652308 ], [ 136.378144359720864, 23.052589777878033 ], [ 135.856162526092845, 23.054530643034358 ], [ 135.637666788793496, 23.491697793365503 ], [ 135.9424856140229, 23.927630396897261 ], [ 136.467627066034083, 23.92461104250237 ] ] ] ] } },
{ "type": "Feature", "properties": { "geogrid_id": "823538040124500837", "seqnum": 28596.0, "lat_c": 23.538039530735155, "lon_c": 124.50083729366943, "res": 8.0, "count_Insects": 0, "count_Birds": 0, "count_Flowering Plants": 0, "count_Sac Fungi": 0, "count_Amphibians": 0, "count_Molluscs": 0, "count_Arachnids": 0, "count_Mosses": 0, "count_Mammals": 0, "count_Basidiomycota": 0, "count_Gymnosperms": 0, "count_Reptiles": 1, "count_Ferns": 0, "unique_species_count": 1.0, "countryCode": "JP" }, "geometry": { "type": "MultiPolygon", "coordinates": [ [ [ [ 124.770439384100825, 24.001792970945878 ], [ 125.016688230335561, 23.576502466494716 ], [ 124.746910255546638, 23.113565410961538 ], [ 124.232623529729153, 23.073929820802984 ], [ 123.985365685866455, 23.497492256555429 ], [ 124.253389140122749, 23.96242223843371 ], [ 124.770439384100825, 24.001792970945878 ] ] ] ] } },
{ "type": "Feature", "properties": { "geogrid_id": "823738226144938363", "seqnum": 30715.0, "lat_c": 23.738226121595144, "lon_c": 144.93836307604323, "res": 8.0, "count_Insects": 0, "count_Birds": 0, "count_Flowering Plants": 0, "count_Sac Fungi": 0, "count_Amphibians": 0, "count_Molluscs": 0, "count_Arachnids": 0, "count_Mosses": 0, "count_Mammals": 1, "count_Basidiomycota": 0, "count_Gymnosperms": 0, "count_Reptiles": 0, "count_Ferns": 0, "unique_species_count": 1.0, "countryCode": "JP" }, "geometry": { "type": "MultiPolygon", "coordinates": [ [ [ [ 145.279450054484272, 24.159479022386339 ], [ 145.471349312100614, 23.725632073523467 ], [ 145.130727220989542, 23.303892844507782 ], [ 144.599778730150803, 23.316918042820273 ], [ 144.405589259160422, 23.751849757998482 ], [ 144.744580289260711, 24.172746396216223 ], [ 145.279450054484272, 24.159479022386339 ] ] ] ] } },
{ "type": "Feature", "properties": { "geogrid_id": "823780925143340989", "seqnum": 30552.0, "lat_c": 23.780925120844341, "lon_c": 143.34098875749413, "res": 8.0, "count_Insects": 0, "count_Birds": 7, "count_Flowering Plants": 0, "count_Sac Fungi": 0, "count_Amphibians": 0, "count_Molluscs": 0, "count_Arachnids": 0, "count_Mosses": 0, "count_Mammals": 2, "count_Basidiomycota": 0, "count_Gymnosperms": 0, "count_Reptiles": 0, "count_Ferns": 0, "unique_species_count": 9.0, "countryCode": "JP" }, "geometry": { "type": "MultiPolygon", "coordinates": [ [ [ [ 143.675721472540857, 24.201911558312613 ], [ 143.873109705529572, 23.766178555644952 ], [ 143.538683743991868, 23.344931487698037 ], [ 143.008656619355321, 23.359384293437969 ], [ 142.809276380142478, 23.795834375727726 ], [ 143.14187326650017, 24.217188046341533 ], [ 143.675721472540857, 24.201911558312613 ] ] ] ] } },
{ "type": "Feature", "properties": { "geogrid_id": "823825258141747220", "seqnum": 30389.0, "lat_c": 23.825258385726208, "lon_c": 141.7472203794236, "res": 8.0, "count_Insects": 0, "count_Birds": 2, "count_Flowering Plants": 0, "count_Sac Fungi": 0, "count_Amphibians": 0, "count_Molluscs": 0, "count_Arachnids": 0, "count_Mosses": 0, "count_Mammals": 1, "count_Basidiomycota": 0, "count_Gymnosperms": 0, "count_Reptiles": 0, "count_Ferns": 0, "unique_species_count": 3.0, "countryCode": "JP" }, "geometry": { "type": "MultiPolygon", "coordinates": [ [ [ [ 142.07557597265415, 24.247836170122532 ], [ 142.278010746679712, 23.810679492693019 ], [ 141.949850246085248, 23.388053929526176 ], [ 141.421125956075542, 23.401889775787797 ], [ 141.21692592402124, 23.839390677695892 ], [ 141.543186994497887, 24.262776600301468 ], [ 142.07557597265415, 24.247836170122532 ] ] ] ] } },
{ "type": "Feature", "properties": { "geogrid_id": "823898256138573229", "seqnum": 30063.0, "lat_c": 23.898256309707207, "lon_c": 138.5732293156976, "res": 8.0, "count_Insects": 0, "count_Birds": 0, "count_Flowering Plants": 0, "count_Sac Fungi": 0, "count_Amphibians": 0, "count_Molluscs": 0, "count_Arachnids": 0, "count_Mosses": 0, "count_Mammals": 0, "count_Basidiomycota": 0, "count_Gymnosperms": 0, "count_Reptiles": 1, "count_Ferns": 0, "unique_species_count": 1.0, "countryCode": "JP" }, "geometry": { "type": "MultiPolygon", "coordinates": [ [ [ [ 138.889379139348563, 24.326947767513566 ], [ 139.10092014167148, 23.888468452553298 ], [ 138.78484206605691, 23.460068849227142 ], [ 138.259084336356636, 23.468674020812472 ], [ 138.046059887582231, 23.906845996366755 ], [ 138.360264455406565, 24.336765122623447 ], [ 138.889379139348563, 24.326947767513566 ] ] ] ] } },
{ "type": "Feature", "properties": { "geogrid_id": "823920945123736724", "seqnum": 28515.0, "lat_c": 23.920945038708606, "lon_c": 123.73672392161217, "res": 8.0, "count_Insects": 178, "count_Birds": 40, "count_Flowering Plants": 121, "count_Sac Fungi": 7, "count_Amphibians": 8, "count_Molluscs": 71, "count_Arachnids": 9, "count_Mosses": 19, "count_Mammals": 0, "count_Basidiomycota": 24, "count_Gymnosperms": 2, "count_Reptiles": 5, "count_Ferns": 6, "unique_species_count": 490.0, "countryCode": "JP" }, "geometry": { "type": "MultiPolygon", "coordinates": [ [ [ [ 124.004604900080921, 24.386729553929211 ], [ 124.253389140122749, 23.96242223843371 ], [ 123.985365685866455, 23.497492256555429 ], [ 123.470272409476763, 23.45485274638995 ], [ 123.220442949803584, 23.87735403035817 ], [ 123.486736980303348, 24.344303734262343 ], [ 124.004604900080921, 24.386729553929211 ] ] ] ] } },
{ "type": "Feature", "properties": { "geogrid_id": "823923682133846729", "seqnum": 29574.0, "lat_c": 23.923681602446194, "lon_c": 133.84672874375528, "res": 8.0, "count_Insects": 0, "count_Birds": 0, "count_Flowering Plants": 0, "count_Sac Fungi": 0, "count_Amphibians": 0, "count_Molluscs": 0, "count_Arachnids": 0, "count_Mosses": 0, "count_Mammals": 1, "count_Basidiomycota": 0, "count_Gymnosperms": 0, "count_Reptiles": 0, "count_Ferns": 0, "unique_species_count": 1.0, "countryCode": "JP" }, "geometry": { "type": "MultiPolygon", "coordinates": [ [ [ [ 134.146190016589856, 24.364196926425979 ], [ 134.369962528488003, 23.927168724203877 ], [ 134.070498127747157, 23.487252808814663 ], [ 133.549014670585905, 23.482429765895994 ], [ 133.323952199505953, 23.918458225170806 ], [ 133.621656796782446, 24.360332331939851 ], [ 134.146190016589856, 24.364196926425979 ] ] ] ] } },
{ "type": "Feature", "properties": { "geogrid_id": "824138383126842517", "seqnum": 28841.0, "lat_c": 24.138383134744707, "lon_c": 126.84251667930423, "res": 8.0, "count_Insects": 0, "count_Birds": 0, "count_Flowering Plants": 0, "count_Sac Fungi": 0, "count_Amphibians": 0, "count_Molluscs": 0, "count_Arachnids": 0, "count_Mosses": 0, "count_Mammals": 0, "count_Basidiomycota": 0, "count_Gymnosperms": 0, "count_Reptiles": 1, "count_Ferns": 0, "unique_species_count": 1.0, "countryCode": "JP" }, "geometry": { "type": "MultiPolygon", "coordinates": [ [ [ [ 127.120051358929828, 24.596870848851623 ], [ 127.361514518673715, 24.1673575617437 ], [ 127.083915059192563, 23.709694763059066 ], [ 126.566531150786446, 23.67947517882132 ], [ 126.323912487937022, 24.107350354569405 ], [ 126.599821826894328, 24.567089823868507 ], [ 127.120051358929828, 24.596870848851623 ] ] ] ] } },
{ "type": "Feature", "properties": { "geogrid_id": "824187001144209978", "seqnum": 30634.0, "lat_c": 24.18700057564747, "lon_c": 144.20997762648571, "res": 8.0, "count_Insects": 0, "count_Birds": 1, "count_Flowering Plants": 0, "count_Sac Fungi": 0, "count_Amphibians": 0, "count_Molluscs": 0, "count_Arachnids": 0, "count_Mosses": 0, "count_Mammals": 1, "count_Basidiomycota": 0, "count_Gymnosperms": 0, "count_Reptiles": 0, "count_Ferns": 0, "unique_species_count": 2.0, "countryCode": "JP" }, "geometry": { "type": "MultiPolygon", "coordinates": [ [ [ [ 144.549357845305877, 24.607501382833057 ], [ 144.744580289260711, 24.172746396216223 ], [ 144.405589259160422, 23.751849757998482 ], [ 143.873109705529572, 23.766178555644952 ], [ 143.675721472540857, 24.201911558312613 ], [ 144.012926702450983, 24.622418998894716 ], [ 144.549357845305877, 24.607501382833057 ] ] ] ] } },
{ "type": "Feature", "properties": { "geogrid_id": "824196928150600904", "seqnum": 31286.0, "lat_c": 24.196928073332018, "lon_c": 150.60090445795385, "res": 8.0, "count_Insects": 0, "count_Birds": 0, "count_Flowering Plants": 0, "count_Sac Fungi": 0, "count_Amphibians": 0, "count_Molluscs": 0, "count_Arachnids": 0, "count_Mosses": 0, "count_Mammals": 0, "count_Basidiomycota": 0, "count_Gymnosperms": 0, "count_Reptiles": 1, "count_Ferns": 0, "unique_species_count": 1.0, "countryCode": "JP" }, "geometry": { "type": "MultiPolygon", "coordinates": [ [ [ [ 150.95179938508079, 24.664529227167638 ], [ 151.121707075204625, 24.235950310834866 ], [ 150.7716875917273, 23.768439844366526 ], [ 150.249032225707907, 23.739366653203152 ], [ 150.076158498829699, 24.167775567558039 ], [ 150.429011098898684, 24.625061041615236 ], [ 150.95179938508079, 24.664529227167638 ] ] ] ] } },
{ "type": "Feature", "properties": { "geogrid_id": "824248966154305033", "seqnum": 31613.0, "lat_c": 24.248965622600011, "lon_c": 154.30503285348934, "res": 8.0, "count_Insects": 0, "count_Birds": 0, "count_Flowering Plants": 3, "count_Sac Fungi": 0, "count_Amphibians": 0, "count_Molluscs": 0, "count_Arachnids": 0, "count_Mosses": 0, "count_Mammals": 0, "count_Basidiomycota": 0, "count_Gymnosperms": 0, "count_Reptiles": 0, "count_Ferns": 0, "unique_species_count": 3.0, "countryCode": "JP" }, "geometry": { "type": "MultiPolygon", "coordinates": [ [ [ [ 154.718670327746196, 24.556013026352272 ], [ 154.877490833420694, 24.117330683055052 ], [ 154.464473203239294, 23.811776473058721 ], [ 153.890267973353076, 23.945764488615289 ], [ 153.729147265942544, 24.381344926626443 ], [ 154.144559900376379, 24.686054099836909 ], [ 154.718670327746196, 24.556013026352272 ] ] ] ] } },
{ "type": "Feature", "properties": { "geogrid_id": "824277213141011330", "seqnum": 30308.0, "lat_c": 24.277213174326441, "lon_c": 141.01133028218908, "res": 8.0, "count_Insects": 0, "count_Birds": 0, "count_Flowering Plants": 0, "count_Sac Fungi": 0, "count_Amphibians": 0, "count_Molluscs": 0, "count_Arachnids": 0, "count_Mosses": 0, "count_Mammals": 1, "count_Basidiomycota": 0, "count_Gymnosperms": 0, "count_Reptiles": 0, "count_Ferns": 0, "unique_species_count": 1.0, "countryCode": "JP" }, "geometry": { "type": "MultiPolygon", "coordinates": [ [ [ [ 141.337752410226926, 24.70065574091705 ], [ 141.543186994497887, 24.262776600301468 ], [ 141.21692592402124, 23.839390677695892 ], [ 140.687141620521572, 23.852915074868417 ], [ 140.48001696047092, 24.290984964040426 ], [ 140.804344918430445, 24.715403492585367 ], [ 141.337752410226926, 24.70065574091705 ] ] ] ] } },
{ "type": "Feature", "properties": { "geogrid_id": "824281828129962522", "seqnum": 29167.0, "lat_c": 24.281827757135591, "lon_c": 129.96252170733044, "res": 8.0, "count_Insects": 0, "count_Birds": 1, "count_Flowering Plants": 0, "count_Sac Fungi": 0, "count_Amphibians": 0, "count_Molluscs": 0, "count_Arachnids": 0, "count_Mosses": 0, "count_Mammals": 0, "count_Basidiomycota": 0, "count_Gymnosperms": 0, "count_Reptiles": 0, "count_Ferns": 0, "unique_species_count": 1.0, "countryCode": "JP" }, "geometry": { "type": "MultiPolygon", "coordinates": [ [ [ [ 130.249970843984698, 24.732530000919418 ], [ 130.483955498353026, 24.298753843663885 ], [ 130.196496679803147, 23.848818731528532 ], [ 129.676729252088563, 23.830576678915595 ], [ 129.441504933436931, 24.262936112580924 ], [ 129.727280086149932, 24.71496643380399 ], [ 130.249970843984698, 24.732530000919418 ] ] ] ] } },
{ "type": "Feature", "properties": { "geogrid_id": "824299743122969259", "seqnum": 28434.0, "lat_c": 24.299742566399797, "lon_c": 122.96925891427985, "res": 8.0, "count_Insects": 71, "count_Birds": 41, "count_Flowering Plants": 83, "count_Sac Fungi": 0, "count_Amphibians": 1, "count_Molluscs": 81, "count_Arachnids": 3, "count_Mosses": 0, "count_Mammals": 1, "count_Basidiomycota": 0, "count_Gymnosperms": 0, "count_Reptiles": 3, "count_Ferns": 5, "unique_species_count": 289.0, "countryCode": "JP" }, "geometry": { "type": "MultiPolygon", "coordinates": [ [ [ [ 123.235449621724129, 24.767584340045744 ], [ 123.486736980303348, 24.344303734262343 ], [ 123.220442949803584, 23.87735403035817 ], [ 122.70454571134583, 23.831642506138905 ], [ 122.452170454981683, 24.25303988099872 ], [ 122.716764555904263, 24.722033919851754 ], [ 123.235449621724129, 24.767584340045744 ] ] ] ] } },
{ "type": "Feature", "properties": { "geogrid_id": "824326794131528097", "seqnum": 29330.0, "lat_c": 24.326793833924036, "lon_c": 131.52809660378043, "res": 8.0, "count_Insects": 0, "count_Birds": 0, "count_Flowering Plants": 0, "count_Sac Fungi": 0, "count_Amphibians": 0, "count_Molluscs": 0, "count_Arachnids": 0, "count_Mosses": 0, "count_Mammals": 0, "count_Basidiomycota": 0, "count_Gymnosperms": 0, "count_Reptiles": 1, "count_Ferns": 0, "unique_species_count": 1.0, "countryCode": "JP" }, "geometry": { "type": "MultiPolygon", "coordinates": [ [ [ [ 131.820630412501032, 24.773450533253914 ], [ 132.050816351468939, 24.337954847424005 ], [ 131.758292334379291, 23.89202160460589 ], [ 131.237272714237008, 23.879518607902643 ], [ 131.005811804626319, 24.313735027065309 ], [ 131.296639524844807, 24.761749581388372 ], [ 131.820630412501032, 24.773450533253914 ] ] ] ] } },
{ "type": "Feature", "properties": { "geogrid_id": "824354693133097589", "seqnum": 29493.0, "lat_c": 24.354693376524558, "lon_c": 133.0975888515128, "res": 8.0, "count_Insects": 0, "count_Birds": 0, "count_Flowering Plants": 0, "count_Sac Fungi": 0, "count_Amphibians": 0, "count_Molluscs": 0, "count_Arachnids": 0, "count_Mosses": 0, "count_Mammals": 0, "count_Basidiomycota": 0, "count_Gymnosperms": 0, "count_Reptiles": 1, "count_Ferns": 0, "unique_species_count": 1.0, "countryCode": "JP" }, "geometry": { "type": "MultiPolygon", "coordinates": [ [ [ [ 133.39531855835267, 24.797234209553267 ], [ 133.621656796782446, 24.360332331939851 ], [ 133.323952199505953, 23.918458225170806 ], [ 132.80162537642056, 23.911462176415068 ], [ 132.573977973681508, 24.347244914261911 ], [ 132.869961814638344, 24.791163382573 ], [ 133.39531855835267, 24.797234209553267 ] ] ] ] } },
{ "type": "Feature", "properties": { "geogrid_id": "824427027124522863", "seqnum": 28597.0, "lat_c": 24.427026804440402, "lon_c": 124.5228631998276, "res": 8.0, "count_Insects": 314, "count_Birds": 89, "count_Flowering Plants": 159, "count_Sac Fungi": 3, "count_Amphibians": 7, "count_Molluscs": 343, "count_Arachnids": 24, "count_Mosses": 3, "count_Mammals": 1, "count_Basidiomycota": 14, "count_Gymnosperms": 1, "count_Reptiles": 14, "count_Ferns": 7, "unique_species_count": 979.0, "countryCode": "JP" }, "geometry": { "type": "MultiPolygon", "coordinates": [ [ [ [ 124.793876850974925, 24.89132007819968 ], [ 125.041512708658715, 24.465202921898641 ], [ 124.770439384100825, 24.001792970945878 ], [ 124.253389140122749, 23.96242223843371 ], [ 124.004604900080921, 24.386729553929211 ], [ 124.274005374082748, 24.852220892400403 ], [ 124.793876850974925, 24.89132007819968 ] ] ] ] } },
{ "type": "Feature", "properties": { "geogrid_id": "824508891151550603", "seqnum": 31368.0, "lat_c": 24.508891410747431, "lon_c": 151.55060276464181, "res": 8.0, "count_Insects": 0, "count_Birds": 0, "count_Flowering Plants": 107, "count_Sac Fungi": 0, "count_Amphibians": 0, "count_Molluscs": 0, "count_Arachnids": 0, "count_Mosses": 0, "count_Mammals": 0, "count_Basidiomycota": 0, "count_Gymnosperms": 0, "count_Reptiles": 0, "count_Ferns": 8, "unique_species_count": 115.0, "countryCode": "JP" }, "geometry": { "type": "MultiPolygon", "coordinates": [ [ [ [ 151.976475953242414, 24.792058945701342 ], [ 152.143084433450923, 24.361319188732512 ], [ 151.718235521873282, 24.079233244442939 ], [ 151.121707075204625, 24.235950310834866 ], [ 150.95179938508079, 24.664529227167638 ], [ 151.38190383122992, 24.938213443802528 ], [ 151.976475953242414, 24.792058945701342 ] ] ] ] } },
{ "type": "Feature", "properties": { "geogrid_id": "824593522145086115", "seqnum": 30716.0, "lat_c": 24.593522341729042, "lon_c": 145.08611456646585, "res": 8.0, "count_Insects": 0, "count_Birds": 0, "count_Flowering Plants": 0, "count_Sac Fungi": 0, "count_Amphibians": 0, "count_Molluscs": 0, "count_Arachnids": 0, "count_Mosses": 0, "count_Mammals": 1, "count_Basidiomycota": 0, "count_Gymnosperms": 0, "count_Reptiles": 0, "count_Ferns": 0, "unique_species_count": 1.0, "countryCode": "JP" }, "geometry": { "type": "MultiPolygon", "coordinates": [ [ [ [ 145.430255290805491, 25.014356300309167 ], [ 145.623097812547002, 24.58086403149127 ], [ 145.279450054484272, 24.159479022386339 ], [ 144.744580289260711, 24.172746396216223 ], [ 144.549357845305877, 24.607501382833057 ], [ 144.891320467115804, 25.027812761724153 ], [ 145.430255290805491, 25.014356300309167 ] ] ] ] } },
{ "type": "Feature", "properties": { "geogrid_id": "824651693152565409", "seqnum": 31450.0, "lat_c": 24.651692535927658, "lon_c": 152.56540899610519, "res": 8.0, "count_Insects": 23, "count_Birds": 0, "count_Flowering Plants": 0, "count_Sac Fungi": 0, "count_Amphibians": 0, "count_Molluscs": 0, "count_Arachnids": 0, "count_Mosses": 0, "count_Mammals": 0, "count_Basidiomycota": 0, "count_Gymnosperms": 0, "count_Reptiles": 0, "count_Ferns": 0, "unique_species_count": 23.0, "countryCode": "JP" }, "geometry": { "type": "MultiPolygon", "coordinates": [ [ [ [ 152.985523032890796, 24.949007164221584 ], [ 153.149434589500828, 24.51524548906513 ], [ 152.730085742809592, 24.219380823497566 ], [ 152.143084433450923, 24.361319188732512 ], [ 151.976475953242414, 24.792058945701342 ], [ 152.399668644049598, 25.083772605631506 ], [ 152.985523032890796, 24.949007164221584 ] ] ] ] } },
{ "type": "Feature", "properties": { "geogrid_id": "824674321122198475", "seqnum": 28353.0, "lat_c": 24.67432103890712, "lon_c": 122.19847467371672, "res": 8.0, "count_Insects": 0, "count_Birds": 1, "count_Flowering Plants": 0, "count_Sac Fungi": 0, "count_Amphibians": 0, "count_Molluscs": 0, "count_Arachnids": 0, "count_Mosses": 0, "count_Mammals": 0, "count_Basidiomycota": 0, "count_Gymnosperms": 0, "count_Reptiles": 1, "count_Ferns": 0, "unique_species_count": 2.0, "countryCode": "JP" }, "geometry": { "type": "MultiPolygon", "coordinates": [ [ [ [ 122.463010593855699, 25.144244100796399 ], [ 122.716764555904263, 24.722033919851754 ], [ 122.452170454981683, 24.25303988099872 ], [ 121.935471611134673, 24.204190075259653 ], [ 121.680580296888138, 24.624440612603983 ], [ 121.943508421762459, 25.09550158252403 ], [ 122.463010593855699, 25.144244100796399 ] ] ] ] } },
{ "type": "Feature", "properties": { "geogrid_id": "824685343141871729", "seqnum": 30390.0, "lat_c": 24.685343430092658, "lon_c": 141.87172925357402, "res": 8.0, "count_Insects": 0, "count_Birds": 0, "count_Flowering Plants": 0, "count_Sac Fungi": 0, "count_Amphibians": 0, "count_Molluscs": 0, "count_Arachnids": 0, "count_Mosses": 0, "count_Mammals": 1, "count_Basidiomycota": 0, "count_Gymnosperms": 0, "count_Reptiles": 0, "count_Ferns": 0, "unique_species_count": 1.0, "countryCode": "JP" }, "geometry": { "type": "MultiPolygon", "coordinates": [ [ [ [ 142.2026218981662, 25.107109713482004 ], [ 142.406261644838651, 24.669646816404956 ], [ 142.07557597265415, 24.247836170122532 ], [ 141.543186994497887, 24.262776600301468 ], [ 141.337752410226926, 24.70065574091705 ], [ 141.666474890744979, 25.123252496380168 ], [ 142.2026218981662, 25.107109713482004 ] ] ] ] } },
{ "type": "Feature", "properties": { "geogrid_id": "824729426140271514", "seqnum": 30227.0, "lat_c": 24.729426457454519, "lon_c": 140.27151446349382, "res": 8.0, "count_Insects": 0, "count_Birds": 1, "count_Flowering Plants": 0, "count_Sac Fungi": 0, "count_Amphibians": 0, "count_Molluscs": 0, "count_Arachnids": 0, "count_Mosses": 0, "count_Mammals": 0, "count_Basidiomycota": 0, "count_Gymnosperms": 0, "count_Reptiles": 0, "count_Ferns": 0, "unique_species_count": 1.0, "countryCode": "JP" }, "geometry": { "type": "MultiPolygon", "coordinates": [ [ [ [ 140.595982202339229, 25.154010699148053 ], [ 140.804344918430445, 24.715403492585367 ], [ 140.48001696047092, 24.290984964040426 ], [ 139.949253122553728, 24.303948212492543 ], [ 139.739263899883753, 24.742581923431768 ], [ 140.061650218207348, 25.16828734518257 ], [ 140.595982202339229, 25.154010699148053 ] ] ] ] } },
{ "type": "Feature", "properties": { "geogrid_id": "824748117130773089", "seqnum": 29249.0, "lat_c": 24.748117227501968, "lon_c": 130.77308858787788, "res": 8.0, "count_Insects": 0, "count_Birds": 0, "count_Flowering Plants": 0, "count_Sac Fungi": 0, "count_Amphibians": 0, "count_Molluscs": 0, "count_Arachnids": 0, "count_Mosses": 0, "count_Mammals": 0, "count_Basidiomycota": 0, "count_Gymnosperms": 0, "count_Reptiles": 1, "count_Ferns": 0, "unique_species_count": 1.0, "countryCode": "JP" }, "geometry": { "type": "MultiPolygon", "coordinates": [ [ [ [ 131.063968029294301, 25.196914767128334 ], [ 131.296639524844807, 24.761749581388372 ], [ 131.005811804626319, 24.313735027065309 ], [ 130.483955498353026, 24.298753843663885 ], [ 130.249970843984698, 24.732530000919418 ], [ 130.539150361126474, 25.182690206696766 ], [ 131.063968029294301, 25.196914767128334 ] ] ] ] } },
{ "type": "Feature", "properties": { "geogrid_id": "824765794138676496", "seqnum": 30064.0, "lat_c": 24.765794393271179, "lon_c": 138.67649583564398, "res": 8.0, "count_Insects": 0, "count_Birds": 0, "count_Flowering Plants": 0, "count_Sac Fungi": 0, "count_Amphibians": 0, "count_Molluscs": 0, "count_Arachnids": 0, "count_Mosses": 0, "count_Mammals": 0, "count_Basidiomycota": 0, "count_Gymnosperms": 0, "count_Reptiles": 1, "count_Ferns": 0, "unique_species_count": 1.0, "countryCode": "JP" }, "geometry": { "type": "MultiPolygon", "coordinates": [ [ [ [ 138.994812668483917, 25.193926872807541 ], [ 139.207592304148903, 24.754742528830644 ], [ 138.889379139348563, 24.326947767513566 ], [ 138.360264455406565, 24.336765122623447 ], [ 138.145968439544276, 24.775635500914831 ], [ 138.462296086436851, 25.205051890638838 ], [ 138.994812668483917, 25.193926872807541 ] ] ] ] } },
{ "type": "Feature", "properties": { "geogrid_id": "824783246132345069", "seqnum": 29412.0, "lat_c": 24.783245761532555, "lon_c": 132.3450685587712, "res": 8.0, "count_Insects": 0, "count_Birds": 0, "count_Flowering Plants": 1, "count_Sac Fungi": 0, "count_Amphibians": 0, "count_Molluscs": 0, "count_Arachnids": 0, "count_Mosses": 0, "count_Mammals": 0, "count_Basidiomycota": 0, "count_Gymnosperms": 0, "count_Reptiles": 0, "count_Ferns": 0, "unique_species_count": 1.0, "countryCode": "JP" }, "geometry": { "type": "MultiPolygon", "coordinates": [ [ [ [ 132.641116224657338, 25.227897214204003 ], [ 132.869961814638344, 24.791163382573 ], [ 132.573977973681508, 24.347244914261911 ], [ 132.050816351468939, 24.337954847424005 ], [ 131.820630412501032, 24.773450533253914 ], [ 132.114942991701724, 25.219492623923937 ], [ 132.641116224657338, 25.227897214204003 ] ] ] ] } },
{ "type": "Feature", "properties": { "geogrid_id": "824810978123754530", "seqnum": 28516.0, "lat_c": 24.810977926952258, "lon_c": 123.75452981568895, "res": 8.0, "count_Insects": 263, "count_Birds": 51, "count_Flowering Plants": 125, "count_Sac Fungi": 0, "count_Amphibians": 4, "count_Molluscs": 38, "count_Arachnids": 10, "count_Mosses": 7, "count_Mammals": 1, "count_Basidiomycota": 5, "count_Gymnosperms": 0, "count_Reptiles": 12, "count_Ferns": 18, "unique_species_count": 534.0, "countryCode": "JP" }, "geometry": { "type": "MultiPolygon", "coordinates": [ [ [ [ 124.023918489961659, 25.277392598426726 ], [ 124.274005374082748, 24.852220892400403 ], [ 124.004604900080921, 24.386729553929211 ], [ 123.486736980303348, 24.344303734262343 ], [ 123.235449621724129, 24.767584340045744 ], [ 123.50321587415786, 25.235184246558838 ], [ 124.023918489961659, 25.277392598426726 ] ] ] ] } },
{ "type": "Feature", "properties": { "geogrid_id": "824928283125314145", "seqnum": 28679.0, "lat_c": 24.928283006347684, "lon_c": 125.31414514464886, "res": 8.0, "count_Insects": 105, "count_Birds": 32, "count_Flowering Plants": 58, "count_Sac Fungi": 0, "count_Amphibians": 5, "count_Molluscs": 350, "count_Arachnids": 5, "count_Mosses": 0, "count_Mammals": 1, "count_Basidiomycota": 0, "count_Gymnosperms": 0, "count_Reptiles": 8, "count_Ferns": 0, "unique_species_count": 564.0, "countryCode": "JP" }, "geometry": { "type": "MultiPolygon", "coordinates": [ [ [ [ 125.588430245885178, 25.391047789768656 ], [ 125.834811524357804, 24.963117934384279 ], [ 125.560554582499279, 24.501266051540028 ], [ 125.041512708658715, 24.465202921898641 ], [ 124.793876850974925, 24.89132007819968 ], [ 125.066524884251919, 25.35531712485967 ], [ 125.588430245885178, 25.391047789768656 ] ] ] ] } },
{ "type": "Feature", "properties": { "geogrid_id": "825026441126877346", "seqnum": 28842.0, "lat_c": 25.026440871242091, "lon_c": 126.87734563565724, "res": 8.0, "count_Insects": 0, "count_Birds": 0, "count_Flowering Plants": 0, "count_Sac Fungi": 0, "count_Amphibians": 0, "count_Molluscs": 0, "count_Arachnids": 0, "count_Mosses": 0, "count_Mammals": 0, "count_Basidiomycota": 0, "count_Gymnosperms": 0, "count_Reptiles": 2, "count_Ferns": 0, "unique_species_count": 2.0, "countryCode": "JP" }, "geometry": { "type": "MultiPolygon", "coordinates": [ [ [ [ 127.156573306439668, 25.485416384841578 ], [ 127.399218003574347, 25.054949656226896 ], [ 127.120051358929828, 24.596870848851623 ], [ 126.599821826894328, 24.567089823868507 ], [ 126.355877657297583, 24.995833916518965 ], [ 126.63345235996573, 25.456087783474658 ], [ 127.156573306439668, 25.485416384841578 ] ] ] ] } },
{ "type": "Feature", "properties": { "geogrid_id": "825090721142739349", "seqnum": 30472.0, "lat_c": 25.090720854981083, "lon_c": 142.73934878002015, "res": 8.0, "count_Insects": 0, "count_Birds": 0, "count_Flowering Plants": 0, "count_Sac Fungi": 0, "count_Amphibians": 0, "count_Molluscs": 0, "count_Arachnids": 0, "count_Mosses": 0, "count_Mammals": 1, "count_Basidiomycota": 0, "count_Gymnosperms": 0, "count_Reptiles": 0, "count_Ferns": 0, "unique_species_count": 1.0, "countryCode": "JP" }, "geometry": { "type": "MultiPolygon", "coordinates": [ [ [ [ 143.074911478622482, 25.511097741243141 ], [ 143.276628727895257, 25.074316248317917 ], [ 142.941328087918293, 24.653769107578562 ], [ 142.406261644838651, 24.669646816404956 ], [ 142.2026218981662, 25.107109713482004 ], [ 142.535936713318705, 25.528099877826897 ], [ 143.074911478622482, 25.511097741243141 ] ] ] ] } },
{ "type": "Feature", "properties": { "geogrid_id": "825105721128444189", "seqnum": 29005.0, "lat_c": 25.105721351507761, "lon_c": 128.44418850367657, "res": 8.0, "count_Insects": 0, "count_Birds": 0, "count_Flowering Plants": 0, "count_Sac Fungi": 0, "count_Amphibians": 0, "count_Molluscs": 0, "count_Arachnids": 0, "count_Mosses": 0, "count_Mammals": 0, "count_Basidiomycota": 0, "count_Gymnosperms": 0, "count_Reptiles": 2, "count_Ferns": 0, "unique_species_count": 2.0, "countryCode": "JP" }, "geometry": { "type": "MultiPolygon", "coordinates": [ [ [ [ 128.728411611740569, 25.56077288848363 ], [ 128.967294220502367, 25.128011468525109 ], [ 128.683157416925127, 24.673833343904423 ], [ 128.161715774481735, 24.650229350289337 ], [ 127.921497783781078, 25.081372151440284 ], [ 128.204049254694098, 25.537746216985592 ], [ 128.728411611740569, 25.56077288848363 ] ] ] ] } },
{ "type": "Feature", "properties": { "geogrid_id": "825138946141130925", "seqnum": 30309.0, "lat_c": 25.138946032194777, "lon_c": 141.13092506092826, "res": 8.0, "count_Insects": 0, "count_Birds": 6, "count_Flowering Plants": 0, "count_Sac Fungi": 2, "count_Amphibians": 0, "count_Molluscs": 0, "count_Arachnids": 0, "count_Mosses": 0, "count_Mammals": 1, "count_Basidiomycota": 0, "count_Gymnosperms": 0, "count_Reptiles": 0, "count_Ferns": 11, "unique_species_count": 20.0, "countryCode": "JP" }, "geometry": { "type": "MultiPolygon", "coordinates": [ [ [ [ 141.459824060808359, 25.561618115368923 ], [ 141.666474890744979, 25.123252496380168 ], [ 141.337752410226926, 24.70065574091705 ], [ 140.804344918430445, 24.715403492585367 ], [ 140.595982202339229, 25.154010699148053 ], [ 140.922720703048071, 25.577700963011743 ], [ 141.459824060808359, 25.561618115368923 ] ] ] ] } },
{ "type": "Feature", "properties": { "geogrid_id": "825166478130014770", "seqnum": 29168.0, "lat_c": 25.166478090238499, "lon_c": 130.01476966464179, "res": 8.0, "count_Insects": 0, "count_Birds": 0, "count_Flowering Plants": 0, "count_Sac Fungi": 0, "count_Amphibians": 0, "count_Molluscs": 0, "count_Arachnids": 0, "count_Mosses": 0, "count_Mammals": 0, "count_Basidiomycota": 0, "count_Gymnosperms": 0, "count_Reptiles": 2, "count_Ferns": 0, "unique_species_count": 2.0, "countryCode": "JP" }, "geometry": { "type": "MultiPolygon", "coordinates": [ [ [ [ 130.304052972984408, 25.617479559275129 ], [ 130.539150361126474, 25.182690206696766 ], [ 130.249970843984698, 24.732530000919418 ], [ 129.727280086149932, 24.71496643380399 ], [ 129.490819545224809, 25.148258046679381 ], [ 129.778407947484425, 25.600622795831125 ], [ 130.304052972984408, 25.617479559275129 ] ] ] ] } },
{ "type": "Feature", "properties": { "geogrid_id": "825181635139527928", "seqnum": 30146.0, "lat_c": 25.181634651789871, "lon_c": 139.52792843509587, "res": 8.0, "count_Insects": 0, "count_Birds": 0, "count_Flowering Plants": 0, "count_Sac Fungi": 0, "count_Amphibians": 0, "count_Molluscs": 0, "count_Arachnids": 0, "count_Mosses": 0, "count_Mammals": 1, "count_Basidiomycota": 0, "count_Gymnosperms": 0, "count_Reptiles": 0, "count_Ferns": 0, "unique_species_count": 1.0, "countryCode": "JP" }, "geometry": { "type": "MultiPolygon", "coordinates": [ [ [ [ 139.85044836542383, 25.607618187627534 ], [ 140.061650218207348, 25.16828734518257 ], [ 139.739263899883753, 24.742581923431768 ], [ 139.207592304148903, 24.754742528830644 ], [ 138.994812668483917, 25.193926872807541 ], [ 139.315274648175262, 25.621155366707516 ], [ 139.85044836542383, 25.607618187627534 ] ] ] ] } },
{ "type": "Feature", "properties": { "geogrid_id": "825190803122982913", "seqnum": 28435.0, "lat_c": 25.190803294455147, "lon_c": 122.98291321053844, "res": 8.0, "count_Insects": 0, "count_Birds": 0, "count_Flowering Plants": 0, "count_Sac Fungi": 0, "count_Amphibians": 0, "count_Molluscs": 0, "count_Arachnids": 0, "count_Mosses": 0, "count_Mammals": 0, "count_Basidiomycota": 0, "count_Gymnosperms": 0, "count_Reptiles": 1, "count_Ferns": 0, "unique_species_count": 1.0, "countryCode": "JP" }, "geometry": { "type": "MultiPolygon", "coordinates": [ [ [ [ 123.250722476505274, 25.659365848511435 ], [ 123.50321587415786, 25.235184246558838 ], [ 123.235449621724129, 24.767584340045744 ], [ 122.716764555904263, 24.722033919851754 ], [ 122.463010593855699, 25.144244100796399 ], [ 122.729186362554259, 25.613977487531848 ], [ 123.250722476505274, 25.659365848511435 ] ] ] ] } },
{ "type": "Feature", "properties": { "geogrid_id": "825209174131589230", "seqnum": 29331.0, "lat_c": 25.209174086108792, "lon_c": 131.5892296887267, "res": 8.0, "count_Insects": 0, "count_Birds": 0, "count_Flowering Plants": 0, "count_Sac Fungi": 0, "count_Amphibians": 0, "count_Molluscs": 1, "count_Arachnids": 0, "count_Mosses": 0, "count_Mammals": 0, "count_Basidiomycota": 0, "count_Gymnosperms": 0, "count_Reptiles": 0, "count_Ferns": 0, "unique_species_count": 1.0, "countryCode": "JP" }, "geometry": { "type": "MultiPolygon", "coordinates": [ [ [ [ 131.883656016602174, 25.656014137178307 ], [ 132.114942991701724, 25.219492623923937 ], [ 131.820630412501032, 24.773450533253914 ], [ 131.296639524844807, 24.761749581388372 ], [ 131.063968029294301, 25.196914767128334 ], [ 131.356669417026922, 25.645153074407546 ], [ 131.883656016602174, 25.656014137178307 ] ] ] ] } },
{ "type": "Feature", "properties": { "geogrid_id": "825214910137930370", "seqnum": 29983.0, "lat_c": 25.214909541720491, "lon_c": 137.9303699087526, "res": 8.0, "count_Insects": 0, "count_Birds": 0, "count_Flowering Plants": 2, "count_Sac Fungi": 0, "count_Amphibians": 0, "count_Molluscs": 0, "count_Arachnids": 0, "count_Mosses": 0, "count_Mammals": 0, "count_Basidiomycota": 0, "count_Gymnosperms": 0, "count_Reptiles": 0, "count_Ferns": 0, "unique_species_count": 2.0, "countryCode": "JP" }, "geometry": { "type": "MultiPolygon", "coordinates": [ [ [ [ 138.246814526613633, 25.644765942606451 ], [ 138.462296086436851, 25.205051890638838 ], [ 138.145968439544276, 24.775635500914831 ], [ 137.616002420288368, 24.784174299178538 ], [ 137.39902397187717, 25.223410170843646 ], [ 137.713506439836067, 25.654631277300552 ], [ 138.246814526613633, 25.644765942606451 ] ] ] ] } },
{ "type": "Feature", "properties": { "geogrid_id": "825222515151808790", "seqnum": 31369.0, "lat_c": 25.222514789535971, "lon_c": 151.80879010749931, "res": 8.0, "count_Insects": 39, "count_Birds": 0, "count_Flowering Plants": 0, "count_Sac Fungi": 0, "count_Amphibians": 0, "count_Molluscs": 0, "count_Arachnids": 0, "count_Mosses": 0, "count_Mammals": 0, "count_Basidiomycota": 0, "count_Gymnosperms": 0, "count_Reptiles": 1, "count_Ferns": 0, "unique_species_count": 40.0, "countryCode": "JP" }, "geometry": { "type": "MultiPolygon", "coordinates": [ [ [ [ 152.232825982619005, 25.515634113441987 ], [ 152.399668644049598, 25.083772605631506 ], [ 151.976475953242414, 24.792058945701342 ], [ 151.38190383122992, 24.938213443802528 ], [ 151.212105955075117, 25.367203646731081 ], [ 151.63999100979467, 25.652695668867462 ], [ 152.232825982619005, 25.515634113441987 ] ] ] ] } },
{ "type": "Feature", "properties": { "geogrid_id": "825317435124545021", "seqnum": 28598.0, "lat_c": 25.317434593365714, "lon_c": 124.54502129442986, "res": 8.0, "count_Insects": 0, "count_Birds": 0, "count_Flowering Plants": 0, "count_Sac Fungi": 0, "count_Amphibians": 0, "count_Molluscs": 0, "count_Arachnids": 0, "count_Mosses": 0, "count_Mammals": 0, "count_Basidiomycota": 0, "count_Gymnosperms": 0, "count_Reptiles": 1, "count_Ferns": 0, "unique_species_count": 1.0, "countryCode": "JP" }, "geometry": { "type": "MultiPolygon", "coordinates": [ [ [ [ 124.81775539295208, 25.782387236719728 ], [ 125.066524884251919, 25.35531712485967 ], [ 124.793876850974925, 24.89132007819968 ], [ 124.274005374082748, 24.852220892400403 ], [ 124.023918489961659, 25.277392598426726 ], [ 124.295006932368494, 25.743564771094988 ], [ 124.81775539295208, 25.782387236719728 ] ] ] ] } },
{ "type": "Feature", "properties": { "geogrid_id": "825424635126110739", "seqnum": 28761.0, "lat_c": 25.424634947159589, "lon_c": 126.11073878560929, "res": 8.0, "count_Insects": 0, "count_Birds": 0, "count_Flowering Plants": 0, "count_Sac Fungi": 0, "count_Amphibians": 0, "count_Molluscs": 0, "count_Arachnids": 0, "count_Mosses": 0, "count_Mammals": 0, "count_Basidiomycota": 0, "count_Gymnosperms": 0, "count_Reptiles": 1, "count_Ferns": 0, "unique_species_count": 1.0, "countryCode": "JP" }, "geometry": { "type": "MultiPolygon", "coordinates": [ [ [ [ 126.388434966332483, 25.885832185635312 ], [ 126.63345235996573, 25.456087783474658 ], [ 126.355877657297583, 24.995833916518965 ], [ 125.834811524357804, 24.963117934384279 ], [ 125.588430245885178, 25.391047789768656 ], [ 125.864468079584313, 25.853512891431873 ], [ 126.388434966332483, 25.885832185635312 ] ] ] ] } },
{ "type": "Feature", "properties": { "geogrid_id": "825448104145235934", "seqnum": 30717.0, "lat_c": 25.448103676180128, "lon_c": 145.2359337690215, "res": 8.0, "count_Insects": 0, "count_Birds": 0, "count_Flowering Plants": 0, "count_Sac Fungi": 0, "count_Amphibians": 0, "count_Molluscs": 0, "count_Arachnids": 0, "count_Mosses": 0, "count_Mammals": 1, "count_Basidiomycota": 0, "count_Gymnosperms": 0, "count_Reptiles": 0, "count_Ferns": 0, "unique_species_count": 1.0, "countryCode": "JP" }, "geometry": { "type": "MultiPolygon", "coordinates": [ [ [ [ 145.583261459873881, 25.868593301146852 ], [ 145.777059640710405, 25.43547825130867 ], [ 145.430255290805491, 25.014356300309167 ], [ 144.891320467115804, 25.027812761724153 ], [ 144.695048457157355, 25.462405839243175 ], [ 145.040112186192403, 25.882165479088343 ], [ 145.583261459873881, 25.868593301146852 ] ] ] ] } },
{ "type": "Feature", "properties": { "geogrid_id": "825480278150081761", "seqnum": 31206.0, "lat_c": 25.480277745822253, "lon_c": 150.08176098903189, "res": 8.0, "count_Insects": 0, "count_Birds": 0, "count_Flowering Plants": 0, "count_Sac Fungi": 0, "count_Amphibians": 0, "count_Molluscs": 0, "count_Arachnids": 0, "count_Mosses": 0, "count_Mammals": 0, "count_Basidiomycota": 0, "count_Gymnosperms": 0, "count_Reptiles": 1, "count_Ferns": 0, "unique_species_count": 1.0, "countryCode": "JP" }, "geometry": { "type": "MultiPolygon", "coordinates": [ [ [ [ 150.435327380060272, 25.948104464746542 ], [ 150.608642158724763, 25.520604355772093 ], [ 150.255974531465938, 25.052842834154493 ], [ 149.726900798555391, 25.02364245783598 ], [ 149.550445566288289, 25.451119212316168 ], [ 149.906335867275203, 25.907370353824067 ], [ 150.435327380060272, 25.948104464746542 ] ] ] ] } },
{ "type": "Feature", "properties": { "geogrid_id": "825494273143614457", "seqnum": 30554.0, "lat_c": 25.494273488471954, "lon_c": 143.61445743441712, "res": 8.0, "count_Insects": 0, "count_Birds": 0, "count_Flowering Plants": 0, "count_Sac Fungi": 0, "count_Amphibians": 0, "count_Molluscs": 0, "count_Arachnids": 0, "count_Mosses": 0, "count_Mammals": 1, "count_Basidiomycota": 0, "count_Gymnosperms": 0, "count_Reptiles": 0, "count_Ferns": 0, "unique_species_count": 1.0, "countryCode": "JP" }, "geometry": { "type": "MultiPolygon", "coordinates": [ [ [ [ 143.954892512260557, 25.913717903617936 ], [ 144.154525723404589, 25.477927906031319 ], [ 143.814422967471842, 25.058157608302015 ], [ 143.276628727895257, 25.074316248317917 ], [ 143.074911478622482, 25.511097741243141 ], [ 143.413026793491781, 25.930828696679043 ], [ 143.954892512260557, 25.913717903617936 ] ] ] ] } },
{ "type": "Feature", "properties": { "geogrid_id": "825545017141997567", "seqnum": 30391.0, "lat_c": 25.545016867455509, "lon_c": 141.9975669337596, "res": 8.0, "count_Insects": 0, "count_Birds": 0, "count_Flowering Plants": 0, "count_Sac Fungi": 0, "count_Amphibians": 0, "count_Molluscs": 0, "count_Arachnids": 0, "count_Mosses": 0, "count_Mammals": 2, "count_Basidiomycota": 0, "count_Gymnosperms": 0, "count_Reptiles": 0, "count_Ferns": 0, "unique_species_count": 2.0, "countryCode": "JP" }, "geometry": { "type": "MultiPolygon", "coordinates": [ [ [ [ 142.331100379674609, 25.965967157921977 ], [ 142.535936713318705, 25.528099877826897 ], [ 142.2026218981662, 25.107109713482004 ], [ 141.666474890744979, 25.123252496380168 ], [ 141.459824060808359, 25.561618115368923 ], [ 141.791110861635673, 25.983428161998244 ], [ 142.331100379674609, 25.965967157921977 ] ] ] ] } },
{ "type": "Feature", "properties": { "geogrid_id": "825593087140386262", "seqnum": 30228.0, "lat_c": 25.593086873077674, "lon_c": 140.38626221719827, "res": 8.0, "count_Insects": 0, "count_Birds": 0, "count_Flowering Plants": 0, "count_Sac Fungi": 0, "count_Amphibians": 0, "count_Molluscs": 0, "count_Arachnids": 0, "count_Mosses": 0, "count_Mammals": 1, "count_Basidiomycota": 0, "count_Gymnosperms": 0, "count_Reptiles": 0, "count_Ferns": 0, "unique_species_count": 1.0, "countryCode": "JP" }, "geometry": { "type": "MultiPolygon", "coordinates": [ [ [ [ 140.713163863557895, 26.016977494422356 ], [ 140.922720703048071, 25.577700963011743 ], [ 140.595982202339229, 25.154010699148053 ], [ 140.061650218207348, 25.16828734518257 ], [ 139.85044836542383, 25.607618187627534 ], [ 140.175214230889821, 26.032687274203045 ], [ 140.713163863557895, 26.016977494422356 ] ] ] ] } },
{ "type": "Feature", "properties": { "geogrid_id": "825632316130830138", "seqnum": 29250.0, "lat_c": 25.632315946487573, "lon_c": 130.83013771882187, "res": 8.0, "count_Insects": 24, "count_Birds": 1, "count_Flowering Plants": 11, "count_Sac Fungi": 0, "count_Amphibians": 1, "count_Molluscs": 3, "count_Arachnids": 1, "count_Mosses": 0, "count_Mammals": 1, "count_Basidiomycota": 0, "count_Gymnosperms": 0, "count_Reptiles": 2, "count_Ferns": 0, "unique_species_count": 44.0, "countryCode": "JP" }, "geometry": { "type": "MultiPolygon", "coordinates": [ [ [ [ 131.12301471451903, 26.081415713090813 ], [ 131.356669417026922, 25.645153074407546 ], [ 131.063968029294301, 25.196914767128334 ], [ 130.539150361126474, 25.182690206696766 ], [ 130.304052972984408, 25.617479559275129 ], [ 130.595213930602426, 26.06798027869667 ], [ 131.12301471451903, 26.081415713090813 ] ] ] ] } },
{ "type": "Feature", "properties": { "geogrid_id": "825633575138780733", "seqnum": 30065.0, "lat_c": 25.633574630695357, "lon_c": 138.78073337541966, "res": 8.0, "count_Insects": 0, "count_Birds": 0, "count_Flowering Plants": 0, "count_Sac Fungi": 0, "count_Amphibians": 0, "count_Molluscs": 0, "count_Arachnids": 0, "count_Mosses": 0, "count_Mammals": 1, "count_Basidiomycota": 0, "count_Gymnosperms": 0, "count_Reptiles": 1, "count_Ferns": 0, "unique_species_count": 2.0, "countryCode": "JP" }, "geometry": { "type": "MultiPolygon", "coordinates": [ [ [ [ 139.101340287290355, 26.061195680511254 ], [ 139.315274648175262, 25.621155366707516 ], [ 138.994812668483917, 25.193926872807541 ], [ 138.462296086436851, 25.205051890638838 ], [ 138.246814526613633, 25.644765942606451 ], [ 138.565395908587277, 26.073735538042587 ], [ 139.101340287290355, 26.061195680511254 ] ] ] ] } },
{ "type": "Feature", "properties": { "geogrid_id": "825680248133996336", "seqnum": 29576.0, "lat_c": 25.680247733607381, "lon_c": 133.9963359046709, "res": 8.0, "count_Insects": 0, "count_Birds": 0, "count_Flowering Plants": 1, "count_Sac Fungi": 0, "count_Amphibians": 0, "count_Molluscs": 0, "count_Arachnids": 0, "count_Mosses": 0, "count_Mammals": 0, "count_Basidiomycota": 0, "count_Gymnosperms": 0, "count_Reptiles": 0, "count_Ferns": 0, "unique_species_count": 1.0, "countryCode": "JP" }, "geometry": { "type": "MultiPolygon", "coordinates": [ [ [ [ 134.299759034722513, 26.12072290202758 ], [ 134.525741661324957, 25.681666546716887 ], [ 134.222487676887511, 25.241936864432329 ], [ 133.694878749303911, 25.239085326788246 ], [ 133.467435646990907, 25.677008952242403 ], [ 133.769064895504755, 26.11894107234507 ], [ 134.299759034722513, 26.12072290202758 ] ] ] ] } },
{ "type": "Feature", "properties": { "geogrid_id": "825702560123772663", "seqnum": 28517.0, "lat_c": 25.702559728897146, "lon_c": 123.77266270907383, "res": 8.0, "count_Insects": 0, "count_Birds": 0, "count_Flowering Plants": 0, "count_Sac Fungi": 0, "count_Amphibians": 0, "count_Molluscs": 10, "count_Arachnids": 0, "count_Mosses": 0, "count_Mammals": 0, "count_Basidiomycota": 0, "count_Gymnosperms": 0, "count_Reptiles": 0, "count_Ferns": 0, "unique_species_count": 10.0, "countryCode": "JP" }, "geometry": { "type": "MultiPolygon", "coordinates": [ [ [ [ 124.043903193080908, 26.169729353134333 ], [ 124.295006932368494, 25.743564771094988 ], [ 124.023918489961659, 25.277392598426726 ], [ 123.50321587415786, 25.235184246558838 ], [ 123.250722476505274, 25.659365848511435 ], [ 123.52030653386079, 26.127740534403671 ], [ 124.043903193080908, 26.169729353134333 ] ] ] ] } },
{ "type": "Feature", "properties": { "geogrid_id": "825819034125340909", "seqnum": 28680.0, "lat_c": 25.819034057464016, "lon_c": 125.3409087442224, "res": 8.0, "count_Insects": 0, "count_Birds": 0, "count_Flowering Plants": 0, "count_Sac Fungi": 0, "count_Amphibians": 0, "count_Molluscs": 0, "count_Arachnids": 0, "count_Mosses": 0, "count_Mammals": 0, "count_Basidiomycota": 0, "count_Gymnosperms": 0, "count_Reptiles": 1, "count_Ferns": 0, "unique_species_count": 1.0, "countryCode": "JP" }, "geometry": { "type": "MultiPolygon", "coordinates": [ [ [ [ 125.617137538322055, 26.282488153281328 ], [ 125.864468079584313, 25.853512891431873 ], [ 125.588430245885178, 25.391047789768656 ], [ 125.066524884251919, 25.35531712485967 ], [ 124.81775539295208, 25.782387236719728 ], [ 125.092318201440747, 26.247096553552478 ], [ 125.617137538322055, 26.282488153281328 ] ] ] ] } },
{ "type": "Feature", "properties": { "geogrid_id": "825897363144497283", "seqnum": 30636.0, "lat_c": 25.897362542847343, "lon_c": 144.49728323709255, "res": 8.0, "count_Insects": 0, "count_Birds": 0, "count_Flowering Plants": 0, "count_Sac Fungi": 0, "count_Amphibians": 0, "count_Molluscs": 0, "count_Arachnids": 0, "count_Mosses": 0, "count_Mammals": 1, "count_Basidiomycota": 0, "count_Gymnosperms": 0, "count_Reptiles": 0, "count_Ferns": 0, "unique_species_count": 1.0, "countryCode": "JP" }, "geometry": { "type": "MultiPolygon", "coordinates": [ [ [ [ 144.84277359278903, 26.31660728707109 ], [ 145.040112186192403, 25.882165479088343 ], [ 144.695048457157355, 25.462405839243175 ], [ 144.154525723404589, 25.477927906031319 ], [ 143.954892512260557, 25.913717903617936 ], [ 144.29801467297591, 26.332749911290442 ], [ 144.84277359278903, 26.31660728707109 ] ] ] ] } },
{ "type": "Feature", "properties": { "geogrid_id": "825916001126912811", "seqnum": 28843.0, "lat_c": 25.916001245451195, "lon_c": 126.91281148013712, "res": 8.0, "count_Insects": 43, "count_Birds": 4, "count_Flowering Plants": 49, "count_Sac Fungi": 0, "count_Amphibians": 1, "count_Molluscs": 142, "count_Arachnids": 1, "count_Mosses": 0, "count_Mammals": 3, "count_Basidiomycota": 0, "count_Gymnosperms": 1, "count_Reptiles": 6, "count_Ferns": 0, "unique_species_count": 250.0, "countryCode": "JP" }, "geometry": { "type": "MultiPolygon", "coordinates": [ [ [ [ 127.194059216514106, 26.375590036345834 ], [ 127.437600239989209, 25.94403031194922 ], [ 127.156573306439668, 25.485416384841578 ], [ 126.63345235996573, 25.456087783474658 ], [ 126.388434966332483, 25.885832185635312 ], [ 126.66800600734058, 26.346725931886223 ], [ 127.194059216514106, 26.375590036345834 ] ] ] ] } },
{ "type": "Feature", "properties": { "geogrid_id": "825948346142871748", "seqnum": 30473.0, "lat_c": 25.948346084229922, "lon_c": 142.87174838387418, "res": 8.0, "count_Insects": 0, "count_Birds": 3, "count_Flowering Plants": 0, "count_Sac Fungi": 0, "count_Amphibians": 0, "count_Molluscs": 0, "count_Arachnids": 0, "count_Mosses": 0, "count_Mammals": 1, "count_Basidiomycota": 0, "count_Gymnosperms": 0, "count_Reptiles": 0, "count_Ferns": 0, "unique_species_count": 4.0, "countryCode": "JP" }, "geometry": { "type": "MultiPolygon", "coordinates": [ [ [ [ 143.210134837910232, 26.36789077497151 ], [ 143.413026793491781, 25.930828696679043 ], [ 143.074911478622482, 25.511097741243141 ], [ 142.535936713318705, 25.528099877826897 ], [ 142.331100379674609, 25.965967157921977 ], [ 142.667150063702223, 26.386128147204474 ], [ 143.210134837910232, 26.36789077497151 ] ] ] ] } },
{ "type": "Feature", "properties": { "geogrid_id": "825993715128488428", "seqnum": 29006.0, "lat_c": 25.99371463529452, "lon_c": 128.48842790175365, "res": 8.0, "count_Insects": 0, "count_Birds": 0, "count_Flowering Plants": 0, "count_Sac Fungi": 0, "count_Amphibians": 0, "count_Molluscs": 0, "count_Arachnids": 0, "count_Mosses": 0, "count_Mammals": 0, "count_Basidiomycota": 0, "count_Gymnosperms": 0, "count_Reptiles": 1, "count_Ferns": 0, "unique_species_count": 1.0, "countryCode": "JP" }, "geometry": { "type": "MultiPolygon", "coordinates": [ [ [ [ 128.774732079747054, 26.449291246644663 ], [ 129.014475075098488, 26.015395880839925 ], [ 128.728411611740569, 25.56077288848363 ], [ 128.204049254694098, 25.537746216985592 ], [ 127.962804443419586, 25.969930648133712 ], [ 128.247418314246943, 26.426860665533212 ], [ 128.774732079747054, 26.449291246644663 ] ] ] ] } },
{ "type": "Feature", "properties": { "geogrid_id": "826000499141251796", "seqnum": 30310.0, "lat_c": 26.000498808150866, "lon_c": 141.25179623052003, "res": 8.0, "count_Insects": 0, "count_Birds": 0, "count_Flowering Plants": 0, "count_Sac Fungi": 0, "count_Amphibians": 0, "count_Molluscs": 0, "count_Arachnids": 0, "count_Mosses": 0, "count_Mammals": 1, "count_Basidiomycota": 0, "count_Gymnosperms": 0, "count_Reptiles": 0, "count_Ferns": 0, "unique_species_count": 1.0, "countryCode": "JP" }, "geometry": { "type": "MultiPolygon", "coordinates": [ [ [ [ 141.583277199597148, 26.42240787482412 ], [ 141.791110861635673, 25.983428161998244 ], [ 141.459824060808359, 25.561618115368923 ], [ 140.922720703048071, 25.577700963011743 ], [ 140.713163863557895, 26.016977494422356 ], [ 141.042420869083656, 26.439957124109032 ], [ 141.583277199597148, 26.42240787482412 ] ] ] ] } },
{ "type": "Feature", "properties": { "geogrid_id": "826047472139637943", "seqnum": 30147.0, "lat_c": 26.047472448922715, "lon_c": 139.63794258176307, "res": 8.0, "count_Insects": 0, "count_Birds": 0, "count_Flowering Plants": 0, "count_Sac Fungi": 0, "count_Amphibians": 0, "count_Molluscs": 0, "count_Arachnids": 0, "count_Mosses": 0, "count_Mammals": 1, "count_Basidiomycota": 0, "count_Gymnosperms": 0, "count_Reptiles": 0, "count_Ferns": 0, "unique_species_count": 1.0, "countryCode": "JP" }, "geometry": { "type": "MultiPolygon", "coordinates": [ [ [ [ 139.962878456354929, 26.472870500985131 ], [ 140.175214230889821, 26.032687274203045 ], [ 139.85044836542383, 25.607618187627534 ], [ 139.315274648175262, 25.621155366707516 ], [ 139.101340287290355, 26.061195680511254 ], [ 139.424177846347504, 26.487906615626532 ], [ 139.962878456354929, 26.472870500985131 ] ] ] ] } },
{ "type": "Feature", "properties": { "geogrid_id": "826052511130067862", "seqnum": 29169.0, "lat_c": 26.052511447557134, "lon_c": 130.06786185605822, "res": 8.0, "count_Insects": 0, "count_Birds": 0, "count_Flowering Plants": 0, "count_Sac Fungi": 0, "count_Amphibians": 0, "count_Molluscs": 0, "count_Arachnids": 0, "count_Mosses": 0, "count_Mammals": 0, "count_Basidiomycota": 0, "count_Gymnosperms": 0, "count_Reptiles": 1, "count_Ferns": 0, "unique_species_count": 1.0, "countryCode": "JP" }, "geometry": { "type": "MultiPolygon", "coordinates": [ [ [ [ 130.359272937869434, 26.503935481716383 ], [ 130.595213930602426, 26.06798027869667 ], [ 130.304052972984408, 25.617479559275129 ], [ 129.778407947484425, 25.600622795831125 ], [ 129.540951106681007, 26.034989339190904 ], [ 129.830653187878227, 26.48781255934351 ], [ 130.359272937869434, 26.503935481716383 ] ] ] ] } },
{ "type": "Feature", "properties": { "geogrid_id": "826084984138030096", "seqnum": 29984.0, "lat_c": 26.08498440794698, "lon_c": 138.03009604496651, "res": 8.0, "count_Insects": 0, "count_Birds": 0, "count_Flowering Plants": 0, "count_Sac Fungi": 0, "count_Amphibians": 0, "count_Molluscs": 0, "count_Arachnids": 0, "count_Mosses": 0, "count_Mammals": 1, "count_Basidiomycota": 0, "count_Gymnosperms": 0, "count_Reptiles": 0, "count_Ferns": 0, "unique_species_count": 1.0, "countryCode": "JP" }, "geometry": { "type": "MultiPolygon", "coordinates": [ [ [ [ 138.348853569149668, 26.514461786821833 ], [ 138.565395908587277, 26.073735538042587 ], [ 138.246814526613633, 25.644765942606451 ], [ 137.713506439836067, 25.654631277300552 ], [ 137.49542600573244, 26.094846709409666 ], [ 137.812197516993649, 26.525757352974026 ], [ 138.348853569149668, 26.514461786821833 ] ] ] ] } },
{ "type": "Feature", "properties": { "geogrid_id": "826092840131651272", "seqnum": 29332.0, "lat_c": 26.092839633352664, "lon_c": 131.65127239447594, "res": 8.0, "count_Insects": 14, "count_Birds": 0, "count_Flowering Plants": 7, "count_Sac Fungi": 0, "count_Amphibians": 3, "count_Molluscs": 1, "count_Arachnids": 1, "count_Mosses": 0, "count_Mammals": 0, "count_Basidiomycota": 0, "count_Gymnosperms": 0, "count_Reptiles": 0, "count_Ferns": 0, "unique_species_count": 26.0, "countryCode": "JP" }, "geometry": { "type": "MultiPolygon", "coordinates": [ [ [ [ 131.947861307793232, 26.53998297133186 ], [ 132.179995980705655, 26.102276144142532 ], [ 131.883656016602174, 25.656014137178307 ], [ 131.356669417026922, 25.645153074407546 ], [ 131.12301471451903, 26.081415713090813 ], [ 131.4178681853179, 26.529999091068259 ], [ 131.947861307793232, 26.53998297133186 ] ] ] ] } },
{ "type": "Feature", "properties": { "geogrid_id": "826122477153073778", "seqnum": 31452.0, "lat_c": 26.122477368875757, "lon_c": 153.07377803799355, "res": 8.0, "count_Insects": 0, "count_Birds": 0, "count_Flowering Plants": 1, "count_Sac Fungi": 0, "count_Amphibians": 0, "count_Molluscs": 0, "count_Arachnids": 0, "count_Mosses": 0, "count_Mammals": 0, "count_Basidiomycota": 0, "count_Gymnosperms": 0, "count_Reptiles": 0, "count_Ferns": 0, "unique_species_count": 1.0, "countryCode": "JP" }, "geometry": { "type": "MultiPolygon", "coordinates": [ [ [ [ 153.491378658941926, 26.433822396298673 ], [ 153.656471614142703, 25.996921681858247 ], [ 153.239346555362886, 25.68733234412678 ], [ 152.654372193204551, 25.816050730995812 ], [ 152.487042805882709, 26.249370079606457 ], [ 152.906973292288484, 26.557568740041713 ], [ 153.491378658941926, 26.433822396298673 ] ] ] ] } },
{ "type": "Feature", "properties": { "geogrid_id": "826302029145387939", "seqnum": 30718.0, "lat_c": 26.302028648122214, "lon_c": 145.38793920745073, "res": 8.0, "count_Insects": 0, "count_Birds": 0, "count_Flowering Plants": 0, "count_Sac Fungi": 0, "count_Amphibians": 0, "count_Molluscs": 0, "count_Arachnids": 0, "count_Mosses": 0, "count_Mammals": 1, "count_Basidiomycota": 0, "count_Gymnosperms": 0, "count_Reptiles": 0, "count_Ferns": 0, "unique_species_count": 1.0, "countryCode": "JP" }, "geometry": { "type": "MultiPolygon", "coordinates": [ [ [ [ 145.738592657700195, 26.722269647467499 ], [ 145.933357984376812, 26.289569787738582 ], [ 145.583261459873881, 25.868593301146852 ], [ 145.040112186192403, 25.882165479088343 ], [ 144.84277359278903, 26.31660728707109 ], [ 145.191073586100629, 26.735854640947622 ], [ 145.738592657700195, 26.722269647467499 ] ] ] ] } },
{ "type": "Feature", "properties": { "geogrid_id": "826315695126142366", "seqnum": 28762.0, "lat_c": 26.315695106687134, "lon_c": 126.14236622294146, "res": 8.0, "count_Insects": 0, "count_Birds": 0, "count_Flowering Plants": 0, "count_Sac Fungi": 0, "count_Amphibians": 0, "count_Molluscs": 0, "count_Arachnids": 0, "count_Mosses": 0, "count_Mammals": 2, "count_Basidiomycota": 0, "count_Gymnosperms": 0, "count_Reptiles": 1, "count_Ferns": 0, "unique_species_count": 3.0, "countryCode": "JP" }, "geometry": { "type": "MultiPolygon", "coordinates": [ [ [ [ 126.422240956910258, 26.777612540732701 ], [ 126.66800600734058, 26.346725931886223 ], [ 126.388434966332483, 25.885832185635312 ], [ 125.864468079584313, 25.853512891431873 ], [ 125.617137538322055, 26.282488153281328 ], [ 125.895329242639733, 26.745697980078884 ], [ 126.422240956910258, 26.777612540732701 ] ] ] ] } },
{ "type": "Feature", "properties": { "geogrid_id": "826349981143753775", "seqnum": 30555.0, "lat_c": 26.349980648695521, "lon_c": 143.75377492266449, "res": 8.0, "count_Insects": 0, "count_Birds": 1, "count_Flowering Plants": 0, "count_Sac Fungi": 0, "count_Amphibians": 0, "count_Molluscs": 0, "count_Arachnids": 0, "count_Mosses": 0, "count_Mammals": 1, "count_Basidiomycota": 0, "count_Gymnosperms": 0, "count_Reptiles": 0, "count_Ferns": 0, "unique_species_count": 2.0, "countryCode": "JP" }, "geometry": { "type": "MultiPolygon", "coordinates": [ [ [ [ 144.097239282136655, 26.768641792821818 ], [ 144.29801467297591, 26.332749911290442 ], [ 143.954892512260557, 25.913717903617936 ], [ 143.413026793491781, 25.930828696679043 ], [ 143.210134837910232, 26.36789077497151 ], [ 143.551177603748101, 26.786790235706608 ], [ 144.097239282136655, 26.768641792821818 ] ] ] ] } },
{ "type": "Feature", "properties": { "geogrid_id": "826402298127720529", "seqnum": 28925.0, "lat_c": 26.40229779955024, "lon_c": 127.72052878836985, "res": 8.0, "count_Insects": 595, "count_Birds": 154, "count_Flowering Plants": 595, "count_Sac Fungi": 2, "count_Amphibians": 18, "count_Molluscs": 1126, "count_Arachnids": 37, "count_Mosses": 7, "count_Mammals": 13, "count_Basidiomycota": 14, "count_Gymnosperms": 5, "count_Reptiles": 36, "count_Ferns": 31, "unique_species_count": 2633.0, "countryCode": "JP" }, "geometry": { "type": "MultiPolygon", "coordinates": [ [ [ [ 128.005469392711603, 26.860235351678227 ], [ 128.247418314246943, 26.426860665533212 ], [ 127.962804443419586, 25.969930648133712 ], [ 127.437600239989209, 25.94403031194922 ], [ 127.194059216514106, 26.375590036345834 ], [ 127.477308082447294, 26.834871233821932 ], [ 128.005469392711603, 26.860235351678227 ] ] ] ] } },
{ "type": "Feature", "properties": { "geogrid_id": "826404388142124857", "seqnum": 30392.0, "lat_c": 26.404388442517597, "lon_c": 142.1248569974249, "res": 8.0, "count_Insects": 6, "count_Birds": 22, "count_Flowering Plants": 62, "count_Sac Fungi": 6, "count_Amphibians": 1, "count_Molluscs": 10, "count_Arachnids": 1, "count_Mosses": 5, "count_Mammals": 5, "count_Basidiomycota": 1, "count_Gymnosperms": 1, "count_Reptiles": 2, "count_Ferns": 8, "unique_species_count": 130.0, "countryCode": "JP" }, "geometry": { "type": "MultiPolygon", "coordinates": [ [ [ [ 142.461136985992738, 26.824516401578638 ], [ 142.667150063702223, 26.386128147204474 ], [ 142.331100379674609, 25.965967157921977 ], [ 141.791110861635673, 25.983428161998244 ], [ 141.583277199597148, 26.42240787482412 ], [ 141.917234485854607, 26.84343463159043 ], [ 142.461136985992738, 26.824516401578638 ] ] ] ] } },
{ "type": "Feature", "properties": { "geogrid_id": "826456836140502290", "seqnum": 30229.0, "lat_c": 26.456836262413667, "lon_c": 140.5022895828597, "res": 8.0, "count_Insects": 0, "count_Birds": 0, "count_Flowering Plants": 0, "count_Sac Fungi": 0, "count_Amphibians": 0, "count_Molluscs": 0, "count_Arachnids": 0, "count_Mosses": 0, "count_Mammals": 1, "count_Basidiomycota": 0, "count_Gymnosperms": 0, "count_Reptiles": 1, "count_Ferns": 0, "unique_species_count": 2.0, "countryCode": "JP" }, "geometry": { "type": "MultiPolygon", "coordinates": [ [ [ [ 140.831739526603229, 26.880059888433475 ], [ 141.042420869083656, 26.439957124109032 ], [ 140.713163863557895, 26.016977494422356 ], [ 140.175214230889821, 26.032687274203045 ], [ 139.962878456354929, 26.472870500985131 ], [ 140.290145517775017, 26.897341767213071 ], [ 140.831739526603229, 26.880059888433475 ] ] ] ] } },
{ "type": "Feature", "properties": { "geogrid_id": "826469603129302475", "seqnum": 29088.0, "lat_c": 26.469603440129614, "lon_c": 129.30247510556049, "res": 8.0, "count_Insects": 0, "count_Birds": 0, "count_Flowering Plants": 0, "count_Sac Fungi": 0, "count_Amphibians": 0, "count_Molluscs": 0, "count_Arachnids": 0, "count_Mosses": 0, "count_Mammals": 1, "count_Basidiomycota": 0, "count_Gymnosperms": 0, "count_Reptiles": 1, "count_Ferns": 0, "unique_species_count": 2.0, "countryCode": "JP" }, "geometry": { "type": "MultiPolygon", "coordinates": [ [ [ [ 129.592515197203909, 26.923410050197916 ], [ 129.830653187878227, 26.48781255934351 ], [ 129.540951106681007, 26.034989339190904 ], [ 129.014475075098488, 26.015395880839925 ], [ 128.774732079747054, 26.449291246644663 ], [ 129.063067716647566, 26.904491263591733 ], [ 129.592515197203909, 26.923410050197916 ] ] ] ] } },
{ "type": "Feature", "properties": { "geogrid_id": "826501810138886175", "seqnum": 30066.0, "lat_c": 26.501809933612343, "lon_c": 138.88617469200088, "res": 8.0, "count_Insects": 0, "count_Birds": 0, "count_Flowering Plants": 0, "count_Sac Fungi": 0, "count_Amphibians": 0, "count_Molluscs": 0, "count_Arachnids": 0, "count_Mosses": 0, "count_Mammals": 1, "count_Basidiomycota": 0, "count_Gymnosperms": 0, "count_Reptiles": 1, "count_Ferns": 0, "unique_species_count": 2.0, "countryCode": "JP" }, "geometry": { "type": "MultiPolygon", "coordinates": [ [ [ [ 139.209212549621128, 26.92898029182679 ], [ 139.424177846347504, 26.487906615626532 ], [ 139.101340287290355, 26.061195680511254 ], [ 138.565395908587277, 26.073735538042587 ], [ 138.348853569149668, 26.514461786821833 ], [ 138.669840887609155, 26.94305525263249 ], [ 139.209212549621128, 26.92898029182679 ] ] ] ] } },
{ "type": "Feature", "properties": { "geogrid_id": "826512273151298902", "seqnum": 31289.0, "lat_c": 26.512272903017411, "lon_c": 151.29890249157157, "res": 8.0, "count_Insects": 0, "count_Birds": 0, "count_Flowering Plants": 0, "count_Sac Fungi": 0, "count_Amphibians": 0, "count_Molluscs": 0, "count_Arachnids": 0, "count_Mosses": 0, "count_Mammals": 0, "count_Basidiomycota": 0, "count_Gymnosperms": 0, "count_Reptiles": 1, "count_Ferns": 0, "unique_species_count": 1.0, "countryCode": "JP" }, "geometry": { "type": "MultiPolygon", "coordinates": [ [ [ [ 151.725267563064904, 26.810059425734934 ], [ 151.895669366815639, 26.378760613767014 ], [ 151.470041406273026, 26.08261140801493 ], [ 150.86907807768722, 26.22420684263783 ], [ 150.695778091400285, 26.652229731558954 ], [ 151.126533680652045, 26.941692366536099 ], [ 151.725267563064904, 26.810059425734934 ] ] ] ] } },
{ "type": "Feature", "properties": { "geogrid_id": "826517991130888342", "seqnum": 29251.0, "lat_c": 26.517990815917145, "lon_c": 130.88834181956526, "res": 8.0, "count_Insects": 0, "count_Birds": 0, "count_Flowering Plants": 0, "count_Sac Fungi": 0, "count_Amphibians": 0, "count_Molluscs": 0, "count_Arachnids": 0, "count_Mosses": 0, "count_Mammals": 1, "count_Basidiomycota": 0, "count_Gymnosperms": 0, "count_Reptiles": 0, "count_Ferns": 0, "unique_species_count": 1.0, "countryCode": "JP" }, "geometry": { "type": "MultiPolygon", "coordinates": [ [ [ [ 131.183532200610671, 26.967523066119398 ], [ 131.4178681853179, 26.529999091068259 ], [ 131.12301471451903, 26.081415713090813 ], [ 130.595213930602426, 26.06798027869667 ], [ 130.359272937869434, 26.503935481716383 ], [ 130.652739494391085, 26.954907729538181 ], [ 131.183532200610671, 26.967523066119398 ] ] ] ] } },
{ "type": "Feature", "properties": { "geogrid_id": "826535604137276189", "seqnum": 29903.0, "lat_c": 26.535603820812867, "lon_c": 137.27618868390923, "res": 8.0, "count_Insects": 0, "count_Birds": 0, "count_Flowering Plants": 0, "count_Sac Fungi": 0, "count_Amphibians": 0, "count_Molluscs": 0, "count_Arachnids": 0, "count_Mosses": 0, "count_Mammals": 1, "count_Basidiomycota": 0, "count_Gymnosperms": 0, "count_Reptiles": 0, "count_Ferns": 0, "unique_species_count": 1.0, "countryCode": "JP" }, "geometry": { "type": "MultiPolygon", "coordinates": [ [ [ [ 137.593189844699936, 26.96713705299565 ], [ 137.812197516993649, 26.525757352974026 ], [ 137.49542600573244, 26.094846709409666 ], [ 136.961370340327932, 26.103237366582803 ], [ 136.740808829345951, 26.543918826429525 ], [ 137.055868659139094, 26.976952555829197 ], [ 137.593189844699936, 26.96713705299565 ] ] ] ] } },
{ "type": "Feature", "properties": { "geogrid_id": "826682583152318479", "seqnum": 31371.0, "lat_c": 26.682582774981082, "lon_c": 152.31847926089887, "res": 8.0, "count_Insects": 0, "count_Birds": 0, "count_Flowering Plants": 0, "count_Sac Fungi": 0, "count_Amphibians": 0, "count_Molluscs": 0, "count_Arachnids": 0, "count_Mosses": 0, "count_Mammals": 0, "count_Basidiomycota": 0, "count_Gymnosperms": 0, "count_Reptiles": 1, "count_Ferns": 0, "unique_species_count": 1.0, "countryCode": "JP" }, "geometry": { "type": "MultiPolygon", "coordinates": [ [ [ [ 152.738875387012712, 26.992633007563693 ], [ 152.906973292288484, 26.557568740041713 ], [ 152.487042805882709, 26.249370079606457 ], [ 151.895669366815639, 26.378760613767014 ], [ 151.725267563064904, 26.810059425734934 ], [ 152.148628616373713, 27.115713068730159 ], [ 152.738875387012712, 26.992633007563693 ] ] ] ] } },
{ "type": "Feature", "properties": { "geogrid_id": "826711582125368829", "seqnum": 28681.0, "lat_c": 26.711581545215999, "lon_c": 125.36882926648019, "res": 8.0, "count_Insects": 0, "count_Birds": 0, "count_Flowering Plants": 0, "count_Sac Fungi": 0, "count_Amphibians": 0, "count_Molluscs": 0, "count_Arachnids": 0, "count_Mosses": 0, "count_Mammals": 0, "count_Basidiomycota": 0, "count_Gymnosperms": 0, "count_Reptiles": 1, "count_Ferns": 0, "unique_species_count": 1.0, "countryCode": "JP" }, "geometry": { "type": "MultiPolygon", "coordinates": [ [ [ [ 125.64741860619165, 27.175862610032564 ], [ 125.895329242639733, 26.745697980078884 ], [ 125.617137538322055, 26.282488153281328 ], [ 125.092318201440747, 26.247096553552478 ], [ 124.842739668911975, 26.675255508744563 ], [ 125.119636554910599, 27.140814260285563 ], [ 125.64741860619165, 27.175862610032564 ] ] ] ] } },
{ "type": "Feature", "properties": { "geogrid_id": "826751502144643906", "seqnum": 30637.0, "lat_c": 26.751501764493113, "lon_c": 144.64390644900146, "res": 8.0, "count_Insects": 0, "count_Birds": 0, "count_Flowering Plants": 0, "count_Sac Fungi": 0, "count_Amphibians": 0, "count_Molluscs": 0, "count_Arachnids": 0, "count_Mosses": 0, "count_Mammals": 1, "count_Basidiomycota": 0, "count_Gymnosperms": 0, "count_Reptiles": 0, "count_Ferns": 0, "unique_species_count": 1.0, "countryCode": "JP" }, "geometry": { "type": "MultiPolygon", "coordinates": [ [ [ [ 144.992650846971969, 27.170149922551992 ], [ 145.191073586100629, 26.735854640947622 ], [ 144.84277359278903, 26.31660728707109 ], [ 144.29801467297591, 26.332749911290442 ], [ 144.097239282136655, 26.768641792821818 ], [ 144.443506306483897, 27.186929604506354 ], [ 144.992650846971969, 27.170149922551992 ] ] ] ] } },
{ "type": "Feature", "properties": { "geogrid_id": "826805533143005794", "seqnum": 30474.0, "lat_c": 26.805533305653366, "lon_c": 143.00579424556042, "res": 8.0, "count_Insects": 0, "count_Birds": 0, "count_Flowering Plants": 0, "count_Sac Fungi": 0, "count_Amphibians": 0, "count_Molluscs": 0, "count_Arachnids": 0, "count_Mosses": 0, "count_Mammals": 1, "count_Basidiomycota": 0, "count_Gymnosperms": 0, "count_Reptiles": 0, "count_Ferns": 0, "unique_species_count": 1.0, "countryCode": "JP" }, "geometry": { "type": "MultiPolygon", "coordinates": [ [ [ [ 143.34711510619951, 27.22422791939524 ], [ 143.551177603748101, 26.786790235706608 ], [ 143.210134837910232, 26.36789077497151 ], [ 142.667150063702223, 26.386128147204474 ], [ 142.461136985992738, 26.824516401578638 ], [ 142.800028814239312, 27.243836507534414 ], [ 143.34711510619951, 27.22422791939524 ] ] ] ] } },
{ "type": "Feature", "properties": { "geogrid_id": "826807334126949566", "seqnum": 28844.0, "lat_c": 26.807333795789724, "lon_c": 126.94956636877772, "res": 8.0, "count_Insects": 44, "count_Birds": 31, "count_Flowering Plants": 27, "count_Sac Fungi": 0, "count_Amphibians": 1, "count_Molluscs": 22, "count_Arachnids": 1, "count_Mosses": 0, "count_Mammals": 1, "count_Basidiomycota": 0, "count_Gymnosperms": 0, "count_Reptiles": 7, "count_Ferns": 0, "unique_species_count": 134.0, "countryCode": "JP" }, "geometry": { "type": "MultiPolygon", "coordinates": [ [ [ [ 127.233240454403514, 27.267674869815462 ], [ 127.477308082447294, 26.834871233821932 ], [ 127.194059216514106, 26.375590036345834 ], [ 126.66800600734058, 26.346725931886223 ], [ 126.422240956910258, 26.777612540732701 ], [ 126.704218705032162, 27.239284753629452 ], [ 127.233240454403514, 27.267674869815462 ] ] ] ] } },
{ "type": "Feature", "properties": { "geogrid_id": "826862025141374101", "seqnum": 30311.0, "lat_c": 26.862024991210678, "lon_c": 141.37410090965002, "res": 8.0, "count_Insects": 0, "count_Birds": 0, "count_Flowering Plants": 0, "count_Sac Fungi": 0, "count_Amphibians": 0, "count_Molluscs": 0, "count_Arachnids": 0, "count_Mosses": 0, "count_Mammals": 1, "count_Basidiomycota": 0, "count_Gymnosperms": 0, "count_Reptiles": 0, "count_Ferns": 0, "unique_species_count": 1.0, "countryCode": "JP" }, "geometry": { "type": "MultiPolygon", "coordinates": [ [ [ [ 141.708273902461229, 27.283182171306368 ], [ 141.917234485854607, 26.84343463159043 ], [ 141.583277199597148, 26.42240787482412 ], [ 141.042420869083656, 26.439957124109032 ], [ 140.831739526603229, 26.880059888433475 ], [ 141.163630893860443, 27.302353510780588 ], [ 141.708273902461229, 27.283182171306368 ] ] ] ] } },
{ "type": "Feature", "properties": { "geogrid_id": "826870739153324991", "seqnum": 31453.0, "lat_c": 26.87073946820383, "lon_c": 153.3249908144758, "res": 8.0, "count_Insects": 3, "count_Birds": 0, "count_Flowering Plants": 1, "count_Sac Fungi": 0, "count_Amphibians": 0, "count_Molluscs": 0, "count_Arachnids": 0, "count_Mosses": 0, "count_Mammals": 0, "count_Basidiomycota": 2, "count_Gymnosperms": 0, "count_Reptiles": 2, "count_Ferns": 0, "unique_species_count": 8.0, "countryCode": "JP" }, "geometry": { "type": "MultiPolygon", "coordinates": [ [ [ [ 153.741436344326928, 27.187913160315997 ], [ 153.907493530909221, 26.749158246689255 ], [ 153.491378658941926, 26.433822396298673 ], [ 152.906973292288484, 26.557568740041713 ], [ 152.738875387012712, 26.992633007563693 ], [ 153.15724312917078, 27.307702959539544 ], [ 153.741436344326928, 27.187913160315997 ] ] ] ] } },
{ "type": "Feature", "properties": { "geogrid_id": "826883438128534054", "seqnum": 29007.0, "lat_c": 26.883437753726966, "lon_c": 128.53405433175485, "res": 8.0, "count_Insects": 778, "count_Birds": 69, "count_Flowering Plants": 398, "count_Sac Fungi": 4, "count_Amphibians": 11, "count_Molluscs": 229, "count_Arachnids": 46, "count_Mosses": 22, "count_Mammals": 8, "count_Basidiomycota": 22, "count_Gymnosperms": 4, "count_Reptiles": 16, "count_Ferns": 44, "unique_species_count": 1651.0, "countryCode": "JP" }, "geometry": { "type": "MultiPolygon", "coordinates": [ [ [ [ 128.822829937537591, 27.339679349281436 ], [ 129.063067716647566, 26.904491263591733 ], [ 128.774732079747054, 26.449291246644663 ], [ 128.247418314246943, 26.426860665533212 ], [ 128.005469392711603, 26.860235351678227 ], [ 128.292541965643466, 27.317861004623349 ], [ 128.822829937537591, 27.339679349281436 ] ] ] ] } },
{ "type": "Feature", "properties": { "geogrid_id": "826913699139749308", "seqnum": 30148.0, "lat_c": 26.913698629166444, "lon_c": 139.74930816396827, "res": 8.0, "count_Insects": 0, "count_Birds": 0, "count_Flowering Plants": 0, "count_Sac Fungi": 0, "count_Amphibians": 0, "count_Molluscs": 0, "count_Arachnids": 0, "count_Mosses": 0, "count_Mammals": 1, "count_Basidiomycota": 0, "count_Gymnosperms": 0, "count_Reptiles": 1, "count_Ferns": 0, "unique_species_count": 2.0, "countryCode": "JP" }, "geometry": { "type": "MultiPolygon", "coordinates": [ [ [ [ 140.076794486288748, 27.338562537471624 ], [ 140.290145517775017, 26.897341767213071 ], [ 139.962878456354929, 26.472870500985131 ], [ 139.424177846347504, 26.487906615626532 ], [ 139.209212549621128, 26.92898029182679 ], [ 139.534572222970155, 27.355237319226443 ], [ 140.076794486288748, 27.338562537471624 ] ] ] ] } },
{ "type": "Feature", "properties": { "geogrid_id": "826940210130122403", "seqnum": 29170.0, "lat_c": 26.940209770241527, "lon_c": 130.12240330377122, "res": 8.0, "count_Insects": 0, "count_Birds": 0, "count_Flowering Plants": 0, "count_Sac Fungi": 0, "count_Amphibians": 0, "count_Molluscs": 0, "count_Arachnids": 0, "count_Mosses": 0, "count_Mammals": 0, "count_Basidiomycota": 0, "count_Gymnosperms": 0, "count_Reptiles": 1, "count_Ferns": 0, "unique_species_count": 1.0, "countryCode": "JP" }, "geometry": { "type": "MultiPolygon", "coordinates": [ [ [ [ 130.416310611730864, 27.392196245373917 ], [ 130.652739494391085, 26.954907729538181 ], [ 130.359272937869434, 26.503935481716383 ], [ 129.830653187878227, 26.48781255934351 ], [ 129.592515197203909, 26.923410050197916 ], [ 129.884707409317059, 27.376831773251478 ], [ 130.416310611730864, 27.392196245373917 ] ] ] ] } },
{ "type": "Feature", "properties": { "geogrid_id": "826955808138131174", "seqnum": 29985.0, "lat_c": 26.95580805254351, "lon_c": 138.1311735466044, "res": 8.0, "count_Insects": 0, "count_Birds": 0, "count_Flowering Plants": 1, "count_Sac Fungi": 0, "count_Amphibians": 0, "count_Molluscs": 0, "count_Arachnids": 0, "count_Mosses": 0, "count_Mammals": 0, "count_Basidiomycota": 0, "count_Gymnosperms": 0, "count_Reptiles": 0, "count_Ferns": 0, "unique_species_count": 1.0, "countryCode": "JP" }, "geometry": { "type": "MultiPolygon", "coordinates": [ [ [ [ 138.452418078664209, 27.384991569964342 ], [ 138.669840887609155, 26.94305525263249 ], [ 138.348853569149668, 26.514461786821833 ], [ 137.812197516993649, 26.525757352974026 ], [ 137.593189844699936, 26.96713705299565 ], [ 137.912439372492656, 27.39783148098158 ], [ 138.452418078664209, 27.384991569964342 ] ] ] ] } },
{ "type": "Feature", "properties": { "geogrid_id": "827067695154322426", "seqnum": 31535.0, "lat_c": 27.067695054144604, "lon_c": 154.3224258050173, "res": 8.0, "count_Insects": 0, "count_Birds": 0, "count_Flowering Plants": 0, "count_Sac Fungi": 0, "count_Amphibians": 0, "count_Molluscs": 0, "count_Arachnids": 0, "count_Mosses": 0, "count_Mammals": 0, "count_Basidiomycota": 0, "count_Gymnosperms": 0, "count_Reptiles": 1, "count_Ferns": 0, "unique_species_count": 1.0, "countryCode": "JP" }, "geometry": { "type": "MultiPolygon", "coordinates": [ [ [ [ 154.736462244273127, 27.388758657423637 ], [ 154.900546516975567, 26.946584410855486 ], [ 154.486793289004083, 26.62725469870648 ], [ 153.907493530909221, 26.749158246689255 ], [ 153.741436344326928, 27.187913160315997 ], [ 154.156632302043931, 27.508269798525362 ], [ 154.736462244273127, 27.388758657423637 ] ] ] ] } },
{ "type": "Feature", "properties": { "geogrid_id": "827155363145542255", "seqnum": 30719.0, "lat_c": 27.155362620247324, "lon_c": 145.54225517789362, "res": 8.0, "count_Insects": 0, "count_Birds": 0, "count_Flowering Plants": 0, "count_Sac Fungi": 0, "count_Amphibians": 0, "count_Molluscs": 0, "count_Arachnids": 0, "count_Mosses": 0, "count_Mammals": 1, "count_Basidiomycota": 0, "count_Gymnosperms": 0, "count_Reptiles": 0, "count_Ferns": 0, "unique_species_count": 1.0, "countryCode": "JP" }, "geometry": { "type": "MultiPolygon", "coordinates": [ [ [ [ 145.896378854817954, 27.575483129530596 ], [ 146.092121046338434, 27.143258490616891 ], [ 145.738592657700195, 26.722269647467499 ], [ 145.191073586100629, 26.735854640947622 ], [ 144.992650846971969, 27.170149922551992 ], [ 145.344328548600572, 27.588933505193445 ], [ 145.896378854817954, 27.575483129530596 ] ] ] ] } },
{ "type": "Feature", "properties": { "geogrid_id": "827205120143894962", "seqnum": 30556.0, "lat_c": 27.205119671793948, "lon_c": 143.89496213462363, "res": 8.0, "count_Insects": 0, "count_Birds": 0, "count_Flowering Plants": 0, "count_Sac Fungi": 0, "count_Amphibians": 0, "count_Molluscs": 0, "count_Arachnids": 0, "count_Mosses": 0, "count_Mammals": 1, "count_Basidiomycota": 0, "count_Gymnosperms": 0, "count_Reptiles": 0, "count_Ferns": 0, "unique_species_count": 1.0, "countryCode": "JP" }, "geometry": { "type": "MultiPolygon", "coordinates": [ [ [ [ 144.241577997364459, 27.62298059793752 ], [ 144.443506306483897, 27.186929604506354 ], [ 144.097239282136655, 26.768641792821818 ], [ 143.551177603748101, 26.786790235706608 ], [ 143.34711510619951, 27.22422791939524 ], [ 143.691199298103555, 27.642273587150484 ], [ 144.241577997364459, 27.62298059793752 ] ] ] ] } },
{ "type": "Feature", "properties": { "geogrid_id": "827208684126175612", "seqnum": 28763.0, "lat_c": 27.208683531758194, "lon_c": 126.17561215146387, "res": 8.0, "count_Insects": 0, "count_Birds": 0, "count_Flowering Plants": 0, "count_Sac Fungi": 0, "count_Amphibians": 0, "count_Molluscs": 0, "count_Arachnids": 0, "count_Mosses": 0, "count_Mammals": 0, "count_Basidiomycota": 0, "count_Gymnosperms": 0, "count_Reptiles": 2, "count_Ferns": 0, "unique_species_count": 2.0, "countryCode": "JP" }, "geometry": { "type": "MultiPolygon", "coordinates": [ [ [ [ 126.458126630690856, 27.671466371864419 ], [ 126.704218705032162, 27.239284753629452 ], [ 126.422240956910258, 26.777612540732701 ], [ 125.895329242639733, 26.745697980078884 ], [ 125.64741860619165, 27.175862610032564 ], [ 125.928228467549786, 27.639961675810802 ], [ 126.458126630690856, 27.671466371864419 ] ] ] ] } },
{ "type": "Feature", "properties": { "geogrid_id": "827263589142253742", "seqnum": 30393.0, "lat_c": 27.263589410513905, "lon_c": 142.253741817925, "res": 8.0, "count_Insects": 34, "count_Birds": 35, "count_Flowering Plants": 138, "count_Sac Fungi": 17, "count_Amphibians": 1, "count_Molluscs": 163, "count_Arachnids": 2, "count_Mosses": 17, "count_Mammals": 5, "count_Basidiomycota": 36, "count_Gymnosperms": 1, "count_Reptiles": 4, "count_Ferns": 5, "unique_species_count": 458.0, "countryCode": "JP" }, "geometry": { "type": "MultiPolygon", "coordinates": [ [ [ [ 142.592876277803214, 27.682887866332429 ], [ 142.800028814239312, 27.243836507534414 ], [ 142.461136985992738, 26.824516401578638 ], [ 141.917234485854607, 26.84343463159043 ], [ 141.708273902461229, 27.283182171306368 ], [ 142.045012362792733, 27.703432330828015 ], [ 142.592876277803214, 27.682887866332429 ] ] ] ] } },
{ "type": "Feature", "properties": { "geogrid_id": "827293863127762680", "seqnum": 28926.0, "lat_c": 27.293863424196175, "lon_c": 127.76268031152912, "res": 8.0, "count_Insects": 30, "count_Birds": 18, "count_Flowering Plants": 4, "count_Sac Fungi": 2, "count_Amphibians": 0, "count_Molluscs": 11, "count_Arachnids": 2, "count_Mosses": 0, "count_Mammals": 2, "count_Basidiomycota": 0, "count_Gymnosperms": 0, "count_Reptiles": 3, "count_Ferns": 0, "unique_species_count": 72.0, "countryCode": "JP" }, "geometry": { "type": "MultiPolygon", "coordinates": [ [ [ [ 128.05030957250878, 27.752586882761161 ], [ 128.292541965643466, 27.317861004623349 ], [ 128.005469392711603, 26.860235351678227 ], [ 127.477308082447294, 26.834871233821932 ], [ 127.233240454403514, 27.267674869815462 ], [ 127.519164344222503, 27.727769896499026 ], [ 128.05030957250878, 27.752586882761161 ] ] ] ] } },
{ "type": "Feature", "properties": { "geogrid_id": "827320878140619808", "seqnum": 30230.0, "lat_c": 27.320878432560782, "lon_c": 140.61980836466986, "res": 8.0, "count_Insects": 0, "count_Birds": 1, "count_Flowering Plants": 0, "count_Sac Fungi": 0, "count_Amphibians": 0, "count_Molluscs": 0, "count_Arachnids": 0, "count_Mosses": 0, "count_Mammals": 1, "count_Basidiomycota": 0, "count_Gymnosperms": 0, "count_Reptiles": 1, "count_Ferns": 0, "unique_species_count": 3.0, "countryCode": "JP" }, "geometry": { "type": "MultiPolygon", "coordinates": [ [ [ [ 140.951933063936139, 27.743472732800242 ], [ 141.163630893860443, 27.302353510780588 ], [ 140.831739526603229, 26.880059888433475 ], [ 140.290145517775017, 26.897341767213071 ], [ 140.076794486288748, 27.338562537471624 ], [ 140.40670124741726, 27.762488791733098 ], [ 140.951933063936139, 27.743472732800242 ] ] ] ] } },
{ "type": "Feature", "properties": { "geogrid_id": "827359331129353550", "seqnum": 29089.0, "lat_c": 27.359331466948081, "lon_c": 129.35354963503133, "res": 8.0, "count_Insects": 0, "count_Birds": 0, "count_Flowering Plants": 0, "count_Sac Fungi": 0, "count_Amphibians": 0, "count_Molluscs": 0, "count_Arachnids": 0, "count_Mosses": 0, "count_Mammals": 0, "count_Basidiomycota": 0, "count_Gymnosperms": 0, "count_Reptiles": 1, "count_Ferns": 0, "unique_species_count": 1.0, "countryCode": "JP" }, "geometry": { "type": "MultiPolygon", "coordinates": [ [ [ [ 129.646303179198128, 27.813830426766724 ], [ 129.884707409317059, 27.376831773251478 ], [ 129.592515197203909, 26.923410050197916 ], [ 129.063067716647566, 26.904491263591733 ], [ 128.822829937537591, 27.339679349281436 ], [ 129.113873432329314, 27.795604648479376 ], [ 129.646303179198128, 27.813830426766724 ] ] ] ] } },
{ "type": "Feature", "properties": { "geogrid_id": "827370756138993121", "seqnum": 30067.0, "lat_c": 27.370756258662208, "lon_c": 138.99312101684862, "res": 8.0, "count_Insects": 0, "count_Birds": 0, "count_Flowering Plants": 0, "count_Sac Fungi": 0, "count_Amphibians": 0, "count_Molluscs": 0, "count_Arachnids": 0, "count_Mosses": 0, "count_Mammals": 1, "count_Basidiomycota": 0, "count_Gymnosperms": 0, "count_Reptiles": 0, "count_Ferns": 0, "unique_species_count": 1.0, "countryCode": "JP" }, "geometry": { "type": "MultiPolygon", "coordinates": [ [ [ [ 139.318758167689793, 27.797555876270653 ], [ 139.534572222970155, 27.355237319226443 ], [ 139.209212549621128, 26.92898029182679 ], [ 138.669840887609155, 26.94305525263249 ], [ 138.452418078664209, 27.384991569964342 ], [ 138.775996535728609, 27.813300482145941 ], [ 139.318758167689793, 27.797555876270653 ] ] ] ] } },
{ "type": "Feature", "properties": { "geogrid_id": "827409178137373160", "seqnum": 29904.0, "lat_c": 27.409177952500542, "lon_c": 137.37316036268712, "res": 8.0, "count_Insects": 0, "count_Birds": 0, "count_Flowering Plants": 0, "count_Sac Fungi": 0, "count_Amphibians": 0, "count_Molluscs": 0, "count_Arachnids": 0, "count_Mosses": 0, "count_Mammals": 1, "count_Basidiomycota": 0, "count_Gymnosperms": 0, "count_Reptiles": 0, "count_Ferns": 0, "unique_species_count": 1.0, "countryCode": "JP" }, "geometry": { "type": "MultiPolygon", "coordinates": [ [ [ [ 137.692753834398133, 27.840591619547304 ], [ 137.912439372492656, 27.39783148098158 ], [ 137.593189844699936, 26.96713705299565 ], [ 137.055868659139094, 26.976952555829197 ], [ 136.834556575853185, 27.418944759484113 ], [ 137.152215682289835, 27.851936569879413 ], [ 137.692753834398133, 27.840591619547304 ] ] ] ] } },
{ "type": "Feature", "properties": { "geogrid_id": "827427700152569423", "seqnum": 31372.0, "lat_c": 27.427699567165433, "lon_c": 152.56942269297974, "res": 8.0, "count_Insects": 5, "count_Birds": 0, "count_Flowering Plants": 0, "count_Sac Fungi": 0, "count_Amphibians": 0, "count_Molluscs": 0, "count_Arachnids": 0, "count_Mosses": 0, "count_Mammals": 0, "count_Basidiomycota": 0, "count_Gymnosperms": 0, "count_Reptiles": 1, "count_Ferns": 0, "unique_species_count": 6.0, "countryCode": "JP" }, "geometry": { "type": "MultiPolygon", "coordinates": [ [ [ [ 152.988064798565119, 27.744745862484613 ], [ 153.15724312917078, 27.307702959539544 ], [ 152.738875387012712, 26.992633007563693 ], [ 152.148628616373713, 27.115713068730159 ], [ 151.977433740096728, 27.548788149976954 ], [ 152.398548025009347, 27.862801104292547 ], [ 152.988064798565119, 27.744745862484613 ] ] ] ] } },
{ "type": "Feature", "properties": { "geogrid_id": "827432681132547363", "seqnum": 29415.0, "lat_c": 27.432680570336451, "lon_c": 132.5473628694061, "res": 8.0, "count_Insects": 0, "count_Birds": 0, "count_Flowering Plants": 0, "count_Sac Fungi": 0, "count_Amphibians": 0, "count_Molluscs": 0, "count_Arachnids": 0, "count_Mosses": 0, "count_Mammals": 0, "count_Basidiomycota": 0, "count_Gymnosperms": 0, "count_Reptiles": 1, "count_Ferns": 0, "unique_species_count": 1.0, "countryCode": "JP" }, "geometry": { "type": "MultiPolygon", "coordinates": [ [ [ [ 132.850476014217776, 27.878259136279588 ], [ 133.081342365967942, 27.437674003317454 ], [ 132.77874921958167, 26.993096783044116 ], [ 132.246526011343519, 26.986592862544089 ], [ 132.013882484337302, 27.425661724835539 ], [ 132.315251050483454, 27.872767613194615 ], [ 132.850476014217776, 27.878259136279588 ] ] ] ] } },
{ "type": "Feature", "properties": { "geogrid_id": "827605003144792665", "seqnum": 30638.0, "lat_c": 27.605002642890767, "lon_c": 144.79266467637061, "res": 8.0, "count_Insects": 0, "count_Birds": 0, "count_Flowering Plants": 0, "count_Sac Fungi": 0, "count_Amphibians": 0, "count_Molluscs": 0, "count_Arachnids": 0, "count_Mosses": 0, "count_Mammals": 1, "count_Basidiomycota": 0, "count_Gymnosperms": 0, "count_Reptiles": 0, "count_Ferns": 0, "unique_species_count": 1.0, "countryCode": "JP" }, "geometry": { "type": "MultiPolygon", "coordinates": [ [ [ [ 145.144803371815186, 28.023078391883953 ], [ 145.344328548600572, 27.588933505193445 ], [ 144.992650846971969, 27.170149922551992 ], [ 144.443506306483897, 27.186929604506354 ], [ 144.241577997364459, 27.62298059793752 ], [ 144.5911187006582, 28.040511857417364 ], [ 145.144803371815186, 28.023078391883953 ] ] ] ] } },
{ "type": "Feature", "properties": { "geogrid_id": "827606211125398742", "seqnum": 28682.0, "lat_c": 27.606211126636985, "lon_c": 125.39874161091898, "res": 8.0, "count_Insects": 0, "count_Birds": 0, "count_Flowering Plants": 0, "count_Sac Fungi": 0, "count_Amphibians": 0, "count_Molluscs": 0, "count_Arachnids": 0, "count_Mosses": 0, "count_Mammals": 0, "count_Basidiomycota": 0, "count_Gymnosperms": 0, "count_Reptiles": 2, "count_Ferns": 0, "unique_species_count": 2.0, "countryCode": "JP" }, "geometry": { "type": "MultiPolygon", "coordinates": [ [ [ [ 125.680213284222518, 28.071469987708646 ], [ 125.928228467549786, 27.639961675810802 ], [ 125.64741860619165, 27.175862610032564 ], [ 125.119636554910599, 27.140814260285563 ], [ 124.869665079898454, 27.570207834106519 ], [ 125.149419659390588, 28.036765927525202 ], [ 125.680213284222518, 28.071469987708646 ] ] ] ] } },
{ "type": "Feature", "properties": { "geogrid_id": "827626780153573947", "seqnum": 31454.0, "lat_c": 27.626779718202059, "lon_c": 153.57394726028087, "res": 8.0, "count_Insects": 1, "count_Birds": 0, "count_Flowering Plants": 0, "count_Sac Fungi": 0, "count_Amphibians": 0, "count_Molluscs": 0, "count_Arachnids": 0, "count_Mosses": 0, "count_Mammals": 0, "count_Basidiomycota": 0, "count_Gymnosperms": 0, "count_Reptiles": 1, "count_Ferns": 0, "unique_species_count": 2.0, "countryCode": "JP" }, "geometry": { "type": "MultiPolygon", "coordinates": [ [ [ [ 153.989331387217561, 27.949012048540407 ], [ 154.156632302043931, 27.508269798525362 ], [ 153.741436344326928, 27.187913160315997 ], [ 153.15724312917078, 27.307702959539544 ], [ 152.988064798565119, 27.744745862484613 ], [ 153.404946134220495, 28.065792926119425 ], [ 153.989331387217561, 27.949012048540407 ] ] ] ] } },
{ "type": "Feature", "properties": { "geogrid_id": "827662383143141615", "seqnum": 30475.0, "lat_c": 27.662382885215983, "lon_c": 143.14161453560462, "res": 8.0, "count_Insects": 0, "count_Birds": 0, "count_Flowering Plants": 0, "count_Sac Fungi": 0, "count_Amphibians": 0, "count_Molluscs": 0, "count_Arachnids": 0, "count_Mosses": 0, "count_Mammals": 1, "count_Basidiomycota": 0, "count_Gymnosperms": 0, "count_Reptiles": 0, "count_Ferns": 0, "unique_species_count": 1.0, "countryCode": "JP" }, "geometry": { "type": "MultiPolygon", "coordinates": [ [ [ [ 143.485980997772856, 28.080203143556606 ], [ 143.691199298103555, 27.642273587150484 ], [ 143.34711510619951, 27.22422791939524 ], [ 142.800028814239312, 27.243836507534414 ], [ 142.592876277803214, 27.682887866332429 ], [ 142.934718944135, 28.10135307368979 ], [ 143.485980997772856, 28.080203143556606 ] ] ] ] } },
{ "type": "Feature", "properties": { "geogrid_id": "827700733126988438", "seqnum": 28845.0, "lat_c": 27.700732915479144, "lon_c": 126.98843777875351, "res": 8.0, "count_Insects": 0, "count_Birds": 0, "count_Flowering Plants": 0, "count_Sac Fungi": 0, "count_Amphibians": 0, "count_Molluscs": 0, "count_Arachnids": 0, "count_Mosses": 0, "count_Mammals": 0, "count_Basidiomycota": 0, "count_Gymnosperms": 0, "count_Reptiles": 1, "count_Ferns": 0, "unique_species_count": 1.0, "countryCode": "JP" }, "geometry": { "type": "MultiPolygon", "coordinates": [ [ [ [ 127.275050508707452, 28.161979969338212 ], [ 127.519164344222503, 27.727769896499026 ], [ 127.233240454403514, 27.267674869815462 ], [ 126.704218705032162, 27.239284753629452 ], [ 126.458126630690856, 27.671466371864419 ], [ 126.743027252525792, 28.134069782068465 ], [ 127.275050508707452, 28.161979969338212 ] ] ] ] } },
{ "type": "Feature", "properties": { "geogrid_id": "827723713141498032", "seqnum": 30312.0, "lat_c": 27.723713440699218, "lon_c": 141.49803246268391, "res": 8.0, "count_Insects": 0, "count_Birds": 0, "count_Flowering Plants": 0, "count_Sac Fungi": 0, "count_Amphibians": 0, "count_Molluscs": 0, "count_Arachnids": 0, "count_Mosses": 0, "count_Mammals": 1, "count_Basidiomycota": 0, "count_Gymnosperms": 0, "count_Reptiles": 0, "count_Ferns": 0, "unique_species_count": 1.0, "countryCode": "JP" }, "geometry": { "type": "MultiPolygon", "coordinates": [ [ [ [ 141.83501524351459, 28.1441374094906 ], [ 142.045012362792733, 27.703432330828015 ], [ 141.708273902461229, 27.283182171306368 ], [ 141.163630893860443, 27.302353510780588 ], [ 140.951933063936139, 27.743472732800242 ], [ 141.286587296103988, 28.165117111678271 ], [ 141.83501524351459, 28.1441374094906 ] ] ] ] } },
{ "type": "Feature", "properties": { "geogrid_id": "827775195128581878", "seqnum": 29008.0, "lat_c": 27.775194520554944, "lon_c": 128.58187758302162, "res": 8.0, "count_Insects": 37, "count_Birds": 9, "count_Flowering Plants": 144, "count_Sac Fungi": 1, "count_Amphibians": 5, "count_Molluscs": 224, "count_Arachnids": 5, "count_Mosses": 3, "count_Mammals": 1, "count_Basidiomycota": 0, "count_Gymnosperms": 1, "count_Reptiles": 5, "count_Ferns": 1, "unique_species_count": 436.0, "countryCode": "JP" }, "geometry": { "type": "MultiPolygon", "coordinates": [ [ [ [ 128.873620569614729, 28.232257599114828 ], [ 129.113873432329314, 27.795604648479376 ], [ 128.822829937537591, 27.339679349281436 ], [ 128.292541965643466, 27.317861004623349 ], [ 128.05030957250878, 27.752586882761161 ], [ 128.34034307666343, 28.21106376833637 ], [ 128.873620569614729, 28.232257599114828 ] ] ] ] } },
{ "type": "Feature", "properties": { "geogrid_id": "827780571139862318", "seqnum": 30149.0, "lat_c": 27.780571253018447, "lon_c": 139.86231755613156, "res": 8.0, "count_Insects": 0, "count_Birds": 0, "count_Flowering Plants": 0, "count_Sac Fungi": 0, "count_Amphibians": 0, "count_Molluscs": 0, "count_Arachnids": 0, "count_Mosses": 0, "count_Mammals": 1, "count_Basidiomycota": 0, "count_Gymnosperms": 0, "count_Reptiles": 1, "count_Ferns": 0, "unique_species_count": 2.0, "countryCode": "JP" }, "geometry": { "type": "MultiPolygon", "coordinates": [ [ [ [ 140.192513530045659, 28.20497184723272 ], [ 140.40670124741726, 27.762488791733098 ], [ 140.076794486288748, 27.338562537471624 ], [ 139.534572222970155, 27.355237319226443 ], [ 139.318758167689793, 27.797555876270653 ], [ 139.646817805270189, 28.223444803573187 ], [ 140.192513530045659, 28.20497184723272 ] ] ] ] } },
{ "type": "Feature", "properties": { "geogrid_id": "827827682138234005", "seqnum": 29986.0, "lat_c": 27.827681589144674, "lon_c": 138.23400462491006, "res": 8.0, "count_Insects": 0, "count_Birds": 0, "count_Flowering Plants": 0, "count_Sac Fungi": 0, "count_Amphibians": 0, "count_Molluscs": 0, "count_Arachnids": 0, "count_Mosses": 0, "count_Mammals": 1, "count_Basidiomycota": 0, "count_Gymnosperms": 0, "count_Reptiles": 0, "count_Ferns": 0, "unique_species_count": 1.0, "countryCode": "JP" }, "geometry": { "type": "MultiPolygon", "coordinates": [ [ [ [ 138.557954998691514, 28.256682047697634 ], [ 138.775996535728609, 27.813300482145941 ], [ 138.452418078664209, 27.384991569964342 ], [ 137.912439372492656, 27.39783148098158 ], [ 137.692753834398133, 27.840591619547304 ], [ 138.014721601966698, 28.271190675383497 ], [ 138.557954998691514, 28.256682047697634 ] ] ] ] } },
{ "type": "Feature", "properties": { "geogrid_id": "827829886130179174", "seqnum": 29171.0, "lat_c": 27.829886484496267, "lon_c": 130.17917395119909, "res": 8.0, "count_Insects": 0, "count_Birds": 0, "count_Flowering Plants": 0, "count_Sac Fungi": 0, "count_Amphibians": 0, "count_Molluscs": 0, "count_Arachnids": 0, "count_Mosses": 0, "count_Mammals": 0, "count_Basidiomycota": 0, "count_Gymnosperms": 0, "count_Reptiles": 1, "count_Ferns": 0, "unique_species_count": 1.0, "countryCode": "JP" }, "geometry": { "type": "MultiPolygon", "coordinates": [ [ [ [ 130.476049156240094, 28.282594137862272 ], [ 130.712494012438896, 27.843789087545105 ], [ 130.416310611730864, 27.392196245373917 ], [ 129.884707409317059, 27.376831773251478 ], [ 129.646303179198128, 27.813830426766724 ], [ 129.94146623486057, 28.268008749747057 ], [ 130.476049156240094, 28.282594137862272 ] ] ] ] } },
{ "type": "Feature", "properties": { "geogrid_id": "827831114154570883", "seqnum": 31536.0, "lat_c": 27.831113789645549, "lon_c": 154.57088260562054, "res": 8.0, "count_Insects": 0, "count_Birds": 0, "count_Flowering Plants": 0, "count_Sac Fungi": 0, "count_Amphibians": 0, "count_Molluscs": 0, "count_Arachnids": 0, "count_Mosses": 0, "count_Mammals": 0, "count_Basidiomycota": 0, "count_Gymnosperms": 0, "count_Reptiles": 2, "count_Ferns": 0, "unique_species_count": 2.0, "countryCode": "JP" }, "geometry": { "type": "MultiPolygon", "coordinates": [ [ [ [ 154.98447316433311, 28.155853540829032 ], [ 155.149873560226553, 27.711772247451687 ], [ 154.736462244273127, 27.388758657423637 ], [ 154.156632302043931, 27.508269798525362 ], [ 153.989331387217561, 27.949012048540407 ], [ 154.403718156483308, 28.273682665168486 ], [ 154.98447316433311, 28.155853540829032 ] ] ] ] } },
{ "type": "Feature", "properties": { "geogrid_id": "827865208131780521", "seqnum": 29334.0, "lat_c": 27.865208357384891, "lon_c": 131.78052115088516, "res": 8.0, "count_Insects": 0, "count_Birds": 0, "count_Flowering Plants": 0, "count_Sac Fungi": 0, "count_Amphibians": 0, "count_Molluscs": 0, "count_Arachnids": 0, "count_Mosses": 0, "count_Mammals": 0, "count_Basidiomycota": 0, "count_Gymnosperms": 0, "count_Reptiles": 1, "count_Ferns": 0, "unique_species_count": 1.0, "countryCode": "JP" }, "geometry": { "type": "MultiPolygon", "coordinates": [ [ [ [ 132.082553915727402, 28.313394121763626 ], [ 132.315251050483454, 27.872767613194615 ], [ 132.013882484337302, 27.425661724835539 ], [ 131.480888045693831, 27.416590484353073 ], [ 131.246272831803566, 27.855556330628218 ], [ 131.546581620538177, 28.305267308333782 ], [ 132.082553915727402, 28.313394121763626 ] ] ] ] } },
{ "type": "Feature", "properties": { "geogrid_id": "827881711133386211", "seqnum": 29497.0, "lat_c": 27.881710893706078, "lon_c": 133.38621098732648, "res": 8.0, "count_Insects": 0, "count_Birds": 0, "count_Flowering Plants": 0, "count_Sac Fungi": 0, "count_Amphibians": 0, "count_Molluscs": 0, "count_Arachnids": 0, "count_Mosses": 0, "count_Mammals": 0, "count_Basidiomycota": 0, "count_Gymnosperms": 0, "count_Reptiles": 1, "count_Ferns": 0, "unique_species_count": 1.0, "countryCode": "JP" }, "geometry": { "type": "MultiPolygon", "coordinates": [ [ [ [ 133.693463905660536, 28.325221265545149 ], [ 133.92247242814679, 27.883154170174414 ], [ 133.615835439313258, 27.440672084647364 ], [ 133.081342365967942, 27.437674003317454 ], [ 132.850476014217776, 27.878259136279588 ], [ 133.155978942332638, 28.323343725454588 ], [ 133.693463905660536, 28.325221265545149 ] ] ] ] } },
{ "type": "Feature", "properties": { "geogrid_id": "827999784124619034", "seqnum": 28601.0, "lat_c": 27.999784094947568, "lon_c": 124.61903423462211, "res": 8.0, "count_Insects": 0, "count_Birds": 0, "count_Flowering Plants": 0, "count_Sac Fungi": 0, "count_Amphibians": 0, "count_Molluscs": 0, "count_Arachnids": 0, "count_Mosses": 0, "count_Mammals": 0, "count_Basidiomycota": 0, "count_Gymnosperms": 0, "count_Reptiles": 2, "count_Ferns": 0, "unique_species_count": 2.0, "countryCode": "JP" }, "geometry": { "type": "MultiPolygon", "coordinates": [ [ [ [ 124.899589804587677, 28.467549603498963 ], [ 125.149419659390588, 28.036765927525202 ], [ 124.869665079898454, 27.570207834106519 ], [ 124.340998536853618, 27.531945648519521 ], [ 124.089057317391109, 27.960519119230856 ], [ 124.367878608056699, 28.429565099519444 ], [ 124.899589804587677, 28.467549603498963 ] ] ] ] } },
{ "type": "Feature", "properties": { "geogrid_id": "828059755144038138", "seqnum": 30557.0, "lat_c": 28.059754839156106, "lon_c": 144.03813849891162, "res": 8.0, "count_Insects": 0, "count_Birds": 0, "count_Flowering Plants": 0, "count_Sac Fungi": 0, "count_Amphibians": 0, "count_Molluscs": 0, "count_Arachnids": 0, "count_Mosses": 0, "count_Mammals": 1, "count_Basidiomycota": 0, "count_Gymnosperms": 0, "count_Reptiles": 0, "count_Ferns": 0, "unique_species_count": 1.0, "countryCode": "JP" }, "geometry": { "type": "MultiPolygon", "coordinates": [ [ [ [ 144.388029832713102, 28.47678913305748 ], [ 144.5911187006582, 28.040511857417364 ], [ 144.241577997364459, 27.62298059793752 ], [ 143.691199298103555, 27.642273587150484 ], [ 143.485980997772856, 28.080203143556606 ], [ 143.833220704848742, 28.497364075235431 ], [ 144.388029832713102, 28.47678913305748 ] ] ] ] } },
{ "type": "Feature", "properties": { "geogrid_id": "828103902126211415", "seqnum": 28764.0, "lat_c": 28.103902334877631, "lon_c": 126.21141545955506, "res": 8.0, "count_Insects": 0, "count_Birds": 0, "count_Flowering Plants": 0, "count_Sac Fungi": 0, "count_Amphibians": 0, "count_Molluscs": 0, "count_Arachnids": 0, "count_Mosses": 0, "count_Mammals": 0, "count_Basidiomycota": 0, "count_Gymnosperms": 0, "count_Reptiles": 2, "count_Ferns": 0, "unique_species_count": 2.0, "countryCode": "JP" }, "geometry": { "type": "MultiPolygon", "coordinates": [ [ [ [ 126.497153159586162, 28.567709976121961 ], [ 126.743027252525792, 28.134069782068465 ], [ 126.458126630690856, 27.671466371864419 ], [ 125.928228467549786, 27.639961675810802 ], [ 125.680213284222518, 28.071469987708646 ], [ 125.964227101529673, 28.53661645314871 ], [ 126.497153159586162, 28.567709976121961 ] ] ] ] } },
{ "type": "Feature", "properties": { "geogrid_id": "828122783142384392", "seqnum": 30394.0, "lat_c": 28.122782786384398, "lon_c": 142.38439187040174, "res": 8.0, "count_Insects": 0, "count_Birds": 0, "count_Flowering Plants": 0, "count_Sac Fungi": 0, "count_Amphibians": 0, "count_Molluscs": 0, "count_Arachnids": 0, "count_Mosses": 0, "count_Mammals": 2, "count_Basidiomycota": 0, "count_Gymnosperms": 0, "count_Reptiles": 0, "count_Ferns": 0, "unique_species_count": 2.0, "countryCode": "JP" }, "geometry": { "type": "MultiPolygon", "coordinates": [ [ [ [ 142.726491688887421, 28.541246043132148 ], [ 142.934718944135, 28.10135307368979 ], [ 142.592876277803214, 27.682887866332429 ], [ 142.045012362792733, 27.703432330828015 ], [ 141.83501524351459, 28.1441374094906 ], [ 142.174652859594573, 28.563625241262141 ], [ 142.726491688887421, 28.541246043132148 ] ] ] ] } },
{ "type": "Feature", "properties": { "geogrid_id": "828185468140739094", "seqnum": 30231.0, "lat_c": 28.18546749839193, "lon_c": 140.73909413028599, "res": 8.0, "count_Insects": 0, "count_Birds": 0, "count_Flowering Plants": 0, "count_Sac Fungi": 0, "count_Amphibians": 0, "count_Molluscs": 0, "count_Arachnids": 0, "count_Mosses": 0, "count_Mammals": 1, "count_Basidiomycota": 0, "count_Gymnosperms": 0, "count_Reptiles": 1, "count_Ferns": 0, "unique_species_count": 2.0, "countryCode": "JP" }, "geometry": { "type": "MultiPolygon", "coordinates": [ [ [ [ 141.074040138305321, 28.60748845251274 ], [ 141.286587296103988, 28.165117111678271 ], [ 140.951933063936139, 27.743472732800242 ], [ 140.40670124741726, 27.762488791733098 ], [ 140.192513530045659, 28.20497184723272 ], [ 140.525226297291198, 28.628428358380098 ], [ 141.074040138305321, 28.60748845251274 ] ] ] ] } },
{ "type": "Feature", "properties": { "geogrid_id": "828187641127807488", "seqnum": 28927.0, "lat_c": 28.187641446733359, "lon_c": 127.80748791685048, "res": 8.0, "count_Insects": 0, "count_Birds": 0, "count_Flowering Plants": 0, "count_Sac Fungi": 0, "count_Amphibians": 0, "count_Molluscs": 0, "count_Arachnids": 0, "count_Mosses": 0, "count_Mammals": 1, "count_Basidiomycota": 0, "count_Gymnosperms": 0, "count_Reptiles": 1, "count_Ferns": 0, "unique_species_count": 2.0, "countryCode": "JP" }, "geometry": { "type": "MultiPolygon", "coordinates": [ [ [ [ 128.098377468207161, 28.647314104982218 ], [ 128.34034307666343, 28.21106376833637 ], [ 128.05030957250878, 27.752586882761161 ], [ 127.519164344222503, 27.727769896499026 ], [ 127.275050508707452, 28.161979969338212 ], [ 127.564225865582642, 28.623050797318196 ], [ 128.098377468207161, 28.647314104982218 ] ] ] ] } },
{ "type": "Feature", "properties": { "geogrid_id": "828240727139101976", "seqnum": 30068.0, "lat_c": 28.240727240070679, "lon_c": 139.10197590776244, "res": 8.0, "count_Insects": 0, "count_Birds": 0, "count_Flowering Plants": 0, "count_Sac Fungi": 0, "count_Amphibians": 0, "count_Molluscs": 0, "count_Arachnids": 0, "count_Mosses": 0, "count_Mammals": 1, "count_Basidiomycota": 0, "count_Gymnosperms": 0, "count_Reptiles": 0, "count_Ferns": 0, "unique_species_count": 1.0, "countryCode": "JP" }, "geometry": { "type": "MultiPolygon", "coordinates": [ [ [ [ 139.430424915570029, 28.667264252196155 ], [ 139.646817805270189, 28.223444803573187 ], [ 139.318758167689793, 27.797555876270653 ], [ 138.775996535728609, 27.813300482145941 ], [ 138.557954998691514, 28.256682047697634 ], [ 138.884362231260468, 28.684827875014069 ], [ 139.430424915570029, 28.667264252196155 ] ] ] ] } },
{ "type": "Feature", "properties": { "geogrid_id": "828251235129407326", "seqnum": 29090.0, "lat_c": 28.251234836596154, "lon_c": 129.40732603267818, "res": 8.0, "count_Insects": 236, "count_Birds": 69, "count_Flowering Plants": 527, "count_Sac Fungi": 3, "count_Amphibians": 6, "count_Molluscs": 388, "count_Arachnids": 15, "count_Mosses": 13, "count_Mammals": 5, "count_Basidiomycota": 6, "count_Gymnosperms": 4, "count_Reptiles": 17, "count_Ferns": 45, "unique_species_count": 1334.0, "countryCode": "JP" }, "geometry": { "type": "MultiPolygon", "coordinates": [ [ [ [ 129.703344435808503, 28.706593338130077 ], [ 129.94146623486057, 28.268008749747057 ], [ 129.646303179198128, 27.813830426766724 ], [ 129.113873432329314, 27.795604648479376 ], [ 128.873620569614729, 28.232257599114828 ], [ 129.167931090652814, 28.689074104805357 ], [ 129.703344435808503, 28.706593338130077 ] ] ] ] } },
{ "type": "Feature", "properties": { "geogrid_id": "828295008131011084", "seqnum": 29253.0, "lat_c": 28.295007512777371, "lon_c": 131.01108406909847, "res": 8.0, "count_Insects": 0, "count_Birds": 0, "count_Flowering Plants": 0, "count_Sac Fungi": 0, "count_Amphibians": 0, "count_Molluscs": 0, "count_Arachnids": 0, "count_Mosses": 0, "count_Mammals": 0, "count_Basidiomycota": 0, "count_Gymnosperms": 0, "count_Reptiles": 1, "count_Ferns": 0, "unique_species_count": 1.0, "countryCode": "JP" }, "geometry": { "type": "MultiPolygon", "coordinates": [ [ [ [ 131.312225428708444, 28.745873173404924 ], [ 131.546581620538177, 28.305267308333782 ], [ 131.246272831803566, 27.855556330628218 ], [ 130.712494012438896, 27.843789087545105 ], [ 130.476049156240094, 28.282594137862272 ], [ 130.775481962592124, 28.734977064413613 ], [ 131.312225428708444, 28.745873173404924 ] ] ] ] } },
{ "type": "Feature", "properties": { "geogrid_id": "828319411132619015", "seqnum": 29416.0, "lat_c": 28.31941099255641, "lon_c": 132.61901460058968, "res": 8.0, "count_Insects": 0, "count_Birds": 0, "count_Flowering Plants": 0, "count_Sac Fungi": 0, "count_Amphibians": 0, "count_Molluscs": 0, "count_Arachnids": 0, "count_Mosses": 0, "count_Mammals": 1, "count_Basidiomycota": 0, "count_Gymnosperms": 0, "count_Reptiles": 1, "count_Ferns": 0, "unique_species_count": 2.0, "countryCode": "JP" }, "geometry": { "type": "MultiPolygon", "coordinates": [ [ [ [ 132.925303334757558, 28.765610771307465 ], [ 133.155978942332638, 28.323343725454588 ], [ 132.850476014217776, 27.878259136279588 ], [ 132.315251050483454, 27.872767613194615 ], [ 132.082553915727402, 28.313394121763626 ], [ 132.387121606517496, 28.761167735005433 ], [ 132.925303334757558, 28.765610771307465 ] ] ] ] } },
{ "type": "Feature", "properties": { "geogrid_id": "828457907144943681", "seqnum": 30639.0, "lat_c": 28.457906510351457, "lon_c": 144.94368068199663, "res": 8.0, "count_Insects": 0, "count_Birds": 0, "count_Flowering Plants": 0, "count_Sac Fungi": 0, "count_Amphibians": 0, "count_Molluscs": 0, "count_Arachnids": 0, "count_Mosses": 0, "count_Mammals": 1, "count_Basidiomycota": 0, "count_Gymnosperms": 0, "count_Reptiles": 0, "count_Ferns": 0, "unique_species_count": 1.0, "countryCode": "JP" }, "geometry": { "type": "MultiPolygon", "coordinates": [ [ [ [ 145.299360413468406, 28.875438544301211 ], [ 145.500007326912993, 28.441461024919391 ], [ 145.144803371815186, 28.023078391883953 ], [ 144.5911187006582, 28.040511857417364 ], [ 144.388029832713102, 28.47678913305748 ], [ 144.740975826689237, 28.893542400359525 ], [ 145.299360413468406, 28.875438544301211 ] ] ] ] } },
{ "type": "Feature", "properties": { "geogrid_id": "828503232125431706", "seqnum": 28683.0, "lat_c": 28.503231641171585, "lon_c": 125.43170609775935, "res": 8.0, "count_Insects": 0, "count_Birds": 0, "count_Flowering Plants": 0, "count_Sac Fungi": 0, "count_Amphibians": 0, "count_Molluscs": 0, "count_Arachnids": 0, "count_Mosses": 0, "count_Mammals": 0, "count_Basidiomycota": 0, "count_Gymnosperms": 0, "count_Reptiles": 2, "count_Ferns": 0, "unique_species_count": 2.0, "countryCode": "JP" }, "geometry": { "type": "MultiPolygon", "coordinates": [ [ [ [ 125.716721948396426, 28.969632543031782 ], [ 125.964227101529673, 28.53661645314871 ], [ 125.680213284222518, 28.071469987708646 ], [ 125.149419659390588, 28.036765927525202 ], [ 124.899589804587677, 28.467549603498963 ], [ 125.182864322426823, 28.935269862293062 ], [ 125.716721948396426, 28.969632543031782 ] ] ] ] } },
{ "type": "Feature", "properties": { "geogrid_id": "828519019143279356", "seqnum": 30476.0, "lat_c": 28.519018609056548, "lon_c": 143.27935572343625, "res": 8.0, "count_Insects": 0, "count_Birds": 1, "count_Flowering Plants": 0, "count_Sac Fungi": 0, "count_Amphibians": 0, "count_Molluscs": 0, "count_Arachnids": 0, "count_Mosses": 0, "count_Mammals": 1, "count_Basidiomycota": 0, "count_Gymnosperms": 0, "count_Reptiles": 0, "count_Ferns": 0, "unique_species_count": 2.0, "countryCode": "JP" }, "geometry": { "type": "MultiPolygon", "coordinates": [ [ [ [ 143.626878422927916, 28.935933196097604 ], [ 143.833220704848742, 28.497364075235431 ], [ 143.485980997772856, 28.080203143556606 ], [ 142.934718944135, 28.10135307368979 ], [ 142.726491688887421, 28.541246043132148 ], [ 143.071395600361882, 28.958842081329731 ], [ 143.626878422927916, 28.935933196097604 ] ] ] ] } },
{ "type": "Feature", "properties": { "geogrid_id": "828585804141623841", "seqnum": 30313.0, "lat_c": 28.585804447684836, "lon_c": 141.62384054361877, "res": 8.0, "count_Insects": 0, "count_Birds": 3, "count_Flowering Plants": 0, "count_Sac Fungi": 0, "count_Amphibians": 0, "count_Molluscs": 0, "count_Arachnids": 0, "count_Mosses": 0, "count_Mammals": 2, "count_Basidiomycota": 0, "count_Gymnosperms": 0, "count_Reptiles": 1, "count_Ferns": 0, "unique_species_count": 6.0, "countryCode": "JP" }, "geometry": { "type": "MultiPolygon", "coordinates": [ [ [ [ 141.963764341843358, 29.005528386319007 ], [ 142.174652859594573, 28.563625241262141 ], [ 141.83501524351459, 28.1441374094906 ], [ 141.286587296103988, 28.165117111678271 ], [ 141.074040138305321, 28.60748845251274 ], [ 141.411607682682757, 29.028541190701095 ], [ 141.963764341843358, 29.005528386319007 ] ] ] ] } },
{ "type": "Feature", "properties": { "geogrid_id": "828596519127030485", "seqnum": 28846.0, "lat_c": 28.596518910540802, "lon_c": 127.03048541199406, "res": 8.0, "count_Insects": 0, "count_Birds": 0, "count_Flowering Plants": 0, "count_Sac Fungi": 0, "count_Amphibians": 0, "count_Molluscs": 0, "count_Arachnids": 0, "count_Mosses": 0, "count_Mammals": 1, "count_Basidiomycota": 0, "count_Gymnosperms": 0, "count_Reptiles": 2, "count_Ferns": 0, "unique_species_count": 3.0, "countryCode": "JP" }, "geometry": { "type": "MultiPolygon", "coordinates": [ [ [ [ 127.32069255680031, 29.058840911795887 ], [ 127.564225865582642, 28.623050797318196 ], [ 127.275050508707452, 28.161979969338212 ], [ 126.743027252525792, 28.134069782068465 ], [ 126.497153159586162, 28.567709976121961 ], [ 126.785635319721393, 29.031411905204809 ], [ 127.32069255680031, 29.058840911795887 ] ] ] ] } },
{ "type": "Feature", "properties": { "geogrid_id": "828648413139977367", "seqnum": 30150.0, "lat_c": 28.64841338165018, "lon_c": 139.97736671877431, "res": 8.0, "count_Insects": 0, "count_Birds": 0, "count_Flowering Plants": 0, "count_Sac Fungi": 0, "count_Amphibians": 0, "count_Molluscs": 0, "count_Arachnids": 0, "count_Mosses": 0, "count_Mammals": 1, "count_Basidiomycota": 0, "count_Gymnosperms": 0, "count_Reptiles": 0, "count_Ferns": 0, "unique_species_count": 1.0, "countryCode": "JP" }, "geometry": { "type": "MultiPolygon", "coordinates": [ [ [ [ 140.310473105128381, 29.072451621841829 ], [ 140.525226297291198, 28.628428358380098 ], [ 140.192513530045659, 28.20497184723272 ], [ 139.646817805270189, 28.223444803573187 ], [ 139.430424915570029, 28.667264252196155 ], [ 139.761414224030773, 29.09290400278681 ], [ 140.310473105128381, 29.072451621841829 ] ] ] ] } },
{ "type": "Feature", "properties": { "geogrid_id": "828669318128632944", "seqnum": 29009.0, "lat_c": 28.669318328938736, "lon_c": 128.63294418699653, "res": 8.0, "count_Insects": 0, "count_Birds": 0, "count_Flowering Plants": 0, "count_Sac Fungi": 0, "count_Amphibians": 0, "count_Molluscs": 2, "count_Arachnids": 0, "count_Mosses": 0, "count_Mammals": 0, "count_Basidiomycota": 0, "count_Gymnosperms": 0, "count_Reptiles": 3, "count_Ferns": 0, "unique_species_count": 5.0, "countryCode": "JP" }, "geometry": { "type": "MultiPolygon", "coordinates": [ [ [ [ 128.928295674439738, 29.127377112364403 ], [ 129.167931090652814, 28.689074104805357 ], [ 128.873620569614729, 28.232257599114828 ], [ 128.34034307666343, 28.21106376833637 ], [ 128.098377468207161, 28.647314104982218 ], [ 128.392018967327402, 29.106814654293363 ], [ 128.928295674439738, 29.127377112364403 ] ] ] ] } },
{ "type": "Feature", "properties": { "geogrid_id": "828700973138339139", "seqnum": 29987.0, "lat_c": 28.700972992500589, "lon_c": 138.33913929699267, "res": 8.0, "count_Insects": 0, "count_Birds": 0, "count_Flowering Plants": 0, "count_Sac Fungi": 0, "count_Amphibians": 0, "count_Molluscs": 0, "count_Arachnids": 0, "count_Mosses": 0, "count_Mammals": 1, "count_Basidiomycota": 0, "count_Gymnosperms": 0, "count_Reptiles": 0, "count_Ferns": 0, "unique_species_count": 1.0, "countryCode": "JP" }, "geometry": { "type": "MultiPolygon", "coordinates": [ [ [ [ 138.666086287397434, 29.129937518989699 ], [ 138.884362231260468, 28.684827875014069 ], [ 138.557954998691514, 28.256682047697634 ], [ 138.014721601966698, 28.271190675383497 ], [ 137.794717072695477, 28.715586643963107 ], [ 138.119724637124051, 29.146247997083293 ], [ 138.666086287397434, 29.129937518989699 ] ] ] ] } },
{ "type": "Feature", "properties": { "geogrid_id": "828721889130239192", "seqnum": 29172.0, "lat_c": 28.721889353232207, "lon_c": 130.23919175736143, "res": 8.0, "count_Insects": 7, "count_Birds": 1, "count_Flowering Plants": 78, "count_Sac Fungi": 0, "count_Amphibians": 1, "count_Molluscs": 1, "count_Arachnids": 1, "count_Mosses": 0, "count_Mammals": 0, "count_Basidiomycota": 0, "count_Gymnosperms": 0, "count_Reptiles": 2, "count_Ferns": 2, "unique_species_count": 93.0, "countryCode": "JP" }, "geometry": { "type": "MultiPolygon", "coordinates": [ [ [ [ 130.539650964774012, 29.175497763630013 ], [ 130.775481962592124, 28.734977064413613 ], [ 130.476049156240094, 28.282594137862272 ], [ 129.94146623486057, 28.268008749747057 ], [ 129.703344435808503, 28.706593338130077 ], [ 130.002104045728913, 29.161706084236219 ], [ 130.539650964774012, 29.175497763630013 ] ] ] ] } },
{ "type": "Feature", "properties": { "geogrid_id": "828754596131849434", "seqnum": 29335.0, "lat_c": 28.754596397658251, "lon_c": 131.84943410325209, "res": 8.0, "count_Insects": 0, "count_Birds": 0, "count_Flowering Plants": 0, "count_Sac Fungi": 0, "count_Amphibians": 0, "count_Molluscs": 0, "count_Arachnids": 0, "count_Mosses": 0, "count_Mammals": 0, "count_Basidiomycota": 0, "count_Gymnosperms": 0, "count_Reptiles": 1, "count_Ferns": 0, "unique_species_count": 1.0, "countryCode": "JP" }, "geometry": { "type": "MultiPolygon", "coordinates": [ [ [ [ 132.154986877355725, 29.203567348188198 ], [ 132.387121606517496, 28.761167735005433 ], [ 132.082553915727402, 28.313394121763626 ], [ 131.546581620538177, 28.305267308333782 ], [ 131.312225428708444, 28.745873173404924 ], [ 131.616079906437534, 29.19641052213931 ], [ 132.154986877355725, 29.203567348188198 ] ] ] ] } },
{ "type": "Feature", "properties": { "geogrid_id": "828767952133463997", "seqnum": 29498.0, "lat_c": 28.767952039074153, "lon_c": 133.46399656245362, "res": 8.0, "count_Insects": 0, "count_Birds": 0, "count_Flowering Plants": 0, "count_Sac Fungi": 0, "count_Amphibians": 0, "count_Molluscs": 0, "count_Arachnids": 0, "count_Mosses": 0, "count_Mammals": 0, "count_Basidiomycota": 0, "count_Gymnosperms": 0, "count_Reptiles": 1, "count_Ferns": 0, "unique_species_count": 1.0, "countryCode": "JP" }, "geometry": { "type": "MultiPolygon", "coordinates": [ [ [ [ 133.774667852949563, 29.212104807190169 ], [ 134.003220541268178, 28.768221436694837 ], [ 133.693463905660536, 28.325221265545149 ], [ 133.155978942332638, 28.323343725454588 ], [ 132.925303334757558, 28.765610771307465 ], [ 133.234262415666251, 29.211388860325805 ], [ 133.774667852949563, 29.212104807190169 ] ] ] ] } },
{ "type": "Feature", "properties": { "geogrid_id": "828860586145858348", "seqnum": 30721.0, "lat_c": 28.860586087903663, "lon_c": 145.85834812087077, "res": 8.0, "count_Insects": 0, "count_Birds": 0, "count_Flowering Plants": 0, "count_Sac Fungi": 0, "count_Amphibians": 0, "count_Molluscs": 0, "count_Arachnids": 0, "count_Mosses": 0, "count_Mammals": 1, "count_Basidiomycota": 0, "count_Gymnosperms": 0, "count_Reptiles": 0, "count_Ferns": 0, "unique_species_count": 1.0, "countryCode": "JP" }, "geometry": { "type": "MultiPolygon", "coordinates": [ [ [ [ 146.219864126606694, 29.281095266298554 ], [ 146.417571621632646, 28.850149036569597 ], [ 146.056755857021074, 28.428362868904362 ], [ 145.500007326912993, 28.441461024919391 ], [ 145.299360413468406, 28.875438544301211 ], [ 145.65824732538772, 29.293506687999205 ], [ 146.219864126606694, 29.281095266298554 ] ] ] ] } },
{ "type": "Feature", "properties": { "geogrid_id": "828913960144183433", "seqnum": 30558.0, "lat_c": 28.913960379710979, "lon_c": 144.18343277389292, "res": 8.0, "count_Insects": 0, "count_Birds": 0, "count_Flowering Plants": 0, "count_Sac Fungi": 0, "count_Amphibians": 0, "count_Molluscs": 0, "count_Arachnids": 0, "count_Mosses": 0, "count_Mammals": 1, "count_Basidiomycota": 0, "count_Gymnosperms": 0, "count_Reptiles": 0, "count_Ferns": 0, "unique_species_count": 1.0, "countryCode": "JP" }, "geometry": { "type": "MultiPolygon", "coordinates": [ [ [ [ 144.536723823525392, 29.330128441959527 ], [ 144.740975826689237, 28.893542400359525 ], [ 144.388029832713102, 28.47678913305748 ], [ 143.833220704848742, 28.497364075235431 ], [ 143.626878422927916, 28.935933196097604 ], [ 143.977386117292724, 29.35216791534307 ], [ 144.536723823525392, 29.330128441959527 ] ] ] ] } },
{ "type": "Feature", "properties": { "geogrid_id": "828982180142517022", "seqnum": 30395.0, "lat_c": 28.982179841485141, "lon_c": 142.51702206411477, "res": 8.0, "count_Insects": 0, "count_Birds": 0, "count_Flowering Plants": 0, "count_Sac Fungi": 0, "count_Amphibians": 0, "count_Molluscs": 0, "count_Arachnids": 0, "count_Mosses": 0, "count_Mammals": 1, "count_Basidiomycota": 0, "count_Gymnosperms": 0, "count_Reptiles": 0, "count_Ferns": 0, "unique_species_count": 1.0, "countryCode": "JP" }, "geometry": { "type": "MultiPolygon", "coordinates": [ [ [ [ 142.862203459250196, 29.399808684874262 ], [ 143.071395600361882, 28.958842081329731 ], [ 142.726491688887421, 28.541246043132148 ], [ 142.174652859594573, 28.563625241262141 ], [ 141.963764341843358, 29.005528386319007 ], [ 142.306432623855841, 29.424283836389503 ], [ 142.862203459250196, 29.399808684874262 ] ] ] ] } },
{ "type": "Feature", "properties": { "geogrid_id": "829001678126250979", "seqnum": 28765.0, "lat_c": 29.001677964813538, "lon_c": 126.25097884592132, "res": 8.0, "count_Insects": 0, "count_Birds": 0, "count_Flowering Plants": 0, "count_Sac Fungi": 0, "count_Amphibians": 0, "count_Molluscs": 0, "count_Arachnids": 0, "count_Mosses": 0, "count_Mammals": 1, "count_Basidiomycota": 0, "count_Gymnosperms": 0, "count_Reptiles": 2, "count_Ferns": 0, "unique_species_count": 3.0, "countryCode": "JP" }, "geometry": { "type": "MultiPolygon", "coordinates": [ [ [ [ 126.540688479210502, 29.466683870527358 ], [ 126.785635319721393, 29.031411905204809 ], [ 126.497153159586162, 28.567709976121961 ], [ 125.964227101529673, 28.53661645314871 ], [ 125.716721948396426, 28.969632543031782 ], [ 126.004688932244733, 29.435998009470545 ], [ 126.540688479210502, 29.466683870527358 ] ] ] ] } },
{ "type": "Feature", "properties": { "geogrid_id": "829050930140860523", "seqnum": 30232.0, "lat_c": 29.050929530595084, "lon_c": 140.86052321734803, "res": 8.0, "count_Insects": 0, "count_Birds": 0, "count_Flowering Plants": 0, "count_Sac Fungi": 0, "count_Amphibians": 0, "count_Molluscs": 0, "count_Arachnids": 0, "count_Mosses": 0, "count_Mammals": 1, "count_Basidiomycota": 0, "count_Gymnosperms": 0, "count_Reptiles": 0, "count_Ferns": 0, "unique_species_count": 1.0, "countryCode": "JP" }, "geometry": { "type": "MultiPolygon", "coordinates": [ [ [ [ 141.198472892333086, 29.472463580245403 ], [ 141.411607682682757, 29.028541190701095 ], [ 141.074040138305321, 28.60748845251274 ], [ 140.525226297291198, 28.628428358380098 ], [ 140.310473105128381, 29.072451621841829 ], [ 140.646206673270541, 29.495549249623693 ], [ 141.198472892333086, 29.472463580245403 ] ] ] ] } },
{ "type": "Feature", "properties": { "geogrid_id": "829083972127856153", "seqnum": 28928.0, "lat_c": 29.083972382019528, "lon_c": 127.85615270680174, "res": 8.0, "count_Insects": 0, "count_Birds": 0, "count_Flowering Plants": 0, "count_Sac Fungi": 0, "count_Amphibians": 0, "count_Molluscs": 0, "count_Arachnids": 0, "count_Mosses": 0, "count_Mammals": 0, "count_Basidiomycota": 0, "count_Gymnosperms": 0, "count_Reptiles": 1, "count_Ferns": 0, "unique_species_count": 1.0, "countryCode": "JP" }, "geometry": { "type": "MultiPolygon", "coordinates": [ [ [ [ 128.15104382966706, 29.544773950320316 ], [ 128.392018967327402, 29.106814654293363 ], [ 128.098377468207161, 28.647314104982218 ], [ 127.564225865582642, 28.623050797318196 ], [ 127.32069255680031, 29.058840911795887 ], [ 127.613864204118428, 29.521065064481135 ], [ 128.15104382966706, 29.544773950320316 ] ] ] ] } },
{ "type": "Feature", "properties": { "geogrid_id": "829145670129464988", "seqnum": 29091.0, "lat_c": 29.14567030508109, "lon_c": 129.46498839853649, "res": 8.0, "count_Insects": 11, "count_Birds": 2, "count_Flowering Plants": 42, "count_Sac Fungi": 0, "count_Amphibians": 1, "count_Molluscs": 0, "count_Arachnids": 1, "count_Mosses": 0, "count_Mammals": 1, "count_Basidiomycota": 0, "count_Gymnosperms": 1, "count_Reptiles": 2, "count_Ferns": 0, "unique_species_count": 61.0, "countryCode": "JP" }, "geometry": { "type": "MultiPolygon", "coordinates": [ [ [ [ 129.764994935859562, 29.602075109238534 ], [ 130.002104045728913, 29.161706084236219 ], [ 129.703344435808503, 28.706593338130077 ], [ 129.167931090652814, 28.689074104805357 ], [ 128.928295674439738, 29.127377112364403 ], [ 129.22660381559723, 29.585269170481045 ], [ 129.764994935859562, 29.602075109238534 ] ] ] ] } },
{ "type": "Feature", "properties": { "geogrid_id": "829160939137574171", "seqnum": 29906.0, "lat_c": 29.160939410477159, "lon_c": 137.57417122474615, "res": 8.0, "count_Insects": 0, "count_Birds": 0, "count_Flowering Plants": 0, "count_Sac Fungi": 0, "count_Amphibians": 0, "count_Molluscs": 0, "count_Arachnids": 0, "count_Mosses": 0, "count_Mammals": 0, "count_Basidiomycota": 0, "count_Gymnosperms": 0, "count_Reptiles": 1, "count_Ferns": 0, "unique_species_count": 1.0, "countryCode": "JP" }, "geometry": { "type": "MultiPolygon", "coordinates": [ [ [ [ 137.899924992225237, 29.592583884544705 ], [ 138.119724637124051, 29.146247997083293 ], [ 137.794717072695477, 28.715586643963107 ], [ 137.251057579334173, 28.728571263197644 ], [ 137.02938342893367, 29.173920043731712 ], [ 137.353302566738392, 29.607320455323613 ], [ 137.899924992225237, 29.592583884544705 ] ] ] ] } },
{ "type": "Feature", "properties": { "geogrid_id": "829187060131077639", "seqnum": 29254.0, "lat_c": 29.187060303116031, "lon_c": 131.07763905949224, "res": 8.0, "count_Insects": 0, "count_Birds": 0, "count_Flowering Plants": 0, "count_Sac Fungi": 0, "count_Amphibians": 0, "count_Molluscs": 0, "count_Arachnids": 0, "count_Mosses": 0, "count_Mammals": 0, "count_Basidiomycota": 0, "count_Gymnosperms": 0, "count_Reptiles": 1, "count_Ferns": 0, "unique_species_count": 1.0, "countryCode": "JP" }, "geometry": { "type": "MultiPolygon", "coordinates": [ [ [ [ 131.382708917333076, 29.63887195997016 ], [ 131.616079906437534, 29.19641052213931 ], [ 131.312225428708444, 28.745873173404924 ], [ 130.775481962592124, 28.734977064413613 ], [ 130.539650964774012, 29.175497763630013 ], [ 130.843037408980365, 29.628862432923992 ], [ 131.382708917333076, 29.63887195997016 ] ] ] ] } },
{ "type": "Feature", "properties": { "geogrid_id": "829210731134315613", "seqnum": 29580.0, "lat_c": 29.21073074981733, "lon_c": 134.31561341300335, "res": 8.0, "count_Insects": 0, "count_Birds": 0, "count_Flowering Plants": 0, "count_Sac Fungi": 0, "count_Amphibians": 0, "count_Molluscs": 0, "count_Arachnids": 0, "count_Mosses": 0, "count_Mammals": 0, "count_Basidiomycota": 0, "count_Gymnosperms": 0, "count_Reptiles": 1, "count_Ferns": 0, "unique_species_count": 1.0, "countryCode": "JP" }, "geometry": { "type": "MultiPolygon", "coordinates": [ [ [ [ 134.630791441289517, 29.652772199226916 ], [ 134.857123364825384, 29.207301649095619 ], [ 134.542996592431223, 28.766452719967642 ], [ 134.003220541268178, 28.768221436694837 ], [ 133.774667852949563, 29.212104807190169 ], [ 134.088149353366134, 29.655826375438298 ], [ 134.630791441289517, 29.652772199226916 ] ] ] ] } },
{ "type": "Feature", "properties": { "geogrid_id": "829310254145097083", "seqnum": 30640.0, "lat_c": 29.310254061523963, "lon_c": 145.09708311164934, "res": 8.0, "count_Insects": 0, "count_Birds": 0, "count_Flowering Plants": 0, "count_Sac Fungi": 0, "count_Amphibians": 0, "count_Molluscs": 0, "count_Arachnids": 0, "count_Mosses": 0, "count_Mammals": 1, "count_Basidiomycota": 0, "count_Gymnosperms": 0, "count_Reptiles": 0, "count_Ferns": 0, "unique_species_count": 1.0, "countryCode": "JP" }, "geometry": { "type": "MultiPolygon", "coordinates": [ [ [ [ 145.456457971647723, 29.7272789055388 ], [ 145.65824732538772, 29.293506687999205 ], [ 145.299360413468406, 28.875438544301211 ], [ 144.740975826689237, 28.893542400359525 ], [ 144.536723823525392, 29.330128441959527 ], [ 144.893208309580587, 29.746068912362276 ], [ 145.456457971647723, 29.7272789055388 ] ] ] ] } },
{ "type": "Feature", "properties": { "geogrid_id": "829375602143419193", "seqnum": 30477.0, "lat_c": 29.375601847288394, "lon_c": 143.41919304504501, "res": 8.0, "count_Insects": 0, "count_Birds": 0, "count_Flowering Plants": 0, "count_Sac Fungi": 0, "count_Amphibians": 0, "count_Molluscs": 0, "count_Arachnids": 0, "count_Mosses": 0, "count_Mammals": 1, "count_Basidiomycota": 0, "count_Gymnosperms": 0, "count_Reptiles": 1, "count_Ferns": 0, "unique_species_count": 2.0, "countryCode": "JP" }, "geometry": { "type": "MultiPolygon", "coordinates": [ [ [ [ 143.769980692178137, 29.791572751635254 ], [ 143.977386117292724, 29.35216791534307 ], [ 143.626878422927916, 28.935933196097604 ], [ 143.071395600361882, 28.958842081329731 ], [ 142.862203459250196, 29.399808684874262 ], [ 143.210282519055482, 29.816526118497361 ], [ 143.769980692178137, 29.791572751635254 ] ] ] ] } },
{ "type": "Feature", "properties": { "geogrid_id": "829402974125469081", "seqnum": 28684.0, "lat_c": 29.402974277940089, "lon_c": 125.46908098189593, "res": 8.0, "count_Insects": 0, "count_Birds": 0, "count_Flowering Plants": 0, "count_Sac Fungi": 0, "count_Amphibians": 0, "count_Molluscs": 0, "count_Arachnids": 0, "count_Mosses": 0, "count_Mammals": 0, "count_Basidiomycota": 0, "count_Gymnosperms": 0, "count_Reptiles": 1, "count_Ferns": 0, "unique_species_count": 1.0, "countryCode": "JP" }, "geometry": { "type": "MultiPolygon", "coordinates": [ [ [ [ 125.758491793622468, 29.870693961046495 ], [ 126.004688932244733, 29.435998009470545 ], [ 125.716721948396426, 28.969632543031782 ], [ 125.182864322426823, 28.935269862293062 ], [ 124.933865299631094, 29.367607797389642 ], [ 125.221508131372048, 29.836665005392231 ], [ 125.758491793622468, 29.870693961046495 ] ] ] ] } },
{ "type": "Feature", "properties": { "geogrid_id": "829448615141751867", "seqnum": 30314.0, "lat_c": 29.448615074090807, "lon_c": 141.75186669306473, "res": 8.0, "count_Insects": 0, "count_Birds": 0, "count_Flowering Plants": 0, "count_Sac Fungi": 0, "count_Amphibians": 0, "count_Molluscs": 0, "count_Arachnids": 0, "count_Mosses": 0, "count_Mammals": 1, "count_Basidiomycota": 0, "count_Gymnosperms": 0, "count_Reptiles": 1, "count_Ferns": 0, "unique_species_count": 2.0, "countryCode": "JP" }, "geometry": { "type": "MultiPolygon", "coordinates": [ [ [ [ 142.094888763903413, 29.867699418773029 ], [ 142.306432623855841, 29.424283836389503 ], [ 141.963764341843358, 29.005528386319007 ], [ 141.411607682682757, 29.028541190701095 ], [ 141.198472892333086, 29.472463580245403 ], [ 141.539145203198842, 29.893018179989998 ], [ 142.094888763903413, 29.867699418773029 ] ] ] ] } },
{ "type": "Feature", "properties": { "geogrid_id": "829495037127077080", "seqnum": 28847.0, "lat_c": 29.49503743904998, "lon_c": 127.07707983955031, "res": 8.0, "count_Insects": 0, "count_Birds": 0, "count_Flowering Plants": 0, "count_Sac Fungi": 0, "count_Amphibians": 0, "count_Molluscs": 0, "count_Arachnids": 0, "count_Mosses": 0, "count_Mammals": 0, "count_Basidiomycota": 0, "count_Gymnosperms": 0, "count_Reptiles": 1, "count_Ferns": 0, "unique_species_count": 1.0, "countryCode": "JP" }, "geometry": { "type": "MultiPolygon", "coordinates": [ [ [ [ 127.371733726068825, 29.958617953116164 ], [ 127.613864204118428, 29.521065064481135 ], [ 127.32069255680031, 29.058840911795887 ], [ 126.785635319721393, 29.031411905204809 ], [ 126.540688479210502, 29.466683870527358 ], [ 126.833605019998402, 29.931665447664241 ], [ 127.371733726068825, 29.958617953116164 ] ] ] ] } },
{ "type": "Feature", "properties": { "geogrid_id": "829517639140095017", "seqnum": 30151.0, "lat_c": 29.517639221148833, "lon_c": 140.09501672892409, "res": 8.0, "count_Insects": 0, "count_Birds": 0, "count_Flowering Plants": 0, "count_Sac Fungi": 0, "count_Amphibians": 0, "count_Molluscs": 0, "count_Arachnids": 0, "count_Mosses": 0, "count_Mammals": 1, "count_Basidiomycota": 0, "count_Gymnosperms": 0, "count_Reptiles": 0, "count_Ferns": 0, "unique_species_count": 1.0, "countryCode": "JP" }, "geometry": { "type": "MultiPolygon", "coordinates": [ [ [ [ 140.431307955216823, 29.941463126542768 ], [ 140.646206673270541, 29.495549249623693 ], [ 140.310473105128381, 29.072451621841829 ], [ 139.761414224030773, 29.09290400278681 ], [ 139.5448484908637, 29.538538874070134 ], [ 139.879087138976786, 29.96409830199385 ], [ 140.431307955216823, 29.941463126542768 ] ] ] ] } },
{ "type": "Feature", "properties": { "geogrid_id": "829566172128688622", "seqnum": 29010.0, "lat_c": 29.56617224889759, "lon_c": 128.68862213696244, "res": 8.0, "count_Insects": 0, "count_Birds": 0, "count_Flowering Plants": 0, "count_Sac Fungi": 0, "count_Amphibians": 0, "count_Molluscs": 0, "count_Arachnids": 0, "count_Mosses": 0, "count_Mammals": 0, "count_Basidiomycota": 0, "count_Gymnosperms": 0, "count_Reptiles": 1, "count_Ferns": 0, "unique_species_count": 1.0, "countryCode": "JP" }, "geometry": { "type": "MultiPolygon", "coordinates": [ [ [ [ 128.988425611567322, 30.02541855416985 ], [ 129.22660381559723, 29.585269170481045 ], [ 128.928295674439738, 29.127377112364403 ], [ 128.392018967327402, 29.106814654293363 ], [ 128.15104382966706, 29.544773950320316 ], [ 128.449141072799222, 30.005487078600932 ], [ 128.988425611567322, 30.02541855416985 ] ] ] ] } },
{ "type": "Feature", "properties": { "geogrid_id": "829576139138447356", "seqnum": 29988.0, "lat_c": 29.576138735728961, "lon_c": 138.44735628352763, "res": 8.0, "count_Insects": 0, "count_Birds": 0, "count_Flowering Plants": 0, "count_Sac Fungi": 0, "count_Amphibians": 0, "count_Molluscs": 0, "count_Arachnids": 0, "count_Mosses": 0, "count_Mammals": 1, "count_Basidiomycota": 0, "count_Gymnosperms": 0, "count_Reptiles": 0, "count_Ferns": 0, "unique_species_count": 1.0, "countryCode": "JP" }, "geometry": { "type": "MultiPolygon", "coordinates": [ [ [ [ 138.777710931995358, 30.005266084012948 ], [ 138.995646546025142, 29.558084716495546 ], [ 138.666086287397434, 29.129937518989699 ], [ 138.119724637124051, 29.146247997083293 ], [ 137.899924992225237, 29.592583884544705 ], [ 138.228427692525656, 30.023516195474702 ], [ 138.777710931995358, 30.005266084012948 ] ] ] ] } },
{ "type": "Feature", "properties": { "geogrid_id": "829616602130303803", "seqnum": 29173.0, "lat_c": 29.616601789069275, "lon_c": 130.30380306797659, "res": 8.0, "count_Insects": 0, "count_Birds": 0, "count_Flowering Plants": 1, "count_Sac Fungi": 0, "count_Amphibians": 0, "count_Molluscs": 0, "count_Arachnids": 0, "count_Mosses": 0, "count_Mammals": 1, "count_Basidiomycota": 0, "count_Gymnosperms": 0, "count_Reptiles": 1, "count_Ferns": 0, "unique_species_count": 3.0, "countryCode": "JP" }, "geometry": { "type": "MultiPolygon", "coordinates": [ [ [ [ 130.608667757100193, 30.071312219116471 ], [ 130.843037408980365, 29.628862432923992 ], [ 130.539650964774012, 29.175497763630013 ], [ 130.002104045728913, 29.161706084236219 ], [ 129.764994935859562, 29.602075109238534 ], [ 130.06818156863406, 30.058320290325131 ], [ 130.608667757100193, 30.071312219116471 ] ] ] ] } },
{ "type": "Feature", "properties": { "geogrid_id": "829646647131922830", "seqnum": 29336.0, "lat_c": 29.646647215864707, "lon_c": 131.92283045528416, "res": 8.0, "count_Insects": 0, "count_Birds": 0, "count_Flowering Plants": 0, "count_Sac Fungi": 0, "count_Amphibians": 0, "count_Molluscs": 0, "count_Arachnids": 0, "count_Mosses": 0, "count_Mammals": 0, "count_Basidiomycota": 0, "count_Gymnosperms": 0, "count_Reptiles": 1, "count_Ferns": 0, "unique_species_count": 1.0, "countryCode": "JP" }, "geometry": { "type": "MultiPolygon", "coordinates": [ [ [ [ 132.232686331432575, 30.096614552071355 ], [ 132.463416938692831, 29.652207242512464 ], [ 132.154986877355725, 29.203567348188198 ], [ 131.616079906437534, 29.19641052213931 ], [ 131.382708917333076, 29.63887195997016 ], [ 131.690907004117662, 30.090443584878198 ], [ 132.232686331432575, 30.096614552071355 ] ] ] ] } },
{ "type": "Feature", "properties": { "geogrid_id": "829767828144330987", "seqnum": 30559.0, "lat_c": 29.767827780116537, "lon_c": 144.33098682300576, "res": 8.0, "count_Insects": 0, "count_Birds": 0, "count_Flowering Plants": 0, "count_Sac Fungi": 0, "count_Amphibians": 0, "count_Molluscs": 0, "count_Arachnids": 0, "count_Mosses": 0, "count_Mammals": 1, "count_Basidiomycota": 0, "count_Gymnosperms": 0, "count_Reptiles": 2, "count_Ferns": 0, "unique_species_count": 3.0, "countryCode": "JP" }, "geometry": { "type": "MultiPolygon", "coordinates": [ [ [ [ 144.687799337236555, 30.18307107826271 ], [ 144.893208309580587, 29.746068912362276 ], [ 144.536723823525392, 29.330128441959527 ], [ 143.977386117292724, 29.35216791534307 ], [ 143.769980692178137, 29.791572751635254 ], [ 144.123864610504114, 30.206827650633763 ], [ 144.687799337236555, 30.18307107826271 ] ] ] ] } },
{ "type": "Feature", "properties": { "geogrid_id": "829842068142651922", "seqnum": 30396.0, "lat_c": 29.842067728972051, "lon_c": 142.65192220903981, "res": 8.0, "count_Insects": 0, "count_Birds": 0, "count_Flowering Plants": 0, "count_Sac Fungi": 0, "count_Amphibians": 0, "count_Molluscs": 0, "count_Arachnids": 0, "count_Mosses": 0, "count_Mammals": 0, "count_Basidiomycota": 0, "count_Gymnosperms": 0, "count_Reptiles": 1, "count_Ferns": 0, "unique_species_count": 1.0, "countryCode": "JP" }, "geometry": { "type": "MultiPolygon", "coordinates": [ [ [ [ 143.000313518258139, 30.258880211451842 ], [ 143.210282519055482, 29.816526118497361 ], [ 142.862203459250196, 29.399808684874262 ], [ 142.306432623855841, 29.424283836389503 ], [ 142.094888763903413, 29.867699418773029 ], [ 142.440747357270965, 30.285783703326111 ], [ 143.000313518258139, 30.258880211451842 ] ] ] ] } },
{ "type": "Feature", "properties": { "geogrid_id": "829902359126295858", "seqnum": 28766.0, "lat_c": 29.902359228309738, "lon_c": 126.2958577284373, "res": 8.0, "count_Insects": 0, "count_Birds": 0, "count_Flowering Plants": 0, "count_Sac Fungi": 0, "count_Amphibians": 0, "count_Molluscs": 0, "count_Arachnids": 0, "count_Mosses": 0, "count_Mammals": 1, "count_Basidiomycota": 0, "count_Gymnosperms": 0, "count_Reptiles": 1, "count_Ferns": 0, "unique_species_count": 2.0, "countryCode": "JP" }, "geometry": { "type": "MultiPolygon", "coordinates": [ [ [ [ 126.590513954044596, 30.368749117691795 ], [ 126.833605019998402, 29.931665447664241 ], [ 126.540688479210502, 29.466683870527358 ], [ 126.004688932244733, 29.435998009470545 ], [ 125.758491793622468, 29.870693961046495 ], [ 126.051383427490421, 30.338461626829115 ], [ 126.590513954044596, 30.368749117691795 ] ] ] ] } },
{ "type": "Feature", "properties": { "geogrid_id": "829917696140984639", "seqnum": 30233.0, "lat_c": 29.917695773769172, "lon_c": 140.98463877960822, "res": 8.0, "count_Insects": 0, "count_Birds": 3, "count_Flowering Plants": 0, "count_Sac Fungi": 0, "count_Amphibians": 0, "count_Molluscs": 0, "count_Arachnids": 0, "count_Mosses": 0, "count_Mammals": 1, "count_Basidiomycota": 0, "count_Gymnosperms": 0, "count_Reptiles": 0, "count_Ferns": 0, "unique_species_count": 4.0, "countryCode": "JP" }, "geometry": { "type": "MultiPolygon", "coordinates": [ [ [ [ 141.325842612229451, 30.338880594984722 ], [ 141.539145203198842, 29.893018179989998 ], [ 141.198472892333086, 29.472463580245403 ], [ 140.646206673270541, 29.495549249623693 ], [ 140.431307955216823, 29.941463126542768 ], [ 140.770366628897989, 30.364369788187634 ], [ 141.325842612229451, 30.338880594984722 ] ] ] ] } },
{ "type": "Feature", "properties": { "geogrid_id": "829985417139327910", "seqnum": 30070.0, "lat_c": 29.985417164682644, "lon_c": 139.32790987166527, "res": 8.0, "count_Insects": 0, "count_Birds": 0, "count_Flowering Plants": 0, "count_Sac Fungi": 0, "count_Amphibians": 0, "count_Molluscs": 0, "count_Arachnids": 0, "count_Mosses": 0, "count_Mammals": 1, "count_Basidiomycota": 0, "count_Gymnosperms": 0, "count_Reptiles": 1, "count_Ferns": 0, "unique_species_count": 2.0, "countryCode": "JP" }, "geometry": { "type": "MultiPolygon", "coordinates": [ [ [ [ 139.66297364896343, 30.411940408157175 ], [ 139.879087138976786, 29.96409830199385 ], [ 139.5448484908637, 29.538538874070134 ], [ 138.995646546025142, 29.558084716495546 ], [ 138.777710931995358, 30.005266084012948 ], [ 139.110897712428311, 30.433641098150037 ], [ 139.66297364896343, 30.411940408157175 ] ] ] ] } },
{ "type": "Feature", "properties": { "geogrid_id": "830040059137680001", "seqnum": 29907.0, "lat_c": 30.040058858466562, "lon_c": 137.68000095447945, "res": 8.0, "count_Insects": 0, "count_Birds": 0, "count_Flowering Plants": 0, "count_Sac Fungi": 0, "count_Amphibians": 0, "count_Molluscs": 0, "count_Arachnids": 0, "count_Mosses": 0, "count_Mammals": 1, "count_Basidiomycota": 0, "count_Gymnosperms": 0, "count_Reptiles": 0, "count_Ferns": 0, "unique_species_count": 1.0, "countryCode": "JP" }, "geometry": { "type": "MultiPolygon", "coordinates": [ [ [ [ 138.00961334514389, 30.472155582167762 ], [ 138.228427692525656, 30.023516195474702 ], [ 137.899924992225237, 29.592583884544705 ], [ 137.353302566738392, 29.607320455323613 ], [ 137.132375421828243, 30.054802039559679 ], [ 137.460269321982537, 30.488751387239066 ], [ 138.00961334514389, 30.472155582167762 ] ] ] ] } },
{ "type": "Feature", "properties": { "geogrid_id": "830043026129528104", "seqnum": 29092.0, "lat_c": 30.043026238035939, "lon_c": 129.52810359536184, "res": 8.0, "count_Insects": 12, "count_Birds": 1, "count_Flowering Plants": 79, "count_Sac Fungi": 0, "count_Amphibians": 1, "count_Molluscs": 0, "count_Arachnids": 0, "count_Mosses": 0, "count_Mammals": 0, "count_Basidiomycota": 0, "count_Gymnosperms": 0, "count_Reptiles": 2, "count_Ferns": 0, "unique_species_count": 95.0, "countryCode": "JP" }, "geometry": { "type": "MultiPolygon", "coordinates": [ [ [ [ 129.833065374703523, 30.500682853998633 ], [ 130.06818156863406, 30.058320290325131 ], [ 129.764994935859562, 29.602075109238534 ], [ 129.22660381559723, 29.585269170481045 ], [ 128.988425611567322, 30.02541855416985 ], [ 129.291703516176625, 30.484587821119518 ], [ 129.833065374703523, 30.500682853998633 ] ] ] ] } },
{ "type": "Feature", "properties": { "geogrid_id": "830078588136039327", "seqnum": 29744.0, "lat_c": 30.078588043421664, "lon_c": 136.03932748900729, "res": 8.0, "count_Insects": 0, "count_Birds": 0, "count_Flowering Plants": 0, "count_Sac Fungi": 0, "count_Amphibians": 0, "count_Molluscs": 0, "count_Arachnids": 0, "count_Mosses": 0, "count_Mammals": 1, "count_Basidiomycota": 0, "count_Gymnosperms": 0, "count_Reptiles": 0, "count_Ferns": 0, "unique_species_count": 1.0, "countryCode": "JP" }, "geometry": { "type": "MultiPolygon", "coordinates": [ [ [ [ 136.363877723553173, 30.516198855067341 ], [ 136.585499927225698, 30.067667416033093 ], [ 136.262299289300103, 29.631338714210543 ], [ 135.717834177583882, 29.640483978317739 ], [ 135.493815255047025, 30.087506467315357 ], [ 135.81672587299667, 30.52691945176036 ], [ 136.363877723553173, 30.516198855067341 ] ] ] ] } },
{ "type": "Feature", "properties": { "geogrid_id": "830082015131149572", "seqnum": 29255.0, "lat_c": 30.082015059717861, "lon_c": 131.14957221849704, "res": 8.0, "count_Insects": 1, "count_Birds": 0, "count_Flowering Plants": 4, "count_Sac Fungi": 1, "count_Amphibians": 0, "count_Molluscs": 2, "count_Arachnids": 0, "count_Mosses": 0, "count_Mammals": 0, "count_Basidiomycota": 1, "count_Gymnosperms": 0, "count_Reptiles": 1, "count_Ferns": 0, "unique_species_count": 10.0, "countryCode": "JP" }, "geometry": { "type": "MultiPolygon", "coordinates": [ [ [ [ 131.459510923041336, 30.534990888907529 ], [ 131.690907004117662, 30.090443584878198 ], [ 131.382708917333076, 29.63887195997016 ], [ 130.843037408980365, 29.628862432923992 ], [ 130.608667757100193, 30.071312219116471 ], [ 130.916959210678499, 30.525872426906879 ], [ 131.459510923041336, 30.534990888907529 ] ] ] ] } },
{ "type": "Feature", "properties": { "geogrid_id": "830099145134404620", "seqnum": 29581.0, "lat_c": 30.099145399706931, "lon_c": 134.4046198127615, "res": 8.0, "count_Insects": 0, "count_Birds": 0, "count_Flowering Plants": 0, "count_Sac Fungi": 0, "count_Amphibians": 0, "count_Molluscs": 0, "count_Arachnids": 0, "count_Mosses": 0, "count_Mammals": 1, "count_Basidiomycota": 0, "count_Gymnosperms": 0, "count_Reptiles": 0, "count_Ferns": 0, "unique_species_count": 1.0, "countryCode": "JP" }, "geometry": { "type": "MultiPolygon", "coordinates": [ [ [ [ 134.724286467154059, 30.542095659598861 ], [ 134.948924372748166, 30.094373187058046 ], [ 134.630791441289517, 29.652772199226916 ], [ 134.088149353366134, 29.655826375438298 ], [ 133.860870165733274, 30.101785968361607 ], [ 134.178923200595648, 30.546469143346151 ], [ 134.724286467154059, 30.542095659598861 ] ] ] ] } },
{ "type": "Feature", "properties": { "geogrid_id": "830100547132774927", "seqnum": 29418.0, "lat_c": 30.100546995355025, "lon_c": 132.77492676787148, "res": 8.0, "count_Insects": 0, "count_Birds": 0, "count_Flowering Plants": 0, "count_Sac Fungi": 0, "count_Amphibians": 0, "count_Molluscs": 0, "count_Arachnids": 0, "count_Mosses": 0, "count_Mammals": 0, "count_Basidiomycota": 0, "count_Gymnosperms": 0, "count_Reptiles": 1, "count_Ferns": 0, "unique_species_count": 1.0, "countryCode": "JP" }, "geometry": { "type": "MultiPolygon", "coordinates": [ [ [ [ 133.089751067196204, 30.548621889510965 ], [ 133.317647425490151, 30.102262571016478 ], [ 133.004485493709183, 29.65557359506921 ], [ 132.463416938692831, 29.652207242512464 ], [ 132.232686331432575, 30.096614552071355 ], [ 132.545889894858419, 30.546347920004052 ], [ 133.089751067196204, 30.548621889510965 ] ] ] ] } },
{ "type": "Feature", "properties": { "geogrid_id": "830232357143561351", "seqnum": 30478.0, "lat_c": 30.232357046216993, "lon_c": 143.5613510785825, "res": 8.0, "count_Insects": 0, "count_Birds": 0, "count_Flowering Plants": 0, "count_Sac Fungi": 0, "count_Amphibians": 0, "count_Molluscs": 0, "count_Arachnids": 0, "count_Mosses": 0, "count_Mammals": 1, "count_Basidiomycota": 0, "count_Gymnosperms": 0, "count_Reptiles": 1, "count_Ferns": 0, "unique_species_count": 2.0, "countryCode": "JP" }, "geometry": { "type": "MultiPolygon", "coordinates": [ [ [ [ 143.915509551038753, 30.64734305741386 ], [ 144.123864610504114, 30.206827650633763 ], [ 143.769980692178137, 29.791572751635254 ], [ 143.210282519055482, 29.816526118497361 ], [ 143.000313518258139, 30.258880211451842 ], [ 143.351691657162718, 30.674726591325904 ], [ 143.915509551038753, 30.64734305741386 ] ] ] ] } },
{ "type": "Feature", "properties": { "geogrid_id": "830312580141882611", "seqnum": 30315.0, "lat_c": 30.312580442266764, "lon_c": 141.88261134638012, "res": 8.0, "count_Insects": 0, "count_Birds": 0, "count_Flowering Plants": 0, "count_Sac Fungi": 0, "count_Amphibians": 0, "count_Molluscs": 0, "count_Arachnids": 0, "count_Mosses": 0, "count_Mammals": 1, "count_Basidiomycota": 0, "count_Gymnosperms": 0, "count_Reptiles": 1, "count_Ferns": 0, "unique_species_count": 2.0, "countryCode": "JP" }, "geometry": { "type": "MultiPolygon", "coordinates": [ [ [ [ 142.228943870871632, 30.731136902190773 ], [ 142.440747357270965, 30.285783703326111 ], [ 142.094888763903413, 29.867699418773029 ], [ 141.539145203198842, 29.893018179989998 ], [ 141.325842612229451, 30.338880594984722 ], [ 141.669893453961492, 30.759093177883496 ], [ 142.228943870871632, 30.731136902190773 ] ] ] ] } },
{ "type": "Feature", "properties": { "geogrid_id": "830388793140216104", "seqnum": 30152.0, "lat_c": 30.388792670486737, "lon_c": 140.2161037833778, "res": 8.0, "count_Insects": 0, "count_Birds": 9, "count_Flowering Plants": 0, "count_Sac Fungi": 0, "count_Amphibians": 0, "count_Molluscs": 1, "count_Arachnids": 0, "count_Mosses": 0, "count_Mammals": 2, "count_Basidiomycota": 0, "count_Gymnosperms": 0, "count_Reptiles": 1, "count_Ferns": 0, "unique_species_count": 13.0, "countryCode": "JP" }, "geometry": { "type": "MultiPolygon", "coordinates": [ [ [ [ 140.555992318893914, 30.812624555372071 ], [ 140.770366628897989, 30.364369788187634 ], [ 140.431307955216823, 29.941463126542768 ], [ 139.879087138976786, 29.96409830199385 ], [ 139.66297364896343, 30.411940408157175 ], [ 140.000945455315929, 30.83766416348135 ], [ 140.555992318893914, 30.812624555372071 ] ] ] ] } },
{ "type": "Feature", "properties": { "geogrid_id": "830453752138559801", "seqnum": 29989.0, "lat_c": 30.453752361897354, "lon_c": 138.55980105751414, "res": 8.0, "count_Insects": 0, "count_Birds": 0, "count_Flowering Plants": 0, "count_Sac Fungi": 0, "count_Amphibians": 0, "count_Molluscs": 0, "count_Arachnids": 0, "count_Mosses": 0, "count_Mammals": 1, "count_Basidiomycota": 0, "count_Gymnosperms": 0, "count_Reptiles": 0, "count_Ferns": 0, "unique_species_count": 1.0, "countryCode": "JP" }, "geometry": { "type": "MultiPolygon", "coordinates": [ [ [ [ 138.894184263086601, 30.883314429885729 ], [ 139.110897712428311, 30.433641098150037 ], [ 138.777710931995358, 30.005266084012948 ], [ 138.228427692525656, 30.023516195474702 ], [ 138.00961334514389, 30.472155582167762 ], [ 138.342295506091602, 30.903637499639569 ], [ 138.894184263086601, 30.883314429885729 ] ] ] ] } },
{ "type": "Feature", "properties": { "geogrid_id": "830466146128750722", "seqnum": 29011.0, "lat_c": 30.466145726160413, "lon_c": 128.75072179278709, "res": 8.0, "count_Insects": 0, "count_Birds": 0, "count_Flowering Plants": 0, "count_Sac Fungi": 0, "count_Amphibians": 0, "count_Molluscs": 0, "count_Arachnids": 0, "count_Mosses": 0, "count_Mammals": 0, "count_Basidiomycota": 0, "count_Gymnosperms": 0, "count_Reptiles": 1, "count_Ferns": 0, "unique_species_count": 1.0, "countryCode": "JP" }, "geometry": { "type": "MultiPolygon", "coordinates": [ [ [ [ 129.056107162678472, 30.926786144371416 ], [ 129.291703516176625, 30.484587821119518 ], [ 128.988425611567322, 30.02541855416985 ], [ 128.449141072799222, 30.005487078600932 ], [ 128.210114960174678, 30.445347929146894 ], [ 128.513797829817378, 30.907476053646143 ], [ 129.056107162678472, 30.926786144371416 ] ] ] ] } },
{ "type": "Feature", "properties": { "geogrid_id": "830503456136911709", "seqnum": 29826.0, "lat_c": 30.503456088910092, "lon_c": 136.91170901547736, "res": 8.0, "count_Insects": 0, "count_Birds": 0, "count_Flowering Plants": 0, "count_Sac Fungi": 0, "count_Amphibians": 0, "count_Molluscs": 0, "count_Arachnids": 0, "count_Mosses": 0, "count_Mammals": 0, "count_Basidiomycota": 0, "count_Gymnosperms": 0, "count_Reptiles": 1, "count_Ferns": 0, "unique_species_count": 1.0, "countryCode": "JP" }, "geometry": { "type": "MultiPolygon", "coordinates": [ [ [ [ 137.241114839147457, 30.938738611160275 ], [ 137.460269321982537, 30.488751387239066 ], [ 137.132375421828243, 30.054802039559679 ], [ 136.585499927225698, 30.067667416033093 ], [ 136.363877723553173, 30.516198855067341 ], [ 136.69168852710672, 30.953352635690003 ], [ 137.241114839147457, 30.938738611160275 ] ] ] ] } },
{ "type": "Feature", "properties": { "geogrid_id": "830514441130374814", "seqnum": 29174.0, "lat_c": 30.514440659462075, "lon_c": 130.3748143268561, "res": 8.0, "count_Insects": 157, "count_Birds": 28, "count_Flowering Plants": 272, "count_Sac Fungi": 14, "count_Amphibians": 2, "count_Molluscs": 126, "count_Arachnids": 12, "count_Mosses": 197, "count_Mammals": 3, "count_Basidiomycota": 11, "count_Gymnosperms": 3, "count_Reptiles": 9, "count_Ferns": 97, "unique_species_count": 931.0, "countryCode": "JP" }, "geometry": { "type": "MultiPolygon", "coordinates": [ [ [ [ 130.685203178008607, 30.9704741410632 ], [ 130.916959210678499, 30.525872426906879 ], [ 130.608667757100193, 30.071312219116471 ], [ 130.06818156863406, 30.058320290325131 ], [ 129.833065374703523, 30.500682853998633 ], [ 130.141803522310198, 30.958276372958366 ], [ 130.685203178008607, 30.9704741410632 ] ] ] ] } },
{ "type": "Feature", "properties": { "geogrid_id": "830535566135270209", "seqnum": 29663.0, "lat_c": 30.535566429684334, "lon_c": 135.27020879712217, "res": 8.0, "count_Insects": 0, "count_Birds": 0, "count_Flowering Plants": 0, "count_Sac Fungi": 0, "count_Amphibians": 0, "count_Molluscs": 0, "count_Arachnids": 0, "count_Mosses": 0, "count_Mammals": 0, "count_Basidiomycota": 0, "count_Gymnosperms": 0, "count_Reptiles": 1, "count_Ferns": 0, "unique_species_count": 1.0, "countryCode": "JP" }, "geometry": { "type": "MultiPolygon", "coordinates": [ [ [ [ 135.594876464461692, 30.976391030618544 ], [ 135.81672587299667, 30.52691945176036 ], [ 135.493815255047025, 30.087506467315357 ], [ 134.948924372748166, 30.094373187058046 ], [ 134.724286467154059, 30.542095659598861 ], [ 135.047393649443762, 30.984716992163918 ], [ 135.594876464461692, 30.976391030618544 ] ] ] ] } },
{ "type": "Feature", "properties": { "geogrid_id": "830541811132002483", "seqnum": 29337.0, "lat_c": 30.541810543866017, "lon_c": 132.00248261368455, "res": 8.0, "count_Insects": 0, "count_Birds": 0, "count_Flowering Plants": 0, "count_Sac Fungi": 0, "count_Amphibians": 0, "count_Molluscs": 0, "count_Arachnids": 0, "count_Mosses": 0, "count_Mammals": 0, "count_Basidiomycota": 0, "count_Gymnosperms": 0, "count_Reptiles": 1, "count_Ferns": 0, "unique_species_count": 1.0, "countryCode": "JP" }, "geometry": { "type": "MultiPolygon", "coordinates": [ [ [ [ 132.317727911964795, 30.993012343748951 ], [ 132.545889894858419, 30.546347920004052 ], [ 132.232686331432575, 30.096614552071355 ], [ 131.690907004117662, 30.090443584878198 ], [ 131.459510923041336, 30.534990888907529 ], [ 131.773152439642189, 30.987828943074014 ], [ 132.317727911964795, 30.993012343748951 ] ] ] ] } },
{ "type": "Feature", "properties": { "geogrid_id": "830548654133634087", "seqnum": 29500.0, "lat_c": 30.548654043778949, "lon_c": 133.63408736212378, "res": 8.0, "count_Insects": 0, "count_Birds": 0, "count_Flowering Plants": 0, "count_Sac Fungi": 0, "count_Amphibians": 0, "count_Molluscs": 0, "count_Arachnids": 0, "count_Mosses": 0, "count_Mammals": 0, "count_Basidiomycota": 0, "count_Gymnosperms": 0, "count_Reptiles": 1, "count_Ferns": 0, "unique_species_count": 1.0, "countryCode": "JP" }, "geometry": { "type": "MultiPolygon", "coordinates": [ [ [ [ 133.954071734618054, 30.994788326357043 ], [ 134.178923200595648, 30.546469143346151 ], [ 133.860870165733274, 30.101785968361607 ], [ 133.317647425490151, 30.102262571016478 ], [ 133.089751067196204, 30.548621889510965 ], [ 133.408165803093482, 30.996472117998948 ], [ 133.954071734618054, 30.994788326357043 ] ] ] ] } },
{ "type": "Feature", "properties": { "geogrid_id": "830621480144480963", "seqnum": 30560.0, "lat_c": 30.621480164093363, "lon_c": 144.48096322471861, "res": 8.0, "count_Insects": 0, "count_Birds": 0, "count_Flowering Plants": 0, "count_Sac Fungi": 0, "count_Amphibians": 0, "count_Molluscs": 0, "count_Arachnids": 0, "count_Mosses": 0, "count_Mammals": 1, "count_Basidiomycota": 0, "count_Gymnosperms": 0, "count_Reptiles": 1, "count_Ferns": 0, "unique_species_count": 2.0, "countryCode": "JP" }, "geometry": { "type": "MultiPolygon", "coordinates": [ [ [ [ 144.841411117784844, 31.035712189602787 ], [ 145.047954579579738, 30.598143255406708 ], [ 144.687799337236555, 30.18307107826271 ], [ 144.123864610504114, 30.206827650633763 ], [ 143.915509551038753, 30.64734305741386 ], [ 144.272870295475485, 31.061553108825539 ], [ 144.841411117784844, 31.035712189602787 ] ] ] ] } },
{ "type": "Feature", "properties": { "geogrid_id": "830702858142789518", "seqnum": 30397.0, "lat_c": 30.702857906101833, "lon_c": 142.7895180980037, "res": 8.0, "count_Insects": 0, "count_Birds": 2, "count_Flowering Plants": 0, "count_Sac Fungi": 0, "count_Amphibians": 0, "count_Molluscs": 0, "count_Arachnids": 0, "count_Mosses": 0, "count_Mammals": 1, "count_Basidiomycota": 0, "count_Gymnosperms": 0, "count_Reptiles": 2, "count_Ferns": 0, "unique_species_count": 5.0, "countryCode": "JP" }, "geometry": { "type": "MultiPolygon", "coordinates": [ [ [ [ 143.141279225911006, 31.118913070108302 ], [ 143.351691657162718, 30.674726591325904 ], [ 143.000313518258139, 30.258880211451842 ], [ 142.440747357270965, 30.285783703326111 ], [ 142.228943870871632, 30.731136902190773 ], [ 142.578216715715513, 31.148673499843394 ], [ 143.141279225911006, 31.118913070108302 ] ] ] ] } },
{ "type": "Feature", "properties": { "geogrid_id": "830786355141112276", "seqnum": 30234.0, "lat_c": 30.786354664885927, "lon_c": 141.11227552754966, "res": 8.0, "count_Insects": 0, "count_Birds": 0, "count_Flowering Plants": 0, "count_Sac Fungi": 0, "count_Amphibians": 0, "count_Molluscs": 0, "count_Arachnids": 0, "count_Mosses": 0, "count_Mammals": 1, "count_Basidiomycota": 0, "count_Gymnosperms": 0, "count_Reptiles": 0, "count_Ferns": 0, "unique_species_count": 1.0, "countryCode": "JP" }, "geometry": { "type": "MultiPolygon", "coordinates": [ [ [ [ 141.457122794729997, 31.207415433409 ], [ 141.669893453961492, 30.759093177883496 ], [ 141.325842612229451, 30.338880594984722 ], [ 140.770366628897989, 30.364369788187634 ], [ 140.555992318893914, 30.812624555372071 ], [ 140.898856070435272, 31.235600738438688 ], [ 141.457122794729997, 31.207415433409 ] ] ] ] } },
{ "type": "Feature", "properties": { "geogrid_id": "830861280139447040", "seqnum": 30071.0, "lat_c": 30.861280075621835, "lon_c": 139.44703954289719, "res": 8.0, "count_Insects": 0, "count_Birds": 1, "count_Flowering Plants": 0, "count_Sac Fungi": 0, "count_Amphibians": 0, "count_Molluscs": 0, "count_Arachnids": 0, "count_Mosses": 0, "count_Mammals": 1, "count_Basidiomycota": 0, "count_Gymnosperms": 0, "count_Reptiles": 0, "count_Ferns": 0, "unique_species_count": 2.0, "countryCode": "JP" }, "geometry": { "type": "MultiPolygon", "coordinates": [ [ [ [ 139.786278536901364, 31.288206551687846 ], [ 140.000945455315929, 30.83766416348135 ], [ 139.66297364896343, 30.411940408157175 ], [ 139.110897712428311, 30.433641098150037 ], [ 138.894184263086601, 30.883314429885729 ], [ 139.23174069026723, 31.312232571863657 ], [ 139.786278536901364, 31.288206551687846 ] ] ] ] } },
{ "type": "Feature", "properties": { "geogrid_id": "830943717129598774", "seqnum": 29093.0, "lat_c": 30.943716842661374, "lon_c": 129.59877393845801, "res": 8.0, "count_Insects": 11, "count_Birds": 1, "count_Flowering Plants": 25, "count_Sac Fungi": 0, "count_Amphibians": 1, "count_Molluscs": 0, "count_Arachnids": 0, "count_Mosses": 0, "count_Mammals": 0, "count_Basidiomycota": 0, "count_Gymnosperms": 0, "count_Reptiles": 2, "count_Ferns": 0, "unique_species_count": 40.0, "countryCode": "JP" }, "geometry": { "type": "MultiPolygon", "coordinates": [ [ [ [ 129.910009950970391, 31.402844707277641 ], [ 130.141803522310198, 30.958276372958366 ], [ 129.833065374703523, 30.500682853998633 ], [ 129.291703516176625, 30.484587821119518 ], [ 129.056107162678472, 30.926786144371416 ], [ 129.365672909363269, 31.387446578995611 ], [ 129.910009950970391, 31.402844707277641 ] ] ] ] } },
{ "type": "Feature", "properties": { "geogrid_id": "830965921136142960", "seqnum": 29745.0, "lat_c": 30.965921173981847, "lon_c": 136.1429595227234, "res": 8.0, "count_Insects": 0, "count_Birds": 0, "count_Flowering Plants": 0, "count_Sac Fungi": 0, "count_Amphibians": 0, "count_Molluscs": 0, "count_Arachnids": 0, "count_Mosses": 0, "count_Mammals": 0, "count_Basidiomycota": 0, "count_Gymnosperms": 0, "count_Reptiles": 1, "count_Ferns": 0, "unique_species_count": 1.0, "countryCode": "JP" }, "geometry": { "type": "MultiPolygon", "coordinates": [ [ [ [ 136.472778566727754, 31.404557672361605 ], [ 136.69168852710672, 30.953352635690003 ], [ 136.363877723553173, 30.516198855067341 ], [ 135.81672587299667, 30.52691945176036 ], [ 135.594876464461692, 30.976391030618544 ], [ 135.923205989673306, 31.416893720239557 ], [ 136.472778566727754, 31.404557672361605 ] ] ] ] } },
{ "type": "Feature", "properties": { "geogrid_id": "830980321131228982", "seqnum": 29256.0, "lat_c": 30.98032089938221, "lon_c": 131.22898226263285, "res": 8.0, "count_Insects": 118, "count_Birds": 12, "count_Flowering Plants": 134, "count_Sac Fungi": 1, "count_Amphibians": 5, "count_Molluscs": 7, "count_Arachnids": 12, "count_Mosses": 7, "count_Mammals": 2, "count_Basidiomycota": 7, "count_Gymnosperms": 0, "count_Reptiles": 9, "count_Ferns": 11, "unique_species_count": 325.0, "countryCode": "JP" }, "geometry": { "type": "MultiPolygon", "coordinates": [ [ [ [ 131.545097262300828, 31.434699536042828 ], [ 131.773152439642189, 30.987828943074014 ], [ 131.459510923041336, 30.534990888907529 ], [ 130.916959210678499, 30.525872426906879 ], [ 130.685203178008607, 30.9704741410632 ], [ 130.99971357550362, 31.426461663193063 ], [ 131.545097262300828, 31.434699536042828 ] ] ] ] } },
{ "type": "Feature", "properties": { "geogrid_id": "830990860134500471", "seqnum": 29582.0, "lat_c": 30.990860456142659, "lon_c": 134.50047061670602, "res": 8.0, "count_Insects": 0, "count_Birds": 0, "count_Flowering Plants": 0, "count_Sac Fungi": 0, "count_Amphibians": 0, "count_Molluscs": 0, "count_Arachnids": 0, "count_Mosses": 0, "count_Mammals": 0, "count_Basidiomycota": 0, "count_Gymnosperms": 0, "count_Reptiles": 1, "count_Ferns": 0, "unique_species_count": 1.0, "countryCode": "JP" }, "geometry": { "type": "MultiPolygon", "coordinates": [ [ [ [ 134.825819258224954, 31.435006648517021 ], [ 135.047393649443762, 30.984716992163918 ], [ 134.724286467154059, 30.542095659598861 ], [ 134.178923200595648, 30.546469143346151 ], [ 133.954071734618054, 30.994788326357043 ], [ 134.277919403556837, 31.440711687458478 ], [ 134.825819258224954, 31.435006648517021 ] ] ] ] } },
{ "type": "Feature", "properties": { "geogrid_id": "830995887132862726", "seqnum": 29419.0, "lat_c": 30.995887228987833, "lon_c": 132.86272567672088, "res": 8.0, "count_Insects": 0, "count_Birds": 0, "count_Flowering Plants": 0, "count_Sac Fungi": 0, "count_Amphibians": 0, "count_Molluscs": 0, "count_Arachnids": 0, "count_Mosses": 0, "count_Mammals": 0, "count_Basidiomycota": 0, "count_Gymnosperms": 0, "count_Reptiles": 1, "count_Ferns": 0, "unique_species_count": 1.0, "countryCode": "JP" }, "geometry": { "type": "MultiPolygon", "coordinates": [ [ [ [ 133.183532635320404, 31.445277241194528 ], [ 133.408165803093482, 30.996472117998948 ], [ 133.089751067196204, 30.548621889510965 ], [ 132.545889894858419, 30.546347920004052 ], [ 132.317727911964795, 30.993012343748951 ], [ 132.636990078339693, 31.444092830542274 ], [ 133.183532635320404, 31.445277241194528 ] ] ] ] } },
{ "type": "Feature", "properties": { "geogrid_id": "831089621143706148", "seqnum": 30479.0, "lat_c": 31.089620633612604, "lon_c": 143.70614811838024, "res": 8.0, "count_Insects": 0, "count_Birds": 1, "count_Flowering Plants": 0, "count_Sac Fungi": 0, "count_Amphibians": 0, "count_Molluscs": 0, "count_Arachnids": 0, "count_Mosses": 0, "count_Mammals": 1, "count_Basidiomycota": 0, "count_Gymnosperms": 0, "count_Reptiles": 1, "count_Ferns": 0, "unique_species_count": 3.0, "countryCode": "JP" }, "geometry": { "type": "MultiPolygon", "coordinates": [ [ [ [ 144.063783564218852, 31.503590441904123 ], [ 144.272870295475485, 31.061553108825539 ], [ 143.915509551038753, 30.64734305741386 ], [ 143.351691657162718, 30.674726591325904 ], [ 143.141279225911006, 31.118913070108302 ], [ 143.496112327559388, 31.533942287328941 ], [ 144.063783564218852, 31.503590441904123 ] ] ] ] } },
{ "type": "Feature", "properties": { "geogrid_id": "831178323142016869", "seqnum": 30316.0, "lat_c": 31.178323327949993, "lon_c": 142.0168690779268, "res": 8.0, "count_Insects": 0, "count_Birds": 0, "count_Flowering Plants": 0, "count_Sac Fungi": 0, "count_Amphibians": 0, "count_Molluscs": 0, "count_Arachnids": 0, "count_Mosses": 0, "count_Mammals": 1, "count_Basidiomycota": 0, "count_Gymnosperms": 0, "count_Reptiles": 1, "count_Ferns": 0, "unique_species_count": 2.0, "countryCode": "JP" }, "geometry": { "type": "MultiPolygon", "coordinates": [ [ [ [ 142.36685037576899, 31.596561649354733 ], [ 142.578216715715513, 31.148673499843394 ], [ 142.228943870871632, 30.731136902190773 ], [ 141.669893453961492, 30.759093177883496 ], [ 141.457122794729997, 31.207415433409 ], [ 141.805004058342178, 31.627553297216469 ], [ 142.36685037576899, 31.596561649354733 ] ] ] ] } },
{ "type": "Feature", "properties": { "geogrid_id": "831369645128821671", "seqnum": 29012.0, "lat_c": 31.369644684686453, "lon_c": 128.82167128169698, "res": 8.0, "count_Insects": 0, "count_Birds": 0, "count_Flowering Plants": 0, "count_Sac Fungi": 0, "count_Amphibians": 0, "count_Molluscs": 0, "count_Arachnids": 0, "count_Mosses": 0, "count_Mammals": 0, "count_Basidiomycota": 0, "count_Gymnosperms": 0, "count_Reptiles": 1, "count_Ferns": 0, "unique_species_count": 1.0, "countryCode": "JP" }, "geometry": { "type": "MultiPolygon", "coordinates": [ [ [ [ 129.134180615957973, 31.83189234127974 ], [ 129.365672909363269, 31.387446578995611 ], [ 129.056107162678472, 30.926786144371416 ], [ 128.513797829817378, 30.907476053646143 ], [ 128.278001649150752, 31.349432323119213 ], [ 128.588802971890345, 31.813183196720676 ], [ 129.134180615957973, 31.83189234127974 ] ] ] ] } },
{ "type": "Feature", "properties": { "geogrid_id": "831390094137023005", "seqnum": 29827.0, "lat_c": 31.39009410637118, "lon_c": 137.02300461822458, "res": 8.0, "count_Insects": 0, "count_Birds": 0, "count_Flowering Plants": 0, "count_Sac Fungi": 0, "count_Amphibians": 0, "count_Molluscs": 0, "count_Arachnids": 0, "count_Mosses": 0, "count_Mammals": 0, "count_Basidiomycota": 0, "count_Gymnosperms": 0, "count_Reptiles": 1, "count_Ferns": 0, "unique_species_count": 1.0, "countryCode": "JP" }, "geometry": { "type": "MultiPolygon", "coordinates": [ [ [ [ 137.358127465231263, 31.826478504456869 ], [ 137.573943173432951, 31.373557614668787 ], [ 137.241114839147457, 30.938738611160275 ], [ 136.69168852710672, 30.953352635690003 ], [ 136.472778566727754, 31.404557672361605 ], [ 136.806505907032829, 31.842884782510637 ], [ 137.358127465231263, 31.826478504456869 ] ] ] ] } },
{ "type": "Feature", "properties": { "geogrid_id": "831415847130454688", "seqnum": 29175.0, "lat_c": 31.415846781061774, "lon_c": 130.45468770883053, "res": 8.0, "count_Insects": 180, "count_Birds": 75, "count_Flowering Plants": 724, "count_Sac Fungi": 15, "count_Amphibians": 3, "count_Molluscs": 122, "count_Arachnids": 19, "count_Mosses": 9, "count_Mammals": 7, "count_Basidiomycota": 21, "count_Gymnosperms": 5, "count_Reptiles": 10, "count_Ferns": 48, "unique_species_count": 1238.0, "countryCode": "JP" }, "geometry": { "type": "MultiPolygon", "coordinates": [ [ [ [ 130.772157855796848, 31.873436177327836 ], [ 130.99971357550362, 31.426461663193063 ], [ 130.685203178008607, 30.9704741410632 ], [ 130.141803522310198, 30.958276372958366 ], [ 129.910009950970391, 31.402844707277641 ], [ 130.225854109201009, 31.862012215010669 ], [ 130.772157855796848, 31.873436177327836 ] ] ] ] } },
{ "type": "Feature", "properties": { "geogrid_id": "831427056135374235", "seqnum": 29664.0, "lat_c": 31.427056324751359, "lon_c": 135.37423479994939, "res": 8.0, "count_Insects": 0, "count_Birds": 0, "count_Flowering Plants": 0, "count_Sac Fungi": 0, "count_Amphibians": 0, "count_Molluscs": 0, "count_Arachnids": 0, "count_Mosses": 0, "count_Mammals": 0, "count_Basidiomycota": 0, "count_Gymnosperms": 0, "count_Reptiles": 1, "count_Ferns": 0, "unique_species_count": 1.0, "countryCode": "JP" }, "geometry": { "type": "MultiPolygon", "coordinates": [ [ [ [ 135.705169534853098, 31.869168736039857 ], [ 135.923205989673306, 31.416893720239557 ], [ 135.594876464461692, 30.976391030618544 ], [ 135.047393649443762, 30.984716992163918 ], [ 134.825819258224954, 31.435006648517021 ], [ 135.155344100248328, 31.878961767786599 ], [ 135.705169534853098, 31.869168736039857 ] ] ] ] } },
{ "type": "Feature", "properties": { "geogrid_id": "831440572132090851", "seqnum": 29338.0, "lat_c": 31.440572102961923, "lon_c": 132.09085105198889, "res": 8.0, "count_Insects": 1, "count_Birds": 3, "count_Flowering Plants": 0, "count_Sac Fungi": 0, "count_Amphibians": 0, "count_Molluscs": 0, "count_Arachnids": 0, "count_Mosses": 0, "count_Mammals": 0, "count_Basidiomycota": 0, "count_Gymnosperms": 0, "count_Reptiles": 1, "count_Ferns": 0, "unique_species_count": 5.0, "countryCode": "JP" }, "geometry": { "type": "MultiPolygon", "coordinates": [ [ [ [ 132.413032594498105, 31.893266893310251 ], [ 132.636990078339693, 31.444092830542274 ], [ 132.317727911964795, 30.993012343748951 ], [ 131.773152439642189, 30.987828943074014 ], [ 131.545097262300828, 31.434699536042828 ], [ 131.865735874696668, 31.889053312980796 ], [ 132.413032594498105, 31.893266893310251 ] ] ] ] } },
{ "type": "Feature", "properties": { "geogrid_id": "831444143133730501", "seqnum": 29501.0, "lat_c": 31.444143268052397, "lon_c": 133.73050051879554, "res": 8.0, "count_Insects": 0, "count_Birds": 0, "count_Flowering Plants": 0, "count_Sac Fungi": 0, "count_Amphibians": 0, "count_Molluscs": 0, "count_Arachnids": 0, "count_Mosses": 0, "count_Mammals": 0, "count_Basidiomycota": 0, "count_Gymnosperms": 0, "count_Reptiles": 1, "count_Ferns": 0, "unique_species_count": 1.0, "countryCode": "JP" }, "geometry": { "type": "MultiPolygon", "coordinates": [ [ [ [ 134.057155364446828, 31.891686620044965 ], [ 134.277919403556837, 31.440711687458478 ], [ 133.954071734618054, 30.994788326357043 ], [ 133.408165803093482, 30.996472117998948 ], [ 133.183532635320404, 31.445277241194528 ], [ 133.508720969222878, 31.894567672981115 ], [ 134.057155364446828, 31.891686620044965 ] ] ] ] } },
{ "type": "Feature", "properties": { "geogrid_id": "831565176142930505", "seqnum": 30398.0, "lat_c": 31.565175561932225, "lon_c": 142.93050524787273, "res": 8.0, "count_Insects": 0, "count_Birds": 1, "count_Flowering Plants": 0, "count_Sac Fungi": 0, "count_Amphibians": 0, "count_Molluscs": 0, "count_Arachnids": 0, "count_Mosses": 0, "count_Mammals": 0, "count_Basidiomycota": 0, "count_Gymnosperms": 0, "count_Reptiles": 1, "count_Ferns": 0, "unique_species_count": 2.0, "countryCode": "JP" }, "geometry": { "type": "MultiPolygon", "coordinates": [ [ [ [ 143.285886300448652, 31.980627782801388 ], [ 143.496112327559388, 31.533942287328941 ], [ 143.141279225911006, 31.118913070108302 ], [ 142.578216715715513, 31.148673499843394 ], [ 142.36685037576899, 31.596561649354733 ], [ 142.719922416073928, 32.013800328848831 ], [ 143.285886300448652, 31.980627782801388 ] ] ] ] } },
{ "type": "Feature", "properties": { "geogrid_id": "831657734141244812", "seqnum": 30235.0, "lat_c": 31.657734282293205, "lon_c": 141.24481190332185, "res": 8.0, "count_Insects": 0, "count_Birds": 1, "count_Flowering Plants": 0, "count_Sac Fungi": 0, "count_Amphibians": 0, "count_Molluscs": 0, "count_Arachnids": 0, "count_Mosses": 0, "count_Mammals": 1, "count_Basidiomycota": 0, "count_Gymnosperms": 0, "count_Reptiles": 1, "count_Ferns": 0, "unique_species_count": 3.0, "countryCode": "JP" }, "geometry": { "type": "MultiPolygon", "coordinates": [ [ [ [ 141.593997081542767, 32.0790477995087 ], [ 141.805004058342178, 31.627553297216469 ], [ 141.457122794729997, 31.207415433409 ], [ 140.898856070435272, 31.235600738438688 ], [ 140.686120618186095, 31.68678430672707 ], [ 141.033639189766347, 32.110241522934054 ], [ 141.593997081542767, 32.0790477995087 ] ] ] ] } },
{ "type": "Feature", "properties": { "geogrid_id": "831740548139572668", "seqnum": 30072.0, "lat_c": 31.740548023039214, "lon_c": 139.57266833253811, "res": 8.0, "count_Insects": 0, "count_Birds": 0, "count_Flowering Plants": 0, "count_Sac Fungi": 0, "count_Amphibians": 0, "count_Molluscs": 0, "count_Arachnids": 0, "count_Mosses": 0, "count_Mammals": 0, "count_Basidiomycota": 0, "count_Gymnosperms": 0, "count_Reptiles": 1, "count_Ferns": 0, "unique_species_count": 1.0, "countryCode": "JP" }, "geometry": { "type": "MultiPolygon", "coordinates": [ [ [ [ 139.917216358838942, 32.168317235679794 ], [ 140.128784436139284, 31.714454176987886 ], [ 139.786278536901364, 31.288206551687846 ], [ 139.23174069026723, 31.312232571863657 ], [ 139.017649351354464, 31.764910403181659 ], [ 139.360833012635823, 32.194810652022518 ], [ 139.917216358838942, 32.168317235679794 ] ] ] ] } },
{ "type": "Feature", "properties": { "geogrid_id": "831792034128043729", "seqnum": 28931.0, "lat_c": 31.792033911324275, "lon_c": 128.04372932152319, "res": 8.0, "count_Insects": 0, "count_Birds": 0, "count_Flowering Plants": 0, "count_Sac Fungi": 0, "count_Amphibians": 0, "count_Molluscs": 1, "count_Arachnids": 0, "count_Mosses": 0, "count_Mammals": 0, "count_Basidiomycota": 0, "count_Gymnosperms": 0, "count_Reptiles": 0, "count_Ferns": 0, "unique_species_count": 1.0, "countryCode": "JP" }, "geometry": { "type": "MultiPolygon", "coordinates": [ [ [ [ 128.357966623805822, 32.257416594512875 ], [ 128.588802971890345, 31.813183196720676 ], [ 128.278001649150752, 31.349432323119213 ], [ 127.734662289139521, 31.326803684675859 ], [ 127.498960201837633, 31.768439942559311 ], [ 127.811431546259243, 32.235295773183168 ], [ 128.357966623805822, 32.257416594512875 ] ] ] ] } },
{ "type": "Feature", "properties": { "geogrid_id": "831807967137910472", "seqnum": 29909.0, "lat_c": 31.80796682033445, "lon_c": 137.91047205058956, "res": 8.0, "count_Insects": 0, "count_Birds": 0, "count_Flowering Plants": 0, "count_Sac Fungi": 0, "count_Amphibians": 0, "count_Molluscs": 0, "count_Arachnids": 0, "count_Mosses": 0, "count_Mammals": 0, "count_Basidiomycota": 0, "count_Gymnosperms": 0, "count_Reptiles": 1, "count_Ferns": 0, "unique_species_count": 1.0, "countryCode": "JP" }, "geometry": { "type": "MultiPolygon", "coordinates": [ [ [ [ 138.251054255465135, 32.242033944358006 ], [ 138.463616836788958, 31.787416843342999 ], [ 138.125660804994027, 31.355013457698831 ], [ 137.573943173432951, 31.373557614668787 ], [ 137.358127465231263, 31.826478504456869 ], [ 137.697438854595958, 32.262573956493142 ], [ 138.251054255465135, 32.242033944358006 ] ] ] ] } },
{ "type": "Feature", "properties": { "geogrid_id": "831848167129679863", "seqnum": 29094.0, "lat_c": 31.848166635453751, "lon_c": 129.67986335261756, "res": 8.0, "count_Insects": 17, "count_Birds": 13, "count_Flowering Plants": 668, "count_Sac Fungi": 1, "count_Amphibians": 2, "count_Molluscs": 74, "count_Arachnids": 2, "count_Mosses": 0, "count_Mammals": 0, "count_Basidiomycota": 0, "count_Gymnosperms": 4, "count_Reptiles": 7, "count_Ferns": 64, "unique_species_count": 852.0, "countryCode": "JP" }, "geometry": { "type": "MultiPolygon", "coordinates": [ [ [ [ 129.999209967661642, 32.308986100800261 ], [ 130.225854109201009, 31.862012215010669 ], [ 129.910009950970391, 31.402844707277641 ], [ 129.365672909363269, 31.387446578995611 ], [ 129.134180615957973, 31.83189234127974 ], [ 129.451856575169103, 32.294257394673132 ], [ 129.999209967661642, 32.308986100800261 ] ] ] ] } },
{ "type": "Feature", "properties": { "geogrid_id": "831857130136255540", "seqnum": 29746.0, "lat_c": 31.857130222282024, "lon_c": 136.25553965216693, "res": 8.0, "count_Insects": 0, "count_Birds": 0, "count_Flowering Plants": 0, "count_Sac Fungi": 0, "count_Amphibians": 0, "count_Molluscs": 0, "count_Arachnids": 0, "count_Mosses": 0, "count_Mammals": 0, "count_Basidiomycota": 0, "count_Gymnosperms": 0, "count_Reptiles": 1, "count_Ferns": 0, "unique_species_count": 1.0, "countryCode": "JP" }, "geometry": { "type": "MultiPolygon", "coordinates": [ [ [ [ 136.592308041895848, 32.29716661351199 ], [ 136.806505907032829, 31.842884782510637 ], [ 136.472778566727754, 31.404557672361605 ], [ 135.923205989673306, 31.416893720239557 ], [ 135.705169534853098, 31.869168736039857 ], [ 136.040648405588797, 32.311118368719924 ], [ 136.592308041895848, 32.29716661351199 ] ] ] ] } },
{ "type": "Feature", "properties": { "geogrid_id": "831882447131318782", "seqnum": 29257.0, "lat_c": 31.882446720840996, "lon_c": 131.31878184419267, "res": 8.0, "count_Insects": 144, "count_Birds": 51, "count_Flowering Plants": 205, "count_Sac Fungi": 17, "count_Amphibians": 7, "count_Molluscs": 39, "count_Arachnids": 19, "count_Mosses": 163, "count_Mammals": 5, "count_Basidiomycota": 12, "count_Gymnosperms": 5, "count_Reptiles": 7, "count_Ferns": 16, "unique_species_count": 690.0, "countryCode": "JP" }, "geometry": { "type": "MultiPolygon", "coordinates": [ [ [ [ 131.642935946169075, 32.338474375840804 ], [ 131.865735874696668, 31.889053312980796 ], [ 131.545097262300828, 31.434699536042828 ], [ 130.99971357550362, 31.426461663193063 ], [ 130.772157855796848, 31.873436177327836 ], [ 131.094744167858096, 32.331087693175945 ], [ 131.642935946169075, 32.338474375840804 ] ] ] ] } },
{ "type": "Feature", "properties": { "geogrid_id": "831886477134606019", "seqnum": 29583.0, "lat_c": 31.886476876344922, "lon_c": 134.60601881823041, "res": 8.0, "count_Insects": 0, "count_Birds": 0, "count_Flowering Plants": 0, "count_Sac Fungi": 0, "count_Amphibians": 0, "count_Molluscs": 0, "count_Arachnids": 0, "count_Mosses": 0, "count_Mammals": 0, "count_Basidiomycota": 0, "count_Gymnosperms": 0, "count_Reptiles": 1, "count_Ferns": 0, "unique_species_count": 1.0, "countryCode": "JP" }, "geometry": { "type": "MultiPolygon", "coordinates": [ [ [ [ 134.938852393691604, 32.332143291117703 ], [ 135.155344100248328, 31.878961767786599 ], [ 134.825819258224954, 31.435006648517021 ], [ 134.277919403556837, 31.440711687458478 ], [ 134.057155364446828, 31.891686620044965 ], [ 134.388625058656515, 32.339159018455611 ], [ 134.938852393691604, 32.332143291117703 ] ] ] ] } },
{ "type": "Feature", "properties": { "geogrid_id": "831895100132960688", "seqnum": 29420.0, "lat_c": 31.895100120360702, "lon_c": 132.96068783165467, "res": 8.0, "count_Insects": 0, "count_Birds": 1, "count_Flowering Plants": 0, "count_Sac Fungi": 0, "count_Amphibians": 0, "count_Molluscs": 0, "count_Arachnids": 0, "count_Mosses": 0, "count_Mammals": 1, "count_Basidiomycota": 0, "count_Gymnosperms": 0, "count_Reptiles": 1, "count_Ferns": 0, "unique_species_count": 3.0, "countryCode": "JP" }, "geometry": { "type": "MultiPolygon", "coordinates": [ [ [ [ 133.289334270552814, 32.346086011344823 ], [ 133.508720969222878, 31.894567672981115 ], [ 133.183532635320404, 31.445277241194528 ], [ 132.636990078339693, 31.444092830542274 ], [ 132.413032594498105, 31.893266893310251 ], [ 132.740216635374026, 32.345962724885361 ], [ 133.289334270552814, 32.346086011344823 ] ] ] ] } },
{ "type": "Feature", "properties": { "geogrid_id": "831947943143854104", "seqnum": 30480.0, "lat_c": 31.947942503670738, "lon_c": 143.85410359292152, "res": 8.0, "count_Insects": 0, "count_Birds": 0, "count_Flowering Plants": 0, "count_Sac Fungi": 0, "count_Amphibians": 0, "count_Molluscs": 0, "count_Arachnids": 0, "count_Mosses": 0, "count_Mammals": 0, "count_Basidiomycota": 0, "count_Gymnosperms": 0, "count_Reptiles": 1, "count_Ferns": 0, "unique_species_count": 1.0, "countryCode": "JP" }, "geometry": { "type": "MultiPolygon", "coordinates": [ [ [ [ 144.21534612227623, 32.360918052395682 ], [ 144.424712574931505, 31.916689616350496 ], [ 144.063783564218852, 31.503590441904123 ], [ 143.496112327559388, 31.533942287328941 ], [ 143.285886300448652, 31.980627782801388 ], [ 143.644438211237855, 32.395014204771343 ], [ 144.21534612227623, 32.360918052395682 ] ] ] ] } },
{ "type": "Feature", "properties": { "geogrid_id": "832046775142156026", "seqnum": 30317.0, "lat_c": 32.046775126475161, "lon_c": 142.15602601107565, "res": 8.0, "count_Insects": 0, "count_Birds": 0, "count_Flowering Plants": 0, "count_Sac Fungi": 0, "count_Amphibians": 0, "count_Molluscs": 0, "count_Arachnids": 0, "count_Mosses": 0, "count_Mammals": 1, "count_Basidiomycota": 0, "count_Gymnosperms": 0, "count_Reptiles": 1, "count_Ferns": 0, "unique_species_count": 2.0, "countryCode": "JP" }, "geometry": { "type": "MultiPolygon", "coordinates": [ [ [ [ 142.510312805926901, 32.465097105136735 ], [ 142.719922416073928, 32.013800328848831 ], [ 142.36685037576899, 31.596561649354733 ], [ 141.805004058342178, 31.627553297216469 ], [ 141.593997081542767, 32.0790477995087 ], [ 141.946581296305084, 32.499578782425111 ], [ 142.510312805926901, 32.465097105136735 ] ] ] ] } },
{ "type": "Feature", "properties": { "geogrid_id": "832140071140474768", "seqnum": 30154.0, "lat_c": 32.140070940069329, "lon_c": 140.47476824417109, "res": 8.0, "count_Insects": 0, "count_Birds": 5, "count_Flowering Plants": 0, "count_Sac Fungi": 0, "count_Amphibians": 0, "count_Molluscs": 0, "count_Arachnids": 0, "count_Mosses": 0, "count_Mammals": 1, "count_Basidiomycota": 0, "count_Gymnosperms": 0, "count_Reptiles": 1, "count_Ferns": 0, "unique_species_count": 7.0, "countryCode": "JP" }, "geometry": { "type": "MultiPolygon", "coordinates": [ [ [ [ 140.82450520899576, 32.56512547359997 ], [ 141.033639189766347, 32.110241522934054 ], [ 140.686120618186095, 31.68678430672707 ], [ 140.128784436139284, 31.714454176987886 ], [ 139.917216358838942, 32.168317235679794 ], [ 140.265712505841265, 32.595617801298616 ], [ 140.82450520899576, 32.56512547359997 ] ] ] ] } },
{ "type": "Feature", "properties": { "geogrid_id": "832219418138805485", "seqnum": 29991.0, "lat_c": 32.219418050355451, "lon_c": 138.80548476673175, "res": 8.0, "count_Insects": 0, "count_Birds": 0, "count_Flowering Plants": 0, "count_Sac Fungi": 0, "count_Amphibians": 0, "count_Molluscs": 0, "count_Arachnids": 0, "count_Mosses": 0, "count_Mammals": 0, "count_Basidiomycota": 0, "count_Gymnosperms": 0, "count_Reptiles": 1, "count_Ferns": 0, "unique_species_count": 1.0, "countryCode": "JP" }, "geometry": { "type": "MultiPolygon", "coordinates": [ [ [ [ 139.151686936034025, 32.651102204832306 ], [ 139.360833012635823, 32.194810652022518 ], [ 139.017649351354464, 31.764910403181659 ], [ 138.463616836788958, 31.787416843342999 ], [ 138.251054255465135, 32.242033944358006 ], [ 138.596152650211394, 32.675844158071371 ], [ 139.151686936034025, 32.651102204832306 ] ] ] ] } },
{ "type": "Feature", "properties": { "geogrid_id": "832277069128904775", "seqnum": 29013.0, "lat_c": 32.277069128911187, "lon_c": 128.90477550169498, "res": 8.0, "count_Insects": 22, "count_Birds": 12, "count_Flowering Plants": 10, "count_Sac Fungi": 0, "count_Amphibians": 3, "count_Molluscs": 9, "count_Arachnids": 1, "count_Mosses": 1, "count_Mammals": 0, "count_Basidiomycota": 0, "count_Gymnosperms": 0, "count_Reptiles": 3, "count_Ferns": 0, "unique_species_count": 61.0, "countryCode": "JP" }, "geometry": { "type": "MultiPolygon", "coordinates": [ [ [ [ 129.22655475904503, 32.741124809351668 ], [ 129.451856575169103, 32.294257394673132 ], [ 129.134180615957973, 31.83189234127974 ], [ 128.588802971890345, 31.813183196720676 ], [ 128.357966623805822, 32.257416594512875 ], [ 128.678004657636905, 32.72298514749496 ], [ 129.22655475904503, 32.741124809351668 ] ] ] ] } },
{ "type": "Feature", "properties": { "geogrid_id": "832280970137144549", "seqnum": 29828.0, "lat_c": 32.28096998768067, "lon_c": 137.14454925194144, "res": 8.0, "count_Insects": 0, "count_Birds": 0, "count_Flowering Plants": 0, "count_Sac Fungi": 0, "count_Amphibians": 0, "count_Molluscs": 0, "count_Arachnids": 0, "count_Mosses": 0, "count_Mammals": 1, "count_Basidiomycota": 0, "count_Gymnosperms": 0, "count_Reptiles": 1, "count_Ferns": 0, "unique_species_count": 2.0, "countryCode": "JP" }, "geometry": { "type": "MultiPolygon", "coordinates": [ [ [ [ 137.487438099594641, 32.718894167655861 ], [ 137.697438854595958, 32.262573956493142 ], [ 137.358127465231263, 31.826478504456869 ], [ 136.806505907032829, 31.842884782510637 ], [ 136.592308041895848, 32.29716661351199 ], [ 136.934067110811526, 32.737080334088631 ], [ 137.487438099594641, 32.718894167655861 ] ] ] ] } },
{ "type": "Feature", "properties": { "geogrid_id": "832321261130546838", "seqnum": 29176.0, "lat_c": 32.321260738765865, "lon_c": 130.54683774691696, "res": 8.0, "count_Insects": 106, "count_Birds": 126, "count_Flowering Plants": 246, "count_Sac Fungi": 2, "count_Amphibians": 9, "count_Molluscs": 276, "count_Arachnids": 10, "count_Mosses": 110, "count_Mammals": 3, "count_Basidiomycota": 14, "count_Gymnosperms": 3, "count_Reptiles": 7, "count_Ferns": 11, "unique_species_count": 923.0, "countryCode": "JP" }, "geometry": { "type": "MultiPolygon", "coordinates": [ [ [ [ 130.87360698313185, 32.780630179748911 ], [ 131.094744167858096, 32.331087693175945 ], [ 130.772157855796848, 31.873436177327836 ], [ 130.225854109201009, 31.862012215010669 ], [ 129.999209967661642, 32.308986100800261 ], [ 130.324356225451623, 32.769942893321627 ], [ 130.87360698313185, 32.780630179748911 ] ] ] ] } },
{ "type": "Feature", "properties": { "geogrid_id": "832322788135489513", "seqnum": 29665.0, "lat_c": 32.322787681903414, "lon_c": 135.48951290420226, "res": 8.0, "count_Insects": 0, "count_Birds": 0, "count_Flowering Plants": 0, "count_Sac Fungi": 0, "count_Amphibians": 0, "count_Molluscs": 0, "count_Arachnids": 0, "count_Mosses": 0, "count_Mammals": 0, "count_Basidiomycota": 0, "count_Gymnosperms": 0, "count_Reptiles": 1, "count_Ferns": 0, "unique_species_count": 1.0, "countryCode": "JP" }, "geometry": { "type": "MultiPolygon", "coordinates": [ [ [ [ 135.828922365954952, 32.766553896755006 ], [ 136.040648405588797, 32.311118368719924 ], [ 135.705169534853098, 31.869168736039857 ], [ 135.155344100248328, 31.878961767786599 ], [ 134.938852393691604, 32.332143291117703 ], [ 135.277031842450413, 32.777776337368678 ], [ 135.828922365954952, 32.766553896755006 ] ] ] ] } },
{ "type": "Feature", "properties": { "geogrid_id": "832343429132191423", "seqnum": 29339.0, "lat_c": 32.343429388983147, "lon_c": 132.19142256718291, "res": 8.0, "count_Insects": 1, "count_Birds": 2, "count_Flowering Plants": 25, "count_Sac Fungi": 0, "count_Amphibians": 0, "count_Molluscs": 11, "count_Arachnids": 0, "count_Mosses": 1, "count_Mammals": 2, "count_Basidiomycota": 0, "count_Gymnosperms": 0, "count_Reptiles": 1, "count_Ferns": 4, "unique_species_count": 47.0, "countryCode": "JP" }, "geometry": { "type": "MultiPolygon", "coordinates": [ [ [ [ 132.52280426671237, 32.797875238525386 ], [ 132.740216635374026, 32.345962724885361 ], [ 132.413032594498105, 31.893266893310251 ], [ 131.865735874696668, 31.889053312980796 ], [ 131.642935946169075, 32.338474375840804 ], [ 131.972823905456778, 32.794589298577918 ], [ 132.52280426671237, 32.797875238525386 ] ] ] ] } },
{ "type": "Feature", "properties": { "geogrid_id": "832343813133838796", "seqnum": 29502.0, "lat_c": 32.343812815030752, "lon_c": 133.83879555774149, "res": 8.0, "count_Insects": 0, "count_Birds": 2, "count_Flowering Plants": 0, "count_Sac Fungi": 0, "count_Amphibians": 0, "count_Molluscs": 0, "count_Arachnids": 0, "count_Mosses": 0, "count_Mammals": 1, "count_Basidiomycota": 0, "count_Gymnosperms": 0, "count_Reptiles": 1, "count_Ferns": 0, "unique_species_count": 4.0, "countryCode": "JP" }, "geometry": { "type": "MultiPolygon", "coordinates": [ [ [ [ 134.174389224509326, 32.793070213763656 ], [ 134.388625058656515, 32.339159018455611 ], [ 134.057155364446828, 31.891686620044965 ], [ 133.508720969222878, 31.894567672981115 ], [ 133.289334270552814, 32.346086011344823 ], [ 133.623568971408758, 32.797104428677542 ], [ 134.174389224509326, 32.793070213763656 ] ] ] ] } },
{ "type": "Feature", "properties": { "geogrid_id": "832430035143076176", "seqnum": 30399.0, "lat_c": 32.430034540788704, "lon_c": 143.07617634882675, "res": 8.0, "count_Insects": 0, "count_Birds": 1, "count_Flowering Plants": 0, "count_Sac Fungi": 0, "count_Amphibians": 0, "count_Molluscs": 0, "count_Arachnids": 0, "count_Mosses": 0, "count_Mammals": 1, "count_Basidiomycota": 0, "count_Gymnosperms": 0, "count_Reptiles": 1, "count_Ferns": 0, "unique_species_count": 3.0, "countryCode": "JP" }, "geometry": { "type": "MultiPolygon", "coordinates": [ [ [ [ 143.435713104398189, 32.845265117385146 ], [ 143.644438211237855, 32.395014204771343 ], [ 143.285886300448652, 31.980627782801388 ], [ 142.719922416073928, 32.013800328848831 ], [ 142.510312805926901, 32.465097105136735 ], [ 142.868018261323613, 32.88255126443174 ], [ 143.435713104398189, 32.845265117385146 ] ] ] ] } },
{ "type": "Feature", "properties": { "geogrid_id": "832533031141384724", "seqnum": 30236.0, "lat_c": 32.533031044213551, "lon_c": 141.38472431276949, "res": 8.0, "count_Insects": 0, "count_Birds": 0, "count_Flowering Plants": 0, "count_Sac Fungi": 0, "count_Amphibians": 0, "count_Molluscs": 0, "count_Arachnids": 0, "count_Mosses": 0, "count_Mammals": 0, "count_Basidiomycota": 0, "count_Gymnosperms": 0, "count_Reptiles": 1, "count_Ferns": 0, "unique_species_count": 1.0, "countryCode": "JP" }, "geometry": { "type": "MultiPolygon", "coordinates": [ [ [ [ 141.739678334132549, 32.955236775459362 ], [ 141.946581296305084, 32.499578782425111 ], [ 141.593997081542767, 32.0790477995087 ], [ 141.033639189766347, 32.110241522934054 ], [ 140.82450520899576, 32.56512547359997 ], [ 141.178375520184289, 32.989716612424331 ], [ 141.739678334132549, 32.955236775459362 ] ] ] ] } },
{ "type": "Feature", "properties": { "geogrid_id": "832624324139708160", "seqnum": 30073.0, "lat_c": 32.624323700674182, "lon_c": 139.70816031710331, "res": 8.0, "count_Insects": 3, "count_Birds": 6, "count_Flowering Plants": 2, "count_Sac Fungi": 1, "count_Amphibians": 0, "count_Molluscs": 9, "count_Arachnids": 2, "count_Mosses": 0, "count_Mammals": 1, "count_Basidiomycota": 0, "count_Gymnosperms": 0, "count_Reptiles": 2, "count_Ferns": 3, "unique_species_count": 29.0, "countryCode": "JP" }, "geometry": { "type": "MultiPolygon", "coordinates": [ [ [ [ 140.06015172721996, 33.053559849932007 ], [ 140.265712505841265, 32.595617801298616 ], [ 139.917216358838942, 32.168317235679794 ], [ 139.360833012635823, 32.194810652022518 ], [ 139.151686936034025, 32.651102204832306 ], [ 139.502802783963546, 33.082578934626547 ], [ 140.06015172721996, 33.053559849932007 ] ] ] ] } },
{ "type": "Feature", "properties": { "geogrid_id": "832698464138041437", "seqnum": 29910.0, "lat_c": 32.698464051091584, "lon_c": 138.04143733503847, "res": 8.0, "count_Insects": 0, "count_Birds": 0, "count_Flowering Plants": 1, "count_Sac Fungi": 0, "count_Amphibians": 0, "count_Molluscs": 0, "count_Arachnids": 0, "count_Mosses": 0, "count_Mammals": 0, "count_Basidiomycota": 0, "count_Gymnosperms": 0, "count_Reptiles": 1, "count_Ferns": 0, "unique_species_count": 2.0, "countryCode": "JP" }, "geometry": { "type": "MultiPolygon", "coordinates": [ [ [ [ 138.390796406653124, 33.134250063204739 ], [ 138.596152650211394, 32.675844158071371 ], [ 138.251054255465135, 32.242033944358006 ], [ 137.697438854595958, 32.262573956493142 ], [ 137.487438099594641, 32.718894167655861 ], [ 137.835881798222943, 33.156752541834166 ], [ 138.390796406653124, 33.134250063204739 ] ] ] ] } },
{ "type": "Feature", "properties": { "geogrid_id": "832702354128129692", "seqnum": 28932.0, "lat_c": 32.702353583840157, "lon_c": 128.12969185742949, "res": 8.0, "count_Insects": 1, "count_Birds": 0, "count_Flowering Plants": 11, "count_Sac Fungi": 1, "count_Amphibians": 0, "count_Molluscs": 5, "count_Arachnids": 0, "count_Mosses": 0, "count_Mammals": 0, "count_Basidiomycota": 0, "count_Gymnosperms": 0, "count_Reptiles": 2, "count_Ferns": 0, "unique_species_count": 20.0, "countryCode": "JP" }, "geometry": { "type": "MultiPolygon", "coordinates": [ [ [ [ 128.454493614709463, 33.169639951793876 ], [ 128.678004657636905, 32.72298514749496 ], [ 128.357966623805822, 32.257416594512875 ], [ 127.811431546259243, 32.235295773183168 ], [ 127.581621044475597, 32.679227208022667 ], [ 127.904582601035131, 33.14799499153856 ], [ 128.454493614709463, 33.169639951793876 ] ] ] ] } },
{ "type": "Feature", "properties": { "geogrid_id": "832752979136381250", "seqnum": 29747.0, "lat_c": 32.752978795822756, "lon_c": 136.38124964381117, "res": 8.0, "count_Insects": 0, "count_Birds": 2, "count_Flowering Plants": 0, "count_Sac Fungi": 0, "count_Amphibians": 0, "count_Molluscs": 0, "count_Arachnids": 0, "count_Mosses": 1, "count_Mammals": 0, "count_Basidiomycota": 0, "count_Gymnosperms": 0, "count_Reptiles": 1, "count_Ferns": 0, "unique_species_count": 4.0, "countryCode": "JP" }, "geometry": { "type": "MultiPolygon", "coordinates": [ [ [ [ 136.727735104918906, 33.194831975765204 ], [ 136.934067110811526, 32.737080334088631 ], [ 136.592308041895848, 32.29716661351199 ], [ 136.040648405588797, 32.311118368719924 ], [ 135.828922365954952, 32.766553896755006 ], [ 136.174352389925843, 33.210335785425798 ], [ 136.727735104918906, 33.194831975765204 ] ] ] ] } },
{ "type": "Feature", "properties": { "geogrid_id": "832756776129775339", "seqnum": 29095.0, "lat_c": 32.756776030958413, "lon_c": 129.77533905425514, "res": 8.0, "count_Insects": 104, "count_Birds": 63, "count_Flowering Plants": 116, "count_Sac Fungi": 8, "count_Amphibians": 6, "count_Molluscs": 218, "count_Arachnids": 5, "count_Mosses": 4, "count_Mammals": 3, "count_Basidiomycota": 3, "count_Gymnosperms": 2, "count_Reptiles": 9, "count_Ferns": 13, "unique_species_count": 554.0, "countryCode": "JP" }, "geometry": { "type": "MultiPolygon", "coordinates": [ [ [ [ 130.105409001370418, 33.219478888945687 ], [ 130.324356225451623, 32.769942893321627 ], [ 129.999209967661642, 32.308986100800261 ], [ 129.451856575169103, 32.294257394673132 ], [ 129.22655475904503, 32.741124809351668 ], [ 129.554912763987602, 33.205379240020903 ], [ 130.105409001370418, 33.219478888945687 ] ] ] ] } },
{ "type": "Feature", "properties": { "geogrid_id": "832786622134725533", "seqnum": 29584.0, "lat_c": 32.786621854802526, "lon_c": 134.725533242778, "res": 8.0, "count_Insects": 0, "count_Birds": 0, "count_Flowering Plants": 0, "count_Sac Fungi": 0, "count_Amphibians": 0, "count_Molluscs": 0, "count_Arachnids": 0, "count_Mosses": 0, "count_Mammals": 0, "count_Basidiomycota": 0, "count_Gymnosperms": 0, "count_Reptiles": 1, "count_Ferns": 0, "unique_species_count": 1.0, "countryCode": "JP" }, "geometry": { "type": "MultiPolygon", "coordinates": [ [ [ [ 135.068682769287307, 33.234138289731128 ], [ 135.277031842450413, 32.777776337368678 ], [ 134.938852393691604, 32.332143291117703 ], [ 134.388625058656515, 32.339159018455611 ], [ 134.174389224509326, 32.793070213763656 ], [ 134.516310868407487, 33.242397571576575 ], [ 135.068682769287307, 33.234138289731128 ] ] ] ] } },
{ "type": "Feature", "properties": { "geogrid_id": "832788843131423094", "seqnum": 29258.0, "lat_c": 32.788843476885447, "lon_c": 131.42309433715627, "res": 8.0, "count_Insects": 295, "count_Birds": 54, "count_Flowering Plants": 241, "count_Sac Fungi": 14, "count_Amphibians": 9, "count_Molluscs": 13, "count_Arachnids": 14, "count_Mosses": 72, "count_Mammals": 8, "count_Basidiomycota": 11, "count_Gymnosperms": 3, "count_Reptiles": 7, "count_Ferns": 22, "unique_species_count": 763.0, "countryCode": "JP" }, "geometry": { "type": "MultiPolygon", "coordinates": [ [ [ [ 131.758011024454419, 33.246741123594035 ], [ 131.972823905456778, 32.794589298577918 ], [ 131.642935946169075, 32.338474375840804 ], [ 131.094744167858096, 32.331087693175945 ], [ 130.87360698313185, 32.780630179748911 ], [ 131.206958256896542, 33.240155443215258 ], [ 131.758011024454419, 33.246741123594035 ] ] ] ] } },
{ "type": "Feature", "properties": { "geogrid_id": "832798710133073047", "seqnum": 29421.0, "lat_c": 32.798710159427998, "lon_c": 133.07304736445303, "res": 8.0, "count_Insects": 100, "count_Birds": 24, "count_Flowering Plants": 928, "count_Sac Fungi": 2, "count_Amphibians": 4, "count_Molluscs": 114, "count_Arachnids": 6, "count_Mosses": 12, "count_Mammals": 2, "count_Basidiomycota": 0, "count_Gymnosperms": 6, "count_Reptiles": 7, "count_Ferns": 109, "unique_species_count": 1314.0, "countryCode": "JP" }, "geometry": { "type": "MultiPolygon", "coordinates": [ [ [ [ 133.412337346994605, 33.251557437553785 ], [ 133.623568971408758, 32.797104428677542 ], [ 133.289334270552814, 32.346086011344823 ], [ 132.740216635374026, 32.345962724885361 ], [ 132.52280426671237, 32.797875238525386 ], [ 132.860691962461715, 33.252435098113978 ], [ 133.412337346994605, 33.251557437553785 ] ] ] ] } },
{ "type": "Feature", "properties": { "geogrid_id": "832919389142302789", "seqnum": 30318.0, "lat_c": 32.919388640756083, "lon_c": 142.30278905866692, "res": 8.0, "count_Insects": 0, "count_Birds": 0, "count_Flowering Plants": 0, "count_Sac Fungi": 0, "count_Amphibians": 0, "count_Molluscs": 0, "count_Arachnids": 0, "count_Mosses": 0, "count_Mammals": 0, "count_Basidiomycota": 0, "count_Gymnosperms": 0, "count_Reptiles": 1, "count_Ferns": 0, "unique_species_count": 1.0, "countryCode": "JP" }, "geometry": { "type": "MultiPolygon", "coordinates": [ [ [ [ 142.662944547132412, 33.338578725854212 ], [ 142.868018261323613, 32.88255126443174 ], [ 142.510312805926901, 32.465097105136735 ], [ 141.946581296305084, 32.499578782425111 ], [ 141.739678334132549, 32.955236775459362 ], [ 142.098946864723388, 33.376987553220978 ], [ 142.662944547132412, 33.338578725854212 ] ] ] ] } },
{ "type": "Feature", "properties": { "geogrid_id": "833022557140618610", "seqnum": 30155.0, "lat_c": 33.022556882011244, "lon_c": 140.61861046173141, "res": 8.0, "count_Insects": 0, "count_Birds": 0, "count_Flowering Plants": 1, "count_Sac Fungi": 0, "count_Amphibians": 0, "count_Molluscs": 0, "count_Arachnids": 0, "count_Mosses": 0, "count_Mammals": 0, "count_Basidiomycota": 0, "count_Gymnosperms": 0, "count_Reptiles": 1, "count_Ferns": 0, "unique_species_count": 2.0, "countryCode": "JP" }, "geometry": { "type": "MultiPolygon", "coordinates": [ [ [ [ 140.976576324510745, 33.449282926631312 ], [ 141.178375520184289, 32.989716612424331 ], [ 140.82450520899576, 32.56512547359997 ], [ 140.265712505841265, 32.595617801298616 ], [ 140.06015172721996, 33.053559849932007 ], [ 140.417563885540062, 33.482665396132241 ], [ 140.976576324510745, 33.449282926631312 ] ] ] ] } },
{ "type": "Feature", "properties": { "geogrid_id": "833109504138946398", "seqnum": 29992.0, "lat_c": 33.109503772671161, "lon_c": 138.9463976049889, "res": 8.0, "count_Insects": 0, "count_Birds": 2, "count_Flowering Plants": 0, "count_Sac Fungi": 0, "count_Amphibians": 0, "count_Molluscs": 0, "count_Arachnids": 0, "count_Mosses": 0, "count_Mammals": 0, "count_Basidiomycota": 0, "count_Gymnosperms": 0, "count_Reptiles": 1, "count_Ferns": 0, "unique_species_count": 3.0, "countryCode": "JP" }, "geometry": { "type": "MultiPolygon", "coordinates": [ [ [ [ 139.302684197069766, 33.543142913098649 ], [ 139.502802783963546, 33.082578934626547 ], [ 139.151686936034025, 32.651102204832306 ], [ 138.596152650211394, 32.675844158071371 ], [ 138.390796406653124, 33.134250063204739 ], [ 138.746460912892871, 33.570051269312053 ], [ 139.302684197069766, 33.543142913098649 ] ] ] ] } },
{ "type": "Feature", "properties": { "geogrid_id": "833176960137281555", "seqnum": 29829.0, "lat_c": 33.176960042406591, "lon_c": 137.2815554261098, "res": 8.0, "count_Insects": 0, "count_Birds": 0, "count_Flowering Plants": 1, "count_Sac Fungi": 0, "count_Amphibians": 0, "count_Molluscs": 0, "count_Arachnids": 0, "count_Mosses": 0, "count_Mammals": 0, "count_Basidiomycota": 0, "count_Gymnosperms": 0, "count_Reptiles": 1, "count_Ferns": 0, "unique_species_count": 2.0, "countryCode": "JP" }, "geometry": { "type": "MultiPolygon", "coordinates": [ [ [ [ 137.63578543985281, 33.616902467603218 ], [ 137.835881798222943, 33.156752541834166 ], [ 137.487438099594641, 32.718894167655861 ], [ 136.934067110811526, 32.737080334088631 ], [ 136.727735104918906, 33.194831975765204 ], [ 137.081137928609536, 33.636763930486453 ], [ 137.63578543985281, 33.616902467603218 ] ] ] ] } },
{ "type": "Feature", "properties": { "geogrid_id": "833188767129004606", "seqnum": 29014.0, "lat_c": 33.188767227535827, "lon_c": 129.00460591467888, "res": 8.0, "count_Insects": 12, "count_Birds": 3, "count_Flowering Plants": 5, "count_Sac Fungi": 1, "count_Amphibians": 0, "count_Molluscs": 91, "count_Arachnids": 1, "count_Mosses": 0, "count_Mammals": 1, "count_Basidiomycota": 0, "count_Gymnosperms": 0, "count_Reptiles": 2, "count_Ferns": 1, "unique_species_count": 117.0, "countryCode": "JP" }, "geometry": { "type": "MultiPolygon", "coordinates": [ [ [ [ 129.338703344839274, 33.654779773564918 ], [ 129.554912763987602, 33.205379240020903 ], [ 129.22655475904503, 32.741124809351668 ], [ 128.678004657636905, 32.72298514749496 ], [ 128.454493614709463, 33.169639951793876 ], [ 128.786753103121896, 33.637170983499608 ], [ 129.338703344839274, 33.654779773564918 ] ] ] ] } },
{ "type": "Feature", "properties": { "geogrid_id": "833223445135621351", "seqnum": 29666.0, "lat_c": 33.223445086610901, "lon_c": 135.62135053366444, "res": 8.0, "count_Insects": 35, "count_Birds": 15, "count_Flowering Plants": 57, "count_Sac Fungi": 3, "count_Amphibians": 1, "count_Molluscs": 404, "count_Arachnids": 2, "count_Mosses": 15, "count_Mammals": 7, "count_Basidiomycota": 2, "count_Gymnosperms": 2, "count_Reptiles": 5, "count_Ferns": 2, "unique_species_count": 550.0, "countryCode": "JP" }, "geometry": { "type": "MultiPolygon", "coordinates": [ [ [ [ 135.972863031644806, 33.669216470694998 ], [ 136.174352389925843, 33.210335785425798 ], [ 135.828922365954952, 32.766553896755006 ], [ 135.277031842450413, 32.777776337368678 ], [ 135.068682769287307, 33.234138289731128 ], [ 135.419131031554514, 33.681767041126982 ], [ 135.972863031644806, 33.669216470694998 ] ] ] ] } },
{ "type": "Feature", "properties": { "geogrid_id": "833231070130656091", "seqnum": 29177.0, "lat_c": 33.231069609619247, "lon_c": 130.65609126639669, "res": 8.0, "count_Insects": 331, "count_Birds": 140, "count_Flowering Plants": 283, "count_Sac Fungi": 15, "count_Amphibians": 9, "count_Molluscs": 36, "count_Arachnids": 44, "count_Mosses": 71, "count_Mammals": 11, "count_Basidiomycota": 43, "count_Gymnosperms": 5, "count_Reptiles": 14, "count_Ferns": 17, "unique_species_count": 1019.0, "countryCode": "JP" }, "geometry": { "type": "MultiPolygon", "coordinates": [ [ [ [ 130.995396189683959, 33.692387804933908 ], [ 131.206958256896542, 33.240155443215258 ], [ 130.87360698313185, 32.780630179748911 ], [ 130.324356225451623, 32.769942893321627 ], [ 130.105409001370418, 33.219478888945687 ], [ 130.443031909326123, 33.68238558733686 ], [ 130.995396189683959, 33.692387804933908 ] ] ] ] } },
{ "type": "Feature", "properties": { "geogrid_id": "833248208133964204", "seqnum": 29503.0, "lat_c": 33.248208098952489, "lon_c": 133.96420392789503, "res": 8.0, "count_Insects": 467, "count_Birds": 60, "count_Flowering Plants": 1083, "count_Sac Fungi": 1, "count_Amphibians": 6, "count_Molluscs": 386, "count_Arachnids": 34, "count_Mosses": 6, "count_Mammals": 6, "count_Basidiomycota": 10, "count_Gymnosperms": 11, "count_Reptiles": 11, "count_Ferns": 130, "unique_species_count": 2211.0, "countryCode": "JP" }, "geometry": { "type": "MultiPolygon", "coordinates": [ [ [ [ 134.312290636478906, 33.699441993280153 ], [ 134.516310868407487, 33.242397571576575 ], [ 134.174389224509326, 32.793070213763656 ], [ 133.623568971408758, 32.797104428677542 ], [ 133.412337346994605, 33.251557437553785 ], [ 133.759130680898636, 33.704543919199835 ], [ 134.312290636478906, 33.699441993280153 ] ] ] ] } },
{ "type": "Feature", "properties": { "geogrid_id": "833250832132309253", "seqnum": 29340.0, "lat_c": 33.250832185223288, "lon_c": 132.30925331493643, "res": 8.0, "count_Insects": 52, "count_Birds": 19, "count_Flowering Plants": 217, "count_Sac Fungi": 3, "count_Amphibians": 1, "count_Molluscs": 19, "count_Arachnids": 4, "count_Mosses": 6, "count_Mammals": 1, "count_Basidiomycota": 3, "count_Gymnosperms": 3, "count_Reptiles": 2, "count_Ferns": 19, "unique_species_count": 349.0, "countryCode": "JP" }, "geometry": { "type": "MultiPolygon", "coordinates": [ [ [ [ 132.653247166274497, 33.707233411699008 ], [ 132.860691962461715, 33.252435098113978 ], [ 132.52280426671237, 32.797875238525386 ], [ 131.972823905456778, 32.794589298577918 ], [ 131.758011024454419, 33.246741123594035 ], [ 132.100504313580956, 33.70480751001972 ], [ 132.653247166274497, 33.707233411699008 ] ] ] ] } },
{ "type": "Feature", "properties": { "geogrid_id": "833299198143229351", "seqnum": 30400.0, "lat_c": 33.299197919915322, "lon_c": 143.22935113705901, "res": 8.0, "count_Insects": 0, "count_Birds": 2, "count_Flowering Plants": 0, "count_Sac Fungi": 0, "count_Amphibians": 0, "count_Molluscs": 0, "count_Arachnids": 0, "count_Mosses": 0, "count_Mammals": 0, "count_Basidiomycota": 0, "count_Gymnosperms": 0, "count_Reptiles": 1, "count_Ferns": 0, "unique_species_count": 3.0, "countryCode": "JP" }, "geometry": { "type": "MultiPolygon", "coordinates": [ [ [ [ 143.594633263768941, 33.715151176507348 ], [ 143.798651279717149, 33.259504020978682 ], [ 143.435713104398189, 32.845265117385146 ], [ 142.868018261323613, 32.88255126443174 ], [ 142.662944547132412, 33.338578725854212 ], [ 143.027570112912457, 33.75732015457104 ], [ 143.594633263768941, 33.715151176507348 ] ] ] ] } },
{ "type": "Feature", "properties": { "geogrid_id": "833413988141536941", "seqnum": 30237.0, "lat_c": 33.413987956773667, "lon_c": 141.53694075936278, "res": 8.0, "count_Insects": 0, "count_Birds": 1, "count_Flowering Plants": 2, "count_Sac Fungi": 0, "count_Amphibians": 0, "count_Molluscs": 0, "count_Arachnids": 0, "count_Mosses": 0, "count_Mammals": 0, "count_Basidiomycota": 0, "count_Gymnosperms": 0, "count_Reptiles": 1, "count_Ferns": 0, "unique_species_count": 4.0, "countryCode": "JP" }, "geometry": { "type": "MultiPolygon", "coordinates": [ [ [ [ 141.901098293707946, 33.838149545995421 ], [ 142.098946864723388, 33.376987553220978 ], [ 141.739678334132549, 32.955236775459362 ], [ 141.178375520184289, 32.989716612424331 ], [ 140.976576324510745, 33.449282926631312 ], [ 141.340656873840828, 33.876000508496169 ], [ 141.901098293707946, 33.838149545995421 ] ] ] ] } },
{ "type": "Feature", "properties": { "geogrid_id": "833513988139859665", "seqnum": 30074.0, "lat_c": 33.513987813134527, "lon_c": 139.85966505948724, "res": 8.0, "count_Insects": 50, "count_Birds": 31, "count_Flowering Plants": 32, "count_Sac Fungi": 7, "count_Amphibians": 1, "count_Molluscs": 366, "count_Arachnids": 3, "count_Mosses": 6, "count_Mammals": 2, "count_Basidiomycota": 4, "count_Gymnosperms": 0, "count_Reptiles": 4, "count_Ferns": 6, "unique_species_count": 512.0, "countryCode": "JP" }, "geometry": { "type": "MultiPolygon", "coordinates": [ [ [ [ 140.223535374697491, 33.945500881131437 ], [ 140.417563885540062, 33.482665396132241 ], [ 140.06015172721996, 33.053559849932007 ], [ 139.502802783963546, 33.082578934626547 ], [ 139.302684197069766, 33.543142913098649 ], [ 139.666344642167275, 33.976913368518694 ], [ 140.223535374697491, 33.945500881131437 ] ] ] ] } },
{ "type": "Feature", "properties": { "geogrid_id": "833594653138190864", "seqnum": 29911.0, "lat_c": 33.594653052486862, "lon_c": 138.19086382938164, "res": 8.0, "count_Insects": 0, "count_Birds": 1, "count_Flowering Plants": 0, "count_Sac Fungi": 0, "count_Amphibians": 0, "count_Molluscs": 0, "count_Arachnids": 0, "count_Mosses": 0, "count_Mammals": 0, "count_Basidiomycota": 0, "count_Gymnosperms": 0, "count_Reptiles": 1, "count_Ferns": 0, "unique_species_count": 2.0, "countryCode": "JP" }, "geometry": { "type": "MultiPolygon", "coordinates": [ [ [ [ 138.553800991070204, 34.03270788905062 ], [ 138.746460912892871, 33.570051269312053 ], [ 138.390796406653124, 33.134250063204739 ], [ 137.835881798222943, 33.156752541834166 ], [ 137.63578543985281, 33.616902467603218 ], [ 137.998194259273248, 34.057002020392098 ], [ 138.553800991070204, 34.03270788905062 ] ] ] ] } },
{ "type": "Feature", "properties": { "geogrid_id": "833617022128234958", "seqnum": 28933.0, "lat_c": 33.617022171073685, "lon_c": 128.23495757973572, "res": 8.0, "count_Insects": 0, "count_Birds": 0, "count_Flowering Plants": 0, "count_Sac Fungi": 0, "count_Amphibians": 0, "count_Molluscs": 0, "count_Arachnids": 0, "count_Mosses": 0, "count_Mammals": 0, "count_Basidiomycota": 0, "count_Gymnosperms": 0, "count_Reptiles": 1, "count_Ferns": 0, "unique_species_count": 1.0, "countryCode": "JP" }, "geometry": { "type": "MultiPolygon", "coordinates": [ [ [ [ 128.573848456679002, 34.086307279541963 ], [ 128.786753103121896, 33.637170983499608 ], [ 128.454493614709463, 33.169639951793876 ], [ 127.904582601035131, 33.14799499153856 ], [ 127.683327473522311, 33.594331726261402 ], [ 128.020214322303787, 34.065106724527624 ], [ 128.573848456679002, 34.086307279541963 ] ] ] ] } },
{ "type": "Feature", "properties": { "geogrid_id": "833654209136526850", "seqnum": 29748.0, "lat_c": 33.654209397155462, "lon_c": 136.52684978069277, "res": 8.0, "count_Insects": 4, "count_Birds": 3, "count_Flowering Plants": 0, "count_Sac Fungi": 0, "count_Amphibians": 0, "count_Molluscs": 175, "count_Arachnids": 0, "count_Mosses": 1, "count_Mammals": 3, "count_Basidiomycota": 0, "count_Gymnosperms": 0, "count_Reptiles": 1, "count_Ferns": 2, "unique_species_count": 189.0, "countryCode": "JP" }, "geometry": { "type": "MultiPolygon", "coordinates": [ [ [ [ 136.887861237915132, 34.098239018898255 ], [ 137.081137928609536, 33.636763930486453 ], [ 136.727735104918906, 33.194831975765204 ], [ 136.174352389925843, 33.210335785425798 ], [ 135.972863031644806, 33.669216470694998 ], [ 136.333009325128103, 34.115142459931519 ], [ 136.887861237915132, 34.098239018898255 ] ] ] ] } },
{ "type": "Feature", "properties": { "geogrid_id": "833669851129890799", "seqnum": 29096.0, "lat_c": 33.669850516429641, "lon_c": 129.89079891008953, "res": 8.0, "count_Insects": 400, "count_Birds": 111, "count_Flowering Plants": 242, "count_Sac Fungi": 10, "count_Amphibians": 9, "count_Molluscs": 130, "count_Arachnids": 30, "count_Mosses": 6, "count_Mammals": 4, "count_Basidiomycota": 20, "count_Gymnosperms": 3, "count_Reptiles": 11, "count_Ferns": 4, "unique_species_count": 980.0, "countryCode": "JP" }, "geometry": { "type": "MultiPolygon", "coordinates": [ [ [ [ 130.235396000706459, 34.134537498196373 ], [ 130.443031909326123, 33.68238558733686 ], [ 130.105409001370418, 33.219478888945687 ], [ 129.554912763987602, 33.205379240020903 ], [ 129.338703344839274, 33.654779773564918 ], [ 129.681452610323788, 34.121021192492535 ], [ 130.235396000706459, 34.134537498196373 ] ] ] ] } },
{ "type": "Feature", "properties": { "geogrid_id": "833672787144165146", "seqnum": 30482.0, "lat_c": 33.672786724386668, "lon_c": 144.16514609256521, "res": 8.0, "count_Insects": 0, "count_Birds": 0, "count_Flowering Plants": 0, "count_Sac Fungi": 0, "count_Amphibians": 0, "count_Molluscs": 0, "count_Arachnids": 0, "count_Mosses": 0, "count_Mammals": 0, "count_Basidiomycota": 0, "count_Gymnosperms": 0, "count_Reptiles": 1, "count_Ferns": 0, "unique_species_count": 1.0, "countryCode": "JP" }, "geometry": { "type": "MultiPolygon", "coordinates": [ [ [ [ 144.535443077573973, 34.08520423767569 ], [ 144.739925858037793, 33.63160888773249 ], [ 144.371375715254231, 33.220522438352823 ], [ 143.798651279717149, 33.259504020978682 ], [ 143.594633263768941, 33.715151176507348 ], [ 143.964453446040892, 34.130636217961474 ], [ 144.535443077573973, 34.08520423767569 ] ] ] ] } },
{ "type": "Feature", "properties": { "geogrid_id": "833691846134865617", "seqnum": 29585.0, "lat_c": 33.691846296123522, "lon_c": 134.86561662095787, "res": 8.0, "count_Insects": 46, "count_Birds": 39, "count_Flowering Plants": 119, "count_Sac Fungi": 5, "count_Amphibians": 5, "count_Molluscs": 498, "count_Arachnids": 4, "count_Mosses": 2, "count_Mammals": 0, "count_Basidiomycota": 5, "count_Gymnosperms": 5, "count_Reptiles": 8, "count_Ferns": 23, "unique_species_count": 759.0, "countryCode": "JP" }, "geometry": { "type": "MultiPolygon", "coordinates": [ [ [ [ 135.223717587608547, 34.14144872096977 ], [ 135.419131031554514, 33.681767041126982 ], [ 135.068682769287307, 33.234138289731128 ], [ 134.516310868407487, 33.242397571576575 ], [ 134.312290636478906, 33.699441993280153 ], [ 134.669220261499618, 34.15083083763907 ], [ 135.223717587608547, 34.14144872096977 ] ] ] ] } },
{ "type": "Feature", "properties": { "geogrid_id": "833699860131547888", "seqnum": 29259.0, "lat_c": 33.69986048533351, "lon_c": 131.54788760243642, "res": 8.0, "count_Insects": 169, "count_Birds": 50, "count_Flowering Plants": 228, "count_Sac Fungi": 15, "count_Amphibians": 8, "count_Molluscs": 36, "count_Arachnids": 12, "count_Mosses": 16, "count_Mammals": 5, "count_Basidiomycota": 7, "count_Gymnosperms": 2, "count_Reptiles": 10, "count_Ferns": 11, "unique_species_count": 569.0, "countryCode": "JP" }, "geometry": { "type": "MultiPolygon", "coordinates": [ [ [ [ 131.897660079334088, 34.159748337733767 ], [ 132.100504313580956, 33.70480751001972 ], [ 131.758011024454419, 33.246741123594035 ], [ 131.206958256896542, 33.240155443215258 ], [ 130.995396189683959, 33.692387804933908 ], [ 131.343508650222589, 34.153898577823746 ], [ 131.897660079334088, 34.159748337733767 ] ] ] ] } },
{ "type": "Feature", "properties": { "geogrid_id": "833707143133206120", "seqnum": 29422.0, "lat_c": 33.707143483551846, "lon_c": 133.20612010587379, "res": 8.0, "count_Insects": 620, "count_Birds": 93, "count_Flowering Plants": 1489, "count_Sac Fungi": 21, "count_Amphibians": 12, "count_Molluscs": 190, "count_Arachnids": 38, "count_Mosses": 46, "count_Mammals": 10, "count_Basidiomycota": 34, "count_Gymnosperms": 19, "count_Reptiles": 14, "count_Ferns": 168, "unique_species_count": 2754.0, "countryCode": "JP" }, "geometry": { "type": "MultiPolygon", "coordinates": [ [ [ [ 133.560433079751192, 34.162013578507079 ], [ 133.759130680898636, 33.704543919199835 ], [ 133.412337346994605, 33.251557437553785 ], [ 132.860691962461715, 33.252435098113978 ], [ 132.653247166274497, 33.707233411699008 ], [ 133.006124190628157, 34.163801946469484 ], [ 133.560433079751192, 34.162013578507079 ] ] ] ] } },
{ "type": "Feature", "properties": { "geogrid_id": "833798485142463250", "seqnum": 30319.0, "lat_c": 33.798484593255544, "lon_c": 142.46325014055097, "res": 8.0, "count_Insects": 0, "count_Birds": 2, "count_Flowering Plants": 0, "count_Sac Fungi": 0, "count_Amphibians": 0, "count_Molluscs": 0, "count_Arachnids": 0, "count_Mosses": 0, "count_Mammals": 0, "count_Basidiomycota": 0, "count_Gymnosperms": 0, "count_Reptiles": 1, "count_Ferns": 0, "unique_species_count": 3.0, "countryCode": "JP" }, "geometry": { "type": "MultiPolygon", "coordinates": [ [ [ [ 142.833889666628295, 34.220046749529907 ], [ 143.027570112912457, 33.75732015457104 ], [ 142.662944547132412, 33.338578725854212 ], [ 142.098946864723388, 33.376987553220978 ], [ 141.901098293707946, 33.838149545995421 ], [ 142.272422771150758, 34.262506259314385 ], [ 142.833889666628295, 34.220046749529907 ] ] ] ] } },
{ "type": "Feature", "properties": { "geogrid_id": "833911831140781564", "seqnum": 30156.0, "lat_c": 33.91183088193435, "lon_c": 140.7815643235472, "res": 8.0, "count_Insects": 0, "count_Birds": 0, "count_Flowering Plants": 0, "count_Sac Fungi": 0, "count_Amphibians": 0, "count_Molluscs": 0, "count_Arachnids": 0, "count_Mosses": 0, "count_Mammals": 0, "count_Basidiomycota": 0, "count_Gymnosperms": 0, "count_Reptiles": 1, "count_Ferns": 0, "unique_species_count": 1.0, "countryCode": "JP" }, "geometry": { "type": "MultiPolygon", "coordinates": [ [ [ [ 141.154084182490038, 34.341290181738557 ], [ 141.340656873840828, 33.876000508496169 ], [ 140.976576324510745, 33.449282926631312 ], [ 140.417563885540062, 33.482665396132241 ], [ 140.223535374697491, 33.945500881131437 ], [ 140.596445188085994, 34.377311619094108 ], [ 141.154084182490038, 34.341290181738557 ] ] ] ] } },
{ "type": "Feature", "properties": { "geogrid_id": "834005999139109814", "seqnum": 29993.0, "lat_c": 34.005999169523491, "lon_c": 139.10981368546919, "res": 8.0, "count_Insects": 65, "count_Birds": 53, "count_Flowering Plants": 98, "count_Sac Fungi": 3, "count_Amphibians": 1, "count_Molluscs": 139, "count_Arachnids": 5, "count_Mosses": 6, "count_Mammals": 6, "count_Basidiomycota": 7, "count_Gymnosperms": 1, "count_Reptiles": 6, "count_Ferns": 5, "unique_species_count": 395.0, "countryCode": "JP" }, "geometry": { "type": "MultiPolygon", "coordinates": [ [ [ [ 139.48297845965979, 34.442214415710573 ], [ 139.666344642167275, 33.976913368518694 ], [ 139.302684197069766, 33.543142913098649 ], [ 138.746460912892871, 33.570051269312053 ], [ 138.553800991070204, 34.03270788905062 ], [ 138.926824598186812, 34.471007462761676 ], [ 139.48297845965979, 34.442214415710573 ] ] ] ] } },
{ "type": "Feature", "properties": { "geogrid_id": "834078853137442904", "seqnum": 29830.0, "lat_c": 34.078853079856664, "lon_c": 137.44290446078182, "res": 8.0, "count_Insects": 0, "count_Birds": 0, "count_Flowering Plants": 0, "count_Sac Fungi": 0, "count_Amphibians": 0, "count_Molluscs": 1, "count_Arachnids": 0, "count_Mosses": 0, "count_Mammals": 0, "count_Basidiomycota": 0, "count_Gymnosperms": 0, "count_Reptiles": 1, "count_Ferns": 0, "unique_species_count": 2.0, "countryCode": "JP" }, "geometry": { "type": "MultiPolygon", "coordinates": [ [ [ [ 137.815132771031415, 34.521142151091027 ], [ 137.998194259273248, 34.057002020392098 ], [ 137.63578543985281, 33.616902467603218 ], [ 137.081137928609536, 33.636763930486453 ], [ 136.887861237915132, 34.098239018898255 ], [ 137.259452040486735, 34.54244929367961 ], [ 137.815132771031415, 34.521142151091027 ] ] ] ] } },
{ "type": "Feature", "properties": { "geogrid_id": "834104945129127599", "seqnum": 29015.0, "lat_c": 34.104944994531422, "lon_c": 129.12759918250404, "res": 8.0, "count_Insects": 58, "count_Birds": 9, "count_Flowering Plants": 7, "count_Sac Fungi": 1, "count_Amphibians": 6, "count_Molluscs": 4, "count_Arachnids": 2, "count_Mosses": 7, "count_Mammals": 2, "count_Basidiomycota": 1, "count_Gymnosperms": 1, "count_Reptiles": 2, "count_Ferns": 0, "unique_species_count": 100.0, "countryCode": "JP" }, "geometry": { "type": "MultiPolygon", "coordinates": [ [ [ [ 129.478439941617523, 34.572931105617407 ], [ 129.681452610323788, 34.121021192492535 ], [ 129.338703344839274, 33.654779773564918 ], [ 128.786753103121896, 33.637170983499608 ], [ 128.573848456679002, 34.086307279541963 ], [ 128.922622447268793, 34.55582127348422 ], [ 129.478439941617523, 34.572931105617407 ] ] ] ] } },
{ "type": "Feature", "properties": { "geogrid_id": "834129549135778306", "seqnum": 29667.0, "lat_c": 34.129549473942411, "lon_c": 135.77830574377879, "res": 8.0, "count_Insects": 653, "count_Birds": 83, "count_Flowering Plants": 387, "count_Sac Fungi": 50, "count_Amphibians": 12, "count_Molluscs": 62, "count_Arachnids": 28, "count_Mosses": 92, "count_Mammals": 7, "count_Basidiomycota": 277, "count_Gymnosperms": 13, "count_Reptiles": 15, "count_Ferns": 32, "unique_species_count": 1711.0, "countryCode": "JP" }, "geometry": { "type": "MultiPolygon", "coordinates": [ [ [ [ 136.148188094590921, 34.577483466910522 ], [ 136.333009325128103, 34.115142459931519 ], [ 135.972863031644806, 33.669216470694998 ], [ 135.419131031554514, 33.681767041126982 ], [ 135.223717587608547, 34.14144872096977 ], [ 135.59254737915694, 34.591193216156455 ], [ 136.148188094590921, 34.577483466910522 ] ] ] ] } },
{ "type": "Feature", "properties": { "geogrid_id": "834145496130789418", "seqnum": 29178.0, "lat_c": 34.145495860065253, "lon_c": 130.78941795715761, "res": 8.0, "count_Insects": 177, "count_Birds": 63, "count_Flowering Plants": 236, "count_Sac Fungi": 7, "count_Amphibians": 6, "count_Molluscs": 80, "count_Arachnids": 9, "count_Mosses": 9, "count_Mammals": 11, "count_Basidiomycota": 2, "count_Gymnosperms": 3, "count_Reptiles": 10, "count_Ferns": 6, "unique_species_count": 619.0, "countryCode": "JP" }, "geometry": { "type": "MultiPolygon", "coordinates": [ [ [ [ 131.146106459664026, 34.608775178996851 ], [ 131.343508650222589, 34.153898577823746 ], [ 130.995396189683959, 33.692387804933908 ], [ 130.443031909326123, 33.68238558733686 ], [ 130.235396000706459, 34.134537498196373 ], [ 130.590198188242198, 34.599406493902372 ], [ 131.146106459664026, 34.608775178996851 ] ] ] ] } },
{ "type": "Feature", "properties": { "geogrid_id": "834157688134114796", "seqnum": 29504.0, "lat_c": 34.157687995424027, "lon_c": 134.11479607028943, "res": 8.0, "count_Insects": 403, "count_Birds": 83, "count_Flowering Plants": 767, "count_Sac Fungi": 11, "count_Amphibians": 13, "count_Molluscs": 31, "count_Arachnids": 22, "count_Mosses": 28, "count_Mammals": 9, "count_Basidiomycota": 15, "count_Gymnosperms": 17, "count_Reptiles": 12, "count_Ferns": 62, "unique_species_count": 1473.0, "countryCode": "JP" }, "geometry": { "type": "MultiPolygon", "coordinates": [ [ [ [ 134.481167156736547, 34.610964963800804 ], [ 134.669220261499618, 34.15083083763907 ], [ 134.312290636478906, 33.699441993280153 ], [ 133.759130680898636, 33.704543919199835 ], [ 133.560433079751192, 34.162013578507079 ], [ 133.925413776965286, 34.617016520786521 ], [ 134.481167156736547, 34.610964963800804 ] ] ] ] } },
{ "type": "Feature", "properties": { "geogrid_id": "834163048132451866", "seqnum": 29341.0, "lat_c": 34.163048257836429, "lon_c": 132.45186638057876, "res": 8.0, "count_Insects": 278, "count_Birds": 89, "count_Flowering Plants": 198, "count_Sac Fungi": 6, "count_Amphibians": 14, "count_Molluscs": 42, "count_Arachnids": 22, "count_Mosses": 66, "count_Mammals": 7, "count_Basidiomycota": 25, "count_Gymnosperms": 7, "count_Reptiles": 16, "count_Ferns": 12, "unique_species_count": 782.0, "countryCode": "JP" }, "geometry": { "type": "MultiPolygon", "coordinates": [ [ [ [ 132.813779773943565, 34.621429739500563 ], [ 133.006124190628157, 34.163801946469484 ], [ 132.653247166274497, 33.707233411699008 ], [ 132.100504313580956, 33.70480751001972 ], [ 131.897660079334088, 34.159748337733767 ], [ 132.25790931480941, 34.619784388443819 ], [ 132.813779773943565, 34.621429739500563 ] ] ] ] } },
{ "type": "Feature", "properties": { "geogrid_id": "834175912143397630", "seqnum": 30401.0, "lat_c": 34.175911829344059, "lon_c": 143.39763046570994, "res": 8.0, "count_Insects": 0, "count_Birds": 1, "count_Flowering Plants": 0, "count_Sac Fungi": 0, "count_Amphibians": 0, "count_Molluscs": 0, "count_Arachnids": 0, "count_Mosses": 0, "count_Mammals": 1, "count_Basidiomycota": 0, "count_Gymnosperms": 0, "count_Reptiles": 1, "count_Ferns": 0, "unique_species_count": 3.0, "countryCode": "JP" }, "geometry": { "type": "MultiPolygon", "coordinates": [ [ [ [ 143.775247789704139, 34.59489328644927 ], [ 143.964453446040892, 34.130636217961474 ], [ 143.594633263768941, 33.715151176507348 ], [ 143.027570112912457, 33.75732015457104 ], [ 142.833889666628295, 34.220046749529907 ], [ 143.213571103422396, 34.642172073392146 ], [ 143.775247789704139, 34.59489328644927 ] ] ] ] } },
{ "type": "Feature", "properties": { "geogrid_id": "834302983141712634", "seqnum": 30238.0, "lat_c": 34.302982688086928, "lon_c": 141.71263425726789, "res": 8.0, "count_Insects": 0, "count_Birds": 0, "count_Flowering Plants": 0, "count_Sac Fungi": 0, "count_Amphibians": 0, "count_Molluscs": 0, "count_Arachnids": 0, "count_Mosses": 0, "count_Mammals": 0, "count_Basidiomycota": 0, "count_Gymnosperms": 0, "count_Reptiles": 1, "count_Ferns": 0, "unique_species_count": 1.0, "countryCode": "JP" }, "geometry": { "type": "MultiPolygon", "coordinates": [ [ [ [ 142.095853139310606, 34.730549420839907 ], [ 142.272422771150758, 34.262506259314385 ], [ 141.901098293707946, 33.838149545995421 ], [ 141.340656873840828, 33.876000508496169 ], [ 141.154084182490038, 34.341290181738557 ], [ 141.538595424761127, 34.771274731328269 ], [ 142.095853139310606, 34.730549420839907 ] ] ] ] } },
{ "type": "Feature", "properties": { "geogrid_id": "834410970140039472", "seqnum": 30075.0, "lat_c": 34.41097034533928, "lon_c": 140.03947175224991, "res": 8.0, "count_Insects": 0, "count_Birds": 6, "count_Flowering Plants": 0, "count_Sac Fungi": 0, "count_Amphibians": 0, "count_Molluscs": 1, "count_Arachnids": 0, "count_Mosses": 0, "count_Mammals": 1, "count_Basidiomycota": 0, "count_Gymnosperms": 0, "count_Reptiles": 1, "count_Ferns": 0, "unique_species_count": 9.0, "countryCode": "JP" }, "geometry": { "type": "MultiPolygon", "coordinates": [ [ [ [ 140.425567891719339, 34.845404146537078 ], [ 140.596445188085994, 34.377311619094108 ], [ 140.223535374697491, 33.945500881131437 ], [ 139.666344642167275, 33.976913368518694 ], [ 139.48297845965979, 34.442214415710573 ], [ 139.869404303040568, 34.878735490358295 ], [ 140.425567891719339, 34.845404146537078 ] ] ] ] } },
{ "type": "Feature", "properties": { "geogrid_id": "834497323138370903", "seqnum": 29912.0, "lat_c": 34.497323221663244, "lon_c": 138.37090314068072, "res": 8.0, "count_Insects": 135, "count_Birds": 56, "count_Flowering Plants": 346, "count_Sac Fungi": 7, "count_Amphibians": 4, "count_Molluscs": 482, "count_Arachnids": 10, "count_Mosses": 5, "count_Mammals": 7, "count_Basidiomycota": 7, "count_Gymnosperms": 6, "count_Reptiles": 10, "count_Ferns": 15, "unique_species_count": 1090.0, "countryCode": "JP" }, "geometry": { "type": "MultiPolygon", "coordinates": [ [ [ [ 138.757185932071593, 34.937831766027266 ], [ 138.926824598186812, 34.471007462761676 ], [ 138.553800991070204, 34.03270788905062 ], [ 137.998194259273248, 34.057002020392098 ], [ 137.815132771031415, 34.521142151091027 ], [ 138.200991135735222, 34.963572642250462 ], [ 138.757185932071593, 34.937831766027266 ] ] ] ] } },
{ "type": "Feature", "properties": { "geogrid_id": "834546132144340166", "seqnum": 30483.0, "lat_c": 34.546132146234278, "lon_c": 144.34016606936152, "res": 8.0, "count_Insects": 0, "count_Birds": 1, "count_Flowering Plants": 0, "count_Sac Fungi": 0, "count_Amphibians": 0, "count_Molluscs": 0, "count_Arachnids": 0, "count_Mosses": 0, "count_Mammals": 1, "count_Basidiomycota": 0, "count_Gymnosperms": 0, "count_Reptiles": 1, "count_Ferns": 0, "unique_species_count": 3.0, "countryCode": "JP" }, "geometry": { "type": "MultiPolygon", "coordinates": [ [ [ [ 144.726116957447601, 34.962747104086084 ], [ 144.910072677006752, 34.497003391124935 ], [ 144.535443077573973, 34.08520423767569 ], [ 143.964453446040892, 34.130636217961474 ], [ 143.775247789704139, 34.59489328644927 ], [ 144.166383360970769, 35.015193960165263 ], [ 144.726116957447601, 34.962747104086084 ] ] ] ] } },
{ "type": "Feature", "properties": { "geogrid_id": "834561233136703815", "seqnum": 29749.0, "lat_c": 34.561232890653621, "lon_c": 136.70381503063223, "res": 8.0, "count_Insects": 334, "count_Birds": 105, "count_Flowering Plants": 291, "count_Sac Fungi": 7, "count_Amphibians": 9, "count_Molluscs": 616, "count_Arachnids": 29, "count_Mosses": 30, "count_Mammals": 9, "count_Basidiomycota": 25, "count_Gymnosperms": 1, "count_Reptiles": 15, "count_Ferns": 21, "unique_species_count": 1492.0, "countryCode": "JP" }, "geometry": { "type": "MultiPolygon", "coordinates": [ [ [ [ 137.088225689423325, 35.007398297953912 ], [ 137.259452040486735, 34.54244929367961 ], [ 136.887861237915132, 34.098239018898255 ], [ 136.333009325128103, 34.115142459931519 ], [ 136.148188094590921, 34.577483466910522 ], [ 136.531612030320304, 35.025470607751011 ], [ 137.088225689423325, 35.007398297953912 ] ] ] ] } },
{ "type": "Feature", "properties": { "geogrid_id": "834587459130034304", "seqnum": 29097.0, "lat_c": 34.587459034427994, "lon_c": 130.03430411331118, "res": 8.0, "count_Insects": 0, "count_Birds": 2, "count_Flowering Plants": 1, "count_Sac Fungi": 0, "count_Amphibians": 0, "count_Molluscs": 1, "count_Arachnids": 0, "count_Mosses": 0, "count_Mammals": 0, "count_Basidiomycota": 0, "count_Gymnosperms": 0, "count_Reptiles": 0, "count_Ferns": 0, "unique_species_count": 4.0, "countryCode": "JP" }, "geometry": { "type": "MultiPolygon", "coordinates": [ [ [ [ 130.399103737768797, 35.05401044110107 ], [ 130.590198188242198, 34.599406493902372 ], [ 130.235396000706459, 34.134537498196373 ], [ 129.681452610323788, 34.121021192492535 ], [ 129.478439941617523, 34.572931105617407 ], [ 129.841055055894969, 35.041051379643378 ], [ 130.399103737768797, 35.05401044110107 ] ] ] ] } },
{ "type": "Feature", "properties": { "geogrid_id": "834602356135036877", "seqnum": 29586.0, "lat_c": 34.602355581247473, "lon_c": 135.03687691926595, "res": 8.0, "count_Insects": 991, "count_Birds": 161, "count_Flowering Plants": 557, "count_Sac Fungi": 69, "count_Amphibians": 10, "count_Molluscs": 457, "count_Arachnids": 68, "count_Mosses": 27, "count_Mammals": 17, "count_Basidiomycota": 424, "count_Gymnosperms": 12, "count_Reptiles": 15, "count_Ferns": 41, "unique_species_count": 2849.0, "countryCode": "JP" }, "geometry": { "type": "MultiPolygon", "coordinates": [ [ [ [ 135.417878760117929, 35.053908895404284 ], [ 135.59254737915694, 34.591193216156455 ], [ 135.223717587608547, 34.14144872096977 ], [ 134.669220261499618, 34.15083083763907 ], [ 134.481167156736547, 34.610964963800804 ], [ 134.860759516934991, 35.064266330051062 ], [ 135.417878760117929, 35.053908895404284 ] ] ] ] } },
{ "type": "Feature", "properties": { "geogrid_id": "834615567131702014", "seqnum": 29260.0, "lat_c": 34.615567057930534, "lon_c": 131.70201448444783, "res": 8.0, "count_Insects": 67, "count_Birds": 18, "count_Flowering Plants": 91, "count_Sac Fungi": 3, "count_Amphibians": 5, "count_Molluscs": 5, "count_Arachnids": 3, "count_Mosses": 45, "count_Mammals": 1, "count_Basidiomycota": 2, "count_Gymnosperms": 1, "count_Reptiles": 8, "count_Ferns": 3, "unique_species_count": 252.0, "countryCode": "JP" }, "geometry": { "type": "MultiPolygon", "coordinates": [ [ [ [ 132.07297998527946, 35.07729668583206 ], [ 132.25790931480941, 34.619784388443819 ], [ 131.897660079334088, 34.159748337733767 ], [ 131.343508650222589, 34.153898577823746 ], [ 131.146106459664026, 34.608775178996851 ], [ 131.515086423940915, 35.072131291173875 ], [ 132.07297998527946, 35.07729668583206 ] ] ] ] } },
{ "type": "Feature", "properties": { "geogrid_id": "834620506133369617", "seqnum": 29423.0, "lat_c": 34.620506020487134, "lon_c": 133.36961678637402, "res": 8.0, "count_Insects": 1230, "count_Birds": 74, "count_Flowering Plants": 134, "count_Sac Fungi": 12, "count_Amphibians": 8, "count_Molluscs": 40, "count_Arachnids": 12, "count_Mosses": 30, "count_Mammals": 9, "count_Basidiomycota": 5, "count_Gymnosperms": 2, "count_Reptiles": 9, "count_Ferns": 6, "unique_species_count": 1571.0, "countryCode": "JP" }, "geometry": { "type": "MultiPolygon", "coordinates": [ [ [ [ 133.74604791850129, 35.077239215070996 ], [ 133.925413776965286, 34.617016520786521 ], [ 133.560433079751192, 34.162013578507079 ], [ 133.006124190628157, 34.163801946469484 ], [ 132.813779773943565, 34.621429739500563 ], [ 133.18847764072629, 35.079848150136826 ], [ 133.74604791850129, 35.077239215070996 ] ] ] ] } },
{ "type": "Feature", "properties": { "geogrid_id": "834687472142654016", "seqnum": 30320.0, "lat_c": 34.687472042629615, "lon_c": 142.65401608768491, "res": 8.0, "count_Insects": 0, "count_Birds": 1, "count_Flowering Plants": 0, "count_Sac Fungi": 0, "count_Amphibians": 0, "count_Molluscs": 0, "count_Arachnids": 0, "count_Mosses": 0, "count_Mammals": 1, "count_Basidiomycota": 0, "count_Gymnosperms": 0, "count_Reptiles": 1, "count_Ferns": 0, "unique_species_count": 3.0, "countryCode": "JP" }, "geometry": { "type": "MultiPolygon", "coordinates": [ [ [ [ 143.052989097760815, 35.113414779274535 ], [ 143.213571103422396, 34.642172073392146 ], [ 142.833889666628295, 34.220046749529907 ], [ 142.272422771150758, 34.262506259314385 ], [ 142.095853139310606, 34.730549420839907 ], [ 142.497422675026797, 35.158853023745827 ], [ 143.052989097760815, 35.113414779274535 ] ] ] ] } },
{ "type": "Feature", "properties": { "geogrid_id": "834809574140981911", "seqnum": 30157.0, "lat_c": 34.809574434359057, "lon_c": 140.98191067719742, "res": 8.0, "count_Insects": 0, "count_Birds": 0, "count_Flowering Plants": 0, "count_Sac Fungi": 0, "count_Amphibians": 0, "count_Molluscs": 0, "count_Arachnids": 0, "count_Mosses": 0, "count_Mammals": 0, "count_Basidiomycota": 0, "count_Gymnosperms": 0, "count_Reptiles": 1, "count_Ferns": 0, "unique_species_count": 1.0, "countryCode": "JP" }, "geometry": { "type": "MultiPolygon", "coordinates": [ [ [ [ 141.386581220122537, 35.242166748083932 ], [ 141.538595424761127, 34.771274731328269 ], [ 141.154084182490038, 34.341290181738557 ], [ 140.596445188085994, 34.377311619094108 ], [ 140.425567891719339, 34.845404146537078 ], [ 140.830958598242148, 35.28001322403626 ], [ 141.386581220122537, 35.242166748083932 ] ] ] ] } },
{ "type": "Feature", "properties": { "geogrid_id": "834909549139313304", "seqnum": 29994.0, "lat_c": 34.909549270209247, "lon_c": 139.31330435376802, "res": 8.0, "count_Insects": 1082, "count_Birds": 155, "count_Flowering Plants": 647, "count_Sac Fungi": 106, "count_Amphibians": 13, "count_Molluscs": 691, "count_Arachnids": 84, "count_Mosses": 39, "count_Mammals": 24, "count_Basidiomycota": 318, "count_Gymnosperms": 11, "count_Reptiles": 18, "count_Ferns": 65, "unique_species_count": 3253.0, "countryCode": "JP" }, "geometry": { "type": "MultiPolygon", "coordinates": [ [ [ [ 139.718887869970104, 35.348046555582357 ], [ 139.869404303040568, 34.878735490358295 ], [ 139.48297845965979, 34.442214415710573 ], [ 138.926824598186812, 34.471007462761676 ], [ 138.757185932071593, 34.937831766027266 ], [ 139.162363339357256, 35.378222279825181 ], [ 139.718887869970104, 35.348046555582357 ] ] ] ] } },
{ "type": "Feature", "properties": { "geogrid_id": "834986764137644680", "seqnum": 29831.0, "lat_c": 34.986763729891784, "lon_c": 137.64467992845027, "res": 8.0, "count_Insects": 692, "count_Birds": 86, "count_Flowering Plants": 1279, "count_Sac Fungi": 27, "count_Amphibians": 8, "count_Molluscs": 169, "count_Arachnids": 48, "count_Mosses": 87, "count_Mammals": 8, "count_Basidiomycota": 83, "count_Gymnosperms": 19, "count_Reptiles": 14, "count_Ferns": 84, "unique_species_count": 2604.0, "countryCode": "JP" }, "geometry": { "type": "MultiPolygon", "coordinates": [ [ [ [ 138.04826358411978, 35.430867527662009 ], [ 138.200991135735222, 34.963572642250462 ], [ 137.815132771031415, 34.521142151091027 ], [ 137.259452040486735, 34.54244929367961 ], [ 137.088225689423325, 35.007398297953912 ], [ 137.490687972773344, 35.453328003719456 ], [ 138.04826358411978, 35.430867527662009 ] ] ] ] } },
{ "type": "Feature", "properties": { "geogrid_id": "835025491129282996", "seqnum": 29016.0, "lat_c": 35.025491202299932, "lon_c": 129.28299633488282, "res": 8.0, "count_Insects": 35, "count_Birds": 5, "count_Flowering Plants": 9, "count_Sac Fungi": 0, "count_Amphibians": 3, "count_Molluscs": 6, "count_Arachnids": 0, "count_Mosses": 0, "count_Mammals": 2, "count_Basidiomycota": 0, "count_Gymnosperms": 0, "count_Reptiles": 2, "count_Ferns": 1, "unique_species_count": 63.0, "countryCode": "JP" }, "geometry": { "type": "MultiPolygon", "coordinates": [ [ [ [ 129.657154593693463, 35.495174725290028 ], [ 129.841055055894969, 35.041051379643378 ], [ 129.478439941617523, 34.572931105617407 ], [ 128.922622447268793, 34.55582127348422 ], [ 128.724949441021522, 35.007328673846864 ], [ 129.096548704528431, 35.478575738885105 ], [ 129.657154593693463, 35.495174725290028 ] ] ] ] } },
{ "type": "Feature", "properties": { "geogrid_id": "835040976135974830", "seqnum": 29668.0, "lat_c": 35.040975635232108, "lon_c": 135.97483047803414, "res": 8.0, "count_Insects": 1011, "count_Birds": 178, "count_Flowering Plants": 837, "count_Sac Fungi": 85, "count_Amphibians": 16, "count_Molluscs": 62, "count_Arachnids": 67, "count_Mosses": 104, "count_Mammals": 26, "count_Basidiomycota": 538, "count_Gymnosperms": 18, "count_Reptiles": 18, "count_Ferns": 52, "unique_species_count": 3012.0, "countryCode": "JP" }, "geometry": { "type": "MultiPolygon", "coordinates": [ [ [ [ 136.37452670003492, 35.490503199621131 ], [ 136.531612030320304, 35.025470607751011 ], [ 136.148188094590921, 34.577483466910522 ], [ 135.59254737915694, 34.591193216156455 ], [ 135.417878760117929, 35.053908895404284 ], [ 135.815968868185166, 35.505209786571264 ], [ 136.37452670003492, 35.490503199621131 ] ] ] ] } },
{ "type": "Feature", "properties": { "geogrid_id": "835064370130957121", "seqnum": 29179.0, "lat_c": 35.064369848597856, "lon_c": 130.95712107100707, "res": 8.0, "count_Insects": 1, "count_Birds": 2, "count_Flowering Plants": 0, "count_Sac Fungi": 0, "count_Amphibians": 0, "count_Molluscs": 0, "count_Arachnids": 0, "count_Mosses": 0, "count_Mammals": 0, "count_Basidiomycota": 0, "count_Gymnosperms": 0, "count_Reptiles": 1, "count_Ferns": 0, "unique_species_count": 4.0, "countryCode": "JP" }, "geometry": { "type": "MultiPolygon", "coordinates": [ [ [ [ 131.338659823819739, 35.529251174249076 ], [ 131.515086423940915, 35.072131291173875 ], [ 131.146106459664026, 34.608775178996851 ], [ 130.590198188242198, 34.599406493902372 ], [ 130.399103737768797, 35.05401044110107 ], [ 130.778235966232529, 35.520510846298841 ], [ 131.338659823819739, 35.529251174249076 ] ] ] ] } },
{ "type": "Feature", "properties": { "geogrid_id": "835065499143609091", "seqnum": 30402.0, "lat_c": 35.065498926551513, "lon_c": 143.60909145181589, "res": 8.0, "count_Insects": 0, "count_Birds": 1, "count_Flowering Plants": 0, "count_Sac Fungi": 0, "count_Amphibians": 0, "count_Molluscs": 0, "count_Arachnids": 0, "count_Mosses": 0, "count_Mammals": 1, "count_Basidiomycota": 0, "count_Gymnosperms": 0, "count_Reptiles": 1, "count_Ferns": 0, "unique_species_count": 3.0, "countryCode": "JP" }, "geometry": { "type": "MultiPolygon", "coordinates": [ [ [ [ 144.043177605109634, 35.489253088260071 ], [ 144.166383360970769, 35.015193960165263 ], [ 143.775247789704139, 34.59489328644927 ], [ 143.213571103422396, 34.642172073392146 ], [ 143.052989097760815, 35.113414779274535 ], [ 143.489564887217938, 35.539183605284968 ], [ 144.043177605109634, 35.489253088260071 ] ] ] ] } },
{ "type": "Feature", "properties": { "geogrid_id": "835072044134303479", "seqnum": 29505.0, "lat_c": 35.072044235359776, "lon_c": 134.30347932070993, "res": 8.0, "count_Insects": 581, "count_Birds": 65, "count_Flowering Plants": 200, "count_Sac Fungi": 16, "count_Amphibians": 9, "count_Molluscs": 19, "count_Arachnids": 15, "count_Mosses": 30, "count_Mammals": 8, "count_Basidiomycota": 28, "count_Gymnosperms": 1, "count_Reptiles": 11, "count_Ferns": 15, "unique_species_count": 998.0, "countryCode": "JP" }, "geometry": { "type": "MultiPolygon", "coordinates": [ [ [ [ 134.697986754688401, 35.526841835718578 ], [ 134.860759516934991, 35.064266330051062 ], [ 134.481167156736547, 34.610964963800804 ], [ 133.925413776965286, 34.617016520786521 ], [ 133.74604791850129, 35.077239215070996 ], [ 134.138602863649226, 35.533760193683833 ], [ 134.697986754688401, 35.526841835718578 ] ] ] ] } },
{ "type": "Feature", "properties": { "geogrid_id": "835079868132630783", "seqnum": 29342.0, "lat_c": 35.079868179149187, "lon_c": 132.63078293358689, "res": 8.0, "count_Insects": 225, "count_Birds": 49, "count_Flowering Plants": 122, "count_Sac Fungi": 16, "count_Amphibians": 10, "count_Molluscs": 17, "count_Arachnids": 7, "count_Mosses": 15, "count_Mammals": 8, "count_Basidiomycota": 9, "count_Gymnosperms": 1, "count_Reptiles": 7, "count_Ferns": 1, "unique_species_count": 487.0, "countryCode": "JP" }, "geometry": { "type": "MultiPolygon", "coordinates": [ [ [ [ 133.019159419498379, 35.539785275824713 ], [ 133.18847764072629, 35.079848150136826 ], [ 132.813779773943565, 34.621429739500563 ], [ 132.25790931480941, 34.619784388443819 ], [ 132.07297998527946, 35.07729668583206 ], [ 132.459146531810916, 35.538886098114048 ], [ 133.019159419498379, 35.539785275824713 ] ] ] ] } },
{ "type": "Feature", "properties": { "geogrid_id": "835201776141942025", "seqnum": 30239.0, "lat_c": 35.201776450854283, "lon_c": 141.94202546123387, "res": 8.0, "count_Insects": 0, "count_Birds": 1, "count_Flowering Plants": 1, "count_Sac Fungi": 0, "count_Amphibians": 0, "count_Molluscs": 0, "count_Arachnids": 0, "count_Mosses": 0, "count_Mammals": 1, "count_Basidiomycota": 0, "count_Gymnosperms": 0, "count_Reptiles": 1, "count_Ferns": 0, "unique_species_count": 4.0, "countryCode": "JP" }, "geometry": { "type": "MultiPolygon", "coordinates": [ [ [ [ 142.38021704153536, 35.631448616046328 ], [ 142.497422675026797, 35.158853023745827 ], [ 142.095853139310606, 34.730549420839907 ], [ 141.538595424761127, 34.771274731328269 ], [ 141.386581220122537, 35.242166748083932 ], [ 141.824530916596274, 35.673768622282637 ], [ 142.38021704153536, 35.631448616046328 ] ] ] ] } },
{ "type": "Feature", "properties": { "geogrid_id": "835315308140275077", "seqnum": 30076.0, "lat_c": 35.315308467539467, "lon_c": 140.27507703280133, "res": 8.0, "count_Insects": 376, "count_Birds": 120, "count_Flowering Plants": 350, "count_Sac Fungi": 18, "count_Amphibians": 11, "count_Molluscs": 208, "count_Arachnids": 21, "count_Mosses": 6, "count_Mammals": 13, "count_Basidiomycota": 121, "count_Gymnosperms": 8, "count_Reptiles": 11, "count_Ferns": 21, "unique_species_count": 1284.0, "countryCode": "JP" }, "geometry": { "type": "MultiPolygon", "coordinates": [ [ [ [ 140.711259436254522, 35.750749039972604 ], [ 140.830958598242148, 35.28001322403626 ], [ 140.425567891719339, 34.845404146537078 ], [ 139.869404303040568, 34.878735490358295 ], [ 139.718887869970104, 35.348046555582357 ], [ 140.153725153645297, 35.785396277613813 ], [ 140.711259436254522, 35.750749039972604 ] ] ] ] } },
{ "type": "Feature", "properties": { "geogrid_id": "835405831138605490", "seqnum": 29913.0, "lat_c": 35.405830806288179, "lon_c": 138.6054898225926, "res": 8.0, "count_Insects": 1187, "count_Birds": 122, "count_Flowering Plants": 1355, "count_Sac Fungi": 75, "count_Amphibians": 11, "count_Molluscs": 436, "count_Arachnids": 57, "count_Mosses": 73, "count_Mammals": 16, "count_Basidiomycota": 174, "count_Gymnosperms": 27, "count_Reptiles": 16, "count_Ferns": 105, "unique_species_count": 3654.0, "countryCode": "JP" }, "geometry": { "type": "MultiPolygon", "coordinates": [ [ [ [ 139.036989505276381, 35.846973580532108 ], [ 139.162363339357256, 35.378222279825181 ], [ 138.757185932071593, 34.937831766027266 ], [ 138.200991135735222, 34.963572642250462 ], [ 138.04826358411978, 35.430867527662009 ], [ 138.477840999621606, 35.873891849553289 ], [ 139.036989505276381, 35.846973580532108 ] ] ] ] } },
{ "type": "Feature", "properties": { "geogrid_id": "835436801144596051", "seqnum": 30484.0, "lat_c": 35.436800573030538, "lon_c": 144.59605081087142, "res": 8.0, "count_Insects": 0, "count_Birds": 2, "count_Flowering Plants": 0, "count_Sac Fungi": 0, "count_Amphibians": 0, "count_Molluscs": 0, "count_Arachnids": 0, "count_Mosses": 0, "count_Mammals": 1, "count_Basidiomycota": 0, "count_Gymnosperms": 0, "count_Reptiles": 1, "count_Ferns": 0, "unique_species_count": 4.0, "countryCode": "JP" }, "geometry": { "type": "MultiPolygon", "coordinates": [ [ [ [ 144.861525502137454, 35.872107516811518 ], [ 145.148160963521548, 35.381833823943786 ], [ 144.726116957447601, 34.962747104086084 ], [ 144.166383360970769, 35.015193960165263 ], [ 144.043177605109634, 35.489253088260071 ], [ 144.295960499674322, 35.92825685681828 ], [ 144.861525502137454, 35.872107516811518 ] ] ] ] } },
{ "type": "Feature", "properties": { "geogrid_id": "835473208136932772", "seqnum": 29750.0, "lat_c": 35.473207942432033, "lon_c": 136.93277153351715, "res": 8.0, "count_Insects": 1136, "count_Birds": 127, "count_Flowering Plants": 929, "count_Sac Fungi": 43, "count_Amphibians": 10, "count_Molluscs": 30, "count_Arachnids": 54, "count_Mosses": 31, "count_Mammals": 17, "count_Basidiomycota": 159, "count_Gymnosperms": 15, "count_Reptiles": 14, "count_Ferns": 62, "unique_species_count": 2627.0, "countryCode": "JP" }, "geometry": { "type": "MultiPolygon", "coordinates": [ [ [ [ 137.358116721809182, 35.919959908049989 ], [ 137.490687972773344, 35.453328003719456 ], [ 137.088225689423325, 35.007398297953912 ], [ 136.531612030320304, 35.025470607751011 ], [ 136.37452670003492, 35.490503199621131 ], [ 136.797595293684822, 35.939099333762471 ], [ 137.358116721809182, 35.919959908049989 ] ] ] ] } },
{ "type": "Feature", "properties": { "geogrid_id": "835517324135257116", "seqnum": 29587.0, "lat_c": 35.51732388053378, "lon_c": 135.25711572524955, "res": 8.0, "count_Insects": 413, "count_Birds": 76, "count_Flowering Plants": 323, "count_Sac Fungi": 43, "count_Amphibians": 13, "count_Molluscs": 61, "count_Arachnids": 10, "count_Mosses": 17, "count_Mammals": 9, "count_Basidiomycota": 89, "count_Gymnosperms": 6, "count_Reptiles": 12, "count_Ferns": 31, "unique_species_count": 1103.0, "countryCode": "JP" }, "geometry": { "type": "MultiPolygon", "coordinates": [ [ [ [ 135.675371268407361, 35.969564904142956 ], [ 135.815968868185166, 35.505209786571264 ], [ 135.417878760117929, 35.053908895404284 ], [ 134.860759516934991, 35.064266330051062 ], [ 134.697986754688401, 35.526841835718578 ], [ 135.11372417791307, 35.980882162762526 ], [ 135.675371268407361, 35.969564904142956 ] ] ] ] } },
{ "type": "Feature", "properties": { "geogrid_id": "835538076133578986", "seqnum": 29424.0, "lat_c": 35.538075692680664, "lon_c": 133.57898609783084, "res": 8.0, "count_Insects": 232, "count_Birds": 62, "count_Flowering Plants": 146, "count_Sac Fungi": 40, "count_Amphibians": 11, "count_Molluscs": 19, "count_Arachnids": 18, "count_Mosses": 37, "count_Mammals": 4, "count_Basidiomycota": 46, "count_Gymnosperms": 3, "count_Reptiles": 12, "count_Ferns": 4, "unique_species_count": 634.0, "countryCode": "JP" }, "geometry": { "type": "MultiPolygon", "coordinates": [ [ [ [ 133.989499740961435, 35.995665293836261 ], [ 134.138602863649226, 35.533760193683833 ], [ 133.74604791850129, 35.077239215070996 ], [ 133.18847764072629, 35.079848150136826 ], [ 133.019159419498379, 35.539785275824713 ], [ 133.426978727776913, 35.999123792794478 ], [ 133.989499740961435, 35.995665293836261 ] ] ] ] } },
{ "type": "Feature", "properties": { "geogrid_id": "835586585142935237", "seqnum": 30321.0, "lat_c": 35.586584564659894, "lon_c": 142.93523659343845, "res": 8.0, "count_Insects": 0, "count_Birds": 2, "count_Flowering Plants": 0, "count_Sac Fungi": 0, "count_Amphibians": 0, "count_Molluscs": 1, "count_Arachnids": 0, "count_Mosses": 0, "count_Mammals": 1, "count_Basidiomycota": 0, "count_Gymnosperms": 0, "count_Reptiles": 1, "count_Ferns": 0, "unique_species_count": 5.0, "countryCode": "JP" }, "geometry": { "type": "MultiPolygon", "coordinates": [ [ [ [ 143.170302894272368, 36.030175625360982 ], [ 143.489564887217938, 35.539183605284968 ], [ 143.052989097760815, 35.113414779274535 ], [ 142.497422675026797, 35.158853023745827 ], [ 142.38021704153536, 35.631448616046328 ], [ 142.608469067471674, 36.07670149429952 ], [ 143.170302894272368, 36.030175625360982 ] ] ] ] } },
{ "type": "Feature", "properties": { "geogrid_id": "835713538141268203", "seqnum": 30158.0, "lat_c": 35.71353766331346, "lon_c": 141.26820325638445, "res": 8.0, "count_Insects": 21, "count_Birds": 55, "count_Flowering Plants": 28, "count_Sac Fungi": 0, "count_Amphibians": 2, "count_Molluscs": 10, "count_Arachnids": 2, "count_Mosses": 0, "count_Mammals": 2, "count_Basidiomycota": 0, "count_Gymnosperms": 0, "count_Reptiles": 1, "count_Ferns": 0, "unique_species_count": 121.0, "countryCode": "JP" }, "geometry": { "type": "MultiPolygon", "coordinates": [ [ [ [ 141.484946839578669, 36.161519482986094 ], [ 141.824530916596274, 35.673768622282637 ], [ 141.386581220122537, 35.242166748083932 ], [ 140.830958598242148, 35.28001322403626 ], [ 140.711259436254522, 35.750749039972604 ], [ 140.922929850562099, 36.199905970095088 ], [ 141.484946839578669, 36.161519482986094 ] ] ] ] } },
{ "type": "Feature", "properties": { "geogrid_id": "835810888145431573", "seqnum": 30566.0, "lat_c": 35.810888003651939, "lon_c": 145.43157334560664, "res": 8.0, "count_Insects": 0, "count_Birds": 0, "count_Flowering Plants": 0, "count_Sac Fungi": 0, "count_Amphibians": 0, "count_Molluscs": 0, "count_Arachnids": 0, "count_Mosses": 0, "count_Mammals": 1, "count_Basidiomycota": 0, "count_Gymnosperms": 0, "count_Reptiles": 0, "count_Ferns": 0, "unique_species_count": 1.0, "countryCode": "JP" }, "geometry": { "type": "MultiPolygon", "coordinates": [ [ [ [ 145.768433360272525, 36.213722316841007 ], [ 146.010654586372453, 35.739291095731012 ], [ 145.699484930606303, 35.32436080591593 ], [ 145.148160963521548, 35.381833823943786 ], [ 144.861525502137454, 35.872107516811518 ], [ 145.18231105557507, 36.287510227048713 ], [ 145.768433360272525, 36.213722316841007 ] ] ] ] } },
{ "type": "Feature", "properties": { "geogrid_id": "835817473139595626", "seqnum": 29995.0, "lat_c": 35.81747312958376, "lon_c": 139.59562641216388, "res": 8.0, "count_Insects": 2338, "count_Birds": 276, "count_Flowering Plants": 1502, "count_Sac Fungi": 140, "count_Amphibians": 16, "count_Molluscs": 100, "count_Arachnids": 150, "count_Mosses": 116, "count_Mammals": 35, "count_Basidiomycota": 353, "count_Gymnosperms": 22, "count_Reptiles": 17, "count_Ferns": 73, "unique_species_count": 5138.0, "countryCode": "JP" }, "geometry": { "type": "MultiPolygon", "coordinates": [ [ [ [ 139.797987574757656, 36.268735652496893 ], [ 140.153725153645297, 35.785396277613813 ], [ 139.718887869970104, 35.348046555582357 ], [ 139.162363339357256, 35.378222279825181 ], [ 139.036989505276381, 35.846973580532108 ], [ 139.234992341273312, 36.299195087395624 ], [ 139.797987574757656, 36.268735652496893 ] ] ] ] } },
{ "type": "Feature", "properties": { "geogrid_id": "835898222137918208", "seqnum": 29832.0, "lat_c": 35.898222393155201, "lon_c": 137.91820771796475, "res": 8.0, "count_Insects": 856, "count_Birds": 114, "count_Flowering Plants": 1820, "count_Sac Fungi": 95, "count_Amphibians": 9, "count_Molluscs": 59, "count_Arachnids": 15, "count_Mosses": 208, "count_Mammals": 14, "count_Basidiomycota": 165, "count_Gymnosperms": 24, "count_Reptiles": 9, "count_Ferns": 122, "unique_species_count": 3510.0, "countryCode": "JP" }, "geometry": { "type": "MultiPolygon", "coordinates": [ [ [ [ 138.107894034280605, 36.352216313327943 ], [ 138.477840999621606, 35.873891849553289 ], [ 138.04826358411978, 35.430867527662009 ], [ 137.490687972773344, 35.453328003719456 ], [ 137.358116721809182, 35.919959908049989 ], [ 137.543795001360877, 36.374777568821173 ], [ 138.107894034280605, 36.352216313327943 ] ] ] ] } },
{ "type": "Feature", "properties": { "geogrid_id": "835955636136236671", "seqnum": 29669.0, "lat_c": 35.955635855051888, "lon_c": 136.23667091913296, "res": 8.0, "count_Insects": 1239, "count_Birds": 123, "count_Flowering Plants": 649, "count_Sac Fungi": 6, "count_Amphibians": 11, "count_Molluscs": 191, "count_Arachnids": 101, "count_Mosses": 14, "count_Mammals": 12, "count_Basidiomycota": 13, "count_Gymnosperms": 8, "count_Reptiles": 13, "count_Ferns": 49, "unique_species_count": 2429.0, "countryCode": "JP" }, "geometry": { "type": "MultiPolygon", "coordinates": [ [ [ [ 136.414548941956497, 36.411992891622567 ], [ 136.797595293684822, 35.939099333762471 ], [ 136.37452670003492, 35.490503199621131 ], [ 135.815968868185166, 35.505209786571264 ], [ 135.675371268407361, 35.969564904142956 ], [ 135.849433742278222, 36.426642070818282 ], [ 136.414548941956497, 36.411992891622567 ] ] ] ] } },
{ "type": "Feature", "properties": { "geogrid_id": "835980771143732598", "seqnum": 30403.0, "lat_c": 35.980771031513264, "lon_c": 143.73259788673136, "res": 8.0, "count_Insects": 0, "count_Birds": 1, "count_Flowering Plants": 0, "count_Sac Fungi": 0, "count_Amphibians": 0, "count_Molluscs": 0, "count_Arachnids": 0, "count_Mosses": 0, "count_Mammals": 1, "count_Basidiomycota": 0, "count_Gymnosperms": 0, "count_Reptiles": 1, "count_Ferns": 0, "unique_species_count": 3.0, "countryCode": "JP" }, "geometry": { "type": "MultiPolygon", "coordinates": [ [ [ [ 144.025382224986004, 36.410007848007524 ], [ 144.295960499674322, 35.92825685681828 ], [ 144.043177605109634, 35.489253088260071 ], [ 143.489564887217938, 35.539183605284968 ], [ 143.170302894272368, 36.030175625360982 ], [ 143.451698969752499, 36.46367693633043 ], [ 144.025382224986004, 36.410007848007524 ] ] ] ] } },
{ "type": "Feature", "properties": { "geogrid_id": "835989584134551758", "seqnum": 29506.0, "lat_c": 35.989583563978272, "lon_c": 134.55175763140394, "res": 8.0, "count_Insects": 35, "count_Birds": 6, "count_Flowering Plants": 33, "count_Sac Fungi": 0, "count_Amphibians": 1, "count_Molluscs": 23, "count_Arachnids": 1, "count_Mosses": 0, "count_Mammals": 1, "count_Basidiomycota": 2, "count_Gymnosperms": 1, "count_Reptiles": 3, "count_Ferns": 0, "unique_species_count": 106.0, "countryCode": "JP" }, "geometry": { "type": "MultiPolygon", "coordinates": [ [ [ [ 134.718316784839885, 36.448009705361834 ], [ 135.11372417791307, 35.980882162762526 ], [ 134.697986754688401, 35.526841835718578 ], [ 134.138602863649226, 35.533760193683833 ], [ 133.989499740961435, 35.995665293836261 ], [ 134.152359326439665, 36.454722497360315 ], [ 134.718316784839885, 36.448009705361834 ] ] ] ] } },
{ "type": "Feature", "properties": { "geogrid_id": "835999956132864223", "seqnum": 29343.0, "lat_c": 35.999955756949625, "lon_c": 132.86422290276093, "res": 8.0, "count_Insects": 17, "count_Birds": 6, "count_Flowering Plants": 12, "count_Sac Fungi": 0, "count_Amphibians": 1, "count_Molluscs": 4, "count_Arachnids": 1, "count_Mosses": 1, "count_Mammals": 2, "count_Basidiomycota": 0, "count_Gymnosperms": 0, "count_Reptiles": 5, "count_Ferns": 0, "unique_species_count": 49.0, "countryCode": "JP" }, "geometry": { "type": "MultiPolygon", "coordinates": [ [ [ [ 133.019766203579849, 36.460192287642258 ], [ 133.426978727776913, 35.999123792794478 ], [ 133.019159419498379, 35.539785275824713 ], [ 132.459146531810916, 35.538886098114048 ], [ 132.301260647002664, 35.998158139054937 ], [ 132.453181098661759, 36.458944137024893 ], [ 133.019766203579849, 36.460192287642258 ] ] ] ] } },
{ "type": "Feature", "properties": { "geogrid_id": "836120463142046752", "seqnum": 30240.0, "lat_c": 36.120462571017882, "lon_c": 142.04675184208511, "res": 8.0, "count_Insects": 0, "count_Birds": 1, "count_Flowering Plants": 0, "count_Sac Fungi": 0, "count_Amphibians": 0, "count_Molluscs": 0, "count_Arachnids": 0, "count_Mosses": 0, "count_Mammals": 1, "count_Basidiomycota": 0, "count_Gymnosperms": 0, "count_Reptiles": 1, "count_Ferns": 0, "unique_species_count": 3.0, "countryCode": "JP" }, "geometry": { "type": "MultiPolygon", "coordinates": [ [ [ [ 142.30919228626874, 36.560072618704972 ], [ 142.608469067471674, 36.07670149429952 ], [ 142.38021704153536, 35.631448616046328 ], [ 141.824530916596274, 35.673768622282637 ], [ 141.484946839578669, 36.161519482986094 ], [ 141.739309549791869, 36.603455806730345 ], [ 142.30919228626874, 36.560072618704972 ] ] ] ] } },
{ "type": "Feature", "properties": { "geogrid_id": "836235641140360625", "seqnum": 30077.0, "lat_c": 36.235641138358204, "lon_c": 140.36062512077132, "res": 8.0, "count_Insects": 988, "count_Birds": 132, "count_Flowering Plants": 456, "count_Sac Fungi": 32, "count_Amphibians": 9, "count_Molluscs": 26, "count_Arachnids": 45, "count_Mosses": 8, "count_Mammals": 12, "count_Basidiomycota": 61, "count_Gymnosperms": 9, "count_Reptiles": 14, "count_Ferns": 22, "unique_species_count": 1814.0, "countryCode": "JP" }, "geometry": { "type": "MultiPolygon", "coordinates": [ [ [ [ 140.600747697770942, 36.681375312643908 ], [ 140.922929850562099, 36.199905970095088 ], [ 140.711259436254522, 35.750749039972604 ], [ 140.153725153645297, 35.785396277613813 ], [ 139.797987574757656, 36.268735652496893 ], [ 140.031710556333564, 36.716068975872346 ], [ 140.600747697770942, 36.681375312643908 ] ] ] ] } },
{ "type": "Feature", "properties": { "geogrid_id": "836327022138671628", "seqnum": 29914.0, "lat_c": 36.327021846614443, "lon_c": 138.67162831232022, "res": 8.0, "count_Insects": 1145, "count_Birds": 116, "count_Flowering Plants": 1519, "count_Sac Fungi": 121, "count_Amphibians": 10, "count_Molluscs": 18, "count_Arachnids": 52, "count_Mosses": 158, "count_Mammals": 17, "count_Basidiomycota": 95, "count_Gymnosperms": 27, "count_Reptiles": 10, "count_Ferns": 64, "unique_species_count": 3352.0, "countryCode": "JP" }, "geometry": { "type": "MultiPolygon", "coordinates": [ [ [ [ 138.893586641289204, 36.777141463174722 ], [ 139.234992341273312, 36.299195087395624 ], [ 139.036989505276381, 35.846973580532108 ], [ 138.477840999621606, 35.873891849553289 ], [ 138.107894034280605, 36.352216313327943 ], [ 138.324374726996894, 36.803568868212771 ], [ 138.893586641289204, 36.777141463174722 ] ] ] ] } },
{ "type": "Feature", "properties": { "geogrid_id": "836351793144601816", "seqnum": 30485.0, "lat_c": 36.351792988220069, "lon_c": 144.6018155281067, "res": 8.0, "count_Insects": 0, "count_Birds": 2, "count_Flowering Plants": 0, "count_Sac Fungi": 0, "count_Amphibians": 0, "count_Molluscs": 0, "count_Arachnids": 0, "count_Mosses": 0, "count_Mammals": 1, "count_Basidiomycota": 0, "count_Gymnosperms": 0, "count_Reptiles": 1, "count_Ferns": 0, "unique_species_count": 4.0, "countryCode": "JP" }, "geometry": { "type": "MultiPolygon", "coordinates": [ [ [ [ 144.93206907536333, 36.761786210779853 ], [ 145.18231105557507, 36.287510227048713 ], [ 144.861525502137454, 35.872107516811518 ], [ 144.295960499674322, 35.92825685681828 ], [ 144.025382224986004, 36.410007848007524 ], [ 144.344664197316263, 36.827450523821227 ], [ 144.93206907536333, 36.761786210779853 ] ] ] ] } },
{ "type": "Feature", "properties": { "geogrid_id": "836394704136979342", "seqnum": 29751.0, "lat_c": 36.394703856657344, "lon_c": 136.97934182155336, "res": 8.0, "count_Insects": 857, "count_Birds": 134, "count_Flowering Plants": 485, "count_Sac Fungi": 12, "count_Amphibians": 11, "count_Molluscs": 23, "count_Arachnids": 39, "count_Mosses": 15, "count_Mammals": 17, "count_Basidiomycota": 40, "count_Gymnosperms": 7, "count_Reptiles": 14, "count_Ferns": 15, "unique_species_count": 1669.0, "countryCode": "JP" }, "geometry": { "type": "MultiPolygon", "coordinates": [ [ [ [ 137.185475461144932, 36.848276468071759 ], [ 137.543795001360877, 36.374777568821173 ], [ 137.358116721809182, 35.919959908049989 ], [ 136.797595293684822, 35.939099333762471 ], [ 136.414548941956497, 36.411992891622567 ], [ 136.615754989564465, 36.86657255030746 ], [ 137.185475461144932, 36.848276468071759 ] ] ] ] } },
{ "type": "Feature", "properties": { "geogrid_id": "836438649135284016", "seqnum": 29588.0, "lat_c": 36.438648621280251, "lon_c": 135.28401587643145, "res": 8.0, "count_Insects": 0, "count_Birds": 0, "count_Flowering Plants": 0, "count_Sac Fungi": 0, "count_Amphibians": 0, "count_Molluscs": 0, "count_Arachnids": 0, "count_Mosses": 0, "count_Mammals": 1, "count_Basidiomycota": 0, "count_Gymnosperms": 0, "count_Reptiles": 1, "count_Ferns": 0, "unique_species_count": 2.0, "countryCode": "JP" }, "geometry": { "type": "MultiPolygon", "coordinates": [ [ [ [ 135.475750758527084, 36.895071205998697 ], [ 135.849433742278222, 36.426642070818282 ], [ 135.675371268407361, 35.969564904142956 ], [ 135.11372417791307, 35.980882162762526 ], [ 134.718316784839885, 36.448009705361834 ], [ 134.905475837947449, 36.905278060246978 ], [ 135.475750758527084, 36.895071205998697 ] ] ] ] } },
{ "type": "Feature", "properties": { "geogrid_id": "836455037131886438", "seqnum": 29262.0, "lat_c": 36.455037453490043, "lon_c": 131.88643842910091, "res": 8.0, "count_Insects": 0, "count_Birds": 0, "count_Flowering Plants": 0, "count_Sac Fungi": 0, "count_Amphibians": 0, "count_Molluscs": 0, "count_Arachnids": 0, "count_Mosses": 0, "count_Mammals": 1, "count_Basidiomycota": 0, "count_Gymnosperms": 0, "count_Reptiles": 0, "count_Ferns": 0, "unique_species_count": 1.0, "countryCode": "JP" }, "geometry": { "type": "MultiPolygon", "coordinates": [ [ [ [ 132.051878289796406, 36.915905875209262 ], [ 132.453181098661759, 36.458944137024893 ], [ 132.301260647002664, 35.998158139054937 ], [ 131.73812039210361, 35.993728149326991 ], [ 131.319564924795486, 36.448470089370396 ], [ 131.480840973299593, 36.909947556857865 ], [ 132.051878289796406, 36.915905875209262 ] ] ] ] } },
{ "type": "Feature", "properties": { "geogrid_id": "836458784133586167", "seqnum": 29425.0, "lat_c": 36.458784240149654, "lon_c": 133.58616749605011, "res": 8.0, "count_Insects": 36, "count_Birds": 2, "count_Flowering Plants": 8, "count_Sac Fungi": 4, "count_Amphibians": 2, "count_Molluscs": 0, "count_Arachnids": 0, "count_Mosses": 0, "count_Mammals": 2, "count_Basidiomycota": 0, "count_Gymnosperms": 0, "count_Reptiles": 3, "count_Ferns": 0, "unique_species_count": 57.0, "countryCode": "JP" }, "geometry": { "type": "MultiPolygon", "coordinates": [ [ [ [ 133.764432970649551, 36.917610907949793 ], [ 134.152359326439665, 36.454722497360315 ], [ 133.989499740961435, 35.995665293836261 ], [ 133.426978727776913, 35.999123792794478 ], [ 133.019766203579849, 36.460192287642258 ], [ 133.193695126202243, 36.919736904509207 ], [ 133.764432970649551, 36.917610907949793 ] ] ] ] } },
{ "type": "Feature", "properties": { "geogrid_id": "836513560142879845", "seqnum": 30322.0, "lat_c": 36.513560299069987, "lon_c": 142.87984512308131, "res": 8.0, "count_Insects": 0, "count_Birds": 2, "count_Flowering Plants": 0, "count_Sac Fungi": 0, "count_Amphibians": 0, "count_Molluscs": 0, "count_Arachnids": 0, "count_Mosses": 0, "count_Mammals": 1, "count_Basidiomycota": 0, "count_Gymnosperms": 0, "count_Reptiles": 1, "count_Ferns": 0, "unique_species_count": 4.0, "countryCode": "JP" }, "geometry": { "type": "MultiPolygon", "coordinates": [ [ [ [ 143.178620502413679, 36.941511716920928 ], [ 143.451698969752499, 36.46367693633043 ], [ 143.170302894272368, 36.030175625360982 ], [ 142.608469067471674, 36.07670149429952 ], [ 142.30919228626874, 36.560072618704972 ], [ 142.598687788538967, 36.991897468005739 ], [ 143.178620502413679, 36.941511716920928 ] ] ] ] } },
{ "type": "Feature", "properties": { "geogrid_id": "836643858141169898", "seqnum": 30159.0, "lat_c": 36.643858409673584, "lon_c": 141.16989793988211, "res": 8.0, "count_Insects": 53, "count_Birds": 26, "count_Flowering Plants": 27, "count_Sac Fungi": 0, "count_Amphibians": 0, "count_Molluscs": 1, "count_Arachnids": 2, "count_Mosses": 0, "count_Mammals": 13, "count_Basidiomycota": 0, "count_Gymnosperms": 0, "count_Reptiles": 1, "count_Ferns": 0, "unique_species_count": 123.0, "countryCode": "JP" }, "geometry": { "type": "MultiPolygon", "coordinates": [ [ [ [ 141.442626416664609, 37.081779699358812 ], [ 141.739309549791869, 36.603455806730345 ], [ 141.484946839578669, 36.161519482986094 ], [ 140.922929850562099, 36.199905970095088 ], [ 140.600747697770942, 36.681375312643908 ], [ 140.86585650515417, 37.121768164436311 ], [ 141.442626416664609, 37.081779699358812 ] ] ] ] } },
{ "type": "Feature", "properties": { "geogrid_id": "836687678145523248", "seqnum": 30567.0, "lat_c": 36.687678487483318, "lon_c": 145.5232484481586, "res": 8.0, "count_Insects": 0, "count_Birds": 1, "count_Flowering Plants": 0, "count_Sac Fungi": 0, "count_Amphibians": 0, "count_Molluscs": 0, "count_Arachnids": 0, "count_Mosses": 0, "count_Mammals": 1, "count_Basidiomycota": 0, "count_Gymnosperms": 0, "count_Reptiles": 1, "count_Ferns": 0, "unique_species_count": 3.0, "countryCode": "JP" }, "geometry": { "type": "MultiPolygon", "coordinates": [ [ [ [ 145.873205854662388, 37.077116250229018 ], [ 146.117968797476266, 36.60066693860945 ], [ 145.768433360272525, 36.213722316841007 ], [ 145.18231105557507, 36.287510227048713 ], [ 144.93206907536333, 36.761786210779853 ], [ 145.275009157437779, 37.161154238622977 ], [ 145.873205854662388, 37.077116250229018 ] ] ] ] } },
{ "type": "Feature", "properties": { "geogrid_id": "836747981139462682", "seqnum": 29996.0, "lat_c": 36.747981444120313, "lon_c": 139.46268151590274, "res": 8.0, "count_Insects": 954, "count_Birds": 125, "count_Flowering Plants": 783, "count_Sac Fungi": 65, "count_Amphibians": 10, "count_Molluscs": 10, "count_Arachnids": 27, "count_Mosses": 50, "count_Mammals": 14, "count_Basidiomycota": 135, "count_Gymnosperms": 17, "count_Reptiles": 9, "count_Ferns": 58, "unique_species_count": 2257.0, "countryCode": "JP" }, "geometry": { "type": "MultiPolygon", "coordinates": [ [ [ [ 139.713763940029679, 37.192539356987169 ], [ 140.031710556333564, 36.716068975872346 ], [ 139.797987574757656, 36.268735652496893 ], [ 139.234992341273312, 36.299195087395624 ], [ 138.893586641289204, 36.777141463174722 ], [ 139.138157338961321, 37.223486161991843 ], [ 139.713763940029679, 37.192539356987169 ] ] ] ] } },
{ "type": "Feature", "properties": { "geogrid_id": "836827277137755011", "seqnum": 29833.0, "lat_c": 36.827277384345905, "lon_c": 137.75501149211624, "res": 8.0, "count_Insects": 675, "count_Birds": 89, "count_Flowering Plants": 1413, "count_Sac Fungi": 45, "count_Amphibians": 10, "count_Molluscs": 95, "count_Arachnids": 26, "count_Mosses": 90, "count_Mammals": 13, "count_Basidiomycota": 96, "count_Gymnosperms": 21, "count_Reptiles": 11, "count_Ferns": 47, "unique_species_count": 2631.0, "countryCode": "JP" }, "geometry": { "type": "MultiPolygon", "coordinates": [ [ [ [ 137.987352466954974, 37.276757714829394 ], [ 138.324374726996894, 36.803568868212771 ], [ 138.107894034280605, 36.352216313327943 ], [ 137.543795001360877, 36.374777568821173 ], [ 137.185475461144932, 36.848276468071759 ], [ 137.412032856374111, 37.299146976062268 ], [ 137.987352466954974, 37.276757714829394 ] ] ] ] } },
{ "type": "Feature", "properties": { "geogrid_id": "836882170136045846", "seqnum": 29670.0, "lat_c": 36.882169895214403, "lon_c": 136.04584608066952, "res": 8.0, "count_Insects": 4, "count_Birds": 0, "count_Flowering Plants": 0, "count_Sac Fungi": 0, "count_Amphibians": 0, "count_Molluscs": 0, "count_Arachnids": 1, "count_Mosses": 0, "count_Mammals": 1, "count_Basidiomycota": 0, "count_Gymnosperms": 0, "count_Reptiles": 1, "count_Ferns": 0, "unique_species_count": 7.0, "countryCode": "JP" }, "geometry": { "type": "MultiPolygon", "coordinates": [ [ [ [ 136.261370176800398, 37.335537987960059 ], [ 136.615754989564465, 36.86657255030746 ], [ 136.414548941956497, 36.411992891622567 ], [ 135.849433742278222, 36.426642070818282 ], [ 135.475750758527084, 36.895071205998697 ], [ 135.685984771749332, 37.349567393644762 ], [ 136.261370176800398, 37.335537987960059 ] ] ] ] } },
{ "type": "Feature", "properties": { "geogrid_id": "836886942143760414", "seqnum": 30404.0, "lat_c": 36.886941608603777, "lon_c": 143.76041396754155, "res": 8.0, "count_Insects": 0, "count_Birds": 2, "count_Flowering Plants": 0, "count_Sac Fungi": 0, "count_Amphibians": 0, "count_Molluscs": 0, "count_Arachnids": 0, "count_Mosses": 0, "count_Mammals": 1, "count_Basidiomycota": 0, "count_Gymnosperms": 0, "count_Reptiles": 1, "count_Ferns": 0, "unique_species_count": 4.0, "countryCode": "JP" }, "geometry": { "type": "MultiPolygon", "coordinates": [ [ [ [ 144.086236429321843, 37.301025978513465 ], [ 144.344664197316263, 36.827450523821227 ], [ 144.025382224986004, 36.410007848007524 ], [ 143.451698969752499, 36.46367693633043 ], [ 143.178620502413679, 36.941511716920928 ], [ 143.49562105258633, 37.361114838935094 ], [ 144.086236429321843, 37.301025978513465 ] ] ] ] } },
{ "type": "Feature", "properties": { "geogrid_id": "836912791134335032", "seqnum": 29507.0, "lat_c": 36.912791228040781, "lon_c": 134.33503198200586, "res": 8.0, "count_Insects": 0, "count_Birds": 0, "count_Flowering Plants": 0, "count_Sac Fungi": 0, "count_Amphibians": 0, "count_Molluscs": 0, "count_Arachnids": 0, "count_Mosses": 0, "count_Mammals": 1, "count_Basidiomycota": 0, "count_Gymnosperms": 0, "count_Reptiles": 1, "count_Ferns": 0, "unique_species_count": 2.0, "countryCode": "JP" }, "geometry": { "type": "MultiPolygon", "coordinates": [ [ [ [ 134.535059138131288, 37.369340277494111 ], [ 134.905475837947449, 36.905278060246978 ], [ 134.718316784839885, 36.448009705361834 ], [ 134.152359326439665, 36.454722497360315 ], [ 133.764432970649551, 36.917610907949793 ], [ 133.959518062108572, 37.375096075886006 ], [ 134.535059138131288, 37.369340277494111 ] ] ] ] } },
{ "type": "Feature", "properties": { "geogrid_id": "836919169132622837", "seqnum": 29344.0, "lat_c": 36.919168763346107, "lon_c": 132.62283685684844, "res": 8.0, "count_Insects": 0, "count_Birds": 0, "count_Flowering Plants": 0, "count_Sac Fungi": 0, "count_Amphibians": 0, "count_Molluscs": 0, "count_Arachnids": 0, "count_Mosses": 0, "count_Mammals": 1, "count_Basidiomycota": 0, "count_Gymnosperms": 0, "count_Reptiles": 1, "count_Ferns": 0, "unique_species_count": 2.0, "countryCode": "JP" }, "geometry": { "type": "MultiPolygon", "coordinates": [ [ [ [ 132.808310026341815, 37.378367225869553 ], [ 133.193695126202243, 36.919736904509207 ], [ 133.019766203579849, 36.460192287642258 ], [ 132.453181098661759, 36.458944137024893 ], [ 132.051878289796406, 36.915905875209262 ], [ 132.232665445293406, 37.375888210927741 ], [ 132.808310026341815, 37.378367225869553 ] ] ] ] } },
{ "type": "Feature", "properties": { "geogrid_id": "837038555142020144", "seqnum": 30241.0, "lat_c": 37.038555186346386, "lon_c": 142.02014425739816, "res": 8.0, "count_Insects": 0, "count_Birds": 1, "count_Flowering Plants": 0, "count_Sac Fungi": 0, "count_Amphibians": 0, "count_Molluscs": 0, "count_Arachnids": 0, "count_Mosses": 0, "count_Mammals": 0, "count_Basidiomycota": 0, "count_Gymnosperms": 0, "count_Reptiles": 1, "count_Ferns": 0, "unique_species_count": 2.0, "countryCode": "JP" }, "geometry": { "type": "MultiPolygon", "coordinates": [ [ [ [ 142.320165512347074, 37.466821571862781 ], [ 142.598687788538967, 36.991897468005739 ], [ 142.30919228626874, 36.560072618704972 ], [ 141.739309549791869, 36.603455806730345 ], [ 141.442626416664609, 37.081779699358812 ], [ 141.734623552959988, 37.5135235501076 ], [ 142.320165512347074, 37.466821571862781 ] ] ] ] } },
{ "type": "Feature", "properties": { "geogrid_id": "837158656140289623", "seqnum": 30078.0, "lat_c": 37.158656213185445, "lon_c": 140.2896227770527, "res": 8.0, "count_Insects": 549, "count_Birds": 49, "count_Flowering Plants": 165, "count_Sac Fungi": 9, "count_Amphibians": 5, "count_Molluscs": 4, "count_Arachnids": 10, "count_Mosses": 13, "count_Mammals": 17, "count_Basidiomycota": 17, "count_Gymnosperms": 2, "count_Reptiles": 9, "count_Ferns": 13, "unique_species_count": 862.0, "countryCode": "JP" }, "geometry": { "type": "MultiPolygon", "coordinates": [ [ [ [ 140.56653133542531, 37.596182598945788 ], [ 140.86585650515417, 37.121768164436311 ], [ 140.600747697770942, 36.681375312643908 ], [ 140.031710556333564, 36.716068975872346 ], [ 139.713763940029679, 37.192539356987169 ], [ 139.983573045508336, 37.632509945027849 ], [ 140.56653133542531, 37.596182598945788 ] ] ] ] } },
{ "type": "Feature", "properties": { "geogrid_id": "837234903144679280", "seqnum": 30486.0, "lat_c": 37.23490253877852, "lon_c": 144.6792797901002, "res": 8.0, "count_Insects": 1, "count_Birds": 2, "count_Flowering Plants": 0, "count_Sac Fungi": 0, "count_Amphibians": 0, "count_Molluscs": 0, "count_Arachnids": 0, "count_Mosses": 0, "count_Mammals": 1, "count_Basidiomycota": 0, "count_Gymnosperms": 0, "count_Reptiles": 1, "count_Ferns": 0, "unique_species_count": 5.0, "countryCode": "JP" }, "geometry": { "type": "MultiPolygon", "coordinates": [ [ [ [ 145.02362185673374, 37.634143666003418 ], [ 145.275009157437779, 37.161154238622977 ], [ 144.93206907536333, 36.761786210779853 ], [ 144.344664197316263, 36.827450523821227 ], [ 144.086236429321843, 37.301025978513465 ], [ 144.423504801726551, 37.707202513417911 ], [ 145.02362185673374, 37.634143666003418 ] ] ] ] } },
{ "type": "Feature", "properties": { "geogrid_id": "837251547138562710", "seqnum": 29915.0, "lat_c": 37.251546634208687, "lon_c": 138.562710094934, "res": 8.0, "count_Insects": 243, "count_Birds": 64, "count_Flowering Plants": 799, "count_Sac Fungi": 9, "count_Amphibians": 9, "count_Molluscs": 10, "count_Arachnids": 8, "count_Mosses": 23, "count_Mammals": 7, "count_Basidiomycota": 12, "count_Gymnosperms": 8, "count_Reptiles": 10, "count_Ferns": 30, "unique_species_count": 1232.0, "countryCode": "JP" }, "geometry": { "type": "MultiPolygon", "coordinates": [ [ [ [ 138.819093449484598, 37.695746556565751 ], [ 139.138157338961321, 37.223486161991843 ], [ 138.893586641289204, 36.777141463174722 ], [ 138.324374726996894, 36.803568868212771 ], [ 137.987352466954974, 37.276757714829394 ], [ 138.237362855948675, 37.722807291106541 ], [ 138.819093449484598, 37.695746556565751 ] ] ] ] } },
{ "type": "Feature", "properties": { "geogrid_id": "837318735136836714", "seqnum": 29752.0, "lat_c": 37.318735164533933, "lon_c": 136.83671402029358, "res": 8.0, "count_Insects": 74, "count_Birds": 44, "count_Flowering Plants": 51, "count_Sac Fungi": 0, "count_Amphibians": 5, "count_Molluscs": 45, "count_Arachnids": 5, "count_Mosses": 0, "count_Mammals": 2, "count_Basidiomycota": 0, "count_Gymnosperms": 2, "count_Reptiles": 2, "count_Ferns": 0, "unique_species_count": 230.0, "countryCode": "JP" }, "geometry": { "type": "MultiPolygon", "coordinates": [ [ [ [ 137.074553459051771, 37.768068697571366 ], [ 137.412032856374111, 37.299146976062268 ], [ 137.185475461144932, 36.848276468071759 ], [ 136.615754989564465, 36.86657255030746 ], [ 136.261370176800398, 37.335537987960059 ], [ 136.493375475280175, 37.786338882654015 ], [ 137.074553459051771, 37.768068697571366 ] ] ] ] } },
{ "type": "Feature", "properties": { "geogrid_id": "837360833135110549", "seqnum": 29589.0, "lat_c": 37.360832498747193, "lon_c": 135.11054873985708, "res": 8.0, "count_Insects": 0, "count_Birds": 0, "count_Flowering Plants": 0, "count_Sac Fungi": 0, "count_Amphibians": 0, "count_Molluscs": 0, "count_Arachnids": 0, "count_Mosses": 0, "count_Mammals": 1, "count_Basidiomycota": 0, "count_Gymnosperms": 0, "count_Reptiles": 1, "count_Ferns": 0, "unique_species_count": 2.0, "countryCode": "JP" }, "geometry": { "type": "MultiPolygon", "coordinates": [ [ [ [ 135.331312103835103, 37.814280159727595 ], [ 135.685984771749332, 37.349567393644762 ], [ 135.475750758527084, 36.895071205998697 ], [ 134.905475837947449, 36.905278060246978 ], [ 134.535059138131288, 37.369340277494111 ], [ 134.750389229746389, 37.823985723157321 ], [ 135.331312103835103, 37.814280159727595 ] ] ] ] } },
{ "type": "Feature", "properties": { "geogrid_id": "837370669131657013", "seqnum": 29263.0, "lat_c": 37.370668896519092, "lon_c": 131.65701311017347, "res": 8.0, "count_Insects": 0, "count_Birds": 1, "count_Flowering Plants": 0, "count_Sac Fungi": 0, "count_Amphibians": 0, "count_Molluscs": 0, "count_Arachnids": 0, "count_Mosses": 0, "count_Mammals": 0, "count_Basidiomycota": 0, "count_Gymnosperms": 0, "count_Reptiles": 0, "count_Ferns": 0, "unique_species_count": 1.0, "countryCode": "JP" }, "geometry": { "type": "MultiPolygon", "coordinates": [ [ [ [ 131.846664835436087, 37.830299707613449 ], [ 132.232665445293406, 37.375888210927741 ], [ 132.051878289796406, 36.915905875209262 ], [ 131.480840973299593, 36.909947556857865 ], [ 131.08137014315335, 37.362710841030811 ], [ 131.266132434125808, 37.823168730732071 ], [ 131.846664835436087, 37.830299707613449 ] ] ] ] } },
{ "type": "Feature", "properties": { "geogrid_id": "837378104133383932", "seqnum": 29426.0, "lat_c": 37.378104002075773, "lon_c": 133.38393177870455, "res": 8.0, "count_Insects": 0, "count_Birds": 0, "count_Flowering Plants": 0, "count_Sac Fungi": 0, "count_Amphibians": 0, "count_Molluscs": 0, "count_Arachnids": 0, "count_Mosses": 0, "count_Mammals": 1, "count_Basidiomycota": 0, "count_Gymnosperms": 0, "count_Reptiles": 1, "count_Ferns": 0, "unique_species_count": 2.0, "countryCode": "JP" }, "geometry": { "type": "MultiPolygon", "coordinates": [ [ [ [ 133.5887177373383, 37.834929072698678 ], [ 133.959518062108572, 37.375096075886006 ], [ 133.764432970649551, 36.917610907949793 ], [ 133.193695126202243, 36.919736904509207 ], [ 132.808310026341815, 37.378367225869553 ], [ 133.007967580792268, 37.836185058935165 ], [ 133.5887177373383, 37.834929072698678 ] ] ] ] } },
{ "type": "Feature", "properties": { "geogrid_id": "837416164142907055", "seqnum": 30323.0, "lat_c": 37.416164091286703, "lon_c": 142.90705521367732, "res": 8.0, "count_Insects": 0, "count_Birds": 2, "count_Flowering Plants": 0, "count_Sac Fungi": 0, "count_Amphibians": 0, "count_Molluscs": 0, "count_Arachnids": 0, "count_Mosses": 0, "count_Mammals": 1, "count_Basidiomycota": 0, "count_Gymnosperms": 0, "count_Reptiles": 1, "count_Ferns": 0, "unique_species_count": 4.0, "countryCode": "JP" }, "geometry": { "type": "MultiPolygon", "coordinates": [ [ [ [ 143.229119811683404, 37.833455560802037 ], [ 143.49562105258633, 37.361114838935094 ], [ 143.178620502413679, 36.941511716920928 ], [ 142.598687788538967, 36.991897468005739 ], [ 142.320165512347074, 37.466821571862781 ], [ 142.634549040970512, 37.888615380643202 ], [ 143.229119811683404, 37.833455560802037 ] ] ] ] } },
{ "type": "Feature", "properties": { "geogrid_id": "837552295145625522", "seqnum": 30568.0, "lat_c": 37.552295021481548, "lon_c": 145.62552176973355, "res": 8.0, "count_Insects": 0, "count_Birds": 2, "count_Flowering Plants": 4, "count_Sac Fungi": 0, "count_Amphibians": 0, "count_Molluscs": 0, "count_Arachnids": 0, "count_Mosses": 0, "count_Mammals": 1, "count_Basidiomycota": 0, "count_Gymnosperms": 0, "count_Reptiles": 1, "count_Ferns": 0, "unique_species_count": 8.0, "countryCode": "JP" }, "geometry": { "type": "MultiPolygon", "coordinates": [ [ [ [ 145.981263461535775, 37.936976316836471 ], [ 146.228282559223231, 37.458858620558743 ], [ 145.873205854662388, 37.077116250229018 ], [ 145.275009157437779, 37.161154238622977 ], [ 145.02362185673374, 37.634143666003418 ], [ 145.374766674131365, 38.026643885741748 ], [ 145.981263461535775, 37.936976316836471 ] ] ] ] } },
{ "type": "Feature", "properties": { "geogrid_id": "837556572141150154", "seqnum": 30160.0, "lat_c": 37.556572340859923, "lon_c": 141.15015401159221, "res": 8.0, "count_Insects": 37, "count_Birds": 21, "count_Flowering Plants": 16, "count_Sac Fungi": 0, "count_Amphibians": 1, "count_Molluscs": 8, "count_Arachnids": 0, "count_Mosses": 4, "count_Mammals": 16, "count_Basidiomycota": 9, "count_Gymnosperms": 2, "count_Reptiles": 1, "count_Ferns": 0, "unique_species_count": 115.0, "countryCode": "JP" }, "geometry": { "type": "MultiPolygon", "coordinates": [ [ [ [ 141.449526653784858, 37.985856900694117 ], [ 141.734623552959988, 37.5135235501076 ], [ 141.442626416664609, 37.081779699358812 ], [ 140.86585650515417, 37.121768164436311 ], [ 140.56653133542531, 37.596182598945788 ], [ 140.858652652227107, 38.028623793036196 ], [ 141.449526653784858, 37.985856900694117 ] ] ] ] } },
{ "type": "Feature", "properties": { "geogrid_id": "837665669139401133", "seqnum": 29997.0, "lat_c": 37.66566923584859, "lon_c": 139.40113268117361, "res": 8.0, "count_Insects": 258, "count_Birds": 67, "count_Flowering Plants": 125, "count_Sac Fungi": 5, "count_Amphibians": 5, "count_Molluscs": 8, "count_Arachnids": 5, "count_Mosses": 57, "count_Mammals": 5, "count_Basidiomycota": 12, "count_Gymnosperms": 4, "count_Reptiles": 6, "count_Ferns": 17, "unique_species_count": 574.0, "countryCode": "JP" }, "geometry": { "type": "MultiPolygon", "coordinates": [ [ [ [ 139.67931445881527, 38.103544224636849 ], [ 139.983573045508336, 37.632509945027849 ], [ 139.713763940029679, 37.192539356987169 ], [ 139.138157338961321, 37.223486161991843 ], [ 138.819093449484598, 37.695746556565751 ], [ 139.090581497956293, 38.135983376293304 ], [ 139.67931445881527, 38.103544224636849 ] ] ] ] } },
{ "type": "Feature", "properties": { "geogrid_id": "837746902137655868", "seqnum": 29834.0, "lat_c": 37.746901675656638, "lon_c": 137.65586829251583, "res": 8.0, "count_Insects": 15, "count_Birds": 7, "count_Flowering Plants": 12, "count_Sac Fungi": 0, "count_Amphibians": 2, "count_Molluscs": 1, "count_Arachnids": 1, "count_Mosses": 0, "count_Mammals": 6, "count_Basidiomycota": 0, "count_Gymnosperms": 0, "count_Reptiles": 2, "count_Ferns": 0, "unique_species_count": 46.0, "countryCode": "JP" }, "geometry": { "type": "MultiPolygon", "coordinates": [ [ [ [ 137.914479626237096, 38.191305976210678 ], [ 138.237362855948675, 37.722807291106541 ], [ 137.987352466954974, 37.276757714829394 ], [ 137.412032856374111, 37.299146976062268 ], [ 137.074553459051771, 37.768068697571366 ], [ 137.326961183882645, 38.214323831043018 ], [ 137.914479626237096, 38.191305976210678 ] ] ] ] } },
{ "type": "Feature", "properties": { "geogrid_id": "837773250143825370", "seqnum": 30405.0, "lat_c": 37.773249602139103, "lon_c": 143.82536979868601, "res": 8.0, "count_Insects": 0, "count_Birds": 1, "count_Flowering Plants": 0, "count_Sac Fungi": 0, "count_Amphibians": 0, "count_Molluscs": 0, "count_Arachnids": 0, "count_Mosses": 0, "count_Mammals": 2, "count_Basidiomycota": 0, "count_Gymnosperms": 0, "count_Reptiles": 1, "count_Ferns": 0, "unique_species_count": 4.0, "countryCode": "JP" }, "geometry": { "type": "MultiPolygon", "coordinates": [ [ [ [ 144.164525556552661, 38.178818184070401 ], [ 144.423504801726551, 37.707202513417911 ], [ 144.086236429321843, 37.301025978513465 ], [ 143.49562105258633, 37.361114838935094 ], [ 143.229119811683404, 37.833455560802037 ], [ 143.561554205030859, 38.24445019554723 ], [ 144.164525556552661, 38.178818184070401 ] ] ] ] } },
{ "type": "Feature", "properties": { "geogrid_id": "837801736135912303", "seqnum": 29671.0, "lat_c": 37.8017363207139, "lon_c": 135.91230255117054, "res": 8.0, "count_Insects": 0, "count_Birds": 0, "count_Flowering Plants": 0, "count_Sac Fungi": 0, "count_Amphibians": 0, "count_Molluscs": 0, "count_Arachnids": 0, "count_Mosses": 0, "count_Mammals": 1, "count_Basidiomycota": 0, "count_Gymnosperms": 0, "count_Reptiles": 1, "count_Ferns": 0, "unique_species_count": 2.0, "countryCode": "JP" }, "geometry": { "type": "MultiPolygon", "coordinates": [ [ [ [ 136.152720382681565, 38.251312129800603 ], [ 136.493375475280175, 37.786338882654015 ], [ 136.261370176800398, 37.335537987960059 ], [ 135.685984771749332, 37.349567393644762 ], [ 135.331312103835103, 37.814280159727595 ], [ 135.565924049329141, 38.265351521697681 ], [ 136.152720382681565, 38.251312129800603 ] ] ] ] } },
{ "type": "Feature", "properties": { "geogrid_id": "837830865134169525", "seqnum": 29508.0, "lat_c": 37.830865355980876, "lon_c": 134.16952545946791, "res": 8.0, "count_Insects": 0, "count_Birds": 0, "count_Flowering Plants": 0, "count_Sac Fungi": 0, "count_Amphibians": 0, "count_Molluscs": 0, "count_Arachnids": 0, "count_Mosses": 0, "count_Mammals": 1, "count_Basidiomycota": 0, "count_Gymnosperms": 0, "count_Reptiles": 1, "count_Ferns": 0, "unique_species_count": 2.0, "countryCode": "JP" }, "geometry": { "type": "MultiPolygon", "coordinates": [ [ [ [ 134.392859682056354, 38.284647947562704 ], [ 134.750389229746389, 37.823985723157321 ], [ 134.535059138131288, 37.369340277494111 ], [ 133.959518062108572, 37.375096075886006 ], [ 133.5887177373383, 37.834929072698678 ], [ 133.806564623550315, 38.289942835511333 ], [ 134.392859682056354, 38.284647947562704 ] ] ] ] } },
{ "type": "Feature", "properties": { "geogrid_id": "837939284142041426", "seqnum": 30242.0, "lat_c": 37.939283745697367, "lon_c": 142.04142555217467, "res": 8.0, "count_Insects": 0, "count_Birds": 3, "count_Flowering Plants": 0, "count_Sac Fungi": 0, "count_Amphibians": 0, "count_Molluscs": 1, "count_Arachnids": 0, "count_Mosses": 0, "count_Mammals": 0, "count_Basidiomycota": 0, "count_Gymnosperms": 0, "count_Reptiles": 1, "count_Ferns": 0, "unique_species_count": 5.0, "countryCode": "JP" }, "geometry": { "type": "MultiPolygon", "coordinates": [ [ [ [ 142.359931240058216, 38.359408746230834 ], [ 142.634549040970512, 37.888615380643202 ], [ 142.320165512347074, 37.466821571862781 ], [ 141.734623552959988, 37.5135235501076 ], [ 141.449526653784858, 37.985856900694117 ], [ 141.761031585822735, 38.409852636839844 ], [ 142.359931240058216, 38.359408746230834 ] ] ] ] } },
{ "type": "Feature", "properties": { "geogrid_id": "838067799140268631", "seqnum": 30079.0, "lat_c": 38.067798958378347, "lon_c": 140.26863073220156, "res": 8.0, "count_Insects": 445, "count_Birds": 54, "count_Flowering Plants": 240, "count_Sac Fungi": 10, "count_Amphibians": 6, "count_Molluscs": 26, "count_Arachnids": 13, "count_Mosses": 12, "count_Mammals": 13, "count_Basidiomycota": 20, "count_Gymnosperms": 9, "count_Reptiles": 8, "count_Ferns": 9, "unique_species_count": 865.0, "countryCode": "JP" }, "geometry": { "type": "MultiPolygon", "coordinates": [ [ [ [ 140.566330787776366, 38.498468776935511 ], [ 140.858652652227107, 38.028623793036196 ], [ 140.56653133542531, 37.596182598945788 ], [ 139.983573045508336, 37.632509945027849 ], [ 139.67931445881527, 38.103544224636849 ], [ 139.970261209197702, 38.537114193144227 ], [ 140.566330787776366, 38.498468776935511 ] ] ] ] } },
{ "type": "Feature", "properties": { "geogrid_id": "838106640144768990", "seqnum": 30487.0, "lat_c": 38.106640306915416, "lon_c": 144.768989848959, "res": 8.0, "count_Insects": 0, "count_Birds": 3, "count_Flowering Plants": 0, "count_Sac Fungi": 0, "count_Amphibians": 0, "count_Molluscs": 0, "count_Arachnids": 0, "count_Mosses": 0, "count_Mammals": 2, "count_Basidiomycota": 0, "count_Gymnosperms": 0, "count_Reptiles": 1, "count_Ferns": 0, "unique_species_count": 6.0, "countryCode": "JP" }, "geometry": { "type": "MultiPolygon", "coordinates": [ [ [ [ 145.120808886829934, 38.500324734160927 ], [ 145.374766674131365, 38.026643885741748 ], [ 145.02362185673374, 37.634143666003418 ], [ 144.423504801726551, 37.707202513417911 ], [ 144.164525556552661, 38.178818184070401 ], [ 144.511013238514181, 38.578637115667803 ], [ 145.120808886829934, 38.500324734160927 ] ] ] ] } },
{ "type": "Feature", "properties": { "geogrid_id": "838165212138502331", "seqnum": 29916.0, "lat_c": 38.165212274459819, "lon_c": 138.50233077471594, "res": 8.0, "count_Insects": 126, "count_Birds": 43, "count_Flowering Plants": 86, "count_Sac Fungi": 0, "count_Amphibians": 4, "count_Molluscs": 25, "count_Arachnids": 5, "count_Mosses": 11, "count_Mammals": 3, "count_Basidiomycota": 4, "count_Gymnosperms": 2, "count_Reptiles": 7, "count_Ferns": 1, "unique_species_count": 317.0, "countryCode": "JP" }, "geometry": { "type": "MultiPolygon", "coordinates": [ [ [ [ 138.780121591297956, 38.603891328068997 ], [ 139.090581497956293, 38.135983376293304 ], [ 138.819093449484598, 37.695746556565751 ], [ 138.237362855948675, 37.722807291106541 ], [ 137.914479626237096, 38.191305976210678 ], [ 138.185872045331138, 38.632249060130682 ], [ 138.780121591297956, 38.603891328068997 ] ] ] ] } },
{ "type": "Feature", "properties": { "geogrid_id": "838234313136739722", "seqnum": 29753.0, "lat_c": 38.234313187707571, "lon_c": 136.73972206504101, "res": 8.0, "count_Insects": 5, "count_Birds": 51, "count_Flowering Plants": 0, "count_Sac Fungi": 0, "count_Amphibians": 0, "count_Molluscs": 0, "count_Arachnids": 0, "count_Mosses": 0, "count_Mammals": 1, "count_Basidiomycota": 0, "count_Gymnosperms": 0, "count_Reptiles": 1, "count_Ferns": 0, "unique_species_count": 58.0, "countryCode": "JP" }, "geometry": { "type": "MultiPolygon", "coordinates": [ [ [ [ 136.998666653270107, 38.679308780596138 ], [ 137.326961183882645, 38.214323831043018 ], [ 137.074553459051771, 37.768068697571366 ], [ 136.493375475280175, 37.786338882654015 ], [ 136.152720382681565, 38.251312129800603 ], [ 136.405607253500818, 38.69812867892864 ], [ 136.998666653270107, 38.679308780596138 ] ] ] ] } },
{ "type": "Feature", "properties": { "geogrid_id": "838276457134979309", "seqnum": 29590.0, "lat_c": 38.27645655757815, "lon_c": 134.97930934066841, "res": 8.0, "count_Insects": 0, "count_Birds": 0, "count_Flowering Plants": 0, "count_Sac Fungi": 0, "count_Amphibians": 0, "count_Molluscs": 0, "count_Arachnids": 0, "count_Mosses": 0, "count_Mammals": 2, "count_Basidiomycota": 0, "count_Gymnosperms": 0, "count_Reptiles": 1, "count_Ferns": 0, "unique_species_count": 3.0, "countryCode": "JP" }, "geometry": { "type": "MultiPolygon", "coordinates": [ [ [ [ 135.220388476861331, 38.72656793699845 ], [ 135.565924049329141, 38.265351521697681 ], [ 135.331312103835103, 37.814280159727595 ], [ 134.750389229746389, 37.823985723157321 ], [ 134.392859682056354, 38.284647947562704 ], [ 134.628178576389161, 38.736253199064599 ], [ 135.220388476861331, 38.72656793699845 ] ] ] ] } },
{ "type": "Feature", "properties": { "geogrid_id": "838292356133220419", "seqnum": 29427.0, "lat_c": 38.292355516082083, "lon_c": 133.22041897302367, "res": 8.0, "count_Insects": 0, "count_Birds": 0, "count_Flowering Plants": 0, "count_Sac Fungi": 0, "count_Amphibians": 0, "count_Molluscs": 0, "count_Arachnids": 0, "count_Mosses": 0, "count_Mammals": 0, "count_Basidiomycota": 0, "count_Gymnosperms": 0, "count_Reptiles": 1, "count_Ferns": 0, "unique_species_count": 1.0, "countryCode": "JP" }, "geometry": { "type": "MultiPolygon", "coordinates": [ [ [ [ 133.44448012010244, 38.746681367820663 ], [ 133.806564623550315, 38.289942835511333 ], [ 133.5887177373383, 37.834929072698678 ], [ 133.007967580792268, 37.836185058935165 ], [ 132.634422061269106, 38.291897999990155 ], [ 132.852976645977378, 38.747463423424556 ], [ 133.44448012010244, 38.746681367820663 ] ] ] ] } },
{ "type": "Feature", "properties": { "geogrid_id": "838304432142960058", "seqnum": 30324.0, "lat_c": 38.304432206055886, "lon_c": 142.96005838453544, "res": 8.0, "count_Insects": 0, "count_Birds": 2, "count_Flowering Plants": 0, "count_Sac Fungi": 0, "count_Amphibians": 0, "count_Molluscs": 0, "count_Arachnids": 0, "count_Mosses": 0, "count_Mammals": 1, "count_Basidiomycota": 0, "count_Gymnosperms": 0, "count_Reptiles": 1, "count_Ferns": 0, "unique_species_count": 4.0, "countryCode": "JP" }, "geometry": { "type": "MultiPolygon", "coordinates": [ [ [ [ 143.294496879861725, 38.714794182717192 ], [ 143.561554205030859, 38.24445019554723 ], [ 143.229119811683404, 37.833455560802037 ], [ 142.634549040970512, 37.888615380643202 ], [ 142.359931240058216, 38.359408746230834 ], [ 142.68796574871476, 38.774302383526681 ], [ 143.294496879861725, 38.714794182717192 ] ] ] ] } },
{ "type": "Feature", "properties": { "geogrid_id": "838413553145731151", "seqnum": 30569.0, "lat_c": 38.413553079176538, "lon_c": 145.73115062971377, "res": 8.0, "count_Insects": 0, "count_Birds": 1, "count_Flowering Plants": 0, "count_Sac Fungi": 0, "count_Amphibians": 0, "count_Molluscs": 0, "count_Arachnids": 0, "count_Mosses": 0, "count_Mammals": 1, "count_Basidiomycota": 0, "count_Gymnosperms": 0, "count_Reptiles": 1, "count_Ferns": 0, "unique_species_count": 3.0, "countryCode": "JP" }, "geometry": { "type": "MultiPolygon", "coordinates": [ [ [ [ 146.09193008087837, 38.79575588510238 ], [ 146.341136744623952, 38.316471237678869 ], [ 145.981263461535775, 37.936976316836471 ], [ 145.374766674131365, 38.026643885741748 ], [ 145.120808886829934, 38.500324734160927 ], [ 145.477849833196274, 38.889058658105739 ], [ 146.09193008087837, 38.79575588510238 ] ] ] ] } },
{ "type": "Feature", "properties": { "geogrid_id": "838456117141163212", "seqnum": 30161.0, "lat_c": 38.456116801664386, "lon_c": 141.16321168448405, "res": 8.0, "count_Insects": 509, "count_Birds": 152, "count_Flowering Plants": 276, "count_Sac Fungi": 44, "count_Amphibians": 11, "count_Molluscs": 77, "count_Arachnids": 25, "count_Mosses": 6, "count_Mammals": 16, "count_Basidiomycota": 279, "count_Gymnosperms": 7, "count_Reptiles": 11, "count_Ferns": 10, "unique_species_count": 1423.0, "countryCode": "JP" }, "geometry": { "type": "MultiPolygon", "coordinates": [ [ [ [ 141.478160436518095, 38.87888196449989 ], [ 141.761031585822735, 38.409852636839844 ], [ 141.449526653784858, 37.985856900694117 ], [ 140.858652652227107, 38.028623793036196 ], [ 140.566330787776366, 38.498468776935511 ], [ 140.874710442522883, 38.924670187092616 ], [ 141.478160436518095, 38.87888196449989 ] ] ] ] } },
{ "type": "Feature", "properties": { "geogrid_id": "838572213139374890", "seqnum": 29998.0, "lat_c": 38.572213069795374, "lon_c": 139.37489049427643, "res": 8.0, "count_Insects": 67, "count_Birds": 13, "count_Flowering Plants": 56, "count_Sac Fungi": 0, "count_Amphibians": 1, "count_Molluscs": 13, "count_Arachnids": 3, "count_Mosses": 3, "count_Mammals": 1, "count_Basidiomycota": 0, "count_Gymnosperms": 1, "count_Reptiles": 3, "count_Ferns": 5, "unique_species_count": 166.0, "countryCode": "JP" }, "geometry": { "type": "MultiPolygon", "coordinates": [ [ [ [ 139.670242529092718, 39.004481039559948 ], [ 139.970261209197702, 38.537114193144227 ], [ 139.67931445881527, 38.103544224636849 ], [ 139.090581497956293, 38.135983376293304 ], [ 138.780121591297956, 38.603891328068997 ], [ 139.069050526402634, 39.038850457205612 ], [ 139.670242529092718, 39.004481039559948 ] ] ] ] } },
{ "type": "Feature", "properties": { "geogrid_id": "838649808143902188", "seqnum": 30406.0, "lat_c": 38.649808052457558, "lon_c": 143.90218775392762, "res": 8.0, "count_Insects": 0, "count_Birds": 2, "count_Flowering Plants": 0, "count_Sac Fungi": 0, "count_Amphibians": 0, "count_Molluscs": 0, "count_Arachnids": 0, "count_Mosses": 0, "count_Mammals": 1, "count_Basidiomycota": 0, "count_Gymnosperms": 0, "count_Reptiles": 1, "count_Ferns": 0, "unique_species_count": 4.0, "countryCode": "JP" }, "geometry": { "type": "MultiPolygon", "coordinates": [ [ [ [ 144.249588792315734, 39.050126437683005 ], [ 144.511013238514181, 38.578637115667803 ], [ 144.164525556552661, 38.178818184070401 ], [ 143.561554205030859, 38.24445019554723 ], [ 143.294496879861725, 38.714794182717192 ], [ 143.636359710519457, 39.120199260464723 ], [ 144.249588792315734, 39.050126437683005 ] ] ] ] } },
{ "type": "Feature", "properties": { "geogrid_id": "838657367137592073", "seqnum": 29835.0, "lat_c": 38.657366559522394, "lon_c": 137.59207276495155, "res": 8.0, "count_Insects": 0, "count_Birds": 0, "count_Flowering Plants": 0, "count_Sac Fungi": 0, "count_Amphibians": 0, "count_Molluscs": 0, "count_Arachnids": 0, "count_Mosses": 0, "count_Mammals": 1, "count_Basidiomycota": 0, "count_Gymnosperms": 0, "count_Reptiles": 1, "count_Ferns": 0, "unique_species_count": 2.0, "countryCode": "JP" }, "geometry": { "type": "MultiPolygon", "coordinates": [ [ [ [ 137.868382228161124, 39.097143696480238 ], [ 138.185872045331138, 38.632249060130682 ], [ 137.914479626237096, 38.191305976210678 ], [ 137.326961183882645, 38.214323831043018 ], [ 136.998666653270107, 38.679308780596138 ], [ 137.268787197930976, 39.121250552463131 ], [ 137.868382228161124, 39.097143696480238 ] ] ] ] } },
{ "type": "Feature", "properties": { "geogrid_id": "838691698146704637", "seqnum": 30651.0, "lat_c": 38.691698415194672, "lon_c": 146.70463714698255, "res": 8.0, "count_Insects": 0, "count_Birds": 0, "count_Flowering Plants": 0, "count_Sac Fungi": 0, "count_Amphibians": 0, "count_Molluscs": 0, "count_Arachnids": 0, "count_Mosses": 0, "count_Mammals": 0, "count_Basidiomycota": 0, "count_Gymnosperms": 0, "count_Reptiles": 1, "count_Ferns": 0, "unique_species_count": 1.0, "countryCode": "JP" }, "geometry": { "type": "MultiPolygon", "coordinates": [ [ [ [ 147.071555423233207, 39.063327498608949 ], [ 147.313973698741762, 38.574391485271427 ], [ 146.948986092379613, 38.206424738932661 ], [ 146.341136744623952, 38.316471237678869 ], [ 146.09193008087837, 38.79575588510238 ], [ 146.456657080777603, 39.173931426089005 ], [ 147.071555423233207, 39.063327498608949 ] ] ] ] } },
{ "type": "Feature", "properties": { "geogrid_id": "838713870135812857", "seqnum": 29672.0, "lat_c": 38.71386974343357, "lon_c": 135.81285748168335, "res": 8.0, "count_Insects": 0, "count_Birds": 0, "count_Flowering Plants": 0, "count_Sac Fungi": 0, "count_Amphibians": 0, "count_Molluscs": 0, "count_Arachnids": 0, "count_Mosses": 0, "count_Mammals": 2, "count_Basidiomycota": 0, "count_Gymnosperms": 0, "count_Reptiles": 1, "count_Ferns": 0, "unique_species_count": 3.0, "countryCode": "JP" }, "geometry": { "type": "MultiPolygon", "coordinates": [ [ [ [ 136.070845426555309, 39.159727193197341 ], [ 136.405607253500818, 38.69812867892864 ], [ 136.152720382681565, 38.251312129800603 ], [ 135.565924049329141, 38.265351521697681 ], [ 135.220388476861331, 38.72656793699845 ], [ 135.472430647502165, 39.174200419732024 ], [ 136.070845426555309, 39.159727193197341 ] ] ] ] } },
{ "type": "Feature", "properties": { "geogrid_id": "838742951134036212", "seqnum": 29509.0, "lat_c": 38.742950620112275, "lon_c": 134.03621241241669, "res": 8.0, "count_Insects": 0, "count_Birds": 0, "count_Flowering Plants": 0, "count_Sac Fungi": 0, "count_Amphibians": 0, "count_Molluscs": 0, "count_Arachnids": 0, "count_Mosses": 0, "count_Mammals": 1, "count_Basidiomycota": 0, "count_Gymnosperms": 0, "count_Reptiles": 1, "count_Ferns": 0, "unique_species_count": 2.0, "countryCode": "JP" }, "geometry": { "type": "MultiPolygon", "coordinates": [ [ [ [ 134.276594376318258, 39.193815980590621 ], [ 134.628178576389161, 38.736253199064599 ], [ 134.392859682056354, 38.284647947562704 ], [ 133.806564623550315, 38.289942835511333 ], [ 133.44448012010244, 38.746681367820663 ], [ 133.679142900846557, 39.199020282867323 ], [ 134.276594376318258, 39.193815980590621 ] ] ] ] } },
{ "type": "Feature", "properties": { "geogrid_id": "838828863142082547", "seqnum": 30243.0, "lat_c": 38.828863478868435, "lon_c": 142.082547377314, "res": 8.0, "count_Insects": 28, "count_Birds": 12, "count_Flowering Plants": 222, "count_Sac Fungi": 0, "count_Amphibians": 2, "count_Molluscs": 45, "count_Arachnids": 1, "count_Mosses": 1, "count_Mammals": 1, "count_Basidiomycota": 0, "count_Gymnosperms": 0, "count_Reptiles": 1, "count_Ferns": 11, "unique_species_count": 324.0, "countryCode": "JP" }, "geometry": { "type": "MultiPolygon", "coordinates": [ [ [ [ 142.412534950117816, 39.243216602292073 ], [ 142.68796574871476, 38.774302383526681 ], [ 142.359931240058216, 38.359408746230834 ], [ 141.761031585822735, 38.409852636839844 ], [ 141.478160436518095, 38.87888196449989 ], [ 141.801979525786749, 39.297176333865856 ], [ 142.412534950117816, 39.243216602292073 ] ] ] ] } },
{ "type": "Feature", "properties": { "geogrid_id": "838966472140272101", "seqnum": 30080.0, "lat_c": 38.966472254565353, "lon_c": 140.27210148811241, "res": 8.0, "count_Insects": 91, "count_Birds": 44, "count_Flowering Plants": 161, "count_Sac Fungi": 4, "count_Amphibians": 4, "count_Molluscs": 2, "count_Arachnids": 1, "count_Mosses": 4, "count_Mammals": 1, "count_Basidiomycota": 6, "count_Gymnosperms": 1, "count_Reptiles": 3, "count_Ferns": 7, "unique_species_count": 329.0, "countryCode": "JP" }, "geometry": { "type": "MultiPolygon", "coordinates": [ [ [ [ 140.583395764062857, 39.391762810145636 ], [ 140.874710442522883, 38.924670187092616 ], [ 140.566330787776366, 38.498468776935511 ], [ 139.970261209197702, 38.537114193144227 ], [ 139.670242529092718, 39.004481039559948 ], [ 139.975249583296517, 39.432887218226099 ], [ 140.583395764062857, 39.391762810145636 ] ] ] ] } },
{ "type": "Feature", "properties": { "geogrid_id": "838973408144863528", "seqnum": 30488.0, "lat_c": 38.973408119586551, "lon_c": 144.86352777856888, "res": 8.0, "count_Insects": 0, "count_Birds": 2, "count_Flowering Plants": 0, "count_Sac Fungi": 0, "count_Amphibians": 0, "count_Molluscs": 0, "count_Arachnids": 0, "count_Mosses": 0, "count_Mammals": 0, "count_Basidiomycota": 0, "count_Gymnosperms": 0, "count_Reptiles": 1, "count_Ferns": 0, "unique_species_count": 3.0, "countryCode": "JP" }, "geometry": { "type": "MultiPolygon", "coordinates": [ [ [ [ 145.221243909357156, 39.363719973841896 ], [ 145.477849833196274, 38.889058658105739 ], [ 145.120808886829934, 38.500324734160927 ], [ 144.511013238514181, 38.578637115667803 ], [ 144.249588792315734, 39.050126437683005 ], [ 144.602807071297832, 39.445927149916926 ], [ 145.221243909357156, 39.363719973841896 ] ] ] ] } },
{ "type": "Feature", "properties": { "geogrid_id": "839069704138468452", "seqnum": 29917.0, "lat_c": 39.069704457156185, "lon_c": 138.46845177880829, "res": 8.0, "count_Insects": 0, "count_Birds": 0, "count_Flowering Plants": 0, "count_Sac Fungi": 0, "count_Amphibians": 0, "count_Molluscs": 0, "count_Arachnids": 0, "count_Mosses": 0, "count_Mammals": 1, "count_Basidiomycota": 0, "count_Gymnosperms": 0, "count_Reptiles": 1, "count_Ferns": 0, "unique_species_count": 2.0, "countryCode": "JP" }, "geometry": { "type": "MultiPolygon", "coordinates": [ [ [ [ 138.760943231962045, 39.503702049142994 ], [ 139.069050526402634, 39.038850457205612 ], [ 138.780121591297956, 38.603891328068997 ], [ 138.185872045331138, 38.632249060130682 ], [ 137.868382228161124, 39.097143696480238 ], [ 138.154671510642061, 39.533657847336855 ], [ 138.760943231962045, 39.503702049142994 ] ] ] ] } },
{ "type": "Feature", "properties": { "geogrid_id": "839142093136669621", "seqnum": 29754.0, "lat_c": 39.142092931376268, "lon_c": 136.6696208367606, "res": 8.0, "count_Insects": 0, "count_Birds": 0, "count_Flowering Plants": 0, "count_Sac Fungi": 0, "count_Amphibians": 0, "count_Molluscs": 0, "count_Arachnids": 0, "count_Mosses": 0, "count_Mammals": 1, "count_Basidiomycota": 0, "count_Gymnosperms": 0, "count_Reptiles": 1, "count_Ferns": 0, "unique_species_count": 2.0, "countryCode": "JP" }, "geometry": { "type": "MultiPolygon", "coordinates": [ [ [ [ 136.943655664677038, 39.583164938549153 ], [ 137.268787197930976, 39.121250552463131 ], [ 136.998666653270107, 38.679308780596138 ], [ 136.405607253500818, 38.69812867892864 ], [ 136.070845426555309, 39.159727193197341 ], [ 136.338836316245818, 39.602867520827623 ], [ 136.943655664677038, 39.583164938549153 ] ] ] ] } },
{ "type": "Feature", "properties": { "geogrid_id": "839184372143023992", "seqnum": 30325.0, "lat_c": 39.184372127629267, "lon_c": 143.02399201469737, "res": 8.0, "count_Insects": 0, "count_Birds": 1, "count_Flowering Plants": 0, "count_Sac Fungi": 0, "count_Amphibians": 0, "count_Molluscs": 0, "count_Arachnids": 0, "count_Mosses": 0, "count_Mammals": 1, "count_Basidiomycota": 0, "count_Gymnosperms": 0, "count_Reptiles": 1, "count_Ferns": 0, "unique_species_count": 3.0, "countryCode": "JP" }, "geometry": { "type": "MultiPolygon", "coordinates": [ [ [ [ 143.366917934012946, 39.590003507865745 ], [ 143.636359710519457, 39.120199260464723 ], [ 143.294496879861725, 38.714794182717192 ], [ 142.68796574871476, 38.774302383526681 ], [ 142.412534950117816, 39.243216602292073 ], [ 142.749872616200207, 39.65323513155721 ], [ 143.366917934012946, 39.590003507865745 ] ] ] ] } },
{ "type": "Feature", "properties": { "geogrid_id": "839185552134874353", "seqnum": 29591.0, "lat_c": 39.185552189798038, "lon_c": 134.87435285212629, "res": 8.0, "count_Insects": 0, "count_Birds": 0, "count_Flowering Plants": 0, "count_Sac Fungi": 0, "count_Amphibians": 0, "count_Molluscs": 0, "count_Arachnids": 0, "count_Mosses": 0, "count_Mammals": 2, "count_Basidiomycota": 0, "count_Gymnosperms": 0, "count_Reptiles": 1, "count_Ferns": 0, "unique_species_count": 3.0, "countryCode": "JP" }, "geometry": { "type": "MultiPolygon", "coordinates": [ [ [ [ 135.130432387612018, 39.632463285138407 ], [ 135.472430647502165, 39.174200419732024 ], [ 135.220388476861331, 38.72656793699845 ], [ 134.628178576389161, 38.736253199064599 ], [ 134.276594376318258, 39.193815980590621 ], [ 134.526807664373763, 39.642447696445458 ], [ 135.130432387612018, 39.632463285138407 ] ] ] ] } },
{ "type": "Feature", "properties": { "geogrid_id": "839273488145839455", "seqnum": 30570.0, "lat_c": 39.273487635658832, "lon_c": 145.83945511951643, "res": 8.0, "count_Insects": 0, "count_Birds": 1, "count_Flowering Plants": 0, "count_Sac Fungi": 0, "count_Amphibians": 0, "count_Molluscs": 0, "count_Arachnids": 0, "count_Mosses": 0, "count_Mammals": 1, "count_Basidiomycota": 0, "count_Gymnosperms": 0, "count_Reptiles": 1, "count_Ferns": 0, "unique_species_count": 3.0, "countryCode": "JP" }, "geometry": { "type": "MultiPolygon", "coordinates": [ [ [ [ 146.205242586217594, 39.654128703219165 ], [ 146.456657080777603, 39.173931426089005 ], [ 146.09193008087837, 38.79575588510238 ], [ 145.477849833196274, 38.889058658105739 ], [ 145.221243909357156, 39.363719973841896 ], [ 145.583642097397501, 39.750061198869865 ], [ 146.205242586217594, 39.654128703219165 ] ] ] ] } },
{ "type": "Feature", "properties": { "geogrid_id": "839346600141192285", "seqnum": 30162.0, "lat_c": 39.346599627901682, "lon_c": 141.19228514873333, "res": 8.0, "count_Insects": 160, "count_Birds": 31, "count_Flowering Plants": 736, "count_Sac Fungi": 13, "count_Amphibians": 4, "count_Molluscs": 3, "count_Arachnids": 77, "count_Mosses": 8, "count_Mammals": 3, "count_Basidiomycota": 36, "count_Gymnosperms": 8, "count_Reptiles": 5, "count_Ferns": 46, "unique_species_count": 1130.0, "countryCode": "JP" }, "geometry": { "type": "MultiPolygon", "coordinates": [ [ [ [ 141.517928537713004, 39.764472698696459 ], [ 141.801979525786749, 39.297176333865856 ], [ 141.478160436518095, 38.87888196449989 ], [ 140.874710442522883, 38.924670187092616 ], [ 140.583395764062857, 39.391762810145636 ], [ 140.903033931055717, 39.813156483714884 ], [ 141.517928537713004, 39.764472698696459 ] ] ] ] } },
{ "type": "Feature", "properties": { "geogrid_id": "839470152139367785", "seqnum": 29999.0, "lat_c": 39.470151719991627, "lon_c": 139.36778486227905, "res": 8.0, "count_Insects": 2, "count_Birds": 43, "count_Flowering Plants": 1, "count_Sac Fungi": 0, "count_Amphibians": 0, "count_Molluscs": 1, "count_Arachnids": 0, "count_Mosses": 0, "count_Mammals": 1, "count_Basidiomycota": 0, "count_Gymnosperms": 0, "count_Reptiles": 1, "count_Ferns": 0, "unique_species_count": 49.0, "countryCode": "JP" }, "geometry": { "type": "MultiPolygon", "coordinates": [ [ [ [ 139.675268757604982, 39.897891639006694 ], [ 139.975249583296517, 39.432887218226099 ], [ 139.670242529092718, 39.004481039559948 ], [ 139.069050526402634, 39.038850457205612 ], [ 138.760943231962045, 39.503702049142994 ], [ 139.062324318840922, 39.934308256574816 ], [ 139.675268757604982, 39.897891639006694 ] ] ] ] } },
{ "type": "Feature", "properties": { "geogrid_id": "839521100143984610", "seqnum": 30407.0, "lat_c": 39.521099982135141, "lon_c": 143.98460979433969, "res": 8.0, "count_Insects": 0, "count_Birds": 2, "count_Flowering Plants": 0, "count_Sac Fungi": 0, "count_Amphibians": 0, "count_Molluscs": 0, "count_Arachnids": 0, "count_Mosses": 0, "count_Mammals": 1, "count_Basidiomycota": 0, "count_Gymnosperms": 0, "count_Reptiles": 1, "count_Ferns": 0, "unique_species_count": 4.0, "countryCode": "JP" }, "geometry": { "type": "MultiPolygon", "coordinates": [ [ [ [ 144.338531210373617, 39.917897028320176 ], [ 144.602807071297832, 39.445927149916926 ], [ 144.249588792315734, 39.050126437683005 ], [ 143.636359710519457, 39.120199260464723 ], [ 143.366917934012946, 39.590003507865745 ], [ 143.715965893354081, 39.991548793043364 ], [ 144.338531210373617, 39.917897028320176 ] ] ] ] } },
{ "type": "Feature", "properties": { "geogrid_id": "839548603146825108", "seqnum": 30652.0, "lat_c": 39.548603030981063, "lon_c": 146.82510820541995, "res": 8.0, "count_Insects": 0, "count_Birds": 0, "count_Flowering Plants": 0, "count_Sac Fungi": 0, "count_Amphibians": 0, "count_Molluscs": 0, "count_Arachnids": 0, "count_Mosses": 0, "count_Mammals": 0, "count_Basidiomycota": 0, "count_Gymnosperms": 0, "count_Reptiles": 1, "count_Ferns": 0, "unique_species_count": 1.0, "countryCode": "JP" }, "geometry": { "type": "MultiPolygon", "coordinates": [ [ [ [ 147.197190889433728, 39.920176394352879 ], [ 147.441834409175812, 39.431852718846486 ], [ 147.071555423233207, 39.063327498608949 ], [ 146.456657080777603, 39.173931426089005 ], [ 146.205242586217594, 39.654128703219165 ], [ 146.575000999060563, 40.031396138701737 ], [ 147.197190889433728, 39.920176394352879 ] ] ] ] } },
{ "type": "Feature", "properties": { "geogrid_id": "839560118137548923", "seqnum": 29836.0, "lat_c": 39.560118033427926, "lon_c": 137.54892257659691, "res": 8.0, "count_Insects": 0, "count_Birds": 0, "count_Flowering Plants": 0, "count_Sac Fungi": 0, "count_Amphibians": 0, "count_Molluscs": 0, "count_Arachnids": 0, "count_Mosses": 0, "count_Mammals": 1, "count_Basidiomycota": 0, "count_Gymnosperms": 0, "count_Reptiles": 1, "count_Ferns": 0, "unique_species_count": 2.0, "countryCode": "JP" }, "geometry": { "type": "MultiPolygon", "coordinates": [ [ [ [ 137.838124285560269, 39.995928883321895 ], [ 138.154671510642061, 39.533657847336855 ], [ 137.868382228161124, 39.097143696480238 ], [ 137.268787197930976, 39.121250552463131 ], [ 136.943655664677038, 39.583164938549153 ], [ 137.226801177366639, 40.021342812041645 ], [ 137.838124285560269, 39.995928883321895 ] ] ] ] } },
{ "type": "Feature", "properties": { "geogrid_id": "839619284135734436", "seqnum": 29673.0, "lat_c": 39.619283886745471, "lon_c": 135.7344361274873, "res": 8.0, "count_Insects": 0, "count_Birds": 0, "count_Flowering Plants": 0, "count_Sac Fungi": 0, "count_Amphibians": 0, "count_Molluscs": 0, "count_Arachnids": 0, "count_Mosses": 0, "count_Mammals": 1, "count_Basidiomycota": 0, "count_Gymnosperms": 0, "count_Reptiles": 1, "count_Ferns": 0, "unique_species_count": 2.0, "countryCode": "JP" }, "geometry": { "type": "MultiPolygon", "coordinates": [ [ [ [ 136.005569495261597, 40.061785108500978 ], [ 136.338836316245818, 39.602867520827623 ], [ 136.070845426555309, 39.159727193197341 ], [ 135.472430647502165, 39.174200419732024 ], [ 135.130432387612018, 39.632463285138407 ], [ 135.395618195055988, 40.076940824815033 ], [ 136.005569495261597, 40.061785108500978 ] ] ] ] } },
{ "type": "Feature", "properties": { "geogrid_id": "839649273133923549", "seqnum": 29510.0, "lat_c": 39.64927310865351, "lon_c": 133.92354937245386, "res": 8.0, "count_Insects": 0, "count_Birds": 0, "count_Flowering Plants": 0, "count_Sac Fungi": 0, "count_Amphibians": 0, "count_Molluscs": 5, "count_Arachnids": 0, "count_Mosses": 0, "count_Mammals": 1, "count_Basidiomycota": 0, "count_Gymnosperms": 0, "count_Reptiles": 1, "count_Ferns": 0, "unique_species_count": 7.0, "countryCode": "JP" }, "geometry": { "type": "MultiPolygon", "coordinates": [ [ [ [ 134.176969998921322, 40.0973744886345 ], [ 134.526807664373763, 39.642447696445458 ], [ 134.276594376318258, 39.193815980590621 ], [ 133.679142900846557, 39.199020282867323 ], [ 133.320649346241481, 39.65297054875689 ], [ 133.56825531180337, 40.102733533111753 ], [ 134.176969998921322, 40.0973744886345 ] ] ] ] } },
{ "type": "Feature", "properties": { "geogrid_id": "839711266142133537", "seqnum": 30244.0, "lat_c": 39.71126629481418, "lon_c": 142.13353743341517, "res": 8.0, "count_Insects": 40, "count_Birds": 32, "count_Flowering Plants": 538, "count_Sac Fungi": 0, "count_Amphibians": 3, "count_Molluscs": 10, "count_Arachnids": 1, "count_Mosses": 0, "count_Mammals": 3, "count_Basidiomycota": 3, "count_Gymnosperms": 4, "count_Reptiles": 7, "count_Ferns": 34, "unique_species_count": 675.0, "countryCode": "JP" }, "geometry": { "type": "MultiPolygon", "coordinates": [ [ [ [ 142.47198991322, 40.121411947214476 ], [ 142.749872616200207, 39.65323513155721 ], [ 142.412534950117816, 39.243216602292073 ], [ 141.801979525786749, 39.297176333865856 ], [ 141.517928537713004, 39.764472698696459 ], [ 141.850784678293309, 40.178508029483574 ], [ 142.47198991322, 40.121411947214476 ] ] ] ] } },
{ "type": "Feature", "properties": { "geogrid_id": "839797643147815497", "seqnum": 30734.0, "lat_c": 39.797643255343907, "lon_c": 147.81549718982376, "res": 8.0, "count_Insects": 0, "count_Birds": 0, "count_Flowering Plants": 0, "count_Sac Fungi": 0, "count_Amphibians": 0, "count_Molluscs": 0, "count_Arachnids": 0, "count_Mosses": 0, "count_Mammals": 0, "count_Basidiomycota": 0, "count_Gymnosperms": 0, "count_Reptiles": 1, "count_Ferns": 0, "unique_species_count": 1.0, "countryCode": "JP" }, "geometry": { "type": "MultiPolygon", "coordinates": [ [ [ [ 148.192609798095845, 40.160977795092393 ], [ 148.427733586086418, 39.661830252347784 ], [ 148.053245541224328, 39.301738589380122 ], [ 147.441834409175812, 39.431852718846486 ], [ 147.197190889433728, 39.920176394352879 ], [ 147.572890562233852, 40.288968025259329 ], [ 148.192609798095845, 40.160977795092393 ] ] ] ] } },
{ "type": "Feature", "properties": { "geogrid_id": "839837658144961212", "seqnum": 30489.0, "lat_c": 39.837657712304882, "lon_c": 144.96121185526553, "res": 8.0, "count_Insects": 0, "count_Birds": 1, "count_Flowering Plants": 0, "count_Sac Fungi": 0, "count_Amphibians": 0, "count_Molluscs": 0, "count_Arachnids": 0, "count_Mosses": 0, "count_Mammals": 1, "count_Basidiomycota": 0, "count_Gymnosperms": 0, "count_Reptiles": 1, "count_Ferns": 0, "unique_species_count": 3.0, "countryCode": "JP" }, "geometry": { "type": "MultiPolygon", "coordinates": [ [ [ [ 145.324388202196445, 40.225698190946453 ], [ 145.583642097397501, 39.750061198869865 ], [ 145.221243909357156, 39.363719973841896 ], [ 144.602807071297832, 39.445927149916926 ], [ 144.338531210373617, 39.917897028320176 ], [ 144.697631857556871, 40.310939884303593 ], [ 145.324388202196445, 40.225698190946453 ] ] ] ] } },
{ "type": "Feature", "properties": { "geogrid_id": "839857563140288826", "seqnum": 30081.0, "lat_c": 39.857562694871937, "lon_c": 140.28882585866648, "res": 8.0, "count_Insects": 257, "count_Birds": 38, "count_Flowering Plants": 180, "count_Sac Fungi": 13, "count_Amphibians": 7, "count_Molluscs": 6, "count_Arachnids": 10, "count_Mosses": 0, "count_Mammals": 3, "count_Basidiomycota": 27, "count_Gymnosperms": 3, "count_Reptiles": 8, "count_Ferns": 12, "unique_species_count": 564.0, "countryCode": "JP" }, "geometry": { "type": "MultiPolygon", "coordinates": [ [ [ [ 140.610121244436868, 40.278654178128072 ], [ 140.903033931055717, 39.813156483714884 ], [ 140.583395764062857, 39.391762810145636 ], [ 139.975249583296517, 39.432887218226099 ], [ 139.675268757604982, 39.897891639006694 ], [ 139.990665277153568, 40.322186385967164 ], [ 140.610121244436868, 40.278654178128072 ] ] ] ] } },
{ "type": "Feature", "properties": { "geogrid_id": "839966949138449955", "seqnum": 29918.0, "lat_c": 39.966949299935521, "lon_c": 138.44995466390662, "res": 8.0, "count_Insects": 0, "count_Birds": 0, "count_Flowering Plants": 1, "count_Sac Fungi": 1, "count_Amphibians": 0, "count_Molluscs": 0, "count_Arachnids": 0, "count_Mosses": 0, "count_Mammals": 1, "count_Basidiomycota": 0, "count_Gymnosperms": 0, "count_Reptiles": 1, "count_Ferns": 0, "unique_species_count": 4.0, "countryCode": "JP" }, "geometry": { "type": "MultiPolygon", "coordinates": [ [ [ [ 138.753433649797529, 40.397082959429156 ], [ 139.062324318840922, 39.934308256574816 ], [ 138.760943231962045, 39.503702049142994 ], [ 138.154671510642061, 39.533657847336855 ], [ 137.838124285560269, 39.995928883321895 ], [ 138.135617725167464, 40.428726738671394 ], [ 138.753433649797529, 40.397082959429156 ] ] ] ] } },
{ "type": "Feature", "properties": { "geogrid_id": "840043272136615957", "seqnum": 29755.0, "lat_c": 40.043271987794256, "lon_c": 136.61595743220238, "res": 8.0, "count_Insects": 0, "count_Birds": 0, "count_Flowering Plants": 0, "count_Sac Fungi": 0, "count_Amphibians": 0, "count_Molluscs": 0, "count_Arachnids": 0, "count_Mosses": 0, "count_Mammals": 1, "count_Basidiomycota": 0, "count_Gymnosperms": 0, "count_Reptiles": 1, "count_Ferns": 0, "unique_species_count": 2.0, "countryCode": "JP" }, "geometry": { "type": "MultiPolygon", "coordinates": [ [ [ [ 136.90148500181715, 40.48094906043837 ], [ 137.226801177366639, 40.021342812041645 ], [ 136.943655664677038, 39.583164938549153 ], [ 136.338836316245818, 39.602867520827623 ], [ 136.005569495261597, 40.061785108500978 ], [ 136.285133255432271, 40.501698144337702 ], [ 136.90148500181715, 40.48094906043837 ] ] ] ] } },
{ "type": "Feature", "properties": { "geogrid_id": "840059224143093741", "seqnum": 30326.0, "lat_c": 40.059223973264345, "lon_c": 143.09374115634122, "res": 8.0, "count_Insects": 0, "count_Birds": 1, "count_Flowering Plants": 0, "count_Sac Fungi": 0, "count_Amphibians": 0, "count_Molluscs": 0, "count_Arachnids": 0, "count_Mosses": 0, "count_Mammals": 2, "count_Basidiomycota": 0, "count_Gymnosperms": 0, "count_Reptiles": 1, "count_Ferns": 0, "unique_species_count": 4.0, "countryCode": "JP" }, "geometry": { "type": "MultiPolygon", "coordinates": [ [ [ [ 143.443542943497562, 40.46146321872709 ], [ 143.715965893354081, 39.991548793043364 ], [ 143.366917934012946, 39.590003507865745 ], [ 142.749872616200207, 39.65323513155721 ], [ 142.47198991322, 40.121411947214476 ], [ 142.81670750311963, 40.527858648050035 ], [ 143.443542943497562, 40.46146321872709 ] ] ] ] } },
{ "type": "Feature", "properties": { "geogrid_id": "840088789134786089", "seqnum": 29592.0, "lat_c": 40.088789474807832, "lon_c": 134.7860886347728, "res": 8.0, "count_Insects": 0, "count_Birds": 0, "count_Flowering Plants": 0, "count_Sac Fungi": 0, "count_Amphibians": 0, "count_Molluscs": 0, "count_Arachnids": 0, "count_Mosses": 0, "count_Mammals": 1, "count_Basidiomycota": 0, "count_Gymnosperms": 0, "count_Reptiles": 1, "count_Ferns": 0, "unique_species_count": 2.0, "countryCode": "JP" }, "geometry": { "type": "MultiPolygon", "coordinates": [ [ [ [ 135.053792176257588, 40.532811801536624 ], [ 135.395618195055988, 40.076940824815033 ], [ 135.130432387612018, 39.632463285138407 ], [ 134.526807664373763, 39.642447696445458 ], [ 134.176969998921322, 40.0973744886345 ], [ 134.438785273543715, 40.543285358035313 ], [ 135.053792176257588, 40.532811801536624 ] ] ] ] } },
{ "type": "Feature", "properties": { "geogrid_id": "840132835145950402", "seqnum": 30571.0, "lat_c": 40.132835198261539, "lon_c": 145.95040166824927, "res": 8.0, "count_Insects": 0, "count_Birds": 0, "count_Flowering Plants": 0, "count_Sac Fungi": 0, "count_Amphibians": 0, "count_Molluscs": 0, "count_Arachnids": 0, "count_Mosses": 0, "count_Mammals": 0, "count_Basidiomycota": 0, "count_Gymnosperms": 0, "count_Reptiles": 1, "count_Ferns": 0, "unique_species_count": 1.0, "countryCode": "JP" }, "geometry": { "type": "MultiPolygon", "coordinates": [ [ [ [ 146.32133374788873, 40.512374589337369 ], [ 146.575000999060563, 40.031396138701737 ], [ 146.205242586217594, 39.654128703219165 ], [ 145.583642097397501, 39.750061198869865 ], [ 145.324388202196445, 40.225698190946453 ], [ 145.692069314831627, 40.610369687608092 ], [ 146.32133374788873, 40.512374589337369 ] ] ] ] } },
{ "type": "Feature", "properties": { "geogrid_id": "840230834141230159", "seqnum": 30163.0, "lat_c": 40.230834094725068, "lon_c": 141.2301588945636, "res": 8.0, "count_Insects": 2876, "count_Birds": 51, "count_Flowering Plants": 538, "count_Sac Fungi": 5, "count_Amphibians": 6, "count_Molluscs": 1, "count_Arachnids": 9, "count_Mosses": 4, "count_Mammals": 8, "count_Basidiomycota": 14, "count_Gymnosperms": 9, "count_Reptiles": 5, "count_Ferns": 25, "unique_species_count": 3551.0, "countryCode": "JP" }, "geometry": { "type": "MultiPolygon", "coordinates": [ [ [ [ 141.564109281155822, 40.644976587985617 ], [ 141.850784678293309, 40.178508029483574 ], [ 141.517928537713004, 39.764472698696459 ], [ 140.903033931055717, 39.813156483714884 ], [ 140.610121244436868, 40.278654178128072 ], [ 140.938470595410081, 40.696313783791162 ], [ 141.564109281155822, 40.644976587985617 ] ] ] ] } },
{ "type": "Feature", "properties": { "geogrid_id": "840361612139371776", "seqnum": 30000.0, "lat_c": 40.361612070654175, "lon_c": 139.37177588571035, "res": 8.0, "count_Insects": 8, "count_Birds": 2, "count_Flowering Plants": 0, "count_Sac Fungi": 0, "count_Amphibians": 0, "count_Molluscs": 1, "count_Arachnids": 0, "count_Mosses": 0, "count_Mammals": 1, "count_Basidiomycota": 0, "count_Gymnosperms": 0, "count_Reptiles": 1, "count_Ferns": 0, "unique_species_count": 13.0, "countryCode": "JP" }, "geometry": { "type": "MultiPolygon", "coordinates": [ [ [ [ 139.688642037045213, 40.785715257825373 ], [ 139.990665277153568, 40.322186385967164 ], [ 139.675268757604982, 39.897891639006694 ], [ 139.062324318840922, 39.934308256574816 ], [ 138.753433649797529, 40.397082959429156 ], [ 139.064463236653211, 40.824138957852469 ], [ 139.688642037045213, 40.785715257825373 ] ] ] ] } },
{ "type": "Feature", "properties": { "geogrid_id": "840389323144070583", "seqnum": 30408.0, "lat_c": 40.389323318082859, "lon_c": 144.07058339592172, "res": 8.0, "count_Insects": 0, "count_Birds": 2, "count_Flowering Plants": 0, "count_Sac Fungi": 0, "count_Amphibians": 0, "count_Molluscs": 1, "count_Arachnids": 0, "count_Mosses": 0, "count_Mammals": 0, "count_Basidiomycota": 0, "count_Gymnosperms": 0, "count_Reptiles": 1, "count_Ferns": 0, "unique_species_count": 4.0, "countryCode": "JP" }, "geometry": { "type": "MultiPolygon", "coordinates": [ [ [ [ 144.430381076725439, 40.783605781462832 ], [ 144.697631857556871, 40.310939884303593 ], [ 144.338531210373617, 39.917897028320176 ], [ 143.715965893354081, 39.991548793043364 ], [ 143.443542943497562, 40.46146321872709 ], [ 143.798844436575081, 40.860205844865661 ], [ 144.430381076725439, 40.783605781462832 ] ] ] ] } },
{ "type": "Feature", "properties": { "geogrid_id": "840405623146948627", "seqnum": 30653.0, "lat_c": 40.405622658497954, "lon_c": 146.94862748459803, "res": 8.0, "count_Insects": 0, "count_Birds": 2, "count_Flowering Plants": 0, "count_Sac Fungi": 0, "count_Amphibians": 0, "count_Molluscs": 0, "count_Arachnids": 0, "count_Mosses": 0, "count_Mammals": 1, "count_Basidiomycota": 0, "count_Gymnosperms": 0, "count_Reptiles": 1, "count_Ferns": 0, "unique_species_count": 4.0, "countryCode": "JP" }, "geometry": { "type": "MultiPolygon", "coordinates": [ [ [ [ 147.326089188292144, 40.777076251746358 ], [ 147.572890562233852, 40.288968025259329 ], [ 147.197190889433728, 39.920176394352879 ], [ 146.575000999060563, 40.031396138701737 ], [ 146.32133374788873, 40.512374589337369 ], [ 146.696338345646012, 40.888953644732531 ], [ 147.326089188292144, 40.777076251746358 ] ] ] ] } },
{ "type": "Feature", "properties": { "geogrid_id": "840456651137518308", "seqnum": 29837.0, "lat_c": 40.456651462697224, "lon_c": 137.51830773873502, "res": 8.0, "count_Insects": 0, "count_Birds": 0, "count_Flowering Plants": 0, "count_Sac Fungi": 0, "count_Amphibians": 0, "count_Molluscs": 0, "count_Arachnids": 0, "count_Mosses": 0, "count_Mammals": 1, "count_Basidiomycota": 0, "count_Gymnosperms": 0, "count_Reptiles": 1, "count_Ferns": 0, "unique_species_count": 2.0, "countryCode": "JP" }, "geometry": { "type": "MultiPolygon", "coordinates": [ [ [ [ 137.817559065372052, 40.889134180209467 ], [ 138.135617725167464, 40.428726738671394 ], [ 137.838124285560269, 39.995928883321895 ], [ 137.226801177366639, 40.021342812041645 ], [ 136.90148500181715, 40.48094906043837 ], [ 137.194819710457779, 40.915926500497797 ], [ 137.817559065372052, 40.889134180209467 ] ] ] ] } },
{ "type": "Feature", "properties": { "geogrid_id": "840518966135669239", "seqnum": 29674.0, "lat_c": 40.518966275430309, "lon_c": 135.6692390949826, "res": 8.0, "count_Insects": 0, "count_Birds": 0, "count_Flowering Plants": 0, "count_Sac Fungi": 0, "count_Amphibians": 0, "count_Molluscs": 0, "count_Arachnids": 0, "count_Mosses": 0, "count_Mammals": 1, "count_Basidiomycota": 0, "count_Gymnosperms": 0, "count_Reptiles": 1, "count_Ferns": 0, "unique_species_count": 2.0, "countryCode": "JP" }, "geometry": { "type": "MultiPolygon", "coordinates": [ [ [ [ 135.950732297601604, 40.958541317966656 ], [ 136.285133255432271, 40.501698144337702 ], [ 136.005569495261597, 40.061785108500978 ], [ 135.395618195055988, 40.076940824815033 ], [ 135.053792176257588, 40.532811801536624 ], [ 135.329374367382115, 40.974505498784417 ], [ 135.950732297601604, 40.958541317966656 ] ] ] ] } },
{ "type": "Feature", "properties": { "geogrid_id": "840588918142190204", "seqnum": 30245.0, "lat_c": 40.588917739787938, "lon_c": 142.19020350917734, "res": 8.0, "count_Insects": 1, "count_Birds": 5, "count_Flowering Plants": 2, "count_Sac Fungi": 0, "count_Amphibians": 0, "count_Molluscs": 0, "count_Arachnids": 0, "count_Mosses": 0, "count_Mammals": 0, "count_Basidiomycota": 0, "count_Gymnosperms": 0, "count_Reptiles": 2, "count_Ferns": 0, "unique_species_count": 10.0, "countryCode": "JP" }, "geometry": { "type": "MultiPolygon", "coordinates": [ [ [ [ 142.535692982244399, 40.995902069599602 ], [ 142.81670750311963, 40.527858648050035 ], [ 142.47198991322, 40.121411947214476 ], [ 141.850784678293309, 40.178508029483574 ], [ 141.564109281155822, 40.644976587985617 ], [ 141.904376227057014, 41.05575888054269 ], [ 142.535692982244399, 40.995902069599602 ] ] ] ] } },
{ "type": "Feature", "properties": { "geogrid_id": "840655226147952240", "seqnum": 30735.0, "lat_c": 40.655226279424674, "lon_c": 147.952240016123, "res": 8.0, "count_Insects": 0, "count_Birds": 2, "count_Flowering Plants": 0, "count_Sac Fungi": 0, "count_Amphibians": 0, "count_Molluscs": 0, "count_Arachnids": 0, "count_Mosses": 0, "count_Mammals": 0, "count_Basidiomycota": 0, "count_Gymnosperms": 0, "count_Reptiles": 1, "count_Ferns": 0, "unique_species_count": 3.0, "countryCode": "JP" }, "geometry": { "type": "MultiPolygon", "coordinates": [ [ [ [ 148.335301261868835, 41.019146923616894 ], [ 148.573261335063961, 40.522068489302342 ], [ 148.192609798095845, 40.160977795092393 ], [ 147.572890562233852, 40.288968025259329 ], [ 147.326089188292144, 40.777076251746358 ], [ 147.707399292879927, 41.145973350825273 ], [ 148.335301261868835, 41.019146923616894 ] ] ] ] } },
{ "type": "Feature", "properties": { "geogrid_id": "840700531145061578", "seqnum": 30490.0, "lat_c": 40.700530680021501, "lon_c": 145.06157783999674, "res": 8.0, "count_Insects": 0, "count_Birds": 2, "count_Flowering Plants": 1, "count_Sac Fungi": 0, "count_Amphibians": 0, "count_Molluscs": 0, "count_Arachnids": 0, "count_Mosses": 0, "count_Mammals": 0, "count_Basidiomycota": 0, "count_Gymnosperms": 0, "count_Reptiles": 1, "count_Ferns": 0, "unique_species_count": 4.0, "countryCode": "JP" }, "geometry": { "type": "MultiPolygon", "coordinates": [ [ [ [ 145.430148607051308, 41.086929188902836 ], [ 145.692069314831627, 40.610369687608092 ], [ 145.324388202196445, 40.225698190946453 ], [ 144.697631857556871, 40.310939884303593 ], [ 144.430381076725439, 40.783605781462832 ], [ 144.7950891953015, 41.174640477566008 ], [ 145.430148607051308, 41.086929188902836 ] ] ] ] } },
{ "type": "Feature", "properties": { "geogrid_id": "840743162140313312", "seqnum": 30082.0, "lat_c": 40.743161690816791, "lon_c": 140.31331152988318, "res": 8.0, "count_Insects": 94, "count_Birds": 62, "count_Flowering Plants": 179, "count_Sac Fungi": 8, "count_Amphibians": 4, "count_Molluscs": 3, "count_Arachnids": 4, "count_Mosses": 19, "count_Mammals": 4, "count_Basidiomycota": 17, "count_Gymnosperms": 6, "count_Reptiles": 7, "count_Ferns": 10, "unique_species_count": 417.0, "countryCode": "JP" }, "geometry": { "type": "MultiPolygon", "coordinates": [ [ [ [ 140.642683805081077, 41.160946043594592 ], [ 140.938470595410081, 40.696313783791162 ], [ 140.610121244436868, 40.278654178128072 ], [ 139.990665277153568, 40.322186385967164 ], [ 139.688642037045213, 40.785715257825373 ], [ 140.012398904453278, 41.206725540658667 ], [ 140.642683805081077, 41.160946043594592 ] ] ] ] } },
{ "type": "Feature", "properties": { "geogrid_id": "840858572138440771", "seqnum": 29919.0, "lat_c": 40.858572291290038, "lon_c": 138.44077110968971, "res": 8.0, "count_Insects": 0, "count_Birds": 0, "count_Flowering Plants": 0, "count_Sac Fungi": 0, "count_Amphibians": 0, "count_Molluscs": 0, "count_Arachnids": 0, "count_Mosses": 0, "count_Mammals": 0, "count_Basidiomycota": 0, "count_Gymnosperms": 0, "count_Reptiles": 1, "count_Ferns": 0, "unique_species_count": 1.0, "countryCode": "JP" }, "geometry": { "type": "MultiPolygon", "coordinates": [ [ [ [ 138.753070439716254, 41.285536762745473 ], [ 139.064463236653211, 40.824138957852469 ], [ 138.753433649797529, 40.397082959429156 ], [ 138.135617725167464, 40.428726738671394 ], [ 137.817559065372052, 40.889134180209467 ], [ 138.124049813788758, 41.318846353206602 ], [ 138.753070439716254, 41.285536762745473 ] ] ] ] } },
{ "type": "Feature", "properties": { "geogrid_id": "840881078148957553", "seqnum": 30817.0, "lat_c": 40.881077784394094, "lon_c": 148.95755318598691, "res": 8.0, "count_Insects": 0, "count_Birds": 1, "count_Flowering Plants": 0, "count_Sac Fungi": 0, "count_Amphibians": 0, "count_Molluscs": 0, "count_Arachnids": 0, "count_Mosses": 0, "count_Mammals": 0, "count_Basidiomycota": 0, "count_Gymnosperms": 0, "count_Reptiles": 1, "count_Ferns": 0, "unique_species_count": 2.0, "countryCode": "JP" }, "geometry": { "type": "MultiPolygon", "coordinates": [ [ [ [ 149.345593120230149, 41.238130417827733 ], [ 149.572082259032129, 40.730251034875309 ], [ 149.187027129164392, 40.37594960993512 ], [ 148.573261335063961, 40.522068489302342 ], [ 148.335301261868835, 41.019146923616894 ], [ 148.722154587078847, 41.380884717186866 ], [ 149.345593120230149, 41.238130417827733 ] ] ] ] } },
{ "type": "Feature", "properties": { "geogrid_id": "840930833143167223", "seqnum": 30327.0, "lat_c": 40.930832879523827, "lon_c": 143.16722283734683, "res": 8.0, "count_Insects": 0, "count_Birds": 1, "count_Flowering Plants": 0, "count_Sac Fungi": 0, "count_Amphibians": 0, "count_Molluscs": 0, "count_Arachnids": 0, "count_Mosses": 0, "count_Mammals": 0, "count_Basidiomycota": 0, "count_Gymnosperms": 0, "count_Reptiles": 1, "count_Ferns": 0, "unique_species_count": 2.0, "countryCode": "JP" }, "geometry": { "type": "MultiPolygon", "coordinates": [ [ [ [ 143.523192019338296, 41.330540695459135 ], [ 143.798844436575081, 40.860205844865661 ], [ 143.443542943497562, 40.46146321872709 ], [ 142.81670750311963, 40.527858648050035 ], [ 142.535692982244399, 40.995902069599602 ], [ 142.886883331098261, 41.399646633663622 ], [ 143.523192019338296, 41.330540695459135 ] ] ] ] } },
{ "type": "Feature", "properties": { "geogrid_id": "840939037136572546", "seqnum": 29756.0, "lat_c": 40.939036938905197, "lon_c": 136.57254605209047, "res": 8.0, "count_Insects": 0, "count_Birds": 0, "count_Flowering Plants": 0, "count_Sac Fungi": 0, "count_Amphibians": 0, "count_Molluscs": 0, "count_Arachnids": 0, "count_Mosses": 0, "count_Mammals": 1, "count_Basidiomycota": 0, "count_Gymnosperms": 0, "count_Reptiles": 1, "count_Ferns": 0, "unique_species_count": 2.0, "countryCode": "JP" }, "geometry": { "type": "MultiPolygon", "coordinates": [ [ [ [ 136.867324650510881, 41.373829621236801 ], [ 137.194819710457779, 40.915926500497797 ], [ 136.90148500181715, 40.48094906043837 ], [ 136.285133255432271, 40.501698144337702 ], [ 135.950732297601604, 40.958541317966656 ], [ 136.239627220208661, 41.39568245321059 ], [ 136.867324650510881, 41.373829621236801 ] ] ] ] } },
{ "type": "Feature", "properties": { "geogrid_id": "840991943146064092", "seqnum": 30572.0, "lat_c": 40.991942757999794, "lon_c": 146.06409167248603, "res": 8.0, "count_Insects": 1, "count_Birds": 0, "count_Flowering Plants": 0, "count_Sac Fungi": 0, "count_Amphibians": 0, "count_Molluscs": 0, "count_Arachnids": 0, "count_Mosses": 0, "count_Mammals": 0, "count_Basidiomycota": 0, "count_Gymnosperms": 0, "count_Reptiles": 1, "count_Ferns": 0, "unique_species_count": 2.0, "countryCode": "JP" }, "geometry": { "type": "MultiPolygon", "coordinates": [ [ [ [ 146.440364807320265, 41.370645045312358 ], [ 146.696338345646012, 40.888953644732531 ], [ 146.32133374788873, 40.512374589337369 ], [ 145.692069314831627, 40.610369687608092 ], [ 145.430148607051308, 41.086929188902836 ], [ 145.80320587156848, 41.470357987293028 ], [ 146.440364807320265, 41.370645045312358 ] ] ] ] } },
{ "type": "Feature", "properties": { "geogrid_id": "841082838149960906", "seqnum": 30899.0, "lat_c": 41.082837707066552, "lon_c": 149.96090560044232, "res": 8.0, "count_Insects": 0, "count_Birds": 0, "count_Flowering Plants": 0, "count_Sac Fungi": 0, "count_Amphibians": 0, "count_Molluscs": 0, "count_Arachnids": 0, "count_Mosses": 0, "count_Mammals": 0, "count_Basidiomycota": 0, "count_Gymnosperms": 0, "count_Reptiles": 1, "count_Ferns": 0, "unique_species_count": 1.0, "countryCode": "JP" }, "geometry": { "type": "MultiPolygon", "coordinates": [ [ [ [ 150.353615656402667, 41.433771927015627 ], [ 150.565413559999854, 40.913329395759611 ], [ 150.176067822816947, 40.564811148769692 ], [ 149.572082259032129, 40.730251034875309 ], [ 149.345593120230149, 41.238130417827733 ], [ 149.737492072349113, 41.593322090885572 ], [ 150.353615656402667, 41.433771927015627 ] ] ] ] } },
{ "type": "Feature", "properties": { "geogrid_id": "841110692141273355", "seqnum": 30164.0, "lat_c": 41.110692435492759, "lon_c": 141.27335486916024, "res": 8.0, "count_Insects": 62, "count_Birds": 32, "count_Flowering Plants": 70, "count_Sac Fungi": 1, "count_Amphibians": 6, "count_Molluscs": 21, "count_Arachnids": 7, "count_Mosses": 2, "count_Mammals": 6, "count_Basidiomycota": 6, "count_Gymnosperms": 0, "count_Reptiles": 5, "count_Ferns": 2, "unique_species_count": 220.0, "countryCode": "JP" }, "geometry": { "type": "MultiPolygon", "coordinates": [ [ [ [ 141.614371191216037, 41.521935711986096 ], [ 141.904376227057014, 41.05575888054269 ], [ 141.564109281155822, 40.644976587985617 ], [ 140.938470595410081, 40.696313783791162 ], [ 140.642683805081077, 41.160946043594592 ], [ 140.978370355711803, 41.575666188620424 ], [ 141.614371191216037, 41.521935711986096 ] ] ] ] } },
{ "type": "Feature", "properties": { "geogrid_id": "841248206139382523", "seqnum": 30001.0, "lat_c": 41.248205939062785, "lon_c": 139.38252304073615, "res": 8.0, "count_Insects": 1, "count_Birds": 0, "count_Flowering Plants": 0, "count_Sac Fungi": 0, "count_Amphibians": 0, "count_Molluscs": 0, "count_Arachnids": 0, "count_Mosses": 0, "count_Mammals": 1, "count_Basidiomycota": 0, "count_Gymnosperms": 0, "count_Reptiles": 1, "count_Ferns": 0, "unique_species_count": 3.0, "countryCode": "JP" }, "geometry": { "type": "MultiPolygon", "coordinates": [ [ [ [ 139.707195185727613, 41.669376290644855 ], [ 140.012398904453278, 41.206725540658667 ], [ 139.688642037045213, 40.785715257825373 ], [ 139.064463236653211, 40.824138957852469 ], [ 138.753070439716254, 41.285536762745473 ], [ 139.072099299105901, 41.709697154482065 ], [ 139.707195185727613, 41.669376290644855 ] ] ] ] } },
{ "type": "Feature", "properties": { "geogrid_id": "841255678144159335", "seqnum": 30409.0, "lat_c": 41.255677789635186, "lon_c": 144.1593348741379, "res": 8.0, "count_Insects": 0, "count_Birds": 1, "count_Flowering Plants": 0, "count_Sac Fungi": 0, "count_Amphibians": 0, "count_Molluscs": 0, "count_Arachnids": 0, "count_Mosses": 0, "count_Mammals": 0, "count_Basidiomycota": 0, "count_Gymnosperms": 0, "count_Reptiles": 1, "count_Ferns": 0, "unique_species_count": 2.0, "countryCode": "JP" }, "geometry": { "type": "MultiPolygon", "coordinates": [ [ [ [ 144.524796310920209, 41.648079273776567 ], [ 144.7950891953015, 41.174640477566008 ], [ 144.430381076725439, 40.783605781462832 ], [ 143.798844436575081, 40.860205844865661 ], [ 143.523192019338296, 41.330540695459135 ], [ 143.884366062145318, 41.727167668720533 ], [ 144.524796310920209, 41.648079273776567 ] ] ] ] } },
{ "type": "Feature", "properties": { "geogrid_id": "841262799147075376", "seqnum": 30654.0, "lat_c": 41.262798672366998, "lon_c": 147.07537639078058, "res": 8.0, "count_Insects": 0, "count_Birds": 2, "count_Flowering Plants": 0, "count_Sac Fungi": 0, "count_Amphibians": 0, "count_Molluscs": 0, "count_Arachnids": 0, "count_Mosses": 0, "count_Mammals": 0, "count_Basidiomycota": 0, "count_Gymnosperms": 0, "count_Reptiles": 1, "count_Ferns": 0, "unique_species_count": 3.0, "countryCode": "JP" }, "geometry": { "type": "MultiPolygon", "coordinates": [ [ [ [ 147.458451216136723, 41.63409650759214 ], [ 147.707399292879927, 41.145973350825273 ], [ 147.326089188292144, 40.777076251746358 ], [ 146.696338345646012, 40.888953644732531 ], [ 146.440364807320265, 41.370645045312358 ], [ 146.820850653454613, 41.746667908520223 ], [ 147.458451216136723, 41.63409650759214 ] ] ] ] } },
{ "type": "Feature", "properties": { "geogrid_id": "841348245137495467", "seqnum": 29838.0, "lat_c": 41.348245365300315, "lon_c": 137.4954666156188, "res": 8.0, "count_Insects": 0, "count_Birds": 0, "count_Flowering Plants": 0, "count_Sac Fungi": 0, "count_Amphibians": 0, "count_Molluscs": 0, "count_Arachnids": 0, "count_Mosses": 0, "count_Mammals": 1, "count_Basidiomycota": 0, "count_Gymnosperms": 0, "count_Reptiles": 1, "count_Ferns": 0, "unique_species_count": 2.0, "countryCode": "JP" }, "geometry": { "type": "MultiPolygon", "coordinates": [ [ [ [ 137.803018639581012, 41.777955467712431 ], [ 138.124049813788758, 41.318846353206602 ], [ 137.817559065372052, 40.889134180209467 ], [ 137.194819710457779, 40.915926500497797 ], [ 136.867324650510881, 41.373829621236801 ], [ 137.16906901115874, 41.806114122709502 ], [ 137.803018639581012, 41.777955467712431 ] ] ] ] } },
{ "type": "Feature", "properties": { "geogrid_id": "841463346142250571", "seqnum": 30246.0, "lat_c": 41.463346274693095, "lon_c": 142.25057058207176, "res": 8.0, "count_Insects": 0, "count_Birds": 3, "count_Flowering Plants": 0, "count_Sac Fungi": 0, "count_Amphibians": 0, "count_Molluscs": 0, "count_Arachnids": 0, "count_Mosses": 0, "count_Mammals": 2, "count_Basidiomycota": 0, "count_Gymnosperms": 0, "count_Reptiles": 1, "count_Ferns": 0, "unique_species_count": 6.0, "countryCode": "JP" }, "geometry": { "type": "MultiPolygon", "coordinates": [ [ [ [ 142.602397861474714, 41.86789254118731 ], [ 142.886883331098261, 41.399646633663622 ], [ 142.535692982244399, 40.995902069599602 ], [ 141.904376227057014, 41.05575888054269 ], [ 141.614371191216037, 41.521935711986096 ], [ 141.961209671835633, 41.930181345239056 ], [ 142.602397861474714, 41.86789254118731 ] ] ] ] } },
{ "type": "Feature", "properties": { "geogrid_id": "841512489148092602", "seqnum": 30736.0, "lat_c": 41.512489083367157, "lon_c": 148.0926017493, "res": 8.0, "count_Insects": 0, "count_Birds": 2, "count_Flowering Plants": 0, "count_Sac Fungi": 0, "count_Amphibians": 0, "count_Molluscs": 0, "count_Arachnids": 0, "count_Mosses": 0, "count_Mammals": 2, "count_Basidiomycota": 0, "count_Gymnosperms": 0, "count_Reptiles": 1, "count_Ferns": 0, "unique_species_count": 5.0, "countryCode": "JP" }, "geometry": { "type": "MultiPolygon", "coordinates": [ [ [ [ 148.481761404664297, 41.876765253797991 ], [ 148.722154587078847, 41.380884717186866 ], [ 148.335301261868835, 41.019146923616894 ], [ 147.707399292879927, 41.145973350825273 ], [ 147.458451216136723, 41.63409650759214 ], [ 147.84559611922964, 42.00300139640121 ], [ 148.481761404664297, 41.876765253797991 ] ] ] ] } },
{ "type": "Feature", "properties": { "geogrid_id": "841562640145164527", "seqnum": 30491.0, "lat_c": 41.562640347214924, "lon_c": 145.16452674602786, "res": 8.0, "count_Insects": 0, "count_Birds": 2, "count_Flowering Plants": 0, "count_Sac Fungi": 0, "count_Amphibians": 0, "count_Molluscs": 0, "count_Arachnids": 0, "count_Mosses": 0, "count_Mammals": 0, "count_Basidiomycota": 0, "count_Gymnosperms": 0, "count_Reptiles": 1, "count_Ferns": 0, "unique_species_count": 3.0, "countryCode": "JP" }, "geometry": { "type": "MultiPolygon", "coordinates": [ [ [ [ 145.538579287852912, 41.947790246266983 ], [ 145.80320587156848, 41.470357987293028 ], [ 145.430148607051308, 41.086929188902836 ], [ 144.7950891953015, 41.174640477566008 ], [ 144.524796310920209, 41.648079273776567 ], [ 144.895081676462468, 42.037586712190425 ], [ 145.538579287852912, 41.947790246266983 ] ] ] ] } },
{ "type": "Feature", "properties": { "geogrid_id": "841624752140342630", "seqnum": 30083.0, "lat_c": 41.624751900467558, "lon_c": 140.34262996715148, "res": 8.0, "count_Insects": 75, "count_Birds": 92, "count_Flowering Plants": 135, "count_Sac Fungi": 1, "count_Amphibians": 6, "count_Molluscs": 13, "count_Arachnids": 2, "count_Mosses": 2, "count_Mammals": 1, "count_Basidiomycota": 7, "count_Gymnosperms": 6, "count_Reptiles": 4, "count_Ferns": 10, "unique_species_count": 354.0, "countryCode": "JP" }, "geometry": { "type": "MultiPolygon", "coordinates": [ [ [ [ 140.679006470811174, 42.039901390757016 ], [ 140.978370355711803, 41.575666188620424 ], [ 140.642683805081077, 41.160946043594592 ], [ 140.012398904453278, 41.206725540658667 ], [ 139.707195185727613, 41.669376290644855 ], [ 140.03814638924996, 42.087742791827239 ], [ 140.679006470811174, 42.039901390757016 ] ] ] ] } },
{ "type": "Feature", "properties": { "geogrid_id": "841740562149112892", "seqnum": 30818.0, "lat_c": 41.74056209630065, "lon_c": 149.11289186613686, "res": 8.0, "count_Insects": 0, "count_Birds": 2, "count_Flowering Plants": 0, "count_Sac Fungi": 0, "count_Amphibians": 0, "count_Molluscs": 0, "count_Arachnids": 0, "count_Mosses": 0, "count_Mammals": 0, "count_Basidiomycota": 0, "count_Gymnosperms": 0, "count_Reptiles": 1, "count_Ferns": 0, "unique_species_count": 3.0, "countryCode": "JP" }, "geometry": { "type": "MultiPolygon", "coordinates": [ [ [ [ 149.507612430070452, 42.09827574203986 ], [ 149.737492072349113, 41.593322090885572 ], [ 149.345593120230149, 41.238130417827733 ], [ 148.722154587078847, 41.380884717186866 ], [ 148.481761404664297, 41.876765253797991 ], [ 148.874957536263196, 42.238916576000733 ], [ 149.507612430070452, 42.09827574203986 ] ] ] ] } },
{ "type": "Feature", "properties": { "geogrid_id": "841745851138437367", "seqnum": 29920.0, "lat_c": 41.745850801741973, "lon_c": 138.43736731836415, "res": 8.0, "count_Insects": 0, "count_Birds": 0, "count_Flowering Plants": 0, "count_Sac Fungi": 0, "count_Amphibians": 0, "count_Molluscs": 0, "count_Arachnids": 0, "count_Mosses": 0, "count_Mammals": 0, "count_Basidiomycota": 0, "count_Gymnosperms": 0, "count_Reptiles": 1, "count_Ferns": 0, "unique_species_count": 1.0, "countryCode": "JP" }, "geometry": { "type": "MultiPolygon", "coordinates": [ [ [ [ 138.757176673168459, 42.170214324114774 ], [ 139.072099299105901, 41.709697154482065 ], [ 138.753070439716254, 41.285536762745473 ], [ 138.124049813788758, 41.318846353206602 ], [ 137.803018639581012, 41.777955467712431 ], [ 138.117142973352088, 42.205111951711302 ], [ 138.757176673168459, 42.170214324114774 ] ] ] ] } },
{ "type": "Feature", "properties": { "geogrid_id": "841800321143243500", "seqnum": 30328.0, "lat_c": 41.800321305543761, "lon_c": 143.24350019748059, "res": 8.0, "count_Insects": 9, "count_Birds": 11, "count_Flowering Plants": 4, "count_Sac Fungi": 0, "count_Amphibians": 0, "count_Molluscs": 14, "count_Arachnids": 0, "count_Mosses": 0, "count_Mammals": 1, "count_Basidiomycota": 0, "count_Gymnosperms": 1, "count_Reptiles": 1, "count_Ferns": 4, "unique_species_count": 45.0, "countryCode": "JP" }, "geometry": { "type": "MultiPolygon", "coordinates": [ [ [ [ 143.605344274752326, 42.198080094115468 ], [ 143.884366062145318, 41.727167668720533 ], [ 143.523192019338296, 41.330540695459135 ], [ 142.886883331098261, 41.399646633663622 ], [ 142.602397861474714, 41.86789254118731 ], [ 142.959638995994055, 42.26953907797305 ], [ 143.605344274752326, 42.198080094115468 ] ] ] ] } },
{ "type": "Feature", "properties": { "geogrid_id": "841830417136535532", "seqnum": 29757.0, "lat_c": 41.830416797277849, "lon_c": 136.53553198328871, "res": 8.0, "count_Insects": 0, "count_Birds": 0, "count_Flowering Plants": 0, "count_Sac Fungi": 0, "count_Amphibians": 0, "count_Molluscs": 0, "count_Arachnids": 0, "count_Mosses": 0, "count_Mammals": 1, "count_Basidiomycota": 0, "count_Gymnosperms": 0, "count_Reptiles": 1, "count_Ferns": 0, "unique_species_count": 2.0, "countryCode": "JP" }, "geometry": { "type": "MultiPolygon", "coordinates": [ [ [ [ 136.838122124324485, 42.262778809978236 ], [ 137.16906901115874, 41.806114122709502 ], [ 136.867324650510881, 41.373829621236801 ], [ 136.239627220208661, 41.39568245321059 ], [ 135.902419969871943, 41.850942515540687 ], [ 136.19918175636235, 42.285728505118534 ], [ 136.838122124324485, 42.262778809978236 ] ] ] ] } },
{ "type": "Feature", "properties": { "geogrid_id": "841851007146180672", "seqnum": 30573.0, "lat_c": 41.851007308420996, "lon_c": 146.18067180491593, "res": 8.0, "count_Insects": 0, "count_Birds": 2, "count_Flowering Plants": 0, "count_Sac Fungi": 0, "count_Amphibians": 0, "count_Molluscs": 0, "count_Arachnids": 0, "count_Mosses": 0, "count_Mammals": 3, "count_Basidiomycota": 0, "count_Gymnosperms": 0, "count_Reptiles": 1, "count_Ferns": 0, "unique_species_count": 6.0, "countryCode": "JP" }, "geometry": { "type": "MultiPolygon", "coordinates": [ [ [ [ 146.562513562506524, 42.229039401047082 ], [ 146.820850653454613, 41.746667908520223 ], [ 146.440364807320265, 41.370645045312358 ], [ 145.80320587156848, 41.470357987293028 ], [ 145.538579287852912, 41.947790246266983 ], [ 145.917182869382799, 42.330250122281107 ], [ 146.562513562506524, 42.229039401047082 ] ] ] ] } },
{ "type": "Feature", "properties": { "geogrid_id": "841946726150133362", "seqnum": 30900.0, "lat_c": 41.946725825638921, "lon_c": 150.13336241936332, "res": 8.0, "count_Insects": 0, "count_Birds": 0, "count_Flowering Plants": 0, "count_Sac Fungi": 0, "count_Amphibians": 0, "count_Molluscs": 0, "count_Arachnids": 0, "count_Mosses": 0, "count_Mammals": 0, "count_Basidiomycota": 0, "count_Gymnosperms": 0, "count_Reptiles": 1, "count_Ferns": 0, "unique_species_count": 1.0, "countryCode": "JP" }, "geometry": { "type": "MultiPolygon", "coordinates": [ [ [ [ 150.533317101450791, 42.298396685150607 ], [ 150.75032841792958, 41.783098298686454 ], [ 150.353615656402667, 41.433771927015627 ], [ 149.737492072349113, 41.593322090885572 ], [ 149.507612430070452, 42.09827574203986 ], [ 149.906420504014193, 42.454101592435705 ], [ 150.533317101450791, 42.298396685150607 ] ] ] ] } },
{ "type": "Feature", "properties": { "geogrid_id": "841987444141320050", "seqnum": 30165.0, "lat_c": 41.987444211326682, "lon_c": 141.32005005198405, "res": 8.0, "count_Insects": 6, "count_Birds": 29, "count_Flowering Plants": 15, "count_Sac Fungi": 0, "count_Amphibians": 3, "count_Molluscs": 10, "count_Arachnids": 0, "count_Mosses": 0, "count_Mammals": 2, "count_Basidiomycota": 2, "count_Gymnosperms": 1, "count_Reptiles": 1, "count_Ferns": 1, "unique_species_count": 70.0, "countryCode": "JP" }, "geometry": { "type": "MultiPolygon", "coordinates": [ [ [ [ 141.66747555969576, 42.396395727900114 ], [ 141.961209671835633, 41.930181345239056 ], [ 141.614371191216037, 41.521935711986096 ], [ 140.978370355711803, 41.575666188620424 ], [ 140.679006470811174, 42.039901390757016 ], [ 141.021271827436067, 42.452277024437521 ], [ 141.66747555969576, 42.396395727900114 ] ] ] ] } },
{ "type": "Feature", "properties": { "geogrid_id": "842120172147205549", "seqnum": 30655.0, "lat_c": 42.120172046683031, "lon_c": 147.20554925230732, "res": 8.0, "count_Insects": 0, "count_Birds": 1, "count_Flowering Plants": 0, "count_Sac Fungi": 0, "count_Amphibians": 0, "count_Molluscs": 0, "count_Arachnids": 0, "count_Mosses": 0, "count_Mammals": 2, "count_Basidiomycota": 0, "count_Gymnosperms": 0, "count_Reptiles": 1, "count_Ferns": 0, "unique_species_count": 4.0, "countryCode": "JP" }, "geometry": { "type": "MultiPolygon", "coordinates": [ [ [ [ 147.594488740228115, 42.49129221187448 ], [ 147.84559611922964, 42.00300139640121 ], [ 147.458451216136723, 41.63409650759214 ], [ 146.820850653454613, 41.746667908520223 ], [ 146.562513562506524, 42.229039401047082 ], [ 146.948732184398324, 42.604592343004022 ], [ 147.594488740228115, 42.49129221187448 ] ] ] ] } },
{ "type": "Feature", "properties": { "geogrid_id": "842120880144250570", "seqnum": 30410.0, "lat_c": 42.120879677088631, "lon_c": 144.25056959844321, "res": 8.0, "count_Insects": 0, "count_Birds": 3, "count_Flowering Plants": 0, "count_Sac Fungi": 0, "count_Amphibians": 0, "count_Molluscs": 0, "count_Arachnids": 0, "count_Mosses": 0, "count_Mammals": 0, "count_Basidiomycota": 0, "count_Gymnosperms": 0, "count_Reptiles": 1, "count_Ferns": 0, "unique_species_count": 4.0, "countryCode": "JP" }, "geometry": { "type": "MultiPolygon", "coordinates": [ [ [ [ 144.621684884295576, 42.511824122427164 ], [ 144.895081676462468, 42.037586712190425 ], [ 144.524796310920209, 41.648079273776567 ], [ 143.884366062145318, 41.727167668720533 ], [ 143.605344274752326, 42.198080094115468 ], [ 143.972275780950071, 42.593061604395018 ], [ 144.621684884295576, 42.511824122427164 ] ] ] ] } },
{ "type": "Feature", "properties": { "geogrid_id": "842130848151151158", "seqnum": 30982.0, "lat_c": 42.13084762596128, "lon_c": 151.1511578064837, "res": 8.0, "count_Insects": 0, "count_Birds": 0, "count_Flowering Plants": 0, "count_Sac Fungi": 0, "count_Amphibians": 0, "count_Molluscs": 0, "count_Arachnids": 0, "count_Mosses": 0, "count_Mammals": 0, "count_Basidiomycota": 0, "count_Gymnosperms": 0, "count_Reptiles": 1, "count_Ferns": 0, "unique_species_count": 1.0, "countryCode": "JP" }, "geometry": { "type": "MultiPolygon", "coordinates": [ [ [ [ 151.556216146738791, 42.477039770331601 ], [ 151.757651205322645, 41.950200759331452 ], [ 151.356097333386629, 41.606014433355298 ], [ 150.75032841792958, 41.783098298686454 ], [ 150.533317101450791, 42.298396685150607 ], [ 150.937469219394103, 42.648375320826254 ], [ 151.556216146738791, 42.477039770331601 ] ] ] ] } },
{ "type": "Feature", "properties": { "geogrid_id": "842131133139397522", "seqnum": 30002.0, "lat_c": 42.131132813475524, "lon_c": 139.39752249768262, "res": 8.0, "count_Insects": 2, "count_Birds": 1, "count_Flowering Plants": 1, "count_Sac Fungi": 3, "count_Amphibians": 0, "count_Molluscs": 0, "count_Arachnids": 0, "count_Mosses": 0, "count_Mammals": 0, "count_Basidiomycota": 2, "count_Gymnosperms": 0, "count_Reptiles": 1, "count_Ferns": 0, "unique_species_count": 10.0, "countryCode": "JP" }, "geometry": { "type": "MultiPolygon", "coordinates": [ [ [ [ 139.729072786333575, 42.549922971955262 ], [ 140.03814638924996, 42.087742791827239 ], [ 139.707195185727613, 41.669376290644855 ], [ 139.072099299105901, 41.709697154482065 ], [ 138.757176673168459, 42.170214324114774 ], [ 139.083208512472879, 42.592005157935013 ], [ 139.729072786333575, 42.549922971955262 ] ] ] ] } },
{ "type": "Feature", "properties": { "geogrid_id": "842235935137477450", "seqnum": 29839.0, "lat_c": 42.235934816413263, "lon_c": 137.47744990235765, "res": 8.0, "count_Insects": 0, "count_Birds": 0, "count_Flowering Plants": 0, "count_Sac Fungi": 0, "count_Amphibians": 0, "count_Molluscs": 0, "count_Arachnids": 0, "count_Mosses": 0, "count_Mammals": 1, "count_Basidiomycota": 0, "count_Gymnosperms": 0, "count_Reptiles": 1, "count_Ferns": 0, "unique_species_count": 2.0, "countryCode": "JP" }, "geometry": { "type": "MultiPolygon", "coordinates": [ [ [ [ 137.792198599266356, 42.66333994745402 ], [ 138.117142973352088, 42.205111951711302 ], [ 137.803018639581012, 41.777955467712431 ], [ 137.16906901115874, 41.806114122709502 ], [ 136.838122124324485, 42.262778809978236 ], [ 137.147131149015479, 42.692807754285724 ], [ 137.792198599266356, 42.66333994745402 ] ] ] ] } },
{ "type": "Feature", "properties": { "geogrid_id": "842335558142313635", "seqnum": 30247.0, "lat_c": 42.335557825788044, "lon_c": 142.31363535395096, "res": 8.0, "count_Insects": 27, "count_Birds": 25, "count_Flowering Plants": 35, "count_Sac Fungi": 2, "count_Amphibians": 0, "count_Molluscs": 6, "count_Arachnids": 0, "count_Mosses": 7, "count_Mammals": 0, "count_Basidiomycota": 4, "count_Gymnosperms": 1, "count_Reptiles": 2, "count_Ferns": 1, "unique_species_count": 110.0, "countryCode": "JP" }, "geometry": { "type": "MultiPolygon", "coordinates": [ [ [ [ 142.671474081288466, 42.738183743827122 ], [ 142.959638995994055, 42.26953907797305 ], [ 142.602397861474714, 41.86789254118731 ], [ 141.961209671835633, 41.930181345239056 ], [ 141.66747555969576, 42.396395727900114 ], [ 142.02046002187538, 42.802628834447844 ], [ 142.671474081288466, 42.738183743827122 ] ] ] ] } },
{ "type": "Feature", "properties": { "geogrid_id": "842369641148236866", "seqnum": 30737.0, "lat_c": 42.369640554123663, "lon_c": 148.23686589841373, "res": 8.0, "count_Insects": 0, "count_Birds": 2, "count_Flowering Plants": 0, "count_Sac Fungi": 0, "count_Amphibians": 0, "count_Molluscs": 0, "count_Arachnids": 0, "count_Mosses": 0, "count_Mammals": 2, "count_Basidiomycota": 0, "count_Gymnosperms": 0, "count_Reptiles": 1, "count_Ferns": 0, "unique_species_count": 5.0, "countryCode": "JP" }, "geometry": { "type": "MultiPolygon", "coordinates": [ [ [ [ 148.632331028685911, 42.734118652733244 ], [ 148.874957536263196, 42.238916576000733 ], [ 148.481761404664297, 41.876765253797991 ], [ 147.84559611922964, 42.00300139640121 ], [ 147.594488740228115, 42.49129221187448 ], [ 147.987718260361248, 42.860141132541322 ], [ 148.632331028685911, 42.734118652733244 ] ] ] ] } },
{ "type": "Feature", "properties": { "geogrid_id": "842424355145270099", "seqnum": 30492.0, "lat_c": 42.424354838347426, "lon_c": 145.27009856357924, "res": 8.0, "count_Insects": 0, "count_Birds": 2, "count_Flowering Plants": 0, "count_Sac Fungi": 0, "count_Amphibians": 0, "count_Molluscs": 0, "count_Arachnids": 0, "count_Mosses": 1, "count_Mammals": 0, "count_Basidiomycota": 0, "count_Gymnosperms": 0, "count_Reptiles": 1, "count_Ferns": 0, "unique_species_count": 4.0, "countryCode": "JP" }, "geometry": { "type": "MultiPolygon", "coordinates": [ [ [ [ 145.649797148726577, 42.808518831590142 ], [ 145.917182869382799, 42.330250122281107 ], [ 145.538579287852912, 41.947790246266983 ], [ 144.895081676462468, 42.037586712190425 ], [ 144.621684884295576, 42.511824122427164 ], [ 144.997639689977859, 42.900131338108444 ], [ 145.649797148726577, 42.808518831590142 ] ] ] ] } },
{ "type": "Feature", "properties": { "geogrid_id": "842503396140375114", "seqnum": 30084.0, "lat_c": 42.503396290149283, "lon_c": 140.37511354759195, "res": 8.0, "count_Insects": 97, "count_Birds": 60, "count_Flowering Plants": 87, "count_Sac Fungi": 2, "count_Amphibians": 1, "count_Molluscs": 5, "count_Arachnids": 2, "count_Mosses": 1, "count_Mammals": 4, "count_Basidiomycota": 16, "count_Gymnosperms": 3, "count_Reptiles": 4, "count_Ferns": 7, "unique_species_count": 289.0, "countryCode": "JP" }, "geometry": { "type": "MultiPolygon", "coordinates": [ [ [ [ 140.717892093502286, 42.916424124161274 ], [ 141.021271827436067, 42.452277024437521 ], [ 140.679006470811174, 42.039901390757016 ], [ 140.03814638924996, 42.087742791827239 ], [ 139.729072786333575, 42.549922971955262 ], [ 140.066540033240102, 42.966145007605562 ], [ 140.717892093502286, 42.916424124161274 ] ] ] ] } },
{ "type": "Feature", "properties": { "geogrid_id": "842599036149272280", "seqnum": 30819.0, "lat_c": 42.599035562602737, "lon_c": 149.27227957105356, "res": 8.0, "count_Insects": 0, "count_Birds": 2, "count_Flowering Plants": 0, "count_Sac Fungi": 0, "count_Amphibians": 0, "count_Molluscs": 0, "count_Arachnids": 0, "count_Mosses": 0, "count_Mammals": 2, "count_Basidiomycota": 0, "count_Gymnosperms": 0, "count_Reptiles": 1, "count_Ferns": 0, "unique_species_count": 5.0, "countryCode": "JP" }, "geometry": { "type": "MultiPolygon", "coordinates": [ [ [ [ 149.673824228228312, 42.957196381103934 ], [ 149.906420504014193, 42.454101592435705 ], [ 149.507612430070452, 42.09827574203986 ], [ 148.874957536263196, 42.238916576000733 ], [ 148.632331028685911, 42.734118652733244 ], [ 149.032073614610312, 43.096521448899843 ], [ 149.673824228228312, 42.957196381103934 ] ] ] ] } },
{ "type": "Feature", "properties": { "geogrid_id": "842629773138437570", "seqnum": 29921.0, "lat_c": 42.629772720424732, "lon_c": 138.43756985234944, "res": 8.0, "count_Insects": 0, "count_Birds": 0, "count_Flowering Plants": 0, "count_Sac Fungi": 0, "count_Amphibians": 0, "count_Molluscs": 0, "count_Arachnids": 0, "count_Mosses": 0, "count_Mammals": 1, "count_Basidiomycota": 0, "count_Gymnosperms": 0, "count_Reptiles": 1, "count_Ferns": 0, "unique_species_count": 2.0, "countryCode": "JP" }, "geometry": { "type": "MultiPolygon", "coordinates": [ [ [ [ 138.764083267820695, 43.051996515354858 ], [ 139.083208512472879, 42.592005157935013 ], [ 138.757176673168459, 42.170214324114774 ], [ 138.117142973352088, 42.205111951711302 ], [ 137.792198599266356, 42.66333994745402 ], [ 138.113098299975434, 43.088379675620814 ], [ 138.764083267820695, 43.051996515354858 ] ] ] ] } },
{ "type": "Feature", "properties": { "geogrid_id": "842668415143322135", "seqnum": 30329.0, "lat_c": 42.668414749816669, "lon_c": 143.32213544753353, "res": 8.0, "count_Insects": 87, "count_Birds": 41, "count_Flowering Plants": 50, "count_Sac Fungi": 1, "count_Amphibians": 0, "count_Molluscs": 0, "count_Arachnids": 2, "count_Mosses": 16, "count_Mammals": 2, "count_Basidiomycota": 4, "count_Gymnosperms": 2, "count_Reptiles": 1, "count_Ferns": 0, "unique_species_count": 206.0, "countryCode": "JP" }, "geometry": { "type": "MultiPolygon", "coordinates": [ [ [ [ 143.689777632664914, 43.064636147238211 ], [ 143.972275780950071, 42.593061604395018 ], [ 143.605344274752326, 42.198080094115468 ], [ 142.959638995994055, 42.26953907797305 ], [ 142.671474081288466, 42.738183743827122 ], [ 143.034601377661517, 43.138167612077105 ], [ 143.689777632664914, 43.064636147238211 ] ] ] ] } },
{ "type": "Feature", "properties": { "geogrid_id": "842710158146300312", "seqnum": 30574.0, "lat_c": 42.710157951326366, "lon_c": 146.30031226219597, "res": 8.0, "count_Insects": 0, "count_Birds": 1, "count_Flowering Plants": 0, "count_Sac Fungi": 0, "count_Amphibians": 0, "count_Molluscs": 1, "count_Arachnids": 0, "count_Mosses": 0, "count_Mammals": 2, "count_Basidiomycota": 0, "count_Gymnosperms": 0, "count_Reptiles": 1, "count_Ferns": 0, "unique_species_count": 5.0, "countryCode": "JP" }, "geometry": { "type": "MultiPolygon", "coordinates": [ [ [ [ 146.687972271318273, 43.087632376324564 ], [ 146.948732184398324, 42.604592343004022 ], [ 146.562513562506524, 42.229039401047082 ], [ 145.917182869382799, 42.330250122281107 ], [ 145.649797148726577, 42.808518831590142 ], [ 146.034161119518359, 43.190196335776271 ], [ 146.687972271318273, 43.087632376324564 ] ] ] ] } },
{ "type": "Feature", "properties": { "geogrid_id": "842808099150309424", "seqnum": 30901.0, "lat_c": 42.80809870092385, "lon_c": 150.30942361809122, "res": 8.0, "count_Insects": 0, "count_Birds": 1, "count_Flowering Plants": 0, "count_Sac Fungi": 0, "count_Amphibians": 0, "count_Molluscs": 0, "count_Arachnids": 0, "count_Mosses": 0, "count_Mammals": 1, "count_Basidiomycota": 0, "count_Gymnosperms": 0, "count_Reptiles": 1, "count_Ferns": 0, "unique_species_count": 3.0, "countryCode": "JP" }, "geometry": { "type": "MultiPolygon", "coordinates": [ [ [ [ 150.71673162943199, 43.160312232078937 ], [ 150.937469219394103, 42.648375320826254 ], [ 150.533317101450791, 42.298396685150607 ], [ 149.906420504014193, 42.454101592435705 ], [ 149.673824228228312, 42.957196381103934 ], [ 150.079693600450156, 43.313457912625644 ], [ 150.71673162943199, 43.160312232078937 ] ] ] ] } },
{ "type": "Feature", "properties": { "geogrid_id": "842861976141369229", "seqnum": 30166.0, "lat_c": 42.861976421782956, "lon_c": 141.36922913556836, "res": 8.0, "count_Insects": 485, "count_Birds": 168, "count_Flowering Plants": 596, "count_Sac Fungi": 41, "count_Amphibians": 6, "count_Molluscs": 13, "count_Arachnids": 19, "count_Mosses": 15, "count_Mammals": 15, "count_Basidiomycota": 184, "count_Gymnosperms": 11, "count_Reptiles": 9, "count_Ferns": 25, "unique_species_count": 1587.0, "countryCode": "JP" }, "geometry": { "type": "MultiPolygon", "coordinates": [ [ [ [ 141.722731156049264, 43.269090994732203 ], [ 142.02046002187538, 42.802628834447844 ], [ 141.66747555969576, 42.396395727900114 ], [ 141.021271827436067, 42.452277024437521 ], [ 140.717892093502286, 42.916424124161274 ], [ 141.066326559843333, 43.326909085553808 ], [ 141.722731156049264, 43.269090994732203 ] ] ] ] } },
{ "type": "Feature", "properties": { "geogrid_id": "842977783147339355", "seqnum": 30656.0, "lat_c": 42.977783327637226, "lon_c": 147.3393545557968, "res": 8.0, "count_Insects": 1, "count_Birds": 1, "count_Flowering Plants": 2, "count_Sac Fungi": 0, "count_Amphibians": 0, "count_Molluscs": 0, "count_Arachnids": 0, "count_Mosses": 0, "count_Mammals": 2, "count_Basidiomycota": 0, "count_Gymnosperms": 0, "count_Reptiles": 1, "count_Ferns": 0, "unique_species_count": 7.0, "countryCode": "JP" }, "geometry": { "type": "MultiPolygon", "coordinates": [ [ [ [ 147.734427531630672, 43.3487114708552 ], [ 147.987718260361248, 42.860141132541322 ], [ 147.594488740228115, 42.49129221187448 ], [ 146.948732184398324, 42.604592343004022 ], [ 146.687972271318273, 43.087632376324564 ], [ 147.080191265475833, 43.462775036285009 ], [ 147.734427531630672, 43.3487114708552 ] ] ] ] } },
{ "type": "Feature", "properties": { "geogrid_id": "842985390144344203", "seqnum": 30411.0, "lat_c": 42.985389822561096, "lon_c": 144.34420253670862, "res": 8.0, "count_Insects": 453, "count_Birds": 121, "count_Flowering Plants": 99, "count_Sac Fungi": 16, "count_Amphibians": 1, "count_Molluscs": 19, "count_Arachnids": 3, "count_Mosses": 18, "count_Mammals": 7, "count_Basidiomycota": 20, "count_Gymnosperms": 4, "count_Reptiles": 4, "count_Ferns": 4, "unique_species_count": 769.0, "countryCode": "JP" }, "geometry": { "type": "MultiPolygon", "coordinates": [ [ [ [ 144.721070753024577, 43.375175060706255 ], [ 144.997639689977859, 42.900131338108444 ], [ 144.621684884295576, 42.511824122427164 ], [ 143.972275780950071, 42.593061604395018 ], [ 143.689777632664914, 43.064636147238211 ], [ 144.062495867901731, 43.458308092000351 ], [ 144.721070753024577, 43.375175060706255 ] ] ] ] } },
{ "type": "Feature", "properties": { "geogrid_id": "843011291139415249", "seqnum": 30003.0, "lat_c": 43.011291129102609, "lon_c": 139.41524897408618, "res": 8.0, "count_Insects": 0, "count_Birds": 0, "count_Flowering Plants": 0, "count_Sac Fungi": 0, "count_Amphibians": 0, "count_Molluscs": 0, "count_Arachnids": 0, "count_Mosses": 0, "count_Mammals": 0, "count_Basidiomycota": 0, "count_Gymnosperms": 0, "count_Reptiles": 1, "count_Ferns": 0, "unique_species_count": 1.0, "countryCode": "JP" }, "geometry": { "type": "MultiPolygon", "coordinates": [ [ [ [ 139.753131432756618, 43.428138317865894 ], [ 140.066540033240102, 42.966145007605562 ], [ 139.729072786333575, 42.549922971955262 ], [ 139.083208512472879, 42.592005157935013 ], [ 138.764083267820695, 43.051996515354858 ], [ 139.096513261571062, 43.47184149273302 ], [ 139.753131432756618, 43.428138317865894 ] ] ] ] } },
{ "type": "Feature", "properties": { "geogrid_id": "843120546137462343", "seqnum": 29840.0, "lat_c": 43.120545728753832, "lon_c": 137.46234260664829, "res": 8.0, "count_Insects": 0, "count_Birds": 0, "count_Flowering Plants": 0, "count_Sac Fungi": 0, "count_Amphibians": 0, "count_Molluscs": 0, "count_Arachnids": 0, "count_Mosses": 0, "count_Mammals": 1, "count_Basidiomycota": 0, "count_Gymnosperms": 0, "count_Reptiles": 1, "count_Ferns": 0, "unique_species_count": 2.0, "countryCode": "JP" }, "geometry": { "type": "MultiPolygon", "coordinates": [ [ [ [ 137.783583431725162, 43.546036148852593 ], [ 138.113098299975434, 43.088379675620814 ], [ 137.792198599266356, 42.66333994745402 ], [ 137.147131149015479, 42.692807754285724 ], [ 136.811859533942851, 43.14858820970079 ], [ 137.127387209596577, 43.576733133758154 ], [ 137.783583431725162, 43.546036148852593 ] ] ] ] } },
{ "type": "Feature", "properties": { "geogrid_id": "843206244142378866", "seqnum": 30248.0, "lat_c": 43.206243574937311, "lon_c": 142.37886646550263, "res": 8.0, "count_Insects": 138, "count_Birds": 32, "count_Flowering Plants": 102, "count_Sac Fungi": 15, "count_Amphibians": 2, "count_Molluscs": 11, "count_Arachnids": 2, "count_Mosses": 6, "count_Mammals": 3, "count_Basidiomycota": 7, "count_Gymnosperms": 2, "count_Reptiles": 4, "count_Ferns": 5, "unique_species_count": 329.0, "countryCode": "JP" }, "geometry": { "type": "MultiPolygon", "coordinates": [ [ [ [ 142.742599338071471, 43.607331759051164 ], [ 143.034601377661517, 43.138167612077105 ], [ 142.671474081288466, 42.738183743827122 ], [ 142.02046002187538, 42.802628834447844 ], [ 141.722731156049264, 43.269090994732203 ], [ 142.081672228247299, 43.673705506556963 ], [ 142.742599338071471, 43.607331759051164 ] ] ] ] } },
{ "type": "Feature", "properties": { "geogrid_id": "843226813148385303", "seqnum": 30738.0, "lat_c": 43.226812769782192, "lon_c": 148.38530289640792, "res": 8.0, "count_Insects": 0, "count_Birds": 3, "count_Flowering Plants": 0, "count_Sac Fungi": 0, "count_Amphibians": 0, "count_Molluscs": 0, "count_Arachnids": 0, "count_Mosses": 0, "count_Mammals": 1, "count_Basidiomycota": 0, "count_Gymnosperms": 0, "count_Reptiles": 1, "count_Ferns": 0, "unique_species_count": 5.0, "countryCode": "JP" }, "geometry": { "type": "MultiPolygon", "coordinates": [ [ [ [ 148.787320020531553, 43.591385017829246 ], [ 149.032073614610312, 43.096521448899843 ], [ 148.632331028685911, 42.734118652733244 ], [ 147.987718260361248, 42.860141132541322 ], [ 147.734427531630672, 43.3487114708552 ], [ 148.134013607637968, 43.717460196500575 ], [ 148.787320020531553, 43.591385017829246 ] ] ] ] } },
{ "type": "Feature", "properties": { "geogrid_id": "843285916145378398", "seqnum": 30493.0, "lat_c": 43.28591603934521, "lon_c": 145.37839806810013, "res": 8.0, "count_Insects": 150, "count_Birds": 147, "count_Flowering Plants": 82, "count_Sac Fungi": 11, "count_Amphibians": 0, "count_Molluscs": 18, "count_Arachnids": 1, "count_Mosses": 9, "count_Mammals": 9, "count_Basidiomycota": 6, "count_Gymnosperms": 3, "count_Reptiles": 2, "count_Ferns": 2, "unique_species_count": 440.0, "countryCode": "JP" }, "geometry": { "type": "MultiPolygon", "coordinates": [ [ [ [ 145.763953268249992, 43.669278733032925 ], [ 146.034161119518359, 43.190196335776271 ], [ 145.649797148726577, 42.808518831590142 ], [ 144.997639689977859, 42.900131338108444 ], [ 144.721070753024577, 43.375175060706255 ], [ 145.102857870163831, 43.762514958796018 ], [ 145.763953268249992, 43.669278733032925 ] ] ] ] } },
{ "type": "Feature", "properties": { "geogrid_id": "843379873140409762", "seqnum": 30085.0, "lat_c": 43.379873235742828, "lon_c": 140.40976237744766, "res": 8.0, "count_Insects": 33, "count_Birds": 19, "count_Flowering Plants": 26, "count_Sac Fungi": 0, "count_Amphibians": 1, "count_Molluscs": 40, "count_Arachnids": 1, "count_Mosses": 0, "count_Mammals": 0, "count_Basidiomycota": 1, "count_Gymnosperms": 2, "count_Reptiles": 3, "count_Ferns": 0, "unique_species_count": 126.0, "countryCode": "JP" }, "geometry": { "type": "MultiPolygon", "coordinates": [ [ [ [ 140.758618976135637, 43.791178093211833 ], [ 141.066326559843333, 43.326909085553808 ], [ 140.717892093502286, 42.916424124161274 ], [ 140.066540033240102, 42.966145007605562 ], [ 139.753131432756618, 43.428138317865894 ], [ 140.096729672908083, 43.842610112894256 ], [ 140.758618976135637, 43.791178093211833 ] ] ] ] } },
{ "type": "Feature", "properties": { "geogrid_id": "843456919149436185", "seqnum": 30820.0, "lat_c": 43.456918725246311, "lon_c": 149.43618455467561, "res": 8.0, "count_Insects": 0, "count_Birds": 3, "count_Flowering Plants": 0, "count_Sac Fungi": 0, "count_Amphibians": 0, "count_Molluscs": 0, "count_Arachnids": 0, "count_Mosses": 0, "count_Mammals": 2, "count_Basidiomycota": 0, "count_Gymnosperms": 0, "count_Reptiles": 1, "count_Ferns": 0, "unique_species_count": 6.0, "countryCode": "JP" }, "geometry": { "type": "MultiPolygon", "coordinates": [ [ [ [ 149.844761540768843, 43.815366682814108 ], [ 150.079693600450156, 43.313457912625644 ], [ 149.673824228228312, 42.957196381103934 ], [ 149.032073614610312, 43.096521448899843 ], [ 148.787320020531553, 43.591385017829246 ], [ 149.193856640803375, 43.953921944923259 ], [ 149.844761540768843, 43.815366682814108 ] ] ] ] } },
{ "type": "Feature", "properties": { "geogrid_id": "843511105138439977", "seqnum": 29922.0, "lat_c": 43.511104592007889, "lon_c": 138.43997695746197, "res": 8.0, "count_Insects": 0, "count_Birds": 0, "count_Flowering Plants": 0, "count_Sac Fungi": 0, "count_Amphibians": 0, "count_Molluscs": 0, "count_Arachnids": 0, "count_Mosses": 0, "count_Mammals": 1, "count_Basidiomycota": 0, "count_Gymnosperms": 0, "count_Reptiles": 1, "count_Ferns": 0, "unique_species_count": 2.0, "countryCode": "JP" }, "geometry": { "type": "MultiPolygon", "coordinates": [ [ [ [ 138.772701281443119, 43.931564602239504 ], [ 139.096513261571062, 43.47184149273302 ], [ 138.764083267820695, 43.051996515354858 ], [ 138.113098299975434, 43.088379675620814 ], [ 137.783583431725162, 43.546036148852593 ], [ 138.110718339506946, 43.96932257992286 ], [ 138.772701281443119, 43.931564602239504 ] ] ] ] } },
{ "type": "Feature", "properties": { "geogrid_id": "843535608143402934", "seqnum": 30330.0, "lat_c": 43.535607997029921, "lon_c": 143.40293365181111, "res": 8.0, "count_Insects": 291, "count_Birds": 40, "count_Flowering Plants": 144, "count_Sac Fungi": 52, "count_Amphibians": 1, "count_Molluscs": 2, "count_Arachnids": 2, "count_Mosses": 16, "count_Mammals": 7, "count_Basidiomycota": 6, "count_Gymnosperms": 3, "count_Reptiles": 2, "count_Ferns": 5, "unique_species_count": 571.0, "countryCode": "JP" }, "geometry": { "type": "MultiPolygon", "coordinates": [ [ [ [ 143.776421208019826, 43.930593840475673 ], [ 144.062495867901731, 43.458308092000351 ], [ 143.689777632664914, 43.064636147238211 ], [ 143.034601377661517, 43.138167612077105 ], [ 142.742599338071471, 43.607331759051164 ], [ 143.111597716757103, 44.005977011614902 ], [ 143.776421208019826, 43.930593840475673 ] ] ] ] } },
{ "type": "Feature", "properties": { "geogrid_id": "843569489146423201", "seqnum": 30575.0, "lat_c": 43.569489315653655, "lon_c": 146.42320081015484, "res": 8.0, "count_Insects": 0, "count_Birds": 4, "count_Flowering Plants": 1, "count_Sac Fungi": 0, "count_Amphibians": 0, "count_Molluscs": 0, "count_Arachnids": 0, "count_Mosses": 0, "count_Mammals": 1, "count_Basidiomycota": 0, "count_Gymnosperms": 0, "count_Reptiles": 1, "count_Ferns": 0, "unique_species_count": 7.0, "countryCode": "JP" }, "geometry": { "type": "MultiPolygon", "coordinates": [ [ [ [ 146.816947971576639, 43.946485730885946 ], [ 147.080191265475833, 43.462775036285009 ], [ 146.687972271318273, 43.087632376324564 ], [ 146.034161119518359, 43.190196335776271 ], [ 145.763953268249992, 43.669278733032925 ], [ 146.154322265009654, 44.050307042029779 ], [ 146.816947971576639, 43.946485730885946 ] ] ] ] } },
{ "type": "Feature", "properties": { "geogrid_id": "843667866150489994", "seqnum": 30902.0, "lat_c": 43.66786619226167, "lon_c": 150.48999386114969, "res": 8.0, "count_Insects": 0, "count_Birds": 0, "count_Flowering Plants": 0, "count_Sac Fungi": 0, "count_Amphibians": 0, "count_Molluscs": 0, "count_Arachnids": 0, "count_Mosses": 0, "count_Mammals": 0, "count_Basidiomycota": 0, "count_Gymnosperms": 0, "count_Reptiles": 1, "count_Ferns": 0, "unique_species_count": 1.0, "countryCode": "JP" }, "geometry": { "type": "MultiPolygon", "coordinates": [ [ [ [ 150.904834393299865, 44.020456367146053 ], [ 151.128456130893795, 43.510775806352626 ], [ 150.71673162943199, 43.160312232078937 ], [ 150.079693600450156, 43.313457912625644 ], [ 149.844761540768843, 43.815366682814108 ], [ 150.257907639114165, 44.171909894292199 ], [ 150.904834393299865, 44.020456367146053 ] ] ] ] } },
{ "type": "Feature", "properties": { "geogrid_id": "843734929141420303", "seqnum": 30167.0, "lat_c": 43.734928769596834, "lon_c": 141.42030290430878, "res": 8.0, "count_Insects": 44, "count_Birds": 29, "count_Flowering Plants": 48, "count_Sac Fungi": 2, "count_Amphibians": 2, "count_Molluscs": 2, "count_Arachnids": 0, "count_Mosses": 0, "count_Mammals": 1, "count_Basidiomycota": 20, "count_Gymnosperms": 0, "count_Reptiles": 4, "count_Ferns": 1, "unique_species_count": 153.0, "countryCode": "JP" }, "geometry": { "type": "MultiPolygon", "coordinates": [ [ [ [ 141.779742245371267, 44.140555203280286 ], [ 142.081672228247299, 43.673705506556963 ], [ 141.722731156049264, 43.269090994732203 ], [ 141.066326559843333, 43.326909085553808 ], [ 140.758618976135637, 43.791178093211833 ], [ 141.113024040639857, 44.200125609550888 ], [ 141.779742245371267, 44.140555203280286 ] ] ] ] } },
{ "type": "Feature", "properties": { "geogrid_id": "843835673147477016", "seqnum": 30657.0, "lat_c": 43.83567260030847, "lon_c": 147.47701632367321, "res": 8.0, "count_Insects": 0, "count_Birds": 3, "count_Flowering Plants": 0, "count_Sac Fungi": 0, "count_Amphibians": 0, "count_Molluscs": 0, "count_Arachnids": 0, "count_Mosses": 0, "count_Mammals": 1, "count_Basidiomycota": 0, "count_Gymnosperms": 0, "count_Reptiles": 1, "count_Ferns": 0, "unique_species_count": 5.0, "countryCode": "JP" }, "geometry": { "type": "MultiPolygon", "coordinates": [ [ [ [ 147.878509569070047, 44.206398531576049 ], [ 148.134013607637968, 43.717460196500575 ], [ 147.734427531630672, 43.3487114708552 ], [ 147.080191265475833, 43.462775036285009 ], [ 146.816947971576639, 43.946485730885946 ], [ 147.215451761597564, 44.321261026523118 ], [ 147.878509569070047, 44.206398531576049 ] ] ] ] } },
{ "type": "Feature", "properties": { "geogrid_id": "843849524144440253", "seqnum": 30412.0, "lat_c": 43.849524275759435, "lon_c": 144.44025324931155, "res": 8.0, "count_Insects": 459, "count_Birds": 122, "count_Flowering Plants": 198, "count_Sac Fungi": 6, "count_Amphibians": 1, "count_Molluscs": 26, "count_Arachnids": 10, "count_Mosses": 8, "count_Mammals": 6, "count_Basidiomycota": 35, "count_Gymnosperms": 6, "count_Reptiles": 4, "count_Ferns": 6, "unique_species_count": 887.0, "countryCode": "JP" }, "geometry": { "type": "MultiPolygon", "coordinates": [ [ [ [ 144.823040024749446, 44.238367958221943 ], [ 145.102857870163831, 43.762514958796018 ], [ 144.721070753024577, 43.375175060706255 ], [ 144.062495867901731, 43.458308092000351 ], [ 143.776421208019826, 43.930593840475673 ], [ 144.155042666386663, 44.323204891272248 ], [ 144.823040024749446, 44.238367958221943 ] ] ] ] } },
{ "type": "Feature", "properties": { "geogrid_id": "843889364139434730", "seqnum": 30004.0, "lat_c": 43.889364179006975, "lon_c": 139.43472951885857, "res": 8.0, "count_Insects": 0, "count_Birds": 1, "count_Flowering Plants": 0, "count_Sac Fungi": 0, "count_Amphibians": 0, "count_Molluscs": 0, "count_Arachnids": 0, "count_Mosses": 0, "count_Mammals": 0, "count_Basidiomycota": 0, "count_Gymnosperms": 0, "count_Reptiles": 1, "count_Ferns": 0, "unique_species_count": 2.0, "countryCode": "JP" }, "geometry": { "type": "MultiPolygon", "coordinates": [ [ [ [ 139.778636028427115, 44.304618714996977 ], [ 140.096729672908083, 43.842610112894256 ], [ 139.753131432756618, 43.428138317865894 ], [ 139.096513261571062, 43.47184149273302 ], [ 138.772701281443119, 43.931564602239504 ], [ 139.11117170911325, 44.3498080929662 ], [ 139.778636028427115, 44.304618714996977 ] ] ] ] } },
{ "type": "Feature", "properties": { "geogrid_id": "844075898142445982", "seqnum": 30249.0, "lat_c": 44.07589789139638, "lon_c": 142.44598172621608, "res": 8.0, "count_Insects": 125, "count_Birds": 29, "count_Flowering Plants": 81, "count_Sac Fungi": 17, "count_Amphibians": 2, "count_Molluscs": 20, "count_Arachnids": 2, "count_Mosses": 8, "count_Mammals": 3, "count_Basidiomycota": 42, "count_Gymnosperms": 1, "count_Reptiles": 3, "count_Ferns": 0, "unique_species_count": 333.0, "countryCode": "JP" }, "geometry": { "type": "MultiPolygon", "coordinates": [ [ [ [ 142.815618742121984, 44.475739250833676 ], [ 143.111597716757103, 44.005977011614902 ], [ 142.742599338071471, 43.607331759051164 ], [ 142.081672228247299, 43.673705506556963 ], [ 141.779742245371267, 44.140555203280286 ], [ 142.144595733419834, 44.543854670180281 ], [ 142.815618742121984, 44.475739250833676 ] ] ] ] } },
{ "type": "Feature", "properties": { "geogrid_id": "844084099148538188", "seqnum": 30739.0, "lat_c": 44.08409925793574, "lon_c": 148.5381877073672, "res": 8.0, "count_Insects": 0, "count_Birds": 3, "count_Flowering Plants": 0, "count_Sac Fungi": 0, "count_Amphibians": 0, "count_Molluscs": 0, "count_Arachnids": 0, "count_Mosses": 0, "count_Mammals": 2, "count_Basidiomycota": 0, "count_Gymnosperms": 0, "count_Reptiles": 1, "count_Ferns": 0, "unique_species_count": 6.0, "countryCode": "JP" }, "geometry": { "type": "MultiPolygon", "coordinates": [ [ [ [ 148.947034781619635, 44.448686449385228 ], [ 149.193856640803375, 43.953921944923259 ], [ 148.787320020531553, 43.591385017829246 ], [ 148.134013607637968, 43.717460196500575 ], [ 147.878509569070047, 44.206398531576049 ], [ 148.284745382194842, 44.575014610597975 ], [ 148.947034781619635, 44.448686449385228 ] ] ] ] } },
{ "type": "Feature", "properties": { "geogrid_id": "844147495145489567", "seqnum": 30494.0, "lat_c": 44.147495481385114, "lon_c": 145.4895669595428, "res": 8.0, "count_Insects": 107, "count_Birds": 71, "count_Flowering Plants": 72, "count_Sac Fungi": 17, "count_Amphibians": 1, "count_Molluscs": 23, "count_Arachnids": 4, "count_Mosses": 11, "count_Mammals": 9, "count_Basidiomycota": 7, "count_Gymnosperms": 2, "count_Reptiles": 6, "count_Ferns": 8, "unique_species_count": 338.0, "countryCode": "JP" }, "geometry": { "type": "MultiPolygon", "coordinates": [ [ [ [ 145.881222324285687, 44.530191872491045 ], [ 146.154322265009654, 44.050307042029779 ], [ 145.763953268249992, 43.669278733032925 ], [ 145.102857870163831, 43.762514958796018 ], [ 144.823040024749446, 44.238367958221943 ], [ 145.210869124551095, 44.624912677743232 ], [ 145.881222324285687, 44.530191872491045 ] ] ] ] } },
{ "type": "Feature", "properties": { "geogrid_id": "844254767140445952", "seqnum": 30086.0, "lat_c": 44.254766555766643, "lon_c": 140.44595223520702, "res": 8.0, "count_Insects": 0, "count_Birds": 1, "count_Flowering Plants": 0, "count_Sac Fungi": 0, "count_Amphibians": 0, "count_Molluscs": 0, "count_Arachnids": 0, "count_Mosses": 0, "count_Mammals": 0, "count_Basidiomycota": 0, "count_Gymnosperms": 0, "count_Reptiles": 1, "count_Ferns": 0, "unique_species_count": 2.0, "countryCode": "JP" }, "geometry": { "type": "MultiPolygon", "coordinates": [ [ [ [ 140.800737723339921, 44.664663902010645 ], [ 141.113024040639857, 44.200125609550888 ], [ 140.758618976135637, 43.791178093211833 ], [ 140.096729672908083, 43.842610112894256 ], [ 139.778636028427115, 44.304618714996977 ], [ 140.128166622148171, 44.71765631930473 ], [ 140.800737723339921, 44.664663902010645 ] ] ] ] } },
{ "type": "Feature", "properties": { "geogrid_id": "844314476149605007", "seqnum": 30821.0, "lat_c": 44.314475655498967, "lon_c": 149.60500746195774, "res": 8.0, "count_Insects": 0, "count_Birds": 0, "count_Flowering Plants": 0, "count_Sac Fungi": 0, "count_Amphibians": 0, "count_Molluscs": 0, "count_Arachnids": 0, "count_Mosses": 0, "count_Mammals": 0, "count_Basidiomycota": 0, "count_Gymnosperms": 0, "count_Reptiles": 1, "count_Ferns": 0, "unique_species_count": 1.0, "countryCode": "JP" }, "geometry": { "type": "MultiPolygon", "coordinates": [ [ [ [ 150.020873459627353, 44.673087840703971 ], [ 150.257907639114165, 44.171909894292199 ], [ 149.844761540768843, 43.815366682814108 ], [ 149.193856640803375, 43.953921944923259 ], [ 148.947034781619635, 44.448686449385228 ], [ 149.360648004270189, 44.811269054471886 ], [ 150.020873459627353, 44.673087840703971 ] ] ] ] } },
{ "type": "Feature", "properties": { "geogrid_id": "844390448138443645", "seqnum": 29923.0, "lat_c": 44.390447845353791, "lon_c": 138.44364510051392, "res": 8.0, "count_Insects": 0, "count_Birds": 0, "count_Flowering Plants": 0, "count_Sac Fungi": 0, "count_Amphibians": 0, "count_Molluscs": 0, "count_Arachnids": 0, "count_Mosses": 0, "count_Mammals": 1, "count_Basidiomycota": 0, "count_Gymnosperms": 0, "count_Reptiles": 1, "count_Ferns": 0, "unique_species_count": 2.0, "countryCode": "JP" }, "geometry": { "type": "MultiPolygon", "coordinates": [ [ [ [ 138.782290549674002, 44.809453349956904 ], [ 139.11117170911325, 44.3498080929662 ], [ 138.772701281443119, 43.931564602239504 ], [ 138.110718339506946, 43.96932257992286 ], [ 137.776133546559663, 44.426639850259257 ], [ 138.10917251330909, 44.848475836292948 ], [ 138.782290549674002, 44.809453349956904 ] ] ] ] } },
{ "type": "Feature", "properties": { "geogrid_id": "844402255143485830", "seqnum": 30331.0, "lat_c": 44.402254970824828, "lon_c": 143.4858298373718, "res": 8.0, "count_Insects": 95, "count_Birds": 19, "count_Flowering Plants": 24, "count_Sac Fungi": 1, "count_Amphibians": 1, "count_Molluscs": 75, "count_Arachnids": 1, "count_Mosses": 2, "count_Mammals": 3, "count_Basidiomycota": 0, "count_Gymnosperms": 0, "count_Reptiles": 1, "count_Ferns": 0, "unique_species_count": 222.0, "countryCode": "JP" }, "geometry": { "type": "MultiPolygon", "coordinates": [ [ [ [ 143.86528866960839, 44.796233577593185 ], [ 144.155042666386663, 44.323204891272248 ], [ 143.776421208019826, 43.930593840475673 ], [ 143.111597716757103, 44.005977011614902 ], [ 142.815618742121984, 44.475739250833676 ], [ 143.190567751898556, 44.873293968210668 ], [ 143.86528866960839, 44.796233577593185 ] ] ] ] } },
{ "type": "Feature", "properties": { "geogrid_id": "844429077146549542", "seqnum": 30576.0, "lat_c": 44.429076922283073, "lon_c": 146.54954150732297, "res": 8.0, "count_Insects": 0, "count_Birds": 7, "count_Flowering Plants": 0, "count_Sac Fungi": 0, "count_Amphibians": 0, "count_Molluscs": 0, "count_Arachnids": 0, "count_Mosses": 0, "count_Mammals": 1, "count_Basidiomycota": 0, "count_Gymnosperms": 0, "count_Reptiles": 1, "count_Ferns": 0, "unique_species_count": 9.0, "countryCode": "JP" }, "geometry": { "type": "MultiPolygon", "coordinates": [ [ [ [ 146.949663598749169, 44.80565376536326 ], [ 147.215451761597564, 44.321261026523118 ], [ 146.816947971576639, 43.946485730885946 ], [ 146.154322265009654, 44.050307042029779 ], [ 145.881222324285687, 44.530191872491045 ], [ 146.277866024754104, 44.910669548603202 ], [ 146.949663598749169, 44.80565376536326 ] ] ] ] } },
{ "type": "Feature", "properties": { "geogrid_id": "844606777141472922", "seqnum": 30168.0, "lat_c": 44.606777087591595, "lon_c": 141.4729219181707, "res": 8.0, "count_Insects": 12, "count_Birds": 33, "count_Flowering Plants": 21, "count_Sac Fungi": 0, "count_Amphibians": 0, "count_Molluscs": 5, "count_Arachnids": 0, "count_Mosses": 0, "count_Mammals": 5, "count_Basidiomycota": 1, "count_Gymnosperms": 2, "count_Reptiles": 2, "count_Ferns": 0, "unique_species_count": 81.0, "countryCode": "JP" }, "geometry": { "type": "MultiPolygon", "coordinates": [ [ [ [ 141.838283024924181, 45.011188935474742 ], [ 142.144595733419834, 44.543854670180281 ], [ 141.779742245371267, 44.140555203280286 ], [ 141.113024040639857, 44.200125609550888 ], [ 140.800737723339921, 44.664663902010645 ], [ 141.161050898691485, 45.072354342753187 ], [ 141.838283024924181, 45.011188935474742 ] ] ] ] } },
{ "type": "Feature", "properties": { "geogrid_id": "844693879147618776", "seqnum": 30658.0, "lat_c": 44.693879448823772, "lon_c": 147.61877565233283, "res": 8.0, "count_Insects": 0, "count_Birds": 2, "count_Flowering Plants": 0, "count_Sac Fungi": 0, "count_Amphibians": 0, "count_Molluscs": 0, "count_Arachnids": 0, "count_Mosses": 0, "count_Mammals": 1, "count_Basidiomycota": 0, "count_Gymnosperms": 0, "count_Reptiles": 1, "count_Ferns": 0, "unique_species_count": 4.0, "countryCode": "JP" }, "geometry": { "type": "MultiPolygon", "coordinates": [ [ [ [ 148.026995032195686, 45.06439520025458 ], [ 148.284745382194842, 44.575014610597975 ], [ 147.878509569070047, 44.206398531576049 ], [ 147.215451761597564, 44.321261026523118 ], [ 146.949663598749169, 44.80565376536326 ], [ 147.35475469179363, 45.180093387263213 ], [ 148.026995032195686, 45.06439520025458 ] ] ] ] } },
{ "type": "Feature", "properties": { "geogrid_id": "844713512144538800", "seqnum": 30413.0, "lat_c": 44.71351219352762, "lon_c": 144.53880048928758, "res": 8.0, "count_Insects": 0, "count_Birds": 1, "count_Flowering Plants": 0, "count_Sac Fungi": 0, "count_Amphibians": 0, "count_Molluscs": 0, "count_Arachnids": 0, "count_Mosses": 0, "count_Mammals": 1, "count_Basidiomycota": 0, "count_Gymnosperms": 0, "count_Reptiles": 1, "count_Ferns": 0, "unique_species_count": 3.0, "countryCode": "JP" }, "geometry": { "type": "MultiPolygon", "coordinates": [ [ [ [ 144.927717380282985, 45.101578595425607 ], [ 145.210869124551095, 44.624912677743232 ], [ 144.823040024749446, 44.238367958221943 ], [ 144.155042666386663, 44.323204891272248 ], [ 143.86528866960839, 44.796233577593185 ], [ 144.249988325560651, 45.187973416046674 ], [ 144.927717380282985, 45.101578595425607 ] ] ] ] } },
{ "type": "Feature", "properties": { "geogrid_id": "844765881139455318", "seqnum": 30005.0, "lat_c": 44.765881316890315, "lon_c": 139.45531818024151, "res": 8.0, "count_Insects": 0, "count_Birds": 1, "count_Flowering Plants": 0, "count_Sac Fungi": 0, "count_Amphibians": 0, "count_Molluscs": 0, "count_Arachnids": 0, "count_Mosses": 0, "count_Mammals": 0, "count_Basidiomycota": 0, "count_Gymnosperms": 0, "count_Reptiles": 1, "count_Ferns": 0, "unique_species_count": 2.0, "countryCode": "JP" }, "geometry": { "type": "MultiPolygon", "coordinates": [ [ [ [ 139.805096581740997, 45.179827945977593 ], [ 140.128166622148171, 44.71765631930473 ], [ 139.778636028427115, 44.304618714996977 ], [ 139.11117170911325, 44.3498080929662 ], [ 138.782290549674002, 44.809453349956904 ], [ 139.126607210917768, 45.226378571330642 ], [ 139.805096581740997, 45.179827945977593 ] ] ] ] } },
{ "type": "Feature", "properties": { "geogrid_id": "844941572148695808", "seqnum": 30740.0, "lat_c": 44.941572247166299, "lon_c": 148.69580827040207, "res": 8.0, "count_Insects": 0, "count_Birds": 0, "count_Flowering Plants": 0, "count_Sac Fungi": 0, "count_Amphibians": 0, "count_Molluscs": 0, "count_Arachnids": 0, "count_Mosses": 0, "count_Mammals": 1, "count_Basidiomycota": 0, "count_Gymnosperms": 0, "count_Reptiles": 1, "count_Ferns": 0, "unique_species_count": 2.0, "countryCode": "JP" }, "geometry": { "type": "MultiPolygon", "coordinates": [ [ [ [ 149.111791230541428, 45.306113608667346 ], [ 149.360648004270189, 44.811269054471886 ], [ 148.947034781619635, 44.448686449385228 ], [ 148.284745382194842, 44.575014610597975 ], [ 148.026995032195686, 45.06439520025458 ], [ 148.440195337269188, 45.432853449380595 ], [ 149.111791230541428, 45.306113608667346 ] ] ] ] } },
{ "type": "Feature", "properties": { "geogrid_id": "844944888142514840", "seqnum": 30250.0, "lat_c": 44.944887672789051, "lon_c": 142.51484033851852, "res": 8.0, "count_Insects": 13, "count_Birds": 4, "count_Flowering Plants": 12, "count_Sac Fungi": 24, "count_Amphibians": 0, "count_Molluscs": 1, "count_Arachnids": 1, "count_Mosses": 0, "count_Mammals": 1, "count_Basidiomycota": 0, "count_Gymnosperms": 1, "count_Reptiles": 1, "count_Ferns": 0, "unique_species_count": 58.0, "countryCode": "JP" }, "geometry": { "type": "MultiPolygon", "coordinates": [ [ [ [ 142.890475381099236, 45.343708988985398 ], [ 143.190567751898556, 44.873293968210668 ], [ 142.815618742121984, 44.475739250833676 ], [ 142.144595733419834, 44.543854670180281 ], [ 141.838283024924181, 45.011188935474742 ], [ 142.209100474767752, 45.413412606842293 ], [ 142.890475381099236, 45.343708988985398 ] ] ] ] } },
{ "type": "Feature", "properties": { "geogrid_id": "845009223145603773", "seqnum": 30495.0, "lat_c": 45.00922294507572, "lon_c": 145.60377259636994, "res": 8.0, "count_Insects": 0, "count_Birds": 2, "count_Flowering Plants": 0, "count_Sac Fungi": 0, "count_Amphibians": 0, "count_Molluscs": 0, "count_Arachnids": 0, "count_Mosses": 0, "count_Mammals": 2, "count_Basidiomycota": 0, "count_Gymnosperms": 0, "count_Reptiles": 1, "count_Ferns": 0, "unique_species_count": 5.0, "countryCode": "JP" }, "geometry": { "type": "MultiPolygon", "coordinates": [ [ [ [ 146.001798749462409, 45.391354902803648 ], [ 146.277866024754104, 44.910669548603202 ], [ 145.881222324285687, 44.530191872491045 ], [ 145.210869124551095, 44.624912677743232 ], [ 144.927717380282985, 45.101578595425607 ], [ 145.321833374491092, 45.487459255360172 ], [ 146.001798749462409, 45.391354902803648 ] ] ] ] } },
{ "type": "Feature", "properties": { "geogrid_id": "845128525140483281", "seqnum": 30087.0, "lat_c": 45.128524917666759, "lon_c": 140.48328124172852, "res": 8.0, "count_Insects": 0, "count_Birds": 1, "count_Flowering Plants": 0, "count_Sac Fungi": 0, "count_Amphibians": 0, "count_Molluscs": 1, "count_Arachnids": 0, "count_Mosses": 0, "count_Mammals": 1, "count_Basidiomycota": 0, "count_Gymnosperms": 0, "count_Reptiles": 1, "count_Ferns": 0, "unique_species_count": 4.0, "countryCode": "JP" }, "geometry": { "type": "MultiPolygon", "coordinates": [ [ [ [ 140.843962808109723, 45.537268897286872 ], [ 141.161050898691485, 45.072354342753187 ], [ 140.800737723339921, 44.664663902010645 ], [ 140.128166622148171, 44.71765631930473 ], [ 139.805096581740997, 45.179827945977593 ], [ 140.160485750893798, 45.591688753676351 ], [ 140.843962808109723, 45.537268897286872 ] ] ] ] } },
{ "type": "Feature", "properties": { "geogrid_id": "845268620143570835", "seqnum": 30332.0, "lat_c": 45.268619898334649, "lon_c": 143.57083507028585, "res": 8.0, "count_Insects": 0, "count_Birds": 0, "count_Flowering Plants": 0, "count_Sac Fungi": 0, "count_Amphibians": 0, "count_Molluscs": 0, "count_Arachnids": 0, "count_Mosses": 0, "count_Mammals": 1, "count_Basidiomycota": 0, "count_Gymnosperms": 0, "count_Reptiles": 1, "count_Ferns": 0, "unique_species_count": 2.0, "countryCode": "JP" }, "geometry": { "type": "MultiPolygon", "coordinates": [ [ [ [ 143.956445942859943, 45.661768602474936 ], [ 144.249988325560651, 45.187973416046674 ], [ 143.86528866960839, 44.796233577593185 ], [ 143.190567751898556, 44.873293968210668 ], [ 142.890475381099236, 45.343708988985398 ], [ 143.271519667055287, 45.740367791040889 ], [ 143.956445942859943, 45.661768602474936 ] ] ] ] } },
{ "type": "Feature", "properties": { "geogrid_id": "845288985146679555", "seqnum": 30577.0, "lat_c": 45.288984920327962, "lon_c": 146.67955512204509, "res": 8.0, "count_Insects": 1, "count_Birds": 1, "count_Flowering Plants": 0, "count_Sac Fungi": 0, "count_Amphibians": 0, "count_Molluscs": 7, "count_Arachnids": 0, "count_Mosses": 0, "count_Mammals": 1, "count_Basidiomycota": 0, "count_Gymnosperms": 0, "count_Reptiles": 1, "count_Ferns": 0, "unique_species_count": 11.0, "countryCode": "JP" }, "geometry": { "type": "MultiPolygon", "coordinates": [ [ [ [ 147.086359481886603, 45.665186139738822 ], [ 147.35475469179363, 45.180093387263213 ], [ 146.949663598749169, 44.80565376536326 ], [ 146.277866024754104, 44.910669548603202 ], [ 146.001798749462409, 45.391354902803648 ], [ 146.405009858498858, 45.771356940825818 ], [ 147.086359481886603, 45.665186139738822 ] ] ] ] } },
{ "type": "Feature", "properties": { "geogrid_id": "845477886141526879", "seqnum": 30169.0, "lat_c": 45.477885844604074, "lon_c": 141.52687942355692, "res": 8.0, "count_Insects": 68, "count_Birds": 43, "count_Flowering Plants": 113, "count_Sac Fungi": 20, "count_Amphibians": 1, "count_Molluscs": 8, "count_Arachnids": 1, "count_Mosses": 11, "count_Mammals": 5, "count_Basidiomycota": 3, "count_Gymnosperms": 3, "count_Reptiles": 2, "count_Ferns": 3, "unique_species_count": 281.0, "countryCode": "JP" }, "geometry": { "type": "MultiPolygon", "coordinates": [ [ [ [ 141.898231139842125, 45.88130207566698 ], [ 142.209100474767752, 45.413412606842293 ], [ 141.838283024924181, 45.011188935474742 ], [ 141.161050898691485, 45.072354342753187 ], [ 140.843962808109723, 45.537268897286872 ], [ 141.21021459189771, 45.943928954654041 ], [ 141.898231139842125, 45.88130207566698 ] ] ] ] } },
{ "type": "Feature", "properties": { "geogrid_id": "845552443147764892", "seqnum": 30659.0, "lat_c": 45.552442908955946, "lon_c": 147.76489243332267, "res": 8.0, "count_Insects": 0, "count_Birds": 2, "count_Flowering Plants": 1, "count_Sac Fungi": 0, "count_Amphibians": 0, "count_Molluscs": 0, "count_Arachnids": 0, "count_Mosses": 0, "count_Mammals": 1, "count_Basidiomycota": 0, "count_Gymnosperms": 0, "count_Reptiles": 1, "count_Ferns": 0, "unique_species_count": 5.0, "countryCode": "JP" }, "geometry": { "type": "MultiPolygon", "coordinates": [ [ [ [ 148.180164337674711, 45.92274153656988 ], [ 148.440195337269188, 45.432853449380595 ], [ 148.026995032195686, 45.06439520025458 ], [ 147.35475469179363, 45.180093387263213 ], [ 147.086359481886603, 45.665186139738822 ], [ 147.498360018229761, 46.039313774490068 ], [ 148.180164337674711, 45.92274153656988 ] ] ] ] } },
{ "type": "Feature", "properties": { "geogrid_id": "845577528144639961", "seqnum": 30414.0, "lat_c": 45.577528077736105, "lon_c": 144.63996113483844, "res": 8.0, "count_Insects": 0, "count_Birds": 0, "count_Flowering Plants": 0, "count_Sac Fungi": 0, "count_Amphibians": 0, "count_Molluscs": 0, "count_Arachnids": 0, "count_Mosses": 0, "count_Mammals": 1, "count_Basidiomycota": 0, "count_Gymnosperms": 0, "count_Reptiles": 1, "count_Ferns": 0, "unique_species_count": 2.0, "countryCode": "JP" }, "geometry": { "type": "MultiPolygon", "coordinates": [ [ [ [ 145.035255255236166, 45.964944530961539 ], [ 145.321833374491092, 45.487459255360172 ], [ 144.927717380282985, 45.101578595425607 ], [ 144.249988325560651, 45.187973416046674 ], [ 143.956445942859943, 45.661768602474936 ], [ 144.347442154111832, 46.052785607391577 ], [ 145.035255255236166, 45.964944530961539 ] ] ] ] } },
{ "type": "Feature", "properties": { "geogrid_id": "845641261139476570", "seqnum": 30006.0, "lat_c": 45.641260682059432, "lon_c": 139.47657043859428, "res": 8.0, "count_Insects": 0, "count_Birds": 0, "count_Flowering Plants": 0, "count_Sac Fungi": 0, "count_Amphibians": 0, "count_Molluscs": 0, "count_Arachnids": 0, "count_Mosses": 0, "count_Mammals": 0, "count_Basidiomycota": 0, "count_Gymnosperms": 0, "count_Reptiles": 1, "count_Ferns": 0, "unique_species_count": 1.0, "countryCode": "JP" }, "geometry": { "type": "MultiPolygon", "coordinates": [ [ [ [ 139.832175993953285, 46.054134273478809 ], [ 140.160485750893798, 45.591688753676351 ], [ 139.805096581740997, 45.179827945977593 ], [ 139.126607210917768, 45.226378571330642 ], [ 138.792328221913806, 45.686089537228497 ], [ 139.14241010966461, 46.101932415740748 ], [ 139.832175993953285, 46.054134273478809 ] ] ] ] } },
{ "type": "Feature", "properties": { "geogrid_id": "845799291148858471", "seqnum": 30741.0, "lat_c": 45.799291211529713, "lon_c": 148.85847058859483, "res": 8.0, "count_Insects": 0, "count_Birds": 1, "count_Flowering Plants": 0, "count_Sac Fungi": 0, "count_Amphibians": 0, "count_Molluscs": 1, "count_Arachnids": 0, "count_Mosses": 0, "count_Mammals": 1, "count_Basidiomycota": 0, "count_Gymnosperms": 0, "count_Reptiles": 1, "count_Ferns": 0, "unique_species_count": 4.0, "countryCode": "JP" }, "geometry": { "type": "MultiPolygon", "coordinates": [ [ [ [ 149.28192224243017, 46.163738115355592 ], [ 149.532794484699679, 45.668672589757996 ], [ 149.111791230541428, 45.306113608667346 ], [ 148.440195337269188, 45.432853449380595 ], [ 148.180164337674711, 45.92274153656988 ], [ 148.600666493433295, 46.291021250020158 ], [ 149.28192224243017, 46.163738115355592 ] ] ] ] } },
{ "type": "Feature", "properties": { "geogrid_id": "845813495142585387", "seqnum": 30251.0, "lat_c": 45.813494617004118, "lon_c": 142.58538727813777, "res": 8.0, "count_Insects": 0, "count_Birds": 1, "count_Flowering Plants": 0, "count_Sac Fungi": 0, "count_Amphibians": 0, "count_Molluscs": 0, "count_Arachnids": 0, "count_Mosses": 0, "count_Mammals": 0, "count_Basidiomycota": 0, "count_Gymnosperms": 0, "count_Reptiles": 1, "count_Ferns": 0, "unique_species_count": 2.0, "countryCode": "JP" }, "geometry": { "type": "MultiPolygon", "coordinates": [ [ [ [ 142.9671740099472, 46.21147661113546 ], [ 143.271519667055287, 45.740367791040889 ], [ 142.890475381099236, 45.343708988985398 ], [ 142.209100474767752, 45.413412606842293 ], [ 141.898231139842125, 45.88130207566698 ], [ 142.275131791280728, 46.282642393367453 ], [ 142.9671740099472, 46.21147661113546 ] ] ] ] } },
{ "type": "Feature", "properties": { "geogrid_id": "845871202145721203", "seqnum": 30496.0, "lat_c": 45.871202130585758, "lon_c": 145.72120347956292, "res": 8.0, "count_Insects": 0, "count_Birds": 2, "count_Flowering Plants": 0, "count_Sac Fungi": 0, "count_Amphibians": 0, "count_Molluscs": 8, "count_Arachnids": 0, "count_Mosses": 0, "count_Mammals": 1, "count_Basidiomycota": 0, "count_Gymnosperms": 0, "count_Reptiles": 1, "count_Ferns": 0, "unique_species_count": 12.0, "countryCode": "JP" }, "geometry": { "type": "MultiPolygon", "coordinates": [ [ [ [ 146.125895757049506, 46.252848439433713 ], [ 146.405009858498858, 45.771356940825818 ], [ 146.001798749462409, 45.391354902803648 ], [ 145.321833374491092, 45.487459255360172 ], [ 145.035255255236166, 45.964944530961539 ], [ 145.435932715447876, 46.350263482859219 ], [ 146.125895757049506, 46.252848439433713 ] ] ] ] } },
{ "type": "Feature", "properties": { "geogrid_id": "846001501140521485", "seqnum": 30088.0, "lat_c": 46.001501395634598, "lon_c": 140.52148494599615, "res": 8.0, "count_Insects": 0, "count_Birds": 0, "count_Flowering Plants": 0, "count_Sac Fungi": 0, "count_Amphibians": 0, "count_Molluscs": 0, "count_Arachnids": 0, "count_Mosses": 0, "count_Mammals": 0, "count_Basidiomycota": 0, "count_Gymnosperms": 0, "count_Reptiles": 1, "count_Ferns": 0, "unique_species_count": 1.0, "countryCode": "JP" }, "geometry": { "type": "MultiPolygon", "coordinates": [ [ [ [ 140.888111709132261, 46.409300265143656 ], [ 141.21021459189771, 45.943928954654041 ], [ 140.843962808109723, 45.537268897286872 ], [ 140.160485750893798, 45.591688753676351 ], [ 139.832175993953285, 46.054134273478809 ], [ 140.193437988784609, 46.465031157934462 ], [ 140.888111709132261, 46.409300265143656 ] ] ] ] } },
{ "type": "Feature", "properties": { "geogrid_id": "846149270146813480", "seqnum": 30578.0, "lat_c": 46.149270263367974, "lon_c": 146.8134803107948, "res": 8.0, "count_Insects": 0, "count_Birds": 1, "count_Flowering Plants": 0, "count_Sac Fungi": 0, "count_Amphibians": 0, "count_Molluscs": 0, "count_Arachnids": 0, "count_Mosses": 0, "count_Mammals": 1, "count_Basidiomycota": 0, "count_Gymnosperms": 0, "count_Reptiles": 1, "count_Ferns": 0, "unique_species_count": 3.0, "countryCode": "JP" }, "geometry": { "type": "MultiPolygon", "coordinates": [ [ [ [ 147.227295106542329, 46.525129406302341 ], [ 147.498360018229761, 46.039313774490068 ], [ 147.086359481886603, 45.665186139738822 ], [ 146.405009858498858, 45.771356940825818 ], [ 146.125895757049506, 46.252848439433713 ], [ 146.535989757496395, 46.632433092114901 ], [ 147.227295106542329, 46.525129406302341 ] ] ] ] } },
{ "type": "Feature", "properties": { "geogrid_id": "846411401147915647", "seqnum": 30660.0, "lat_c": 46.411401412069758, "lon_c": 147.91564728351293, "res": 8.0, "count_Insects": 0, "count_Birds": 1, "count_Flowering Plants": 0, "count_Sac Fungi": 0, "count_Amphibians": 0, "count_Molluscs": 7, "count_Arachnids": 0, "count_Mosses": 0, "count_Mammals": 1, "count_Basidiomycota": 0, "count_Gymnosperms": 0, "count_Reptiles": 1, "count_Ferns": 0, "unique_species_count": 10.0, "countryCode": "JP" }, "geometry": { "type": "MultiPolygon", "coordinates": [ [ [ [ 148.338320333467522, 46.78147619880626 ], [ 148.600666493433295, 46.291021250020158 ], [ 148.180164337674711, 45.92274153656988 ], [ 147.498360018229761, 46.039313774490068 ], [ 147.227295106542329, 46.525129406302341 ], [ 147.64654864123321, 46.898962705619454 ], [ 148.338320333467522, 46.78147619880626 ] ] ] ] } },
{ "type": "Feature", "properties": { "geogrid_id": "846657307149026503", "seqnum": 30742.0, "lat_c": 46.657307409085824, "lon_c": 149.02650253172521, "res": 8.0, "count_Insects": 0, "count_Birds": 2, "count_Flowering Plants": 0, "count_Sac Fungi": 0, "count_Amphibians": 0, "count_Molluscs": 0, "count_Arachnids": 0, "count_Mosses": 0, "count_Mammals": 0, "count_Basidiomycota": 0, "count_Gymnosperms": 0, "count_Reptiles": 0, "count_Ferns": 0, "unique_species_count": 2.0, "countryCode": "JP" }, "geometry": { "type": "MultiPolygon", "coordinates": [ [ [ [ 149.457782800350515, 47.021619285599343 ], [ 149.710658282997514, 46.52621706920899 ], [ 149.28192224243017, 46.163738115355592 ], [ 148.600666493433295, 46.291021250020158 ], [ 148.338320333467522, 46.78147619880626 ], [ 148.766485810207456, 47.149559318796236 ], [ 149.457782800350515, 47.021619285599343 ] ] ] ] } },
{ "type": "Feature", "properties": { "geogrid_id": "846733520145842068", "seqnum": 30497.0, "lat_c": 46.733519726288634, "lon_c": 145.8420678076937, "res": 8.0, "count_Insects": 0, "count_Birds": 0, "count_Flowering Plants": 0, "count_Sac Fungi": 0, "count_Amphibians": 0, "count_Molluscs": 0, "count_Arachnids": 0, "count_Mosses": 0, "count_Mammals": 1, "count_Basidiomycota": 0, "count_Gymnosperms": 0, "count_Reptiles": 1, "count_Ferns": 0, "unique_species_count": 2.0, "countryCode": "JP" }, "geometry": { "type": "MultiPolygon", "coordinates": [ [ [ [ 146.253745764774521, 47.114742466634752 ], [ 146.535989757496395, 46.632433092114901 ], [ 146.125895757049506, 46.252848439433713 ], [ 145.435932715447876, 46.350263482859219 ], [ 145.145828934186227, 46.828578062129509 ], [ 145.553369666909532, 47.213416794322811 ], [ 146.253745764774521, 47.114742466634752 ] ] ] ] } },
{ "type": "Feature", "properties": { "geogrid_id": "847009985146951575", "seqnum": 30579.0, "lat_c": 47.009985087796672, "lon_c": 146.95157524076777, "res": 8.0, "count_Insects": 0, "count_Birds": 0, "count_Flowering Plants": 0, "count_Sac Fungi": 0, "count_Amphibians": 0, "count_Molluscs": 0, "count_Arachnids": 0, "count_Mosses": 0, "count_Mammals": 1, "count_Basidiomycota": 0, "count_Gymnosperms": 0, "count_Reptiles": 1, "count_Ferns": 0, "unique_species_count": 2.0, "countryCode": "JP" }, "geometry": { "type": "MultiPolygon", "coordinates": [ [ [ [ 147.372751127188678, 47.385527877408542 ], [ 147.64654864123321, 46.898962705619454 ], [ 147.227295106542329, 46.525129406302341 ], [ 146.535989757496395, 46.632433092114901 ], [ 146.253745764774521, 47.114742466634752 ], [ 146.671061669108752, 47.493955625780707 ], [ 147.372751127188678, 47.385527877408542 ] ] ] ] } },
{ "type": "Feature", "properties": { "geogrid_id": "847270793148071344", "seqnum": 30661.0, "lat_c": 47.270792719141568, "lon_c": 148.07134371452136, "res": 8.0, "count_Insects": 0, "count_Birds": 0, "count_Flowering Plants": 0, "count_Sac Fungi": 0, "count_Amphibians": 0, "count_Molluscs": 0, "count_Arachnids": 0, "count_Mosses": 0, "count_Mammals": 1, "count_Basidiomycota": 0, "count_Gymnosperms": 0, "count_Reptiles": 0, "count_Ferns": 0, "unique_species_count": 1.0, "countryCode": "JP" }, "geometry": { "type": "MultiPolygon", "coordinates": [ [ [ [ 148.501790721385873, 47.640636604262589 ], [ 148.766485810207456, 47.149559318796236 ], [ 148.338320333467522, 46.78147619880626 ], [ 147.64654864123321, 46.898962705619454 ], [ 147.372751127188678, 47.385527877408542 ], [ 147.799624636066085, 47.759079692771508 ], [ 148.501790721385873, 47.640636604262589 ] ] ] ] } }
]
}
