{
"type": "FeatureCollection",
"name": "NZ",
"crs": { "type": "name", "properties": { "name": "urn:ogc:def:crs:OGC:1.3:CRS84" } },
"features": [
{ "type": "Feature", "properties": { "geogrid_id": "3027337722178701249", "seqnum": 62787.0, "lat_c": -27.337721745819433, "lon_c": 178.70124938999587, "res": 8.0, "count_Ferns": 0, "count_Flowering Plants": 0, "count_Basidiomycota": 0, "count_Insects": 0, "count_Arachnids": 0, "count_Gymnosperms": 0, "count_Mosses": 0, "count_Mammals": 0, "count_Molluscs": 0, "count_Birds": 3, "count_Sac Fungi": 0, "count_Reptiles": 0, "count_Amphibians": 0, "unique_species_count": 3.0, "countryCode": "NZ" }, "geometry": { "type": "MultiPolygon", "coordinates": [ [ [ [ 179.227832996853806, -27.119490347037427 ], [ 179.159566130537343, -27.595853806094144 ], [ 178.630277159745191, -27.813735629755492 ], [ 178.17233625886044, -27.554104363750824 ], [ 178.245884965011697, -27.077967947286034 ], [ 178.772147422733866, -26.861193130457941 ], [ 179.227832996853806, -27.119490347037427 ] ] ] ] } },
{ "type": "Feature", "properties": { "geogrid_id": "3027376126179686510", "seqnum": 62869.0, "lat_c": -27.376125680716019, "lon_c": 179.68651010799434, "res": 8.0, "count_Ferns": 0, "count_Flowering Plants": 0, "count_Basidiomycota": 0, "count_Insects": 0, "count_Arachnids": 0, "count_Gymnosperms": 0, "count_Mosses": 0, "count_Mammals": 1, "count_Molluscs": 0, "count_Birds": 0, "count_Sac Fungi": 0, "count_Reptiles": 0, "count_Amphibians": 0, "unique_species_count": 1.0, "countryCode": "NZ" }, "geometry": { "type": "MultiPolygon", "coordinates": [ [ [ [ 179.62092614261968, -27.852263227100487 ], [ 179.159566130537343, -27.595853806094144 ], [ 179.227832996853806, -27.119490347037427 ], [ 179.752110576375742, -26.899434428127567 ], [ 180.0, -27.037219805352375 ], [ 180.0, -27.693205662676693 ], [ 179.62092614261968, -27.852263227100487 ] ] ], [ [ [ -179.788866191888559, -27.154575160696783 ], [ -179.851726567592408, -27.630990844724089 ], [ -180.0, -27.693205662676693 ], [ -180.0, -27.037219805352375 ], [ -179.788866191888559, -27.154575160696783 ] ] ] ] } },
{ "type": "Feature", "properties": { "geogrid_id": "3028071689179091222", "seqnum": 62868.0, "lat_c": -28.071688607714837, "lon_c": 179.09122238771965, "res": 8.0, "count_Ferns": 0, "count_Flowering Plants": 0, "count_Basidiomycota": 0, "count_Insects": 0, "count_Arachnids": 0, "count_Gymnosperms": 0, "count_Mosses": 0, "count_Mammals": 1, "count_Molluscs": 0, "count_Birds": 0, "count_Sac Fungi": 0, "count_Reptiles": 0, "count_Amphibians": 0, "unique_species_count": 1.0, "countryCode": "NZ" }, "geometry": { "type": "MultiPolygon", "coordinates": [ [ [ [ 179.62092614261968, -27.852263227100487 ], [ 179.555261358482483, -28.327859481134848 ], [ 179.022709051370299, -28.547006180790017 ], [ 178.559136370748377, -28.289243367839312 ], [ 178.630277159745191, -27.813735629755492 ], [ 179.159566130537343, -27.595853806094144 ], [ 179.62092614261968, -27.852263227100487 ] ] ] ] } },
{ "type": "Feature", "properties": { "geogrid_id": "3028764256178487738", "seqnum": 62867.0, "lat_c": -28.76425551516996, "lon_c": 178.48773826165717, "res": 8.0, "count_Ferns": 0, "count_Flowering Plants": 0, "count_Basidiomycota": 0, "count_Insects": 0, "count_Arachnids": 0, "count_Gymnosperms": 0, "count_Mosses": 0, "count_Mammals": 1, "count_Molluscs": 0, "count_Birds": 6, "count_Sac Fungi": 0, "count_Reptiles": 0, "count_Amphibians": 0, "unique_species_count": 7.0, "countryCode": "NZ" }, "geometry": { "type": "MultiPolygon", "coordinates": [ [ [ [ 179.022709051370299, -28.547006180790017 ], [ 178.953939051754219, -29.02181970201498 ], [ 178.415998994109913, -29.238784210713963 ], [ 177.950322777079094, -28.979583719037567 ], [ 178.024642975490877, -28.504903365076245 ], [ 178.559136370748377, -28.289243367839312 ], [ 179.022709051370299, -28.547006180790017 ] ] ] ] } },
{ "type": "Feature", "properties": { "geogrid_id": "3028802929179489425", "seqnum": 62949.0, "lat_c": -28.802928788237004, "lon_c": 179.48942491546291, "res": 8.0, "count_Ferns": 0, "count_Flowering Plants": 0, "count_Basidiomycota": 0, "count_Insects": 0, "count_Arachnids": 0, "count_Gymnosperms": 0, "count_Mosses": 0, "count_Mammals": 1, "count_Molluscs": 0, "count_Birds": 0, "count_Sac Fungi": 0, "count_Reptiles": 0, "count_Amphibians": 0, "unique_species_count": 1.0, "countryCode": "NZ" }, "geometry": { "type": "MultiPolygon", "coordinates": [ [ [ [ 179.959373030116012, -29.056894103991926 ], [ 179.423331651740824, -29.277486997919798 ], [ 178.953939051754219, -29.02181970201498 ], [ 179.022709051370299, -28.547006180790017 ], [ 179.555261358482483, -28.327859481134848 ], [ 180.0, -28.569896934717125 ], [ 180.0, -28.751277474386779 ], [ 179.959373030116012, -29.056894103991926 ] ] ], [ [ [ -179.977514986072492, -28.582133819500076 ], [ -180.0, -28.751277474386779 ], [ -180.0, -28.569896934717125 ], [ -179.977514986072492, -28.582133819500076 ] ] ] ] } },
{ "type": "Feature", "properties": { "geogrid_id": "3029453799177875577", "seqnum": 62866.0, "lat_c": -29.453799107054255, "lon_c": 177.8755773364405, "res": 8.0, "count_Ferns": 0, "count_Flowering Plants": 11, "count_Basidiomycota": 0, "count_Insects": 0, "count_Arachnids": 0, "count_Gymnosperms": 0, "count_Mosses": 0, "count_Mammals": 1, "count_Molluscs": 1, "count_Birds": 0, "count_Sac Fungi": 0, "count_Reptiles": 0, "count_Amphibians": 0, "unique_species_count": 13.0, "countryCode": "NZ" }, "geometry": { "type": "MultiPolygon", "coordinates": [ [ [ [ 178.415998994109913, -29.238784210713963 ], [ 178.343839049090832, -29.712842852968727 ], [ 177.800329334115361, -29.927561889817415 ], [ 177.332647621463167, -29.666840419603197 ], [ 177.410437182628499, -29.192966414038551 ], [ 177.950322777079094, -28.979583719037567 ], [ 178.415998994109913, -29.238784210713963 ] ] ] ] } },
{ "type": "Feature", "properties": { "geogrid_id": "3029496144178884830", "seqnum": 62948.0, "lat_c": -29.496143724462058, "lon_c": 178.88483027251851, "res": 8.0, "count_Ferns": 0, "count_Flowering Plants": 0, "count_Basidiomycota": 0, "count_Insects": 0, "count_Arachnids": 0, "count_Gymnosperms": 0, "count_Mosses": 0, "count_Mammals": 1, "count_Molluscs": 0, "count_Birds": 1, "count_Sac Fungi": 0, "count_Reptiles": 0, "count_Amphibians": 0, "unique_species_count": 2.0, "countryCode": "NZ" }, "geometry": { "type": "MultiPolygon", "coordinates": [ [ [ [ 179.423331651740824, -29.277486997919798 ], [ 179.356901374073828, -29.75155110999307 ], [ 178.815304933773859, -29.969993867593644 ], [ 178.343839049090832, -29.712842852968727 ], [ 178.415998994109913, -29.238784210713963 ], [ 178.953939051754219, -29.02181970201498 ], [ 179.423331651740824, -29.277486997919798 ] ] ] ] } },
{ "type": "Feature", "properties": { "geogrid_id": "3029531138179896003", "seqnum": 63030.0, "lat_c": -29.531137916271106, "lon_c": 179.89600326781476, "res": 8.0, "count_Ferns": 0, "count_Flowering Plants": 0, "count_Basidiomycota": 0, "count_Insects": 0, "count_Arachnids": 0, "count_Gymnosperms": 0, "count_Mosses": 0, "count_Mammals": 1, "count_Molluscs": 0, "count_Birds": 0, "count_Sac Fungi": 0, "count_Reptiles": 0, "count_Amphibians": 0, "unique_species_count": 1.0, "countryCode": "NZ" }, "geometry": { "type": "MultiPolygon", "coordinates": [ [ [ [ 179.832297669304609, -30.004884718778065 ], [ 179.356901374073828, -29.75155110999307 ], [ 179.423331651740824, -29.277486997919798 ], [ 179.959373030116012, -29.056894103991926 ], [ 180.0, -29.078516169553904 ], [ 180.0, -29.935832055663393 ], [ 179.832297669304609, -30.004884718778065 ] ] ], [ [ [ -179.567356616727778, -29.30877315462515 ], [ -179.627958308611596, -29.782641163959457 ], [ -180.0, -29.935832055663393 ], [ -180.0, -29.078516169553904 ], [ -179.567356616727778, -29.30877315462515 ] ] ] ] } },
{ "type": "Feature", "properties": { "geogrid_id": "3030140277177254274", "seqnum": 62865.0, "lat_c": -30.140277405567602, "lon_c": 177.25427358106995, "res": 8.0, "count_Ferns": 0, "count_Flowering Plants": 0, "count_Basidiomycota": 0, "count_Insects": 0, "count_Arachnids": 0, "count_Gymnosperms": 0, "count_Mosses": 0, "count_Mammals": 1, "count_Molluscs": 0, "count_Birds": 0, "count_Sac Fungi": 0, "count_Reptiles": 0, "count_Amphibians": 0, "unique_species_count": 1.0, "countryCode": "NZ" }, "geometry": { "type": "MultiPolygon", "coordinates": [ [ [ [ 177.800329334115361, -29.927561889817415 ], [ 177.724504736229449, -30.40088533949498 ], [ 177.175242432344305, -30.613289631551133 ], [ 176.705645271231703, -30.350965136455816 ], [ 176.787184285348559, -29.877883486816678 ], [ 177.332647621463167, -29.666840419603197 ], [ 177.800329334115361, -29.927561889817415 ] ] ] ] } },
{ "type": "Feature", "properties": { "geogrid_id": "3030186446178271183", "seqnum": 62947.0, "lat_c": -30.186445827180695, "lon_c": 178.27118268698982, "res": 8.0, "count_Ferns": 0, "count_Flowering Plants": 0, "count_Basidiomycota": 0, "count_Insects": 0, "count_Arachnids": 1, "count_Gymnosperms": 0, "count_Mosses": 0, "count_Mammals": 1, "count_Molluscs": 0, "count_Birds": 3, "count_Sac Fungi": 1, "count_Reptiles": 0, "count_Amphibians": 0, "unique_species_count": 6.0, "countryCode": "NZ" }, "geometry": { "type": "MultiPolygon", "coordinates": [ [ [ [ 178.815304933773859, -29.969993867593644 ], [ 178.74528904190646, -30.443386558630788 ], [ 178.197957463104586, -30.659608275952056 ], [ 177.724504736229449, -30.40088533949498 ], [ 177.800329334115361, -29.927561889817415 ], [ 178.343839049090832, -29.712842852968727 ], [ 178.815304933773859, -29.969993867593644 ] ] ] ] } },
{ "type": "Feature", "properties": { "geogrid_id": "3030225139179290058", "seqnum": 63029.0, "lat_c": -30.225138981885078, "lon_c": 179.29005822883019, "res": 8.0, "count_Ferns": 0, "count_Flowering Plants": 0, "count_Basidiomycota": 0, "count_Insects": 0, "count_Arachnids": 0, "count_Gymnosperms": 0, "count_Mosses": 0, "count_Mammals": 1, "count_Molluscs": 0, "count_Birds": 1, "count_Sac Fungi": 0, "count_Reptiles": 0, "count_Amphibians": 0, "unique_species_count": 2.0, "countryCode": "NZ" }, "geometry": { "type": "MultiPolygon", "coordinates": [ [ [ [ 179.832297669304609, -30.004884718778065 ], [ 179.768182503716787, -30.478154607410534 ], [ 179.2227301427707, -30.69826908672642 ], [ 178.74528904190646, -30.443386558630788 ], [ 178.815304933773859, -29.969993867593644 ], [ 179.356901374073828, -29.75155110999307 ], [ 179.832297669304609, -30.004884718778065 ] ] ] ] } },
{ "type": "Feature", "properties": { "geogrid_id": "3030873783177648032", "seqnum": 62946.0, "lat_c": -30.873783435525819, "lon_c": 177.64803236503346, "res": 8.0, "count_Ferns": 0, "count_Flowering Plants": 0, "count_Basidiomycota": 0, "count_Insects": 0, "count_Arachnids": 0, "count_Gymnosperms": 0, "count_Mosses": 0, "count_Mammals": 1, "count_Molluscs": 0, "count_Birds": 1, "count_Sac Fungi": 0, "count_Reptiles": 0, "count_Amphibians": 0, "unique_species_count": 2.0, "countryCode": "NZ" }, "geometry": { "type": "MultiPolygon", "coordinates": [ [ [ [ 178.197957463104586, -30.659608275952056 ], [ 178.12409379143503, -31.132345906397092 ], [ 177.570843509891574, -31.346270691644225 ], [ 177.095484008339668, -31.085890015228969 ], [ 177.175242432344305, -30.613289631551133 ], [ 177.724504736229449, -30.40088533949498 ], [ 178.197957463104586, -30.659608275952056 ] ] ] ] } },
{ "type": "Feature", "properties": { "geogrid_id": "3030916339178674712", "seqnum": 63028.0, "lat_c": -30.916338816891134, "lon_c": 178.67471189728712, "res": 8.0, "count_Ferns": 0, "count_Flowering Plants": 0, "count_Basidiomycota": 0, "count_Insects": 0, "count_Arachnids": 0, "count_Gymnosperms": 0, "count_Mosses": 0, "count_Mammals": 1, "count_Molluscs": 0, "count_Birds": 2, "count_Sac Fungi": 0, "count_Reptiles": 0, "count_Amphibians": 0, "unique_species_count": 3.0, "countryCode": "NZ" }, "geometry": { "type": "MultiPolygon", "coordinates": [ [ [ [ 179.2227301427707, -30.69826908672642 ], [ 179.154848324149441, -31.170960313634708 ], [ 178.60350565225994, -31.388868074110636 ], [ 178.12409379143503, -31.132345906397092 ], [ 178.197957463104586, -30.659608275952056 ], [ 178.74528904190646, -30.443386558630788 ], [ 179.2227301427707, -30.69826908672642 ] ] ] ] } },
{ "type": "Feature", "properties": { "geogrid_id": "3030950968179703588", "seqnum": 63110.0, "lat_c": -30.950968089063785, "lon_c": 179.70358780029545, "res": 8.0, "count_Ferns": 0, "count_Flowering Plants": 0, "count_Basidiomycota": 0, "count_Insects": 0, "count_Arachnids": 0, "count_Gymnosperms": 0, "count_Mosses": 0, "count_Mammals": 1, "count_Molluscs": 0, "count_Birds": 0, "count_Sac Fungi": 0, "count_Reptiles": 0, "count_Amphibians": 0, "unique_species_count": 1.0, "countryCode": "NZ" }, "geometry": { "type": "MultiPolygon", "coordinates": [ [ [ [ 179.638446844327575, -31.423345900204083 ], [ 179.154848324149441, -31.170960313634708 ], [ 179.2227301427707, -30.69826908672642 ], [ 179.768182503716787, -30.478154607410534 ], [ 180.0, -30.59885855479677 ], [ 180.0, -31.277276810885208 ], [ 179.638446844327575, -31.423345900204083 ] ] ], [ [ [ -179.75023870690012, -30.728905572234211 ], [ -179.812056495438839, -31.201346795826733 ], [ -180.0, -31.277276810885208 ], [ -180.0, -30.59885855479677 ], [ -179.75023870690012, -30.728905572234211 ] ] ] ] } },
{ "type": "Feature", "properties": { "geogrid_id": "3031214065171870658", "seqnum": 62535.0, "lat_c": -31.21406496509848, "lon_c": 171.87065779750409, "res": 8.0, "count_Ferns": 0, "count_Flowering Plants": 0, "count_Basidiomycota": 0, "count_Insects": 0, "count_Arachnids": 0, "count_Gymnosperms": 0, "count_Mosses": 0, "count_Mammals": 1, "count_Molluscs": 0, "count_Birds": 0, "count_Sac Fungi": 0, "count_Reptiles": 0, "count_Amphibians": 0, "unique_species_count": 1.0, "countryCode": "NZ" }, "geometry": { "type": "MultiPolygon", "coordinates": [ [ [ [ 172.43648184360336, -31.021587106106374 ], [ 172.329471312106506, -31.491142604387722 ], [ 171.760189721919829, -31.683000342381959 ], [ 171.302132006480775, -31.404298043270519 ], [ 171.414672586153728, -30.935644048139554 ], [ 171.979782075982314, -30.744761020138569 ], [ 172.43648184360336, -31.021587106106374 ] ] ] ] } },
{ "type": "Feature", "properties": { "geogrid_id": "3031297041172896026", "seqnum": 62617.0, "lat_c": -31.297040668034249, "lon_c": 172.896025676096, "res": 8.0, "count_Ferns": 0, "count_Flowering Plants": 1, "count_Basidiomycota": 0, "count_Insects": 0, "count_Arachnids": 0, "count_Gymnosperms": 0, "count_Mosses": 0, "count_Mammals": 1, "count_Molluscs": 4, "count_Birds": 0, "count_Sac Fungi": 0, "count_Reptiles": 0, "count_Amphibians": 0, "unique_species_count": 6.0, "countryCode": "NZ" }, "geometry": { "type": "MultiPolygon", "coordinates": [ [ [ [ 173.459871145988501, -31.100723666745473 ], [ 173.358484886395559, -31.571061915223154 ], [ 172.791183918458103, -31.766819627375167 ], [ 172.329471312106506, -31.491142604387722 ], [ 172.43648184360336, -31.021587106106374 ], [ 172.999621555602175, -30.826893677639578 ], [ 173.459871145988501, -31.100723666745473 ] ] ] ] } },
{ "type": "Feature", "properties": { "geogrid_id": "3031373089173923053", "seqnum": 62699.0, "lat_c": -31.373088519228272, "lon_c": 173.92305327772442, "res": 8.0, "count_Ferns": 0, "count_Flowering Plants": 0, "count_Basidiomycota": 0, "count_Insects": 0, "count_Arachnids": 0, "count_Gymnosperms": 0, "count_Mosses": 0, "count_Mammals": 0, "count_Molluscs": 0, "count_Birds": 1, "count_Sac Fungi": 0, "count_Reptiles": 0, "count_Amphibians": 0, "unique_species_count": 1.0, "countryCode": "NZ" }, "geometry": { "type": "MultiPolygon", "coordinates": [ [ [ [ 174.484909335739758, -31.172927913052266 ], [ 174.389240650987375, -31.643921651943018 ], [ 173.823931556838772, -31.843587217302787 ], [ 173.358484886395559, -31.571061915223154 ], [ 173.459871145988501, -31.100723666745473 ], [ 174.021026859334029, -30.90222032797119 ], [ 174.484909335739758, -31.172927913052266 ] ] ] ] } },
{ "type": "Feature", "properties": { "geogrid_id": "3031442066174951816", "seqnum": 62781.0, "lat_c": -31.442066480985154, "lon_c": 174.95181595534299, "res": 8.0, "count_Ferns": 0, "count_Flowering Plants": 0, "count_Basidiomycota": 0, "count_Insects": 0, "count_Arachnids": 0, "count_Gymnosperms": 0, "count_Mosses": 0, "count_Mammals": 1, "count_Molluscs": 0, "count_Birds": 0, "count_Sac Fungi": 0, "count_Reptiles": 0, "count_Amphibians": 0, "unique_species_count": 1.0, "countryCode": "NZ" }, "geometry": { "type": "MultiPolygon", "coordinates": [ [ [ [ 175.511679907669333, -31.238049180616414 ], [ 175.421820815562086, -31.709561385183381 ], [ 174.85850664774523, -31.913152009250332 ], [ 174.389240650987375, -31.643921651943018 ], [ 174.484909335739758, -31.172927913052266 ], [ 175.044074163895516, -30.970608081340895 ], [ 175.511679907669333, -31.238049180616414 ] ] ] ] } },
{ "type": "Feature", "properties": { "geogrid_id": "3031604675178049525", "seqnum": 63027.0, "lat_c": -31.604674828111026, "lon_c": 178.04952455056488, "res": 8.0, "count_Ferns": 0, "count_Flowering Plants": 0, "count_Basidiomycota": 0, "count_Insects": 0, "count_Arachnids": 0, "count_Gymnosperms": 0, "count_Mosses": 0, "count_Mammals": 1, "count_Molluscs": 0, "count_Birds": 0, "count_Sac Fungi": 0, "count_Reptiles": 0, "count_Amphibians": 0, "unique_species_count": 1.0, "countryCode": "NZ" }, "geometry": { "type": "MultiPolygon", "coordinates": [ [ [ [ 178.60350565225994, -31.388868074110636 ], [ 178.531604912823894, -31.860992024920336 ], [ 177.974184726233943, -32.076611417131112 ], [ 177.492871573625536, -31.818362009393756 ], [ 177.570843509891574, -31.346270691644225 ], [ 178.12409379143503, -31.132345906397092 ], [ 178.60350565225994, -31.388868074110636 ] ] ] ] } },
{ "type": "Feature", "properties": { "geogrid_id": "3031643232179086347", "seqnum": 63109.0, "lat_c": -31.643231803109344, "lon_c": 179.08634681603229, "res": 8.0, "count_Ferns": 0, "count_Flowering Plants": 0, "count_Basidiomycota": 0, "count_Insects": 0, "count_Arachnids": 0, "count_Gymnosperms": 0, "count_Mosses": 0, "count_Mammals": 1, "count_Molluscs": 0, "count_Birds": 5, "count_Sac Fungi": 0, "count_Reptiles": 0, "count_Amphibians": 0, "unique_species_count": 6.0, "countryCode": "NZ" }, "geometry": { "type": "MultiPolygon", "coordinates": [ [ [ [ 179.638446844327575, -31.423345900204083 ], [ 179.572695727147305, -31.895308859331237 ], [ 179.017162094857696, -32.115102811653749 ], [ 178.531604912823894, -31.860992024920336 ], [ 178.60350565225994, -31.388868074110636 ], [ 179.154848324149441, -31.170960313634708 ], [ 179.638446844327575, -31.423345900204083 ] ] ] ] } },
{ "type": "Feature", "properties": { "geogrid_id": "3031781331170159659", "seqnum": 59008.0, "lat_c": -31.781330748536316, "lon_c": 170.15965899685031, "res": 8.0, "count_Ferns": 0, "count_Flowering Plants": 0, "count_Basidiomycota": 0, "count_Insects": 0, "count_Arachnids": 0, "count_Gymnosperms": 0, "count_Mosses": 0, "count_Mammals": 1, "count_Molluscs": 0, "count_Birds": 4, "count_Sac Fungi": 0, "count_Reptiles": 0, "count_Amphibians": 0, "unique_species_count": 5.0, "countryCode": "NZ" }, "geometry": { "type": "MultiPolygon", "coordinates": [ [ [ [ 170.277727675757518, -31.312373098758375 ], [ 170.731573270410109, -31.593470256034692 ], [ 170.615263254619776, -32.06283370611925 ], [ 170.040500980394057, -32.250462840616791 ], [ 169.585928547913625, -31.96657231711464 ], [ 169.706799653664035, -31.497865645236029 ], [ 170.277727675757518, -31.312373098758375 ] ] ] ] } },
{ "type": "Feature", "properties": { "geogrid_id": "3031872584171188163", "seqnum": 62534.0, "lat_c": -31.872584356312345, "lon_c": 171.18816339140346, "res": 8.0, "count_Ferns": 0, "count_Flowering Plants": 0, "count_Basidiomycota": 0, "count_Insects": 1, "count_Arachnids": 0, "count_Gymnosperms": 0, "count_Mosses": 0, "count_Mammals": 1, "count_Molluscs": 0, "count_Birds": 5, "count_Sac Fungi": 0, "count_Reptiles": 0, "count_Amphibians": 0, "unique_species_count": 7.0, "countryCode": "NZ" }, "geometry": { "type": "MultiPolygon", "coordinates": [ [ [ [ 171.760189721919829, -31.683000342381959 ], [ 171.648307602535823, -32.151571799081736 ], [ 171.073671471095111, -32.342332105078896 ], [ 170.615263254619776, -32.06283370611925 ], [ 170.731573270410109, -31.593470256034692 ], [ 171.302132006480775, -31.404298043270519 ], [ 171.760189721919829, -31.683000342381959 ] ] ] ] } },
{ "type": "Feature", "properties": { "geogrid_id": "3031960333172221131", "seqnum": 62616.0, "lat_c": -31.960332716612172, "lon_c": 172.2211309938566, "res": 8.0, "count_Ferns": 0, "count_Flowering Plants": 0, "count_Basidiomycota": 0, "count_Insects": 0, "count_Arachnids": 0, "count_Gymnosperms": 0, "count_Mosses": 0, "count_Mammals": 1, "count_Molluscs": 1, "count_Birds": 4, "count_Sac Fungi": 0, "count_Reptiles": 0, "count_Amphibians": 0, "unique_species_count": 6.0, "countryCode": "NZ" }, "geometry": { "type": "MultiPolygon", "coordinates": [ [ [ [ 172.791183918458103, -31.766819627375167 ], [ 172.685026941399684, -32.23623675980086 ], [ 172.111391225525153, -32.429163019120793 ], [ 171.648307602535823, -32.151571799081736 ], [ 171.760189721919829, -31.683000342381959 ], [ 172.329471312106506, -31.491142604387722 ], [ 172.791183918458103, -31.766819627375167 ] ] ] ] } },
{ "type": "Feature", "properties": { "geogrid_id": "3032041035173255867", "seqnum": 62698.0, "lat_c": -32.041035120464826, "lon_c": 173.25586717495841, "res": 8.0, "count_Ferns": 0, "count_Flowering Plants": 0, "count_Basidiomycota": 0, "count_Insects": 0, "count_Arachnids": 0, "count_Gymnosperms": 0, "count_Mosses": 0, "count_Mammals": 1, "count_Molluscs": 0, "count_Birds": 7, "count_Sac Fungi": 0, "count_Reptiles": 0, "count_Amphibians": 0, "unique_species_count": 8.0, "countryCode": "NZ" }, "geometry": { "type": "MultiPolygon", "coordinates": [ [ [ [ 173.823931556838772, -31.843587217302787 ], [ 173.723593337602949, -32.31372432182193 ], [ 173.151949390524948, -32.510650480874055 ], [ 172.685026941399684, -32.23623675980086 ], [ 172.791183918458103, -31.766819627375167 ], [ 173.358484886395559, -31.571061915223154 ], [ 173.823931556838772, -31.843587217302787 ] ] ] ] } },
{ "type": "Feature", "properties": { "geogrid_id": "3032114549174292438", "seqnum": 62780.0, "lat_c": -32.114548801382462, "lon_c": 174.29243845901752, "res": 8.0, "count_Ferns": 0, "count_Flowering Plants": 1, "count_Basidiomycota": 0, "count_Insects": 0, "count_Arachnids": 0, "count_Gymnosperms": 0, "count_Mosses": 0, "count_Mammals": 2, "count_Molluscs": 0, "count_Birds": 2, "count_Sac Fungi": 0, "count_Reptiles": 0, "count_Amphibians": 0, "unique_species_count": 5.0, "countryCode": "NZ" }, "geometry": { "type": "MultiPolygon", "coordinates": [ [ [ [ 174.85850664774523, -31.913152009250332 ], [ 174.764078956364216, -32.383874421829752 ], [ 174.194435272214122, -32.58481832416377 ], [ 173.723593337602949, -32.31372432182193 ], [ 173.823931556838772, -31.843587217302787 ], [ 174.389240650987375, -31.643921651943018 ], [ 174.85850664774523, -31.913152009250332 ] ] ] ] } },
{ "type": "Feature", "properties": { "geogrid_id": "3032180704175330925", "seqnum": 62862.0, "lat_c": -32.180703694734618, "lon_c": 175.33092522337753, "res": 8.0, "count_Ferns": 0, "count_Flowering Plants": 0, "count_Basidiomycota": 0, "count_Insects": 0, "count_Arachnids": 0, "count_Gymnosperms": 0, "count_Mosses": 1, "count_Mammals": 2, "count_Molluscs": 0, "count_Birds": 3, "count_Sac Fungi": 0, "count_Reptiles": 0, "count_Amphibians": 0, "unique_species_count": 6.0, "countryCode": "NZ" }, "geometry": { "type": "MultiPolygon", "coordinates": [ [ [ [ 175.894998568001569, -31.975332722926108 ], [ 175.806570775933466, -32.446495568233949 ], [ 175.238926886876612, -32.651486999932885 ], [ 174.764078956364216, -32.383874421829752 ], [ 174.85850664774523, -31.913152009250332 ], [ 175.421820815562086, -31.709561385183381 ], [ 175.894998568001569, -31.975332722926108 ] ] ] ] } },
{ "type": "Feature", "properties": { "geogrid_id": "3032332728178458946", "seqnum": 63108.0, "lat_c": -32.332728502606535, "lon_c": 178.45894637830091, "res": 8.0, "count_Ferns": 0, "count_Flowering Plants": 0, "count_Basidiomycota": 0, "count_Insects": 0, "count_Arachnids": 0, "count_Gymnosperms": 0, "count_Mosses": 0, "count_Mammals": 1, "count_Molluscs": 0, "count_Birds": 1, "count_Sac Fungi": 0, "count_Reptiles": 0, "count_Amphibians": 0, "unique_species_count": 2.0, "countryCode": "NZ" }, "geometry": { "type": "MultiPolygon", "coordinates": [ [ [ [ 179.017162094857696, -32.115102811653749 ], [ 178.947232708217769, -32.586592600736431 ], [ 178.385468514031203, -32.804095376076262 ], [ 177.898011085895263, -32.548172201833395 ], [ 177.974184726233943, -32.076611417131112 ], [ 178.531604912823894, -31.860992024920336 ], [ 179.017162094857696, -32.115102811653749 ] ] ] ] } },
{ "type": "Feature", "properties": { "geogrid_id": "3032366878179506273", "seqnum": 63190.0, "lat_c": -32.366877747439986, "lon_c": 179.50627294284436, "res": 8.0, "count_Ferns": 0, "count_Flowering Plants": 0, "count_Basidiomycota": 0, "count_Insects": 0, "count_Arachnids": 0, "count_Gymnosperms": 0, "count_Mosses": 0, "count_Mammals": 1, "count_Molluscs": 0, "count_Birds": 1, "count_Sac Fungi": 0, "count_Reptiles": 0, "count_Amphibians": 0, "unique_species_count": 2.0, "countryCode": "NZ" }, "geometry": { "type": "MultiPolygon", "coordinates": [ [ [ [ 179.999013211532997, -32.616176420293172 ], [ 179.439119025339238, -32.838073211615701 ], [ 178.947232708217769, -32.586592600736431 ], [ 179.017162094857696, -32.115102811653749 ], [ 179.572695727147305, -31.895308859331237 ], [ 180.0, -32.113046121840682 ], [ 180.0, -32.60886716748292 ], [ 179.999013211532997, -32.616176420293172 ] ] ], [ [ [ -179.937370018095834, -32.144959869671446 ], [ -180.0, -32.60886716748292 ], [ -180.0, -32.113046121840682 ], [ -179.937370018095834, -32.144959869671446 ] ] ] ] } },
{ "type": "Feature", "properties": { "geogrid_id": "3032435453169463872", "seqnum": 58926.0, "lat_c": -32.435453283094432, "lon_c": 169.46387183836509, "res": 8.0, "count_Ferns": 0, "count_Flowering Plants": 0, "count_Basidiomycota": 0, "count_Insects": 0, "count_Arachnids": 0, "count_Gymnosperms": 0, "count_Mosses": 0, "count_Mammals": 1, "count_Molluscs": 4, "count_Birds": 4, "count_Sac Fungi": 0, "count_Reptiles": 0, "count_Amphibians": 0, "unique_species_count": 9.0, "countryCode": "NZ" }, "geometry": { "type": "MultiPolygon", "coordinates": [ [ [ [ 169.585928547913625, -31.96657231711464 ], [ 170.040500980394057, -32.250462840616791 ], [ 169.920170117928109, -32.719766538817325 ], [ 169.340541140410011, -32.904504602932334 ], [ 168.885371908296889, -32.617786476638642 ], [ 169.010378225635094, -32.149176818126357 ], [ 169.585928547913625, -31.96657231711464 ] ] ] ] } },
{ "type": "Feature", "properties": { "geogrid_id": "3032532369170497879", "seqnum": 59007.0, "lat_c": -32.532369399468458, "lon_c": 170.49787853255881, "res": 8.0, "count_Ferns": 0, "count_Flowering Plants": 0, "count_Basidiomycota": 0, "count_Insects": 0, "count_Arachnids": 0, "count_Gymnosperms": 0, "count_Mosses": 0, "count_Mammals": 1, "count_Molluscs": 0, "count_Birds": 7, "count_Sac Fungi": 0, "count_Reptiles": 0, "count_Amphibians": 0, "unique_species_count": 8.0, "countryCode": "NZ" }, "geometry": { "type": "MultiPolygon", "coordinates": [ [ [ [ 170.615263254619776, -32.06283370611925 ], [ 171.073671471095111, -32.342332105078896 ], [ 170.958121226827728, -32.812249901439372 ], [ 170.379335524503745, -33.002074034955683 ], [ 169.920170117928109, -32.719766538817325 ], [ 170.040500980394057, -32.250462840616791 ], [ 170.615263254619776, -32.06283370611925 ] ] ] ] } },
{ "type": "Feature", "properties": { "geogrid_id": "3032619784171534941", "seqnum": 62615.0, "lat_c": -32.619784294182999, "lon_c": 171.53494133365601, "res": 8.0, "count_Ferns": 0, "count_Flowering Plants": 0, "count_Basidiomycota": 0, "count_Insects": 0, "count_Arachnids": 0, "count_Gymnosperms": 0, "count_Mosses": 0, "count_Mammals": 1, "count_Molluscs": 0, "count_Birds": 3, "count_Sac Fungi": 0, "count_Reptiles": 0, "count_Amphibians": 0, "unique_species_count": 4.0, "countryCode": "NZ" }, "geometry": { "type": "MultiPolygon", "coordinates": [ [ [ [ 172.111391225525153, -32.429163019120793 ], [ 172.000182487541849, -32.897639364393775 ], [ 171.421287700746149, -33.090062966955237 ], [ 170.958121226827728, -32.812249901439372 ], [ 171.073671471095111, -32.342332105078896 ], [ 171.648307602535823, -32.151571799081736 ], [ 172.111391225525153, -32.429163019120793 ] ] ] ] } },
{ "type": "Feature", "properties": { "geogrid_id": "3032705299172577486", "seqnum": 62697.0, "lat_c": -32.70529858294362, "lon_c": 172.57748573364572, "res": 8.0, "count_Ferns": 0, "count_Flowering Plants": 0, "count_Basidiomycota": 0, "count_Insects": 0, "count_Arachnids": 0, "count_Gymnosperms": 0, "count_Mosses": 0, "count_Mammals": 1, "count_Molluscs": 0, "count_Birds": 12, "count_Sac Fungi": 0, "count_Reptiles": 0, "count_Amphibians": 0, "unique_species_count": 13.0, "countryCode": "NZ" }, "geometry": { "type": "MultiPolygon", "coordinates": [ [ [ [ 173.151949390524948, -32.510650480874055 ], [ 173.046663245648375, -32.979915465187325 ], [ 172.468491429901036, -33.174011852477868 ], [ 172.000182487541849, -32.897639364393775 ], [ 172.111391225525153, -32.429163019120793 ], [ 172.685026941399684, -32.23623675980086 ], [ 173.151949390524948, -32.510650480874055 ] ] ] ] } },
{ "type": "Feature", "properties": { "geogrid_id": "3032783508173621971", "seqnum": 62779.0, "lat_c": -32.783508035381509, "lon_c": 173.62197079484687, "res": 8.0, "count_Ferns": 0, "count_Flowering Plants": 0, "count_Basidiomycota": 0, "count_Insects": 0, "count_Arachnids": 0, "count_Gymnosperms": 0, "count_Mosses": 0, "count_Mammals": 2, "count_Molluscs": 0, "count_Birds": 2, "count_Sac Fungi": 0, "count_Reptiles": 0, "count_Amphibians": 0, "unique_species_count": 4.0, "countryCode": "NZ" }, "geometry": { "type": "MultiPolygon", "coordinates": [ [ [ [ 174.194435272214122, -32.58481832416377 ], [ 174.09516414049844, -33.05473943404062 ], [ 173.51899643983208, -33.252946785061958 ], [ 173.046663245648375, -32.979915465187325 ], [ 173.151949390524948, -32.510650480874055 ], [ 173.723593337602949, -32.31372432182193 ], [ 174.194435272214122, -32.58481832416377 ] ] ] ] } },
{ "type": "Feature", "properties": { "geogrid_id": "3032854244174668466", "seqnum": 62861.0, "lat_c": -32.854243751290021, "lon_c": 174.66846634894765, "res": 8.0, "count_Ferns": 0, "count_Flowering Plants": 0, "count_Basidiomycota": 0, "count_Insects": 0, "count_Arachnids": 0, "count_Gymnosperms": 0, "count_Mosses": 0, "count_Mammals": 2, "count_Molluscs": 0, "count_Birds": 1, "count_Sac Fungi": 0, "count_Reptiles": 0, "count_Amphibians": 0, "unique_species_count": 3.0, "countryCode": "NZ" }, "geometry": { "type": "MultiPolygon", "coordinates": [ [ [ [ 175.238926886876612, -32.651486999932885 ], [ 175.14576031649699, -33.121922405783792 ], [ 174.571602832865921, -33.324270226105618 ], [ 174.09516414049844, -33.05473943404062 ], [ 174.194435272214122, -32.58481832416377 ], [ 174.764078956364216, -32.383874421829752 ], [ 175.238926886876612, -32.651486999932885 ] ] ] ] } },
{ "type": "Feature", "properties": { "geogrid_id": "3032917304175717056", "seqnum": 62943.0, "lat_c": -32.917304230407431, "lon_c": 175.71705642301762, "res": 8.0, "count_Ferns": 0, "count_Flowering Plants": 0, "count_Basidiomycota": 0, "count_Insects": 0, "count_Arachnids": 0, "count_Gymnosperms": 0, "count_Mosses": 0, "count_Mammals": 2, "count_Molluscs": 0, "count_Birds": 2, "count_Sac Fungi": 0, "count_Reptiles": 0, "count_Amphibians": 0, "unique_species_count": 4.0, "countryCode": "NZ" }, "geometry": { "type": "MultiPolygon", "coordinates": [ [ [ [ 176.285517989595974, -32.710440804567824 ], [ 176.198541905398145, -33.181238151379006 ], [ 175.626391153057767, -33.387770885045057 ], [ 175.14576031649699, -33.121922405783792 ], [ 175.238926886876612, -32.651486999932885 ], [ 175.806570775933466, -32.446495568233949 ], [ 176.285517989595974, -32.710440804567824 ] ] ] ] } },
{ "type": "Feature", "properties": { "geogrid_id": "3032972446176767842", "seqnum": 63025.0, "lat_c": -32.972446409945604, "lon_c": 176.76784164841266, "res": 8.0, "count_Ferns": 0, "count_Flowering Plants": 0, "count_Basidiomycota": 0, "count_Insects": 0, "count_Arachnids": 0, "count_Gymnosperms": 0, "count_Mosses": 0, "count_Mammals": 1, "count_Molluscs": 0, "count_Birds": 1, "count_Sac Fungi": 0, "count_Reptiles": 0, "count_Amphibians": 0, "unique_species_count": 2.0, "countryCode": "NZ" }, "geometry": { "type": "MultiPolygon", "coordinates": [ [ [ [ 177.33432072674637, -32.761417650055066 ], [ 177.253616415769812, -33.232412691588301 ], [ 176.683457646362712, -33.443194674108398 ], [ 176.198541905398145, -33.181238151379006 ], [ 176.285517989595974, -32.710440804567824 ], [ 176.851173220161542, -32.501356048137936 ], [ 177.33432072674637, -32.761417650055066 ] ] ] ] } },
{ "type": "Feature", "properties": { "geogrid_id": "3033019374177820942", "seqnum": 63107.0, "lat_c": -33.019373767346217, "lon_c": 177.82094188114436, "res": 8.0, "count_Ferns": 0, "count_Flowering Plants": 0, "count_Basidiomycota": 0, "count_Insects": 0, "count_Arachnids": 0, "count_Gymnosperms": 0, "count_Mosses": 0, "count_Mammals": 1, "count_Molluscs": 0, "count_Birds": 0, "count_Sac Fungi": 0, "count_Reptiles": 0, "count_Amphibians": 0, "unique_species_count": 1.0, "countryCode": "NZ" }, "geometry": { "type": "MultiPolygon", "coordinates": [ [ [ [ 178.385468514031203, -32.804095376076262 ], [ 178.311111252776897, -33.275110464608801 ], [ 177.742916574414664, -33.490232675594605 ], [ 177.253616415769812, -33.232412691588301 ], [ 177.33432072674637, -32.761417650055066 ], [ 177.898011085895263, -32.548172201833395 ], [ 178.385468514031203, -32.804095376076262 ] ] ] ] } },
{ "type": "Feature", "properties": { "geogrid_id": "3033057720178876499", "seqnum": 63189.0, "lat_c": -33.057720346021817, "lon_c": 178.87649894664645, "res": 8.0, "count_Ferns": 0, "count_Flowering Plants": 0, "count_Basidiomycota": 0, "count_Insects": 0, "count_Arachnids": 0, "count_Gymnosperms": 0, "count_Mosses": 0, "count_Mammals": 1, "count_Molluscs": 0, "count_Birds": 4, "count_Sac Fungi": 0, "count_Reptiles": 0, "count_Amphibians": 0, "unique_species_count": 5.0, "countryCode": "NZ" }, "geometry": { "type": "MultiPolygon", "coordinates": [ [ [ [ 179.439119025339238, -32.838073211615701 ], [ 179.371176220359672, -33.30891568774031 ], [ 178.8049025448897, -33.528505063478519 ], [ 178.311111252776897, -33.275110464608801 ], [ 178.385468514031203, -32.804095376076262 ], [ 178.947232708217769, -32.586592600736431 ], [ 179.439119025339238, -32.838073211615701 ] ] ] ] } },
{ "type": "Feature", "properties": { "geogrid_id": "3033086565168758987", "seqnum": 58844.0, "lat_c": -33.086564581286346, "lon_c": 168.75898727178364, "res": 8.0, "count_Ferns": 0, "count_Flowering Plants": 0, "count_Basidiomycota": 0, "count_Insects": 0, "count_Arachnids": 0, "count_Gymnosperms": 0, "count_Mosses": 0, "count_Mammals": 1, "count_Molluscs": 0, "count_Birds": 0, "count_Sac Fungi": 0, "count_Reptiles": 0, "count_Amphibians": 0, "unique_species_count": 1.0, "countryCode": "NZ" }, "geometry": { "type": "MultiPolygon", "coordinates": [ [ [ [ 168.885371908296889, -32.617786476638642 ], [ 169.340541140410011, -32.904504602932334 ], [ 169.215842652576669, -33.373720540376766 ], [ 168.631124891118702, -33.555503977190831 ], [ 168.175504924147646, -33.265927379268796 ], [ 168.304998072296314, -32.797443789506239 ], [ 168.885371908296889, -32.617786476638642 ] ] ] ] } },
{ "type": "Feature", "properties": { "geogrid_id": "3033087029179934679", "seqnum": 63271.0, "lat_c": -33.087029038829435, "lon_c": 179.93467931671591, "res": 8.0, "count_Ferns": 0, "count_Flowering Plants": 0, "count_Basidiomycota": 0, "count_Insects": 0, "count_Arachnids": 0, "count_Gymnosperms": 0, "count_Mosses": 0, "count_Mammals": 1, "count_Molluscs": 1, "count_Birds": 0, "count_Sac Fungi": 0, "count_Reptiles": 0, "count_Amphibians": 0, "unique_species_count": 2.0, "countryCode": "NZ" }, "geometry": { "type": "MultiPolygon", "coordinates": [ [ [ [ 179.869572630227736, -33.557539360484533 ], [ 179.371176220359672, -33.30891568774031 ], [ 179.439119025339238, -32.838073211615701 ], [ 179.999013211532997, -32.616176420293172 ], [ 180.0, -32.616666729590605 ], [ 180.0, -33.505722618118924 ], [ 179.869572630227736, -33.557539360484533 ] ] ], [ [ [ -179.504542959097222, -32.862846333181508 ], [ -179.566014289127054, -33.333306921858821 ], [ -180.0, -33.505722618118924 ], [ -180.0, -32.616666729590605 ], [ -179.504542959097222, -32.862846333181508 ] ] ] ] } },
{ "type": "Feature", "properties": { "geogrid_id": "3033189237169798578", "seqnum": 58925.0, "lat_c": -33.189237386346484, "lon_c": 169.79857787899971, "res": 8.0, "count_Ferns": 0, "count_Flowering Plants": 0, "count_Basidiomycota": 0, "count_Insects": 1, "count_Arachnids": 0, "count_Gymnosperms": 0, "count_Mosses": 0, "count_Mammals": 2, "count_Molluscs": 5, "count_Birds": 4, "count_Sac Fungi": 0, "count_Reptiles": 0, "count_Amphibians": 0, "unique_species_count": 12.0, "countryCode": "NZ" }, "geometry": { "type": "MultiPolygon", "coordinates": [ [ [ [ 169.920170117928109, -32.719766538817325 ], [ 170.379335524503745, -33.002074034955683 ], [ 170.259545627542252, -33.471942682883139 ], [ 169.675630314384648, -33.658869120910097 ], [ 169.215842652576669, -33.373720540376766 ], [ 169.340541140410011, -32.904504602932334 ], [ 169.920170117928109, -32.719766538817325 ] ] ] ] } },
{ "type": "Feature", "properties": { "geogrid_id": "3033282334170841429", "seqnum": 59006.0, "lat_c": -33.282334015922743, "lon_c": 170.84142907720431, "res": 8.0, "count_Ferns": 0, "count_Flowering Plants": 0, "count_Basidiomycota": 0, "count_Insects": 1, "count_Arachnids": 0, "count_Gymnosperms": 0, "count_Mosses": 0, "count_Mammals": 1, "count_Molluscs": 1, "count_Birds": 5, "count_Sac Fungi": 0, "count_Reptiles": 0, "count_Amphibians": 0, "unique_species_count": 8.0, "countryCode": "NZ" }, "geometry": { "type": "MultiPolygon", "coordinates": [ [ [ [ 170.958121226827728, -32.812249901439372 ], [ 171.421287700746149, -33.090062966955237 ], [ 171.306510382726913, -33.560505388520703 ], [ 170.723506419818051, -33.752579088459584 ], [ 170.259545627542252, -33.471942682883139 ], [ 170.379335524503745, -33.002074034955683 ], [ 170.958121226827728, -32.812249901439372 ] ] ] ] } },
{ "type": "Feature", "properties": { "geogrid_id": "3033365768171887435", "seqnum": 62696.0, "lat_c": -33.365767810997305, "lon_c": 171.88743522964072, "res": 8.0, "count_Ferns": 0, "count_Flowering Plants": 0, "count_Basidiomycota": 0, "count_Insects": 0, "count_Arachnids": 0, "count_Gymnosperms": 0, "count_Mosses": 0, "count_Mammals": 2, "count_Molluscs": 0, "count_Birds": 9, "count_Sac Fungi": 0, "count_Reptiles": 0, "count_Amphibians": 0, "unique_species_count": 11.0, "countryCode": "NZ" }, "geometry": { "type": "MultiPolygon", "coordinates": [ [ [ [ 172.468491429901036, -33.174011852477868 ], [ 172.357975134368417, -33.642383494442768 ], [ 171.774637658448427, -33.836547602410718 ], [ 171.306510382726913, -33.560505388520703 ], [ 171.421287700746149, -33.090062966955237 ], [ 172.000182487541849, -32.897639364393775 ], [ 172.468491429901036, -33.174011852477868 ] ] ] ] } },
{ "type": "Feature", "properties": { "geogrid_id": "3033448838172939941", "seqnum": 62778.0, "lat_c": -33.448837739728027, "lon_c": 172.93994060043053, "res": 8.0, "count_Ferns": 0, "count_Flowering Plants": 0, "count_Basidiomycota": 0, "count_Insects": 0, "count_Arachnids": 0, "count_Gymnosperms": 0, "count_Mosses": 0, "count_Mammals": 2, "count_Molluscs": 0, "count_Birds": 10, "count_Sac Fungi": 0, "count_Reptiles": 0, "count_Amphibians": 0, "unique_species_count": 12.0, "countryCode": "NZ" }, "geometry": { "type": "MultiPolygon", "coordinates": [ [ [ [ 173.51899643983208, -33.252946785061958 ], [ 173.41460293216187, -33.722049152722072 ], [ 172.831713284178591, -33.917425103393441 ], [ 172.357975134368417, -33.642383494442768 ], [ 172.468491429901036, -33.174011852477868 ], [ 173.046663245648375, -32.979915465187325 ], [ 173.51899643983208, -33.252946785061958 ] ] ] ] } },
{ "type": "Feature", "properties": { "geogrid_id": "3033524322173994558", "seqnum": 62860.0, "lat_c": -33.524321520726936, "lon_c": 173.99455845182413, "res": 8.0, "count_Ferns": 0, "count_Flowering Plants": 0, "count_Basidiomycota": 0, "count_Insects": 0, "count_Arachnids": 0, "count_Gymnosperms": 0, "count_Mosses": 0, "count_Mammals": 2, "count_Molluscs": 0, "count_Birds": 2, "count_Sac Fungi": 0, "count_Reptiles": 1, "count_Amphibians": 0, "unique_species_count": 5.0, "countryCode": "NZ" }, "geometry": { "type": "MultiPolygon", "coordinates": [ [ [ [ 174.571602832865921, -33.324270226105618 ], [ 174.473422753825503, -33.793964199550494 ], [ 173.892551742372234, -33.993574083581116 ], [ 173.41460293216187, -33.722049152722072 ], [ 173.51899643983208, -33.252946785061958 ], [ 174.09516414049844, -33.05473943404062 ], [ 174.571602832865921, -33.324270226105618 ] ] ] ] } },
{ "type": "Feature", "properties": { "geogrid_id": "3033592021175051361", "seqnum": 62942.0, "lat_c": -33.592021155159081, "lon_c": 175.05136056261816, "res": 8.0, "count_Ferns": 0, "count_Flowering Plants": 0, "count_Basidiomycota": 0, "count_Insects": 0, "count_Arachnids": 0, "count_Gymnosperms": 0, "count_Mosses": 0, "count_Mammals": 2, "count_Molluscs": 0, "count_Birds": 2, "count_Sac Fungi": 0, "count_Reptiles": 0, "count_Amphibians": 0, "unique_species_count": 4.0, "countryCode": "NZ" }, "geometry": { "type": "MultiPolygon", "coordinates": [ [ [ [ 175.626391153057767, -33.387770885045057 ], [ 175.534511148121226, -33.857907784677977 ], [ 174.955663012780036, -34.061794562006426 ], [ 174.473422753825503, -33.793964199550494 ], [ 174.571602832865921, -33.324270226105618 ], [ 175.14576031649699, -33.121922405783792 ], [ 175.626391153057767, -33.387770885045057 ] ] ] ] } },
{ "type": "Feature", "properties": { "geogrid_id": "3033651700176110433", "seqnum": 63024.0, "lat_c": -33.651700162519965, "lon_c": 176.11043289070176, "res": 8.0, "count_Ferns": 0, "count_Flowering Plants": 0, "count_Basidiomycota": 0, "count_Insects": 0, "count_Arachnids": 0, "count_Gymnosperms": 0, "count_Mosses": 0, "count_Mammals": 2, "count_Molluscs": 0, "count_Birds": 4, "count_Sac Fungi": 0, "count_Reptiles": 0, "count_Amphibians": 0, "unique_species_count": 6.0, "countryCode": "NZ" }, "geometry": { "type": "MultiPolygon", "coordinates": [ [ [ [ 176.683457646362712, -33.443194674108398 ], [ 176.597959409343218, -33.913615130658748 ], [ 176.021128350933509, -34.121840090455784 ], [ 175.534511148121226, -33.857907784677977 ], [ 175.626391153057767, -33.387770885045057 ], [ 176.198541905398145, -33.181238151379006 ], [ 176.683457646362712, -33.443194674108398 ] ] ] ] } },
{ "type": "Feature", "properties": { "geogrid_id": "3033703073177171878", "seqnum": 63106.0, "lat_c": -33.703073068319114, "lon_c": 177.17187769903856, "res": 8.0, "count_Ferns": 0, "count_Flowering Plants": 0, "count_Basidiomycota": 0, "count_Insects": 0, "count_Arachnids": 0, "count_Gymnosperms": 0, "count_Mosses": 0, "count_Mammals": 1, "count_Molluscs": 0, "count_Birds": 0, "count_Sac Fungi": 0, "count_Reptiles": 0, "count_Amphibians": 0, "unique_species_count": 1.0, "countryCode": "NZ" }, "geometry": { "type": "MultiPolygon", "coordinates": [ [ [ [ 177.742916574414664, -33.490232675594605 ], [ 177.663875586769677, -33.960765398535877 ], [ 177.089044195944069, -34.173414101768472 ], [ 176.597959409343218, -33.913615130658748 ], [ 176.683457646362712, -33.443194674108398 ], [ 177.253616415769812, -33.232412691588301 ], [ 177.742916574414664, -33.490232675594605 ] ] ] ] } },
{ "type": "Feature", "properties": { "geogrid_id": "3033734568168044420", "seqnum": 58762.0, "lat_c": -33.734568075945759, "lon_c": 168.04442029092817, "res": 8.0, "count_Ferns": 0, "count_Flowering Plants": 0, "count_Basidiomycota": 0, "count_Insects": 0, "count_Arachnids": 0, "count_Gymnosperms": 0, "count_Mosses": 0, "count_Mammals": 1, "count_Molluscs": 0, "count_Birds": 2, "count_Sac Fungi": 0, "count_Reptiles": 0, "count_Amphibians": 0, "unique_species_count": 3.0, "countryCode": "NZ" }, "geometry": { "type": "MultiPolygon", "coordinates": [ [ [ [ 168.175504924147646, -33.265927379268796 ], [ 168.631124891118702, -33.555503977190831 ], [ 168.501679017870941, -34.02459527886645 ], [ 167.911631891637342, -34.203354662423948 ], [ 167.455725156607343, -33.910893117316071 ], [ 167.590091225688639, -33.442573823986926 ], [ 168.175504924147646, -33.265927379268796 ] ] ] ] } },
{ "type": "Feature", "properties": { "geogrid_id": "3033745791178235816", "seqnum": 63188.0, "lat_c": -33.745791467522309, "lon_c": 178.23581572105962, "res": 8.0, "count_Ferns": 0, "count_Flowering Plants": 0, "count_Basidiomycota": 0, "count_Insects": 0, "count_Arachnids": 0, "count_Gymnosperms": 0, "count_Mosses": 0, "count_Mammals": 1, "count_Molluscs": 0, "count_Birds": 1, "count_Sac Fungi": 0, "count_Reptiles": 0, "count_Amphibians": 0, "unique_species_count": 2.0, "countryCode": "NZ" }, "geometry": { "type": "MultiPolygon", "coordinates": [ [ [ [ 178.8049025448897, -33.528505063478519 ], [ 178.732386408717758, -33.998965549532869 ], [ 178.159523987125596, -34.216155906341086 ], [ 177.663875586769677, -33.960765398535877 ], [ 177.742916574414664, -33.490232675594605 ], [ 178.311111252776897, -33.275110464608801 ], [ 178.8049025448897, -33.528505063478519 ] ] ] ] } },
{ "type": "Feature", "properties": { "geogrid_id": "3033779425179302388", "seqnum": 63270.0, "lat_c": -33.779425338974832, "lon_c": 179.30238818759128, "res": 8.0, "count_Ferns": 0, "count_Flowering Plants": 0, "count_Basidiomycota": 0, "count_Insects": 0, "count_Arachnids": 0, "count_Gymnosperms": 0, "count_Mosses": 0, "count_Mammals": 1, "count_Molluscs": 1, "count_Birds": 4, "count_Sac Fungi": 0, "count_Reptiles": 0, "count_Amphibians": 0, "unique_species_count": 6.0, "countryCode": "NZ" }, "geometry": { "type": "MultiPolygon", "coordinates": [ [ [ [ 179.869572630227736, -33.557539360484533 ], [ 179.803638860969613, -34.02772863268472 ], [ 179.232699728901395, -34.249622007252583 ], [ 178.732386408717758, -33.998965549532869 ], [ 178.8049025448897, -33.528505063478519 ], [ 179.371176220359672, -33.30891568774031 ], [ 179.869572630227736, -33.557539360484533 ] ] ] ] } },
{ "type": "Feature", "properties": { "geogrid_id": "3033843093169089677", "seqnum": 58843.0, "lat_c": -33.84309335417332, "lon_c": 169.08967672280173, "res": 8.0, "count_Ferns": 0, "count_Flowering Plants": 0, "count_Basidiomycota": 0, "count_Insects": 0, "count_Arachnids": 0, "count_Gymnosperms": 0, "count_Mosses": 0, "count_Mammals": 2, "count_Molluscs": 0, "count_Birds": 4, "count_Sac Fungi": 0, "count_Reptiles": 0, "count_Amphibians": 0, "unique_species_count": 6.0, "countryCode": "NZ" }, "geometry": { "type": "MultiPolygon", "coordinates": [ [ [ [ 169.215842652576669, -33.373720540376766 ], [ 169.675630314384648, -33.658869120910097 ], [ 169.551227625158845, -34.128653468771496 ], [ 168.961937376732152, -34.312613064738045 ], [ 168.501679017870941, -34.02459527886645 ], [ 168.631124891118702, -33.555503977190831 ], [ 169.215842652576669, -33.373720540376766 ] ] ] ] } },
{ "type": "Feature", "properties": { "geogrid_id": "3033941969170138415", "seqnum": 58924.0, "lat_c": -33.941968602759623, "lon_c": 170.13841482109817, "res": 8.0, "count_Ferns": 0, "count_Flowering Plants": 0, "count_Basidiomycota": 0, "count_Insects": 0, "count_Arachnids": 0, "count_Gymnosperms": 0, "count_Mosses": 0, "count_Mammals": 2, "count_Molluscs": 0, "count_Birds": 5, "count_Sac Fungi": 0, "count_Reptiles": 0, "count_Amphibians": 0, "unique_species_count": 7.0, "countryCode": "NZ" }, "geometry": { "type": "MultiPolygon", "coordinates": [ [ [ [ 170.259545627542252, -33.471942682883139 ], [ 170.723506419818051, -33.752579088459584 ], [ 170.604259238627833, -34.222977946823363 ], [ 170.015843238822356, -34.412143040685173 ], [ 169.551227625158845, -34.128653468771496 ], [ 169.675630314384648, -33.658869120910097 ], [ 170.259545627542252, -33.471942682883139 ] ] ] ] } },
{ "type": "Feature", "properties": { "geogrid_id": "3034031106171190521", "seqnum": 59005.0, "lat_c": -34.031105807503565, "lon_c": 171.19052084986822, "res": 8.0, "count_Ferns": 0, "count_Flowering Plants": 0, "count_Basidiomycota": 0, "count_Insects": 0, "count_Arachnids": 0, "count_Gymnosperms": 0, "count_Mosses": 0, "count_Mammals": 2, "count_Molluscs": 13, "count_Birds": 0, "count_Sac Fungi": 0, "count_Reptiles": 0, "count_Amphibians": 0, "unique_species_count": 15.0, "countryCode": "NZ" }, "geometry": { "type": "MultiPolygon", "coordinates": [ [ [ [ 171.306510382726913, -33.560505388520703 ], [ 171.774637658448427, -33.836547602410718 ], [ 171.660648096049925, -34.307482534518819 ], [ 171.073225166184415, -34.501856664910235 ], [ 170.604259238627833, -34.222977946823363 ], [ 170.723506419818051, -33.752579088459584 ], [ 171.306510382726913, -33.560505388520703 ] ] ] ] } },
{ "type": "Feature", "properties": { "geogrid_id": "3034110421172245868", "seqnum": 62777.0, "lat_c": -34.110420544384134, "lon_c": 172.24586775071575, "res": 8.0, "count_Ferns": 11, "count_Flowering Plants": 105, "count_Basidiomycota": 0, "count_Insects": 249, "count_Arachnids": 23, "count_Gymnosperms": 0, "count_Mosses": 22, "count_Mammals": 6, "count_Molluscs": 352, "count_Birds": 16, "count_Sac Fungi": 2, "count_Reptiles": 0, "count_Amphibians": 0, "unique_species_count": 786.0, "countryCode": "NZ" }, "geometry": { "type": "MultiPolygon", "coordinates": [ [ [ [ 172.831713284178591, -33.917425103393441 ], [ 172.721912923724716, -34.385685429404575 ], [ 172.133945939438092, -34.58166934731166 ], [ 171.660648096049925, -34.307482534518819 ], [ 171.774637658448427, -33.836547602410718 ], [ 172.357975134368417, -33.642383494442768 ], [ 172.831713284178591, -33.917425103393441 ] ] ] ] } },
{ "type": "Feature", "properties": { "geogrid_id": "3034190824173308723", "seqnum": 62859.0, "lat_c": -34.190823812953212, "lon_c": 173.30872289976739, "res": 8.0, "count_Ferns": 35, "count_Flowering Plants": 308, "count_Basidiomycota": 8, "count_Insects": 130, "count_Arachnids": 6, "count_Gymnosperms": 2, "count_Mosses": 64, "count_Mammals": 10, "count_Molluscs": 399, "count_Birds": 35, "count_Sac Fungi": 70, "count_Reptiles": 1, "count_Amphibians": 0, "unique_species_count": 1068.0, "countryCode": "NZ" }, "geometry": { "type": "MultiPolygon", "coordinates": [ [ [ [ 173.892551742372234, -33.993574083581116 ], [ 173.789077515083676, -34.462506672843752 ], [ 173.201288765770926, -34.659279477711458 ], [ 172.721912923724716, -34.385685429404575 ], [ 172.831713284178591, -33.917425103393441 ], [ 173.41460293216187, -33.722049152722072 ], [ 173.892551742372234, -33.993574083581116 ] ] ] ] } },
{ "type": "Feature", "properties": { "geogrid_id": "3034263336174373861", "seqnum": 62941.0, "lat_c": -34.263336087139237, "lon_c": 174.37386060459758, "res": 8.0, "count_Ferns": 0, "count_Flowering Plants": 1, "count_Basidiomycota": 0, "count_Insects": 0, "count_Arachnids": 0, "count_Gymnosperms": 0, "count_Mosses": 0, "count_Mammals": 3, "count_Molluscs": 7, "count_Birds": 6, "count_Sac Fungi": 0, "count_Reptiles": 0, "count_Amphibians": 0, "unique_species_count": 17.0, "countryCode": "NZ" }, "geometry": { "type": "MultiPolygon", "coordinates": [ [ [ [ 174.955663012780036, -34.061794562006426 ], [ 174.8586031992279, -34.531253952927841 ], [ 174.272850842342962, -34.732396311476847 ], [ 173.789077515083676, -34.462506672843752 ], [ 173.892551742372234, -33.993574083581116 ], [ 174.473422753825503, -33.793964199550494 ], [ 174.955663012780036, -34.061794562006426 ] ] ] ] } },
{ "type": "Feature", "properties": { "geogrid_id": "3034327727175441353", "seqnum": 63023.0, "lat_c": -34.327727196740213, "lon_c": 175.44135292458995, "res": 8.0, "count_Ferns": 0, "count_Flowering Plants": 0, "count_Basidiomycota": 0, "count_Insects": 0, "count_Arachnids": 0, "count_Gymnosperms": 0, "count_Mosses": 0, "count_Mammals": 2, "count_Molluscs": 0, "count_Birds": 7, "count_Sac Fungi": 0, "count_Reptiles": 0, "count_Amphibians": 0, "unique_species_count": 9.0, "countryCode": "NZ" }, "geometry": { "type": "MultiPolygon", "coordinates": [ [ [ [ 176.021128350933509, -34.121840090455784 ], [ 175.930566021119802, -34.591671144091293 ], [ 175.346853139840192, -34.797241349676199 ], [ 174.8586031992279, -34.531253952927841 ], [ 174.955663012780036, -34.061794562006426 ], [ 175.534511148121226, -33.857907784677977 ], [ 176.021128350933509, -34.121840090455784 ] ] ] ] } },
{ "type": "Feature", "properties": { "geogrid_id": "3034383722176511286", "seqnum": 63105.0, "lat_c": -34.383722016663384, "lon_c": 176.5112856606271, "res": 8.0, "count_Ferns": 0, "count_Flowering Plants": 0, "count_Basidiomycota": 0, "count_Insects": 0, "count_Arachnids": 0, "count_Gymnosperms": 0, "count_Mosses": 0, "count_Mammals": 1, "count_Molluscs": 0, "count_Birds": 4, "count_Sac Fungi": 0, "count_Reptiles": 0, "count_Amphibians": 0, "unique_species_count": 5.0, "countryCode": "NZ" }, "geometry": { "type": "MultiPolygon", "coordinates": [ [ [ [ 177.089044195944069, -34.173414101768472 ], [ 177.005056044670539, -34.643450992001497 ], [ 176.423375446299104, -34.85352946508867 ], [ 175.930566021119802, -34.591671144091293 ], [ 176.021128350933509, -34.121840090455784 ], [ 176.597959409343218, -33.913615130658748 ], [ 177.089044195944069, -34.173414101768472 ] ] ] ] } },
{ "type": "Feature", "properties": { "geogrid_id": "3034469120178658894", "seqnum": 63269.0, "lat_c": -34.469120332899628, "lon_c": 178.65889436383844, "res": 8.0, "count_Ferns": 0, "count_Flowering Plants": 0, "count_Basidiomycota": 0, "count_Insects": 0, "count_Arachnids": 0, "count_Gymnosperms": 0, "count_Mosses": 0, "count_Mammals": 1, "count_Molluscs": 2, "count_Birds": 5, "count_Sac Fungi": 0, "count_Reptiles": 0, "count_Amphibians": 0, "unique_species_count": 8.0, "countryCode": "NZ" }, "geometry": { "type": "MultiPolygon", "coordinates": [ [ [ [ 179.232699728901395, -34.249622007252583 ], [ 179.162056539066384, -34.719525175485259 ], [ 178.584370923896245, -34.938987636107335 ], [ 178.08217882763077, -34.686221077430424 ], [ 178.159523987125596, -34.216155906341086 ], [ 178.732386408717758, -33.998965549532869 ], [ 179.232699728901395, -34.249622007252583 ] ] ] ] } },
{ "type": "Feature", "properties": { "geogrid_id": "3034493827168370537", "seqnum": 58761.0, "lat_c": -34.493826605148861, "lon_c": 168.37053706268159, "res": 8.0, "count_Ferns": 0, "count_Flowering Plants": 0, "count_Basidiomycota": 0, "count_Insects": 0, "count_Arachnids": 0, "count_Gymnosperms": 0, "count_Mosses": 0, "count_Mammals": 1, "count_Molluscs": 11, "count_Birds": 1, "count_Sac Fungi": 0, "count_Reptiles": 0, "count_Amphibians": 0, "unique_species_count": 13.0, "countryCode": "NZ" }, "geometry": { "type": "MultiPolygon", "coordinates": [ [ [ [ 168.501679017870941, -34.02459527886645 ], [ 168.961937376732152, -34.312613064738045 ], [ 168.832511804459415, -34.782267193520703 ], [ 168.237579031371808, -34.963183282353249 ], [ 167.777020033181259, -34.672273133035539 ], [ 167.911631891637342, -34.203354662423948 ], [ 168.501679017870941, -34.02459527886645 ] ] ] ] } },
{ "type": "Feature", "properties": { "geogrid_id": "3034497618179736825", "seqnum": 63351.0, "lat_c": -34.497617678731764, "lon_c": 179.73682482465088, "res": 8.0, "count_Ferns": 0, "count_Flowering Plants": 0, "count_Basidiomycota": 0, "count_Insects": 0, "count_Arachnids": 0, "count_Gymnosperms": 0, "count_Mosses": 0, "count_Mammals": 1, "count_Molluscs": 0, "count_Birds": 1, "count_Sac Fungi": 0, "count_Reptiles": 0, "count_Amphibians": 0, "unique_species_count": 2.0, "countryCode": "NZ" }, "geometry": { "type": "MultiPolygon", "coordinates": [ [ [ [ 179.669078197289338, -34.967226871057818 ], [ 179.162056539066384, -34.719525175485259 ], [ 179.232699728901395, -34.249622007252583 ], [ 179.803638860969613, -34.02772863268472 ], [ 180.0, -34.1231840087531 ], [ 180.0, -34.8382328312411 ], [ 179.669078197289338, -34.967226871057818 ] ] ], [ [ [ -179.69127706252965, -34.273260873466171 ], [ -179.755171675977351, -34.742798217025452 ], [ -180.0, -34.8382328312411 ], [ -180.0, -34.1231840087531 ], [ -179.69127706252965, -34.273260873466171 ] ] ] ] } },
{ "type": "Feature", "properties": { "geogrid_id": "3034598580169425264", "seqnum": 58842.0, "lat_c": -34.598579915251662, "lon_c": 169.42526369443107, "res": 8.0, "count_Ferns": 0, "count_Flowering Plants": 0, "count_Basidiomycota": 0, "count_Insects": 0, "count_Arachnids": 0, "count_Gymnosperms": 0, "count_Mosses": 0, "count_Mammals": 2, "count_Molluscs": 9, "count_Birds": 5, "count_Sac Fungi": 0, "count_Reptiles": 0, "count_Amphibians": 0, "unique_species_count": 16.0, "countryCode": "NZ" }, "geometry": { "type": "MultiPolygon", "coordinates": [ [ [ [ 169.551227625158845, -34.128653468771496 ], [ 170.015843238822356, -34.412143040685173 ], [ 169.891724703747428, -34.88245500394644 ], [ 169.29762557824651, -35.06863544883543 ], [ 168.832511804459415, -34.782267193520703 ], [ 168.961937376732152, -34.312613064738045 ], [ 169.551227625158845, -34.128653468771496 ] ] ] ] } },
{ "type": "Feature", "properties": { "geogrid_id": "3034693521170483588", "seqnum": 58923.0, "lat_c": -34.693521407573833, "lon_c": 170.483587678682, "res": 8.0, "count_Ferns": 0, "count_Flowering Plants": 0, "count_Basidiomycota": 0, "count_Insects": 0, "count_Arachnids": 0, "count_Gymnosperms": 0, "count_Mosses": 0, "count_Mammals": 1, "count_Molluscs": 0, "count_Birds": 0, "count_Sac Fungi": 0, "count_Reptiles": 0, "count_Amphibians": 0, "unique_species_count": 1.0, "countryCode": "NZ" }, "geometry": { "type": "MultiPolygon", "coordinates": [ [ [ [ 170.604259238627833, -34.222977946823363 ], [ 171.073225166184415, -34.501856664910235 ], [ 170.954523566498068, -34.972748396591513 ], [ 170.361385584679596, -35.164198054977426 ], [ 169.891724703747428, -34.88245500394644 ], [ 170.015843238822356, -34.412143040685173 ], [ 170.604259238627833, -34.222977946823363 ] ] ] ] } },
{ "type": "Feature", "properties": { "geogrid_id": "3034778565171545373", "seqnum": 59004.0, "lat_c": -34.778564702706014, "lon_c": 171.54537276129304, "res": 8.0, "count_Ferns": 0, "count_Flowering Plants": 0, "count_Basidiomycota": 0, "count_Insects": 0, "count_Arachnids": 0, "count_Gymnosperms": 0, "count_Mosses": 0, "count_Mammals": 0, "count_Molluscs": 5, "count_Birds": 3, "count_Sac Fungi": 0, "count_Reptiles": 0, "count_Amphibians": 0, "unique_species_count": 8.0, "countryCode": "NZ" }, "geometry": { "type": "MultiPolygon", "coordinates": [ [ [ [ 171.660648096049925, -34.307482534518819 ], [ 172.133945939438092, -34.58166934731166 ], [ 172.020760758815243, -35.053062334476259 ], [ 171.42871205686447, -35.249784209079827 ], [ 170.954523566498068, -34.972748396591513 ], [ 171.073225166184415, -34.501856664910235 ], [ 171.660648096049925, -34.307482534518819 ] ] ] ] } },
{ "type": "Feature", "properties": { "geogrid_id": "3034853627172610471", "seqnum": 62858.0, "lat_c": -34.85362661296179, "lon_c": 172.6104707773477, "res": 8.0, "count_Ferns": 30, "count_Flowering Plants": 568, "count_Basidiomycota": 49, "count_Insects": 235, "count_Arachnids": 29, "count_Gymnosperms": 15, "count_Mosses": 62, "count_Mammals": 17, "count_Molluscs": 549, "count_Birds": 75, "count_Sac Fungi": 115, "count_Reptiles": 4, "count_Amphibians": 2, "unique_species_count": 1750.0, "countryCode": "NZ" }, "geometry": { "type": "MultiPolygon", "coordinates": [ [ [ [ 173.201288765770926, -34.659279477711458 ], [ 173.092232581123511, -35.127424846762409 ], [ 172.499446484234056, -35.325310068320732 ], [ 172.020760758815243, -35.053062334476259 ], [ 172.133945939438092, -34.58166934731166 ], [ 172.721912923724716, -34.385685429404575 ], [ 173.201288765770926, -34.659279477711458 ] ] ] ] } },
{ "type": "Feature", "properties": { "geogrid_id": "3034931129173684069", "seqnum": 62940.0, "lat_c": -34.931128837437235, "lon_c": 173.68406906528207, "res": 8.0, "count_Ferns": 114, "count_Flowering Plants": 1098, "count_Basidiomycota": 138, "count_Insects": 615, "count_Arachnids": 71, "count_Gymnosperms": 19, "count_Mosses": 68, "count_Mammals": 22, "count_Molluscs": 572, "count_Birds": 88, "count_Sac Fungi": 111, "count_Reptiles": 3, "count_Amphibians": 2, "unique_species_count": 2921.0, "countryCode": "NZ" }, "geometry": { "type": "MultiPolygon", "coordinates": [ [ [ [ 174.272850842342962, -34.732396311476847 ], [ 174.170327713237214, -35.201155253519985 ], [ 173.577459312241643, -35.399450078456262 ], [ 173.092232581123511, -35.127424846762409 ], [ 173.201288765770926, -34.659279477711458 ], [ 173.789077515083676, -34.462506672843752 ], [ 174.272850842342962, -34.732396311476847 ] ] ] ] } },
{ "type": "Feature", "properties": { "geogrid_id": "3035000411174760117", "seqnum": 63022.0, "lat_c": -35.000410615980357, "lon_c": 174.76011661530683, "res": 8.0, "count_Ferns": 29, "count_Flowering Plants": 271, "count_Basidiomycota": 15, "count_Insects": 52, "count_Arachnids": 8, "count_Gymnosperms": 4, "count_Mosses": 2, "count_Mammals": 10, "count_Molluscs": 316, "count_Birds": 55, "count_Sac Fungi": 13, "count_Reptiles": 3, "count_Amphibians": 0, "unique_species_count": 778.0, "countryCode": "NZ" }, "geometry": { "type": "MultiPolygon", "coordinates": [ [ [ [ 175.346853139840192, -34.797241349676199 ], [ 175.250948408016598, -35.266462386039386 ], [ 174.660138539360332, -35.469275755700771 ], [ 174.170327713237214, -35.201155253519985 ], [ 174.272850842342962, -34.732396311476847 ], [ 174.8586031992279, -34.531253952927841 ], [ 175.346853139840192, -34.797241349676199 ] ] ] ] } },
{ "type": "Feature", "properties": { "geogrid_id": "3035061206175838684", "seqnum": 63104.0, "lat_c": -35.061206439808288, "lon_c": 175.83868377205874, "res": 8.0, "count_Ferns": 0, "count_Flowering Plants": 0, "count_Basidiomycota": 0, "count_Insects": 0, "count_Arachnids": 0, "count_Gymnosperms": 0, "count_Mosses": 0, "count_Mammals": 1, "count_Molluscs": 0, "count_Birds": 8, "count_Sac Fungi": 0, "count_Reptiles": 1, "count_Amphibians": 0, "unique_species_count": 10.0, "countryCode": "NZ" }, "geometry": { "type": "MultiPolygon", "coordinates": [ [ [ [ 176.423375446299104, -34.85352946508867 ], [ 176.334167941319635, -35.323051461172646 ], [ 175.745419425820188, -35.530458959214094 ], [ 175.250948408016598, -35.266462386039386 ], [ 175.346853139840192, -34.797241349676199 ], [ 175.930566021119802, -34.591671144091293 ], [ 176.423375446299104, -34.85352946508867 ] ] ] ] } },
{ "type": "Feature", "properties": { "geogrid_id": "3035113199176919854", "seqnum": 63186.0, "lat_c": -35.113198772640288, "lon_c": 176.91985369714794, "res": 8.0, "count_Ferns": 0, "count_Flowering Plants": 0, "count_Basidiomycota": 0, "count_Insects": 0, "count_Arachnids": 0, "count_Gymnosperms": 0, "count_Mosses": 0, "count_Mammals": 1, "count_Molluscs": 0, "count_Birds": 0, "count_Sac Fungi": 0, "count_Reptiles": 0, "count_Amphibians": 0, "unique_species_count": 1.0, "countryCode": "NZ" }, "geometry": { "type": "MultiPolygon", "coordinates": [ [ [ [ 177.50251165852913, -34.900917402033301 ], [ 177.420072324997903, -35.37056872131015 ], [ 176.833377725451072, -35.582672272975707 ], [ 176.334167941319635, -35.323051461172646 ], [ 176.423375446299104, -34.85352946508867 ], [ 177.005056044670539, -34.643450992001497 ], [ 177.50251165852913, -34.900917402033301 ] ] ] ] } },
{ "type": "Feature", "properties": { "geogrid_id": "3035141306167640457", "seqnum": 58679.0, "lat_c": -35.141306354438555, "lon_c": 167.64045698927751, "res": 8.0, "count_Ferns": 0, "count_Flowering Plants": 0, "count_Basidiomycota": 0, "count_Insects": 0, "count_Arachnids": 0, "count_Gymnosperms": 0, "count_Mosses": 0, "count_Mammals": 1, "count_Molluscs": 0, "count_Birds": 0, "count_Sac Fungi": 0, "count_Reptiles": 0, "count_Amphibians": 0, "unique_species_count": 1.0, "countryCode": "NZ" }, "geometry": { "type": "MultiPolygon", "coordinates": [ [ [ [ 167.777020033181259, -34.672273133035539 ], [ 168.237579031371808, -34.963183282353249 ], [ 168.102676910163808, -35.432647511648241 ], [ 167.501806322264002, -35.610433684584798 ], [ 167.041137307459337, -35.316614323766927 ], [ 167.181379904909079, -34.847931508321011 ], [ 167.777020033181259, -34.672273133035539 ] ] ] ] } },
{ "type": "Feature", "properties": { "geogrid_id": "3035156004178003724", "seqnum": 63268.0, "lat_c": -35.156004013384475, "lon_c": 178.00372351048131, "res": 8.0, "count_Ferns": 0, "count_Flowering Plants": 1, "count_Basidiomycota": 0, "count_Insects": 1, "count_Arachnids": 0, "count_Gymnosperms": 0, "count_Mosses": 0, "count_Mammals": 1, "count_Molluscs": 0, "count_Birds": 5, "count_Sac Fungi": 0, "count_Reptiles": 0, "count_Amphibians": 0, "unique_species_count": 8.0, "countryCode": "NZ" }, "geometry": { "type": "MultiPolygon", "coordinates": [ [ [ [ 178.584370923896245, -34.938987636107335 ], [ 178.508761074904982, -35.40858534505599 ], [ 177.924101591557871, -35.625521451719116 ], [ 177.420072324997903, -35.37056872131015 ], [ 177.50251165852913, -34.900917402033301 ], [ 178.08217882763077, -34.686221077430424 ], [ 178.584370923896245, -34.938987636107335 ] ] ] ] } },
{ "type": "Feature", "properties": { "geogrid_id": "3035189154179090405", "seqnum": 63350.0, "lat_c": -35.189153938570406, "lon_c": 179.09040497588461, "res": 8.0, "count_Ferns": 0, "count_Flowering Plants": 0, "count_Basidiomycota": 0, "count_Insects": 0, "count_Arachnids": 0, "count_Gymnosperms": 0, "count_Mosses": 0, "count_Mammals": 0, "count_Molluscs": 4, "count_Birds": 0, "count_Sac Fungi": 0, "count_Reptiles": 0, "count_Amphibians": 0, "unique_species_count": 4.0, "countryCode": "NZ" }, "geometry": { "type": "MultiPolygon", "coordinates": [ [ [ [ 179.669078197289338, -34.967226871057818 ], [ 179.600347288318375, -35.436576112264213 ], [ 179.017691846941915, -35.658526981608333 ], [ 178.508761074904982, -35.40858534505599 ], [ 178.584370923896245, -34.938987636107335 ], [ 179.162056539066384, -34.719525175485259 ], [ 179.669078197289338, -34.967226871057818 ] ] ] ] } },
{ "type": "Feature", "properties": { "geogrid_id": "3035252040168701280", "seqnum": 58760.0, "lat_c": -35.25204047169305, "lon_c": 168.70127980174396, "res": 8.0, "count_Ferns": 0, "count_Flowering Plants": 0, "count_Basidiomycota": 0, "count_Insects": 0, "count_Arachnids": 0, "count_Gymnosperms": 0, "count_Mosses": 0, "count_Mammals": 2, "count_Molluscs": 0, "count_Birds": 3, "count_Sac Fungi": 0, "count_Reptiles": 0, "count_Amphibians": 0, "unique_species_count": 5.0, "countryCode": "NZ" }, "geometry": { "type": "MultiPolygon", "coordinates": [ [ [ [ 168.832511804459415, -34.782267193520703 ], [ 169.29762557824651, -35.06863544883543 ], [ 169.168192951844105, -35.538804275687475 ], [ 168.56811316141804, -35.721914514355689 ], [ 168.102676910163808, -35.432647511648241 ], [ 168.237579031371808, -34.963183282353249 ], [ 168.832511804459415, -34.782267193520703 ] ] ] ] } },
{ "type": "Feature", "properties": { "geogrid_id": "3035352891169765946", "seqnum": 58841.0, "lat_c": -35.352891010127152, "lon_c": 169.76594622331507, "res": 8.0, "count_Ferns": 0, "count_Flowering Plants": 0, "count_Basidiomycota": 0, "count_Insects": 0, "count_Arachnids": 0, "count_Gymnosperms": 0, "count_Mosses": 0, "count_Mammals": 2, "count_Molluscs": 5, "count_Birds": 1, "count_Sac Fungi": 0, "count_Reptiles": 0, "count_Amphibians": 0, "unique_species_count": 8.0, "countryCode": "NZ" }, "geometry": { "type": "MultiPolygon", "coordinates": [ [ [ [ 169.891724703747428, -34.88245500394644 ], [ 170.361385584679596, -35.164198054977426 ], [ 170.237540000072187, -35.634993995341418 ], [ 169.638387440575656, -35.823434807698987 ], [ 169.168192951844105, -35.538804275687475 ], [ 169.29762557824651, -35.06863544883543 ], [ 169.891724703747428, -34.88245500394644 ] ] ] ] } },
{ "type": "Feature", "properties": { "geogrid_id": "3035443769170834310", "seqnum": 58922.0, "lat_c": -35.443769216682874, "lon_c": 170.83430999839001, "res": 8.0, "count_Ferns": 0, "count_Flowering Plants": 0, "count_Basidiomycota": 0, "count_Insects": 0, "count_Arachnids": 0, "count_Gymnosperms": 0, "count_Mosses": 0, "count_Mammals": 1, "count_Molluscs": 0, "count_Birds": 1, "count_Sac Fungi": 0, "count_Reptiles": 0, "count_Amphibians": 0, "unique_species_count": 2.0, "countryCode": "NZ" }, "geometry": { "type": "MultiPolygon", "coordinates": [ [ [ [ 170.954523566498068, -34.972748396591513 ], [ 171.42871205686447, -35.249784209079827 ], [ 171.310560114094898, -35.721128948352693 ], [ 170.712471625323332, -35.914904877344377 ], [ 170.237540000072187, -35.634993995341418 ], [ 170.361385584679596, -35.164198054977426 ], [ 170.954523566498068, -34.972748396591513 ] ] ] ] } },
{ "type": "Feature", "properties": { "geogrid_id": "3035524589171906213", "seqnum": 59003.0, "lat_c": -35.52458931704485, "lon_c": 171.90621285682212, "res": 8.0, "count_Ferns": 0, "count_Flowering Plants": 0, "count_Basidiomycota": 0, "count_Insects": 0, "count_Arachnids": 0, "count_Gymnosperms": 0, "count_Mosses": 0, "count_Mammals": 1, "count_Molluscs": 3, "count_Birds": 0, "count_Sac Fungi": 0, "count_Reptiles": 0, "count_Amphibians": 0, "unique_species_count": 4.0, "countryCode": "NZ" }, "geometry": { "type": "MultiPolygon", "coordinates": [ [ [ [ 172.020760758815243, -35.053062334476259 ], [ 172.499446484234056, -35.325310068320732 ], [ 172.387084239402753, -35.797124370207868 ], [ 171.790196629228802, -35.996237918794989 ], [ 171.310560114094898, -35.721128948352693 ], [ 171.42871205686447, -35.249784209079827 ], [ 172.020760758815243, -35.053062334476259 ] ] ] ] } },
{ "type": "Feature", "properties": { "geogrid_id": "3035595269172981486", "seqnum": 62939.0, "lat_c": -35.59526856317472, "lon_c": 172.98148586199559, "res": 8.0, "count_Ferns": 63, "count_Flowering Plants": 635, "count_Basidiomycota": 53, "count_Insects": 228, "count_Arachnids": 24, "count_Gymnosperms": 19, "count_Mosses": 44, "count_Mammals": 7, "count_Molluscs": 241, "count_Birds": 53, "count_Sac Fungi": 172, "count_Reptiles": 1, "count_Amphibians": 1, "unique_species_count": 1541.0, "countryCode": "NZ" }, "geometry": { "type": "MultiPolygon", "coordinates": [ [ [ [ 173.577459312241643, -35.399450078456262 ], [ 173.469180635641067, -35.867479807583045 ], [ 172.871383051362983, -36.067350112563929 ], [ 172.387084239402753, -35.797124370207868 ], [ 172.499446484234056, -35.325310068320732 ], [ 173.092232581123511, -35.127424846762409 ], [ 173.577459312241643, -35.399450078456262 ] ] ] ] } },
{ "type": "Feature", "properties": { "geogrid_id": "3035669623174066225", "seqnum": 63021.0, "lat_c": -35.669623209376795, "lon_c": 174.06622508320768, "res": 8.0, "count_Ferns": 82, "count_Flowering Plants": 1194, "count_Basidiomycota": 224, "count_Insects": 892, "count_Arachnids": 81, "count_Gymnosperms": 28, "count_Mosses": 92, "count_Mammals": 29, "count_Molluscs": 671, "count_Birds": 120, "count_Sac Fungi": 180, "count_Reptiles": 5, "count_Amphibians": 2, "unique_species_count": 3600.0, "countryCode": "NZ" }, "geometry": { "type": "MultiPolygon", "coordinates": [ [ [ [ 174.660138539360332, -35.469275755700771 ], [ 174.558603864902551, -35.937860453483246 ], [ 173.960476273686282, -36.137810351879594 ], [ 173.469180635641067, -35.867479807583045 ], [ 173.577459312241643, -35.399450078456262 ], [ 174.170327713237214, -35.201155253519985 ], [ 174.660138539360332, -35.469275755700771 ] ] ] ] } },
{ "type": "Feature", "properties": { "geogrid_id": "3035735402175153575", "seqnum": 63103.0, "lat_c": -35.735402321587337, "lon_c": 175.15357512350695, "res": 8.0, "count_Ferns": 53, "count_Flowering Plants": 332, "count_Basidiomycota": 19, "count_Insects": 243, "count_Arachnids": 27, "count_Gymnosperms": 10, "count_Mosses": 69, "count_Mammals": 12, "count_Molluscs": 370, "count_Birds": 61, "count_Sac Fungi": 23, "count_Reptiles": 3, "count_Amphibians": 0, "unique_species_count": 1222.0, "countryCode": "NZ" }, "geometry": { "type": "MultiPolygon", "coordinates": [ [ [ [ 175.745419425820188, -35.530458959214094 ], [ 175.650710579131044, -35.999441512616052 ], [ 175.054669290843691, -36.204073009508335 ], [ 174.558603864902551, -35.937860453483246 ], [ 174.660138539360332, -35.469275755700771 ], [ 175.250948408016598, -35.266462386039386 ], [ 175.745419425820188, -35.530458959214094 ] ] ] ] } },
{ "type": "Feature", "properties": { "geogrid_id": "3035792302176243602", "seqnum": 63185.0, "lat_c": -35.79230180517682, "lon_c": 176.24360226513451, "res": 8.0, "count_Ferns": 0, "count_Flowering Plants": 0, "count_Basidiomycota": 0, "count_Insects": 0, "count_Arachnids": 0, "count_Gymnosperms": 0, "count_Mosses": 0, "count_Mammals": 2, "count_Molluscs": 95, "count_Birds": 6, "count_Sac Fungi": 0, "count_Reptiles": 0, "count_Amphibians": 0, "unique_species_count": 103.0, "countryCode": "NZ" }, "geometry": { "type": "MultiPolygon", "coordinates": [ [ [ [ 176.833377725451072, -35.582672272975707 ], [ 176.745568637942256, -36.051886086072344 ], [ 176.15161730533967, -36.261294080547707 ], [ 175.650710579131044, -35.999441512616052 ], [ 175.745419425820188, -35.530458959214094 ], [ 176.334167941319635, -35.323051461172646 ], [ 176.833377725451072, -35.582672272975707 ] ] ] ] } },
{ "type": "Feature", "properties": { "geogrid_id": "3035839958177336384", "seqnum": 63267.0, "lat_c": -35.839957862597039, "lon_c": 177.33638412745717, "res": 8.0, "count_Ferns": 0, "count_Flowering Plants": 0, "count_Basidiomycota": 0, "count_Insects": 0, "count_Arachnids": 0, "count_Gymnosperms": 0, "count_Mosses": 0, "count_Mammals": 1, "count_Molluscs": 0, "count_Birds": 4, "count_Sac Fungi": 0, "count_Reptiles": 0, "count_Amphibians": 0, "unique_species_count": 5.0, "countryCode": "NZ" }, "geometry": { "type": "MultiPolygon", "coordinates": [ [ [ [ 177.924101591557871, -35.625521451719116 ], [ 177.84325672330354, -36.094789809645427 ], [ 177.251389056524459, -36.309100179944345 ], [ 176.745568637942256, -36.051886086072344 ], [ 176.833377725451072, -35.582672272975707 ], [ 177.420072324997903, -35.37056872131015 ], [ 177.924101591557871, -35.625521451719116 ] ] ] ] } },
{ "type": "Feature", "properties": { "geogrid_id": "3035877931178432010", "seqnum": 63349.0, "lat_c": -35.877930985211727, "lon_c": 178.43201007377212, "res": 8.0, "count_Ferns": 0, "count_Flowering Plants": 0, "count_Basidiomycota": 0, "count_Insects": 0, "count_Arachnids": 0, "count_Gymnosperms": 0, "count_Mosses": 0, "count_Mammals": 2, "count_Molluscs": 7, "count_Birds": 1, "count_Sac Fungi": 0, "count_Reptiles": 0, "count_Amphibians": 0, "unique_species_count": 10.0, "countryCode": "NZ" }, "geometry": { "type": "MultiPolygon", "coordinates": [ [ [ [ 179.017691846941915, -35.658526981608333 ], [ 178.943864210623047, -36.127662564000936 ], [ 178.354063258838863, -36.347041703265575 ], [ 177.84325672330354, -36.094789809645427 ], [ 177.924101591557871, -35.625521451719116 ], [ 178.508761074904982, -35.40858534505599 ], [ 179.017691846941915, -35.658526981608333 ] ] ] ] } },
{ "type": "Feature", "properties": { "geogrid_id": "3035902198167965694", "seqnum": 58678.0, "lat_c": -35.902197996092106, "lon_c": 167.96569399512353, "res": 8.0, "count_Ferns": 0, "count_Flowering Plants": 0, "count_Basidiomycota": 0, "count_Insects": 0, "count_Arachnids": 0, "count_Gymnosperms": 0, "count_Mosses": 0, "count_Mammals": 1, "count_Molluscs": 0, "count_Birds": 0, "count_Sac Fungi": 0, "count_Reptiles": 0, "count_Amphibians": 0, "unique_species_count": 1.0, "countryCode": "NZ" }, "geometry": { "type": "MultiPolygon", "coordinates": [ [ [ [ 168.102676910163808, -35.432647511648241 ], [ 168.56811316141804, -35.721914514355689 ], [ 168.432875010253213, -36.191867455954892 ], [ 167.826484160476383, -36.371809522161293 ], [ 167.360922142238934, -36.079630544300706 ], [ 167.501806322264002, -35.610433684584798 ], [ 168.102676910163808, -35.432647511648241 ] ] ] ] } },
{ "type": "Feature", "properties": { "geogrid_id": "3035905685179530581", "seqnum": 63431.0, "lat_c": -35.905684822441977, "lon_c": 179.53058083049382, "res": 8.0, "count_Ferns": 0, "count_Flowering Plants": 0, "count_Basidiomycota": 0, "count_Insects": 0, "count_Arachnids": 0, "count_Gymnosperms": 0, "count_Mosses": 0, "count_Mammals": 0, "count_Molluscs": 0, "count_Birds": 2, "count_Sac Fungi": 0, "count_Reptiles": 0, "count_Amphibians": 0, "unique_species_count": 2.0, "countryCode": "NZ" }, "geometry": { "type": "MultiPolygon", "coordinates": [ [ [ [ 179.459727784137669, -36.374571931531136 ], [ 178.943864210623047, -36.127662564000936 ], [ 179.017691846941915, -35.658526981608333 ], [ 179.600347288318375, -35.436576112264213 ], [ 180.0, -35.62673333838034 ], [ 180.0, -36.168056937449016 ], [ 179.459727784137669, -36.374571931531136 ] ] ], [ [ [ -179.885738733913882, -35.681099553787782 ], [ -179.952510049579416, -36.149904260812825 ], [ -180.0, -36.168056937449016 ], [ -180.0, -35.62673333838034 ], [ -179.885738733913882, -35.681099553787782 ] ] ] ] } },
{ "type": "Feature", "properties": { "geogrid_id": "3036009067169036838", "seqnum": 58759.0, "lat_c": -36.009067500970147, "lon_c": 169.03683750709823, "res": 8.0, "count_Ferns": 0, "count_Flowering Plants": 0, "count_Basidiomycota": 0, "count_Insects": 0, "count_Arachnids": 0, "count_Gymnosperms": 0, "count_Mosses": 0, "count_Mammals": 1, "count_Molluscs": 0, "count_Birds": 0, "count_Sac Fungi": 0, "count_Reptiles": 0, "count_Amphibians": 0, "unique_species_count": 1.0, "countryCode": "NZ" }, "geometry": { "type": "MultiPolygon", "coordinates": [ [ [ [ 169.168192951844105, -35.538804275687475 ], [ 169.638387440575656, -35.823434807698987 ], [ 169.508920037522358, -36.294067064674145 ], [ 168.903422296596915, -36.479402772887596 ], [ 168.432875010253213, -36.191867455954892 ], [ 168.56811316141804, -35.721914514355689 ], [ 169.168192951844105, -35.538804275687475 ] ] ] ] } },
{ "type": "Feature", "properties": { "geogrid_id": "3036105893170111931", "seqnum": 58840.0, "lat_c": -36.105892583881889, "lon_c": 170.11193062311165, "res": 8.0, "count_Ferns": 0, "count_Flowering Plants": 0, "count_Basidiomycota": 0, "count_Insects": 0, "count_Arachnids": 0, "count_Gymnosperms": 0, "count_Mosses": 0, "count_Mammals": 1, "count_Molluscs": 5, "count_Birds": 0, "count_Sac Fungi": 0, "count_Reptiles": 0, "count_Amphibians": 0, "unique_species_count": 6.0, "countryCode": "NZ" }, "geometry": { "type": "MultiPolygon", "coordinates": [ [ [ [ 170.237540000072187, -35.634993995341418 ], [ 170.712471625323332, -35.914904877344377 ], [ 170.588888287445855, -36.386138402067758 ], [ 169.984429215929708, -36.576874120886764 ], [ 169.508920037522358, -36.294067064674145 ], [ 169.638387440575656, -35.823434807698987 ], [ 170.237540000072187, -35.634993995341418 ] ] ] ] } },
{ "type": "Feature", "properties": { "geogrid_id": "3036192584171190804", "seqnum": 58921.0, "lat_c": -36.192584373136128, "lon_c": 171.1908043000536, "res": 8.0, "count_Ferns": 0, "count_Flowering Plants": 0, "count_Basidiomycota": 0, "count_Insects": 0, "count_Arachnids": 0, "count_Gymnosperms": 0, "count_Mosses": 0, "count_Mammals": 1, "count_Molluscs": 0, "count_Birds": 2, "count_Sac Fungi": 0, "count_Reptiles": 0, "count_Amphibians": 0, "unique_species_count": 3.0, "countryCode": "NZ" }, "geometry": { "type": "MultiPolygon", "coordinates": [ [ [ [ 171.310560114094898, -35.721128948352693 ], [ 171.790196629228802, -35.996237918794989 ], [ 171.672599730089075, -36.467993344840224 ], [ 171.069324683014145, -36.664133233813672 ], [ 170.588888287445855, -36.386138402067758 ], [ 170.712471625323332, -35.914904877344377 ], [ 171.310560114094898, -35.721128948352693 ] ] ] ] } },
{ "type": "Feature", "properties": { "geogrid_id": "3036269057172273279", "seqnum": 59002.0, "lat_c": -36.269056915468937, "lon_c": 172.27327878318994, "res": 8.0, "count_Ferns": 0, "count_Flowering Plants": 0, "count_Basidiomycota": 0, "count_Insects": 1, "count_Arachnids": 0, "count_Gymnosperms": 0, "count_Mosses": 0, "count_Mammals": 1, "count_Molluscs": 1, "count_Birds": 9, "count_Sac Fungi": 0, "count_Reptiles": 0, "count_Amphibians": 0, "unique_species_count": 12.0, "countryCode": "NZ" }, "geometry": { "type": "MultiPolygon", "coordinates": [ [ [ [ 172.387084239402753, -35.797124370207868 ], [ 172.871383051362983, -36.067350112563929 ], [ 172.759864364949294, -36.539546763101278 ], [ 172.157918139972423, -36.741092711218549 ], [ 171.672599730089075, -36.467993344840224 ], [ 171.790196629228802, -35.996237918794989 ], [ 172.387084239402753, -35.797124370207868 ] ] ] ] } },
{ "type": "Feature", "properties": { "geogrid_id": "3036335227173359165", "seqnum": 63020.0, "lat_c": -36.335227309751673, "lon_c": 173.35916471592125, "res": 8.0, "count_Ferns": 1, "count_Flowering Plants": 23, "count_Basidiomycota": 1, "count_Insects": 31, "count_Arachnids": 3, "count_Gymnosperms": 0, "count_Mosses": 0, "count_Mammals": 6, "count_Molluscs": 30, "count_Birds": 29, "count_Sac Fungi": 1, "count_Reptiles": 2, "count_Amphibians": 0, "unique_species_count": 127.0, "countryCode": "NZ" }, "geometry": { "type": "MultiPolygon", "coordinates": [ [ [ [ 173.960476273686282, -36.137810351879594 ], [ 173.8530139013628, -36.605726696257555 ], [ 173.250009714787751, -36.807668250834929 ], [ 172.759864364949294, -36.539546763101278 ], [ 172.871383051362983, -36.067350112563929 ], [ 173.469180635641067, -35.867479807583045 ], [ 173.960476273686282, -36.137810351879594 ] ] ] ] } },
{ "type": "Feature", "properties": { "geogrid_id": "3036406176174455447", "seqnum": 63102.0, "lat_c": -36.406175632548326, "lon_c": 174.45544693593055, "res": 8.0, "count_Ferns": 81, "count_Flowering Plants": 1439, "count_Basidiomycota": 274, "count_Insects": 1225, "count_Arachnids": 140, "count_Gymnosperms": 36, "count_Mosses": 98, "count_Mammals": 32, "count_Molluscs": 657, "count_Birds": 173, "count_Sac Fungi": 184, "count_Reptiles": 9, "count_Amphibians": 3, "unique_species_count": 4351.0, "countryCode": "NZ" }, "geometry": { "type": "MultiPolygon", "coordinates": [ [ [ [ 175.054669290843691, -36.204073009508335 ], [ 174.954166359862484, -36.672486109026352 ], [ 174.350601386328577, -36.874232026836331 ], [ 173.8530139013628, -36.605726696257555 ], [ 173.960476273686282, -36.137810351879594 ], [ 174.558603864902551, -35.937860453483246 ], [ 175.054669290843691, -36.204073009508335 ] ] ] ] } },
{ "type": "Feature", "properties": { "geogrid_id": "3036468167175554494", "seqnum": 63184.0, "lat_c": -36.468166707368283, "lon_c": 175.55449443333038, "res": 8.0, "count_Ferns": 77, "count_Flowering Plants": 954, "count_Basidiomycota": 151, "count_Insects": 949, "count_Arachnids": 87, "count_Gymnosperms": 20, "count_Mosses": 69, "count_Mammals": 29, "count_Molluscs": 663, "count_Birds": 110, "count_Sac Fungi": 120, "count_Reptiles": 4, "count_Amphibians": 3, "unique_species_count": 3236.0, "countryCode": "NZ" }, "geometry": { "type": "MultiPolygon", "coordinates": [ [ [ [ 176.15161730533967, -36.261294080547707 ], [ 176.058151548046141, -36.730041626651193 ], [ 175.456707629689447, -36.936646920350107 ], [ 174.954166359862484, -36.672486109026352 ], [ 175.054669290843691, -36.204073009508335 ], [ 175.650710579131044, -35.999441512616052 ], [ 176.15161730533967, -36.261294080547707 ] ] ] ] } },
{ "type": "Feature", "properties": { "geogrid_id": "3036520855176656367", "seqnum": 63266.0, "lat_c": -36.520854541918709, "lon_c": 176.65636670362116, "res": 8.0, "count_Ferns": 0, "count_Flowering Plants": 4, "count_Basidiomycota": 0, "count_Insects": 0, "count_Arachnids": 0, "count_Gymnosperms": 0, "count_Mosses": 3, "count_Mammals": 4, "count_Molluscs": 14, "count_Birds": 9, "count_Sac Fungi": 0, "count_Reptiles": 0, "count_Amphibians": 0, "unique_species_count": 34.0, "countryCode": "NZ" }, "geometry": { "type": "MultiPolygon", "coordinates": [ [ [ [ 177.251389056524459, -36.309100179944345 ], [ 177.165028854857951, -36.778010717637038 ], [ 176.56571178328781, -36.989591684808872 ], [ 176.058151548046141, -36.730041626651193 ], [ 176.15161730533967, -36.261294080547707 ], [ 176.745568637942256, -36.051886086072344 ], [ 177.251389056524459, -36.309100179944345 ] ] ] ] } },
{ "type": "Feature", "properties": { "geogrid_id": "3036563825177761132", "seqnum": 63348.0, "lat_c": -36.563825163886719, "lon_c": 177.76113247337079, "res": 8.0, "count_Ferns": 0, "count_Flowering Plants": 0, "count_Basidiomycota": 0, "count_Insects": 0, "count_Arachnids": 0, "count_Gymnosperms": 0, "count_Mosses": 0, "count_Mammals": 1, "count_Molluscs": 2, "count_Birds": 2, "count_Sac Fungi": 0, "count_Reptiles": 0, "count_Amphibians": 0, "unique_species_count": 5.0, "countryCode": "NZ" }, "geometry": { "type": "MultiPolygon", "coordinates": [ [ [ [ 178.354063258838863, -36.347041703265575 ], [ 178.274865870585046, -36.815934253268971 ], [ 177.67767215170727, -37.032643234659631 ], [ 177.165028854857951, -36.778010717637038 ], [ 177.251389056524459, -36.309100179944345 ], [ 177.84325672330354, -36.094789809645427 ], [ 178.354063258838863, -36.347041703265575 ] ] ] ] } },
{ "type": "Feature", "properties": { "geogrid_id": "3036596579178868869", "seqnum": 63430.0, "lat_c": -36.596578508324249, "lon_c": 178.86886918924219, "res": 8.0, "count_Ferns": 0, "count_Flowering Plants": 0, "count_Basidiomycota": 0, "count_Insects": 0, "count_Arachnids": 0, "count_Gymnosperms": 0, "count_Mosses": 0, "count_Mammals": 1, "count_Molluscs": 1, "count_Birds": 7, "count_Sac Fungi": 0, "count_Reptiles": 0, "count_Amphibians": 0, "unique_species_count": 9.0, "countryCode": "NZ" }, "geometry": { "type": "MultiPolygon", "coordinates": [ [ [ [ 179.459727784137669, -36.374571931531136 ], [ 179.387737153547846, -36.843255875689543 ], [ 178.792653792401978, -37.065292193048563 ], [ 178.274865870585046, -36.815934253268971 ], [ 178.354063258838863, -36.347041703265575 ], [ 178.943864210623047, -36.127662564000936 ], [ 179.459727784137669, -36.374571931531136 ] ] ] ] } },
{ "type": "Feature", "properties": { "geogrid_id": "3036618505179979661", "seqnum": 63512.0, "lat_c": -36.618504547285447, "lon_c": 179.97966132584889, "res": 8.0, "count_Ferns": 0, "count_Flowering Plants": 0, "count_Basidiomycota": 0, "count_Insects": 0, "count_Arachnids": 0, "count_Gymnosperms": 0, "count_Mosses": 0, "count_Mammals": 0, "count_Molluscs": 0, "count_Birds": 1, "count_Sac Fungi": 0, "count_Reptiles": 0, "count_Amphibians": 0, "unique_species_count": 1.0, "countryCode": "NZ" }, "geometry": { "type": "MultiPolygon", "coordinates": [ [ [ [ 179.910726375863334, -37.086919391365853 ], [ 179.387737153547846, -36.843255875689543 ], [ 179.459727784137669, -36.374571931531136 ], [ 180.0, -36.168056937449016 ], [ 180.0, -37.052651182811388 ], [ 179.910726375863334, -37.086919391365853 ] ] ], [ [ [ -179.952510049579416, -36.149904260812825 ], [ -179.431522621409556, -36.391019285580583 ], [ -179.496278561169163, -36.85929472970286 ], [ -180.0, -37.052651182811388 ], [ -180.0, -36.168056937449016 ], [ -179.952510049579416, -36.149904260812825 ] ] ] ] } },
{ "type": "Feature", "properties": { "geogrid_id": "3036764765169377407", "seqnum": 58758.0, "lat_c": -36.764765021465521, "lon_c": 169.37740708616462, "res": 8.0, "count_Ferns": 0, "count_Flowering Plants": 0, "count_Basidiomycota": 0, "count_Insects": 0, "count_Arachnids": 0, "count_Gymnosperms": 0, "count_Mosses": 0, "count_Mammals": 1, "count_Molluscs": 0, "count_Birds": 4, "count_Sac Fungi": 0, "count_Reptiles": 0, "count_Amphibians": 0, "unique_species_count": 5.0, "countryCode": "NZ" }, "geometry": { "type": "MultiPolygon", "coordinates": [ [ [ [ 169.508920037522358, -36.294067064674145 ], [ 169.984429215929708, -36.576874120886764 ], [ 169.854898962393548, -37.047915513529993 ], [ 169.243702342561022, -37.235502103606905 ], [ 168.767801019403294, -36.94978388484958 ], [ 168.903422296596915, -36.479402772887596 ], [ 169.508920037522358, -36.294067064674145 ] ] ] ] } },
{ "type": "Feature", "properties": { "geogrid_id": "3036857450170463432", "seqnum": 58839.0, "lat_c": -36.857449789483454, "lon_c": 170.46343191627011, "res": 8.0, "count_Ferns": 0, "count_Flowering Plants": 0, "count_Basidiomycota": 0, "count_Insects": 0, "count_Arachnids": 0, "count_Gymnosperms": 1, "count_Mosses": 0, "count_Mammals": 1, "count_Molluscs": 0, "count_Birds": 0, "count_Sac Fungi": 0, "count_Reptiles": 0, "count_Amphibians": 0, "unique_species_count": 2.0, "countryCode": "NZ" }, "geometry": { "type": "MultiPolygon", "coordinates": [ [ [ [ 170.588888287445855, -36.386138402067758 ], [ 171.069324683014145, -36.664133233813672 ], [ 170.945993452594365, -37.135755290088156 ], [ 170.33596589910303, -37.328815684222683 ], [ 169.854898962393548, -37.047915513529993 ], [ 169.984429215929708, -36.576874120886764 ], [ 170.588888287445855, -36.386138402067758 ] ] ] ] } },
{ "type": "Feature", "properties": { "geogrid_id": "3036939838171553303", "seqnum": 58920.0, "lat_c": -36.939838128164183, "lon_c": 171.5533025417821, "res": 8.0, "count_Ferns": 0, "count_Flowering Plants": 0, "count_Basidiomycota": 0, "count_Insects": 0, "count_Arachnids": 0, "count_Gymnosperms": 0, "count_Mosses": 0, "count_Mammals": 0, "count_Molluscs": 0, "count_Birds": 2, "count_Sac Fungi": 0, "count_Reptiles": 0, "count_Amphibians": 0, "unique_species_count": 2.0, "countryCode": "NZ" }, "geometry": { "type": "MultiPolygon", "coordinates": [ [ [ [ 171.672599730089075, -36.467993344840224 ], [ 172.157918139972423, -36.741092711218549 ], [ 172.040883092163483, -37.213214125861178 ], [ 171.43217760047915, -37.411751848971896 ], [ 170.945993452594365, -37.135755290088156 ], [ 171.069324683014145, -36.664133233813672 ], [ 171.672599730089075, -36.467993344840224 ] ] ] ] } },
{ "type": "Feature", "properties": { "geogrid_id": "3037011843172646818", "seqnum": 59001.0, "lat_c": -37.011843368615558, "lon_c": 172.64681828036069, "res": 8.0, "count_Ferns": 0, "count_Flowering Plants": 0, "count_Basidiomycota": 0, "count_Insects": 0, "count_Arachnids": 0, "count_Gymnosperms": 0, "count_Mosses": 0, "count_Mammals": 0, "count_Molluscs": 1, "count_Birds": 3, "count_Sac Fungi": 0, "count_Reptiles": 0, "count_Amphibians": 0, "unique_species_count": 4.0, "countryCode": "NZ" }, "geometry": { "type": "MultiPolygon", "coordinates": [ [ [ [ 172.759864364949294, -36.539546763101278 ], [ 173.250009714787751, -36.807668250834929 ], [ 173.13935742923158, -37.280206120371041 ], [ 172.532126066104269, -37.484222182895685 ], [ 172.040883092163483, -37.213214125861178 ], [ 172.157918139972423, -36.741092711218549 ], [ 172.759864364949294, -36.539546763101278 ] ] ] ] } },
{ "type": "Feature", "properties": { "geogrid_id": "3037073382173743770", "seqnum": 63101.0, "lat_c": -37.073382069316672, "lon_c": 173.74376972099083, "res": 8.0, "count_Ferns": 0, "count_Flowering Plants": 6, "count_Basidiomycota": 0, "count_Insects": 2, "count_Arachnids": 0, "count_Gymnosperms": 0, "count_Mosses": 1, "count_Mammals": 2, "count_Molluscs": 4, "count_Birds": 9, "count_Sac Fungi": 0, "count_Reptiles": 1, "count_Amphibians": 0, "unique_species_count": 25.0, "countryCode": "NZ" }, "geometry": { "type": "MultiPolygon", "coordinates": [ [ [ [ 174.350601386328577, -36.874232026836331 ], [ 174.243999982388459, -37.342040153239587 ], [ 173.635591387162634, -37.546141613858957 ], [ 173.13935742923158, -37.280206120371041 ], [ 173.250009714787751, -36.807668250834929 ], [ 173.8530139013628, -36.605726696257555 ], [ 174.350601386328577, -36.874232026836331 ] ] ] ] } },
{ "type": "Feature", "properties": { "geogrid_id": "3037140653174852001", "seqnum": 63183.0, "lat_c": -37.140653057726659, "lon_c": 174.85200106503831, "res": 8.0, "count_Ferns": 129, "count_Flowering Plants": 2394, "count_Basidiomycota": 468, "count_Insects": 2233, "count_Arachnids": 144, "count_Gymnosperms": 110, "count_Mosses": 193, "count_Mammals": 38, "count_Molluscs": 670, "count_Birds": 178, "count_Sac Fungi": 379, "count_Reptiles": 14, "count_Amphibians": 3, "unique_species_count": 6953.0, "countryCode": "NZ" }, "geometry": { "type": "MultiPolygon", "coordinates": [ [ [ [ 175.456707629689447, -36.936646920350107 ], [ 175.357286088985916, -37.404894273932037 ], [ 174.748107267994698, -37.608585047027077 ], [ 174.243999982388459, -37.342040153239587 ], [ 174.350601386328577, -36.874232026836331 ], [ 174.954166359862484, -36.672486109026352 ], [ 175.456707629689447, -36.936646920350107 ] ] ] ] } },
{ "type": "Feature", "properties": { "geogrid_id": "3037198558175963143", "seqnum": 63265.0, "lat_c": -37.198557515356711, "lon_c": 175.96314291370521, "res": 8.0, "count_Ferns": 74, "count_Flowering Plants": 1082, "count_Basidiomycota": 179, "count_Insects": 982, "count_Arachnids": 106, "count_Gymnosperms": 29, "count_Mosses": 73, "count_Mammals": 23, "count_Molluscs": 408, "count_Birds": 114, "count_Sac Fungi": 101, "count_Reptiles": 2, "count_Amphibians": 1, "unique_species_count": 3174.0, "countryCode": "NZ" }, "geometry": { "type": "MultiPolygon", "coordinates": [ [ [ [ 176.56571178328781, -36.989591684808872 ], [ 176.473543166246998, -37.458111254255513 ], [ 175.866528597253961, -37.666854530845129 ], [ 175.357286088985916, -37.404894273932037 ], [ 175.456707629689447, -36.936646920350107 ], [ 176.058151548046141, -36.730041626651193 ], [ 176.56571178328781, -36.989591684808872 ] ] ] ] } },
{ "type": "Feature", "properties": { "geogrid_id": "3037246704177077245", "seqnum": 63347.0, "lat_c": -37.246704192470425, "lon_c": 177.07724484954028, "res": 8.0, "count_Ferns": 1, "count_Flowering Plants": 4, "count_Basidiomycota": 0, "count_Insects": 45, "count_Arachnids": 6, "count_Gymnosperms": 0, "count_Mosses": 1, "count_Mammals": 5, "count_Molluscs": 97, "count_Birds": 13, "count_Sac Fungi": 10, "count_Reptiles": 0, "count_Amphibians": 0, "unique_species_count": 182.0, "countryCode": "NZ" }, "geometry": { "type": "MultiPolygon", "coordinates": [ [ [ [ 177.67767215170727, -37.032643234659631 ], [ 177.592818644616813, -37.501259373072067 ], [ 176.987977790066793, -37.715194979201193 ], [ 176.473543166246998, -37.458111254255513 ], [ 176.56571178328781, -36.989591684808872 ], [ 177.165028854857951, -36.778010717637038 ], [ 177.67767215170727, -37.032643234659631 ] ] ] ] } },
{ "type": "Feature", "properties": { "geogrid_id": "3037284625178194363", "seqnum": 63429.0, "lat_c": -37.284624986414052, "lon_c": 178.19436288084293, "res": 8.0, "count_Ferns": 40, "count_Flowering Plants": 234, "count_Basidiomycota": 7, "count_Insects": 154, "count_Arachnids": 3, "count_Gymnosperms": 11, "count_Mosses": 4, "count_Mammals": 8, "count_Molluscs": 123, "count_Birds": 39, "count_Sac Fungi": 11, "count_Reptiles": 2, "count_Amphibians": 0, "unique_species_count": 636.0, "countryCode": "NZ" }, "geometry": { "type": "MultiPolygon", "coordinates": [ [ [ [ 178.792653792401978, -37.065292193048563 ], [ 178.715164748893926, -37.533820548331228 ], [ 178.112498829027516, -37.753129843756319 ], [ 177.592818644616813, -37.501259373072067 ], [ 177.67767215170727, -37.032643234659631 ], [ 178.274865870585046, -36.815934253268971 ], [ 178.792653792401978, -37.065292193048563 ] ] ] ] } },
{ "type": "Feature", "properties": { "geogrid_id": "3037311755179314558", "seqnum": 63511.0, "lat_c": -37.31175459681824, "lon_c": 179.31455781365091, "res": 8.0, "count_Ferns": 0, "count_Flowering Plants": 0, "count_Basidiomycota": 0, "count_Insects": 0, "count_Arachnids": 0, "count_Gymnosperms": 0, "count_Mosses": 0, "count_Mammals": 2, "count_Molluscs": 20, "count_Birds": 8, "count_Sac Fungi": 0, "count_Reptiles": 1, "count_Amphibians": 0, "unique_species_count": 31.0, "countryCode": "NZ" }, "geometry": { "type": "MultiPolygon", "coordinates": [ [ [ [ 179.910726375863334, -37.086919391365853 ], [ 179.840635936126546, -37.555167228841491 ], [ 179.240138345184505, -37.780085544535851 ], [ 178.715164748893926, -37.533820548331228 ], [ 178.792653792401978, -37.065292193048563 ], [ 179.387737153547846, -36.843255875689543 ], [ 179.910726375863334, -37.086919391365853 ] ] ] ] } },
{ "type": "Feature", "properties": { "geogrid_id": "3037518990169723194", "seqnum": 58757.0, "lat_c": -37.518989899234406, "lon_c": 169.72319377011686, "res": 8.0, "count_Ferns": 0, "count_Flowering Plants": 0, "count_Basidiomycota": 0, "count_Insects": 0, "count_Arachnids": 0, "count_Gymnosperms": 0, "count_Mosses": 0, "count_Mammals": 0, "count_Molluscs": 1, "count_Birds": 0, "count_Sac Fungi": 0, "count_Reptiles": 0, "count_Amphibians": 0, "unique_species_count": 1.0, "countryCode": "NZ" }, "geometry": { "type": "MultiPolygon", "coordinates": [ [ [ [ 169.854898962393548, -37.047915513529993 ], [ 170.33596589910303, -37.328815684222683 ], [ 170.206344388752228, -37.800209010963385 ], [ 169.589157511623796, -37.990066225961307 ], [ 169.10764947862674, -37.70624748942592 ], [ 169.243702342561022, -37.235502103606905 ], [ 169.854898962393548, -37.047915513529993 ] ] ] ] } },
{ "type": "Feature", "properties": { "geogrid_id": "3037607427170820674", "seqnum": 58838.0, "lat_c": -37.607426990947054, "lon_c": 170.82067429056096, "res": 8.0, "count_Ferns": 0, "count_Flowering Plants": 0, "count_Basidiomycota": 0, "count_Insects": 0, "count_Arachnids": 0, "count_Gymnosperms": 0, "count_Mosses": 0, "count_Mammals": 0, "count_Molluscs": 0, "count_Birds": 1, "count_Sac Fungi": 0, "count_Reptiles": 0, "count_Amphibians": 0, "unique_species_count": 1.0, "countryCode": "NZ" }, "geometry": { "type": "MultiPolygon", "coordinates": [ [ [ [ 170.945993452594365, -37.135755290088156 ], [ 171.43217760047915, -37.411751848971896 ], [ 171.309088973134237, -37.883710823780504 ], [ 170.69322168795955, -38.079121119393037 ], [ 170.206344388752228, -37.800209010963385 ], [ 170.33596589910303, -37.328815684222683 ], [ 170.945993452594365, -37.135755290088156 ] ] ] ] } },
{ "type": "Feature", "properties": { "geogrid_id": "3037685401171922047", "seqnum": 58919.0, "lat_c": -37.685400616281889, "lon_c": 171.92204661088223, "res": 8.0, "count_Ferns": 0, "count_Flowering Plants": 0, "count_Basidiomycota": 0, "count_Insects": 0, "count_Arachnids": 0, "count_Gymnosperms": 0, "count_Mosses": 0, "count_Mammals": 3, "count_Molluscs": 3, "count_Birds": 3, "count_Sac Fungi": 0, "count_Reptiles": 0, "count_Amphibians": 0, "unique_species_count": 9.0, "countryCode": "NZ" }, "geometry": { "type": "MultiPolygon", "coordinates": [ [ [ [ 172.040883092163483, -37.213214125861178 ], [ 172.532126066104269, -37.484222182895685 ], [ 172.415661216790994, -37.956662592489216 ], [ 171.801273238953002, -38.157628426055901 ], [ 171.309088973134237, -37.883710823780504 ], [ 171.43217760047915, -37.411751848971896 ], [ 172.040883092163483, -37.213214125861178 ] ] ] ] } },
{ "type": "Feature", "properties": { "geogrid_id": "3037752823173027090", "seqnum": 59000.0, "lat_c": -37.752823102435002, "lon_c": 173.02708969964098, "res": 8.0, "count_Ferns": 0, "count_Flowering Plants": 0, "count_Basidiomycota": 0, "count_Insects": 0, "count_Arachnids": 0, "count_Gymnosperms": 0, "count_Mosses": 0, "count_Mammals": 0, "count_Molluscs": 0, "count_Birds": 8, "count_Sac Fungi": 0, "count_Reptiles": 0, "count_Amphibians": 0, "unique_species_count": 8.0, "countryCode": "NZ" }, "geometry": { "type": "MultiPolygon", "coordinates": [ [ [ [ 173.13935742923158, -37.280206120371041 ], [ 173.635591387162634, -37.546141613858957 ], [ 173.525830727219585, -38.018977474279744 ], [ 172.913080632998344, -38.225498563086347 ], [ 172.415661216790994, -37.956662592489216 ], [ 172.532126066104269, -37.484222182895685 ], [ 173.13935742923158, -37.280206120371041 ] ] ] ] } },
{ "type": "Feature", "properties": { "geogrid_id": "3037809610174135574", "seqnum": 63182.0, "lat_c": -37.809610286657922, "lon_c": 174.13557446753092, "res": 8.0, "count_Ferns": 0, "count_Flowering Plants": 3, "count_Basidiomycota": 0, "count_Insects": 0, "count_Arachnids": 0, "count_Gymnosperms": 0, "count_Mosses": 1, "count_Mammals": 4, "count_Molluscs": 7, "count_Birds": 9, "count_Sac Fungi": 0, "count_Reptiles": 1, "count_Amphibians": 0, "unique_species_count": 25.0, "countryCode": "NZ" }, "geometry": { "type": "MultiPolygon", "coordinates": [ [ [ [ 174.748107267994698, -37.608585047027077 ], [ 174.642417802246626, -38.076293000290086 ], [ 174.028404370040249, -38.282645621111698 ], [ 173.525830727219585, -38.018977474279744 ], [ 173.635591387162634, -37.546141613858957 ], [ 174.243999982388459, -37.342040153239587 ], [ 174.748107267994698, -37.608585047027077 ] ] ] ] } },
{ "type": "Feature", "properties": { "geogrid_id": "3037872921175256165", "seqnum": 63264.0, "lat_c": -37.872920614868157, "lon_c": 175.25616485430092, "res": 8.0, "count_Ferns": 81, "count_Flowering Plants": 1225, "count_Basidiomycota": 240, "count_Insects": 903, "count_Arachnids": 78, "count_Gymnosperms": 28, "count_Mosses": 70, "count_Mammals": 20, "count_Molluscs": 231, "count_Birds": 105, "count_Sac Fungi": 81, "count_Reptiles": 7, "count_Amphibians": 2, "unique_species_count": 3071.0, "countryCode": "NZ" }, "geometry": { "type": "MultiPolygon", "coordinates": [ [ [ [ 175.866528597253961, -37.666854530845129 ], [ 175.768244911524903, -38.134945152096869 ], [ 175.153277936076535, -38.34073749562436 ], [ 174.642417802246626, -38.076293000290086 ], [ 174.748107267994698, -37.608585047027077 ], [ 175.357286088985916, -37.404894273932037 ], [ 175.866528597253961, -37.666854530845129 ] ] ] ] } },
{ "type": "Feature", "properties": { "geogrid_id": "3037926427176379799", "seqnum": 63346.0, "lat_c": -37.926426668830878, "lon_c": 176.37979941138636, "res": 8.0, "count_Ferns": 93, "count_Flowering Plants": 1446, "count_Basidiomycota": 396, "count_Insects": 1027, "count_Arachnids": 100, "count_Gymnosperms": 53, "count_Mosses": 90, "count_Mammals": 28, "count_Molluscs": 304, "count_Birds": 111, "count_Sac Fungi": 117, "count_Reptiles": 5, "count_Amphibians": 2, "unique_species_count": 3772.0, "countryCode": "NZ" }, "geometry": { "type": "MultiPolygon", "coordinates": [ [ [ [ 176.987977790066793, -37.715194979201193 ], [ 176.89716769074542, -38.183497098598309 ], [ 176.284418191548468, -38.39455101241446 ], [ 175.768244911524903, -38.134945152096869 ], [ 175.866528597253961, -37.666854530845129 ], [ 176.473543166246998, -37.458111254255513 ], [ 176.987977790066793, -37.715194979201193 ] ] ] ] } },
{ "type": "Feature", "properties": { "geogrid_id": "3037969689177506514", "seqnum": 63428.0, "lat_c": -37.969688551302248, "lon_c": 177.50651425446748, "res": 8.0, "count_Ferns": 63, "count_Flowering Plants": 782, "count_Basidiomycota": 162, "count_Insects": 249, "count_Arachnids": 32, "count_Gymnosperms": 21, "count_Mosses": 69, "count_Mammals": 15, "count_Molluscs": 167, "count_Birds": 70, "count_Sac Fungi": 37, "count_Reptiles": 2, "count_Amphibians": 1, "unique_species_count": 1670.0, "countryCode": "NZ" }, "geometry": { "type": "MultiPolygon", "coordinates": [ [ [ [ 178.112498829027516, -37.753129843756319 ], [ 178.029217664030796, -38.221464351285988 ], [ 177.418700543831164, -38.437945355016652 ], [ 176.89716769074542, -38.183497098598309 ], [ 176.987977790066793, -37.715194979201193 ], [ 177.592818644616813, -37.501259373072067 ], [ 178.112498829027516, -37.753129843756319 ] ] ] ] } },
{ "type": "Feature", "properties": { "geogrid_id": "3038002180178636348", "seqnum": 63510.0, "lat_c": -38.002180054232973, "lon_c": 178.63634834562291, "res": 8.0, "count_Ferns": 37, "count_Flowering Plants": 286, "count_Basidiomycota": 27, "count_Insects": 66, "count_Arachnids": 11, "count_Gymnosperms": 13, "count_Mosses": 23, "count_Mammals": 7, "count_Molluscs": 55, "count_Birds": 33, "count_Sac Fungi": 6, "count_Reptiles": 1, "count_Amphibians": 0, "unique_species_count": 565.0, "countryCode": "NZ" }, "geometry": { "type": "MultiPolygon", "coordinates": [ [ [ [ 179.240138345184505, -37.780085544535851 ], [ 179.164426876874757, -38.24826568001474 ], [ 178.556150272185533, -38.470386740813119 ], [ 178.029217664030796, -38.221464351285988 ], [ 178.112498829027516, -37.753129843756319 ], [ 178.715164748893926, -37.533820548331228 ], [ 179.240138345184505, -37.780085544535851 ] ] ] ] } },
{ "type": "Feature", "properties": { "geogrid_id": "3038023266179769341", "seqnum": 63592.0, "lat_c": -38.023265961396341, "lon_c": 179.7693405335676, "res": 8.0, "count_Ferns": 0, "count_Flowering Plants": 0, "count_Basidiomycota": 0, "count_Insects": 0, "count_Arachnids": 0, "count_Gymnosperms": 0, "count_Mosses": 0, "count_Mammals": 0, "count_Molluscs": 1, "count_Birds": 2, "count_Sac Fungi": 0, "count_Reptiles": 0, "count_Amphibians": 0, "unique_species_count": 3.0, "countryCode": "NZ" }, "geometry": { "type": "MultiPolygon", "coordinates": [ [ [ [ 179.696790232401241, -38.491232966140053 ], [ 179.164426876874757, -38.24826568001474 ], [ 179.240138345184505, -37.780085544535851 ], [ 179.840635936126546, -37.555167228841491 ], [ 180.0, -37.627349951565115 ], [ 180.0, -38.377142562996816 ], [ 179.696790232401241, -38.491232966140053 ] ] ], [ [ [ -179.629058096143524, -37.795365223903467 ], [ -179.697176235257302, -38.263197403266446 ], [ -180.0, -38.377142562996816 ], [ -180.0, -37.627349951565115 ], [ -179.629058096143524, -37.795365223903467 ] ] ] ] } },
{ "type": "Feature", "properties": { "geogrid_id": "3038271599170074412", "seqnum": 58756.0, "lat_c": -38.271598567307031, "lon_c": 170.07441155367081, "res": 8.0, "count_Ferns": 0, "count_Flowering Plants": 0, "count_Basidiomycota": 0, "count_Insects": 0, "count_Arachnids": 0, "count_Gymnosperms": 0, "count_Mosses": 0, "count_Mammals": 2, "count_Molluscs": 3, "count_Birds": 0, "count_Sac Fungi": 0, "count_Reptiles": 0, "count_Amphibians": 0, "unique_species_count": 5.0, "countryCode": "NZ" }, "geometry": { "type": "MultiPolygon", "coordinates": [ [ [ [ 170.206344388752228, -37.800209010963385 ], [ 170.69322168795955, -38.079121119393037 ], [ 170.563480203883103, -38.550806397839629 ], [ 169.940000763322502, -38.74294857058927 ], [ 169.452623199259563, -38.461108784217416 ], [ 169.589157511623796, -37.990066225961307 ], [ 170.206344388752228, -37.800209010963385 ] ] ] ] } },
{ "type": "Feature", "properties": { "geogrid_id": "3038355688171183892", "seqnum": 58837.0, "lat_c": -38.355687760802546, "lon_c": 171.18389158178118, "res": 8.0, "count_Ferns": 0, "count_Flowering Plants": 0, "count_Basidiomycota": 0, "count_Insects": 0, "count_Arachnids": 0, "count_Gymnosperms": 0, "count_Mosses": 2, "count_Mammals": 2, "count_Molluscs": 2, "count_Birds": 0, "count_Sac Fungi": 0, "count_Reptiles": 0, "count_Amphibians": 0, "unique_species_count": 6.0, "countryCode": "NZ" }, "geometry": { "type": "MultiPolygon", "coordinates": [ [ [ [ 171.309088973134237, -37.883710823780504 ], [ 171.801273238953002, -38.157628426055901 ], [ 171.678418422130051, -38.629870251424343 ], [ 171.056430470588339, -38.827651377759466 ], [ 170.563480203883103, -38.550806397839629 ], [ 170.69322168795955, -38.079121119393037 ], [ 171.309088973134237, -37.883710823780504 ] ] ] ] } },
{ "type": "Feature", "properties": { "geogrid_id": "3038429141172297289", "seqnum": 58918.0, "lat_c": -38.429140823999546, "lon_c": 172.2972888419815, "res": 8.0, "count_Ferns": 0, "count_Flowering Plants": 0, "count_Basidiomycota": 0, "count_Insects": 0, "count_Arachnids": 0, "count_Gymnosperms": 0, "count_Mosses": 0, "count_Mammals": 1, "count_Molluscs": 3, "count_Birds": 0, "count_Sac Fungi": 0, "count_Reptiles": 0, "count_Amphibians": 0, "unique_species_count": 4.0, "countryCode": "NZ" }, "geometry": { "type": "MultiPolygon", "coordinates": [ [ [ [ 172.415661216790994, -37.956662592489216 ], [ 172.913080632998344, -38.225498563086347 ], [ 172.797195996855606, -38.698208764458869 ], [ 172.176865004116564, -38.901629620569956 ], [ 171.678418422130051, -38.629870251424343 ], [ 171.801273238953002, -38.157628426055901 ], [ 172.415661216790994, -37.956662592489216 ] ] ] ] } },
{ "type": "Feature", "properties": { "geogrid_id": "3038491869173414363", "seqnum": 58999.0, "lat_c": -38.491869040689828, "lon_c": 173.41436254931338, "res": 8.0, "count_Ferns": 0, "count_Flowering Plants": 0, "count_Basidiomycota": 0, "count_Insects": 1, "count_Arachnids": 0, "count_Gymnosperms": 0, "count_Mosses": 0, "count_Mammals": 4, "count_Molluscs": 3, "count_Birds": 15, "count_Sac Fungi": 0, "count_Reptiles": 0, "count_Amphibians": 0, "unique_species_count": 23.0, "countryCode": "NZ" }, "geometry": { "type": "MultiPolygon", "coordinates": [ [ [ [ 173.525830727219585, -38.018977474279744 ], [ 174.028404370040249, -38.282645621111698 ], [ 173.919563117491379, -38.755734213812111 ], [ 173.301053370816902, -38.964792659880082 ], [ 172.797195996855606, -38.698208764458869 ], [ 172.913080632998344, -38.225498563086347 ], [ 173.525830727219585, -38.018977474279744 ] ] ] ] } },
{ "type": "Feature", "properties": { "geogrid_id": "3038543788174534864", "seqnum": 63263.0, "lat_c": -38.543787553132169, "lon_c": 174.53486431929156, "res": 8.0, "count_Ferns": 69, "count_Flowering Plants": 529, "count_Basidiomycota": 46, "count_Insects": 244, "count_Arachnids": 27, "count_Gymnosperms": 17, "count_Mosses": 30, "count_Mammals": 21, "count_Molluscs": 160, "count_Birds": 56, "count_Sac Fungi": 15, "count_Reptiles": 1, "count_Amphibians": 2, "unique_species_count": 1217.0, "countryCode": "NZ" }, "geometry": { "type": "MultiPolygon", "coordinates": [ [ [ [ 175.153277936076535, -38.34073749562436 ], [ 175.048558158526504, -38.808356157712588 ], [ 174.428736932148439, -39.017053901660717 ], [ 173.919563117491379, -38.755734213812111 ], [ 174.028404370040249, -38.282645621111698 ], [ 174.642417802246626, -38.076293000290086 ], [ 175.153277936076535, -38.34073749562436 ] ] ] ] } },
{ "type": "Feature", "properties": { "geogrid_id": "3038602842175668227", "seqnum": 63345.0, "lat_c": -38.602841537587508, "lon_c": 175.66822713293445, "res": 8.0, "count_Ferns": 78, "count_Flowering Plants": 911, "count_Basidiomycota": 188, "count_Insects": 527, "count_Arachnids": 57, "count_Gymnosperms": 26, "count_Mosses": 76, "count_Mammals": 17, "count_Molluscs": 37, "count_Birds": 74, "count_Sac Fungi": 79, "count_Reptiles": 2, "count_Amphibians": 2, "unique_species_count": 2074.0, "countryCode": "NZ" }, "geometry": { "type": "MultiPolygon", "coordinates": [ [ [ [ 176.284418191548468, -38.39455101241446 ], [ 176.187336140191519, -38.862497022395729 ], [ 175.566409348524161, -39.070555511777918 ], [ 175.048558158526504, -38.808356157712588 ], [ 175.153277936076535, -38.34073749562436 ], [ 175.768244911524903, -38.134945152096869 ], [ 176.284418191548468, -38.39455101241446 ] ] ] ] } },
{ "type": "Feature", "properties": { "geogrid_id": "3038651624176804754", "seqnum": 63427.0, "lat_c": -38.651624207598964, "lon_c": 176.80475367640761, "res": 8.0, "count_Ferns": 65, "count_Flowering Plants": 637, "count_Basidiomycota": 139, "count_Insects": 186, "count_Arachnids": 35, "count_Gymnosperms": 22, "count_Mosses": 75, "count_Mammals": 13, "count_Molluscs": 16, "count_Birds": 42, "count_Sac Fungi": 67, "count_Reptiles": 2, "count_Amphibians": 1, "unique_species_count": 1300.0, "countryCode": "NZ" }, "geometry": { "type": "MultiPolygon", "coordinates": [ [ [ [ 177.418700543831164, -38.437945355016652 ], [ 177.329318182935737, -38.906043977563748 ], [ 176.710673830406762, -39.119589591143395 ], [ 176.187336140191519, -38.862497022395729 ], [ 176.284418191548468, -38.39455101241446 ], [ 176.89716769074542, -38.183497098598309 ], [ 177.418700543831164, -38.437945355016652 ] ] ] ] } },
{ "type": "Feature", "properties": { "geogrid_id": "3038689644177944463", "seqnum": 63509.0, "lat_c": -38.68964361684511, "lon_c": 177.94446259054715, "res": 8.0, "count_Ferns": 55, "count_Flowering Plants": 1211, "count_Basidiomycota": 161, "count_Insects": 318, "count_Arachnids": 51, "count_Gymnosperms": 108, "count_Mosses": 33, "count_Mammals": 15, "count_Molluscs": 276, "count_Birds": 77, "count_Sac Fungi": 69, "count_Reptiles": 5, "count_Amphibians": 2, "unique_species_count": 2381.0, "countryCode": "NZ" }, "geometry": { "type": "MultiPolygon", "coordinates": [ [ [ [ 178.556150272185533, -38.470386740813119 ], [ 178.474515469854168, -38.938456189646296 ], [ 177.858175918694911, -39.157682328463792 ], [ 177.329318182935737, -38.906043977563748 ], [ 177.418700543831164, -38.437945355016652 ], [ 178.029217664030796, -38.221464351285988 ], [ 178.556150272185533, -38.470386740813119 ] ] ] ] } },
{ "type": "Feature", "properties": { "geogrid_id": "3038716311179087371", "seqnum": 63591.0, "lat_c": -38.716311481190843, "lon_c": 179.0873709332248, "res": 8.0, "count_Ferns": 0, "count_Flowering Plants": 0, "count_Basidiomycota": 0, "count_Insects": 0, "count_Arachnids": 0, "count_Gymnosperms": 0, "count_Mosses": 0, "count_Mammals": 2, "count_Molluscs": 12, "count_Birds": 11, "count_Sac Fungi": 0, "count_Reptiles": 2, "count_Amphibians": 0, "unique_species_count": 27.0, "countryCode": "NZ" }, "geometry": { "type": "MultiPolygon", "coordinates": [ [ [ [ 179.696790232401241, -38.491232966140053 ], [ 179.622934485678826, -38.95908510597318 ], [ 179.008917286656299, -39.184238948941427 ], [ 178.474515469854168, -38.938456189646296 ], [ 178.556150272185533, -38.470386740813119 ], [ 179.164426876874757, -38.24826568001474 ], [ 179.696790232401241, -38.491232966140053 ] ] ] ] } },
{ "type": "Feature", "properties": { "geogrid_id": "3038932077169313412", "seqnum": 58674.0, "lat_c": -38.932076684904011, "lon_c": 169.31341208802803, "res": 8.0, "count_Ferns": 0, "count_Flowering Plants": 0, "count_Basidiomycota": 0, "count_Insects": 0, "count_Arachnids": 0, "count_Gymnosperms": 0, "count_Mosses": 0, "count_Mammals": 0, "count_Molluscs": 2, "count_Birds": 1, "count_Sac Fungi": 0, "count_Reptiles": 0, "count_Amphibians": 0, "unique_species_count": 3.0, "countryCode": "NZ" }, "geometry": { "type": "MultiPolygon", "coordinates": [ [ [ [ 169.452623199259563, -38.461108784217416 ], [ 169.940000763322502, -38.74294857058927 ], [ 169.802933703157976, -39.21421815311227 ], [ 169.171332700111947, -39.402923276379425 ], [ 168.683669541490673, -39.118150997816279 ], [ 168.827818566644453, -38.647615695020335 ], [ 169.452623199259563, -38.461108784217416 ] ] ] ] } },
{ "type": "Feature", "properties": { "geogrid_id": "3039022447170431284", "seqnum": 58755.0, "lat_c": -39.022447049567724, "lon_c": 170.43128366083073, "res": 8.0, "count_Ferns": 0, "count_Flowering Plants": 0, "count_Basidiomycota": 0, "count_Insects": 0, "count_Arachnids": 0, "count_Gymnosperms": 0, "count_Mosses": 0, "count_Mammals": 0, "count_Molluscs": 4, "count_Birds": 0, "count_Sac Fungi": 0, "count_Reptiles": 0, "count_Amphibians": 0, "unique_species_count": 4.0, "countryCode": "NZ" }, "geometry": { "type": "MultiPolygon", "coordinates": [ [ [ [ 170.563480203883103, -38.550806397839629 ], [ 171.056430470588339, -38.827651377759466 ], [ 170.926540010777302, -39.299565977795581 ], [ 170.296454271238417, -39.494002311070155 ], [ 169.802933703157976, -39.21421815311227 ], [ 169.940000763322502, -38.74294857058927 ], [ 170.563480203883103, -38.550806397839629 ] ] ] ] } },
{ "type": "Feature", "properties": { "geogrid_id": "3039102095171553328", "seqnum": 58836.0, "lat_c": -39.102094871397433, "lon_c": 171.55332778412304, "res": 8.0, "count_Ferns": 0, "count_Flowering Plants": 0, "count_Basidiomycota": 0, "count_Insects": 0, "count_Arachnids": 0, "count_Gymnosperms": 0, "count_Mosses": 0, "count_Mammals": 1, "count_Molluscs": 3, "count_Birds": 1, "count_Sac Fungi": 0, "count_Reptiles": 0, "count_Amphibians": 0, "unique_species_count": 5.0, "countryCode": "NZ" }, "geometry": { "type": "MultiPolygon", "coordinates": [ [ [ [ 171.678418422130051, -38.629870251424343 ], [ 172.176865004116564, -38.901629620569956 ], [ 172.054236001221255, -39.374097884126087 ], [ 171.425836340669804, -39.574266737912772 ], [ 170.926540010777302, -39.299565977795581 ], [ 171.056430470588339, -38.827651377759466 ], [ 171.678418422130051, -38.629870251424343 ] ] ] ] } },
{ "type": "Feature", "properties": { "geogrid_id": "3039170927172679293", "seqnum": 58917.0, "lat_c": -39.170926551648847, "lon_c": 172.6792925637682, "res": 8.0, "count_Ferns": 0, "count_Flowering Plants": 0, "count_Basidiomycota": 0, "count_Insects": 1, "count_Arachnids": 0, "count_Gymnosperms": 0, "count_Mosses": 0, "count_Mammals": 3, "count_Molluscs": 6, "count_Birds": 3, "count_Sac Fungi": 0, "count_Reptiles": 0, "count_Amphibians": 0, "unique_species_count": 13.0, "countryCode": "NZ" }, "geometry": { "type": "MultiPolygon", "coordinates": [ [ [ [ 172.797195996855606, -38.698208764458869 ], [ 173.301053370816902, -38.964792659880082 ], [ 173.185760768496237, -39.437721330249254 ], [ 172.559217401410962, -39.643621006927944 ], [ 172.054236001221255, -39.374097884126087 ], [ 172.176865004116564, -38.901629620569956 ], [ 172.797195996855606, -38.698208764458869 ] ] ] ] } },
{ "type": "Feature", "properties": { "geogrid_id": "3039228853173808918", "seqnum": 58998.0, "lat_c": -39.228852539805963, "lon_c": 173.8089180690485, "res": 8.0, "count_Ferns": 75, "count_Flowering Plants": 1150, "count_Basidiomycota": 180, "count_Insects": 1034, "count_Arachnids": 96, "count_Gymnosperms": 30, "count_Mosses": 114, "count_Mammals": 22, "count_Molluscs": 257, "count_Birds": 102, "count_Sac Fungi": 115, "count_Reptiles": 4, "count_Amphibians": 3, "unique_species_count": 3182.0, "countryCode": "NZ" }, "geometry": { "type": "MultiPolygon", "coordinates": [ [ [ [ 173.919563117491379, -38.755734213812111 ], [ 174.428736932148439, -39.017053901660717 ], [ 174.320845613694985, -39.490348008260128 ], [ 173.696327700634868, -39.701973798561916 ], [ 173.185760768496237, -39.437721330249254 ], [ 173.301053370816902, -38.964792659880082 ], [ 173.919563117491379, -38.755734213812111 ] ] ] ] } },
{ "type": "Feature", "properties": { "geogrid_id": "3039275788174941937", "seqnum": 63344.0, "lat_c": -39.275787516653246, "lon_c": 174.94193700654074, "res": 8.0, "count_Ferns": 68, "count_Flowering Plants": 759, "count_Basidiomycota": 195, "count_Insects": 622, "count_Arachnids": 53, "count_Gymnosperms": 25, "count_Mosses": 111, "count_Mammals": 15, "count_Molluscs": 20, "count_Birds": 60, "count_Sac Fungi": 83, "count_Reptiles": 3, "count_Amphibians": 2, "unique_species_count": 2016.0, "countryCode": "NZ" }, "geometry": { "type": "MultiPolygon", "coordinates": [ [ [ [ 175.566409348524161, -39.070555511777918 ], [ 175.462724303477188, -39.538098553037656 ], [ 174.836889916830302, -39.749238206467631 ], [ 174.320845613694985, -39.490348008260128 ], [ 174.428736932148439, -39.017053901660717 ], [ 175.048558158526504, -38.808356157712588 ], [ 175.566409348524161, -39.070555511777918 ] ] ] ] } },
{ "type": "Feature", "properties": { "geogrid_id": "3039330277176088489", "seqnum": 63426.0, "lat_c": -39.330277079439576, "lon_c": 176.08848869939467, "res": 8.0, "count_Ferns": 69, "count_Flowering Plants": 993, "count_Basidiomycota": 240, "count_Insects": 575, "count_Arachnids": 42, "count_Gymnosperms": 23, "count_Mosses": 91, "count_Mammals": 11, "count_Molluscs": 52, "count_Birds": 62, "count_Sac Fungi": 122, "count_Reptiles": 2, "count_Amphibians": 1, "unique_species_count": 2283.0, "countryCode": "NZ" }, "geometry": { "type": "MultiPolygon", "coordinates": [ [ [ [ 176.710673830406762, -39.119589591143395 ], [ 176.614865043944803, -39.587406155319869 ], [ 175.987809968315247, -39.79790319847227 ], [ 175.462724303477188, -39.538098553037656 ], [ 175.566409348524161, -39.070555511777918 ], [ 176.187336140191519, -38.862497022395729 ], [ 176.710673830406762, -39.119589591143395 ] ] ] ] } },
{ "type": "Feature", "properties": { "geogrid_id": "3039373998177238307", "seqnum": 63508.0, "lat_c": -39.3739982155465, "lon_c": 177.23830679939118, "res": 8.0, "count_Ferns": 72, "count_Flowering Plants": 1034, "count_Basidiomycota": 132, "count_Insects": 494, "count_Arachnids": 72, "count_Gymnosperms": 24, "count_Mosses": 71, "count_Mammals": 24, "count_Molluscs": 203, "count_Birds": 105, "count_Sac Fungi": 46, "count_Reptiles": 3, "count_Amphibians": 1, "unique_species_count": 2281.0, "countryCode": "NZ" }, "geometry": { "type": "MultiPolygon", "coordinates": [ [ [ [ 177.858175918694911, -39.157682328463792 ], [ 177.770298915884126, -39.625594753752374 ], [ 177.145604829217262, -39.84182146543273 ], [ 176.614865043944803, -39.587406155319869 ], [ 176.710673830406762, -39.119589591143395 ], [ 177.329318182935737, -38.906043977563748 ], [ 177.858175918694911, -39.157682328463792 ] ] ] ] } },
{ "type": "Feature", "properties": { "geogrid_id": "3039406404178391388", "seqnum": 63590.0, "lat_c": -39.406403536375556, "lon_c": 178.3913879838212, "res": 8.0, "count_Ferns": 3, "count_Flowering Plants": 41, "count_Basidiomycota": 2, "count_Insects": 5, "count_Arachnids": 5, "count_Gymnosperms": 0, "count_Mosses": 1, "count_Mammals": 4, "count_Molluscs": 96, "count_Birds": 29, "count_Sac Fungi": 0, "count_Reptiles": 3, "count_Amphibians": 0, "unique_species_count": 189.0, "countryCode": "NZ" }, "geometry": { "type": "MultiPolygon", "coordinates": [ [ [ [ 179.008917286656299, -39.184238948941427 ], [ 178.929011812852991, -39.652063613892572 ], [ 178.306710817645097, -39.874243473977053 ], [ 177.770298915884126, -39.625594753752374 ], [ 177.858175918694911, -39.157682328463792 ], [ 178.474515469854168, -38.938456189646296 ], [ 179.008917286656299, -39.184238948941427 ] ] ] ] } },
{ "type": "Feature", "properties": { "geogrid_id": "3039426839179547722", "seqnum": 63672.0, "lat_c": -39.426838740440331, "lon_c": 179.54772199111028, "res": 8.0, "count_Ferns": 0, "count_Flowering Plants": 0, "count_Basidiomycota": 0, "count_Insects": 0, "count_Arachnids": 0, "count_Gymnosperms": 0, "count_Mosses": 0, "count_Mammals": 0, "count_Molluscs": 1, "count_Birds": 2, "count_Sac Fungi": 0, "count_Reptiles": 0, "count_Amphibians": 0, "unique_species_count": 3.0, "countryCode": "NZ" }, "geometry": { "type": "MultiPolygon", "coordinates": [ [ [ [ 179.47110055000411, -39.894509736785565 ], [ 178.929011812852991, -39.652063613892572 ], [ 179.008917286656299, -39.184238948941427 ], [ 179.622934485678826, -38.95908510597318 ], [ 180.0, -39.126305559140079 ], [ 180.0, -39.699617191339307 ], [ 179.47110055000411, -39.894509736785565 ] ] ], [ [ [ -179.837108940822475, -39.198544243660301 ], [ -179.909021317164246, -39.666092733941319 ], [ -180.0, -39.699617191339307 ], [ -180.0, -39.126305559140079 ], [ -179.837108940822475, -39.198544243660301 ] ] ] ] } },
{ "type": "Feature", "properties": { "geogrid_id": "3039480966167414522", "seqnum": 58511.0, "lat_c": -39.480966010609713, "lon_c": 167.41452223507071, "res": 8.0, "count_Ferns": 0, "count_Flowering Plants": 0, "count_Basidiomycota": 0, "count_Insects": 0, "count_Arachnids": 0, "count_Gymnosperms": 0, "count_Mosses": 0, "count_Mammals": 0, "count_Molluscs": 1, "count_Birds": 0, "count_Sac Fungi": 0, "count_Reptiles": 0, "count_Amphibians": 0, "unique_species_count": 1.0, "countryCode": "NZ" }, "geometry": { "type": "MultiPolygon", "coordinates": [ [ [ [ 167.568990941361022, -39.011464944659672 ], [ 168.050724260434208, -39.301129218570935 ], [ 167.89816313631863, -39.770955832281182 ], [ 167.256472966597443, -39.950184649686761 ], [ 166.775003194648917, -39.657612366458338 ], [ 166.934872134442713, -39.188723549833831 ], [ 167.568990941361022, -39.011464944659672 ] ] ] ] } },
{ "type": "Feature", "properties": { "geogrid_id": "3039588518168536428", "seqnum": 58592.0, "lat_c": -39.588518290971578, "lon_c": 168.53642837380906, "res": 8.0, "count_Ferns": 0, "count_Flowering Plants": 0, "count_Basidiomycota": 0, "count_Insects": 0, "count_Arachnids": 0, "count_Gymnosperms": 0, "count_Mosses": 0, "count_Mammals": 0, "count_Molluscs": 9, "count_Birds": 1, "count_Sac Fungi": 0, "count_Reptiles": 0, "count_Amphibians": 0, "unique_species_count": 10.0, "countryCode": "NZ" }, "geometry": { "type": "MultiPolygon", "coordinates": [ [ [ [ 168.683669541490673, -39.118150997816279 ], [ 169.171332700111947, -39.402923276379425 ], [ 169.026179764410614, -39.873595493252147 ], [ 168.385874196259238, -40.058657024024157 ], [ 167.89816313631863, -39.770955832281182 ], [ 168.050724260434208, -39.301129218570935 ], [ 168.683669541490673, -39.118150997816279 ] ] ] ] } },
{ "type": "Feature", "properties": { "geogrid_id": "3039685361169663019", "seqnum": 58673.0, "lat_c": -39.685360799591898, "lon_c": 169.66301941319477, "res": 8.0, "count_Ferns": 0, "count_Flowering Plants": 0, "count_Basidiomycota": 0, "count_Insects": 0, "count_Arachnids": 0, "count_Gymnosperms": 0, "count_Mosses": 0, "count_Mammals": 0, "count_Molluscs": 1, "count_Birds": 1, "count_Sac Fungi": 0, "count_Reptiles": 0, "count_Amphibians": 0, "unique_species_count": 2.0, "countryCode": "NZ" }, "geometry": { "type": "MultiPolygon", "coordinates": [ [ [ [ 169.802933703157976, -39.21421815311227 ], [ 170.296454271238417, -39.494002311070155 ], [ 170.158801689387161, -39.96542588947019 ], [ 169.520053243799254, -40.156323719827334 ], [ 169.026179764410614, -39.873595493252147 ], [ 169.171332700111947, -39.402923276379425 ], [ 169.802933703157976, -39.21421815311227 ] ] ] ] } },
{ "type": "Feature", "properties": { "geogrid_id": "3039771391170794043", "seqnum": 58754.0, "lat_c": -39.771390978636674, "lon_c": 170.79404303815866, "res": 8.0, "count_Ferns": 0, "count_Flowering Plants": 0, "count_Basidiomycota": 0, "count_Insects": 0, "count_Arachnids": 0, "count_Gymnosperms": 0, "count_Mosses": 0, "count_Mammals": 0, "count_Molluscs": 2, "count_Birds": 2, "count_Sac Fungi": 0, "count_Reptiles": 0, "count_Amphibians": 0, "unique_species_count": 4.0, "countryCode": "NZ" }, "geometry": { "type": "MultiPolygon", "coordinates": [ [ [ [ 170.926540010777302, -39.299565977795581 ], [ 171.425836340669804, -39.574266737912772 ], [ 171.295767647564787, -40.046345521488689 ], [ 170.658749917682485, -40.243080389544858 ], [ 170.158801689387161, -39.96542588947019 ], [ 170.296454271238417, -39.494002311070155 ], [ 170.926540010777302, -39.299565977795581 ] ] ] ] } },
{ "type": "Feature", "properties": { "geogrid_id": "3039846510171929238", "seqnum": 58835.0, "lat_c": -39.84651027954542, "lon_c": 171.92923758975618, "res": 8.0, "count_Ferns": 0, "count_Flowering Plants": 0, "count_Basidiomycota": 0, "count_Insects": 0, "count_Arachnids": 0, "count_Gymnosperms": 0, "count_Mosses": 0, "count_Mammals": 1, "count_Molluscs": 2, "count_Birds": 1, "count_Sac Fungi": 0, "count_Reptiles": 0, "count_Amphibians": 0, "unique_species_count": 4.0, "countryCode": "NZ" }, "geometry": { "type": "MultiPolygon", "coordinates": [ [ [ [ 172.054236001221255, -39.374097884126087 ], [ 172.559217401410962, -39.643621006927944 ], [ 172.436807103862662, -40.116257067675654 ], [ 171.801694142663564, -40.318826796470738 ], [ 171.295767647564787, -40.046345521488689 ], [ 171.425836340669804, -39.574266737912772 ], [ 172.054236001221255, -39.374097884126087 ] ] ] ] } },
{ "type": "Feature", "properties": { "geogrid_id": "3039910624173068333", "seqnum": 58916.0, "lat_c": -39.910624367804004, "lon_c": 173.06833267579643, "res": 8.0, "count_Ferns": 0, "count_Flowering Plants": 1, "count_Basidiomycota": 0, "count_Insects": 0, "count_Arachnids": 0, "count_Gymnosperms": 0, "count_Mosses": 0, "count_Mammals": 5, "count_Molluscs": 3, "count_Birds": 8, "count_Sac Fungi": 0, "count_Reptiles": 0, "count_Amphibians": 0, "unique_species_count": 17.0, "countryCode": "NZ" }, "geometry": { "type": "MultiPolygon", "coordinates": [ [ [ [ 173.185760768496237, -39.437721330249254 ], [ 173.696327700634868, -39.701973798561916 ], [ 173.581640908573661, -40.175067589317976 ], [ 172.948606622246388, -40.383467037594286 ], [ 172.436807103862662, -40.116257067675654 ], [ 172.559217401410962, -39.643621006927944 ], [ 173.185760768496237, -39.437721330249254 ] ] ] ] } },
{ "type": "Feature", "properties": { "geogrid_id": "3039963643174211050", "seqnum": 58997.0, "lat_c": -39.963643315524301, "lon_c": 174.21104983435382, "res": 8.0, "count_Ferns": 30, "count_Flowering Plants": 359, "count_Basidiomycota": 17, "count_Insects": 84, "count_Arachnids": 10, "count_Gymnosperms": 9, "count_Mosses": 3, "count_Mammals": 18, "count_Molluscs": 75, "count_Birds": 57, "count_Sac Fungi": 3, "count_Reptiles": 2, "count_Amphibians": 1, "unique_species_count": 668.0, "countryCode": "NZ" }, "geometry": { "type": "MultiPolygon", "coordinates": [ [ [ [ 174.320845613694985, -39.490348008260128 ], [ 174.836889916830302, -39.749238206467631 ], [ 174.729982006224532, -40.222688722147154 ], [ 174.099199551598417, -40.436909751669162 ], [ 173.581640908573661, -40.175067589317976 ], [ 173.696327700634868, -39.701973798561916 ], [ 174.320845613694985, -39.490348008260128 ] ] ] ] } },
{ "type": "Feature", "properties": { "geogrid_id": "3040005482175357103", "seqnum": 63425.0, "lat_c": -40.005481782683496, "lon_c": 175.35710324827139, "res": 8.0, "count_Ferns": 62, "count_Flowering Plants": 1338, "count_Basidiomycota": 311, "count_Insects": 976, "count_Arachnids": 86, "count_Gymnosperms": 30, "count_Mosses": 61, "count_Mammals": 20, "count_Molluscs": 135, "count_Birds": 90, "count_Sac Fungi": 43, "count_Reptiles": 4, "count_Amphibians": 2, "unique_species_count": 3158.0, "countryCode": "NZ" }, "geometry": { "type": "MultiPolygon", "coordinates": [ [ [ [ 175.987809968315247, -39.79790319847227 ], [ 175.885232551243917, -40.265387020588499 ], [ 175.253177379701668, -40.479068311558628 ], [ 174.729982006224532, -40.222688722147154 ], [ 174.836889916830302, -39.749238206467631 ], [ 175.462724303477188, -39.538098553037656 ], [ 175.987809968315247, -39.79790319847227 ] ] ] ] } },
{ "type": "Feature", "properties": { "geogrid_id": "3040055086176517263", "seqnum": 63507.0, "lat_c": -40.055086421500349, "lon_c": 176.51726286582007, "res": 8.0, "count_Ferns": 66, "count_Flowering Plants": 879, "count_Basidiomycota": 113, "count_Insects": 659, "count_Arachnids": 47, "count_Gymnosperms": 23, "count_Mosses": 140, "count_Mammals": 12, "count_Molluscs": 92, "count_Birds": 64, "count_Sac Fungi": 33, "count_Reptiles": 3, "count_Amphibians": 1, "unique_species_count": 2132.0, "countryCode": "NZ" }, "geometry": { "type": "MultiPolygon", "coordinates": [ [ [ [ 177.145604829217262, -39.84182146543273 ], [ 177.051149368255096, -40.309526720909076 ], [ 176.417801351731555, -40.52264252118804 ], [ 175.885232551243917, -40.265387020588499 ], [ 175.987809968315247, -39.79790319847227 ], [ 176.614865043944803, -39.587406155319869 ], [ 177.145604829217262, -39.84182146543273 ] ] ] ] } },
{ "type": "Feature", "properties": { "geogrid_id": "3040093395177680772", "seqnum": 63589.0, "lat_c": -40.093394740039791, "lon_c": 177.68077165994779, "res": 8.0, "count_Ferns": 0, "count_Flowering Plants": 0, "count_Basidiomycota": 0, "count_Insects": 0, "count_Arachnids": 0, "count_Gymnosperms": 0, "count_Mosses": 0, "count_Mammals": 1, "count_Molluscs": 23, "count_Birds": 14, "count_Sac Fungi": 0, "count_Reptiles": 0, "count_Amphibians": 0, "unique_species_count": 38.0, "countryCode": "NZ" }, "geometry": { "type": "MultiPolygon", "coordinates": [ [ [ [ 178.306710817645097, -39.874243473977053 ], [ 178.220425788909267, -40.341990256461472 ], [ 177.589532892610919, -40.561095714992732 ], [ 177.051149368255096, -40.309526720909076 ], [ 177.145604829217262, -39.84182146543273 ], [ 177.770298915884126, -39.625594753752374 ], [ 178.306710817645097, -39.874243473977053 ] ] ] ] } },
{ "type": "Feature", "properties": { "geogrid_id": "3040119801178847599", "seqnum": 63671.0, "lat_c": -40.119800543574357, "lon_c": 178.84759934824319, "res": 8.0, "count_Ferns": 0, "count_Flowering Plants": 0, "count_Basidiomycota": 0, "count_Insects": 0, "count_Arachnids": 0, "count_Gymnosperms": 0, "count_Mosses": 0, "count_Mammals": 0, "count_Molluscs": 1, "count_Birds": 4, "count_Sac Fungi": 0, "count_Reptiles": 0, "count_Amphibians": 0, "unique_species_count": 5.0, "countryCode": "NZ" }, "geometry": { "type": "MultiPolygon", "coordinates": [ [ [ [ 179.47110055000411, -39.894509736785565 ], [ 179.393016928263506, -40.362113480974912 ], [ 178.764623548630141, -40.5874643496877 ], [ 178.220425788909267, -40.341990256461472 ], [ 178.306710817645097, -39.874243473977053 ], [ 178.929011812852991, -39.652063613892572 ], [ 179.47110055000411, -39.894509736785565 ] ] ] ] } },
{ "type": "Feature", "properties": { "geogrid_id": "3040240492167742035", "seqnum": 58510.0, "lat_c": -40.240491934303208, "lon_c": 167.74203499564283, "res": 8.0, "count_Ferns": 0, "count_Flowering Plants": 0, "count_Basidiomycota": 0, "count_Insects": 0, "count_Arachnids": 0, "count_Gymnosperms": 0, "count_Mosses": 0, "count_Mammals": 0, "count_Molluscs": 9, "count_Birds": 2, "count_Sac Fungi": 0, "count_Reptiles": 0, "count_Amphibians": 0, "unique_species_count": 11.0, "countryCode": "NZ" }, "geometry": { "type": "MultiPolygon", "coordinates": [ [ [ [ 167.89816313631863, -39.770955832281182 ], [ 168.385874196259238, -40.058657024024157 ], [ 168.231769795989237, -40.528498492652467 ], [ 167.582084006086575, -40.709659046659837 ], [ 167.094586500199995, -40.419041835828899 ], [ 167.256472966597443, -39.950184649686761 ], [ 167.89816313631863, -39.770955832281182 ] ] ] ] } },
{ "type": "Feature", "properties": { "geogrid_id": "3040344033168877733", "seqnum": 58591.0, "lat_c": -40.344033128455322, "lon_c": 168.87773306401991, "res": 8.0, "count_Ferns": 0, "count_Flowering Plants": 0, "count_Basidiomycota": 0, "count_Insects": 0, "count_Arachnids": 0, "count_Gymnosperms": 0, "count_Mosses": 0, "count_Mammals": 0, "count_Molluscs": 4, "count_Birds": 1, "count_Sac Fungi": 0, "count_Reptiles": 0, "count_Amphibians": 0, "unique_species_count": 5.0, "countryCode": "NZ" }, "geometry": { "type": "MultiPolygon", "coordinates": [ [ [ [ 169.026179764410614, -39.873595493252147 ], [ 169.520053243799254, -40.156323719827334 ], [ 169.373815721888775, -40.627047148713778 ], [ 168.725756184199781, -40.814168019058634 ], [ 168.231769795989237, -40.528498492652467 ], [ 168.385874196259238, -40.058657024024157 ], [ 169.026179764410614, -39.873595493252147 ] ] ] ] } },
{ "type": "Feature", "properties": { "geogrid_id": "3040436665170018122", "seqnum": 58672.0, "lat_c": -40.436665358476766, "lon_c": 170.01812198252338, "res": 8.0, "count_Ferns": 0, "count_Flowering Plants": 0, "count_Basidiomycota": 0, "count_Insects": 0, "count_Arachnids": 0, "count_Gymnosperms": 0, "count_Mosses": 0, "count_Mammals": 2, "count_Molluscs": 4, "count_Birds": 2, "count_Sac Fungi": 0, "count_Reptiles": 0, "count_Amphibians": 0, "unique_species_count": 8.0, "countryCode": "NZ" }, "geometry": { "type": "MultiPolygon", "coordinates": [ [ [ [ 170.158801689387161, -39.96542588947019 ], [ 170.658749917682485, -40.243080389544858 ], [ 170.520457529049878, -40.71458222995512 ], [ 169.874196514670786, -40.907661485524038 ], [ 169.373815721888775, -40.627047148713778 ], [ 169.520053243799254, -40.156323719827334 ], [ 170.158801689387161, -39.96542588947019 ] ] ] ] } },
{ "type": "Feature", "properties": { "geogrid_id": "3040518286171162933", "seqnum": 58753.0, "lat_c": -40.518285607265497, "lon_c": 171.16293287721263, "res": 8.0, "count_Ferns": 0, "count_Flowering Plants": 0, "count_Basidiomycota": 0, "count_Insects": 0, "count_Arachnids": 0, "count_Gymnosperms": 0, "count_Mosses": 0, "count_Mammals": 2, "count_Molluscs": 11, "count_Birds": 4, "count_Sac Fungi": 0, "count_Reptiles": 0, "count_Amphibians": 0, "unique_species_count": 17.0, "countryCode": "NZ" }, "geometry": { "type": "MultiPolygon", "coordinates": [ [ [ [ 171.295767647564787, -40.046345521488689 ], [ 171.801694142663564, -40.318826796470738 ], [ 171.671417737331637, -40.791002263977795 ], [ 171.027129817941869, -40.990035535711975 ], [ 170.520457529049878, -40.71458222995512 ], [ 170.658749917682485, -40.243080389544858 ], [ 171.295767647564787, -40.046345521488689 ] ] ] ] } },
{ "type": "Feature", "properties": { "geogrid_id": "3040588795172311887", "seqnum": 58834.0, "lat_c": -40.588795104006877, "lon_c": 172.31188695923319, "res": 8.0, "count_Ferns": 66, "count_Flowering Plants": 867, "count_Basidiomycota": 111, "count_Insects": 537, "count_Arachnids": 61, "count_Gymnosperms": 27, "count_Mosses": 39, "count_Mammals": 15, "count_Molluscs": 172, "count_Birds": 88, "count_Sac Fungi": 163, "count_Reptiles": 3, "count_Amphibians": 1, "unique_species_count": 2150.0, "countryCode": "NZ" }, "geometry": { "type": "MultiPolygon", "coordinates": [ [ [ [ 172.436807103862662, -40.116257067675654 ], [ 172.948606622246388, -40.383467037594286 ], [ 172.826408910269492, -40.856210146801693 ], [ 172.18427004849417, -41.061190451600837 ], [ 171.671417737331637, -40.791002263977795 ], [ 171.801694142663564, -40.318826796470738 ], [ 172.436807103862662, -40.116257067675654 ] ] ] ] } },
{ "type": "Feature", "properties": { "geogrid_id": "3040648100173464696", "seqnum": 58915.0, "lat_c": -40.648099555751351, "lon_c": 173.46469625683247, "res": 8.0, "count_Ferns": 58, "count_Flowering Plants": 622, "count_Basidiomycota": 118, "count_Insects": 468, "count_Arachnids": 34, "count_Gymnosperms": 14, "count_Mosses": 24, "count_Mammals": 19, "count_Molluscs": 171, "count_Birds": 73, "count_Sac Fungi": 35, "count_Reptiles": 4, "count_Amphibians": 2, "unique_species_count": 1642.0, "countryCode": "NZ" }, "geometry": { "type": "MultiPolygon", "coordinates": [ [ [ [ 173.581640908573661, -40.175067589317976 ], [ 174.099199551598417, -40.436909751669162 ], [ 173.985134464173314, -40.910113385916901 ], [ 173.345321162659189, -41.121030994170042 ], [ 172.826408910269492, -40.856210146801693 ], [ 172.948606622246388, -40.383467037594286 ], [ 173.581640908573661, -40.175067589317976 ] ] ] ] } },
{ "type": "Feature", "properties": { "geogrid_id": "3040696109174621064", "seqnum": 58996.0, "lat_c": -40.696109360771288, "lon_c": 174.62106439230351, "res": 8.0, "count_Ferns": 68, "count_Flowering Plants": 1113, "count_Basidiomycota": 144, "count_Insects": 652, "count_Arachnids": 74, "count_Gymnosperms": 18, "count_Mosses": 55, "count_Mammals": 31, "count_Molluscs": 205, "count_Birds": 134, "count_Sac Fungi": 54, "count_Reptiles": 5, "count_Amphibians": 2, "unique_species_count": 2555.0, "countryCode": "NZ" }, "geometry": { "type": "MultiPolygon", "coordinates": [ [ [ [ 174.729982006224532, -40.222688722147154 ], [ 175.253177379701668, -40.479068311558628 ], [ 175.147289515241823, -40.952624320887978 ], [ 174.509978010443405, -41.169466660148586 ], [ 173.985134464173314, -40.910113385916901 ], [ 174.099199551598417, -40.436909751669162 ], [ 174.729982006224532, -40.222688722147154 ] ] ] ] } },
{ "type": "Feature", "properties": { "geogrid_id": "3040732740175780687", "seqnum": 63506.0, "lat_c": -40.732739805615672, "lon_c": 175.78068740443678, "res": 8.0, "count_Ferns": 76, "count_Flowering Plants": 1400, "count_Basidiomycota": 336, "count_Insects": 1193, "count_Arachnids": 91, "count_Gymnosperms": 27, "count_Mosses": 82, "count_Mammals": 21, "count_Molluscs": 160, "count_Birds": 79, "count_Sac Fungi": 92, "count_Reptiles": 6, "count_Amphibians": 1, "unique_species_count": 3564.0, "countryCode": "NZ" }, "geometry": { "type": "MultiPolygon", "coordinates": [ [ [ [ 176.417801351731555, -40.52264252118804 ], [ 176.316412912305907, -40.990086191332942 ], [ 175.677927257517155, -41.206411911439098 ], [ 175.147289515241823, -40.952624320887978 ], [ 175.253177379701668, -40.479068311558628 ], [ 175.885232551243917, -40.265387020588499 ], [ 176.417801351731555, -40.52264252118804 ] ] ] ] } },
{ "type": "Feature", "properties": { "geogrid_id": "3040777127176954876", "seqnum": 63588.0, "lat_c": -40.777126570723809, "lon_c": 176.95487602308728, "res": 8.0, "count_Ferns": 1, "count_Flowering Plants": 18, "count_Basidiomycota": 0, "count_Insects": 3, "count_Arachnids": 0, "count_Gymnosperms": 0, "count_Mosses": 0, "count_Mammals": 1, "count_Molluscs": 17, "count_Birds": 18, "count_Sac Fungi": 0, "count_Reptiles": 0, "count_Amphibians": 0, "unique_species_count": 58.0, "countryCode": "NZ" }, "geometry": { "type": "MultiPolygon", "coordinates": [ [ [ [ 177.589532892610919, -40.561095714992732 ], [ 177.496519872415234, -41.028710687487283 ], [ 176.856718760625085, -41.244633196796485 ], [ 176.316412912305907, -40.990086191332942 ], [ 176.417801351731555, -40.52264252118804 ], [ 177.051149368255096, -40.309526720909076 ], [ 177.589532892610919, -40.561095714992732 ] ] ] ] } },
{ "type": "Feature", "properties": { "geogrid_id": "3040809658178132473", "seqnum": 63670.0, "lat_c": -40.809657702778978, "lon_c": 178.13247338516308, "res": 8.0, "count_Ferns": 0, "count_Flowering Plants": 0, "count_Basidiomycota": 0, "count_Insects": 0, "count_Arachnids": 0, "count_Gymnosperms": 0, "count_Mosses": 0, "count_Mammals": 0, "count_Molluscs": 1, "count_Birds": 0, "count_Sac Fungi": 0, "count_Reptiles": 0, "count_Amphibians": 0, "unique_species_count": 1.0, "countryCode": "NZ" }, "geometry": { "type": "MultiPolygon", "coordinates": [ [ [ [ 178.764623548630141, -40.5874643496877 ], [ 178.680026748038273, -41.055069195284879 ], [ 178.042792619258933, -41.277259200728608 ], [ 177.496519872415234, -41.028710687487283 ], [ 177.589532892610919, -40.561095714992732 ], [ 178.220425788909267, -40.341990256461472 ], [ 178.764623548630141, -40.5874643496877 ] ] ] ] } },
{ "type": "Feature", "properties": { "geogrid_id": "3040829665179313417", "seqnum": 63752.0, "lat_c": -40.829664888492601, "lon_c": 179.31341671844984, "res": 8.0, "count_Ferns": 0, "count_Flowering Plants": 0, "count_Basidiomycota": 0, "count_Insects": 0, "count_Arachnids": 0, "count_Gymnosperms": 0, "count_Mosses": 0, "count_Mammals": 0, "count_Molluscs": 0, "count_Birds": 2, "count_Sac Fungi": 0, "count_Reptiles": 0, "count_Amphibians": 0, "unique_species_count": 2.0, "countryCode": "NZ" }, "geometry": { "type": "MultiPolygon", "coordinates": [ [ [ [ 179.943010854039841, -40.601020567760585 ], [ 179.866851820312405, -41.068430714611416 ], [ 179.232244201984543, -41.297178414751151 ], [ 178.680026748038273, -41.055069195284879 ], [ 178.764623548630141, -40.5874643496877 ], [ 179.393016928263506, -40.362113480974912 ], [ 179.943010854039841, -40.601020567760585 ] ] ] ] } },
{ "type": "Feature", "properties": { "geogrid_id": "3040887448166928587", "seqnum": 58428.0, "lat_c": -40.887447800544997, "lon_c": 166.92858652974311, "res": 8.0, "count_Ferns": 0, "count_Flowering Plants": 0, "count_Basidiomycota": 0, "count_Insects": 0, "count_Arachnids": 0, "count_Gymnosperms": 0, "count_Mosses": 0, "count_Mammals": 1, "count_Molluscs": 1, "count_Birds": 1, "count_Sac Fungi": 0, "count_Reptiles": 0, "count_Amphibians": 0, "unique_species_count": 3.0, "countryCode": "NZ" }, "geometry": { "type": "MultiPolygon", "coordinates": [ [ [ [ 167.094586500199995, -40.419041835828899 ], [ 167.582084006086575, -40.709659046659837 ], [ 167.418034886375722, -41.178368234553709 ], [ 166.758175367996387, -41.35530071861303 ], [ 166.271176460572889, -41.061790174912176 ], [ 166.443443439274034, -40.594242349949113 ], [ 167.094586500199995, -40.419041835828899 ] ] ] ] } },
{ "type": "Feature", "properties": { "geogrid_id": "3040997965168073860", "seqnum": 58509.0, "lat_c": -40.997964887839714, "lon_c": 168.07386022887039, "res": 8.0, "count_Ferns": 0, "count_Flowering Plants": 0, "count_Basidiomycota": 0, "count_Insects": 0, "count_Arachnids": 0, "count_Gymnosperms": 0, "count_Mosses": 0, "count_Mammals": 1, "count_Molluscs": 6, "count_Birds": 2, "count_Sac Fungi": 2, "count_Reptiles": 0, "count_Amphibians": 0, "unique_species_count": 11.0, "countryCode": "NZ" }, "geometry": { "type": "MultiPolygon", "coordinates": [ [ [ [ 168.231769795989237, -40.528498492652467 ], [ 168.725756184199781, -40.814168019058634 ], [ 168.5699951530448, -41.283923135035508 ], [ 167.911871314504765, -41.46696822898339 ], [ 167.418034886375722, -41.178368234553709 ], [ 167.582084006086575, -40.709659046659837 ], [ 168.231769795989237, -40.528498492652467 ] ] ] ] } },
{ "type": "Feature", "properties": { "geogrid_id": "3041097464169224071", "seqnum": 58590.0, "lat_c": -41.097463564716442, "lon_c": 169.22407132042113, "res": 8.0, "count_Ferns": 0, "count_Flowering Plants": 0, "count_Basidiomycota": 0, "count_Insects": 0, "count_Arachnids": 0, "count_Gymnosperms": 0, "count_Mosses": 0, "count_Mammals": 0, "count_Molluscs": 6, "count_Birds": 1, "count_Sac Fungi": 0, "count_Reptiles": 0, "count_Amphibians": 0, "unique_species_count": 7.0, "countryCode": "NZ" }, "geometry": { "type": "MultiPolygon", "coordinates": [ [ [ [ 169.373815721888775, -40.627047148713778 ], [ 169.874196514670786, -40.907661485524038 ], [ 169.726790736287171, -41.378347481823909 ], [ 169.070567123740318, -41.567496816792996 ], [ 168.5699951530448, -41.283923135035508 ], [ 168.725756184199781, -40.814168019058634 ], [ 169.373815721888775, -40.627047148713778 ] ] ] ] } },
{ "type": "Feature", "properties": { "geogrid_id": "3041185838170378948", "seqnum": 58671.0, "lat_c": -41.185837882928553, "lon_c": 170.37894816709667, "res": 8.0, "count_Ferns": 0, "count_Flowering Plants": 0, "count_Basidiomycota": 0, "count_Insects": 0, "count_Arachnids": 0, "count_Gymnosperms": 0, "count_Mosses": 0, "count_Mammals": 1, "count_Molluscs": 10, "count_Birds": 10, "count_Sac Fungi": 0, "count_Reptiles": 0, "count_Amphibians": 0, "unique_species_count": 21.0, "countryCode": "NZ" }, "geometry": { "type": "MultiPolygon", "coordinates": [ [ [ [ 170.520457529049878, -40.71458222995512 ], [ 171.027129817941869, -40.990035535711975 ], [ 170.888141789996467, -41.461537381583639 ], [ 170.233988350356015, -41.656781375713891 ], [ 169.726790736287171, -41.378347481823909 ], [ 169.874196514670786, -40.907661485524038 ], [ 170.520457529049878, -40.71458222995512 ] ] ] ] } },
{ "type": "Feature", "properties": { "geogrid_id": "3041262986171538207", "seqnum": 58752.0, "lat_c": -41.262985812738911, "lon_c": 171.53820716788059, "res": 8.0, "count_Ferns": 45, "count_Flowering Plants": 363, "count_Basidiomycota": 55, "count_Insects": 210, "count_Arachnids": 19, "count_Gymnosperms": 13, "count_Mosses": 12, "count_Mammals": 5, "count_Molluscs": 49, "count_Birds": 44, "count_Sac Fungi": 22, "count_Reptiles": 0, "count_Amphibians": 1, "unique_species_count": 838.0, "countryCode": "NZ" }, "geometry": { "type": "MultiPolygon", "coordinates": [ [ [ [ 171.671417737331637, -40.791002263977795 ], [ 172.18427004849417, -41.061190451600837 ], [ 172.05375627006552, -41.533392894711902 ], [ 171.401846875869978, -41.734720278687327 ], [ 170.888141789996467, -41.461537381583639 ], [ 171.027129817941869, -40.990035535711975 ], [ 171.671417737331637, -40.791002263977795 ] ] ] ] } },
{ "type": "Feature", "properties": { "geogrid_id": "3041328810172701554", "seqnum": 58833.0, "lat_c": -41.328809595263046, "lon_c": 172.70155372438344, "res": 8.0, "count_Ferns": 92, "count_Flowering Plants": 1907, "count_Basidiomycota": 338, "count_Insects": 1739, "count_Arachnids": 113, "count_Gymnosperms": 39, "count_Mosses": 171, "count_Mammals": 28, "count_Molluscs": 250, "count_Birds": 101, "count_Sac Fungi": 187, "count_Reptiles": 3, "count_Amphibians": 1, "unique_species_count": 4969.0, "countryCode": "NZ" }, "geometry": { "type": "MultiPolygon", "coordinates": [ [ [ [ 172.826408910269492, -40.856210146801693 ], [ 173.345321162659189, -41.121030994170042 ], [ 173.223331015701291, -41.593818421266079 ], [ 172.573842167473572, -41.801215878724797 ], [ 172.05375627006552, -41.533392894711902 ], [ 172.18427004849417, -41.061190451600837 ], [ 172.826408910269492, -40.856210146801693 ] ] ] ] } },
{ "type": "Feature", "properties": { "geogrid_id": "3041383216173868683", "seqnum": 58914.0, "lat_c": -41.383216051431724, "lon_c": 173.86868320623645, "res": 8.0, "count_Ferns": 77, "count_Flowering Plants": 1262, "count_Basidiomycota": 253, "count_Insects": 1235, "count_Arachnids": 88, "count_Gymnosperms": 31, "count_Mosses": 100, "count_Mammals": 27, "count_Molluscs": 265, "count_Birds": 113, "count_Sac Fungi": 140, "count_Reptiles": 3, "count_Amphibians": 2, "unique_species_count": 3596.0, "countryCode": "NZ" }, "geometry": { "type": "MultiPolygon", "coordinates": [ [ [ [ 173.985134464173314, -40.910113385916901 ], [ 174.509978010443405, -41.169466660148586 ], [ 174.396552815553662, -41.642723033890874 ], [ 173.749662475996615, -41.856174929841806 ], [ 173.223331015701291, -41.593818421266079 ], [ 173.345321162659189, -41.121030994170042 ], [ 173.985134464173314, -40.910113385916901 ] ] ] ] } },
{ "type": "Feature", "properties": { "geogrid_id": "3041399789164944141", "seqnum": 58265.0, "lat_c": -41.399788615462874, "lon_c": 164.94414086898578, "res": 8.0, "count_Ferns": 0, "count_Flowering Plants": 0, "count_Basidiomycota": 0, "count_Insects": 0, "count_Arachnids": 0, "count_Gymnosperms": 0, "count_Mosses": 0, "count_Mammals": 0, "count_Molluscs": 1, "count_Birds": 1, "count_Sac Fungi": 0, "count_Reptiles": 0, "count_Amphibians": 0, "unique_species_count": 2.0, "countryCode": "NZ" }, "geometry": { "type": "MultiPolygon", "coordinates": [ [ [ [ 165.129671869888483, -40.934299311598231 ], [ 165.609738688608388, -41.232602264785612 ], [ 165.425860436152192, -41.698393663134354 ], [ 164.753111602815665, -41.864342044817825 ], [ 164.274229665815682, -41.563239350234291 ], [ 164.466804089756607, -41.098982967205231 ], [ 165.129671869888483, -40.934299311598231 ] ] ] ] } },
{ "type": "Feature", "properties": { "geogrid_id": "3041426117175039282", "seqnum": 58995.0, "lat_c": -41.426116854135302, "lon_c": 175.03928192976161, "res": 8.0, "count_Ferns": 102, "count_Flowering Plants": 1841, "count_Basidiomycota": 486, "count_Insects": 1430, "count_Arachnids": 142, "count_Gymnosperms": 35, "count_Mosses": 122, "count_Mammals": 33, "count_Molluscs": 496, "count_Birds": 142, "count_Sac Fungi": 244, "count_Reptiles": 8, "count_Amphibians": 2, "unique_species_count": 5083.0, "countryCode": "NZ" }, "geometry": { "type": "MultiPolygon", "coordinates": [ [ [ [ 175.147289515241823, -40.952624320887978 ], [ 175.677927257517155, -41.206411911439098 ], [ 175.573099476115402, -41.680020766549475 ], [ 174.928986004671629, -41.899508944991489 ], [ 174.396552815553662, -41.642723033890874 ], [ 174.509978010443405, -41.169466660148586 ], [ 175.147289515241823, -40.952624320887978 ] ] ] ] } },
{ "type": "Feature", "properties": { "geogrid_id": "3041457429176213028", "seqnum": 63587.0, "lat_c": -41.457428769900432, "lon_c": 176.21302815903803, "res": 8.0, "count_Ferns": 28, "count_Flowering Plants": 211, "count_Basidiomycota": 9, "count_Insects": 83, "count_Arachnids": 7, "count_Gymnosperms": 6, "count_Mosses": 0, "count_Mammals": 5, "count_Molluscs": 83, "count_Birds": 37, "count_Sac Fungi": 2, "count_Reptiles": 0, "count_Amphibians": 1, "unique_species_count": 472.0, "countryCode": "NZ" }, "geometry": { "type": "MultiPolygon", "coordinates": [ [ [ [ 176.856718760625085, -41.244633196796485 ], [ 176.756609755544133, -41.712058372399802 ], [ 176.111482069147939, -41.931134502095219 ], [ 175.573099476115402, -41.680020766549475 ], [ 175.677927257517155, -41.206411911439098 ], [ 176.316412912305907, -40.990086191332942 ], [ 176.856718760625085, -41.244633196796485 ] ] ] ] } },
{ "type": "Feature", "properties": { "geogrid_id": "3041496252177401668", "seqnum": 63669.0, "lat_c": -41.496252248535569, "lon_c": 177.40166822625119, "res": 8.0, "count_Ferns": 0, "count_Flowering Plants": 0, "count_Basidiomycota": 0, "count_Insects": 0, "count_Arachnids": 0, "count_Gymnosperms": 0, "count_Mosses": 0, "count_Mammals": 0, "count_Molluscs": 3, "count_Birds": 1, "count_Sac Fungi": 1, "count_Reptiles": 0, "count_Amphibians": 0, "unique_species_count": 5.0, "countryCode": "NZ" }, "geometry": { "type": "MultiPolygon", "coordinates": [ [ [ [ 178.042792619258933, -41.277259200728608 ], [ 177.95132088323416, -41.744807710701345 ], [ 177.304911798673857, -41.963732572095175 ], [ 176.756609755544133, -41.712058372399802 ], [ 176.856718760625085, -41.244633196796485 ], [ 177.496519872415234, -41.028710687487283 ], [ 178.042792619258933, -41.277259200728608 ] ] ] ] } },
{ "type": "Feature", "properties": { "geogrid_id": "3041522629178593750", "seqnum": 63751.0, "lat_c": -41.522628801696612, "lon_c": 178.59374981688916, "res": 8.0, "count_Ferns": 0, "count_Flowering Plants": 0, "count_Basidiomycota": 0, "count_Insects": 0, "count_Arachnids": 0, "count_Gymnosperms": 0, "count_Mosses": 0, "count_Mammals": 1, "count_Molluscs": 0, "count_Birds": 1, "count_Sac Fungi": 0, "count_Reptiles": 0, "count_Amphibians": 0, "unique_species_count": 2.0, "countryCode": "NZ" }, "geometry": { "type": "MultiPolygon", "coordinates": [ [ [ [ 179.232244201984543, -41.297178414751151 ], [ 179.149442210606566, -41.764668064983063 ], [ 178.505732018655948, -41.990156455064174 ], [ 177.95132088323416, -41.744807710701345 ], [ 178.042792619258933, -41.277259200728608 ], [ 178.680026748038273, -41.055069195284879 ], [ 179.232244201984543, -41.297178414751151 ] ] ] ] } },
{ "type": "Feature", "properties": { "geogrid_id": "3041528675166094163", "seqnum": 58346.0, "lat_c": -41.5286754307064, "lon_c": 166.09416263806276, "res": 8.0, "count_Ferns": 0, "count_Flowering Plants": 0, "count_Basidiomycota": 0, "count_Insects": 0, "count_Arachnids": 0, "count_Gymnosperms": 0, "count_Mosses": 0, "count_Mammals": 0, "count_Molluscs": 3, "count_Birds": 1, "count_Sac Fungi": 0, "count_Reptiles": 0, "count_Amphibians": 0, "unique_species_count": 4.0, "countryCode": "NZ" }, "geometry": { "type": "MultiPolygon", "coordinates": [ [ [ [ 166.271176460572889, -41.061790174912176 ], [ 166.758175367996387, -41.35530071861303 ], [ 166.583032088050089, -41.822485225146302 ], [ 165.912053860352103, -41.99476556105963 ], [ 165.425860436152192, -41.698393663134354 ], [ 165.609738688608388, -41.232602264785612 ], [ 166.271176460572889, -41.061790174912176 ] ] ] ] } },
{ "type": "Feature", "properties": { "geogrid_id": "3041535825179789172", "seqnum": 63833.0, "lat_c": -41.535824759681539, "lon_c": 179.78917157902237, "res": 8.0, "count_Ferns": 0, "count_Flowering Plants": 0, "count_Basidiomycota": 0, "count_Insects": 0, "count_Arachnids": 0, "count_Gymnosperms": 0, "count_Mosses": 0, "count_Mammals": 1, "count_Molluscs": 0, "count_Birds": 1, "count_Sac Fungi": 0, "count_Reptiles": 0, "count_Amphibians": 0, "unique_species_count": 2.0, "countryCode": "NZ" }, "geometry": { "type": "MultiPolygon", "coordinates": [ [ [ [ 179.709915026998402, -42.003216938244073 ], [ 179.149442210606566, -41.764668064983063 ], [ 179.232244201984543, -41.297178414751151 ], [ 179.866851820312405, -41.068430714611416 ], [ 180.0, -41.124532106688619 ], [ 180.0, -41.898042892643552 ], [ 179.709915026998402, -42.003216938244073 ] ] ], [ [ [ -179.575030663902567, -41.303591042388142 ], [ -179.64915146189702, -41.770838233389746 ], [ -180.0, -41.898042892643552 ], [ -180.0, -41.124532106688619 ], [ -179.575030663902567, -41.303591042388142 ] ] ] ] } },
{ "type": "Feature", "properties": { "geogrid_id": "3041646519167249591", "seqnum": 58427.0, "lat_c": -41.646518851599197, "lon_c": 167.24959123598438, "res": 8.0, "count_Ferns": 0, "count_Flowering Plants": 0, "count_Basidiomycota": 0, "count_Insects": 0, "count_Arachnids": 0, "count_Gymnosperms": 0, "count_Mosses": 0, "count_Mammals": 0, "count_Molluscs": 3, "count_Birds": 1, "count_Sac Fungi": 0, "count_Reptiles": 0, "count_Amphibians": 0, "unique_species_count": 4.0, "countryCode": "NZ" }, "geometry": { "type": "MultiPolygon", "coordinates": [ [ [ [ 167.418034886375722, -41.178368234553709 ], [ 167.911871314504765, -41.46696822898339 ], [ 167.745508003373232, -41.935409166047521 ], [ 167.076433722954249, -42.113997127211945 ], [ 166.583032088050089, -41.822485225146302 ], [ 166.758175367996387, -41.35530071861303 ], [ 167.418034886375722, -41.178368234553709 ] ] ] ] } },
{ "type": "Feature", "properties": { "geogrid_id": "3041753212168410177", "seqnum": 58508.0, "lat_c": -41.753211558802896, "lon_c": 168.41017696682471, "res": 8.0, "count_Ferns": 0, "count_Flowering Plants": 0, "count_Basidiomycota": 0, "count_Insects": 0, "count_Arachnids": 0, "count_Gymnosperms": 0, "count_Mosses": 0, "count_Mammals": 1, "count_Molluscs": 2, "count_Birds": 1, "count_Sac Fungi": 0, "count_Reptiles": 0, "count_Amphibians": 0, "unique_species_count": 4.0, "countryCode": "NZ" }, "geometry": { "type": "MultiPolygon", "coordinates": [ [ [ [ 168.5699951530448, -41.283923135035508 ], [ 169.070567123740318, -41.567496816792996 ], [ 168.913031381125364, -42.037061148475154 ], [ 168.246007991829913, -42.221935341768834 ], [ 167.745508003373232, -41.935409166047521 ], [ 167.911871314504765, -41.46696822898339 ], [ 168.5699951530448, -41.283923135035508 ] ] ] ] } },
{ "type": "Feature", "properties": { "geogrid_id": "3041848648169575653", "seqnum": 58589.0, "lat_c": -41.84864816602515, "lon_c": 169.57565287264492, "res": 8.0, "count_Ferns": 0, "count_Flowering Plants": 0, "count_Basidiomycota": 0, "count_Insects": 0, "count_Arachnids": 0, "count_Gymnosperms": 0, "count_Mosses": 0, "count_Mammals": 3, "count_Molluscs": 11, "count_Birds": 11, "count_Sac Fungi": 1, "count_Reptiles": 0, "count_Amphibians": 0, "unique_species_count": 26.0, "countryCode": "NZ" }, "geometry": { "type": "MultiPolygon", "coordinates": [ [ [ [ 169.726790736287171, -41.378347481823909 ], [ 170.233988350356015, -41.656781375713891 ], [ 170.085327530950337, -42.127338578760671 ], [ 169.420512503614844, -42.318479031007953 ], [ 168.913031381125364, -42.037061148475154 ], [ 169.070567123740318, -41.567496816792996 ], [ 169.726790736287171, -41.378347481823909 ] ] ] ] } },
{ "type": "Feature", "properties": { "geogrid_id": "3041932726170745736", "seqnum": 58670.0, "lat_c": -41.932726063943917, "lon_c": 170.74573647183371, "res": 8.0, "count_Ferns": 0, "count_Flowering Plants": 8, "count_Basidiomycota": 0, "count_Insects": 0, "count_Arachnids": 0, "count_Gymnosperms": 0, "count_Mosses": 0, "count_Mammals": 4, "count_Molluscs": 25, "count_Birds": 10, "count_Sac Fungi": 0, "count_Reptiles": 0, "count_Amphibians": 0, "unique_species_count": 47.0, "countryCode": "NZ" }, "geometry": { "type": "MultiPolygon", "coordinates": [ [ [ [ 170.888141789996467, -41.461537381583639 ], [ 171.401846875869978, -41.734720278687327 ], [ 171.262105793251749, -42.20614154147281 ], [ 170.599664630118212, -42.403528579188738 ], [ 170.085327530950337, -42.127338578760671 ], [ 170.233988350356015, -41.656781375713891 ], [ 170.888141789996467, -41.461537381583639 ] ] ] ] } },
{ "type": "Feature", "properties": { "geogrid_id": "3042005346171920131", "seqnum": 58751.0, "lat_c": -42.005346093754483, "lon_c": 171.92013128441849, "res": 8.0, "count_Ferns": 69, "count_Flowering Plants": 1056, "count_Basidiomycota": 220, "count_Insects": 1019, "count_Arachnids": 67, "count_Gymnosperms": 24, "count_Mosses": 109, "count_Mammals": 23, "count_Molluscs": 107, "count_Birds": 79, "count_Sac Fungi": 175, "count_Reptiles": 1, "count_Amphibians": 0, "unique_species_count": 2949.0, "countryCode": "NZ" }, "geometry": { "type": "MultiPolygon", "coordinates": [ [ [ [ 172.05375627006552, -41.533392894711902 ], [ 172.573842167473572, -41.801215878724797 ], [ 172.443061218542169, -42.273373539579929 ], [ 171.783165372690689, -42.476986951195897 ], [ 171.262105793251749, -42.20614154147281 ], [ 171.401846875869978, -41.734720278687327 ], [ 172.05375627006552, -41.533392894711902 ] ] ] ] } },
{ "type": "Feature", "properties": { "geogrid_id": "3042066413173098528", "seqnum": 58832.0, "lat_c": -42.066413097019229, "lon_c": 173.09852822541052, "res": 8.0, "count_Ferns": 54, "count_Flowering Plants": 989, "count_Basidiomycota": 250, "count_Insects": 721, "count_Arachnids": 37, "count_Gymnosperms": 25, "count_Mosses": 63, "count_Mammals": 16, "count_Molluscs": 17, "count_Birds": 58, "count_Sac Fungi": 122, "count_Reptiles": 1, "count_Amphibians": 0, "unique_species_count": 2353.0, "countryCode": "NZ" }, "geometry": { "type": "MultiPolygon", "coordinates": [ [ [ [ 173.223331015701291, -41.593818421266079 ], [ 173.749662475996615, -41.856174929841806 ], [ 173.627876093749705, -42.328942093209427 ], [ 172.97070119125766, -42.538760497836371 ], [ 172.443061218542169, -42.273373539579929 ], [ 172.573842167473572, -41.801215878724797 ], [ 173.223331015701291, -41.593818421266079 ] ] ] ] } },
{ "type": "Feature", "properties": { "geogrid_id": "3042115836174280607", "seqnum": 58913.0, "lat_c": -42.115836372249163, "lon_c": 174.28060691987775, "res": 8.0, "count_Ferns": 57, "count_Flowering Plants": 697, "count_Basidiomycota": 22, "count_Insects": 242, "count_Arachnids": 20, "count_Gymnosperms": 16, "count_Mosses": 11, "count_Mammals": 22, "count_Molluscs": 131, "count_Birds": 106, "count_Sac Fungi": 45, "count_Reptiles": 9, "count_Amphibians": 1, "unique_species_count": 1379.0, "countryCode": "NZ" }, "geometry": { "type": "MultiPolygon", "coordinates": [ [ [ [ 174.396552815553662, -41.642723033890874 ], [ 174.928986004671629, -41.899508944991489 ], [ 174.816221373929835, -42.372759231828397 ], [ 174.161945661218823, -42.588759602580517 ], [ 173.627876093749705, -42.328942093209427 ], [ 173.749662475996615, -41.856174929841806 ], [ 174.396552815553662, -41.642723033890874 ] ] ] ] } },
{ "type": "Feature", "properties": { "geogrid_id": "3042153530175466037", "seqnum": 58994.0, "lat_c": -42.153530058302891, "lon_c": 175.46603697525782, "res": 8.0, "count_Ferns": 0, "count_Flowering Plants": 1, "count_Basidiomycota": 0, "count_Insects": 0, "count_Arachnids": 0, "count_Gymnosperms": 0, "count_Mosses": 0, "count_Mammals": 5, "count_Molluscs": 8, "count_Birds": 9, "count_Sac Fungi": 0, "count_Reptiles": 0, "count_Amphibians": 0, "unique_species_count": 23.0, "countryCode": "NZ" }, "geometry": { "type": "MultiPolygon", "coordinates": [ [ [ [ 175.573099476115402, -41.680020766549475 ], [ 176.111482069147939, -41.931134502095219 ], [ 176.007758058265381, -42.404741903042733 ], [ 175.356561020637031, -42.626899208690801 ], [ 174.816221373929835, -42.372759231828397 ], [ 174.928986004671629, -41.899508944991489 ], [ 175.573099476115402, -41.680020766549475 ] ] ] ] } },
{ "type": "Feature", "properties": { "geogrid_id": "3042163243165236496", "seqnum": 58264.0, "lat_c": -42.163243210804495, "lon_c": 165.23649577292102, "res": 8.0, "count_Ferns": 0, "count_Flowering Plants": 0, "count_Basidiomycota": 0, "count_Insects": 0, "count_Arachnids": 0, "count_Gymnosperms": 0, "count_Mosses": 0, "count_Mammals": 1, "count_Molluscs": 0, "count_Birds": 2, "count_Sac Fungi": 0, "count_Reptiles": 0, "count_Amphibians": 0, "unique_species_count": 3.0, "countryCode": "NZ" }, "geometry": { "type": "MultiPolygon", "coordinates": [ [ [ [ 165.425860436152192, -41.698393663134354 ], [ 165.912053860352103, -41.99476556105963 ], [ 165.724474129228099, -42.459910291892811 ], [ 165.041235444233308, -42.626977422399044 ], [ 164.556171839230785, -42.327782993420833 ], [ 164.753111602815665, -41.864342044817825 ], [ 165.425860436152192, -41.698393663134354 ] ] ] ] } },
{ "type": "Feature", "properties": { "geogrid_id": "3042179413176654479", "seqnum": 63668.0, "lat_c": -42.179413460241889, "lon_c": 176.65447923476637, "res": 8.0, "count_Ferns": 0, "count_Flowering Plants": 0, "count_Basidiomycota": 0, "count_Insects": 0, "count_Arachnids": 0, "count_Gymnosperms": 0, "count_Mosses": 0, "count_Mammals": 1, "count_Molluscs": 3, "count_Birds": 0, "count_Sac Fungi": 0, "count_Reptiles": 0, "count_Amphibians": 0, "unique_species_count": 4.0, "countryCode": "NZ" }, "geometry": { "type": "MultiPolygon", "coordinates": [ [ [ [ 177.304911798673857, -41.963732572095175 ], [ 177.206182498194039, -42.431163415610229 ], [ 176.554199649455114, -42.653099252891451 ], [ 176.007758058265381, -42.404741903042733 ], [ 176.111482069147939, -41.931134502095219 ], [ 176.756609755544133, -41.712058372399802 ], [ 177.304911798673857, -41.963732572095175 ] ] ] ] } },
{ "type": "Feature", "properties": { "geogrid_id": "3042212316177857994", "seqnum": 63750.0, "lat_c": -42.21231576910931, "lon_c": 177.85799379991093, "res": 8.0, "count_Ferns": 0, "count_Flowering Plants": 0, "count_Basidiomycota": 0, "count_Insects": 0, "count_Arachnids": 0, "count_Gymnosperms": 0, "count_Mosses": 0, "count_Mammals": 0, "count_Molluscs": 2, "count_Birds": 1, "count_Sac Fungi": 0, "count_Reptiles": 0, "count_Amphibians": 0, "unique_species_count": 3.0, "countryCode": "NZ" }, "geometry": { "type": "MultiPolygon", "coordinates": [ [ [ [ 178.505732018655948, -41.990156455064174 ], [ 178.415910864169689, -42.457665012355228 ], [ 177.762745071402918, -42.679795491372303 ], [ 177.206182498194039, -42.431163415610229 ], [ 177.304911798673857, -41.963732572095175 ], [ 177.95132088323416, -41.744807710701345 ], [ 178.505732018655948, -41.990156455064174 ] ] ] ] } },
{ "type": "Feature", "properties": { "geogrid_id": "3042232147179064952", "seqnum": 63832.0, "lat_c": -42.232147403503475, "lon_c": 179.06495198623836, "res": 8.0, "count_Ferns": 0, "count_Flowering Plants": 0, "count_Basidiomycota": 0, "count_Insects": 0, "count_Arachnids": 0, "count_Gymnosperms": 0, "count_Mosses": 0, "count_Mammals": 0, "count_Molluscs": 3, "count_Birds": 0, "count_Sac Fungi": 0, "count_Reptiles": 0, "count_Amphibians": 0, "unique_species_count": 3.0, "countryCode": "NZ" }, "geometry": { "type": "MultiPolygon", "coordinates": [ [ [ [ 179.709915026998402, -42.003216938244073 ], [ 179.629025491907356, -42.470621041288645 ], [ 178.978713038437604, -42.699629562250998 ], [ 178.415910864169689, -42.457665012355228 ], [ 178.505732018655948, -41.990156455064174 ], [ 179.149442210606566, -41.764668064983063 ], [ 179.709915026998402, -42.003216938244073 ] ] ] ] } },
{ "type": "Feature", "properties": { "geogrid_id": "3042288871166402811", "seqnum": 58345.0, "lat_c": -42.288870741327614, "lon_c": 166.40281050718264, "res": 8.0, "count_Ferns": 0, "count_Flowering Plants": 0, "count_Basidiomycota": 0, "count_Insects": 0, "count_Arachnids": 0, "count_Gymnosperms": 0, "count_Mosses": 0, "count_Mammals": 1, "count_Molluscs": 0, "count_Birds": 3, "count_Sac Fungi": 0, "count_Reptiles": 0, "count_Amphibians": 0, "unique_species_count": 4.0, "countryCode": "NZ" }, "geometry": { "type": "MultiPolygon", "coordinates": [ [ [ [ 166.583032088050089, -41.822485225146302 ], [ 167.076433722954249, -42.113997127211945 ], [ 166.89821812086123, -42.580674575345974 ], [ 166.217137004060163, -42.754309582989237 ], [ 165.724474129228099, -42.459910291892811 ], [ 165.912053860352103, -41.99476556105963 ], [ 166.583032088050089, -41.822485225146302 ] ] ] ] } },
{ "type": "Feature", "properties": { "geogrid_id": "3042403176167574453", "seqnum": 58426.0, "lat_c": -42.403175633882171, "lon_c": 167.57445260750188, "res": 8.0, "count_Ferns": 0, "count_Flowering Plants": 0, "count_Basidiomycota": 0, "count_Insects": 0, "count_Arachnids": 1, "count_Gymnosperms": 0, "count_Mosses": 0, "count_Mammals": 1, "count_Molluscs": 0, "count_Birds": 1, "count_Sac Fungi": 0, "count_Reptiles": 0, "count_Amphibians": 0, "unique_species_count": 3.0, "countryCode": "NZ" }, "geometry": { "type": "MultiPolygon", "coordinates": [ [ [ [ 167.745508003373232, -41.935409166047521 ], [ 168.246007991829913, -42.221935341768834 ], [ 168.077172234592837, -42.689984222337813 ], [ 167.398362886274498, -42.870141339606761 ], [ 166.89821812086123, -42.580674575345974 ], [ 167.076433722954249, -42.113997127211945 ], [ 167.745508003373232, -41.935409166047521 ] ] ] ] } },
{ "type": "Feature", "properties": { "geogrid_id": "3042506060168751172", "seqnum": 58507.0, "lat_c": -42.506060106381966, "lon_c": 168.75117194078319, "res": 8.0, "count_Ferns": 0, "count_Flowering Plants": 0, "count_Basidiomycota": 0, "count_Insects": 0, "count_Arachnids": 0, "count_Gymnosperms": 0, "count_Mosses": 0, "count_Mammals": 1, "count_Molluscs": 3, "count_Birds": 5, "count_Sac Fungi": 0, "count_Reptiles": 0, "count_Amphibians": 0, "unique_species_count": 9.0, "countryCode": "NZ" }, "geometry": { "type": "MultiPolygon", "coordinates": [ [ [ [ 168.913031381125364, -42.037061148475154 ], [ 169.420512503614844, -42.318479031007953 ], [ 169.26107902744576, -42.78774520203239 ], [ 168.584674556581405, -42.974385318818022 ], [ 168.077172234592837, -42.689984222337813 ], [ 168.246007991829913, -42.221935341768834 ], [ 168.913031381125364, -42.037061148475154 ] ] ] ] } },
{ "type": "Feature", "properties": { "geogrid_id": "3042597426169932697", "seqnum": 58588.0, "lat_c": -42.597426313461739, "lon_c": 169.93269669878237, "res": 8.0, "count_Ferns": 1, "count_Flowering Plants": 20, "count_Basidiomycota": 0, "count_Insects": 0, "count_Arachnids": 0, "count_Gymnosperms": 0, "count_Mosses": 1, "count_Mammals": 5, "count_Molluscs": 21, "count_Birds": 11, "count_Sac Fungi": 1, "count_Reptiles": 0, "count_Amphibians": 0, "unique_species_count": 60.0, "countryCode": "NZ" }, "geometry": { "type": "MultiPolygon", "coordinates": [ [ [ [ 170.085327530950337, -42.127338578760671 ], [ 170.599664630118212, -42.403528579188738 ], [ 170.449658746631656, -42.873863148039725 ], [ 169.775806872920128, -43.066951357708028 ], [ 169.26107902744576, -42.78774520203239 ], [ 169.420512503614844, -42.318479031007953 ], [ 170.085327530950337, -42.127338578760671 ] ] ] ] } },
{ "type": "Feature", "properties": { "geogrid_id": "3042677178171118736", "seqnum": 58669.0, "lat_c": -42.677177790199273, "lon_c": 171.11873609116589, "res": 8.0, "count_Ferns": 65, "count_Flowering Plants": 1086, "count_Basidiomycota": 250, "count_Insects": 921, "count_Arachnids": 75, "count_Gymnosperms": 26, "count_Mosses": 134, "count_Mammals": 17, "count_Molluscs": 136, "count_Birds": 95, "count_Sac Fungi": 131, "count_Reptiles": 2, "count_Amphibians": 0, "unique_species_count": 2938.0, "countryCode": "NZ" }, "geometry": { "type": "MultiPolygon", "coordinates": [ [ [ [ 171.262105793251749, -42.20614154147281 ], [ 171.783165372690689, -42.476986951195897 ], [ 171.642612203089499, -42.948244908754759 ], [ 170.971471828014188, -43.147748708040233 ], [ 170.449658746631656, -42.873863148039725 ], [ 170.599664630118212, -42.403528579188738 ], [ 171.262105793251749, -42.20614154147281 ] ] ] ] } },
{ "type": "Feature", "properties": { "geogrid_id": "3042745221172308983", "seqnum": 58750.0, "lat_c": -42.745220559231036, "lon_c": 172.30898260607768, "res": 8.0, "count_Ferns": 58, "count_Flowering Plants": 1022, "count_Basidiomycota": 229, "count_Insects": 715, "count_Arachnids": 70, "count_Gymnosperms": 33, "count_Mosses": 90, "count_Mammals": 13, "count_Molluscs": 11, "count_Birds": 60, "count_Sac Fungi": 209, "count_Reptiles": 2, "count_Amphibians": 2, "unique_species_count": 2514.0, "countryCode": "NZ" }, "geometry": { "type": "MultiPolygon", "coordinates": [ [ [ [ 172.443061218542169, -42.273373539579929 ], [ 172.97070119125766, -42.538760497836371 ], [ 172.83962319003146, -43.010799734449961 ], [ 172.171361590974612, -43.216687685544912 ], [ 171.642612203089499, -42.948244908754759 ], [ 171.783165372690689, -42.476986951195897 ], [ 172.443061218542169, -42.273373539579929 ] ] ] ] } },
{ "type": "Feature", "properties": { "geogrid_id": "3042789910164352875", "seqnum": 58182.0, "lat_c": -42.78991044931999, "lon_c": 164.35287505087851, "res": 8.0, "count_Ferns": 0, "count_Flowering Plants": 0, "count_Basidiomycota": 0, "count_Insects": 0, "count_Arachnids": 0, "count_Gymnosperms": 0, "count_Mosses": 0, "count_Mammals": 1, "count_Molluscs": 0, "count_Birds": 0, "count_Sac Fungi": 0, "count_Reptiles": 0, "count_Amphibians": 0, "unique_species_count": 1.0, "countryCode": "NZ" }, "geometry": { "type": "MultiPolygon", "coordinates": [ [ [ [ 164.556171839230785, -42.327782993420833 ], [ 165.041235444233308, -42.626977422399044 ], [ 164.83963659963527, -43.089399356086687 ], [ 164.142737372788162, -43.250495703877149 ], [ 163.659136634852814, -42.948518247497951 ], [ 163.870865344716918, -42.488226421212445 ], [ 164.556171839230785, -42.327782993420833 ] ] ] ] } },
{ "type": "Feature", "properties": { "geogrid_id": "3042801464173503114", "seqnum": 58831.0, "lat_c": -42.801463998844454, "lon_c": 173.50311398394737, "res": 8.0, "count_Ferns": 49, "count_Flowering Plants": 693, "count_Basidiomycota": 220, "count_Insects": 406, "count_Arachnids": 38, "count_Gymnosperms": 13, "count_Mosses": 19, "count_Mammals": 31, "count_Molluscs": 179, "count_Birds": 107, "count_Sac Fungi": 100, "count_Reptiles": 1, "count_Amphibians": 2, "unique_species_count": 1858.0, "countryCode": "NZ" }, "geometry": { "type": "MultiPolygon", "coordinates": [ [ [ [ 173.627876093749705, -42.328942093209427 ], [ 174.161945661218823, -42.588759602580517 ], [ 174.040360596316418, -43.061440205129422 ], [ 173.375151075681913, -43.273680931836275 ], [ 172.83962319003146, -43.010799734449961 ], [ 172.97070119125766, -42.538760497836371 ], [ 173.627876093749705, -42.328942093209427 ] ] ] ] } },
{ "type": "Feature", "properties": { "geogrid_id": "3042845822174700795", "seqnum": 58912.0, "lat_c": -42.845821536107302, "lon_c": 174.70079500206941, "res": 8.0, "count_Ferns": 0, "count_Flowering Plants": 0, "count_Basidiomycota": 0, "count_Insects": 0, "count_Arachnids": 0, "count_Gymnosperms": 0, "count_Mosses": 0, "count_Mammals": 5, "count_Molluscs": 17, "count_Birds": 11, "count_Sac Fungi": 1, "count_Reptiles": 0, "count_Amphibians": 0, "unique_species_count": 34.0, "countryCode": "NZ" }, "geometry": { "type": "MultiPolygon", "coordinates": [ [ [ [ 174.816221373929835, -42.372759231828397 ], [ 175.356561020637031, -42.626899208690801 ], [ 175.244480315441365, -43.100082967899446 ], [ 174.58250018840414, -43.31864439844491 ], [ 174.040360596316418, -43.061440205129422 ], [ 174.161945661218823, -42.588759602580517 ], [ 174.816221373929835, -42.372759231828397 ] ] ] ] } },
{ "type": "Feature", "properties": { "geogrid_id": "3042878211175901679", "seqnum": 58993.0, "lat_c": -42.87821120777464, "lon_c": 175.90167913559503, "res": 8.0, "count_Ferns": 0, "count_Flowering Plants": 1, "count_Basidiomycota": 0, "count_Insects": 0, "count_Arachnids": 0, "count_Gymnosperms": 0, "count_Mosses": 0, "count_Mammals": 3, "count_Molluscs": 35, "count_Birds": 6, "count_Sac Fungi": 0, "count_Reptiles": 0, "count_Amphibians": 0, "unique_species_count": 45.0, "countryCode": "NZ" }, "geometry": { "type": "MultiPolygon", "coordinates": [ [ [ [ 176.007758058265381, -42.404741903042733 ], [ 176.554199649455114, -42.653099252891451 ], [ 176.451627018286274, -43.126649330043023 ], [ 175.793055857718088, -43.351498125829693 ], [ 175.244480315441365, -43.100082967899446 ], [ 175.356561020637031, -42.626899208690801 ], [ 176.007758058265381, -42.404741903042733 ] ] ] ] } },
{ "type": "Feature", "properties": { "geogrid_id": "3042898556177105410", "seqnum": 63749.0, "lat_c": -42.898556120149813, "lon_c": 177.10541013974324, "res": 8.0, "count_Ferns": 0, "count_Flowering Plants": 0, "count_Basidiomycota": 0, "count_Insects": 0, "count_Arachnids": 0, "count_Gymnosperms": 0, "count_Mosses": 0, "count_Mammals": 2, "count_Molluscs": 22, "count_Birds": 9, "count_Sac Fungi": 0, "count_Reptiles": 0, "count_Amphibians": 0, "unique_species_count": 33.0, "countryCode": "NZ" }, "geometry": { "type": "MultiPolygon", "coordinates": [ [ [ [ 177.762745071402918, -42.679795491372303 ], [ 177.665506323724628, -43.147258574347887 ], [ 177.006453916684421, -43.372166866638587 ], [ 176.451627018286274, -43.126649330043023 ], [ 176.554199649455114, -42.653099252891451 ], [ 177.206182498194039, -42.431163415610229 ], [ 177.762745071402918, -42.679795491372303 ] ] ] ] } },
{ "type": "Feature", "properties": { "geogrid_id": "3042923939165531017", "seqnum": 58263.0, "lat_c": -42.92393937050813, "lon_c": 165.53101712691998, "res": 8.0, "count_Ferns": 0, "count_Flowering Plants": 0, "count_Basidiomycota": 0, "count_Insects": 0, "count_Arachnids": 0, "count_Gymnosperms": 0, "count_Mosses": 0, "count_Mammals": 2, "count_Molluscs": 0, "count_Birds": 6, "count_Sac Fungi": 0, "count_Reptiles": 0, "count_Amphibians": 0, "unique_species_count": 8.0, "countryCode": "NZ" }, "geometry": { "type": "MultiPolygon", "coordinates": [ [ [ [ 165.724474129228099, -42.459910291892811 ], [ 166.217137004060163, -42.754309582989237 ], [ 166.025608161184977, -43.218634822682439 ], [ 165.331243592231431, -43.386660002424108 ], [ 164.83963659963527, -43.089399356086687 ], [ 165.041235444233308, -42.626977422399044 ], [ 165.724474129228099, -42.459910291892811 ] ] ] ] } },
{ "type": "Feature", "properties": { "geogrid_id": "3042925167178324222", "seqnum": 63831.0, "lat_c": -42.925166906758818, "lon_c": 178.32422196276681, "res": 8.0, "count_Ferns": 0, "count_Flowering Plants": 0, "count_Basidiomycota": 0, "count_Insects": 0, "count_Arachnids": 0, "count_Gymnosperms": 0, "count_Mosses": 0, "count_Mammals": 1, "count_Molluscs": 16, "count_Birds": 6, "count_Sac Fungi": 1, "count_Reptiles": 0, "count_Amphibians": 0, "unique_species_count": 24.0, "countryCode": "NZ" }, "geometry": { "type": "MultiPolygon", "coordinates": [ [ [ [ 178.978713038437604, -42.699629562250998 ], [ 178.89066299862705, -43.167127248527429 ], [ 178.230598869472971, -43.392674152367569 ], [ 177.665506323724628, -43.147258574347887 ], [ 177.762745071402918, -42.679795491372303 ], [ 178.415910864169689, -42.457665012355228 ], [ 178.978713038437604, -42.699629562250998 ] ] ] ] } },
{ "type": "Feature", "properties": { "geogrid_id": "3042938050179546445", "seqnum": 63913.0, "lat_c": -42.938050426493199, "lon_c": 179.54644459330413, "res": 8.0, "count_Ferns": 0, "count_Flowering Plants": 0, "count_Basidiomycota": 0, "count_Insects": 0, "count_Arachnids": 0, "count_Gymnosperms": 0, "count_Mosses": 0, "count_Mammals": 2, "count_Molluscs": 29, "count_Birds": 5, "count_Sac Fungi": 0, "count_Reptiles": 0, "count_Amphibians": 0, "unique_species_count": 36.0, "countryCode": "NZ" }, "geometry": { "type": "MultiPolygon", "coordinates": [ [ [ [ 179.462112100401129, -43.405518028215212 ], [ 178.89066299862705, -43.167127248527429 ], [ 178.978713038437604, -42.699629562250998 ], [ 179.629025491907356, -42.470621041288645 ], [ 180.0, -42.623706489815653 ], [ 180.0, -43.214967242463089 ], [ 179.462112100401129, -43.405518028215212 ] ] ], [ [ [ -179.802009194959197, -42.705408899368621 ], [ -179.880856768618685, -43.172759867332161 ], [ -180.0, -43.214967242463089 ], [ -180.0, -42.623706489815653 ], [ -179.802009194959197, -42.705408899368621 ] ] ] ] } },
{ "type": "Feature", "properties": { "geogrid_id": "3043046406166714573", "seqnum": 58344.0, "lat_c": -43.046406200971056, "lon_c": 166.71457318652838, "res": 8.0, "count_Ferns": 0, "count_Flowering Plants": 0, "count_Basidiomycota": 0, "count_Insects": 0, "count_Arachnids": 0, "count_Gymnosperms": 0, "count_Mosses": 0, "count_Mammals": 1, "count_Molluscs": 0, "count_Birds": 1, "count_Sac Fungi": 0, "count_Reptiles": 0, "count_Amphibians": 0, "unique_species_count": 2.0, "countryCode": "NZ" }, "geometry": { "type": "MultiPolygon", "coordinates": [ [ [ [ 166.89821812086123, -42.580674575345974 ], [ 167.398362886274498, -42.870141339606761 ], [ 167.216869979597249, -43.336164061440968 ], [ 166.525098371116542, -43.51102847752648 ], [ 166.025608161184977, -43.218634822682439 ], [ 166.217137004060163, -42.754309582989237 ], [ 166.89821812086123, -42.580674575345974 ] ] ] ] } },
{ "type": "Feature", "properties": { "geogrid_id": "3043157234167903329", "seqnum": 58425.0, "lat_c": -43.1572341878123, "lon_c": 167.90332947262297, "res": 8.0, "count_Ferns": 0, "count_Flowering Plants": 0, "count_Basidiomycota": 0, "count_Insects": 0, "count_Arachnids": 0, "count_Gymnosperms": 0, "count_Mosses": 0, "count_Mammals": 3, "count_Molluscs": 4, "count_Birds": 10, "count_Sac Fungi": 0, "count_Reptiles": 0, "count_Amphibians": 0, "unique_species_count": 17.0, "countryCode": "NZ" }, "geometry": { "type": "MultiPolygon", "coordinates": [ [ [ [ 168.077172234592837, -42.689984222337813 ], [ 168.584674556581405, -42.974385318818022 ], [ 168.413201060091126, -43.441915128290574 ], [ 167.724113238373121, -43.623545860367351 ], [ 167.216869979597249, -43.336164061440968 ], [ 167.398362886274498, -42.870141339606761 ], [ 168.077172234592837, -42.689984222337813 ] ] ] ] } },
{ "type": "Feature", "properties": { "geogrid_id": "3043256340169097040", "seqnum": 58506.0, "lat_c": -43.256340272988211, "lon_c": 169.09704000119848, "res": 8.0, "count_Ferns": 0, "count_Flowering Plants": 2, "count_Basidiomycota": 0, "count_Insects": 0, "count_Arachnids": 0, "count_Gymnosperms": 0, "count_Mosses": 1, "count_Mammals": 3, "count_Molluscs": 17, "count_Birds": 5, "count_Sac Fungi": 0, "count_Reptiles": 0, "count_Amphibians": 0, "unique_species_count": 28.0, "countryCode": "NZ" }, "geometry": { "type": "MultiPolygon", "coordinates": [ [ [ [ 169.26107902744576, -42.78774520203239 ], [ 169.775806872920128, -43.066951357708028 ], [ 169.614347473142516, -43.535809336998462 ], [ 168.928059350769843, -43.724145005843937 ], [ 168.413201060091126, -43.441915128290574 ], [ 168.584674556581405, -42.974385318818022 ], [ 169.26107902744576, -42.78774520203239 ] ] ] ] } },
{ "type": "Feature", "properties": { "geogrid_id": "3043343638170295432", "seqnum": 58587.0, "lat_c": -43.343638266378328, "lon_c": 170.29543153525208, "res": 8.0, "count_Ferns": 64, "count_Flowering Plants": 936, "count_Basidiomycota": 119, "count_Insects": 602, "count_Arachnids": 45, "count_Gymnosperms": 23, "count_Mosses": 58, "count_Mammals": 16, "count_Molluscs": 26, "count_Birds": 79, "count_Sac Fungi": 109, "count_Reptiles": 3, "count_Amphibians": 0, "unique_species_count": 2080.0, "countryCode": "NZ" }, "geometry": { "type": "MultiPolygon", "coordinates": [ [ [ [ 170.449658746631656, -42.873863148039725 ], [ 170.971471828014188, -43.147748708040233 ], [ 170.82002749018622, -43.617764566326983 ], [ 170.136674342230435, -43.812751648571144 ], [ 169.614347473142516, -43.535809336998462 ], [ 169.775806872920128, -43.066951357708028 ], [ 170.449658746631656, -42.873863148039725 ] ] ] ] } },
{ "type": "Feature", "properties": { "geogrid_id": "3043406998163440017", "seqnum": 58100.0, "lat_c": -43.406997522685245, "lon_c": 163.44001724269313, "res": 8.0, "count_Ferns": 0, "count_Flowering Plants": 0, "count_Basidiomycota": 0, "count_Insects": 0, "count_Arachnids": 0, "count_Gymnosperms": 0, "count_Mosses": 0, "count_Mammals": 0, "count_Molluscs": 0, "count_Birds": 6, "count_Sac Fungi": 0, "count_Reptiles": 0, "count_Amphibians": 0, "unique_species_count": 6.0, "countryCode": "NZ" }, "geometry": { "type": "MultiPolygon", "coordinates": [ [ [ [ 163.659136634852814, -42.948518247497951 ], [ 164.142737372788162, -43.250495703877149 ], [ 163.925234335632609, -43.709278596346742 ], [ 163.212931742120361, -43.863359959930662 ], [ 162.731119794740664, -43.558626552203982 ], [ 162.959718610465359, -43.102572197279713 ], [ 163.659136634852814, -42.948518247497951 ] ] ] ] } },
{ "type": "Feature", "properties": { "geogrid_id": "3043419041171498207", "seqnum": 58668.0, "lat_c": -43.419041168080113, "lon_c": 171.49820749870395, "res": 8.0, "count_Ferns": 54, "count_Flowering Plants": 1212, "count_Basidiomycota": 238, "count_Insects": 746, "count_Arachnids": 79, "count_Gymnosperms": 58, "count_Mosses": 103, "count_Mammals": 17, "count_Molluscs": 15, "count_Birds": 64, "count_Sac Fungi": 275, "count_Reptiles": 2, "count_Amphibians": 0, "unique_species_count": 2863.0, "countryCode": "NZ" }, "geometry": { "type": "MultiPolygon", "coordinates": [ [ [ [ 171.642612203089499, -42.948244908754759 ], [ 172.171361590974612, -43.216687685544912 ], [ 172.029935652781177, -43.687697688106574 ], [ 171.349667600284334, -43.889287826168307 ], [ 170.82002749018622, -43.617764566326983 ], [ 170.971471828014188, -43.147748708040233 ], [ 171.642612203089499, -42.948244908754759 ] ] ] ] } },
{ "type": "Feature", "properties": { "geogrid_id": "3043482463172705051", "seqnum": 58749.0, "lat_c": -43.482462908472421, "lon_c": 172.70505117428365, "res": 8.0, "count_Ferns": 76, "count_Flowering Plants": 2239, "count_Basidiomycota": 544, "count_Insects": 1664, "count_Arachnids": 152, "count_Gymnosperms": 56, "count_Mosses": 130, "count_Mammals": 33, "count_Molluscs": 228, "count_Birds": 151, "count_Sac Fungi": 476, "count_Reptiles": 8, "count_Amphibians": 1, "unique_species_count": 5758.0, "countryCode": "NZ" }, "geometry": { "type": "MultiPolygon", "coordinates": [ [ [ [ 172.83962319003146, -43.010799734449961 ], [ 173.375151075681913, -43.273680931836275 ], [ 173.24374611576178, -43.745526389600094 ], [ 172.566724475828977, -43.953674400805198 ], [ 172.029935652781177, -43.687697688106574 ], [ 172.171361590974612, -43.216687685544912 ], [ 172.83962319003146, -43.010799734449961 ] ] ] ] } },
{ "type": "Feature", "properties": { "geogrid_id": "3043533820173915628", "seqnum": 58830.0, "lat_c": -43.533819679324999, "lon_c": 173.91562841385354, "res": 8.0, "count_Ferns": 1, "count_Flowering Plants": 0, "count_Basidiomycota": 0, "count_Insects": 0, "count_Arachnids": 0, "count_Gymnosperms": 0, "count_Mosses": 1, "count_Mammals": 5, "count_Molluscs": 49, "count_Birds": 15, "count_Sac Fungi": 3, "count_Reptiles": 0, "count_Amphibians": 0, "unique_species_count": 74.0, "countryCode": "NZ" }, "geometry": { "type": "MultiPolygon", "coordinates": [ [ [ [ 174.040360596316418, -43.061440205129422 ], [ 174.58250018840414, -43.31864439844491 ], [ 174.461115491970673, -43.791170567841398 ], [ 173.787509761361463, -44.00583295525918 ], [ 173.24374611576178, -43.745526389600094 ], [ 173.375151075681913, -43.273680931836275 ], [ 174.040360596316418, -43.061440205129422 ] ] ] ] } },
{ "type": "Feature", "properties": { "geogrid_id": "3043550286164631220", "seqnum": 58181.0, "lat_c": -43.550285521465966, "lon_c": 164.63121986743315, "res": 8.0, "count_Ferns": 0, "count_Flowering Plants": 0, "count_Basidiomycota": 0, "count_Insects": 0, "count_Arachnids": 0, "count_Gymnosperms": 0, "count_Mosses": 0, "count_Mammals": 0, "count_Molluscs": 0, "count_Birds": 14, "count_Sac Fungi": 0, "count_Reptiles": 0, "count_Amphibians": 0, "unique_species_count": 14.0, "countryCode": "NZ" }, "geometry": { "type": "MultiPolygon", "coordinates": [ [ [ [ 164.83963659963527, -43.089399356086687 ], [ 165.331243592231431, -43.386660002424108 ], [ 165.124678500981844, -43.847853944041077 ], [ 164.415466219853926, -44.009382361249827 ], [ 163.925234335632609, -43.709278596346742 ], [ 164.142737372788162, -43.250495703877149 ], [ 164.83963659963527, -43.089399356086687 ] ] ] ] } },
{ "type": "Feature", "properties": { "geogrid_id": "3043573031175129590", "seqnum": 58911.0, "lat_c": -43.573030970000815, "lon_c": 175.1295900149737, "res": 8.0, "count_Ferns": 0, "count_Flowering Plants": 0, "count_Basidiomycota": 0, "count_Insects": 0, "count_Arachnids": 0, "count_Gymnosperms": 0, "count_Mosses": 0, "count_Mammals": 6, "count_Molluscs": 18, "count_Birds": 7, "count_Sac Fungi": 0, "count_Reptiles": 0, "count_Amphibians": 0, "unique_species_count": 31.0, "countryCode": "NZ" }, "geometry": { "type": "MultiPolygon", "coordinates": [ [ [ [ 175.244480315441365, -43.100082967899446 ], [ 175.793055857718088, -43.351498125829693 ], [ 175.681685352585447, -43.824553413680633 ], [ 175.011670663018066, -44.04568724431045 ], [ 174.461115491970673, -43.791170567841398 ], [ 174.58250018840414, -43.31864439844491 ], [ 175.244480315441365, -43.100082967899446 ] ] ] ] } },
{ "type": "Feature", "properties": { "geogrid_id": "3043600020176346574", "seqnum": 58992.0, "lat_c": -43.600020385145015, "lon_c": 176.34657386815607, "res": 8.0, "count_Ferns": 1, "count_Flowering Plants": 3, "count_Basidiomycota": 0, "count_Insects": 0, "count_Arachnids": 0, "count_Gymnosperms": 0, "count_Mosses": 0, "count_Mammals": 3, "count_Molluscs": 32, "count_Birds": 8, "count_Sac Fungi": 0, "count_Reptiles": 0, "count_Amphibians": 0, "unique_species_count": 47.0, "countryCode": "NZ" }, "geometry": { "type": "MultiPolygon", "coordinates": [ [ [ [ 176.451627018286274, -43.126649330043023 ], [ 177.006453916684421, -43.372166866638587 ], [ 176.905084488064375, -43.845602264898517 ], [ 176.238839419647206, -44.07316432207508 ], [ 175.681685352585447, -43.824553413680633 ], [ 175.793055857718088, -43.351498125829693 ], [ 176.451627018286274, -43.126649330043023 ] ] ] ] } },
{ "type": "Feature", "properties": { "geogrid_id": "3043614716177566207", "seqnum": 63830.0, "lat_c": -43.614716298103325, "lon_c": 177.56620694669772, "res": 8.0, "count_Ferns": 0, "count_Flowering Plants": 0, "count_Basidiomycota": 0, "count_Insects": 0, "count_Arachnids": 0, "count_Gymnosperms": 0, "count_Mosses": 0, "count_Mammals": 3, "count_Molluscs": 12, "count_Birds": 3, "count_Sac Fungi": 1, "count_Reptiles": 0, "count_Amphibians": 0, "unique_species_count": 19.0, "countryCode": "NZ" }, "geometry": { "type": "MultiPolygon", "coordinates": [ [ [ [ 178.230598869472971, -43.392674152367569 ], [ 178.134972927417863, -43.860198348065559 ], [ 177.468635673806205, -44.088195427071796 ], [ 176.905084488064375, -43.845602264898517 ], [ 177.006453916684421, -43.372166866638587 ], [ 177.665506323724628, -43.147258574347887 ], [ 178.230598869472971, -43.392674152367569 ] ] ] ] } },
{ "type": "Feature", "properties": { "geogrid_id": "3043634653178800737", "seqnum": 63912.0, "lat_c": -43.634652751867861, "lon_c": 178.80073747030187, "res": 8.0, "count_Ferns": 0, "count_Flowering Plants": 0, "count_Basidiomycota": 0, "count_Insects": 0, "count_Arachnids": 0, "count_Gymnosperms": 0, "count_Mosses": 0, "count_Mammals": 1, "count_Molluscs": 19, "count_Birds": 13, "count_Sac Fungi": 0, "count_Reptiles": 0, "count_Amphibians": 0, "unique_species_count": 33.0, "countryCode": "NZ" }, "geometry": { "type": "MultiPolygon", "coordinates": [ [ [ [ 179.462112100401129, -43.405518028215212 ], [ 179.375965785763071, -43.873036366457846 ], [ 178.708869874410851, -44.102217949980485 ], [ 178.134972927417863, -43.860198348065559 ], [ 178.230598869472971, -43.392674152367569 ], [ 178.89066299862705, -43.167127248527429 ], [ 179.462112100401129, -43.405518028215212 ] ] ] ] } },
{ "type": "Feature", "properties": { "geogrid_id": "3043681658165827788", "seqnum": 58262.0, "lat_c": -43.68165787189249, "lon_c": 165.82778822620435, "res": 8.0, "count_Ferns": 0, "count_Flowering Plants": 0, "count_Basidiomycota": 0, "count_Insects": 0, "count_Arachnids": 0, "count_Gymnosperms": 0, "count_Mosses": 0, "count_Mammals": 1, "count_Molluscs": 1, "count_Birds": 3, "count_Sac Fungi": 0, "count_Reptiles": 0, "count_Amphibians": 0, "unique_species_count": 5.0, "countryCode": "NZ" }, "geometry": { "type": "MultiPolygon", "coordinates": [ [ [ [ 166.025608161184977, -43.218634822682439 ], [ 166.525098371116542, -43.51102847752648 ], [ 166.329361358877662, -43.974357065037502 ], [ 165.623206388254914, -44.143165745570911 ], [ 165.124678500981844, -43.847853944041077 ], [ 165.331243592231431, -43.386660002424108 ], [ 166.025608161184977, -43.218634822682439 ] ] ] ] } },
{ "type": "Feature", "properties": { "geogrid_id": "3043801084167029576", "seqnum": 58343.0, "lat_c": -43.801083734541209, "lon_c": 167.02957618164129, "res": 8.0, "count_Ferns": 1, "count_Flowering Plants": 0, "count_Basidiomycota": 0, "count_Insects": 0, "count_Arachnids": 0, "count_Gymnosperms": 0, "count_Mosses": 0, "count_Mammals": 3, "count_Molluscs": 0, "count_Birds": 2, "count_Sac Fungi": 0, "count_Reptiles": 0, "count_Amphibians": 0, "unique_species_count": 6.0, "countryCode": "NZ" }, "geometry": { "type": "MultiPolygon", "coordinates": [ [ [ [ 167.216869979597249, -43.336164061440968 ], [ 167.724113238373121, -43.623545860367351 ], [ 167.539128650150673, -44.088762684738143 ], [ 166.836052549992303, -44.264720296231509 ], [ 166.329361358877662, -43.974357065037502 ], [ 166.525098371116542, -43.51102847752648 ], [ 167.216869979597249, -43.336164061440968 ] ] ] ] } },
{ "type": "Feature", "properties": { "geogrid_id": "3043908513168236387", "seqnum": 58424.0, "lat_c": -43.908513059738468, "lon_c": 168.23638739108415, "res": 8.0, "count_Ferns": 48, "count_Flowering Plants": 451, "count_Basidiomycota": 17, "count_Insects": 189, "count_Arachnids": 17, "count_Gymnosperms": 16, "count_Mosses": 17, "count_Mammals": 11, "count_Molluscs": 65, "count_Birds": 42, "count_Sac Fungi": 21, "count_Reptiles": 0, "count_Amphibians": 0, "unique_species_count": 894.0, "countryCode": "NZ" }, "geometry": { "type": "MultiPolygon", "coordinates": [ [ [ [ 168.413201060091126, -43.441915128290574 ], [ 168.928059350769843, -43.724145005843937 ], [ 168.753775444002827, -44.191025876547236 ], [ 168.053841480595622, -44.374026103982978 ], [ 167.539128650150673, -44.088762684738143 ], [ 167.724113238373121, -43.623545860367351 ], [ 168.413201060091126, -43.441915128290574 ] ] ] ] } },
{ "type": "Feature", "properties": { "geogrid_id": "3044003883169447985", "seqnum": 58505.0, "lat_c": -44.003883487349469, "lon_c": 169.44798456488732, "res": 8.0, "count_Ferns": 61, "count_Flowering Plants": 909, "count_Basidiomycota": 121, "count_Insects": 577, "count_Arachnids": 47, "count_Gymnosperms": 22, "count_Mosses": 94, "count_Mammals": 21, "count_Molluscs": 38, "count_Birds": 81, "count_Sac Fungi": 65, "count_Reptiles": 2, "count_Amphibians": 1, "unique_species_count": 2039.0, "countryCode": "NZ" }, "geometry": { "type": "MultiPolygon", "coordinates": [ [ [ [ 169.614347473142516, -43.535809336998462 ], [ 170.136674342230435, -43.812751648571144 ], [ 169.973055423257108, -44.281089050572099 ], [ 169.276358971383246, -44.471043274575045 ], [ 168.753775444002827, -44.191025876547236 ], [ 168.928059350769843, -43.724145005843937 ], [ 169.614347473142516, -43.535809336998462 ] ] ] ] } },
{ "type": "Feature", "properties": { "geogrid_id": "3044012191162493892", "seqnum": 58018.0, "lat_c": -44.012190696804645, "lon_c": 162.49389217907847, "res": 8.0, "count_Ferns": 0, "count_Flowering Plants": 0, "count_Basidiomycota": 0, "count_Insects": 0, "count_Arachnids": 0, "count_Gymnosperms": 0, "count_Mosses": 0, "count_Mammals": 2, "count_Molluscs": 0, "count_Birds": 0, "count_Sac Fungi": 0, "count_Reptiles": 0, "count_Amphibians": 0, "unique_species_count": 2.0, "countryCode": "NZ" }, "geometry": { "type": "MultiPolygon", "coordinates": [ [ [ [ 162.731119794740664, -43.558626552203982 ], [ 163.212931742120361, -43.863359959930662 ], [ 162.977255546687957, -44.317258508508601 ], [ 162.247347496613429, -44.462855287111054 ], [ 161.767615795736873, -44.155354582925611 ], [ 162.015621659396004, -43.705043384415205 ], [ 162.731119794740664, -43.558626552203982 ] ] ] ] } },
{ "type": "Feature", "properties": { "geogrid_id": "3044087125170664096", "seqnum": 58586.0, "lat_c": -44.087125217587399, "lon_c": 170.66409641888214, "res": 8.0, "count_Ferns": 43, "count_Flowering Plants": 835, "count_Basidiomycota": 110, "count_Insects": 466, "count_Arachnids": 57, "count_Gymnosperms": 22, "count_Mosses": 51, "count_Mammals": 18, "count_Molluscs": 9, "count_Birds": 70, "count_Sac Fungi": 87, "count_Reptiles": 2, "count_Amphibians": 0, "unique_species_count": 1770.0, "countryCode": "NZ" }, "geometry": { "type": "MultiPolygon", "coordinates": [ [ [ [ 170.82002749018622, -43.617764566326983 ], [ 171.349667600284334, -43.889287826168307 ], [ 171.196687917612991, -44.358886915751214 ], [ 170.503349116729453, -44.555718975767874 ], [ 169.973055423257108, -44.281089050572099 ], [ 170.136674342230435, -43.812751648571144 ], [ 170.82002749018622, -43.617764566326983 ] ] ] ] } },
{ "type": "Feature", "properties": { "geogrid_id": "3044158165171884423", "seqnum": 58667.0, "lat_c": -44.158164533136961, "lon_c": 171.88442307298786, "res": 8.0, "count_Ferns": 17, "count_Flowering Plants": 525, "count_Basidiomycota": 32, "count_Insects": 236, "count_Arachnids": 33, "count_Gymnosperms": 9, "count_Mosses": 11, "count_Mammals": 14, "count_Molluscs": 83, "count_Birds": 76, "count_Sac Fungi": 14, "count_Reptiles": 2, "count_Amphibians": 0, "unique_species_count": 1052.0, "countryCode": "NZ" }, "geometry": { "type": "MultiPolygon", "coordinates": [ [ [ [ 172.029935652781177, -43.687697688106574 ], [ 172.566724475828977, -43.953674400805198 ], [ 172.424363408139413, -44.424350084324253 ], [ 171.734521409124596, -44.627992468999288 ], [ 171.196687917612991, -44.358886915751214 ], [ 171.349667600284334, -43.889287826168307 ], [ 172.029935652781177, -43.687697688106574 ] ] ] ] } },
{ "type": "Feature", "properties": { "geogrid_id": "3044165963163699797", "seqnum": 58099.0, "lat_c": -44.16596322684596, "lon_c": 163.69979737835078, "res": 8.0, "count_Ferns": 0, "count_Flowering Plants": 0, "count_Basidiomycota": 0, "count_Insects": 0, "count_Arachnids": 0, "count_Gymnosperms": 0, "count_Mosses": 0, "count_Mammals": 2, "count_Molluscs": 0, "count_Birds": 1, "count_Sac Fungi": 0, "count_Reptiles": 0, "count_Amphibians": 0, "unique_species_count": 3.0, "countryCode": "NZ" }, "geometry": { "type": "MultiPolygon", "coordinates": [ [ [ [ 163.925234335632609, -43.709278596346742 ], [ 164.415466219853926, -44.009382361249827 ], [ 164.191813633194073, -44.466402246697555 ], [ 163.465810152394937, -44.620213061231333 ], [ 162.977255546687957, -44.317258508508601 ], [ 163.212931742120361, -43.863359959930662 ], [ 163.925234335632609, -43.709278596346742 ] ] ] ] } },
{ "type": "Feature", "properties": { "geogrid_id": "3044216926173108640", "seqnum": 58748.0, "lat_c": -44.216926402088639, "lon_c": 173.10864038839526, "res": 8.0, "count_Ferns": 41, "count_Flowering Plants": 290, "count_Basidiomycota": 45, "count_Insects": 120, "count_Arachnids": 17, "count_Gymnosperms": 7, "count_Mosses": 19, "count_Mammals": 13, "count_Molluscs": 66, "count_Birds": 58, "count_Sac Fungi": 55, "count_Reptiles": 1, "count_Amphibians": 0, "unique_species_count": 732.0, "countryCode": "NZ" }, "geometry": { "type": "MultiPolygon", "coordinates": [ [ [ [ 173.24374611576178, -43.745526389600094 ], [ 173.787509761361463, -44.00583295525918 ], [ 173.655747980129149, -44.477407744414556 ], [ 172.969556335422908, -44.687798780603885 ], [ 172.424363408139413, -44.424350084324253 ], [ 172.566724475828977, -43.953674400805198 ], [ 173.24374611576178, -43.745526389600094 ] ] ] ] } },
{ "type": "Feature", "properties": { "geogrid_id": "3044263336174336404", "seqnum": 58829.0, "lat_c": -44.263336439077598, "lon_c": 174.33640357155286, "res": 8.0, "count_Ferns": 0, "count_Flowering Plants": 0, "count_Basidiomycota": 0, "count_Insects": 0, "count_Arachnids": 0, "count_Gymnosperms": 0, "count_Mosses": 0, "count_Mammals": 1, "count_Molluscs": 9, "count_Birds": 6, "count_Sac Fungi": 0, "count_Reptiles": 0, "count_Amphibians": 0, "unique_species_count": 16.0, "countryCode": "NZ" }, "geometry": { "type": "MultiPolygon", "coordinates": [ [ [ [ 174.461115491970673, -43.791170567841398 ], [ 175.011670663018066, -44.04568724431045 ], [ 174.890487044361663, -44.517989677736828 ], [ 174.208109934965449, -44.735071432736127 ], [ 173.655747980129149, -44.477407744414556 ], [ 173.787509761361463, -44.00583295525918 ], [ 174.461115491970673, -43.791170567841398 ] ] ] ] } },
{ "type": "Feature", "properties": { "geogrid_id": "3044297322175567350", "seqnum": 58910.0, "lat_c": -44.297322407453905, "lon_c": 175.56735026687102, "res": 8.0, "count_Ferns": 0, "count_Flowering Plants": 0, "count_Basidiomycota": 0, "count_Insects": 0, "count_Arachnids": 0, "count_Gymnosperms": 0, "count_Mosses": 0, "count_Mammals": 3, "count_Molluscs": 13, "count_Birds": 8, "count_Sac Fungi": 0, "count_Reptiles": 0, "count_Amphibians": 0, "unique_species_count": 24.0, "countryCode": "NZ" }, "geometry": { "type": "MultiPolygon", "coordinates": [ [ [ [ 175.681685352585447, -43.824553413680633 ], [ 176.238839419647206, -44.07316432207508 ], [ 176.128208544296967, -44.546027806231024 ], [ 175.449817630456181, -44.769744509308829 ], [ 174.890487044361663, -44.517989677736828 ], [ 175.011670663018066, -44.04568724431045 ], [ 175.681685352585447, -43.824553413680633 ] ] ] ] } },
{ "type": "Feature", "properties": { "geogrid_id": "3044307274164910808", "seqnum": 58180.0, "lat_c": -44.307274203626513, "lon_c": 164.910808050078, "res": 8.0, "count_Ferns": 0, "count_Flowering Plants": 0, "count_Basidiomycota": 0, "count_Insects": 0, "count_Arachnids": 0, "count_Gymnosperms": 0, "count_Mosses": 0, "count_Mammals": 3, "count_Molluscs": 0, "count_Birds": 2, "count_Sac Fungi": 0, "count_Reptiles": 0, "count_Amphibians": 0, "unique_species_count": 5.0, "countryCode": "NZ" }, "geometry": { "type": "MultiPolygon", "coordinates": [ [ [ [ 165.124678500981844, -43.847853944041077 ], [ 165.623206388254914, -44.143165745570911 ], [ 165.411353869228037, -44.602917966138882 ], [ 164.689076450028807, -44.764641296750945 ], [ 164.191813633194073, -44.466402246697555 ], [ 164.415466219853926, -44.009382361249827 ], [ 165.124678500981844, -43.847853944041077 ] ] ] ] } },
{ "type": "Feature", "properties": { "geogrid_id": "3044318815176801103", "seqnum": 58991.0, "lat_c": -44.31881538519449, "lon_c": 176.80110328972651, "res": 8.0, "count_Ferns": 0, "count_Flowering Plants": 0, "count_Basidiomycota": 0, "count_Insects": 0, "count_Arachnids": 0, "count_Gymnosperms": 0, "count_Mosses": 0, "count_Mammals": 1, "count_Molluscs": 16, "count_Birds": 7, "count_Sac Fungi": 0, "count_Reptiles": 0, "count_Amphibians": 0, "unique_species_count": 24.0, "countryCode": "NZ" }, "geometry": { "type": "MultiPolygon", "coordinates": [ [ [ [ 176.905084488064375, -43.845602264898517 ], [ 177.468635673806205, -44.088195427071796 ], [ 177.36852579840658, -44.561457391753045 ], [ 176.694297543922005, -44.791754240812473 ], [ 176.128208544296967, -44.546027806231024 ], [ 176.238839419647206, -44.07316432207508 ], [ 176.905084488064375, -43.845602264898517 ] ] ] ] } },
{ "type": "Feature", "properties": { "geogrid_id": "3044327751178037273", "seqnum": 63911.0, "lat_c": -44.327750680547545, "lon_c": 178.03727310466545, "res": 8.0, "count_Ferns": 0, "count_Flowering Plants": 0, "count_Basidiomycota": 0, "count_Insects": 0, "count_Arachnids": 0, "count_Gymnosperms": 0, "count_Mosses": 0, "count_Mammals": 2, "count_Molluscs": 12, "count_Birds": 3, "count_Sac Fungi": 0, "count_Reptiles": 0, "count_Amphibians": 0, "unique_species_count": 17.0, "countryCode": "NZ" }, "geometry": { "type": "MultiPolygon", "coordinates": [ [ [ [ 178.708869874410851, -44.102217949980485 ], [ 178.614991289098185, -44.569834313701186 ], [ 177.941153443967693, -44.80104023294389 ], [ 177.36852579840658, -44.561457391753045 ], [ 177.468635673806205, -44.088195427071796 ], [ 178.134972927417863, -43.860198348065559 ], [ 178.708869874410851, -44.102217949980485 ] ] ] ] } },
{ "type": "Feature", "properties": { "geogrid_id": "3044340618179287941", "seqnum": 63993.0, "lat_c": -44.340617554772422, "lon_c": 179.28794127412991, "res": 8.0, "count_Ferns": 0, "count_Flowering Plants": 0, "count_Basidiomycota": 0, "count_Insects": 0, "count_Arachnids": 0, "count_Gymnosperms": 0, "count_Mosses": 0, "count_Mammals": 2, "count_Molluscs": 8, "count_Birds": 13, "count_Sac Fungi": 0, "count_Reptiles": 0, "count_Amphibians": 0, "unique_species_count": 23.0, "countryCode": "NZ" }, "geometry": { "type": "MultiPolygon", "coordinates": [ [ [ [ 179.956320642953784, -44.107658639502993 ], [ 179.872223646680823, -44.575231449693945 ], [ 179.197971885560008, -44.808273307062137 ], [ 178.614991289098185, -44.569834313701186 ], [ 178.708869874410851, -44.102217949980485 ], [ 179.375965785763071, -43.873036366457846 ], [ 179.956320642953784, -44.107658639502993 ] ] ] ] } },
{ "type": "Feature", "properties": { "geogrid_id": "3044436184166126895", "seqnum": 58261.0, "lat_c": -44.436184234602443, "lon_c": 166.12689543032468, "res": 8.0, "count_Ferns": 0, "count_Flowering Plants": 0, "count_Basidiomycota": 0, "count_Insects": 0, "count_Arachnids": 0, "count_Gymnosperms": 0, "count_Mosses": 0, "count_Mammals": 3, "count_Molluscs": 3, "count_Birds": 1, "count_Sac Fungi": 2, "count_Reptiles": 0, "count_Amphibians": 0, "unique_species_count": 9.0, "countryCode": "NZ" }, "geometry": { "type": "MultiPolygon", "coordinates": [ [ [ [ 166.329361358877662, -43.974357065037502 ], [ 166.836052549992303, -44.264720296231509 ], [ 166.635836347403369, -44.726871259477583 ], [ 165.917196650106661, -44.896275960521535 ], [ 165.411353869228037, -44.602917966138882 ], [ 165.623206388254914, -44.143165745570911 ], [ 166.329361358877662, -43.974357065037502 ] ] ] ] } },
{ "type": "Feature", "properties": { "geogrid_id": "3044552709167347950", "seqnum": 58342.0, "lat_c": -44.552708892423802, "lon_c": 167.34795008523542, "res": 8.0, "count_Ferns": 43, "count_Flowering Plants": 418, "count_Basidiomycota": 49, "count_Insects": 211, "count_Arachnids": 12, "count_Gymnosperms": 11, "count_Mosses": 50, "count_Mammals": 14, "count_Molluscs": 60, "count_Birds": 59, "count_Sac Fungi": 31, "count_Reptiles": 0, "count_Amphibians": 0, "unique_species_count": 958.0, "countryCode": "NZ" }, "geometry": { "type": "MultiPolygon", "coordinates": [ [ [ [ 167.539128650150673, -44.088762684738143 ], [ 168.053841480595622, -44.374026103982978 ], [ 167.865140982148716, -44.838282793364165 ], [ 167.150118692728682, -45.015187214050997 ], [ 166.635836347403369, -44.726871259477583 ], [ 166.836052549992303, -44.264720296231509 ], [ 167.539128650150673, -44.088762684738143 ] ] ] ] } },
{ "type": "Feature", "properties": { "geogrid_id": "3044656833168573799", "seqnum": 58423.0, "lat_c": -44.656833448568719, "lon_c": 168.57379902131117, "res": 8.0, "count_Ferns": 58, "count_Flowering Plants": 1102, "count_Basidiomycota": 234, "count_Insects": 985, "count_Arachnids": 59, "count_Gymnosperms": 25, "count_Mosses": 130, "count_Mammals": 20, "count_Molluscs": 14, "count_Birds": 79, "count_Sac Fungi": 164, "count_Reptiles": 2, "count_Amphibians": 1, "unique_species_count": 2873.0, "countryCode": "NZ" }, "geometry": { "type": "MultiPolygon", "coordinates": [ [ [ [ 168.753775444002827, -44.191025876547236 ], [ 169.276358971383246, -44.471043274575045 ], [ 169.099084247642082, -44.937142852644925 ], [ 168.387710979666764, -45.121400552989165 ], [ 167.865140982148716, -44.838282793364165 ], [ 168.053841480595622, -44.374026103982978 ], [ 168.753775444002827, -44.191025876547236 ] ] ] ] } },
{ "type": "Feature", "properties": { "geogrid_id": "3044748523169804218", "seqnum": 58504.0, "lat_c": -44.748522958566376, "lon_c": 169.80421809132946, "res": 8.0, "count_Ferns": 25, "count_Flowering Plants": 677, "count_Basidiomycota": 40, "count_Insects": 552, "count_Arachnids": 48, "count_Gymnosperms": 12, "count_Mosses": 20, "count_Mammals": 13, "count_Molluscs": 17, "count_Birds": 49, "count_Sac Fungi": 38, "count_Reptiles": 2, "count_Amphibians": 1, "unique_species_count": 1494.0, "countryCode": "NZ" }, "geometry": { "type": "MultiPolygon", "coordinates": [ [ [ [ 169.973055423257108, -44.281089050572099 ], [ 170.503349116729453, -44.555718975767874 ], [ 170.337431428383098, -45.023421370485813 ], [ 169.629778730281828, -45.214911127231026 ], [ 169.099084247642082, -44.937142852644925 ], [ 169.276358971383246, -44.471043274575045 ], [ 169.973055423257108, -44.281089050572099 ] ] ] ] } },
{ "type": "Feature", "properties": { "geogrid_id": "3044768297162732311", "seqnum": 58017.0, "lat_c": -44.768297324901084, "lon_c": 162.73231082852237, "res": 8.0, "count_Ferns": 0, "count_Flowering Plants": 0, "count_Basidiomycota": 0, "count_Insects": 0, "count_Arachnids": 0, "count_Gymnosperms": 0, "count_Mosses": 0, "count_Mammals": 2, "count_Molluscs": 0, "count_Birds": 1, "count_Sac Fungi": 0, "count_Reptiles": 0, "count_Amphibians": 0, "unique_species_count": 3.0, "countryCode": "NZ" }, "geometry": { "type": "MultiPolygon", "coordinates": [ [ [ [ 162.977255546687957, -44.317258508508601 ], [ 163.465810152394937, -44.620213061231333 ], [ 163.222604641676128, -45.071645341070941 ], [ 162.477362276686449, -45.216024866246102 ], [ 161.990738026943404, -44.910151953271772 ], [ 162.247347496613429, -44.462855287111054 ], [ 162.977255546687957, -44.317258508508601 ] ] ] ] } },
{ "type": "Feature", "properties": { "geogrid_id": "3044827729171038941", "seqnum": 58585.0, "lat_c": -44.82772933975081, "lon_c": 171.03894126332608, "res": 8.0, "count_Ferns": 29, "count_Flowering Plants": 668, "count_Basidiomycota": 67, "count_Insects": 455, "count_Arachnids": 65, "count_Gymnosperms": 12, "count_Mosses": 41, "count_Mammals": 21, "count_Molluscs": 147, "count_Birds": 81, "count_Sac Fungi": 26, "count_Reptiles": 2, "count_Amphibians": 1, "unique_species_count": 1615.0, "countryCode": "NZ" }, "geometry": { "type": "MultiPolygon", "coordinates": [ [ [ [ 171.196687917612991, -44.358886915751214 ], [ 171.734521409124596, -44.627992468999288 ], [ 171.579905853652264, -45.097075012175367 ], [ 170.876076063508521, -45.295693687630219 ], [ 170.337431428383098, -45.023421370485813 ], [ 170.503349116729453, -44.555718975767874 ], [ 171.196687917612991, -44.358886915751214 ] ] ] ] } },
{ "type": "Feature", "properties": { "geogrid_id": "3044894396172277668", "seqnum": 58666.0, "lat_c": -44.894396452400088, "lon_c": 172.27766776151455, "res": 8.0, "count_Ferns": 0, "count_Flowering Plants": 1, "count_Basidiomycota": 0, "count_Insects": 0, "count_Arachnids": 0, "count_Gymnosperms": 0, "count_Mosses": 0, "count_Mammals": 3, "count_Molluscs": 18, "count_Birds": 10, "count_Sac Fungi": 1, "count_Reptiles": 0, "count_Amphibians": 0, "unique_species_count": 33.0, "countryCode": "NZ" }, "geometry": { "type": "MultiPolygon", "coordinates": [ [ [ [ 172.424363408139413, -44.424350084324253 ], [ 172.969556335422908, -44.687798780603885 ], [ 172.826196071067386, -45.158052287347402 ], [ 172.126315185105597, -45.363709653851856 ], [ 171.579905853652264, -45.097075012175367 ], [ 171.734521409124596, -44.627992468999288 ], [ 172.424363408139413, -44.424350084324253 ] ] ] ] } },
{ "type": "Feature", "properties": { "geogrid_id": "3044921019163959654", "seqnum": 58098.0, "lat_c": -44.921018918630409, "lon_c": 163.95965355538107, "res": 8.0, "count_Ferns": 0, "count_Flowering Plants": 0, "count_Basidiomycota": 0, "count_Insects": 0, "count_Arachnids": 0, "count_Gymnosperms": 0, "count_Mosses": 0, "count_Mammals": 3, "count_Molluscs": 0, "count_Birds": 10, "count_Sac Fungi": 0, "count_Reptiles": 0, "count_Amphibians": 0, "unique_species_count": 13.0, "countryCode": "NZ" }, "geometry": { "type": "MultiPolygon", "coordinates": [ [ [ [ 164.191813633194073, -44.466402246697555 ], [ 164.689076450028807, -44.764641296750945 ], [ 164.458882538292357, -45.219638995255842 ], [ 163.718327204379534, -45.37286229694601 ], [ 163.222604641676128, -45.071645341070941 ], [ 163.465810152394937, -44.620213061231333 ], [ 164.191813633194073, -44.466402246697555 ] ] ] ] } },
{ "type": "Feature", "properties": { "geogrid_id": "3044948464173520068", "seqnum": 58747.0, "lat_c": -44.94846382304857, "lon_c": 173.5200677421364, "res": 8.0, "count_Ferns": 0, "count_Flowering Plants": 0, "count_Basidiomycota": 0, "count_Insects": 0, "count_Arachnids": 0, "count_Gymnosperms": 0, "count_Mosses": 0, "count_Mammals": 2, "count_Molluscs": 19, "count_Birds": 4, "count_Sac Fungi": 1, "count_Reptiles": 0, "count_Amphibians": 0, "unique_species_count": 26.0, "countryCode": "NZ" }, "geometry": { "type": "MultiPolygon", "coordinates": [ [ [ [ 173.655747980129149, -44.477407744414556 ], [ 174.208109934965449, -44.735071432736127 ], [ 174.075961591676275, -45.206297311688374 ], [ 173.380173583042989, -45.418912240905904 ], [ 172.826196071067386, -45.158052287347402 ], [ 172.969556335422908, -44.687798780603885 ], [ 173.655747980129149, -44.477407744414556 ] ] ] ] } },
{ "type": "Feature", "properties": { "geogrid_id": "3044989869174765787", "seqnum": 58828.0, "lat_c": -44.989869422934227, "lon_c": 174.76578694770521, "res": 8.0, "count_Ferns": 0, "count_Flowering Plants": 0, "count_Basidiomycota": 0, "count_Insects": 0, "count_Arachnids": 0, "count_Gymnosperms": 0, "count_Mosses": 0, "count_Mammals": 3, "count_Molluscs": 8, "count_Birds": 5, "count_Sac Fungi": 0, "count_Reptiles": 0, "count_Amphibians": 0, "unique_species_count": 16.0, "countryCode": "NZ" }, "geometry": { "type": "MultiPolygon", "coordinates": [ [ [ [ 174.890487044361663, -44.517989677736828 ], [ 175.449817630456181, -44.769744509308829 ], [ 175.328837632319193, -45.241752622619508 ], [ 174.637299833082665, -45.461250246502971 ], [ 174.075961591676275, -45.206297311688374 ], [ 174.208109934965449, -44.735071432736127 ], [ 174.890487044361663, -44.517989677736828 ] ] ] ] } },
{ "type": "Feature", "properties": { "geogrid_id": "3045018552176014451", "seqnum": 58909.0, "lat_c": -45.018551774060548, "lon_c": 176.01445064059251, "res": 8.0, "count_Ferns": 0, "count_Flowering Plants": 0, "count_Basidiomycota": 0, "count_Insects": 0, "count_Arachnids": 0, "count_Gymnosperms": 0, "count_Mosses": 0, "count_Mammals": 0, "count_Molluscs": 2, "count_Birds": 0, "count_Sac Fungi": 0, "count_Reptiles": 0, "count_Amphibians": 0, "unique_species_count": 2.0, "countryCode": "NZ" }, "geometry": { "type": "MultiPolygon", "coordinates": [ [ [ [ 176.128208544296967, -44.546027806231024 ], [ 176.694297543922005, -44.791754240812473 ], [ 176.584439145717937, -45.264361317644656 ], [ 175.897318422288123, -45.490670894225673 ], [ 175.328837632319193, -45.241752622619508 ], [ 175.449817630456181, -44.769744509308829 ], [ 176.128208544296967, -44.546027806231024 ] ] ] ] } },
{ "type": "Feature", "properties": { "geogrid_id": "3045034452177265667", "seqnum": 58990.0, "lat_c": -45.034451566005423, "lon_c": 177.26566702245222, "res": 8.0, "count_Ferns": 0, "count_Flowering Plants": 0, "count_Basidiomycota": 0, "count_Insects": 0, "count_Arachnids": 0, "count_Gymnosperms": 0, "count_Mosses": 0, "count_Mammals": 1, "count_Molluscs": 2, "count_Birds": 9, "count_Sac Fungi": 0, "count_Reptiles": 0, "count_Amphibians": 0, "unique_species_count": 12.0, "countryCode": "NZ" }, "geometry": { "type": "MultiPolygon", "coordinates": [ [ [ [ 177.36852579840658, -44.561457391753045 ], [ 177.941153443967693, -44.80104023294389 ], [ 177.842364338441797, -45.27406869707206 ], [ 177.159833870031122, -45.507121996621024 ], [ 176.584439145717937, -45.264361317644656 ], [ 176.694297543922005, -44.791754240812473 ], [ 177.36852579840658, -44.561457391753045 ] ] ] ] } },
{ "type": "Feature", "properties": { "geogrid_id": "3045037513178519030", "seqnum": 63992.0, "lat_c": -45.037512910911545, "lon_c": 178.5190302829746, "res": 8.0, "count_Ferns": 0, "count_Flowering Plants": 0, "count_Basidiomycota": 0, "count_Insects": 0, "count_Arachnids": 0, "count_Gymnosperms": 0, "count_Mosses": 0, "count_Mammals": 2, "count_Molluscs": 0, "count_Birds": 4, "count_Sac Fungi": 0, "count_Reptiles": 0, "count_Amphibians": 0, "unique_species_count": 6.0, "countryCode": "NZ" }, "geometry": { "type": "MultiPolygon", "coordinates": [ [ [ [ 179.197971885560008, -44.808273307062137 ], [ 179.105988472066457, -45.276014943253827 ], [ 178.424434339904479, -45.510553617904648 ], [ 177.842364338441797, -45.27406869707206 ], [ 177.941153443967693, -44.80104023294389 ], [ 178.614991289098185, -44.569834313701186 ], [ 179.197971885560008, -44.808273307062137 ] ] ] ] } },
{ "type": "Feature", "properties": { "geogrid_id": "3045042903179786251", "seqnum": 64074.0, "lat_c": -45.042902557006471, "lon_c": 179.78625119608739, "res": 8.0, "count_Ferns": 0, "count_Flowering Plants": 0, "count_Basidiomycota": 0, "count_Insects": 0, "count_Arachnids": 0, "count_Gymnosperms": 0, "count_Mosses": 0, "count_Mammals": 1, "count_Molluscs": 0, "count_Birds": 2, "count_Sac Fungi": 0, "count_Reptiles": 0, "count_Amphibians": 0, "unique_species_count": 3.0, "countryCode": "NZ" }, "geometry": { "type": "MultiPolygon", "coordinates": [ [ [ [ 179.698336566557771, -45.510683491615438 ], [ 179.105988472066457, -45.276014943253827 ], [ 179.197971885560008, -44.808273307062137 ], [ 179.872223646680823, -44.575231449693945 ], [ 180.0, -44.625224678510037 ], [ 180.0, -45.405719824559469 ], [ 179.698336566557771, -45.510683491615438 ] ] ], [ [ [ -179.538254332798431, -44.805885310900962 ], [ -179.620142461631161, -45.273548550994477 ], [ -180.0, -45.405719824559469 ], [ -180.0, -44.625224678510037 ], [ -179.538254332798431, -44.805885310900962 ] ] ] ] } },
{ "type": "Feature", "properties": { "geogrid_id": "3045060643165191681", "seqnum": 58179.0, "lat_c": -45.060643058532342, "lon_c": 165.19168083503837, "res": 8.0, "count_Ferns": 0, "count_Flowering Plants": 0, "count_Basidiomycota": 0, "count_Insects": 0, "count_Arachnids": 0, "count_Gymnosperms": 0, "count_Mosses": 0, "count_Mammals": 3, "count_Molluscs": 0, "count_Birds": 0, "count_Sac Fungi": 0, "count_Reptiles": 0, "count_Amphibians": 0, "unique_species_count": 3.0, "countryCode": "NZ" }, "geometry": { "type": "MultiPolygon", "coordinates": [ [ [ [ 165.411353869228037, -44.602917966138882 ], [ 165.917196650106661, -44.896275960521535 ], [ 165.699720884791589, -45.354368636419558 ], [ 164.963593139095451, -45.516034581694512 ], [ 164.458882538292357, -45.219638995255842 ], [ 164.689076450028807, -44.764641296750945 ], [ 165.411353869228037, -44.602917966138882 ] ] ] ] } },
{ "type": "Feature", "properties": { "geogrid_id": "3045187309166428428", "seqnum": 58260.0, "lat_c": -45.187308979517219, "lon_c": 166.42842831671035, "res": 8.0, "count_Ferns": 31, "count_Flowering Plants": 226, "count_Basidiomycota": 2, "count_Insects": 89, "count_Arachnids": 0, "count_Gymnosperms": 10, "count_Mosses": 12, "count_Mammals": 8, "count_Molluscs": 31, "count_Birds": 39, "count_Sac Fungi": 4, "count_Reptiles": 0, "count_Amphibians": 0, "unique_species_count": 452.0, "countryCode": "NZ" }, "geometry": { "type": "MultiPolygon", "coordinates": [ [ [ [ 166.635836347403369, -44.726871259477583 ], [ 167.150118692728682, -45.015187214050997 ], [ 166.94513974684881, -45.475976308038348 ], [ 166.21328979410859, -45.645777574210356 ], [ 165.699720884791589, -45.354368636419558 ], [ 165.917196650106661, -44.896275960521535 ], [ 166.635836347403369, -44.726871259477583 ] ] ] ] } },
{ "type": "Feature", "properties": { "geogrid_id": "3045301091167669831", "seqnum": 58341.0, "lat_c": -45.301091043697831, "lon_c": 167.66983084889577, "res": 8.0, "count_Ferns": 53, "count_Flowering Plants": 854, "count_Basidiomycota": 225, "count_Insects": 746, "count_Arachnids": 59, "count_Gymnosperms": 16, "count_Mosses": 82, "count_Mammals": 18, "count_Molluscs": 30, "count_Birds": 75, "count_Sac Fungi": 68, "count_Reptiles": 3, "count_Amphibians": 0, "unique_species_count": 2229.0, "countryCode": "NZ" }, "geometry": { "type": "MultiPolygon", "coordinates": [ [ [ [ 167.865140982148716, -44.838282793364165 ], [ 168.387710979666764, -45.121400552989165 ], [ 168.195060007849179, -45.584540251490374 ], [ 167.467420757452601, -45.762235733560516 ], [ 166.94513974684881, -45.475976308038348 ], [ 167.150118692728682, -45.015187214050997 ], [ 167.865140982148716, -44.838282793364165 ] ] ] ] } },
{ "type": "Feature", "properties": { "geogrid_id": "3045353545161723252", "seqnum": 57935.0, "lat_c": -45.353544696779402, "lon_c": 161.72325199664854, "res": 8.0, "count_Ferns": 0, "count_Flowering Plants": 0, "count_Basidiomycota": 0, "count_Insects": 0, "count_Arachnids": 0, "count_Gymnosperms": 0, "count_Mosses": 0, "count_Mammals": 2, "count_Molluscs": 0, "count_Birds": 0, "count_Sac Fungi": 0, "count_Reptiles": 0, "count_Amphibians": 0, "unique_species_count": 2.0, "countryCode": "NZ" }, "geometry": { "type": "MultiPolygon", "coordinates": [ [ [ [ 161.990738026943404, -44.910151953271772 ], [ 162.477362276686449, -45.216024866246102 ], [ 162.211612760124012, -45.659925980587872 ], [ 161.444008971386694, -45.792420009024077 ], [ 160.959466737934548, -45.483438407020508 ], [ 161.240401586109982, -45.045151349673937 ], [ 161.990738026943404, -44.910151953271772 ] ] ] ] } },
{ "type": "Feature", "properties": { "geogrid_id": "3045402019168915745", "seqnum": 58422.0, "lat_c": -45.402019341759427, "lon_c": 168.91574451233842, "res": 8.0, "count_Ferns": 41, "count_Flowering Plants": 962, "count_Basidiomycota": 115, "count_Insects": 784, "count_Arachnids": 62, "count_Gymnosperms": 14, "count_Mosses": 41, "count_Mammals": 11, "count_Molluscs": 38, "count_Birds": 55, "count_Sac Fungi": 74, "count_Reptiles": 2, "count_Amphibians": 1, "unique_species_count": 2200.0, "countryCode": "NZ" }, "geometry": { "type": "MultiPolygon", "coordinates": [ [ [ [ 169.099084247642082, -44.937142852644925 ], [ 169.629778730281828, -45.214911127231026 ], [ 169.449324670122593, -45.680094949814332 ], [ 168.72589213554852, -45.865490904491843 ], [ 168.195060007849179, -45.584540251490374 ], [ 168.387710979666764, -45.121400552989165 ], [ 169.099084247642082, -44.937142852644925 ] ] ] ] } },
{ "type": "Feature", "properties": { "geogrid_id": "3045490094170165963", "seqnum": 58503.0, "lat_c": -45.490093760623239, "lon_c": 170.16596259010248, "res": 8.0, "count_Ferns": 51, "count_Flowering Plants": 938, "count_Basidiomycota": 192, "count_Insects": 1072, "count_Arachnids": 89, "count_Gymnosperms": 21, "count_Mosses": 86, "count_Mammals": 24, "count_Molluscs": 156, "count_Birds": 91, "count_Sac Fungi": 126, "count_Reptiles": 2, "count_Amphibians": 0, "unique_species_count": 2848.0, "countryCode": "NZ" }, "geometry": { "type": "MultiPolygon", "coordinates": [ [ [ [ 170.337431428383098, -45.023421370485813 ], [ 170.876076063508521, -45.295693687630219 ], [ 170.707714440141274, -45.762644920070372 ], [ 169.988533144511138, -45.955581790872365 ], [ 169.449324670122593, -45.680094949814332 ], [ 169.629778730281828, -45.214911127231026 ], [ 170.337431428383098, -45.023421370485813 ] ] ] ] } },
{ "type": "Feature", "properties": { "geogrid_id": "3045519825162969457", "seqnum": 58016.0, "lat_c": -45.519824700600765, "lon_c": 162.9694571382696, "res": 8.0, "count_Ferns": 0, "count_Flowering Plants": 0, "count_Basidiomycota": 0, "count_Insects": 0, "count_Arachnids": 0, "count_Gymnosperms": 0, "count_Mosses": 0, "count_Mammals": 2, "count_Molluscs": 0, "count_Birds": 3, "count_Sac Fungi": 0, "count_Reptiles": 0, "count_Amphibians": 0, "unique_species_count": 5.0, "countryCode": "NZ" }, "geometry": { "type": "MultiPolygon", "coordinates": [ [ [ [ 163.222604641676128, -45.071645341070941 ], [ 163.718327204379534, -45.37286229694601 ], [ 163.467121735665472, -45.8215125718284 ], [ 162.705584135290366, -45.964255880386304 ], [ 162.211612760124012, -45.659925980587872 ], [ 162.477362276686449, -45.216024866246102 ], [ 163.222604641676128, -45.071645341070941 ] ] ] ] } },
{ "type": "Feature", "properties": { "geogrid_id": "3045565294171420227", "seqnum": 58584.0, "lat_c": -45.565293822435713, "lon_c": 171.42022747206352, "res": 8.0, "count_Ferns": 5, "count_Flowering Plants": 112, "count_Basidiomycota": 3, "count_Insects": 94, "count_Arachnids": 5, "count_Gymnosperms": 1, "count_Mosses": 1, "count_Mammals": 15, "count_Molluscs": 222, "count_Birds": 74, "count_Sac Fungi": 3, "count_Reptiles": 1, "count_Amphibians": 0, "unique_species_count": 536.0, "countryCode": "NZ" }, "geometry": { "type": "MultiPolygon", "coordinates": [ [ [ [ 171.579905853652264, -45.097075012175367 ], [ 172.126315185105597, -45.363709653851856 ], [ 171.96995945026751, -45.832174423873305 ], [ 171.25511131531664, -46.032517454646936 ], [ 170.707714440141274, -45.762644920070372 ], [ 170.876076063508521, -45.295693687630219 ], [ 171.579905853652264, -45.097075012175367 ] ] ] ] } },
{ "type": "Feature", "properties": { "geogrid_id": "3045627586172678240", "seqnum": 58665.0, "lat_c": -45.627585716965854, "lon_c": 172.6782397853421, "res": 8.0, "count_Ferns": 0, "count_Flowering Plants": 0, "count_Basidiomycota": 0, "count_Insects": 0, "count_Arachnids": 0, "count_Gymnosperms": 0, "count_Mosses": 0, "count_Mammals": 0, "count_Molluscs": 0, "count_Birds": 10, "count_Sac Fungi": 0, "count_Reptiles": 0, "count_Amphibians": 0, "unique_species_count": 10.0, "countryCode": "NZ" }, "geometry": { "type": "MultiPolygon", "coordinates": [ [ [ [ 172.826196071067386, -45.158052287347402 ], [ 173.380173583042989, -45.418912240905904 ], [ 173.235748325411635, -45.88865444711751 ], [ 172.525344030619493, -46.096286880372027 ], [ 171.96995945026751, -45.832174423873305 ], [ 172.126315185105597, -45.363709653851856 ], [ 172.826196071067386, -45.158052287347402 ] ] ] ] } },
{ "type": "Feature", "properties": { "geogrid_id": "3045671909164219576", "seqnum": 58097.0, "lat_c": -45.671909501094909, "lon_c": 164.21957623611098, "res": 8.0, "count_Ferns": 0, "count_Flowering Plants": 0, "count_Basidiomycota": 0, "count_Insects": 0, "count_Arachnids": 0, "count_Gymnosperms": 0, "count_Mosses": 0, "count_Mammals": 0, "count_Molluscs": 7, "count_Birds": 12, "count_Sac Fungi": 0, "count_Reptiles": 0, "count_Amphibians": 0, "unique_species_count": 19.0, "countryCode": "NZ" }, "geometry": { "type": "MultiPolygon", "coordinates": [ [ [ [ 164.458882538292357, -45.219638995255842 ], [ 164.963593139095451, -45.516034581694512 ], [ 164.726448919755768, -45.96874663517783 ], [ 163.970454885187365, -46.121047967995558 ], [ 163.467121735665472, -45.8215125718284 ], [ 163.718327204379534, -45.37286229694601 ], [ 164.458882538292357, -45.219638995255842 ] ] ] ] } },
{ "type": "Feature", "properties": { "geogrid_id": "3045676927173939666", "seqnum": 58746.0, "lat_c": -45.676927427209733, "lon_c": 173.93966560284002, "res": 8.0, "count_Ferns": 0, "count_Flowering Plants": 0, "count_Basidiomycota": 0, "count_Insects": 0, "count_Arachnids": 0, "count_Gymnosperms": 0, "count_Mosses": 0, "count_Mammals": 1, "count_Molluscs": 3, "count_Birds": 1, "count_Sac Fungi": 0, "count_Reptiles": 0, "count_Amphibians": 0, "unique_species_count": 5.0, "countryCode": "NZ" }, "geometry": { "type": "MultiPolygon", "coordinates": [ [ [ [ 174.075961591676275, -45.206297311688374 ], [ 174.637299833082665, -45.461250246502971 ], [ 174.504735397885554, -45.932047810851493 ], [ 173.798907522936616, -46.146865887133927 ], [ 173.235748325411635, -45.88865444711751 ], [ 173.380173583042989, -45.418912240905904 ], [ 174.075961591676275, -45.206297311688374 ] ] ] ] } },
{ "type": "Feature", "properties": { "geogrid_id": "3045713273175204142", "seqnum": 58827.0, "lat_c": -45.713272530575054, "lon_c": 175.20414230197676, "res": 8.0, "count_Ferns": 0, "count_Flowering Plants": 0, "count_Basidiomycota": 0, "count_Insects": 0, "count_Arachnids": 0, "count_Gymnosperms": 0, "count_Mosses": 0, "count_Mammals": 2, "count_Molluscs": 0, "count_Birds": 0, "count_Sac Fungi": 0, "count_Reptiles": 0, "count_Amphibians": 0, "unique_species_count": 2.0, "countryCode": "NZ" }, "geometry": { "type": "MultiPolygon", "coordinates": [ [ [ [ 175.328837632319193, -45.241752622619508 ], [ 175.897318422288123, -45.490670894225673 ], [ 175.776546613206307, -45.962312975361748 ], [ 175.075444090580049, -46.184222212229663 ], [ 174.504735397885554, -45.932047810851493 ], [ 174.637299833082665, -45.461250246502971 ], [ 175.328837632319193, -45.241752622619508 ] ] ] ] } },
{ "type": "Feature", "properties": { "geogrid_id": "3045736573176471283", "seqnum": 58908.0, "lat_c": -45.736573060343282, "lon_c": 176.47128346328643, "res": 8.0, "count_Ferns": 1, "count_Flowering Plants": 0, "count_Basidiomycota": 0, "count_Insects": 0, "count_Arachnids": 0, "count_Gymnosperms": 0, "count_Mosses": 0, "count_Mammals": 1, "count_Molluscs": 0, "count_Birds": 0, "count_Sac Fungi": 0, "count_Reptiles": 0, "count_Amphibians": 0, "unique_species_count": 2.0, "countryCode": "NZ" }, "geometry": { "type": "MultiPolygon", "coordinates": [ [ [ [ 176.584439145717937, -45.264361317644656 ], [ 177.159833870031122, -45.507121996621024 ], [ 177.050784498512968, -45.97940691126702 ], [ 176.354568045510149, -46.208319308065583 ], [ 175.776546613206307, -45.962312975361748 ], [ 175.897318422288123, -45.490670894225673 ], [ 176.584439145717937, -45.264361317644656 ] ] ] ] } },
{ "type": "Feature", "properties": { "geogrid_id": "3045743853179011919", "seqnum": 64073.0, "lat_c": -45.743853393805125, "lon_c": 179.01191924689329, "res": 8.0, "count_Ferns": 0, "count_Flowering Plants": 0, "count_Basidiomycota": 0, "count_Insects": 0, "count_Arachnids": 0, "count_Gymnosperms": 0, "count_Mosses": 0, "count_Mammals": 1, "count_Molluscs": 5, "count_Birds": 1, "count_Sac Fungi": 0, "count_Reptiles": 0, "count_Amphibians": 0, "unique_species_count": 7.0, "countryCode": "NZ" }, "geometry": { "type": "MultiPolygon", "coordinates": [ [ [ [ 179.698336566557771, -45.510683491615438 ], [ 179.608410446816208, -45.978585406750625 ], [ 178.918924966762972, -46.216584755304666 ], [ 178.327032450734805, -45.98328729072599 ], [ 178.424434339904479, -45.510553617904648 ], [ 179.105988472066457, -45.276014943253827 ], [ 179.698336566557771, -45.510683491615438 ] ] ] ] } },
{ "type": "Feature", "properties": { "geogrid_id": "3045746782177740683", "seqnum": 58989.0, "lat_c": -45.746781686276115, "lon_c": 177.7406830772986, "res": 8.0, "count_Ferns": 0, "count_Flowering Plants": 0, "count_Basidiomycota": 0, "count_Insects": 0, "count_Arachnids": 0, "count_Gymnosperms": 0, "count_Mosses": 0, "count_Mammals": 1, "count_Molluscs": 0, "count_Birds": 0, "count_Sac Fungi": 0, "count_Reptiles": 0, "count_Amphibians": 0, "unique_species_count": 1.0, "countryCode": "NZ" }, "geometry": { "type": "MultiPolygon", "coordinates": [ [ [ [ 177.842364338441797, -45.27406869707206 ], [ 178.424434339904479, -45.510553617904648 ], [ 178.327032450734805, -45.98328729072599 ], [ 177.635870746977332, -46.219119214749462 ], [ 177.050784498512968, -45.97940691126702 ], [ 177.159833870031122, -45.507121996621024 ], [ 177.842364338441797, -45.27406869707206 ] ] ] ] } },
{ "type": "Feature", "properties": { "geogrid_id": "3045810165165473881", "seqnum": 58178.0, "lat_c": -45.810165366301263, "lon_c": 165.47388066244358, "res": 8.0, "count_Ferns": 0, "count_Flowering Plants": 0, "count_Basidiomycota": 0, "count_Insects": 0, "count_Arachnids": 0, "count_Gymnosperms": 0, "count_Mosses": 0, "count_Mammals": 3, "count_Molluscs": 0, "count_Birds": 3, "count_Sac Fungi": 0, "count_Reptiles": 0, "count_Amphibians": 0, "unique_species_count": 6.0, "countryCode": "NZ" }, "geometry": { "type": "MultiPolygon", "coordinates": [ [ [ [ 165.699720884791589, -45.354368636419558 ], [ 166.21328979410859, -45.645777574210356 ], [ 165.989839672266214, -46.101989453902064 ], [ 165.239041894820986, -46.263331775579829 ], [ 164.726448919755768, -45.96874663517783 ], [ 164.963593139095451, -45.516034581694512 ], [ 165.699720884791589, -45.354368636419558 ] ] ] ] } },
{ "type": "Feature", "properties": { "geogrid_id": "3045934828166732480", "seqnum": 58259.0, "lat_c": -45.934827869842991, "lon_c": 166.73247984576778, "res": 8.0, "count_Ferns": 47, "count_Flowering Plants": 484, "count_Basidiomycota": 46, "count_Insects": 214, "count_Arachnids": 9, "count_Gymnosperms": 14, "count_Mosses": 38, "count_Mammals": 11, "count_Molluscs": 265, "count_Birds": 46, "count_Sac Fungi": 30, "count_Reptiles": 0, "count_Amphibians": 0, "unique_species_count": 1204.0, "countryCode": "NZ" }, "geometry": { "type": "MultiPolygon", "coordinates": [ [ [ [ 166.94513974684881, -45.475976308038348 ], [ 167.467420757452601, -45.762235733560516 ], [ 167.257382383330878, -46.221475988473514 ], [ 166.511563966973569, -46.391463381850386 ], [ 165.989839672266214, -46.101989453902064 ], [ 166.21328979410859, -45.645777574210356 ], [ 166.94513974684881, -45.475976308038348 ] ] ] ] } },
{ "type": "Feature", "properties": { "geogrid_id": "3046046044167995360", "seqnum": 58340.0, "lat_c": -46.046043555807991, "lon_c": 167.99536007371495, "res": 8.0, "count_Ferns": 52, "count_Flowering Plants": 812, "count_Basidiomycota": 123, "count_Insects": 534, "count_Arachnids": 43, "count_Gymnosperms": 19, "count_Mosses": 88, "count_Mammals": 16, "count_Molluscs": 124, "count_Birds": 72, "count_Sac Fungi": 115, "count_Reptiles": 1, "count_Amphibians": 1, "unique_species_count": 2000.0, "countryCode": "NZ" }, "geometry": { "type": "MultiPolygon", "coordinates": [ [ [ [ 168.195060007849179, -45.584540251490374 ], [ 168.72589213554852, -45.865490904491843 ], [ 168.529045283018235, -46.32735459583153 ], [ 167.7880877681323, -46.505676874133826 ], [ 167.257382383330878, -46.221475988473514 ], [ 167.467420757452601, -45.762235733560516 ], [ 168.195060007849179, -45.584540251490374 ] ] ] ] } },
{ "type": "Feature", "properties": { "geogrid_id": "3046099413161934199", "seqnum": 57934.0, "lat_c": -46.099412853246925, "lon_c": 161.93419899123938, "res": 8.0, "count_Ferns": 0, "count_Flowering Plants": 0, "count_Basidiomycota": 0, "count_Insects": 0, "count_Arachnids": 0, "count_Gymnosperms": 0, "count_Mosses": 0, "count_Mammals": 1, "count_Molluscs": 0, "count_Birds": 0, "count_Sac Fungi": 0, "count_Reptiles": 0, "count_Amphibians": 0, "unique_species_count": 1.0, "countryCode": "NZ" }, "geometry": { "type": "MultiPolygon", "coordinates": [ [ [ [ 162.211612760124012, -45.659925980587872 ], [ 162.705584135290366, -45.964255880386304 ], [ 162.430138226507893, -46.404375414599144 ], [ 161.644187326786522, -46.533814653117062 ], [ 161.152055387656105, -46.22607553120875 ], [ 161.444008971386694, -45.792420009024077 ], [ 162.211612760124012, -45.659925980587872 ] ] ] ] } },
{ "type": "Feature", "properties": { "geogrid_id": "3046143898169262412", "seqnum": 58421.0, "lat_c": -46.143897640169548, "lon_c": 169.26241192215852, "res": 8.0, "count_Ferns": 40, "count_Flowering Plants": 565, "count_Basidiomycota": 118, "count_Insects": 410, "count_Arachnids": 42, "count_Gymnosperms": 20, "count_Mosses": 53, "count_Mammals": 17, "count_Molluscs": 48, "count_Birds": 63, "count_Sac Fungi": 36, "count_Reptiles": 1, "count_Amphibians": 0, "unique_species_count": 1413.0, "countryCode": "NZ" }, "geometry": { "type": "MultiPolygon", "coordinates": [ [ [ [ 169.449324670122593, -45.680094949814332 ], [ 169.988533144511138, -45.955581790872365 ], [ 169.804702718475369, -46.41971367297117 ], [ 169.068562774431456, -46.606122204608006 ], [ 168.529045283018235, -46.32735459583153 ], [ 168.72589213554852, -45.865490904491843 ], [ 169.449324670122593, -45.680094949814332 ] ] ] ] } },
{ "type": "Feature", "properties": { "geogrid_id": "3046228433170533450", "seqnum": 58502.0, "lat_c": -46.228432906854536, "lon_c": 170.53345016161978, "res": 8.0, "count_Ferns": 55, "count_Flowering Plants": 1005, "count_Basidiomycota": 305, "count_Insects": 987, "count_Arachnids": 123, "count_Gymnosperms": 24, "count_Mosses": 92, "count_Mammals": 32, "count_Molluscs": 439, "count_Birds": 116, "count_Sac Fungi": 119, "count_Reptiles": 1, "count_Amphibians": 2, "unique_species_count": 3300.0, "countryCode": "NZ" }, "geometry": { "type": "MultiPolygon", "coordinates": [ [ [ [ 170.707714440141274, -45.762644920070372 ], [ 171.25511131531664, -46.032517454646936 ], [ 171.084154402792876, -46.498599973247998 ], [ 170.352846459189522, -46.692890801140642 ], [ 169.804702718475369, -46.41971367297117 ], [ 169.988533144511138, -45.955581790872365 ], [ 170.707714440141274, -45.762644920070372 ] ] ] ] } },
{ "type": "Feature", "properties": { "geogrid_id": "3046266493163205266", "seqnum": 58015.0, "lat_c": -46.266493479438054, "lon_c": 163.20526633660177, "res": 8.0, "count_Ferns": 0, "count_Flowering Plants": 0, "count_Basidiomycota": 0, "count_Insects": 0, "count_Arachnids": 0, "count_Gymnosperms": 0, "count_Mosses": 0, "count_Mammals": 1, "count_Molluscs": 0, "count_Birds": 8, "count_Sac Fungi": 0, "count_Reptiles": 0, "count_Amphibians": 0, "unique_species_count": 9.0, "countryCode": "NZ" }, "geometry": { "type": "MultiPolygon", "coordinates": [ [ [ [ 163.467121735665472, -45.8215125718284 ], [ 163.970454885187365, -46.121047967995558 ], [ 163.710759518606096, -46.566596284932515 ], [ 162.931928331250759, -46.707264653957296 ], [ 162.430138226507893, -46.404375414599144 ], [ 162.705584135290366, -45.964255880386304 ], [ 163.467121735665472, -45.8215125718284 ] ] ] ] } },
{ "type": "Feature", "properties": { "geogrid_id": "3046299663171808229", "seqnum": 58583.0, "lat_c": -46.299662899295392, "lon_c": 171.80822859036982, "res": 8.0, "count_Ferns": 0, "count_Flowering Plants": 0, "count_Basidiomycota": 0, "count_Insects": 0, "count_Arachnids": 0, "count_Gymnosperms": 0, "count_Mosses": 0, "count_Mammals": 2, "count_Molluscs": 7, "count_Birds": 3, "count_Sac Fungi": 1, "count_Reptiles": 0, "count_Amphibians": 0, "unique_species_count": 13.0, "countryCode": "NZ" }, "geometry": { "type": "MultiPolygon", "coordinates": [ [ [ [ 171.96995945026751, -45.832174423873305 ], [ 172.525344030619493, -46.096286880372027 ], [ 172.367139886466845, -46.56403148004442 ], [ 171.640722913192064, -46.766033305258041 ], [ 171.084154402792876, -46.498599973247998 ], [ 171.25511131531664, -46.032517454646936 ], [ 171.96995945026751, -45.832174423873305 ] ] ] ] } },
{ "type": "Feature", "properties": { "geogrid_id": "3046357581173086451", "seqnum": 58664.0, "lat_c": -46.357581324245224, "lon_c": 173.08645138666722, "res": 8.0, "count_Ferns": 0, "count_Flowering Plants": 0, "count_Basidiomycota": 0, "count_Insects": 1, "count_Arachnids": 0, "count_Gymnosperms": 0, "count_Mosses": 0, "count_Mammals": 2, "count_Molluscs": 0, "count_Birds": 3, "count_Sac Fungi": 1, "count_Reptiles": 0, "count_Amphibians": 0, "unique_species_count": 7.0, "countryCode": "NZ" }, "geometry": { "type": "MultiPolygon", "coordinates": [ [ [ [ 173.235748325411635, -45.88865444711751 ], [ 173.798907522936616, -46.146865887133927 ], [ 173.653349727492781, -46.61600663762637 ], [ 172.931916966846842, -46.825572120438984 ], [ 172.367139886466845, -46.56403148004442 ], [ 172.525344030619493, -46.096286880372027 ], [ 173.235748325411635, -45.88865444711751 ] ] ] ] } },
{ "type": "Feature", "properties": { "geogrid_id": "3046402169174367782", "seqnum": 58745.0, "lat_c": -46.402168882638655, "lon_c": 174.36778203568016, "res": 8.0, "count_Ferns": 0, "count_Flowering Plants": 0, "count_Basidiomycota": 0, "count_Insects": 0, "count_Arachnids": 0, "count_Gymnosperms": 0, "count_Mosses": 0, "count_Mammals": 2, "count_Molluscs": 0, "count_Birds": 0, "count_Sac Fungi": 0, "count_Reptiles": 0, "count_Amphibians": 0, "unique_species_count": 2.0, "countryCode": "NZ" }, "geometry": { "type": "MultiPolygon", "coordinates": [ [ [ [ 174.504735397885554, -45.932047810851493 ], [ 175.075444090580049, -46.184222212229663 ], [ 174.942434345829753, -46.654511089388386 ], [ 174.226105182251416, -46.871510459945931 ], [ 173.653349727492781, -46.61600663762637 ], [ 173.798907522936616, -46.146865887133927 ], [ 174.504735397885554, -45.932047810851493 ] ] ] ] } },
{ "type": "Feature", "properties": { "geogrid_id": "3046418389164479555", "seqnum": 58096.0, "lat_c": -46.418388772233797, "lon_c": 164.47955508623537, "res": 8.0, "count_Ferns": 0, "count_Flowering Plants": 0, "count_Basidiomycota": 0, "count_Insects": 0, "count_Arachnids": 0, "count_Gymnosperms": 0, "count_Mosses": 0, "count_Mammals": 2, "count_Molluscs": 0, "count_Birds": 4, "count_Sac Fungi": 0, "count_Reptiles": 0, "count_Amphibians": 0, "unique_species_count": 6.0, "countryCode": "NZ" }, "geometry": { "type": "MultiPolygon", "coordinates": [ [ [ [ 164.726448919755768, -45.96874663517783 ], [ 165.239041894820986, -46.263331775579829 ], [ 164.994520494815816, -46.713491280769546 ], [ 164.222163744106837, -46.864520243030555 ], [ 163.710759518606096, -46.566596284932515 ], [ 163.970454885187365, -46.121047967995558 ], [ 164.726448919755768, -45.96874663517783 ] ] ] ] } },
{ "type": "Feature", "properties": { "geogrid_id": "3046433398175651851", "seqnum": 58826.0, "lat_c": -46.433398314848269, "lon_c": 175.65185054261539, "res": 8.0, "count_Ferns": 0, "count_Flowering Plants": 0, "count_Basidiomycota": 0, "count_Insects": 0, "count_Arachnids": 0, "count_Gymnosperms": 0, "count_Mosses": 0, "count_Mammals": 1, "count_Molluscs": 0, "count_Birds": 1, "count_Sac Fungi": 0, "count_Reptiles": 0, "count_Amphibians": 0, "unique_species_count": 2.0, "countryCode": "NZ" }, "geometry": { "type": "MultiPolygon", "coordinates": [ [ [ [ 175.776546613206307, -45.962312975361748 ], [ 176.354568045510149, -46.208319308065583 ], [ 176.23401123097733, -46.6795226745839 ], [ 175.522924635311028, -46.903838982408459 ], [ 174.942434345829753, -46.654511089388386 ], [ 175.075444090580049, -46.184222212229663 ], [ 175.776546613206307, -45.962312975361748 ] ] ] ] } },
{ "type": "Feature", "properties": { "geogrid_id": "3046446619179516401", "seqnum": 64154.0, "lat_c": -46.446619083522975, "lon_c": 179.51640076383447, "res": 8.0, "count_Ferns": 0, "count_Flowering Plants": 0, "count_Basidiomycota": 0, "count_Insects": 0, "count_Arachnids": 0, "count_Gymnosperms": 0, "count_Mosses": 0, "count_Mammals": 1, "count_Molluscs": 0, "count_Birds": 0, "count_Sac Fungi": 0, "count_Reptiles": 0, "count_Amphibians": 0, "unique_species_count": 1.0, "countryCode": "NZ" }, "geometry": { "type": "MultiPolygon", "coordinates": [ [ [ [ 179.425092357299263, -46.918979447032186 ], [ 178.822982361654539, -46.68896121175122 ], [ 178.918924966762972, -46.216584755304666 ], [ 179.608410446816208, -45.978585406750625 ], [ 180.0, -46.128652392091738 ], [ 180.0, -46.719886773505472 ], [ 179.425092357299263, -46.918979447032186 ] ] ], [ [ [ -179.789585790913662, -46.209288419722697 ], [ -179.877277062461133, -46.67738735982072 ], [ -180.0, -46.719886773505472 ], [ -180.0, -46.128652392091738 ], [ -179.789585790913662, -46.209288419722697 ] ] ] ] } },
{ "type": "Feature", "properties": { "geogrid_id": "3046451238176938259", "seqnum": 58907.0, "lat_c": -46.451238181107747, "lon_c": 176.93825941850986, "res": 8.0, "count_Ferns": 0, "count_Flowering Plants": 0, "count_Basidiomycota": 0, "count_Insects": 0, "count_Arachnids": 0, "count_Gymnosperms": 0, "count_Mosses": 0, "count_Mammals": 1, "count_Molluscs": 12, "count_Birds": 0, "count_Sac Fungi": 0, "count_Reptiles": 0, "count_Amphibians": 0, "unique_species_count": 13.0, "countryCode": "NZ" }, "geometry": { "type": "MultiPolygon", "coordinates": [ [ [ [ 177.050784498512968, -45.97940691126702 ], [ 177.635870746977332, -46.219119214749462 ], [ 177.52767096234345, -46.691015183723735 ], [ 176.821980115944456, -46.922540730953415 ], [ 176.23401123097733, -46.6795226745839 ], [ 176.354568045510149, -46.208319308065583 ], [ 177.050784498512968, -45.97940691126702 ] ] ] ] } },
{ "type": "Feature", "properties": { "geogrid_id": "3046455656178226589", "seqnum": 58988.0, "lat_c": -46.455655727971241, "lon_c": 178.22658877505711, "res": 8.0, "count_Ferns": 0, "count_Flowering Plants": 0, "count_Basidiomycota": 0, "count_Insects": 0, "count_Arachnids": 0, "count_Gymnosperms": 0, "count_Mosses": 0, "count_Mammals": 1, "count_Molluscs": 1, "count_Birds": 0, "count_Sac Fungi": 0, "count_Reptiles": 0, "count_Amphibians": 0, "unique_species_count": 2.0, "countryCode": "NZ" }, "geometry": { "type": "MultiPolygon", "coordinates": [ [ [ [ 178.327032450734805, -45.98328729072599 ], [ 178.918924966762972, -46.216584755304666 ], [ 178.822982361654539, -46.68896121175122 ], [ 178.122850180264606, -46.92759485571613 ], [ 177.52767096234345, -46.691015183723735 ], [ 177.635870746977332, -46.219119214749462 ], [ 178.327032450734805, -45.98328729072599 ] ] ] ] } },
{ "type": "Feature", "properties": { "geogrid_id": "3046555621165757451", "seqnum": 58177.0, "lat_c": -46.555621411409469, "lon_c": 165.75745123309824, "res": 8.0, "count_Ferns": 0, "count_Flowering Plants": 0, "count_Basidiomycota": 0, "count_Insects": 0, "count_Arachnids": 0, "count_Gymnosperms": 0, "count_Mosses": 0, "count_Mammals": 4, "count_Molluscs": 11, "count_Birds": 16, "count_Sac Fungi": 0, "count_Reptiles": 0, "count_Amphibians": 0, "unique_species_count": 31.0, "countryCode": "NZ" }, "geometry": { "type": "MultiPolygon", "coordinates": [ [ [ [ 165.989839672266214, -46.101989453902064 ], [ 166.511563966973569, -46.391463381850386 ], [ 166.281772397946384, -46.845570459397514 ], [ 165.515448880987918, -47.00631021718533 ], [ 164.994520494815816, -46.713491280769546 ], [ 165.239041894820986, -46.263331775579829 ], [ 165.989839672266214, -46.101989453902064 ] ] ] ] } },
{ "type": "Feature", "properties": { "geogrid_id": "3046678542167039147", "seqnum": 58258.0, "lat_c": -46.678542133808492, "lon_c": 167.03914653840275, "res": 8.0, "count_Ferns": 17, "count_Flowering Plants": 151, "count_Basidiomycota": 11, "count_Insects": 70, "count_Arachnids": 2, "count_Gymnosperms": 7, "count_Mosses": 3, "count_Mammals": 8, "count_Molluscs": 33, "count_Birds": 27, "count_Sac Fungi": 3, "count_Reptiles": 0, "count_Amphibians": 0, "unique_species_count": 332.0, "countryCode": "NZ" }, "geometry": { "type": "MultiPolygon", "coordinates": [ [ [ [ 167.257382383330878, -46.221475988473514 ], [ 167.7880877681323, -46.505676874133826 ], [ 167.57267951541553, -46.963179151613303 ], [ 166.812100188125072, -47.133132276188739 ], [ 166.281772397946384, -46.845570459397514 ], [ 166.511563966973569, -46.391463381850386 ], [ 167.257382383330878, -46.221475988473514 ] ] ] ] } },
{ "type": "Feature", "properties": { "geogrid_id": "3046787384168324685", "seqnum": 58339.0, "lat_c": -46.787383960206434, "lon_c": 168.32468532128919, "res": 8.0, "count_Ferns": 60, "count_Flowering Plants": 930, "count_Basidiomycota": 157, "count_Insects": 723, "count_Arachnids": 54, "count_Gymnosperms": 25, "count_Mosses": 93, "count_Mammals": 37, "count_Molluscs": 391, "count_Birds": 137, "count_Sac Fungi": 107, "count_Reptiles": 2, "count_Amphibians": 3, "unique_species_count": 2719.0, "countryCode": "NZ" }, "geometry": { "type": "MultiPolygon", "coordinates": [ [ [ [ 168.529045283018235, -46.32735459583153 ], [ 169.068562774431456, -46.606122204608006 ], [ 168.867263251431154, -47.066549178958311 ], [ 168.112254092878601, -47.245326345573559 ], [ 167.57267951541553, -46.963179151613303 ], [ 167.7880877681323, -46.505676874133826 ], [ 168.529045283018235, -46.32735459583153 ] ] ] ] } },
{ "type": "Feature", "properties": { "geogrid_id": "3046839542162142204", "seqnum": 57933.0, "lat_c": -46.839542155756412, "lon_c": 162.1422041389994, "res": 8.0, "count_Ferns": 0, "count_Flowering Plants": 0, "count_Basidiomycota": 0, "count_Insects": 0, "count_Arachnids": 0, "count_Gymnosperms": 0, "count_Mosses": 0, "count_Mammals": 2, "count_Molluscs": 0, "count_Birds": 0, "count_Sac Fungi": 0, "count_Reptiles": 0, "count_Amphibians": 0, "unique_species_count": 2.0, "countryCode": "NZ" }, "geometry": { "type": "MultiPolygon", "coordinates": [ [ [ [ 162.430138226507893, -46.404375414599144 ], [ 162.931928331250759, -46.707264653957296 ], [ 162.646209412477248, -47.143212936802364 ], [ 161.840795072534036, -47.269026488091249 ], [ 161.340569895491143, -46.962365707548066 ], [ 161.644187326786522, -46.533814653117062 ], [ 162.430138226507893, -46.404375414599144 ] ] ] ] } },
{ "type": "Feature", "properties": { "geogrid_id": "3046882298169613998", "seqnum": 58420.0, "lat_c": -46.882298271313566, "lon_c": 169.61399766443157, "res": 8.0, "count_Ferns": 41, "count_Flowering Plants": 586, "count_Basidiomycota": 81, "count_Insects": 427, "count_Arachnids": 44, "count_Gymnosperms": 14, "count_Mosses": 67, "count_Mammals": 23, "count_Molluscs": 164, "count_Birds": 80, "count_Sac Fungi": 50, "count_Reptiles": 1, "count_Amphibians": 0, "unique_species_count": 1578.0, "countryCode": "NZ" }, "geometry": { "type": "MultiPolygon", "coordinates": [ [ [ [ 169.804702718475369, -46.41971367297117 ], [ 170.352846459189522, -46.692890801140642 ], [ 170.165433709390641, -47.155833231437938 ], [ 169.415908568721136, -47.343122970379795 ], [ 168.867263251431154, -47.066549178958311 ], [ 169.068562774431456, -46.606122204608006 ], [ 169.804702718475369, -46.41971367297117 ] ] ] ] } },
{ "type": "Feature", "properties": { "geogrid_id": "3046963379170906924", "seqnum": 58501.0, "lat_c": -46.963379413875202, "lon_c": 170.90692357349138, "res": 8.0, "count_Ferns": 0, "count_Flowering Plants": 0, "count_Basidiomycota": 0, "count_Insects": 0, "count_Arachnids": 0, "count_Gymnosperms": 0, "count_Mosses": 0, "count_Mammals": 1, "count_Molluscs": 7, "count_Birds": 1, "count_Sac Fungi": 0, "count_Reptiles": 0, "count_Amphibians": 0, "unique_species_count": 9.0, "countryCode": "NZ" }, "geometry": { "type": "MultiPolygon", "coordinates": [ [ [ [ 171.084154402792876, -46.498599973247998 ], [ 171.640722913192064, -46.766033305258041 ], [ 171.467012883452384, -47.231128498945296 ], [ 170.722953205281954, -47.426676074919321 ], [ 170.165433709390641, -47.155833231437938 ], [ 170.352846459189522, -46.692890801140642 ], [ 171.084154402792876, -46.498599973247998 ] ] ] ] } },
{ "type": "Feature", "properties": { "geogrid_id": "3047008036163439671", "seqnum": 58014.0, "lat_c": -47.008036026067664, "lon_c": 163.43967114392058, "res": 8.0, "count_Ferns": 0, "count_Flowering Plants": 0, "count_Basidiomycota": 0, "count_Insects": 0, "count_Arachnids": 0, "count_Gymnosperms": 0, "count_Mosses": 0, "count_Mammals": 1, "count_Molluscs": 0, "count_Birds": 0, "count_Sac Fungi": 0, "count_Reptiles": 0, "count_Amphibians": 0, "unique_species_count": 1.0, "countryCode": "NZ" }, "geometry": { "type": "MultiPolygon", "coordinates": [ [ [ [ 163.710759518606096, -46.566596284932515 ], [ 164.222163744106837, -46.864520243030555 ], [ 163.953468633075204, -47.306643483601725 ], [ 163.156307146644934, -47.444780462382958 ], [ 162.646209412477248, -47.143212936802364 ], [ 162.931928331250759, -46.707264653957296 ], [ 163.710759518606096, -46.566596284932515 ] ] ] ] } },
{ "type": "Feature", "properties": { "geogrid_id": "3047030682172203231", "seqnum": 58582.0, "lat_c": -47.030681864822498, "lon_c": 172.20323099877797, "res": 8.0, "count_Ferns": 0, "count_Flowering Plants": 0, "count_Basidiomycota": 0, "count_Insects": 0, "count_Arachnids": 0, "count_Gymnosperms": 0, "count_Mosses": 1, "count_Mammals": 2, "count_Molluscs": 28, "count_Birds": 0, "count_Sac Fungi": 0, "count_Reptiles": 0, "count_Amphibians": 0, "unique_species_count": 31.0, "countryCode": "NZ" }, "geometry": { "type": "MultiPolygon", "coordinates": [ [ [ [ 172.367139886466845, -46.56403148004442 ], [ 172.931916966846842, -46.825572120438984 ], [ 172.7717521120463, -47.292493268582739 ], [ 172.033191490554231, -47.496085650914566 ], [ 171.467012883452384, -47.231128498945296 ], [ 171.640722913192064, -46.766033305258041 ], [ 172.367139886466845, -46.56403148004442 ] ] ] ] } },
{ "type": "Feature", "properties": { "geogrid_id": "3047084232173502630", "seqnum": 58663.0, "lat_c": -47.084232449241476, "lon_c": 173.50262962186537, "res": 8.0, "count_Ferns": 0, "count_Flowering Plants": 0, "count_Basidiomycota": 0, "count_Insects": 0, "count_Arachnids": 0, "count_Gymnosperms": 0, "count_Mosses": 0, "count_Mammals": 1, "count_Molluscs": 0, "count_Birds": 1, "count_Sac Fungi": 0, "count_Reptiles": 0, "count_Amphibians": 0, "unique_species_count": 2.0, "countryCode": "NZ" }, "geometry": { "type": "MultiPolygon", "coordinates": [ [ [ [ 173.653349727492781, -46.61600663762637 ], [ 174.226105182251416, -46.871510459945931 ], [ 174.079345543755153, -47.339958809482695 ], [ 173.346357726843962, -47.551413796922262 ], [ 172.7717521120463, -47.292493268582739 ], [ 172.931916966846842, -46.825572120438984 ], [ 173.653349727492781, -46.61600663762637 ] ] ] ] } },
{ "type": "Feature", "properties": { "geogrid_id": "3047124039174804782", "seqnum": 58744.0, "lat_c": -47.124039197001693, "lon_c": 174.80478167508173, "res": 8.0, "count_Ferns": 0, "count_Flowering Plants": 0, "count_Basidiomycota": 0, "count_Insects": 0, "count_Arachnids": 0, "count_Gymnosperms": 0, "count_Mosses": 0, "count_Mammals": 1, "count_Molluscs": 0, "count_Birds": 1, "count_Sac Fungi": 0, "count_Reptiles": 0, "count_Amphibians": 0, "unique_species_count": 2.0, "countryCode": "NZ" }, "geometry": { "type": "MultiPolygon", "coordinates": [ [ [ [ 174.942434345829753, -46.654511089388386 ], [ 175.522924635311028, -46.903838982408459 ], [ 175.389440790695204, -47.373538031692497 ], [ 174.662130191409744, -47.592696268957127 ], [ 174.079345543755153, -47.339958809482695 ], [ 174.226105182251416, -46.871510459945931 ], [ 174.942434345829753, -46.654511089388386 ] ] ] ] } },
{ "type": "Feature", "properties": { "geogrid_id": "3047150098176109311", "seqnum": 58825.0, "lat_c": -47.150097866976665, "lon_c": 176.10931065244188, "res": 8.0, "count_Ferns": 0, "count_Flowering Plants": 0, "count_Basidiomycota": 0, "count_Insects": 0, "count_Arachnids": 0, "count_Gymnosperms": 0, "count_Mosses": 0, "count_Mammals": 1, "count_Molluscs": 2, "count_Birds": 1, "count_Sac Fungi": 0, "count_Reptiles": 0, "count_Amphibians": 0, "unique_species_count": 4.0, "countryCode": "NZ" }, "geometry": { "type": "MultiPolygon", "coordinates": [ [ [ [ 176.23401123097733, -46.6795226745839 ], [ 176.821980115944456, -46.922540730953415 ], [ 176.701647570239061, -47.393231891519868 ], [ 175.980141630950897, -47.619950936499293 ], [ 175.389440790695204, -47.373538031692497 ], [ 175.522924635311028, -46.903838982408459 ], [ 176.23401123097733, -46.6795226745839 ] ] ] ] } },
{ "type": "Feature", "properties": { "geogrid_id": "3047160220164739579", "seqnum": 58095.0, "lat_c": -47.160219749814374, "lon_c": 164.73957893712847, "res": 8.0, "count_Ferns": 0, "count_Flowering Plants": 0, "count_Basidiomycota": 0, "count_Insects": 0, "count_Arachnids": 0, "count_Gymnosperms": 0, "count_Mosses": 0, "count_Mammals": 2, "count_Molluscs": 4, "count_Birds": 7, "count_Sac Fungi": 0, "count_Reptiles": 0, "count_Amphibians": 0, "unique_species_count": 13.0, "countryCode": "NZ" }, "geometry": { "type": "MultiPolygon", "coordinates": [ [ [ [ 164.994520494815816, -46.713491280769546 ], [ 165.515448880987918, -47.00631021718533 ], [ 165.263104821466612, -47.453647658846847 ], [ 164.473422830002932, -47.603039478070606 ], [ 163.953468633075204, -47.306643483601725 ], [ 164.222163744106837, -46.864520243030555 ], [ 164.994520494815816, -46.713491280769546 ] ] ] ] } },
{ "type": "Feature", "properties": { "geogrid_id": "3047160921178723842", "seqnum": 58987.0, "lat_c": -47.160920703411399, "lon_c": 178.72384170454649, "res": 8.0, "count_Ferns": 0, "count_Flowering Plants": 0, "count_Basidiomycota": 0, "count_Insects": 0, "count_Arachnids": 0, "count_Gymnosperms": 0, "count_Mosses": 0, "count_Mammals": 0, "count_Molluscs": 2, "count_Birds": 2, "count_Sac Fungi": 0, "count_Reptiles": 0, "count_Amphibians": 0, "unique_species_count": 4.0, "countryCode": "NZ" }, "geometry": { "type": "MultiPolygon", "coordinates": [ [ [ [ 178.822982361654539, -46.68896121175122 ], [ 179.425092357299263, -46.918979447032186 ], [ 179.330687146048831, -47.3909352178772 ], [ 178.621234818117671, -47.63239502411944 ], [ 178.015544887802037, -47.399034191871046 ], [ 178.122850180264606, -46.92759485571613 ], [ 178.822982361654539, -46.68896121175122 ] ] ] ] } },
{ "type": "Feature", "properties": { "geogrid_id": "3047162397177415809", "seqnum": 58906.0, "lat_c": -47.162396820430416, "lon_c": 177.41580850140201, "res": 8.0, "count_Ferns": 0, "count_Flowering Plants": 0, "count_Basidiomycota": 0, "count_Insects": 0, "count_Arachnids": 0, "count_Gymnosperms": 0, "count_Mosses": 0, "count_Mammals": 2, "count_Molluscs": 0, "count_Birds": 0, "count_Sac Fungi": 0, "count_Reptiles": 0, "count_Amphibians": 0, "unique_species_count": 2.0, "countryCode": "NZ" }, "geometry": { "type": "MultiPolygon", "coordinates": [ [ [ [ 177.52767096234345, -46.691015183723735 ], [ 178.122850180264606, -46.92759485571613 ], [ 178.015544887802037, -47.399034191871046 ], [ 177.299987836699444, -47.633184062500135 ], [ 176.701647570239061, -47.393231891519868 ], [ 176.821980115944456, -46.922540730953415 ], [ 177.52767096234345, -46.691015183723735 ] ] ] ] } },
{ "type": "Feature", "properties": { "geogrid_id": "3047296799166042438", "seqnum": 58176.0, "lat_c": -47.296798743531134, "lon_c": 166.04243757113468, "res": 8.0, "count_Ferns": 0, "count_Flowering Plants": 0, "count_Basidiomycota": 0, "count_Insects": 0, "count_Arachnids": 0, "count_Gymnosperms": 0, "count_Mosses": 0, "count_Mammals": 2, "count_Molluscs": 5, "count_Birds": 6, "count_Sac Fungi": 0, "count_Reptiles": 0, "count_Amphibians": 0, "unique_species_count": 13.0, "countryCode": "NZ" }, "geometry": { "type": "MultiPolygon", "coordinates": [ [ [ [ 166.281772397946384, -46.845570459397514 ], [ 166.812100188125072, -47.133132276188739 ], [ 166.57558337574946, -47.584908468841462 ], [ 165.792840845400207, -47.744755285960281 ], [ 165.263104821466612, -47.453647658846847 ], [ 165.515448880987918, -47.00631021718533 ], [ 166.281772397946384, -46.845570459397514 ] ] ] ] } },
{ "type": "Feature", "properties": { "geogrid_id": "3047384192161022261", "seqnum": 57851.0, "lat_c": -47.384192021878235, "lon_c": 161.02226130980142, "res": 8.0, "count_Ferns": 0, "count_Flowering Plants": 0, "count_Basidiomycota": 0, "count_Insects": 0, "count_Arachnids": 0, "count_Gymnosperms": 0, "count_Mosses": 0, "count_Mammals": 1, "count_Molluscs": 0, "count_Birds": 0, "count_Sac Fungi": 0, "count_Reptiles": 0, "count_Amphibians": 0, "unique_species_count": 1.0, "countryCode": "NZ" }, "geometry": { "type": "MultiPolygon", "coordinates": [ [ [ [ 161.340569895491143, -46.962365707548066 ], [ 161.840795072534036, -47.269026488091249 ], [ 161.524849580124965, -47.69199807045414 ], [ 160.930551765479947, -47.947457019752001 ], [ 160.428701035431487, -47.637215432420867 ], [ 160.525812545927181, -47.074393667341347 ], [ 161.340569895491143, -46.962365707548066 ] ] ] ] } },
{ "type": "Feature", "properties": { "geogrid_id": "3047418259167348529", "seqnum": 58257.0, "lat_c": -47.418258668483105, "lon_c": 167.34852866691344, "res": 8.0, "count_Ferns": 20, "count_Flowering Plants": 159, "count_Basidiomycota": 2, "count_Insects": 106, "count_Arachnids": 2, "count_Gymnosperms": 7, "count_Mosses": 5, "count_Mammals": 8, "count_Molluscs": 112, "count_Birds": 29, "count_Sac Fungi": 15, "count_Reptiles": 0, "count_Amphibians": 0, "unique_species_count": 465.0, "countryCode": "NZ" }, "geometry": { "type": "MultiPolygon", "coordinates": [ [ [ [ 167.57267951541553, -46.963179151613303 ], [ 168.112254092878601, -47.245326345573559 ], [ 167.891151077088381, -47.700899901449624 ], [ 167.114982503260251, -47.870589455561081 ], [ 166.57558337574946, -47.584908468841462 ], [ 166.812100188125072, -47.133132276188739 ], [ 167.57267951541553, -46.963179151613303 ] ] ] ] } },
{ "type": "Feature", "properties": { "geogrid_id": "3047524934168657960", "seqnum": 58338.0, "lat_c": -47.524934103531542, "lon_c": 168.6579604466115, "res": 8.0, "count_Ferns": 0, "count_Flowering Plants": 0, "count_Basidiomycota": 0, "count_Insects": 0, "count_Arachnids": 0, "count_Gymnosperms": 0, "count_Mosses": 0, "count_Mammals": 4, "count_Molluscs": 9, "count_Birds": 11, "count_Sac Fungi": 0, "count_Reptiles": 0, "count_Amphibians": 0, "unique_species_count": 24.0, "countryCode": "NZ" }, "geometry": { "type": "MultiPolygon", "coordinates": [ [ [ [ 168.867263251431154, -47.066549178958311 ], [ 169.415908568721136, -47.343122970379795 ], [ 169.20988763476916, -47.801951299010391 ], [ 168.440059742206074, -47.981004705808097 ], [ 167.891151077088381, -47.700899901449624 ], [ 168.112254092878601, -47.245326345573559 ], [ 168.867263251431154, -47.066549178958311 ] ] ] ] } },
{ "type": "Feature", "properties": { "geogrid_id": "3047573643162347142", "seqnum": 57932.0, "lat_c": -47.57364251313183, "lon_c": 162.34714216093988, "res": 8.0, "count_Ferns": 0, "count_Flowering Plants": 0, "count_Basidiomycota": 0, "count_Insects": 0, "count_Arachnids": 0, "count_Gymnosperms": 0, "count_Mosses": 0, "count_Mammals": 1, "count_Molluscs": 0, "count_Birds": 1, "count_Sac Fungi": 0, "count_Reptiles": 0, "count_Amphibians": 0, "unique_species_count": 2.0, "countryCode": "NZ" }, "geometry": { "type": "MultiPolygon", "coordinates": [ [ [ [ 162.646209412477248, -47.143212936802364 ], [ 163.156307146644934, -47.444780462382958 ], [ 162.859717961079213, -47.876165521177334 ], [ 162.03368706509869, -47.997763737383018 ], [ 161.524849580124965, -47.69199807045414 ], [ 161.840795072534036, -47.269026488091249 ], [ 162.646209412477248, -47.143212936802364 ] ] ] ] } },
{ "type": "Feature", "properties": { "geogrid_id": "3047617054169970707", "seqnum": 58419.0, "lat_c": -47.617054290575346, "lon_c": 169.97070698563323, "res": 8.0, "count_Ferns": 0, "count_Flowering Plants": 0, "count_Basidiomycota": 0, "count_Insects": 0, "count_Arachnids": 0, "count_Gymnosperms": 0, "count_Mosses": 0, "count_Mammals": 3, "count_Molluscs": 7, "count_Birds": 10, "count_Sac Fungi": 0, "count_Reptiles": 0, "count_Amphibians": 0, "unique_species_count": 20.0, "countryCode": "NZ" }, "geometry": { "type": "MultiPolygon", "coordinates": [ [ [ [ 170.165433709390641, -47.155833231437938 ], [ 170.722953205281954, -47.426676074919321 ], [ 170.531742804870589, -47.888290619952812 ], [ 169.768123486029481, -48.076325298756018 ], [ 169.20988763476916, -47.801951299010391 ], [ 169.415908568721136, -47.343122970379795 ], [ 170.165433709390641, -47.155833231437938 ] ] ] ] } },
{ "type": "Feature", "properties": { "geogrid_id": "3047694774171286637", "seqnum": 58500.0, "lat_c": -47.694774354488246, "lon_c": 171.28663687498587, "res": 8.0, "count_Ferns": 0, "count_Flowering Plants": 0, "count_Basidiomycota": 0, "count_Insects": 0, "count_Arachnids": 0, "count_Gymnosperms": 0, "count_Mosses": 0, "count_Mammals": 1, "count_Molluscs": 0, "count_Birds": 1, "count_Sac Fungi": 0, "count_Reptiles": 0, "count_Amphibians": 0, "unique_species_count": 2.0, "countryCode": "NZ" }, "geometry": { "type": "MultiPolygon", "coordinates": [ [ [ [ 171.467012883452384, -47.231128498945296 ], [ 172.033191490554231, -47.496085650914566 ], [ 171.856563743521349, -47.960074194415149 ], [ 171.099098794738865, -48.156777971456357 ], [ 170.531742804870589, -47.888290619952812 ], [ 170.722953205281954, -47.426676074919321 ], [ 171.467012883452384, -47.231128498945296 ] ] ] ] } },
{ "type": "Feature", "properties": { "geogrid_id": "3047744197163672602", "seqnum": 58013.0, "lat_c": -47.744196758051388, "lon_c": 163.67260167739656, "res": 8.0, "count_Ferns": 0, "count_Flowering Plants": 0, "count_Basidiomycota": 0, "count_Insects": 0, "count_Arachnids": 0, "count_Gymnosperms": 0, "count_Mosses": 0, "count_Mammals": 1, "count_Molluscs": 0, "count_Birds": 1, "count_Sac Fungi": 0, "count_Reptiles": 0, "count_Amphibians": 0, "unique_species_count": 2.0, "countryCode": "NZ" }, "geometry": { "type": "MultiPolygon", "coordinates": [ [ [ [ 163.953468633075204, -47.306643483601725 ], [ 164.473422830002932, -47.603039478070606 ], [ 164.195197591170682, -48.041412397998201 ], [ 163.378629784445479, -48.17654585381171 ], [ 162.859717961079213, -47.876165521177334 ], [ 163.156307146644934, -47.444780462382958 ], [ 163.953468633075204, -47.306643483601725 ] ] ] ] } },
{ "type": "Feature", "properties": { "geogrid_id": "3047758197172605535", "seqnum": 58581.0, "lat_c": -47.758197080109525, "lon_c": 172.60553465069393, "res": 8.0, "count_Ferns": 0, "count_Flowering Plants": 0, "count_Basidiomycota": 0, "count_Insects": 0, "count_Arachnids": 0, "count_Gymnosperms": 0, "count_Mosses": 0, "count_Mammals": 2, "count_Molluscs": 0, "count_Birds": 1, "count_Sac Fungi": 0, "count_Reptiles": 0, "count_Amphibians": 0, "unique_species_count": 3.0, "countryCode": "NZ" }, "geometry": { "type": "MultiPolygon", "coordinates": [ [ [ [ 172.7717521120463, -47.292493268582739 ], [ 173.346357726843962, -47.551413796922262 ], [ 173.184115637960105, -48.017407622498432 ], [ 172.432811001487238, -48.22252029986133 ], [ 171.856563743521349, -47.960074194415149 ], [ 172.033191490554231, -47.496085650914566 ], [ 172.7717521120463, -47.292493268582739 ] ] ] ] } },
{ "type": "Feature", "properties": { "geogrid_id": "3047807388173927117", "seqnum": 58662.0, "lat_c": -47.80738840419717, "lon_c": 173.92711720256696, "res": 8.0, "count_Ferns": 0, "count_Flowering Plants": 0, "count_Basidiomycota": 0, "count_Insects": 0, "count_Arachnids": 0, "count_Gymnosperms": 0, "count_Mosses": 0, "count_Mammals": 1, "count_Molluscs": 0, "count_Birds": 0, "count_Sac Fungi": 0, "count_Reptiles": 0, "count_Amphibians": 0, "unique_species_count": 1.0, "countryCode": "NZ" }, "geometry": { "type": "MultiPolygon", "coordinates": [ [ [ [ 174.079345543755153, -47.339958809482695 ], [ 174.662130191409744, -47.592696268957127 ], [ 174.51409763802684, -48.06036073029383 ], [ 173.769005597453287, -48.27366075064657 ], [ 173.184115637960105, -48.017407622498432 ], [ 173.346357726843962, -47.551413796922262 ], [ 174.079345543755153, -47.339958809482695 ] ] ] ] } },
{ "type": "Feature", "properties": { "geogrid_id": "3047842389175251047", "seqnum": 58743.0, "lat_c": -47.842388632270215, "lon_c": 175.25104664548701, "res": 8.0, "count_Ferns": 0, "count_Flowering Plants": 0, "count_Basidiomycota": 0, "count_Insects": 0, "count_Arachnids": 0, "count_Gymnosperms": 0, "count_Mosses": 0, "count_Mammals": 2, "count_Molluscs": 0, "count_Birds": 0, "count_Sac Fungi": 0, "count_Reptiles": 0, "count_Amphibians": 0, "unique_species_count": 2.0, "countryCode": "NZ" }, "geometry": { "type": "MultiPolygon", "coordinates": [ [ [ [ 175.389440790695204, -47.373538031692497 ], [ 175.980141630950897, -47.619950936499293 ], [ 175.846155454130212, -48.088978454555743 ], [ 175.107363715267269, -48.310273113657821 ], [ 174.51409763802684, -48.06036073029383 ], [ 174.662130191409744, -47.592696268957127 ], [ 175.389440790695204, -47.373538031692497 ] ] ] ] } },
{ "type": "Feature", "properties": { "geogrid_id": "3047862420179232921", "seqnum": 58986.0, "lat_c": -47.862420445871329, "lon_c": 179.23292071716332, "res": 8.0, "count_Ferns": 0, "count_Flowering Plants": 0, "count_Basidiomycota": 0, "count_Insects": 8, "count_Arachnids": 1, "count_Gymnosperms": 0, "count_Mosses": 0, "count_Mammals": 1, "count_Molluscs": 24, "count_Birds": 13, "count_Sac Fungi": 0, "count_Reptiles": 0, "count_Amphibians": 0, "unique_species_count": 47.0, "countryCode": "NZ" }, "geometry": { "type": "MultiPolygon", "coordinates": [ [ [ [ 179.330687146048831, -47.3909352178772 ], [ 179.943424937831367, -47.617579895464431 ], [ 179.850641724678866, -48.089050557880057 ], [ 179.131508976209432, -48.333362760710429 ], [ 178.514873630714675, -48.103309263739263 ], [ 178.621234818117671, -47.63239502411944 ], [ 179.330687146048831, -47.3909352178772 ] ] ] ] } },
{ "type": "Feature", "properties": { "geogrid_id": "3047863221176576941", "seqnum": 58824.0, "lat_c": -47.863220687809502, "lon_c": 176.57694066272558, "res": 8.0, "count_Ferns": 0, "count_Flowering Plants": 0, "count_Basidiomycota": 0, "count_Insects": 0, "count_Arachnids": 0, "count_Gymnosperms": 0, "count_Mosses": 0, "count_Mammals": 2, "count_Molluscs": 0, "count_Birds": 1, "count_Sac Fungi": 0, "count_Reptiles": 0, "count_Amphibians": 0, "unique_species_count": 3.0, "countryCode": "NZ" }, "geometry": { "type": "MultiPolygon", "coordinates": [ [ [ [ 176.701647570239061, -47.393231891519868 ], [ 177.299987836699444, -47.633184062500135 ], [ 177.179891557401191, -48.103288882189823 ], [ 176.447514469611349, -48.332407056990036 ], [ 175.846155454130212, -48.088978454555743 ], [ 175.980141630950897, -47.619950936499293 ], [ 176.701647570239061, -47.393231891519868 ] ] ] ] } },
{ "type": "Feature", "properties": { "geogrid_id": "3047869896177904381", "seqnum": 58905.0, "lat_c": -47.869896261376823, "lon_c": 177.90438101739147, "res": 8.0, "count_Ferns": 0, "count_Flowering Plants": 0, "count_Basidiomycota": 0, "count_Insects": 0, "count_Arachnids": 0, "count_Gymnosperms": 0, "count_Mosses": 0, "count_Mammals": 1, "count_Molluscs": 3, "count_Birds": 2, "count_Sac Fungi": 0, "count_Reptiles": 0, "count_Amphibians": 0, "unique_species_count": 6.0, "countryCode": "NZ" }, "geometry": { "type": "MultiPolygon", "coordinates": [ [ [ [ 178.015544887802037, -47.399034191871046 ], [ 178.621234818117671, -47.63239502411944 ], [ 178.514873630714675, -48.103309263739263 ], [ 177.789045022310063, -48.340095954720276 ], [ 177.179891557401191, -48.103288882189823 ], [ 177.299987836699444, -47.633184062500135 ], [ 178.015544887802037, -47.399034191871046 ] ] ] ] } },
{ "type": "Feature", "properties": { "geogrid_id": "3047897175164999636", "seqnum": 58094.0, "lat_c": -47.897174958210293, "lon_c": 164.99963574863443, "res": 8.0, "count_Ferns": 0, "count_Flowering Plants": 0, "count_Basidiomycota": 0, "count_Insects": 0, "count_Arachnids": 0, "count_Gymnosperms": 0, "count_Mosses": 0, "count_Mammals": 2, "count_Molluscs": 2, "count_Birds": 9, "count_Sac Fungi": 0, "count_Reptiles": 0, "count_Amphibians": 0, "unique_species_count": 13.0, "countryCode": "NZ" }, "geometry": { "type": "MultiPolygon", "coordinates": [ [ [ [ 165.263104821466612, -47.453647658846847 ], [ 165.792840845400207, -47.744755285960281 ], [ 165.532209292970435, -48.188999366373224 ], [ 164.72419962784187, -48.336376492933617 ], [ 164.195197591170682, -48.041412397998201 ], [ 164.473422830002932, -47.603039478070606 ], [ 165.263104821466612, -47.453647658846847 ] ] ] ] } },
{ "type": "Feature", "properties": { "geogrid_id": "3048033492166328886", "seqnum": 58175.0, "lat_c": -48.033492411824533, "lon_c": 166.32888609297936, "res": 8.0, "count_Ferns": 3, "count_Flowering Plants": 12, "count_Basidiomycota": 0, "count_Insects": 63, "count_Arachnids": 3, "count_Gymnosperms": 0, "count_Mosses": 8, "count_Mammals": 10, "count_Molluscs": 54, "count_Birds": 35, "count_Sac Fungi": 0, "count_Reptiles": 0, "count_Amphibians": 0, "unique_species_count": 188.0, "countryCode": "NZ" }, "geometry": { "type": "MultiPolygon", "coordinates": [ [ [ [ 166.57558337574946, -47.584908468841462 ], [ 167.114982503260251, -47.870589455561081 ], [ 166.871339182167901, -48.319807282787352 ], [ 166.071245152137948, -48.478460633401049 ], [ 165.532209292970435, -48.188999366373224 ], [ 165.792840845400207, -47.744755285960281 ], [ 166.57558337574946, -47.584908468841462 ] ] ] ] } },
{ "type": "Feature", "properties": { "geogrid_id": "3048153790167660730", "seqnum": 58256.0, "lat_c": -48.153790224337619, "lon_c": 167.66073046027819, "res": 8.0, "count_Ferns": 0, "count_Flowering Plants": 0, "count_Basidiomycota": 0, "count_Insects": 0, "count_Arachnids": 0, "count_Gymnosperms": 0, "count_Mosses": 0, "count_Mammals": 4, "count_Molluscs": 4, "count_Birds": 13, "count_Sac Fungi": 0, "count_Reptiles": 0, "count_Amphibians": 0, "unique_species_count": 21.0, "countryCode": "NZ" }, "geometry": { "type": "MultiPolygon", "coordinates": [ [ [ [ 167.891151077088381, -47.700899901449624 ], [ 168.440059742206074, -47.981004705808097 ], [ 168.212921938547424, -48.434457757602381 ], [ 167.420298150015299, -48.603646610432911 ], [ 166.871339182167901, -48.319807282787352 ], [ 167.114982503260251, -47.870589455561081 ], [ 167.891151077088381, -47.700899901449624 ] ] ] ] } },
{ "type": "Feature", "properties": { "geogrid_id": "3048255678161438713", "seqnum": 57850.0, "lat_c": -48.255677891388949, "lon_c": 161.43871252328381, "res": 8.0, "count_Ferns": 0, "count_Flowering Plants": 0, "count_Basidiomycota": 0, "count_Insects": 0, "count_Arachnids": 0, "count_Gymnosperms": 0, "count_Mosses": 0, "count_Mammals": 1, "count_Molluscs": 0, "count_Birds": 1, "count_Sac Fungi": 0, "count_Reptiles": 0, "count_Amphibians": 0, "unique_species_count": 2.0, "countryCode": "NZ" }, "geometry": { "type": "MultiPolygon", "coordinates": [ [ [ [ 161.524849580124965, -47.69199807045414 ], [ 162.03368706509869, -47.997763737383018 ], [ 161.953297925749354, -48.561828950098459 ], [ 161.34246580199553, -48.813600123027925 ], [ 160.828491268463466, -48.504769006329916 ], [ 160.930551765479947, -47.947457019752001 ], [ 161.524849580124965, -47.69199807045414 ] ] ] ] } },
{ "type": "Feature", "properties": { "geogrid_id": "3048258520168995346", "seqnum": 58337.0, "lat_c": -48.258520283949309, "lon_c": 168.99534595452559, "res": 8.0, "count_Ferns": 0, "count_Flowering Plants": 0, "count_Basidiomycota": 0, "count_Insects": 0, "count_Arachnids": 0, "count_Gymnosperms": 0, "count_Mosses": 0, "count_Mammals": 3, "count_Molluscs": 9, "count_Birds": 6, "count_Sac Fungi": 0, "count_Reptiles": 0, "count_Amphibians": 0, "unique_species_count": 18.0, "countryCode": "NZ" }, "geometry": { "type": "MultiPolygon", "coordinates": [ [ [ [ 169.20988763476916, -47.801951299010391 ], [ 169.768123486029481, -48.076325298756018 ], [ 169.557099849830905, -48.533392315443727 ], [ 168.771650688786508, -48.712537502329667 ], [ 168.212921938547424, -48.434457757602381 ], [ 168.440059742206074, -47.981004705808097 ], [ 169.20988763476916, -47.801951299010391 ] ] ] ] } },
{ "type": "Feature", "properties": { "geogrid_id": "3048301440162548884", "seqnum": 57931.0, "lat_c": -48.301439572712155, "lon_c": 162.54888420456069, "res": 8.0, "count_Ferns": 0, "count_Flowering Plants": 0, "count_Basidiomycota": 0, "count_Insects": 0, "count_Arachnids": 0, "count_Gymnosperms": 0, "count_Mosses": 0, "count_Mammals": 1, "count_Molluscs": 0, "count_Birds": 0, "count_Sac Fungi": 0, "count_Reptiles": 0, "count_Amphibians": 0, "unique_species_count": 1.0, "countryCode": "NZ" }, "geometry": { "type": "MultiPolygon", "coordinates": [ [ [ [ 162.859717961079213, -47.876165521177334 ], [ 163.378629784445479, -48.17654585381171 ], [ 163.070552071445377, -48.602974724092682 ], [ 162.474423334064227, -48.865859626212746 ], [ 161.953297925749354, -48.561828950098459 ], [ 162.03368706509869, -47.997763737383018 ], [ 162.859717961079213, -47.876165521177334 ] ] ] ] } },
{ "type": "Feature", "properties": { "geogrid_id": "3048348002170332754", "seqnum": 58418.0, "lat_c": -48.348001969972536, "lon_c": 170.33275447488157, "res": 8.0, "count_Ferns": 0, "count_Flowering Plants": 0, "count_Basidiomycota": 0, "count_Insects": 0, "count_Arachnids": 0, "count_Gymnosperms": 0, "count_Mosses": 0, "count_Mammals": 2, "count_Molluscs": 7, "count_Birds": 1, "count_Sac Fungi": 0, "count_Reptiles": 0, "count_Amphibians": 0, "unique_species_count": 10.0, "countryCode": "NZ" }, "geometry": { "type": "MultiPolygon", "coordinates": [ [ [ [ 170.531742804870589, -47.888290619952812 ], [ 171.099098794738865, -48.156777971456357 ], [ 170.903865584250894, -48.616925687540494 ], [ 170.125410269341785, -48.805564962270807 ], [ 169.557099849830905, -48.533392315443727 ], [ 169.768123486029481, -48.076325298756018 ], [ 170.531742804870589, -47.888290619952812 ] ] ] ] } },
{ "type": "Feature", "properties": { "geogrid_id": "3048422461171672856", "seqnum": 58499.0, "lat_c": -48.422460899087035, "lon_c": 171.67285605224208, "res": 8.0, "count_Ferns": 0, "count_Flowering Plants": 0, "count_Basidiomycota": 0, "count_Insects": 0, "count_Arachnids": 0, "count_Gymnosperms": 0, "count_Mosses": 0, "count_Mammals": 1, "count_Molluscs": 6, "count_Birds": 1, "count_Sac Fungi": 0, "count_Reptiles": 0, "count_Amphibians": 0, "unique_species_count": 8.0, "countryCode": "NZ" }, "geometry": { "type": "MultiPolygon", "coordinates": [ [ [ [ 171.856563743521349, -47.960074194415149 ], [ 172.432811001487238, -48.22252029986133 ], [ 172.253093854129958, -48.685282506952973 ], [ 171.481540155655182, -48.883039341499689 ], [ 170.903865584250894, -48.616925687540494 ], [ 171.099098794738865, -48.156777971456357 ], [ 171.856563743521349, -47.960074194415149 ] ] ] ] } },
{ "type": "Feature", "properties": { "geogrid_id": "3048474732163903985", "seqnum": 58012.0, "lat_c": -48.474732433976719, "lon_c": 163.90398535317709, "res": 8.0, "count_Ferns": 0, "count_Flowering Plants": 0, "count_Basidiomycota": 0, "count_Insects": 0, "count_Arachnids": 0, "count_Gymnosperms": 0, "count_Mosses": 0, "count_Mammals": 0, "count_Molluscs": 0, "count_Birds": 1, "count_Sac Fungi": 0, "count_Reptiles": 0, "count_Amphibians": 0, "unique_species_count": 1.0, "countryCode": "NZ" }, "geometry": { "type": "MultiPolygon", "coordinates": [ [ [ [ 164.195197591170682, -48.041412397998201 ], [ 164.72419962784187, -48.336376492933617 ], [ 164.435892689428016, -48.770672744128824 ], [ 163.598802263713253, -48.902316909009315 ], [ 163.070552071445377, -48.602974724092682 ], [ 163.378629784445479, -48.17654585381171 ], [ 164.195197591170682, -48.041412397998201 ] ] ] ] } },
{ "type": "Feature", "properties": { "geogrid_id": "3048482056173015454", "seqnum": 58580.0, "lat_c": -48.482055967036445, "lon_c": 173.01545385696841, "res": 8.0, "count_Ferns": 0, "count_Flowering Plants": 0, "count_Basidiomycota": 0, "count_Insects": 0, "count_Arachnids": 0, "count_Gymnosperms": 0, "count_Mosses": 0, "count_Mammals": 2, "count_Molluscs": 10, "count_Birds": 1, "count_Sac Fungi": 0, "count_Reptiles": 0, "count_Amphibians": 0, "unique_species_count": 13.0, "countryCode": "NZ" }, "geometry": { "type": "MultiPolygon", "coordinates": [ [ [ [ 173.184115637960105, -48.017407622498432 ], [ 173.769005597453287, -48.27366075064657 ], [ 173.604565376144137, -48.738623094368414 ], [ 172.839889496102558, -48.945184459089454 ], [ 172.253093854129958, -48.685282506952973 ], [ 172.432811001487238, -48.22252029986133 ], [ 173.184115637960105, -48.017407622498432 ] ] ] ] } },
{ "type": "Feature", "properties": { "geogrid_id": "3048526899174360273", "seqnum": 58661.0, "lat_c": -48.526898585921373, "lon_c": 174.36027338741295, "res": 8.0, "count_Ferns": 0, "count_Flowering Plants": 0, "count_Basidiomycota": 0, "count_Insects": 0, "count_Arachnids": 0, "count_Gymnosperms": 0, "count_Mosses": 0, "count_Mammals": 3, "count_Molluscs": 8, "count_Birds": 2, "count_Sac Fungi": 0, "count_Reptiles": 0, "count_Amphibians": 0, "unique_species_count": 13.0, "countryCode": "NZ" }, "geometry": { "type": "MultiPolygon", "coordinates": [ [ [ [ 174.51409763802684, -48.06036073029383 ], [ 175.107363715267269, -48.310273113657821 ], [ 174.957985410911476, -48.777061912125681 ], [ 174.200216312829866, -48.992162194893609 ], [ 173.604565376144137, -48.738623094368414 ], [ 173.769005597453287, -48.27366075064657 ], [ 174.51409763802684, -48.06036073029383 ] ] ] ] } },
{ "type": "Feature", "properties": { "geogrid_id": "3048557067175706978", "seqnum": 58742.0, "lat_c": -48.557066605945138, "lon_c": 175.70697753361563, "res": 8.0, "count_Ferns": 0, "count_Flowering Plants": 0, "count_Basidiomycota": 0, "count_Insects": 0, "count_Arachnids": 0, "count_Gymnosperms": 0, "count_Mosses": 0, "count_Mammals": 2, "count_Molluscs": 5, "count_Birds": 3, "count_Sac Fungi": 0, "count_Reptiles": 0, "count_Amphibians": 0, "unique_species_count": 10.0, "countryCode": "NZ" }, "geometry": { "type": "MultiPolygon", "coordinates": [ [ [ [ 175.846155454130212, -48.088978454555743 ], [ 176.447514469611349, -48.332407056990036 ], [ 176.312998434265921, -48.800680988452356 ], [ 175.562205437383085, -49.024090190741006 ], [ 174.957985410911476, -48.777061912125681 ], [ 175.107363715267269, -48.310273113657821 ], [ 175.846155454130212, -48.088978454555743 ] ] ] ] } },
{ "type": "Feature", "properties": { "geogrid_id": "3048559995179754327", "seqnum": 58985.0, "lat_c": -48.55999538272647, "lon_c": 179.75432695633168, "res": 8.0, "count_Ferns": 0, "count_Flowering Plants": 0, "count_Basidiomycota": 0, "count_Insects": 0, "count_Arachnids": 0, "count_Gymnosperms": 0, "count_Mosses": 0, "count_Mammals": 1, "count_Molluscs": 6, "count_Birds": 3, "count_Sac Fungi": 0, "count_Reptiles": 0, "count_Amphibians": 0, "unique_species_count": 10.0, "countryCode": "NZ" }, "geometry": { "type": "MultiPolygon", "coordinates": [ [ [ [ 179.654179699564963, -49.030337816747171 ], [ 179.026146607227105, -48.803682792504191 ], [ 179.131508976209432, -48.333362760710429 ], [ 179.850641724678866, -48.089050557880057 ], [ 180.0, -48.142486446053937 ], [ 180.0, -48.913104901048925 ], [ 179.654179699564963, -49.030337816747171 ] ] ], [ [ [ -179.525566477391834, -48.312224457593778 ], [ -179.616636107857715, -48.783144725799723 ], [ -180.0, -48.913104901048925 ], [ -180.0, -48.142486446053937 ], [ -179.525566477391834, -48.312224457593778 ] ] ] ] } },
{ "type": "Feature", "properties": { "geogrid_id": "3048572615177055179", "seqnum": 58823.0, "lat_c": -48.572614544236515, "lon_c": 177.0551786762172, "res": 8.0, "count_Ferns": 0, "count_Flowering Plants": 0, "count_Basidiomycota": 0, "count_Insects": 0, "count_Arachnids": 0, "count_Gymnosperms": 0, "count_Mosses": 0, "count_Mammals": 1, "count_Molluscs": 0, "count_Birds": 1, "count_Sac Fungi": 0, "count_Reptiles": 0, "count_Amphibians": 0, "unique_species_count": 2.0, "countryCode": "NZ" }, "geometry": { "type": "MultiPolygon", "coordinates": [ [ [ [ 177.179891557401191, -48.103288882189823 ], [ 177.789045022310063, -48.340095954720276 ], [ 177.669200009719674, -48.809539823959149 ], [ 176.925482815708222, -49.041054790486349 ], [ 176.312998434265921, -48.800680988452356 ], [ 176.447514469611349, -48.332407056990036 ], [ 177.179891557401191, -48.103288882189823 ] ] ] ] } },
{ "type": "Feature", "properties": { "geogrid_id": "3048573581178404449", "seqnum": 58904.0, "lat_c": -48.573581199508119, "lon_c": 178.40444862450195, "res": 8.0, "count_Ferns": 0, "count_Flowering Plants": 0, "count_Basidiomycota": 0, "count_Insects": 0, "count_Arachnids": 0, "count_Gymnosperms": 0, "count_Mosses": 0, "count_Mammals": 2, "count_Molluscs": 5, "count_Birds": 2, "count_Sac Fungi": 0, "count_Reptiles": 0, "count_Amphibians": 0, "unique_species_count": 9.0, "countryCode": "NZ" }, "geometry": { "type": "MultiPolygon", "coordinates": [ [ [ [ 178.514873630714675, -48.103309263739263 ], [ 179.131508976209432, -48.333362760710429 ], [ 179.026146607227105, -48.803682792504191 ], [ 178.289627168800848, -49.043120628547165 ], [ 177.669200009719674, -48.809539823959149 ], [ 177.789045022310063, -48.340095954720276 ], [ 178.514873630714675, -48.103309263739263 ] ] ] ] } },
{ "type": "Feature", "properties": { "geogrid_id": "3048629037165259713", "seqnum": 58093.0, "lat_c": -48.629036677021958, "lon_c": 165.25971257231245, "res": 8.0, "count_Ferns": 0, "count_Flowering Plants": 0, "count_Basidiomycota": 0, "count_Insects": 0, "count_Arachnids": 0, "count_Gymnosperms": 0, "count_Mosses": 0, "count_Mammals": 0, "count_Molluscs": 0, "count_Birds": 1, "count_Sac Fungi": 0, "count_Reptiles": 0, "count_Amphibians": 0, "unique_species_count": 1.0, "countryCode": "NZ" }, "geometry": { "type": "MultiPolygon", "coordinates": [ [ [ [ 165.532209292970435, -48.188999366373224 ], [ 166.071245152137948, -48.478460633401049 ], [ 165.801841134622862, -48.919339094212958 ], [ 164.974459994184116, -49.064312804480316 ], [ 164.435892689428016, -48.770672744128824 ], [ 164.72419962784187, -48.336376492933617 ], [ 165.532209292970435, -48.188999366373224 ] ] ] ] } },
{ "type": "Feature", "properties": { "geogrid_id": "3048765505166616845", "seqnum": 58174.0, "lat_c": -48.765505172404694, "lon_c": 166.61684468309525, "res": 8.0, "count_Ferns": 0, "count_Flowering Plants": 0, "count_Basidiomycota": 0, "count_Insects": 0, "count_Arachnids": 0, "count_Gymnosperms": 0, "count_Mosses": 0, "count_Mammals": 5, "count_Molluscs": 10, "count_Birds": 28, "count_Sac Fungi": 0, "count_Reptiles": 0, "count_Amphibians": 0, "unique_species_count": 43.0, "countryCode": "NZ" }, "geometry": { "type": "MultiPolygon", "coordinates": [ [ [ [ 166.871339182167901, -48.319807282787352 ], [ 167.420298150015299, -48.603646610432911 ], [ 167.169108780933129, -49.050077871839235 ], [ 166.350689818346325, -49.207228384285798 ], [ 165.801841134622862, -48.919339094212958 ], [ 166.071245152137948, -48.478460633401049 ], [ 166.871339182167901, -48.319807282787352 ] ] ] ] } },
{ "type": "Feature", "properties": { "geogrid_id": "3048884956167975860", "seqnum": 58255.0, "lat_c": -48.884955570266698, "lon_c": 167.97586032494692, "res": 8.0, "count_Ferns": 0, "count_Flowering Plants": 0, "count_Basidiomycota": 0, "count_Insects": 0, "count_Arachnids": 0, "count_Gymnosperms": 0, "count_Mosses": 0, "count_Mammals": 3, "count_Molluscs": 12, "count_Birds": 10, "count_Sac Fungi": 0, "count_Reptiles": 0, "count_Amphibians": 0, "unique_species_count": 25.0, "countryCode": "NZ" }, "geometry": { "type": "MultiPolygon", "coordinates": [ [ [ [ 168.212921938547424, -48.434457757602381 ], [ 168.771650688786508, -48.712537502329667 ], [ 168.538122186196745, -49.163677799904256 ], [ 167.728137736662774, -49.332122088230875 ], [ 167.169108780933129, -49.050077871839235 ], [ 167.420298150015299, -48.603646610432911 ], [ 168.212921938547424, -48.434457757602381 ] ] ] ] } },
{ "type": "Feature", "properties": { "geogrid_id": "3048987973169337009", "seqnum": 58336.0, "lat_c": -48.98797337233988, "lon_c": 169.33700938154317, "res": 8.0, "count_Ferns": 0, "count_Flowering Plants": 0, "count_Basidiomycota": 0, "count_Insects": 0, "count_Arachnids": 0, "count_Gymnosperms": 0, "count_Mosses": 0, "count_Mammals": 3, "count_Molluscs": 10, "count_Birds": 5, "count_Sac Fungi": 0, "count_Reptiles": 0, "count_Amphibians": 0, "unique_species_count": 18.0, "countryCode": "NZ" }, "geometry": { "type": "MultiPolygon", "coordinates": [ [ [ [ 169.557099849830905, -48.533392315443727 ], [ 170.125410269341785, -48.805564962270807 ], [ 169.909089455133824, -49.260707750490575 ], [ 169.107179210356179, -49.439755397116734 ], [ 168.538122186196745, -49.163677799904256 ], [ 168.771650688786508, -48.712537502329667 ], [ 169.557099849830905, -48.533392315443727 ] ] ] ] } },
{ "type": "Feature", "properties": { "geogrid_id": "3049074981170700365", "seqnum": 58417.0, "lat_c": -49.074980874086791, "lon_c": 170.70036460885589, "res": 8.0, "count_Ferns": 0, "count_Flowering Plants": 0, "count_Basidiomycota": 0, "count_Insects": 0, "count_Arachnids": 0, "count_Gymnosperms": 0, "count_Mosses": 0, "count_Mammals": 0, "count_Molluscs": 9, "count_Birds": 3, "count_Sac Fungi": 0, "count_Reptiles": 0, "count_Amphibians": 0, "unique_species_count": 12.0, "countryCode": "NZ" }, "geometry": { "type": "MultiPolygon", "coordinates": [ [ [ [ 170.903865584250894, -48.616925687540494 ], [ 171.481540155655182, -48.883039341499689 ], [ 171.28204865523071, -49.341581193836397 ], [ 170.487980950702251, -49.530681491083108 ], [ 169.909089455133824, -49.260707750490575 ], [ 170.125410269341785, -48.805564962270807 ], [ 170.903865584250894, -48.616925687540494 ] ] ] ] } },
{ "type": "Feature", "properties": { "geogrid_id": "3049120324161863042", "seqnum": 57849.0, "lat_c": -49.120323960218421, "lon_c": 161.86304234999346, "res": 8.0, "count_Ferns": 0, "count_Flowering Plants": 0, "count_Basidiomycota": 0, "count_Insects": 0, "count_Arachnids": 0, "count_Gymnosperms": 0, "count_Mosses": 0, "count_Mammals": 1, "count_Molluscs": 0, "count_Birds": 1, "count_Sac Fungi": 0, "count_Reptiles": 0, "count_Amphibians": 0, "unique_species_count": 2.0, "countryCode": "NZ" }, "geometry": { "type": "MultiPolygon", "coordinates": [ [ [ [ 161.953297925749354, -48.561828950098459 ], [ 162.474423334064227, -48.865859626212746 ], [ 162.390341794386785, -49.424889263095828 ], [ 161.764228906579802, -49.674003809162308 ], [ 161.237470992759484, -49.36656085676983 ], [ 161.34246580199553, -48.813600123027925 ], [ 161.953297925749354, -48.561828950098459 ] ] ] ] } },
{ "type": "Feature", "properties": { "geogrid_id": "3049146284172065860", "seqnum": 58498.0, "lat_c": -49.14628434507101, "lon_c": 172.06585972705491, "res": 8.0, "count_Ferns": 0, "count_Flowering Plants": 0, "count_Basidiomycota": 0, "count_Insects": 0, "count_Arachnids": 0, "count_Gymnosperms": 0, "count_Mosses": 1, "count_Mammals": 1, "count_Molluscs": 6, "count_Birds": 3, "count_Sac Fungi": 0, "count_Reptiles": 0, "count_Amphibians": 0, "unique_species_count": 11.0, "countryCode": "NZ" }, "geometry": { "type": "MultiPolygon", "coordinates": [ [ [ [ 172.253093854129958, -48.685282506952973 ], [ 172.839889496102558, -48.945184459089454 ], [ 172.656903858544439, -49.40660064348647 ], [ 171.870546410291752, -49.605305564004084 ], [ 171.28204865523071, -49.341581193836397 ], [ 171.481540155655182, -48.883039341499689 ], [ 172.253093854129958, -48.685282506952973 ] ] ] ] } },
{ "type": "Feature", "properties": { "geogrid_id": "3049167718163002205", "seqnum": 57930.0, "lat_c": -49.167717852769258, "lon_c": 163.00220475207124, "res": 8.0, "count_Ferns": 0, "count_Flowering Plants": 0, "count_Basidiomycota": 0, "count_Insects": 0, "count_Arachnids": 0, "count_Gymnosperms": 0, "count_Mosses": 0, "count_Mammals": 1, "count_Molluscs": 0, "count_Birds": 0, "count_Sac Fungi": 0, "count_Reptiles": 0, "count_Amphibians": 0, "unique_species_count": 1.0, "countryCode": "NZ" }, "geometry": { "type": "MultiPolygon", "coordinates": [ [ [ [ 163.070552071445377, -48.602974724092682 ], [ 163.598802263713253, -48.902316909009315 ], [ 163.536758713730023, -49.467350040362227 ], [ 162.924485650245288, -49.727243139832844 ], [ 162.390341794386785, -49.424889263095828 ], [ 162.474423334064227, -48.865859626212746 ], [ 163.070552071445377, -48.602974724092682 ] ] ] ] } },
{ "type": "Feature", "properties": { "geogrid_id": "3049199412164133747", "seqnum": 58011.0, "lat_c": -49.199412387478844, "lon_c": 164.13374678620937, "res": 8.0, "count_Ferns": 0, "count_Flowering Plants": 0, "count_Basidiomycota": 0, "count_Insects": 0, "count_Arachnids": 0, "count_Gymnosperms": 0, "count_Mosses": 0, "count_Mammals": 1, "count_Molluscs": 0, "count_Birds": 0, "count_Sac Fungi": 0, "count_Reptiles": 0, "count_Amphibians": 0, "unique_species_count": 1.0, "countryCode": "NZ" }, "geometry": { "type": "MultiPolygon", "coordinates": [ [ [ [ 164.435892689428016, -48.770672744128824 ], [ 164.974459994184116, -49.064312804480316 ], [ 164.675497921895925, -49.494205935336062 ], [ 164.078202159153591, -49.76470105193269 ], [ 163.536758713730023, -49.467350040362227 ], [ 163.598802263713253, -48.902316909009315 ], [ 164.435892689428016, -48.770672744128824 ] ] ] ] } },
{ "type": "Feature", "properties": { "geogrid_id": "3049202107173433318", "seqnum": 58579.0, "lat_c": -49.202106990287632, "lon_c": 173.43331812036604, "res": 8.0, "count_Ferns": 0, "count_Flowering Plants": 0, "count_Basidiomycota": 0, "count_Insects": 0, "count_Arachnids": 0, "count_Gymnosperms": 0, "count_Mosses": 0, "count_Mammals": 0, "count_Molluscs": 2, "count_Birds": 0, "count_Sac Fungi": 0, "count_Reptiles": 0, "count_Amphibians": 0, "unique_species_count": 2.0, "countryCode": "NZ" }, "geometry": { "type": "MultiPolygon", "coordinates": [ [ [ [ 173.604565376144137, -48.738623094368414 ], [ 174.200216312829866, -48.992162194893609 ], [ 174.033452531731001, -49.455988918168913 ], [ 173.254749946025555, -49.663926723891471 ], [ 172.656903858544439, -49.40660064348647 ], [ 172.839889496102558, -48.945184459089454 ], [ 173.604565376144137, -48.738623094368414 ] ] ] ] } },
{ "type": "Feature", "properties": { "geogrid_id": "3049242612174802475", "seqnum": 58660.0, "lat_c": -49.242612410076326, "lon_c": 174.80247492718556, "res": 8.0, "count_Ferns": 0, "count_Flowering Plants": 0, "count_Basidiomycota": 0, "count_Insects": 0, "count_Arachnids": 0, "count_Gymnosperms": 0, "count_Mosses": 0, "count_Mammals": 1, "count_Molluscs": 7, "count_Birds": 1, "count_Sac Fungi": 0, "count_Reptiles": 0, "count_Amphibians": 0, "unique_species_count": 9.0, "countryCode": "NZ" }, "geometry": { "type": "MultiPolygon", "coordinates": [ [ [ [ 174.957985410911476, -48.777061912125681 ], [ 175.562205437383085, -49.024090190741006 ], [ 175.41140679383588, -49.489911525267608 ], [ 174.640363002453796, -49.706767656740681 ], [ 174.033452531731001, -49.455988918168913 ], [ 174.200216312829866, -48.992162194893609 ], [ 174.957985410911476, -48.777061912125681 ] ] ] ] } },
{ "type": "Feature", "properties": { "geogrid_id": "3049267922176172994", "seqnum": 58741.0, "lat_c": -49.267921577965566, "lon_c": 176.17299441427082, "res": 8.0, "count_Ferns": 0, "count_Flowering Plants": 0, "count_Basidiomycota": 0, "count_Insects": 0, "count_Arachnids": 0, "count_Gymnosperms": 0, "count_Mosses": 0, "count_Mammals": 1, "count_Molluscs": 0, "count_Birds": 1, "count_Sac Fungi": 0, "count_Reptiles": 0, "count_Amphibians": 0, "unique_species_count": 2.0, "countryCode": "NZ" }, "geometry": { "type": "MultiPolygon", "coordinates": [ [ [ [ 176.312998434265921, -48.800680988452356 ], [ 176.925482815708222, -49.041054790486349 ], [ 176.790410269099198, -49.508492943733444 ], [ 176.027074599669561, -49.733995987013515 ], [ 175.41140679383588, -49.489911525267608 ], [ 175.562205437383085, -49.024090190741006 ], [ 176.312998434265921, -48.800680988452356 ] ] ] ] } },
{ "type": "Feature", "properties": { "geogrid_id": "3049273294178916505", "seqnum": 58903.0, "lat_c": -49.273293539195635, "lon_c": 178.91650541883675, "res": 8.0, "count_Ferns": 9, "count_Flowering Plants": 34, "count_Basidiomycota": 0, "count_Insects": 60, "count_Arachnids": 3, "count_Gymnosperms": 0, "count_Mosses": 5, "count_Mammals": 6, "count_Molluscs": 27, "count_Birds": 25, "count_Sac Fungi": 6, "count_Reptiles": 0, "count_Amphibians": 0, "unique_species_count": 175.0, "countryCode": "NZ" }, "geometry": { "type": "MultiPolygon", "coordinates": [ [ [ [ 179.026146607227105, -48.803682792504191 ], [ 179.654179699564963, -49.030337816747171 ], [ 179.549876388485416, -49.499994012487697 ], [ 178.80223256943728, -49.742099672952442 ], [ 178.170051732674153, -49.511828635520516 ], [ 178.289627168800848, -49.043120628547165 ], [ 179.026146607227105, -48.803682792504191 ] ] ] ] } },
{ "type": "Feature", "properties": { "geogrid_id": "3049278125177544484", "seqnum": 58822.0, "lat_c": -49.278125309837336, "lon_c": 177.54448394034571, "res": 8.0, "count_Ferns": 0, "count_Flowering Plants": 0, "count_Basidiomycota": 0, "count_Insects": 0, "count_Arachnids": 0, "count_Gymnosperms": 0, "count_Mosses": 0, "count_Mammals": 1, "count_Molluscs": 0, "count_Birds": 1, "count_Sac Fungi": 0, "count_Reptiles": 0, "count_Amphibians": 0, "unique_species_count": 2.0, "countryCode": "NZ" }, "geometry": { "type": "MultiPolygon", "coordinates": [ [ [ [ 177.669200009719674, -48.809539823959149 ], [ 178.289627168800848, -49.043120628547165 ], [ 178.170051732674153, -49.511828635520516 ], [ 177.414507702310061, -49.745739892902265 ], [ 176.790410269099198, -49.508492943733444 ], [ 176.925482815708222, -49.041054790486349 ], [ 177.669200009719674, -48.809539823959149 ] ] ] ] } },
{ "type": "Feature", "properties": { "geogrid_id": "3049355597165519796", "seqnum": 58092.0, "lat_c": -49.355597151525764, "lon_c": 165.51979551509731, "res": 8.0, "count_Ferns": 0, "count_Flowering Plants": 0, "count_Basidiomycota": 0, "count_Insects": 0, "count_Arachnids": 0, "count_Gymnosperms": 0, "count_Mosses": 0, "count_Mammals": 0, "count_Molluscs": 0, "count_Birds": 21, "count_Sac Fungi": 0, "count_Reptiles": 0, "count_Amphibians": 0, "unique_species_count": 21.0, "countryCode": "NZ" }, "geometry": { "type": "MultiPolygon", "coordinates": [ [ [ [ 165.801841134622862, -48.919339094212958 ], [ 166.350689818346325, -49.207228384285798 ], [ 166.072007402888914, -49.644468817051035 ], [ 165.224168091895791, -49.786640818235909 ], [ 164.675497921895925, -49.494205935336062 ], [ 164.974459994184116, -49.064312804480316 ], [ 165.801841134622862, -48.919339094212958 ] ] ] ] } },
{ "type": "Feature", "properties": { "geogrid_id": "3049492648166906363", "seqnum": 58173.0, "lat_c": -49.492647668900524, "lon_c": 166.906362776994, "res": 8.0, "count_Ferns": 0, "count_Flowering Plants": 0, "count_Basidiomycota": 0, "count_Insects": 0, "count_Arachnids": 0, "count_Gymnosperms": 0, "count_Mosses": 0, "count_Mammals": 4, "count_Molluscs": 13, "count_Birds": 17, "count_Sac Fungi": 0, "count_Reptiles": 0, "count_Amphibians": 0, "unique_species_count": 34.0, "countryCode": "NZ" }, "geometry": { "type": "MultiPolygon", "coordinates": [ [ [ [ 167.169108780933129, -49.050077871839235 ], [ 167.728137736662774, -49.332122088230875 ], [ 167.468963658126512, -49.775538537935653 ], [ 166.631203555861362, -49.930869307821446 ], [ 166.072007402888914, -49.644468817051035 ], [ 166.350689818346325, -49.207228384285798 ], [ 167.169108780933129, -49.050077871839235 ] ] ] ] } },
{ "type": "Feature", "properties": { "geogrid_id": "3049611580168294031", "seqnum": 58254.0, "lat_c": -49.611579638889438, "lon_c": 168.29403108233919, "res": 8.0, "count_Ferns": 0, "count_Flowering Plants": 0, "count_Basidiomycota": 0, "count_Insects": 0, "count_Arachnids": 0, "count_Gymnosperms": 0, "count_Mosses": 0, "count_Mammals": 2, "count_Molluscs": 9, "count_Birds": 15, "count_Sac Fungi": 0, "count_Reptiles": 0, "count_Amphibians": 0, "unique_species_count": 26.0, "countryCode": "NZ" }, "geometry": { "type": "MultiPolygon", "coordinates": [ [ [ [ 168.538122186196745, -49.163677799904256 ], [ 169.107179210356179, -49.439755397116734 ], [ 168.86688742333709, -49.888390794922081 ], [ 168.038595434848958, -50.055841036379867 ], [ 167.468963658126512, -49.775538537935653 ], [ 167.728137736662774, -49.332122088230875 ], [ 168.538122186196745, -49.163677799904256 ] ] ] ] } },
{ "type": "Feature", "properties": { "geogrid_id": "3049713129169683126", "seqnum": 58335.0, "lat_c": -49.713128918066857, "lon_c": 169.68312570497795, "res": 8.0, "count_Ferns": 0, "count_Flowering Plants": 0, "count_Basidiomycota": 0, "count_Insects": 0, "count_Arachnids": 0, "count_Gymnosperms": 0, "count_Mosses": 0, "count_Mammals": 0, "count_Molluscs": 10, "count_Birds": 1, "count_Sac Fungi": 1, "count_Reptiles": 0, "count_Amphibians": 0, "unique_species_count": 12.0, "countryCode": "NZ" }, "geometry": { "type": "MultiPolygon", "coordinates": [ [ [ [ 169.909089455133824, -49.260707750490575 ], [ 170.487980950702251, -49.530681491083108 ], [ 170.266054629151, -49.983737376053661 ], [ 169.446804257580226, -50.162494274849927 ], [ 168.86688742333709, -49.888390794922081 ], [ 169.107179210356179, -49.439755397116734 ], [ 169.909089455133824, -49.260707750490575 ] ] ] ] } },
{ "type": "Feature", "properties": { "geogrid_id": "3049797834171073772", "seqnum": 58416.0, "lat_c": -49.797833922799001, "lon_c": 171.0737723344084, "res": 8.0, "count_Ferns": 0, "count_Flowering Plants": 0, "count_Basidiomycota": 0, "count_Insects": 0, "count_Arachnids": 0, "count_Gymnosperms": 0, "count_Mosses": 0, "count_Mammals": 1, "count_Molluscs": 4, "count_Birds": 1, "count_Sac Fungi": 0, "count_Reptiles": 0, "count_Amphibians": 0, "unique_species_count": 6.0, "countryCode": "NZ" }, "geometry": { "type": "MultiPolygon", "coordinates": [ [ [ [ 171.28204865523071, -49.341581193836397 ], [ 171.870546410291752, -49.605305564004084 ], [ 171.666550306747581, -50.06210285246933 ], [ 170.856057400950704, -50.251518241072688 ], [ 170.266054629151, -49.983737376053661 ], [ 170.487980950702251, -49.530681491083108 ], [ 171.28204865523071, -49.341581193836397 ] ] ] ] } },
{ "type": "Feature", "properties": { "geogrid_id": "3049866092172465940", "seqnum": 58497.0, "lat_c": -49.866092133792428, "lon_c": 172.46593990224508, "res": 8.0, "count_Ferns": 0, "count_Flowering Plants": 0, "count_Basidiomycota": 0, "count_Insects": 0, "count_Arachnids": 0, "count_Gymnosperms": 0, "count_Mosses": 0, "count_Mammals": 1, "count_Molluscs": 2, "count_Birds": 2, "count_Sac Fungi": 0, "count_Reptiles": 0, "count_Amphibians": 0, "unique_species_count": 5.0, "countryCode": "NZ" }, "geometry": { "type": "MultiPolygon", "coordinates": [ [ [ [ 172.656903858544439, -49.40660064348647 ], [ 173.254749946025555, -49.663926723891471 ], [ 173.068308984673479, -50.123877567508657 ], [ 172.266399598999243, -50.323424569972303 ], [ 171.666550306747581, -50.06210285246933 ], [ 171.870546410291752, -49.605305564004084 ], [ 172.656903858544439, -49.40660064348647 ] ] ] ] } },
{ "type": "Feature", "properties": { "geogrid_id": "3049918200173859473", "seqnum": 58578.0, "lat_c": -49.918199626579408, "lon_c": 173.85947302300769, "res": 8.0, "count_Ferns": 0, "count_Flowering Plants": 0, "count_Basidiomycota": 0, "count_Insects": 0, "count_Arachnids": 0, "count_Gymnosperms": 0, "count_Mosses": 0, "count_Mammals": 0, "count_Molluscs": 8, "count_Birds": 2, "count_Sac Fungi": 0, "count_Reptiles": 0, "count_Amphibians": 0, "unique_species_count": 10.0, "countryCode": "NZ" }, "geometry": { "type": "MultiPolygon", "coordinates": [ [ [ [ 174.033452531731001, -49.455988918168913 ], [ 174.640363002453796, -49.706767656740681 ], [ 174.471145550696548, -50.169354957815379 ], [ 173.677731123207991, -50.378597054435176 ], [ 173.068308984673479, -50.123877567508657 ], [ 173.254749946025555, -49.663926723891471 ], [ 174.033452531731001, -49.455988918168913 ] ] ] ] } },
{ "type": "Feature", "properties": { "geogrid_id": "3049954379175254117", "seqnum": 58659.0, "lat_c": -49.954379231667367, "lon_c": 175.25411706603884, "res": 8.0, "count_Ferns": 0, "count_Flowering Plants": 0, "count_Basidiomycota": 0, "count_Insects": 0, "count_Arachnids": 0, "count_Gymnosperms": 0, "count_Mosses": 0, "count_Mammals": 2, "count_Molluscs": 5, "count_Birds": 0, "count_Sac Fungi": 0, "count_Reptiles": 0, "count_Amphibians": 0, "unique_species_count": 7.0, "countryCode": "NZ" }, "geometry": { "type": "MultiPolygon", "coordinates": [ [ [ [ 175.41140679383588, -49.489911525267608 ], [ 176.027074599669561, -49.733995987013515 ], [ 175.874779300246217, -50.198758297489547 ], [ 175.089837196554328, -50.417326904502559 ], [ 174.471145550696548, -50.169354957815379 ], [ 174.640363002453796, -49.706767656740681 ], [ 175.41140679383588, -49.489911525267608 ] ] ] ] } },
{ "type": "Feature", "properties": { "geogrid_id": "3049968872179441069", "seqnum": 58902.0, "lat_c": -49.968872171727647, "lon_c": 179.44106906221793, "res": 8.0, "count_Ferns": 0, "count_Flowering Plants": 0, "count_Basidiomycota": 0, "count_Insects": 0, "count_Arachnids": 0, "count_Gymnosperms": 0, "count_Mosses": 0, "count_Mammals": 1, "count_Molluscs": 1, "count_Birds": 1, "count_Sac Fungi": 0, "count_Reptiles": 0, "count_Amphibians": 0, "unique_species_count": 3.0, "countryCode": "NZ" }, "geometry": { "type": "MultiPolygon", "coordinates": [ [ [ [ 179.327383475336177, -50.436871825638789 ], [ 178.682948665655289, -50.209996779294393 ], [ 178.80223256943728, -49.742099672952442 ], [ 179.549876388485416, -49.499994012487697 ], [ 180.0, -49.656972342265689 ], [ 180.0, -50.220001019315887 ], [ 179.327383475336177, -50.436871825638789 ] ] ], [ [ [ -179.810222140431108, -49.723156409623819 ], [ -179.913400167023411, -50.192078756159404 ], [ -180.0, -50.220001019315887 ], [ -180.0, -49.656972342265689 ], [ -179.810222140431108, -49.723156409623819 ] ] ] ] } },
{ "type": "Feature", "properties": { "geogrid_id": "3049974801176649538", "seqnum": 58740.0, "lat_c": -49.974800922422965, "lon_c": 176.649537931612, "res": 8.0, "count_Ferns": 0, "count_Flowering Plants": 2, "count_Basidiomycota": 0, "count_Insects": 0, "count_Arachnids": 0, "count_Gymnosperms": 0, "count_Mosses": 0, "count_Mammals": 1, "count_Molluscs": 0, "count_Birds": 0, "count_Sac Fungi": 0, "count_Reptiles": 0, "count_Amphibians": 0, "unique_species_count": 3.0, "countryCode": "NZ" }, "geometry": { "type": "MultiPolygon", "coordinates": [ [ [ [ 176.790410269099198, -49.508492943733444 ], [ 177.414507702310061, -49.745739892902265 ], [ 177.278853054705024, -50.212260160804213 ], [ 176.502411099585231, -50.439838157021761 ], [ 175.874779300246217, -50.198758297489547 ], [ 176.027074599669561, -49.733995987013515 ], [ 176.790410269099198, -49.508492943733444 ] ] ] ] } },
{ "type": "Feature", "properties": { "geogrid_id": "3049979597178045338", "seqnum": 58821.0, "lat_c": -49.979596788796705, "lon_c": 178.04533797123918, "res": 8.0, "count_Ferns": 0, "count_Flowering Plants": 0, "count_Basidiomycota": 0, "count_Insects": 0, "count_Arachnids": 0, "count_Gymnosperms": 0, "count_Mosses": 0, "count_Mammals": 1, "count_Molluscs": 0, "count_Birds": 2, "count_Sac Fungi": 0, "count_Reptiles": 0, "count_Amphibians": 0, "unique_species_count": 3.0, "countryCode": "NZ" }, "geometry": { "type": "MultiPolygon", "coordinates": [ [ [ [ 178.170051732674153, -49.511828635520516 ], [ 178.80223256943728, -49.742099672952442 ], [ 178.682948665655289, -50.209996779294393 ], [ 177.915072680869883, -50.446306257777948 ], [ 177.278853054705024, -50.212260160804213 ], [ 177.414507702310061, -49.745739892902265 ], [ 178.170051732674153, -49.511828635520516 ] ] ] ] } },
{ "type": "Feature", "properties": { "geogrid_id": "3050027331163465596", "seqnum": 57929.0, "lat_c": -50.027331043144422, "lon_c": 163.46559595017544, "res": 8.0, "count_Ferns": 0, "count_Flowering Plants": 0, "count_Basidiomycota": 0, "count_Insects": 0, "count_Arachnids": 0, "count_Gymnosperms": 0, "count_Mosses": 0, "count_Mammals": 1, "count_Molluscs": 0, "count_Birds": 3, "count_Sac Fungi": 0, "count_Reptiles": 0, "count_Amphibians": 0, "unique_species_count": 4.0, "countryCode": "NZ" }, "geometry": { "type": "MultiPolygon", "coordinates": [ [ [ [ 163.536758713730023, -49.467350040362227 ], [ 164.078202159153591, -49.76470105193269 ], [ 164.013795115656904, -50.325096750764857 ], [ 163.386485165575721, -50.58290769707439 ], [ 162.838608378699462, -50.28223170591049 ], [ 162.924485650245288, -49.727243139832844 ], [ 163.536758713730023, -49.467350040362227 ] ] ] ] } },
{ "type": "Feature", "properties": { "geogrid_id": "3050059714164626652", "seqnum": 58010.0, "lat_c": -50.0597141777152, "lon_c": 164.62665229867693, "res": 8.0, "count_Ferns": 0, "count_Flowering Plants": 0, "count_Basidiomycota": 0, "count_Insects": 0, "count_Arachnids": 0, "count_Gymnosperms": 0, "count_Mosses": 0, "count_Mammals": 2, "count_Molluscs": 0, "count_Birds": 15, "count_Sac Fungi": 0, "count_Reptiles": 0, "count_Amphibians": 0, "unique_species_count": 17.0, "countryCode": "NZ" }, "geometry": { "type": "MultiPolygon", "coordinates": [ [ [ [ 164.675497921895925, -49.494205935336062 ], [ 165.224168091895791, -49.786640818235909 ], [ 165.182226464394716, -50.352331110555092 ], [ 164.569205814799744, -50.620482345222818 ], [ 164.013795115656904, -50.325096750764857 ], [ 164.078202159153591, -49.76470105193269 ], [ 164.675497921895925, -49.494205935336062 ] ] ] ] } },
{ "type": "Feature", "properties": { "geogrid_id": "3050076659165779870", "seqnum": 58091.0, "lat_c": -50.076658766511216, "lon_c": 165.77986970377799, "res": 8.0, "count_Ferns": 0, "count_Flowering Plants": 0, "count_Basidiomycota": 0, "count_Insects": 0, "count_Arachnids": 0, "count_Gymnosperms": 0, "count_Mosses": 1, "count_Mammals": 3, "count_Molluscs": 20, "count_Birds": 16, "count_Sac Fungi": 0, "count_Reptiles": 0, "count_Amphibians": 0, "unique_species_count": 40.0, "countryCode": "NZ" }, "geometry": { "type": "MultiPolygon", "coordinates": [ [ [ [ 166.072007402888914, -49.644468817051035 ], [ 166.631203555861362, -49.930869307821446 ], [ 166.342714987511243, -50.364199951036007 ], [ 165.74504194858693, -50.642491921809182 ], [ 165.182226464394716, -50.352331110555092 ], [ 165.224168091895791, -49.786640818235909 ], [ 166.072007402888914, -49.644468817051035 ] ] ] ] } },
{ "type": "Feature", "properties": { "geogrid_id": "3050214739167197491", "seqnum": 58172.0, "lat_c": -50.214738586146836, "lon_c": 167.19749145204847, "res": 8.0, "count_Ferns": 0, "count_Flowering Plants": 0, "count_Basidiomycota": 0, "count_Insects": 0, "count_Arachnids": 0, "count_Gymnosperms": 0, "count_Mosses": 0, "count_Mammals": 2, "count_Molluscs": 16, "count_Birds": 15, "count_Sac Fungi": 0, "count_Reptiles": 0, "count_Amphibians": 0, "unique_species_count": 33.0, "countryCode": "NZ" }, "geometry": { "type": "MultiPolygon", "coordinates": [ [ [ [ 167.468963658126512, -49.775538537935653 ], [ 168.038595434848958, -50.055841036379867 ], [ 167.770977968533032, -50.496015051524992 ], [ 166.912815818513934, -50.64920296025597 ], [ 166.342714987511243, -50.364199951036007 ], [ 166.631203555861362, -49.930869307821446 ], [ 167.468963658126512, -49.775538537935653 ] ] ] ] } },
{ "type": "Feature", "properties": { "geogrid_id": "3050333494168615360", "seqnum": 58253.0, "lat_c": -50.333493652038356, "lon_c": 168.61536022435428, "res": 8.0, "count_Ferns": 0, "count_Flowering Plants": 0, "count_Basidiomycota": 0, "count_Insects": 0, "count_Arachnids": 0, "count_Gymnosperms": 0, "count_Mosses": 0, "count_Mammals": 1, "count_Molluscs": 8, "count_Birds": 12, "count_Sac Fungi": 0, "count_Reptiles": 0, "count_Amphibians": 0, "unique_species_count": 21.0, "countryCode": "NZ" }, "geometry": { "type": "MultiPolygon", "coordinates": [ [ [ [ 168.86688742333709, -49.888390794922081 ], [ 169.446804257580226, -50.162494274849927 ], [ 169.199359093178032, -50.608433304310537 ], [ 168.351769187463702, -50.774635523569877 ], [ 167.770977968533032, -50.496015051524992 ], [ 168.038595434848958, -50.055841036379867 ], [ 168.86688742333709, -49.888390794922081 ] ] ] ] } },
{ "type": "Feature", "properties": { "geogrid_id": "3050433827170033878", "seqnum": 58334.0, "lat_c": -50.433827239119843, "lon_c": 170.03387778151401, "res": 8.0, "count_Ferns": 0, "count_Flowering Plants": 0, "count_Basidiomycota": 0, "count_Insects": 0, "count_Arachnids": 0, "count_Gymnosperms": 0, "count_Mosses": 0, "count_Mammals": 0, "count_Molluscs": 5, "count_Birds": 1, "count_Sac Fungi": 0, "count_Reptiles": 0, "count_Amphibians": 0, "unique_species_count": 6.0, "countryCode": "NZ" }, "geometry": { "type": "MultiPolygon", "coordinates": [ [ [ [ 170.266054629151, -49.983737376053661 ], [ 170.856057400950704, -50.251518241072688 ], [ 170.628202682615466, -50.702325285796711 ], [ 169.790691848833205, -50.880595334294057 ], [ 169.199359093178032, -50.608433304310537 ], [ 169.446804257580226, -50.162494274849927 ], [ 170.266054629151, -49.983737376053661 ] ] ] ] } },
{ "type": "Feature", "properties": { "geogrid_id": "3050516407171453224", "seqnum": 58415.0, "lat_c": -50.516407440489672, "lon_c": 171.45322369166908, "res": 8.0, "count_Ferns": 0, "count_Flowering Plants": 0, "count_Basidiomycota": 0, "count_Insects": 0, "count_Arachnids": 0, "count_Gymnosperms": 0, "count_Mosses": 0, "count_Mammals": 1, "count_Molluscs": 3, "count_Birds": 1, "count_Sac Fungi": 0, "count_Reptiles": 0, "count_Amphibians": 0, "unique_species_count": 5.0, "countryCode": "NZ" }, "geometry": { "type": "MultiPolygon", "coordinates": [ [ [ [ 171.666550306747581, -50.06210285246933 ], [ 172.266399598999243, -50.323424569972303 ], [ 172.057641206739731, -50.778339361119244 ], [ 171.229871918244299, -50.967922447717079 ], [ 170.628202682615466, -50.702325285796711 ], [ 170.856057400950704, -50.251518241072688 ], [ 171.666550306747581, -50.06210285246933 ] ] ] ] } },
{ "type": "Feature", "properties": { "geogrid_id": "3050581734172873403", "seqnum": 58496.0, "lat_c": -50.581733854547664, "lon_c": 172.8734027568162, "res": 8.0, "count_Ferns": 0, "count_Flowering Plants": 0, "count_Basidiomycota": 0, "count_Insects": 0, "count_Arachnids": 0, "count_Gymnosperms": 0, "count_Mosses": 0, "count_Mammals": 0, "count_Molluscs": 5, "count_Birds": 2, "count_Sac Fungi": 0, "count_Reptiles": 0, "count_Amphibians": 0, "unique_species_count": 7.0, "countryCode": "NZ" }, "geometry": { "type": "MultiPolygon", "coordinates": [ [ [ [ 173.068308984673479, -50.123877567508657 ], [ 173.677731123207991, -50.378597054435176 ], [ 173.487639910985195, -50.836963982811568 ], [ 172.669395453291941, -51.037246852995565 ], [ 172.057641206739731, -50.778339361119244 ], [ 172.266399598999243, -50.323424569972303 ], [ 173.068308984673479, -50.123877567508657 ] ] ] ] } },
{ "type": "Feature", "properties": { "geogrid_id": "3050630184174294281", "seqnum": 58577.0, "lat_c": -50.630184320455676, "lon_c": 174.29428116998901, "res": 8.0, "count_Ferns": 0, "count_Flowering Plants": 0, "count_Basidiomycota": 0, "count_Insects": 0, "count_Arachnids": 0, "count_Gymnosperms": 0, "count_Mosses": 0, "count_Mammals": 1, "count_Molluscs": 6, "count_Birds": 1, "count_Sac Fungi": 0, "count_Reptiles": 0, "count_Amphibians": 0, "unique_species_count": 8.0, "countryCode": "NZ" }, "geometry": { "type": "MultiPolygon", "coordinates": [ [ [ [ 174.471145550696548, -50.169354957815379 ], [ 175.089837196554328, -50.417326904502559 ], [ 174.918031126062772, -50.878571641704909 ], [ 174.109188535420401, -51.089046738751939 ], [ 173.487639910985195, -50.836963982811568 ], [ 173.677731123207991, -50.378597054435176 ], [ 174.471145550696548, -50.169354957815379 ] ] ] ] } },
{ "type": "Feature", "properties": { "geogrid_id": "3050662048175715615", "seqnum": 58658.0, "lat_c": -50.662048250942405, "lon_c": 175.71561460155138, "res": 8.0, "count_Ferns": 0, "count_Flowering Plants": 0, "count_Basidiomycota": 0, "count_Insects": 0, "count_Arachnids": 0, "count_Gymnosperms": 0, "count_Mosses": 0, "count_Mammals": 0, "count_Molluscs": 0, "count_Birds": 1, "count_Sac Fungi": 0, "count_Reptiles": 0, "count_Amphibians": 0, "unique_species_count": 1.0, "countryCode": "NZ" }, "geometry": { "type": "MultiPolygon", "coordinates": [ [ [ [ 175.874779300246217, -50.198758297489547 ], [ 176.502411099585231, -50.439838157021761 ], [ 176.348541136369249, -50.903450397936879 ], [ 175.549049891900921, -51.123689860507191 ], [ 174.918031126062772, -50.878571641704909 ], [ 175.089837196554328, -50.417326904502559 ], [ 175.874779300246217, -50.198758297489547 ] ] ] ] } },
{ "type": "Feature", "properties": { "geogrid_id": "3050676871178558246", "seqnum": 58820.0, "lat_c": -50.676870522072527, "lon_c": 178.55824572878356, "res": 8.0, "count_Ferns": 0, "count_Flowering Plants": 0, "count_Basidiomycota": 0, "count_Insects": 0, "count_Arachnids": 0, "count_Gymnosperms": 0, "count_Mosses": 0, "count_Mammals": 1, "count_Molluscs": 0, "count_Birds": 1, "count_Sac Fungi": 0, "count_Reptiles": 0, "count_Amphibians": 0, "unique_species_count": 2.0, "countryCode": "NZ" }, "geometry": { "type": "MultiPolygon", "coordinates": [ [ [ [ 178.682948665655289, -50.209996779294393 ], [ 179.327383475336177, -50.436871825638789 ], [ 179.208417075357005, -50.903883045204125 ], [ 178.427685024816896, -51.14259572670683 ], [ 177.778811619444213, -50.911826843310457 ], [ 177.915072680869883, -50.446306257777948 ], [ 178.682948665655289, -50.209996779294393 ] ] ] ] } },
{ "type": "Feature", "properties": { "geogrid_id": "3050677551177137070", "seqnum": 58739.0, "lat_c": -50.677550783157905, "lon_c": 177.1370704376173, "res": 8.0, "count_Ferns": 0, "count_Flowering Plants": 0, "count_Basidiomycota": 0, "count_Insects": 0, "count_Arachnids": 0, "count_Gymnosperms": 0, "count_Mosses": 0, "count_Mammals": 0, "count_Molluscs": 0, "count_Birds": 1, "count_Sac Fungi": 0, "count_Reptiles": 0, "count_Amphibians": 0, "unique_species_count": 1.0, "countryCode": "NZ" }, "geometry": { "type": "MultiPolygon", "coordinates": [ [ [ [ 177.278853054705024, -50.212260160804213 ], [ 177.915072680869883, -50.446306257777948 ], [ 177.778811619444213, -50.911826843310457 ], [ 176.988676646867845, -51.141463384478399 ], [ 176.348541136369249, -50.903450397936879 ], [ 176.502411099585231, -50.439838157021761 ], [ 177.278853054705024, -50.212260160804213 ] ] ] ] } },
{ "type": "Feature", "properties": { "geogrid_id": "3050769358161544847", "seqnum": 57766.0, "lat_c": -50.769358067467365, "lon_c": 161.54484651223487, "res": 8.0, "count_Ferns": 0, "count_Flowering Plants": 0, "count_Basidiomycota": 0, "count_Insects": 0, "count_Arachnids": 0, "count_Gymnosperms": 0, "count_Mosses": 0, "count_Mammals": 1, "count_Molluscs": 0, "count_Birds": 1, "count_Sac Fungi": 0, "count_Reptiles": 0, "count_Amphibians": 0, "unique_species_count": 2.0, "countryCode": "NZ" }, "geometry": { "type": "MultiPolygon", "coordinates": [ [ [ [ 161.657890893341943, -50.223502965963029 ], [ 162.198095336026228, -50.529532802343518 ], [ 162.091728297937607, -51.076265842907162 ], [ 161.425744127994051, -51.312025818111962 ], [ 160.879591795085446, -51.001825268163344 ], [ 161.005282686570666, -50.460155628839729 ], [ 161.657890893341943, -50.223502965963029 ] ] ] ] } },
{ "type": "Feature", "properties": { "geogrid_id": "3050833261162745543", "seqnum": 57847.0, "lat_c": -50.833261081020488, "lon_c": 162.74554316061759, "res": 8.0, "count_Ferns": 0, "count_Flowering Plants": 0, "count_Basidiomycota": 0, "count_Insects": 0, "count_Arachnids": 0, "count_Gymnosperms": 0, "count_Mosses": 0, "count_Mammals": 1, "count_Molluscs": 0, "count_Birds": 6, "count_Sac Fungi": 0, "count_Reptiles": 0, "count_Amphibians": 0, "unique_species_count": 7.0, "countryCode": "NZ" }, "geometry": { "type": "MultiPolygon", "coordinates": [ [ [ [ 162.838608378699462, -50.28223170591049 ], [ 163.386485165575721, -50.58290769707439 ], [ 163.300368324019473, -51.134631580548088 ], [ 162.646067742539003, -51.380823892824822 ], [ 162.091728297937607, -51.076265842907162 ], [ 162.198095336026228, -50.529532802343518 ], [ 162.838608378699462, -50.28223170591049 ] ] ] ] } },
{ "type": "Feature", "properties": { "geogrid_id": "3050881216163941658", "seqnum": 57928.0, "lat_c": -50.881216061791093, "lon_c": 163.94165752730106, "res": 8.0, "count_Ferns": 0, "count_Flowering Plants": 0, "count_Basidiomycota": 0, "count_Insects": 0, "count_Arachnids": 0, "count_Gymnosperms": 0, "count_Mosses": 0, "count_Mammals": 1, "count_Molluscs": 0, "count_Birds": 0, "count_Sac Fungi": 0, "count_Reptiles": 0, "count_Amphibians": 0, "unique_species_count": 1.0, "countryCode": "NZ" }, "geometry": { "type": "MultiPolygon", "coordinates": [ [ [ [ 164.013795115656904, -50.325096750764857 ], [ 164.569205814799744, -50.620482345222818 ], [ 164.504253942929097, -51.177097772504936 ], [ 163.862705169082574, -51.433586117540003 ], [ 163.300368324019473, -51.134631580548088 ], [ 163.386485165575721, -50.58290769707439 ], [ 164.013795115656904, -50.325096750764857 ] ] ] ] } },
{ "type": "Feature", "properties": { "geogrid_id": "3050913428165131951", "seqnum": 58009.0, "lat_c": -50.913428193271073, "lon_c": 165.13195080596617, "res": 8.0, "count_Ferns": 0, "count_Flowering Plants": 0, "count_Basidiomycota": 0, "count_Insects": 0, "count_Arachnids": 0, "count_Gymnosperms": 0, "count_Mosses": 0, "count_Mammals": 1, "count_Molluscs": 9, "count_Birds": 0, "count_Sac Fungi": 0, "count_Reptiles": 0, "count_Amphibians": 0, "unique_species_count": 10.0, "countryCode": "NZ" }, "geometry": { "type": "MultiPolygon", "coordinates": [ [ [ [ 165.182226464394716, -50.352331110555092 ], [ 165.74504194858693, -50.642491921809182 ], [ 165.70215276667264, -51.203872925307131 ], [ 165.07440295397987, -51.470491953574943 ], [ 164.504253942929097, -51.177097772504936 ], [ 164.569205814799744, -50.620482345222818 ], [ 165.182226464394716, -50.352331110555092 ] ] ] ] } },
{ "type": "Feature", "properties": { "geogrid_id": "3050930135166315216", "seqnum": 58090.0, "lat_c": -50.930135038044838, "lon_c": 166.31521582844016, "res": 8.0, "count_Ferns": 23, "count_Flowering Plants": 134, "count_Basidiomycota": 18, "count_Insects": 128, "count_Arachnids": 14, "count_Gymnosperms": 0, "count_Mosses": 86, "count_Mammals": 8, "count_Molluscs": 182, "count_Birds": 59, "count_Sac Fungi": 32, "count_Reptiles": 0, "count_Amphibians": 0, "unique_species_count": 684.0, "countryCode": "NZ" }, "geometry": { "type": "MultiPolygon", "coordinates": [ [ [ [ 166.342714987511243, -50.364199951036007 ], [ 166.912815818513934, -50.64920296025597 ], [ 166.892864776466922, -51.215197218756543 ], [ 166.279934107166667, -51.491753415107574 ], [ 165.70215276667264, -51.203872925307131 ], [ 165.74504194858693, -50.642491921809182 ], [ 166.342714987511243, -50.364199951036007 ] ] ] ] } },
{ "type": "Feature", "properties": { "geogrid_id": "3050931605167490284", "seqnum": 58171.0, "lat_c": -50.931604778559262, "lon_c": 167.49028352723238, "res": 8.0, "count_Ferns": 0, "count_Flowering Plants": 0, "count_Basidiomycota": 0, "count_Insects": 0, "count_Arachnids": 0, "count_Gymnosperms": 0, "count_Mosses": 0, "count_Mammals": 3, "count_Molluscs": 14, "count_Birds": 16, "count_Sac Fungi": 0, "count_Reptiles": 0, "count_Amphibians": 0, "unique_species_count": 33.0, "countryCode": "NZ" }, "geometry": { "type": "MultiPolygon", "coordinates": [ [ [ [ 167.770977968533032, -50.496015051524992 ], [ 168.351769187463702, -50.774635523569877 ], [ 168.075228694689116, -51.211340766172761 ], [ 167.478104856025055, -51.497613535325378 ], [ 166.892864776466922, -51.215197218756543 ], [ 166.912815818513934, -50.64920296025597 ], [ 167.770977968533032, -50.496015051524992 ] ] ] ] } },
{ "type": "Feature", "properties": { "geogrid_id": "3051050535168939970", "seqnum": 58252.0, "lat_c": -51.050535226437347, "lon_c": 168.93997018831365, "res": 8.0, "count_Ferns": 0, "count_Flowering Plants": 0, "count_Basidiomycota": 0, "count_Insects": 0, "count_Arachnids": 0, "count_Gymnosperms": 0, "count_Mosses": 0, "count_Mammals": 0, "count_Molluscs": 7, "count_Birds": 9, "count_Sac Fungi": 1, "count_Reptiles": 0, "count_Amphibians": 0, "unique_species_count": 17.0, "countryCode": "NZ" }, "geometry": { "type": "MultiPolygon", "coordinates": [ [ [ [ 169.199359093178032, -50.608433304310537 ], [ 169.790691848833205, -50.880595334294057 ], [ 169.53568482593974, -51.323647774968428 ], [ 168.667760933457885, -51.488344640781563 ], [ 168.075228694689116, -51.211340766172761 ], [ 168.351769187463702, -50.774635523569877 ], [ 169.199359093178032, -50.608433304310537 ] ] ] ] } },
{ "type": "Feature", "properties": { "geogrid_id": "3051149913170389457", "seqnum": 58333.0, "lat_c": -51.149913496470568, "lon_c": 170.38945681750715, "res": 8.0, "count_Ferns": 0, "count_Flowering Plants": 0, "count_Basidiomycota": 0, "count_Insects": 0, "count_Arachnids": 0, "count_Gymnosperms": 0, "count_Mosses": 0, "count_Mammals": 3, "count_Molluscs": 4, "count_Birds": 10, "count_Sac Fungi": 0, "count_Reptiles": 0, "count_Amphibians": 0, "unique_species_count": 17.0, "countryCode": "NZ" }, "geometry": { "type": "MultiPolygon", "coordinates": [ [ [ [ 170.628202682615466, -50.702325285796711 ], [ 171.229871918244299, -50.967922447717079 ], [ 170.995750607525451, -51.416319952230886 ], [ 170.13901549402425, -51.593905162778547 ], [ 169.53568482593974, -51.323647774968428 ], [ 169.790691848833205, -50.880595334294057 ], [ 170.628202682615466, -50.702325285796711 ] ] ] ] } },
{ "type": "Feature", "properties": { "geogrid_id": "3051230551171838976", "seqnum": 58414.0, "lat_c": -51.230551191383078, "lon_c": 171.83897648065997, "res": 8.0, "count_Ferns": 0, "count_Flowering Plants": 0, "count_Basidiomycota": 0, "count_Insects": 0, "count_Arachnids": 0, "count_Gymnosperms": 0, "count_Mosses": 0, "count_Mammals": 1, "count_Molluscs": 4, "count_Birds": 0, "count_Sac Fungi": 0, "count_Reptiles": 0, "count_Amphibians": 0, "unique_species_count": 5.0, "countryCode": "NZ" }, "geometry": { "type": "MultiPolygon", "coordinates": [ [ [ [ 172.057641206739731, -50.778339361119244 ], [ 172.669395453291941, -51.037246852995565 ], [ 172.455605148060386, -51.490142417874289 ], [ 171.60966785831846, -51.679745265500195 ], [ 170.995750607525451, -51.416319952230886 ], [ 171.229871918244299, -50.967922447717079 ], [ 172.057641206739731, -50.778339361119244 ] ] ] ] } },
{ "type": "Feature", "properties": { "geogrid_id": "3051293061173288569", "seqnum": 58495.0, "lat_c": -51.293061235119204, "lon_c": 173.28856949429897, "res": 8.0, "count_Ferns": 0, "count_Flowering Plants": 0, "count_Basidiomycota": 0, "count_Insects": 0, "count_Arachnids": 0, "count_Gymnosperms": 0, "count_Mosses": 0, "count_Mammals": 0, "count_Molluscs": 8, "count_Birds": 5, "count_Sac Fungi": 0, "count_Reptiles": 0, "count_Amphibians": 0, "unique_species_count": 13.0, "countryCode": "NZ" }, "geometry": { "type": "MultiPolygon", "coordinates": [ [ [ [ 173.487639910985195, -50.836963982811568 ], [ 174.109188535420401, -51.089046738751939 ], [ 173.915243689324967, -51.545712303462011 ], [ 173.079844221536604, -51.746625466055981 ], [ 172.455605148060386, -51.490142417874289 ], [ 172.669395453291941, -51.037246852995565 ], [ 173.487639910985195, -50.836963982811568 ] ] ] ] } },
{ "type": "Feature", "properties": { "geogrid_id": "3051337912174738123", "seqnum": 58576.0, "lat_c": -51.337912425981372, "lon_c": 174.73812319249245, "res": 8.0, "count_Ferns": 0, "count_Flowering Plants": 0, "count_Basidiomycota": 0, "count_Insects": 0, "count_Arachnids": 0, "count_Gymnosperms": 0, "count_Mosses": 0, "count_Mammals": 1, "count_Molluscs": 5, "count_Birds": 1, "count_Sac Fungi": 0, "count_Reptiles": 0, "count_Amphibians": 0, "unique_species_count": 7.0, "countryCode": "NZ" }, "geometry": { "type": "MultiPolygon", "coordinates": [ [ [ [ 174.918031126062772, -50.878571641704909 ], [ 175.549049891900921, -51.123689860507191 ], [ 175.374515265845048, -51.583489882522152 ], [ 174.549495421924746, -51.795128341511138 ], [ 173.915243689324967, -51.545712303462011 ], [ 174.109188535420401, -51.089046738751939 ], [ 174.918031126062772, -50.878571641704909 ] ] ] ] } },
{ "type": "Feature", "properties": { "geogrid_id": "3051365468176187403", "seqnum": 58657.0, "lat_c": -51.365468403865982, "lon_c": 176.18740300628085, "res": 8.0, "count_Ferns": 0, "count_Flowering Plants": 0, "count_Basidiomycota": 0, "count_Insects": 0, "count_Arachnids": 0, "count_Gymnosperms": 0, "count_Mosses": 0, "count_Mammals": 0, "count_Molluscs": 0, "count_Birds": 1, "count_Sac Fungi": 0, "count_Reptiles": 0, "count_Amphibians": 0, "unique_species_count": 1.0, "countryCode": "NZ" }, "geometry": { "type": "MultiPolygon", "coordinates": [ [ [ [ 176.348541136369249, -50.903450397936879 ], [ 176.988676646867845, -51.141463384478399 ], [ 176.833152373825385, -51.603835304763891 ], [ 176.018432680911019, -51.825706498396023 ], [ 175.374515265845048, -51.583489882522152 ], [ 175.549049891900921, -51.123689860507191 ], [ 176.348541136369249, -50.903450397936879 ] ] ] ] } },
{ "type": "Feature", "properties": { "geogrid_id": "3051619884161979434", "seqnum": 57765.0, "lat_c": -51.619883647793813, "lon_c": 161.97943353109679, "res": 8.0, "count_Ferns": 0, "count_Flowering Plants": 0, "count_Basidiomycota": 0, "count_Insects": 0, "count_Arachnids": 0, "count_Gymnosperms": 0, "count_Mosses": 0, "count_Mammals": 1, "count_Molluscs": 0, "count_Birds": 6, "count_Sac Fungi": 0, "count_Reptiles": 0, "count_Amphibians": 0, "unique_species_count": 7.0, "countryCode": "NZ" }, "geometry": { "type": "MultiPolygon", "coordinates": [ [ [ [ 162.091728297937607, -51.076265842907162 ], [ 162.646067742539003, -51.380823892824822 ], [ 162.540806200739553, -51.925342746800972 ], [ 161.861717219405534, -52.160763675653179 ], [ 161.301096599823268, -51.851897178195394 ], [ 161.425744127994051, -51.312025818111962 ], [ 162.091728297937607, -51.076265842907162 ] ] ] ] } },
{ "type": "Feature", "properties": { "geogrid_id": "3051682975163208005", "seqnum": 57846.0, "lat_c": -51.682975056206082, "lon_c": 163.20800511412335, "res": 8.0, "count_Ferns": 0, "count_Flowering Plants": 0, "count_Basidiomycota": 0, "count_Insects": 0, "count_Arachnids": 0, "count_Gymnosperms": 0, "count_Mosses": 0, "count_Mammals": 1, "count_Molluscs": 0, "count_Birds": 12, "count_Sac Fungi": 0, "count_Reptiles": 0, "count_Amphibians": 0, "unique_species_count": 13.0, "countryCode": "NZ" }, "geometry": { "type": "MultiPolygon", "coordinates": [ [ [ [ 163.300368324019473, -51.134631580548088 ], [ 163.862705169082574, -51.433586117540003 ], [ 163.777681092763856, -51.982660068339371 ], [ 163.110008961526376, -52.22834486800302 ], [ 162.540806200739553, -51.925342746800972 ], [ 162.646067742539003, -51.380823892824822 ], [ 163.300368324019473, -51.134631580548088 ] ] ] ] } },
{ "type": "Feature", "properties": { "geogrid_id": "3051730065164432688", "seqnum": 57927.0, "lat_c": -51.730064536066109, "lon_c": 164.43268826328983, "res": 8.0, "count_Ferns": 0, "count_Flowering Plants": 0, "count_Basidiomycota": 0, "count_Insects": 0, "count_Arachnids": 0, "count_Gymnosperms": 0, "count_Mosses": 0, "count_Mammals": 0, "count_Molluscs": 0, "count_Birds": 1, "count_Sac Fungi": 0, "count_Reptiles": 0, "count_Amphibians": 0, "unique_species_count": 1.0, "countryCode": "NZ" }, "geometry": { "type": "MultiPolygon", "coordinates": [ [ [ [ 164.504253942929097, -51.177097772504936 ], [ 165.07440295397987, -51.470491953574943 ], [ 165.010452220342131, -52.024004695441008 ], [ 164.355236595638559, -52.279817553185467 ], [ 163.777681092763856, -51.982660068339371 ], [ 163.862705169082574, -51.433586117540003 ], [ 164.504253942929097, -51.177097772504936 ] ] ] ] } },
{ "type": "Feature", "properties": { "geogrid_id": "3051761336165652233", "seqnum": 58008.0, "lat_c": -51.761335864641758, "lon_c": 165.65223298203037, "res": 8.0, "count_Ferns": 0, "count_Flowering Plants": 0, "count_Basidiomycota": 0, "count_Insects": 0, "count_Arachnids": 0, "count_Gymnosperms": 0, "count_Mosses": 0, "count_Mammals": 1, "count_Molluscs": 5, "count_Birds": 2, "count_Sac Fungi": 1, "count_Reptiles": 0, "count_Amphibians": 0, "unique_species_count": 9.0, "countryCode": "NZ" }, "geometry": { "type": "MultiPolygon", "coordinates": [ [ [ [ 165.70215276667264, -51.203872925307131 ], [ 166.279934107166667, -51.491753415107574 ], [ 166.237872129347181, -52.049564883817077 ], [ 165.596131503921271, -52.315342456945459 ], [ 165.010452220342131, -52.024004695441008 ], [ 165.07440295397987, -51.470491953574943 ], [ 165.70215276667264, -51.203872925307131 ] ] ] ] } },
{ "type": "Feature", "properties": { "geogrid_id": "3051762548169267989", "seqnum": 58251.0, "lat_c": -51.762548461081664, "lon_c": 169.26798865354317, "res": 8.0, "count_Ferns": 0, "count_Flowering Plants": 0, "count_Basidiomycota": 0, "count_Insects": 0, "count_Arachnids": 0, "count_Gymnosperms": 0, "count_Mosses": 0, "count_Mammals": 2, "count_Molluscs": 11, "count_Birds": 4, "count_Sac Fungi": 0, "count_Reptiles": 0, "count_Amphibians": 0, "unique_species_count": 17.0, "countryCode": "NZ" }, "geometry": { "type": "MultiPolygon", "coordinates": [ [ [ [ 169.53568482593974, -51.323647774968428 ], [ 170.13901549402425, -51.593905162778547 ], [ 169.876018812670054, -52.033882612488867 ], [ 169.280518647706316, -52.328312293706688 ], [ 168.671818281494808, -52.054240305322097 ], [ 168.667760933457885, -51.488344640781563 ], [ 169.53568482593974, -51.323647774968428 ] ] ] ] } },
{ "type": "Feature", "properties": { "geogrid_id": "3051777005166865417", "seqnum": 58089.0, "lat_c": -51.777004760190152, "lon_c": 166.8654167680597, "res": 8.0, "count_Ferns": 0, "count_Flowering Plants": 0, "count_Basidiomycota": 0, "count_Insects": 0, "count_Arachnids": 0, "count_Gymnosperms": 0, "count_Mosses": 0, "count_Mammals": 1, "count_Molluscs": 7, "count_Birds": 8, "count_Sac Fungi": 0, "count_Reptiles": 0, "count_Amphibians": 0, "unique_species_count": 16.0, "countryCode": "NZ" }, "geometry": { "type": "MultiPolygon", "coordinates": [ [ [ [ 166.892864776466922, -51.215197218756543 ], [ 167.478104856025055, -51.497613535325378 ], [ 167.458722001392573, -52.059560263113802 ], [ 166.831447961891342, -52.335112491102315 ], [ 166.237872129347181, -52.049564883817077 ], [ 166.279934107166667, -51.491753415107574 ], [ 166.892864776466922, -51.215197218756543 ] ] ] ] } },
{ "type": "Feature", "properties": { "geogrid_id": "3051777317168071051", "seqnum": 58170.0, "lat_c": -51.777317351454364, "lon_c": 168.07105130134596, "res": 8.0, "count_Ferns": 0, "count_Flowering Plants": 0, "count_Basidiomycota": 0, "count_Insects": 0, "count_Arachnids": 0, "count_Gymnosperms": 0, "count_Mosses": 0, "count_Mammals": 2, "count_Molluscs": 14, "count_Birds": 13, "count_Sac Fungi": 0, "count_Reptiles": 0, "count_Amphibians": 0, "unique_species_count": 29.0, "countryCode": "NZ" }, "geometry": { "type": "MultiPolygon", "coordinates": [ [ [ [ 168.075228694689116, -51.211340766172761 ], [ 168.667760933457885, -51.488344640781563 ], [ 168.671818281494808, -52.054240305322097 ], [ 168.059970134512582, -52.339351414026062 ], [ 167.458722001392573, -52.059560263113802 ], [ 167.478104856025055, -51.497613535325378 ], [ 168.075228694689116, -51.211340766172761 ] ] ] ] } },
{ "type": "Feature", "properties": { "geogrid_id": "3051861238170750063", "seqnum": 58332.0, "lat_c": -51.861237752529576, "lon_c": 170.75006287351312, "res": 8.0, "count_Ferns": 0, "count_Flowering Plants": 0, "count_Basidiomycota": 0, "count_Insects": 0, "count_Arachnids": 0, "count_Gymnosperms": 0, "count_Mosses": 0, "count_Mammals": 3, "count_Molluscs": 8, "count_Birds": 7, "count_Sac Fungi": 0, "count_Reptiles": 0, "count_Amphibians": 0, "unique_species_count": 18.0, "countryCode": "NZ" }, "geometry": { "type": "MultiPolygon", "coordinates": [ [ [ [ 170.995750607525451, -51.416319952230886 ], [ 171.60966785831846, -51.679745265500195 ], [ 171.368925665702932, -52.125574268630956 ], [ 170.491956650525594, -52.302275795239545 ], [ 169.876018812670054, -52.033882612488867 ], [ 170.13901549402425, -51.593905162778547 ], [ 170.995750607525451, -51.416319952230886 ] ] ] ] } },
{ "type": "Feature", "properties": { "geogrid_id": "3051940118172231301", "seqnum": 58413.0, "lat_c": -51.940118400728515, "lon_c": 172.23130097466549, "res": 8.0, "count_Ferns": 0, "count_Flowering Plants": 0, "count_Basidiomycota": 0, "count_Insects": 0, "count_Arachnids": 0, "count_Gymnosperms": 0, "count_Mosses": 0, "count_Mammals": 2, "count_Molluscs": 5, "count_Birds": 4, "count_Sac Fungi": 0, "count_Reptiles": 0, "count_Amphibians": 0, "unique_species_count": 11.0, "countryCode": "NZ" }, "geometry": { "type": "MultiPolygon", "coordinates": [ [ [ [ 172.455605148060386, -51.490142417874289 ], [ 173.079844221536604, -51.746625466055981 ], [ 172.860739846041071, -52.197366723516019 ], [ 171.995700309677488, -52.38684179262529 ], [ 171.368925665702932, -52.125574268630956 ], [ 171.60966785831846, -51.679745265500195 ], [ 172.455605148060386, -51.490142417874289 ] ] ] ] } },
{ "type": "Feature", "properties": { "geogrid_id": "3051999928173711777", "seqnum": 58494.0, "lat_c": -51.999928118363052, "lon_c": 173.71177724788788, "res": 8.0, "count_Ferns": 0, "count_Flowering Plants": 0, "count_Basidiomycota": 0, "count_Insects": 0, "count_Arachnids": 0, "count_Gymnosperms": 0, "count_Mosses": 0, "count_Mammals": 0, "count_Molluscs": 9, "count_Birds": 0, "count_Sac Fungi": 0, "count_Reptiles": 0, "count_Amphibians": 0, "unique_species_count": 9.0, "countryCode": "NZ" }, "geometry": { "type": "MultiPolygon", "coordinates": [ [ [ [ 173.915243689324967, -51.545712303462011 ], [ 174.549495421924746, -51.795128341511138 ], [ 174.351484728300278, -52.249976609440644 ], [ 173.498071550946747, -52.451416004148243 ], [ 172.860739846041071, -52.197366723516019 ], [ 173.079844221536604, -51.746625466055981 ], [ 173.915243689324967, -51.545712303462011 ] ] ] ] } },
{ "type": "Feature", "properties": { "geogrid_id": "3052058178179622367", "seqnum": 58818.0, "lat_c": -52.058178303575446, "lon_c": 179.62236688625384, "res": 8.0, "count_Ferns": 0, "count_Flowering Plants": 0, "count_Basidiomycota": 0, "count_Insects": 0, "count_Arachnids": 0, "count_Gymnosperms": 0, "count_Mosses": 0, "count_Mammals": 0, "count_Molluscs": 0, "count_Birds": 1, "count_Sac Fungi": 0, "count_Reptiles": 0, "count_Amphibians": 0, "unique_species_count": 1.0, "countryCode": "NZ" }, "geometry": { "type": "MultiPolygon", "coordinates": [ [ [ [ 179.491207109842009, -52.521699812158964 ], [ 178.815336504044325, -52.297726107399356 ], [ 178.952876986944091, -51.834447880810536 ], [ 179.747008795541831, -51.593323314745028 ], [ 180.0, -51.676258342037727 ], [ 180.0, -52.368356212056561 ], [ 179.491207109842009, -52.521699812158964 ] ] ], [ [ [ -179.582462139108969, -51.813134696940651 ], [ -179.700697489045098, -52.27815030423568 ], [ -180.0, -52.368356212056561 ], [ -180.0, -51.676258342037727 ], [ -179.582462139108969, -51.813134696940651 ] ] ] ] } },
{ "type": "Feature", "properties": { "geogrid_id": "3052467182162430259", "seqnum": 57764.0, "lat_c": -52.467182149350336, "lon_c": 162.43025874762247, "res": 8.0, "count_Ferns": 0, "count_Flowering Plants": 0, "count_Basidiomycota": 0, "count_Insects": 0, "count_Arachnids": 0, "count_Gymnosperms": 0, "count_Mosses": 0, "count_Mammals": 0, "count_Molluscs": 0, "count_Birds": 13, "count_Sac Fungi": 0, "count_Reptiles": 0, "count_Amphibians": 0, "unique_species_count": 13.0, "countryCode": "NZ" }, "geometry": { "type": "MultiPolygon", "coordinates": [ [ [ [ 162.540806200739553, -51.925342746800972 ], [ 163.110008961526376, -52.22834486800302 ], [ 163.006874852329815, -52.771093091500212 ], [ 162.314824786891194, -53.00665812060786 ], [ 161.738980588766111, -52.699232028943271 ], [ 161.861717219405534, -52.160763675653179 ], [ 162.540806200739553, -51.925342746800972 ] ] ] ] } },
{ "type": "Feature", "properties": { "geogrid_id": "3052528830163687189", "seqnum": 57845.0, "lat_c": -52.528829524192467, "lon_c": 163.68718909435694, "res": 8.0, "count_Ferns": 0, "count_Flowering Plants": 0, "count_Basidiomycota": 0, "count_Insects": 0, "count_Arachnids": 0, "count_Gymnosperms": 0, "count_Mosses": 0, "count_Mammals": 1, "count_Molluscs": 0, "count_Birds": 1, "count_Sac Fungi": 0, "count_Reptiles": 0, "count_Amphibians": 0, "unique_species_count": 2.0, "countryCode": "NZ" }, "geometry": { "type": "MultiPolygon", "coordinates": [ [ [ [ 163.777681092763856, -51.982660068339371 ], [ 164.355236595638559, -52.279817553185467 ], [ 164.272494145558824, -52.826733981912433 ], [ 163.591719718321372, -53.072434623467707 ], [ 163.006874852329815, -52.771093091500212 ], [ 163.110008961526376, -52.22834486800302 ], [ 163.777681092763856, -51.982660068339371 ] ] ] ] } },
{ "type": "Feature", "properties": { "geogrid_id": "3052567655171115905", "seqnum": 58331.0, "lat_c": -52.567655015131649, "lon_c": 171.11590540653708, "res": 8.0, "count_Ferns": 0, "count_Flowering Plants": 0, "count_Basidiomycota": 0, "count_Insects": 0, "count_Arachnids": 0, "count_Gymnosperms": 0, "count_Mosses": 0, "count_Mammals": 3, "count_Molluscs": 7, "count_Birds": 5, "count_Sac Fungi": 0, "count_Reptiles": 0, "count_Amphibians": 0, "unique_species_count": 15.0, "countryCode": "NZ" }, "geometry": { "type": "MultiPolygon", "coordinates": [ [ [ [ 171.368925665702932, -52.125574268630956 ], [ 171.995700309677488, -52.38684179262529 ], [ 171.747966020825231, -52.829945577167052 ], [ 171.155323017602115, -53.13269504408651 ], [ 170.522162717579533, -52.867614174789672 ], [ 170.491956650525594, -52.302275795239545 ], [ 171.368925665702932, -52.125574268630956 ] ] ] ] } },
{ "type": "Feature", "properties": { "geogrid_id": "3052574384164940813", "seqnum": 57926.0, "lat_c": -52.574384013782655, "lon_c": 164.940812583667, "res": 8.0, "count_Ferns": 0, "count_Flowering Plants": 0, "count_Basidiomycota": 0, "count_Insects": 0, "count_Arachnids": 0, "count_Gymnosperms": 0, "count_Mosses": 0, "count_Mammals": 1, "count_Molluscs": 0, "count_Birds": 1, "count_Sac Fungi": 0, "count_Reptiles": 0, "count_Amphibians": 0, "unique_species_count": 2.0, "countryCode": "NZ" }, "geometry": { "type": "MultiPolygon", "coordinates": [ [ [ [ 165.010452220342131, -52.024004695441008 ], [ 165.596131503921271, -52.315342456945459 ], [ 165.534549848815487, -52.866293821289396 ], [ 164.866071716121638, -53.121993253150144 ], [ 164.272494145558824, -52.826733981912433 ], [ 164.355236595638559, -52.279817553185467 ], [ 165.010452220342131, -52.024004695441008 ] ] ] ] } },
{ "type": "Feature", "properties": { "geogrid_id": "3052599461169897264", "seqnum": 58250.0, "lat_c": -52.599461458343271, "lon_c": 169.89726366357027, "res": 8.0, "count_Ferns": 0, "count_Flowering Plants": 0, "count_Basidiomycota": 0, "count_Insects": 0, "count_Arachnids": 0, "count_Gymnosperms": 0, "count_Mosses": 0, "count_Mammals": 3, "count_Molluscs": 9, "count_Birds": 16, "count_Sac Fungi": 0, "count_Reptiles": 0, "count_Amphibians": 0, "unique_species_count": 28.0, "countryCode": "NZ" }, "geometry": { "type": "MultiPolygon", "coordinates": [ [ [ [ 169.876018812670054, -52.033882612488867 ], [ 170.491956650525594, -52.302275795239545 ], [ 170.522162717579533, -52.867614174789672 ], [ 169.912555874089605, -53.161426149692659 ], [ 169.286770244129031, -52.890357464865289 ], [ 169.280518647706316, -52.328312293706688 ], [ 169.876018812670054, -52.033882612488867 ] ] ] ] } },
{ "type": "Feature", "properties": { "geogrid_id": "3052604012166189860", "seqnum": 58007.0, "lat_c": -52.604011669988488, "lon_c": 166.18986021288526, "res": 8.0, "count_Ferns": 0, "count_Flowering Plants": 0, "count_Basidiomycota": 0, "count_Insects": 0, "count_Arachnids": 0, "count_Gymnosperms": 0, "count_Mosses": 0, "count_Mammals": 1, "count_Molluscs": 0, "count_Birds": 0, "count_Sac Fungi": 0, "count_Reptiles": 0, "count_Amphibians": 0, "unique_species_count": 1.0, "countryCode": "NZ" }, "geometry": { "type": "MultiPolygon", "coordinates": [ [ [ [ 166.237872129347181, -52.049564883817077 ], [ 166.831447961891342, -52.335112491102315 ], [ 166.791771847138904, -52.889944158192655 ], [ 166.13658878120313, -53.155479203230975 ], [ 165.534549848815487, -52.866293821289396 ], [ 165.596131503921271, -52.315342456945459 ], [ 166.237872129347181, -52.049564883817077 ] ] ] ] } },
{ "type": "Feature", "properties": { "geogrid_id": "3052616308168669280", "seqnum": 58169.0, "lat_c": -52.616307874769703, "lon_c": 168.66928031615322, "res": 8.0, "count_Ferns": 9, "count_Flowering Plants": 107, "count_Basidiomycota": 14, "count_Insects": 107, "count_Arachnids": 7, "count_Gymnosperms": 1, "count_Mosses": 106, "count_Mammals": 6, "count_Molluscs": 51, "count_Birds": 35, "count_Sac Fungi": 76, "count_Reptiles": 0, "count_Amphibians": 0, "unique_species_count": 519.0, "countryCode": "NZ" }, "geometry": { "type": "MultiPolygon", "coordinates": [ [ [ [ 168.671818281494808, -52.054240305322097 ], [ 169.280518647706316, -52.328312293706688 ], [ 169.286770244129031, -52.890357464865289 ], [ 168.661058111116517, -53.174972842311789 ], [ 168.042915834202404, -52.8978878047187 ], [ 168.059970134512582, -52.339351414026062 ], [ 168.671818281494808, -52.054240305322097 ] ] ] ] } },
{ "type": "Feature", "properties": { "geogrid_id": "3052617910167433087", "seqnum": 58088.0, "lat_c": -52.617910252430619, "lon_c": 167.43308727401873, "res": 8.0, "count_Ferns": 0, "count_Flowering Plants": 0, "count_Basidiomycota": 0, "count_Insects": 0, "count_Arachnids": 0, "count_Gymnosperms": 0, "count_Mosses": 0, "count_Mammals": 0, "count_Molluscs": 5, "count_Birds": 10, "count_Sac Fungi": 0, "count_Reptiles": 0, "count_Amphibians": 0, "unique_species_count": 15.0, "countryCode": "NZ" }, "geometry": { "type": "MultiPolygon", "coordinates": [ [ [ [ 167.458722001392573, -52.059560263113802 ], [ 168.059970134512582, -52.339351414026062 ], [ 168.042915834202404, -52.8978878047187 ], [ 167.401999053419104, -53.173069705867924 ], [ 166.791771847138904, -52.889944158192655 ], [ 166.831447961891342, -52.335112491102315 ], [ 167.458722001392573, -52.059560263113802 ] ] ] ] } },
{ "type": "Feature", "properties": { "geogrid_id": "3052644966172630481", "seqnum": 58412.0, "lat_c": -52.644965761523217, "lon_c": 172.63048068385172, "res": 8.0, "count_Ferns": 0, "count_Flowering Plants": 0, "count_Basidiomycota": 0, "count_Insects": 0, "count_Arachnids": 0, "count_Gymnosperms": 0, "count_Mosses": 0, "count_Mammals": 1, "count_Molluscs": 9, "count_Birds": 1, "count_Sac Fungi": 0, "count_Reptiles": 0, "count_Amphibians": 0, "unique_species_count": 11.0, "countryCode": "NZ" }, "geometry": { "type": "MultiPolygon", "coordinates": [ [ [ [ 172.860739846041071, -52.197366723516019 ], [ 173.498071550946747, -52.451416004148243 ], [ 173.273357791447893, -52.899869969361596 ], [ 172.388236818033931, -53.089071082368378 ], [ 171.747966020825231, -52.829945577167052 ], [ 171.995700309677488, -52.38684179262529 ], [ 172.860739846041071, -52.197366723516019 ] ] ] ] } },
{ "type": "Feature", "properties": { "geogrid_id": "3052702190174143380", "seqnum": 58493.0, "lat_c": -52.70219042432123, "lon_c": 174.1433800461794, "res": 8.0, "count_Ferns": 0, "count_Flowering Plants": 0, "count_Basidiomycota": 0, "count_Insects": 0, "count_Arachnids": 0, "count_Gymnosperms": 0, "count_Mosses": 0, "count_Mammals": 0, "count_Molluscs": 4, "count_Birds": 1, "count_Sac Fungi": 0, "count_Reptiles": 0, "count_Amphibians": 0, "unique_species_count": 5.0, "countryCode": "NZ" }, "geometry": { "type": "MultiPolygon", "coordinates": [ [ [ [ 174.351484728300278, -52.249976609440644 ], [ 174.999043812961617, -52.496695637924383 ], [ 174.7967458410684, -52.949612587341569 ], [ 173.924419429807017, -53.151476572267526 ], [ 173.273357791447893, -52.899869969361596 ], [ 173.498071550946747, -52.451416004148243 ], [ 174.351484728300278, -52.249976609440644 ] ] ] ] } },
{ "type": "Feature", "properties": { "geogrid_id": "3052758956177163705", "seqnum": 58655.0, "lat_c": -52.758955760888981, "lon_c": 177.16370486890841, "res": 8.0, "count_Ferns": 0, "count_Flowering Plants": 0, "count_Basidiomycota": 0, "count_Insects": 0, "count_Arachnids": 0, "count_Gymnosperms": 0, "count_Mosses": 0, "count_Mammals": 0, "count_Molluscs": 0, "count_Birds": 1, "count_Sac Fungi": 0, "count_Reptiles": 0, "count_Amphibians": 0, "unique_species_count": 1.0, "countryCode": "NZ" }, "geometry": { "type": "MultiPolygon", "coordinates": [ [ [ [ 177.329096186180465, -52.299759655559662 ], [ 177.99595815481473, -52.531443939854469 ], [ 177.836880151240564, -52.991069079571723 ], [ 176.989545128774921, -53.21610023957075 ], [ 176.318006711342377, -52.979836516540672 ], [ 176.49843894697284, -52.523226724096816 ], [ 177.329096186180465, -52.299759655559662 ] ] ] ] } },
{ "type": "Feature", "properties": { "geogrid_id": "3053344953173036813", "seqnum": 58411.0, "lat_c": -53.344953428055398, "lon_c": 173.03681317381125, "res": 8.0, "count_Ferns": 0, "count_Flowering Plants": 0, "count_Basidiomycota": 0, "count_Insects": 0, "count_Arachnids": 0, "count_Gymnosperms": 0, "count_Mosses": 0, "count_Mammals": 2, "count_Molluscs": 4, "count_Birds": 1, "count_Sac Fungi": 0, "count_Reptiles": 0, "count_Amphibians": 0, "unique_species_count": 7.0, "countryCode": "NZ" }, "geometry": { "type": "MultiPolygon", "coordinates": [ [ [ [ 173.273357791447893, -52.899869969361596 ], [ 173.924419429807017, -53.151476572267526 ], [ 173.693787163802341, -53.597512811877323 ], [ 173.105403827875165, -53.908725875683857 ], [ 172.446843321379646, -53.653330744729047 ], [ 172.388236818033931, -53.089071082368378 ], [ 173.273357791447893, -52.899869969361596 ] ] ] ] } },
{ "type": "Feature", "properties": { "geogrid_id": "3053371142164184948", "seqnum": 57844.0, "lat_c": -53.371142489617277, "lon_c": 164.18494783837309, "res": 8.0, "count_Ferns": 0, "count_Flowering Plants": 0, "count_Basidiomycota": 0, "count_Insects": 0, "count_Arachnids": 0, "count_Gymnosperms": 0, "count_Mosses": 0, "count_Mammals": 1, "count_Molluscs": 0, "count_Birds": 2, "count_Sac Fungi": 0, "count_Reptiles": 0, "count_Amphibians": 0, "unique_species_count": 3.0, "countryCode": "NZ" }, "geometry": { "type": "MultiPolygon", "coordinates": [ [ [ [ 164.272494145558824, -52.826733981912433 ], [ 164.866071716121638, -53.121993253150144 ], [ 164.786713782847215, -53.667150049014424 ], [ 164.092995447476369, -53.913330829340026 ], [ 163.491670592237995, -53.613772227079323 ], [ 163.591719718321372, -53.072434623467707 ], [ 164.272494145558824, -52.826733981912433 ] ] ] ] } },
{ "type": "Feature", "properties": { "geogrid_id": "3053394627171796849", "seqnum": 58330.0, "lat_c": -53.394626887510221, "lon_c": 171.79684926689882, "res": 8.0, "count_Ferns": 0, "count_Flowering Plants": 0, "count_Basidiomycota": 0, "count_Insects": 0, "count_Arachnids": 0, "count_Gymnosperms": 0, "count_Mosses": 0, "count_Mammals": 2, "count_Molluscs": 4, "count_Birds": 2, "count_Sac Fungi": 0, "count_Reptiles": 0, "count_Amphibians": 0, "unique_species_count": 8.0, "countryCode": "NZ" }, "geometry": { "type": "MultiPolygon", "coordinates": [ [ [ [ 171.747966020825231, -52.829945577167052 ], [ 172.388236818033931, -53.089071082368378 ], [ 172.446843321379646, -53.653330744729047 ], [ 171.840813735393311, -53.955978439643815 ], [ 171.189467467619664, -53.694315341499617 ], [ 171.155323017602115, -53.13269504408651 ], [ 171.747966020825231, -52.829945577167052 ] ] ] ] } },
{ "type": "Feature", "properties": { "geogrid_id": "3053399706174583750", "seqnum": 58492.0, "lat_c": -53.39970609731909, "lon_c": 174.58374984352741, "res": 8.0, "count_Ferns": 0, "count_Flowering Plants": 4, "count_Basidiomycota": 0, "count_Insects": 0, "count_Arachnids": 0, "count_Gymnosperms": 0, "count_Mosses": 0, "count_Mammals": 0, "count_Molluscs": 0, "count_Birds": 1, "count_Sac Fungi": 0, "count_Reptiles": 0, "count_Amphibians": 0, "unique_species_count": 5.0, "countryCode": "NZ" }, "geometry": { "type": "MultiPolygon", "coordinates": [ [ [ [ 174.7967458410684, -52.949612587341569 ], [ 175.458245656801751, -53.193603532090826 ], [ 175.251429361522469, -53.644477455500791 ], [ 174.359247195112061, -53.846667739907296 ], [ 173.693787163802341, -53.597512811877323 ], [ 173.924419429807017, -53.151476572267526 ], [ 174.7967458410684, -52.949612587341569 ] ] ] ] } },
{ "type": "Feature", "properties": { "geogrid_id": "3053414540165468069", "seqnum": 57925.0, "lat_c": -53.414540085535705, "lon_c": 165.46806923002535, "res": 8.0, "count_Ferns": 0, "count_Flowering Plants": 0, "count_Basidiomycota": 0, "count_Insects": 0, "count_Arachnids": 0, "count_Gymnosperms": 0, "count_Mosses": 0, "count_Mammals": 4, "count_Molluscs": 0, "count_Birds": 7, "count_Sac Fungi": 0, "count_Reptiles": 0, "count_Amphibians": 0, "unique_species_count": 11.0, "countryCode": "NZ" }, "geometry": { "type": "MultiPolygon", "coordinates": [ [ [ [ 165.534549848815487, -52.866293821289396 ], [ 166.13658878120313, -53.155479203230975 ], [ 166.07863368064784, -53.704304951652368 ], [ 165.397171946675883, -53.960388265640916 ], [ 164.786713782847215, -53.667150049014424 ], [ 164.866071716121638, -53.121993253150144 ], [ 165.534549848815487, -52.866293821289396 ] ] ] ] } },
{ "type": "Feature", "properties": { "geogrid_id": "3053429438170546751", "seqnum": 58249.0, "lat_c": -53.429438031202707, "lon_c": 170.5467511088188, "res": 8.0, "count_Ferns": 0, "count_Flowering Plants": 0, "count_Basidiomycota": 0, "count_Insects": 0, "count_Arachnids": 0, "count_Gymnosperms": 0, "count_Mosses": 0, "count_Mammals": 2, "count_Molluscs": 11, "count_Birds": 3, "count_Sac Fungi": 0, "count_Reptiles": 0, "count_Amphibians": 0, "unique_species_count": 16.0, "countryCode": "NZ" }, "geometry": { "type": "MultiPolygon", "coordinates": [ [ [ [ 170.522162717579533, -52.867614174789672 ], [ 171.155323017602115, -53.13269504408651 ], [ 171.189467467619664, -53.694315341499617 ], [ 170.566586107302157, -53.98812043998258 ], [ 169.922773404815189, -53.720166369427979 ], [ 169.912555874089605, -53.161426149692659 ], [ 170.522162717579533, -52.867614174789672 ] ] ] ] } },
{ "type": "Feature", "properties": { "geogrid_id": "3053441870166747069", "seqnum": 58006.0, "lat_c": -53.441870231490384, "lon_c": 166.74706911513414, "res": 8.0, "count_Ferns": 0, "count_Flowering Plants": 0, "count_Basidiomycota": 0, "count_Insects": 0, "count_Arachnids": 0, "count_Gymnosperms": 0, "count_Mosses": 0, "count_Mammals": 1, "count_Molluscs": 2, "count_Birds": 6, "count_Sac Fungi": 0, "count_Reptiles": 0, "count_Amphibians": 0, "unique_species_count": 9.0, "countryCode": "NZ" }, "geometry": { "type": "MultiPolygon", "coordinates": [ [ [ [ 166.791771847138904, -52.889944158192655 ], [ 167.401999053419104, -53.173069705867924 ], [ 167.366129653183464, -53.725394810564744 ], [ 166.697911354235032, -53.991216038040186 ], [ 166.07863368064784, -53.704304951652368 ], [ 166.13658878120313, -53.155479203230975 ], [ 166.791771847138904, -52.889944158192655 ] ] ] ] } },
{ "type": "Feature", "properties": { "geogrid_id": "3053449091169287637", "seqnum": 58168.0, "lat_c": -53.449091105205085, "lon_c": 169.28763697944507, "res": 8.0, "count_Ferns": 0, "count_Flowering Plants": 0, "count_Basidiomycota": 0, "count_Insects": 0, "count_Arachnids": 0, "count_Gymnosperms": 0, "count_Mosses": 2, "count_Mammals": 2, "count_Molluscs": 10, "count_Birds": 5, "count_Sac Fungi": 0, "count_Reptiles": 0, "count_Amphibians": 0, "unique_species_count": 19.0, "countryCode": "NZ" }, "geometry": { "type": "MultiPolygon", "coordinates": [ [ [ [ 169.286770244129031, -52.890357464865289 ], [ 169.912555874089605, -53.161426149692659 ], [ 169.922773404815189, -53.720166369427979 ], [ 169.283881846382343, -54.004871702240017 ], [ 168.647924831262998, -53.730608845494615 ], [ 168.661058111116517, -53.174972842311789 ], [ 169.286770244129031, -52.890357464865289 ] ] ] ] } },
{ "type": "Feature", "properties": { "geogrid_id": "3053453316168020673", "seqnum": 58087.0, "lat_c": -53.453316045327746, "lon_c": 168.02067335024009, "res": 8.0, "count_Ferns": 0, "count_Flowering Plants": 0, "count_Basidiomycota": 0, "count_Insects": 0, "count_Arachnids": 0, "count_Gymnosperms": 0, "count_Mosses": 0, "count_Mammals": 1, "count_Molluscs": 4, "count_Birds": 1, "count_Sac Fungi": 0, "count_Reptiles": 0, "count_Amphibians": 0, "unique_species_count": 6.0, "countryCode": "NZ" }, "geometry": { "type": "MultiPolygon", "coordinates": [ [ [ [ 168.042915834202404, -52.8978878047187 ], [ 168.661058111116517, -53.174972842311789 ], [ 168.647924831262998, -53.730608845494615 ], [ 167.99390796747673, -54.005978666596299 ], [ 167.366129653183464, -53.725394810564744 ], [ 167.401999053419104, -53.173069705867924 ], [ 168.042915834202404, -52.8978878047187 ] ] ] ] } },
{ "type": "Feature", "properties": { "geogrid_id": "3054160730173772626", "seqnum": 58410.0, "lat_c": -54.160729766526416, "lon_c": 173.77262584329816, "res": 8.0, "count_Ferns": 0, "count_Flowering Plants": 0, "count_Basidiomycota": 0, "count_Insects": 0, "count_Arachnids": 0, "count_Gymnosperms": 0, "count_Mosses": 0, "count_Mammals": 1, "count_Molluscs": 1, "count_Birds": 0, "count_Sac Fungi": 0, "count_Reptiles": 0, "count_Amphibians": 0, "unique_species_count": 2.0, "countryCode": "NZ" }, "geometry": { "type": "MultiPolygon", "coordinates": [ [ [ [ 173.693787163802341, -53.597512811877323 ], [ 174.359247195112061, -53.846667739907296 ], [ 174.44860043468077, -54.409258139957927 ], [ 173.847670877277125, -54.720857992209694 ], [ 173.169815215386791, -54.469334076751664 ], [ 173.105403827875165, -53.908725875683857 ], [ 173.693787163802341, -53.597512811877323 ] ] ] ] } },
{ "type": "Feature", "properties": { "geogrid_id": "3054210133164703137", "seqnum": 57843.0, "lat_c": -54.210133339292156, "lon_c": 164.70313745603454, "res": 8.0, "count_Ferns": 0, "count_Flowering Plants": 0, "count_Basidiomycota": 0, "count_Insects": 0, "count_Arachnids": 0, "count_Gymnosperms": 0, "count_Mosses": 0, "count_Mammals": 1, "count_Molluscs": 0, "count_Birds": 2, "count_Sac Fungi": 0, "count_Reptiles": 0, "count_Amphibians": 0, "unique_species_count": 3.0, "countryCode": "NZ" }, "geometry": { "type": "MultiPolygon", "coordinates": [ [ [ [ 164.786713782847215, -53.667150049014424 ], [ 165.397171946675883, -53.960388265640916 ], [ 165.322258368660158, -54.504108760184693 ], [ 164.615670224283804, -54.751189149141645 ], [ 163.996960713791935, -54.453552065459263 ], [ 164.092995447476369, -53.913330829340026 ], [ 164.786713782847215, -53.667150049014424 ] ] ] ] } },
{ "type": "Feature", "properties": { "geogrid_id": "3054214346172500896", "seqnum": 58329.0, "lat_c": -54.214345812035837, "lon_c": 172.50089559110003, "res": 8.0, "count_Ferns": 0, "count_Flowering Plants": 0, "count_Basidiomycota": 0, "count_Insects": 0, "count_Arachnids": 0, "count_Gymnosperms": 0, "count_Mosses": 0, "count_Mammals": 1, "count_Molluscs": 0, "count_Birds": 0, "count_Sac Fungi": 0, "count_Reptiles": 0, "count_Amphibians": 0, "unique_species_count": 1.0, "countryCode": "NZ" }, "geometry": { "type": "MultiPolygon", "coordinates": [ [ [ [ 172.446843321379646, -53.653330744729047 ], [ 173.105403827875165, -53.908725875683857 ], [ 173.169815215386791, -54.469334076751664 ], [ 172.551227711628542, -54.77244391188627 ], [ 171.880701823359601, -54.514342343663799 ], [ 171.840813735393311, -53.955978439643815 ], [ 172.446843321379646, -53.653330744729047 ] ] ] ] } },
{ "type": "Feature", "properties": { "geogrid_id": "3054250786166016476", "seqnum": 57924.0, "lat_c": -54.250785697755802, "lon_c": 166.01647627254135, "res": 8.0, "count_Ferns": 0, "count_Flowering Plants": 0, "count_Basidiomycota": 0, "count_Insects": 0, "count_Arachnids": 0, "count_Gymnosperms": 0, "count_Mosses": 0, "count_Mammals": 0, "count_Molluscs": 0, "count_Birds": 1, "count_Sac Fungi": 0, "count_Reptiles": 0, "count_Amphibians": 0, "unique_species_count": 1.0, "countryCode": "NZ" }, "geometry": { "type": "MultiPolygon", "coordinates": [ [ [ [ 166.07863368064784, -53.704304951652368 ], [ 166.697911354235032, -53.991216038040186 ], [ 166.644779949077048, -54.538268487014228 ], [ 165.950519467879786, -54.795183559171008 ], [ 165.322258368660158, -54.504108760184693 ], [ 165.397171946675883, -53.960388265640916 ], [ 166.07863368064784, -53.704304951652368 ] ] ] ] } },
{ "type": "Feature", "properties": { "geogrid_id": "3054252873171219191", "seqnum": 58248.0, "lat_c": -54.252873146734721, "lon_c": 171.21919120301646, "res": 8.0, "count_Ferns": 0, "count_Flowering Plants": 0, "count_Basidiomycota": 0, "count_Insects": 0, "count_Arachnids": 0, "count_Gymnosperms": 0, "count_Mosses": 0, "count_Mammals": 1, "count_Molluscs": 2, "count_Birds": 1, "count_Sac Fungi": 0, "count_Reptiles": 0, "count_Amphibians": 0, "unique_species_count": 4.0, "countryCode": "NZ" }, "geometry": { "type": "MultiPolygon", "coordinates": [ [ [ [ 171.189467467619664, -53.694315341499617 ], [ 171.840813735393311, -53.955978439643815 ], [ 171.880701823359601, -54.514342343663799 ], [ 171.245236094299685, -54.808685336685727 ], [ 170.582415084942284, -54.543991561448479 ], [ 170.566586107302157, -53.98812043998258 ], [ 171.189467467619664, -53.694315341499617 ] ] ] ] } },
{ "type": "Feature", "properties": { "geogrid_id": "3054275199167326048", "seqnum": 58005.0, "lat_c": -54.275199234457638, "lon_c": 167.3260475294272, "res": 8.0, "count_Ferns": 0, "count_Flowering Plants": 0, "count_Basidiomycota": 0, "count_Insects": 0, "count_Arachnids": 0, "count_Gymnosperms": 0, "count_Mosses": 0, "count_Mammals": 0, "count_Molluscs": 2, "count_Birds": 3, "count_Sac Fungi": 0, "count_Reptiles": 0, "count_Amphibians": 0, "unique_species_count": 5.0, "countryCode": "NZ" }, "geometry": { "type": "MultiPolygon", "coordinates": [ [ [ [ 167.366129653183464, -53.725394810564744 ], [ 167.99390796747673, -54.005978666596299 ], [ 167.963186151855183, -54.556178123955384 ], [ 167.28223508292902, -54.822760347942904 ], [ 166.644779949077048, -54.538268487014228 ], [ 166.697911354235032, -53.991216038040186 ], [ 167.366129653183464, -53.725394810564744 ] ] ] ] } },
{ "type": "Feature", "properties": { "geogrid_id": "3054276026169928671", "seqnum": 58167.0, "lat_c": -54.276026130904654, "lon_c": 169.92867065986604, "res": 8.0, "count_Ferns": 0, "count_Flowering Plants": 0, "count_Basidiomycota": 0, "count_Insects": 0, "count_Arachnids": 0, "count_Gymnosperms": 0, "count_Mosses": 0, "count_Mammals": 1, "count_Molluscs": 0, "count_Birds": 0, "count_Sac Fungi": 0, "count_Reptiles": 0, "count_Amphibians": 0, "unique_species_count": 1.0, "countryCode": "NZ" }, "geometry": { "type": "MultiPolygon", "coordinates": [ [ [ [ 169.922773404815189, -53.720166369427979 ], [ 170.566586107302157, -53.98812043998258 ], [ 170.582415084942284, -54.543991561448479 ], [ 169.930899890934569, -54.829310291923328 ], [ 169.27616010244401, -54.558016165946832 ], [ 169.283881846382343, -54.004871702240017 ], [ 169.922773404815189, -53.720166369427979 ] ] ] ] } },
{ "type": "Feature", "properties": { "geogrid_id": "3054283545168630540", "seqnum": 58086.0, "lat_c": -54.283545337679996, "lon_c": 168.63054007732873, "res": 8.0, "count_Ferns": 0, "count_Flowering Plants": 0, "count_Basidiomycota": 0, "count_Insects": 0, "count_Arachnids": 0, "count_Gymnosperms": 0, "count_Mosses": 0, "count_Mammals": 1, "count_Molluscs": 0, "count_Birds": 1, "count_Sac Fungi": 0, "count_Reptiles": 0, "count_Amphibians": 0, "unique_species_count": 2.0, "countryCode": "NZ" }, "geometry": { "type": "MultiPolygon", "coordinates": [ [ [ [ 168.647924831262998, -53.730608845494615 ], [ 169.283881846382343, -54.004871702240017 ], [ 169.27616010244401, -54.558016165946832 ], [ 168.609469482853143, -54.83407397431079 ], [ 167.963186151855183, -54.556178123955384 ], [ 167.99390796747673, -54.005978666596299 ], [ 168.647924831262998, -53.730608845494615 ] ] ] ] } },
{ "type": "Feature", "properties": { "geogrid_id": "3055045941165243660", "seqnum": 57842.0, "lat_c": -55.045940729450074, "lon_c": 165.24366049499969, "res": 8.0, "count_Ferns": 0, "count_Flowering Plants": 0, "count_Basidiomycota": 0, "count_Insects": 0, "count_Arachnids": 0, "count_Gymnosperms": 0, "count_Mosses": 0, "count_Mammals": 1, "count_Molluscs": 0, "count_Birds": 0, "count_Sac Fungi": 0, "count_Reptiles": 0, "count_Amphibians": 0, "unique_species_count": 1.0, "countryCode": "NZ" }, "geometry": { "type": "MultiPolygon", "coordinates": [ [ [ [ 165.322258368660158, -54.504108760184693 ], [ 165.950519467879786, -54.795183559171008 ], [ 165.881100590183252, -55.337730993977971 ], [ 165.161652827198537, -55.586096571603029 ], [ 164.524579812541702, -55.290535386999736 ], [ 164.615670224283804, -54.751189149141645 ], [ 165.322258368660158, -54.504108760184693 ] ] ] ] } },
{ "type": "Feature", "properties": { "geogrid_id": "3055070023171917251", "seqnum": 58247.0, "lat_c": -55.070022714067512, "lon_c": 171.91725140605737, "res": 8.0, "count_Ferns": 0, "count_Flowering Plants": 0, "count_Basidiomycota": 0, "count_Insects": 0, "count_Arachnids": 0, "count_Gymnosperms": 0, "count_Mosses": 0, "count_Mammals": 2, "count_Molluscs": 1, "count_Birds": 0, "count_Sac Fungi": 0, "count_Reptiles": 0, "count_Amphibians": 0, "unique_species_count": 3.0, "countryCode": "NZ" }, "geometry": { "type": "MultiPolygon", "coordinates": [ [ [ [ 171.880701823359601, -54.514342343663799 ], [ 172.551227711628542, -54.77244391188627 ], [ 172.598575044869506, -55.327916871482302 ], [ 171.9511137036192, -55.623290800786066 ], [ 171.268252379035204, -55.362033977216001 ], [ 171.245236094299685, -54.808685336685727 ], [ 171.880701823359601, -54.514342343663799 ] ] ] ] } },
{ "type": "Feature", "properties": { "geogrid_id": "3055083282166588081", "seqnum": 57923.0, "lat_c": -55.08328165570159, "lon_c": 166.58808123820666, "res": 8.0, "count_Ferns": 0, "count_Flowering Plants": 0, "count_Basidiomycota": 0, "count_Insects": 0, "count_Arachnids": 0, "count_Gymnosperms": 0, "count_Mosses": 0, "count_Mammals": 1, "count_Molluscs": 0, "count_Birds": 3, "count_Sac Fungi": 0, "count_Reptiles": 0, "count_Amphibians": 0, "unique_species_count": 4.0, "countryCode": "NZ" }, "geometry": { "type": "MultiPolygon", "coordinates": [ [ [ [ 166.644779949077048, -54.538268487014228 ], [ 167.28223508292902, -54.822760347942904 ], [ 167.235103007756749, -55.368324410464574 ], [ 166.528158733618511, -55.626481450142983 ], [ 165.881100590183252, -55.337730993977971 ], [ 165.950519467879786, -54.795183559171008 ], [ 166.644779949077048, -54.538268487014228 ] ] ] ] } },
{ "type": "Feature", "properties": { "geogrid_id": "3055097345170594889", "seqnum": 58166.0, "lat_c": -55.097344651671015, "lon_c": 170.59488862147921, "res": 8.0, "count_Ferns": 0, "count_Flowering Plants": 0, "count_Basidiomycota": 0, "count_Insects": 0, "count_Arachnids": 0, "count_Gymnosperms": 0, "count_Mosses": 0, "count_Mammals": 1, "count_Molluscs": 0, "count_Birds": 1, "count_Sac Fungi": 0, "count_Reptiles": 0, "count_Amphibians": 0, "unique_species_count": 2.0, "countryCode": "NZ" }, "geometry": { "type": "MultiPolygon", "coordinates": [ [ [ [ 170.582415084942284, -54.543991561448479 ], [ 171.245236094299685, -54.808685336685727 ], [ 171.268252379035204, -55.362033977216001 ], [ 170.604576942399689, -55.648441117162278 ], [ 169.930028598327453, -55.380290014853202 ], [ 169.930899890934569, -54.829310291923328 ], [ 170.582415084942284, -54.543991561448479 ] ] ] ] } },
{ "type": "Feature", "properties": { "geogrid_id": "3055104183167928992", "seqnum": 58004.0, "lat_c": -55.104182558364187, "lon_c": 167.92899234354718, "res": 8.0, "count_Ferns": 0, "count_Flowering Plants": 0, "count_Basidiomycota": 0, "count_Insects": 0, "count_Arachnids": 0, "count_Gymnosperms": 0, "count_Mosses": 0, "count_Mammals": 1, "count_Molluscs": 0, "count_Birds": 0, "count_Sac Fungi": 0, "count_Reptiles": 0, "count_Amphibians": 0, "unique_species_count": 1.0, "countryCode": "NZ" }, "geometry": { "type": "MultiPolygon", "coordinates": [ [ [ [ 167.963186151855183, -54.556178123955384 ], [ 168.609469482853143, -54.83407397431079 ], [ 168.585200579617464, -55.382453951358549 ], [ 167.891742559978724, -55.650230615499808 ], [ 167.235103007756749, -55.368324410464574 ], [ 167.28223508292902, -54.822760347942904 ], [ 167.963186151855183, -54.556178123955384 ] ] ] ] } },
{ "type": "Feature", "properties": { "geogrid_id": "3055108806169265038", "seqnum": 58085.0, "lat_c": -55.108805731370772, "lon_c": 169.26503772138267, "res": 8.0, "count_Ferns": 0, "count_Flowering Plants": 0, "count_Basidiomycota": 0, "count_Insects": 0, "count_Arachnids": 0, "count_Gymnosperms": 0, "count_Mosses": 0, "count_Mammals": 1, "count_Molluscs": 0, "count_Birds": 1, "count_Sac Fungi": 0, "count_Reptiles": 0, "count_Amphibians": 0, "unique_species_count": 2.0, "countryCode": "NZ" }, "geometry": { "type": "MultiPolygon", "coordinates": [ [ [ [ 169.27616010244401, -54.558016165946832 ], [ 169.930899890934569, -54.829310291923328 ], [ 169.930028598327453, -55.380290014853202 ], [ 169.251006406105517, -55.657490909357499 ], [ 168.585200579617464, -55.382453951358549 ], [ 168.609469482853143, -54.83407397431079 ], [ 169.27616010244401, -54.558016165946832 ] ] ] ] } },
{ "type": "Feature", "properties": { "geogrid_id": "3055878635165808502", "seqnum": 57841.0, "lat_c": -55.878634980734013, "lon_c": 165.80850174203022, "res": 8.0, "count_Ferns": 0, "count_Flowering Plants": 0, "count_Basidiomycota": 0, "count_Insects": 0, "count_Arachnids": 0, "count_Gymnosperms": 0, "count_Mosses": 0, "count_Mammals": 1, "count_Molluscs": 0, "count_Birds": 0, "count_Sac Fungi": 0, "count_Reptiles": 0, "count_Amphibians": 0, "unique_species_count": 1.0, "countryCode": "NZ" }, "geometry": { "type": "MultiPolygon", "coordinates": [ [ [ [ 165.881100590183252, -55.337730993977971 ], [ 166.528158733618511, -55.626481450142983 ], [ 166.465303018463885, -56.168069510686834 ], [ 165.732958193744622, -56.418080524609252 ], [ 165.076461123782479, -56.124765664477891 ], [ 165.161652827198537, -55.586096571603029 ], [ 165.881100590183252, -55.337730993977971 ] ] ] ] } },
{ "type": "Feature", "properties": { "geogrid_id": "3055912111167185002", "seqnum": 57922.0, "lat_c": -55.912110912909569, "lon_c": 167.18500191668372, "res": 8.0, "count_Ferns": 0, "count_Flowering Plants": 0, "count_Basidiomycota": 0, "count_Insects": 0, "count_Arachnids": 0, "count_Gymnosperms": 0, "count_Mosses": 0, "count_Mammals": 1, "count_Molluscs": 0, "count_Birds": 1, "count_Sac Fungi": 0, "count_Reptiles": 0, "count_Amphibians": 0, "unique_species_count": 2.0, "countryCode": "NZ" }, "geometry": { "type": "MultiPolygon", "coordinates": [ [ [ [ 167.235103007756749, -55.368324410464574 ], [ 167.891742559978724, -55.650230615499808 ], [ 167.851795473571343, -56.194535493987765 ], [ 167.132231806437943, -56.454316228522636 ], [ 166.465303018463885, -56.168069510686834 ], [ 166.528158733618511, -55.626481450142983 ], [ 167.235103007756749, -55.368324410464574 ] ] ] ] } },
{ "type": "Feature", "properties": { "geogrid_id": "3055913171171288814", "seqnum": 58165.0, "lat_c": -55.913171005781138, "lon_c": 171.28881421700316, "res": 8.0, "count_Ferns": 0, "count_Flowering Plants": 0, "count_Basidiomycota": 0, "count_Insects": 0, "count_Arachnids": 0, "count_Gymnosperms": 0, "count_Mosses": 0, "count_Mammals": 0, "count_Molluscs": 1, "count_Birds": 0, "count_Sac Fungi": 0, "count_Reptiles": 0, "count_Amphibians": 0, "unique_species_count": 1.0, "countryCode": "NZ" }, "geometry": { "type": "MultiPolygon", "coordinates": [ [ [ [ 171.268252379035204, -55.362033977216001 ], [ 171.9511137036192, -55.623290800786066 ], [ 171.982868027522073, -56.174389329813543 ], [ 171.307432543618631, -56.462322195152815 ], [ 170.611983430624065, -56.19751478110927 ], [ 170.604576942399689, -55.648441117162278 ], [ 171.268252379035204, -55.362033977216001 ] ] ] ] } },
{ "type": "Feature", "properties": { "geogrid_id": "3055928916168558156", "seqnum": 58003.0, "lat_c": -55.928916486114929, "lon_c": 168.55815571425853, "res": 8.0, "count_Ferns": 0, "count_Flowering Plants": 0, "count_Basidiomycota": 0, "count_Insects": 0, "count_Arachnids": 0, "count_Gymnosperms": 0, "count_Mosses": 0, "count_Mammals": 1, "count_Molluscs": 0, "count_Birds": 0, "count_Sac Fungi": 0, "count_Reptiles": 0, "count_Amphibians": 0, "unique_species_count": 1.0, "countryCode": "NZ" }, "geometry": { "type": "MultiPolygon", "coordinates": [ [ [ [ 168.585200579617464, -55.382453951358549 ], [ 169.251006406105517, -55.657490909357499 ], [ 169.234495874228713, -56.204295655238383 ], [ 168.528702622265484, -56.473668593175248 ], [ 167.851795473571343, -56.194535493987765 ], [ 167.891742559978724, -55.650230615499808 ], [ 168.585200579617464, -55.382453951358549 ] ] ] ] } },
{ "type": "Feature", "properties": { "geogrid_id": "3055929207169926554", "seqnum": 58084.0, "lat_c": -55.929207360964433, "lon_c": 169.92655376096025, "res": 8.0, "count_Ferns": 0, "count_Flowering Plants": 0, "count_Basidiomycota": 0, "count_Insects": 0, "count_Arachnids": 0, "count_Gymnosperms": 0, "count_Mosses": 0, "count_Mammals": 1, "count_Molluscs": 0, "count_Birds": 0, "count_Sac Fungi": 0, "count_Reptiles": 0, "count_Amphibians": 0, "unique_species_count": 1.0, "countryCode": "NZ" }, "geometry": { "type": "MultiPolygon", "coordinates": [ [ [ [ 169.930028598327453, -55.380290014853202 ], [ 170.604576942399689, -55.648441117162278 ], [ 170.611983430624065, -56.19751478110927 ], [ 169.920913542707297, -56.476279170853921 ], [ 169.234495874228713, -56.204295655238383 ], [ 169.251006406105517, -55.657490909357499 ], [ 169.930028598327453, -55.380290014853202 ] ] ] ] } },
{ "type": "Feature", "properties": { "geogrid_id": "7425976039179145447", "seqnum": 62871.0, "lat_c": -25.976038797676406, "lon_c": -179.14544673798349, "res": 8.0, "count_Ferns": 0, "count_Flowering Plants": 0, "count_Basidiomycota": 0, "count_Insects": 0, "count_Arachnids": 0, "count_Gymnosperms": 0, "count_Mosses": 0, "count_Mammals": 1, "count_Molluscs": 0, "count_Birds": 3, "count_Sac Fungi": 0, "count_Reptiles": 0, "count_Amphibians": 0, "unique_species_count": 4.0, "countryCode": "NZ" }, "geometry": { "type": "MultiPolygon", "coordinates": [ [ [ [ -178.630387759643128, -25.750353999020192 ], [ -178.688651605837862, -26.228557137180761 ], [ -179.206156261074, -26.453944404589684 ], [ -179.662698655950493, -26.199988318269003 ], [ -179.599159355523398, -25.721799043967842 ], [ -179.084278878810579, -25.497501102584412 ], [ -178.630387759643128, -25.750353999020192 ] ] ] ] } },
{ "type": "Feature", "properties": { "geogrid_id": "7426001439178173355", "seqnum": 62953.0, "lat_c": -26.001439009314492, "lon_c": -178.17335483842251, "res": 8.0, "count_Ferns": 0, "count_Flowering Plants": 0, "count_Basidiomycota": 0, "count_Insects": 0, "count_Arachnids": 0, "count_Gymnosperms": 0, "count_Mosses": 0, "count_Mammals": 1, "count_Molluscs": 0, "count_Birds": 0, "count_Sac Fungi": 0, "count_Reptiles": 0, "count_Amphibians": 0, "unique_species_count": 1.0, "countryCode": "NZ" }, "geometry": { "type": "MultiPolygon", "coordinates": [ [ [ [ -177.660240396016604, -25.772612551677547 ], [ -177.713060185282785, -26.250611635932248 ], [ -178.228661262009155, -26.479221701233904 ], [ -178.688651605837862, -26.228557137180761 ], [ -178.630387759643128, -25.750353999020192 ], [ -178.117497175028944, -25.522956679522306 ], [ -177.660240396016604, -25.772612551677547 ] ] ] ] } },
{ "type": "Feature", "properties": { "geogrid_id": "7426020292177199647", "seqnum": 63035.0, "lat_c": -26.020291585319612, "lon_c": -177.19964696916875, "res": 8.0, "count_Ferns": 0, "count_Flowering Plants": 0, "count_Basidiomycota": 0, "count_Insects": 0, "count_Arachnids": 0, "count_Gymnosperms": 0, "count_Mosses": 0, "count_Mammals": 1, "count_Molluscs": 0, "count_Birds": 0, "count_Sac Fungi": 0, "count_Reptiles": 0, "count_Amphibians": 0, "unique_species_count": 1.0, "countryCode": "NZ" }, "geometry": { "type": "MultiPolygon", "coordinates": [ [ [ [ -176.688392977952901, -25.788282243293647 ], [ -176.735583964781142, -26.265810936339076 ], [ -177.249379935905438, -26.497706718684228 ], [ -177.713060185282785, -26.250611635932248 ], [ -177.660240396016604, -25.772612551677547 ], [ -177.149282290262221, -25.542099915500042 ], [ -176.688392977952901, -25.788282243293647 ] ] ] ] } },
{ "type": "Feature", "properties": { "geogrid_id": "7426032212176223939", "seqnum": 63117.0, "lat_c": -26.032212371858218, "lon_c": -176.22393853266198, "res": 8.0, "count_Ferns": 0, "count_Flowering Plants": 0, "count_Basidiomycota": 0, "count_Insects": 0, "count_Arachnids": 0, "count_Gymnosperms": 0, "count_Mosses": 0, "count_Mammals": 1, "count_Molluscs": 0, "count_Birds": 0, "count_Sac Fungi": 0, "count_Reptiles": 0, "count_Amphibians": 0, "unique_species_count": 1.0, "countryCode": "NZ" }, "geometry": { "type": "MultiPolygon", "coordinates": [ [ [ [ -175.714408560909391, -25.796926642721388 ], [ -175.755770711316671, -26.27365222293464 ], [ -176.267914453853876, -26.508959140700334 ], [ -176.735583964781142, -26.265810936339076 ], [ -176.688392977952901, -25.788282243293647 ], [ -176.179268602294314, -25.554603486978607 ], [ -175.714408560909391, -25.796926642721388 ] ] ] ] } },
{ "type": "Feature", "properties": { "geogrid_id": "7426677578179725894", "seqnum": 62870.0, "lat_c": -26.677577917134712, "lon_c": -179.72589395344875, "res": 8.0, "count_Ferns": 0, "count_Flowering Plants": 0, "count_Basidiomycota": 0, "count_Insects": 0, "count_Arachnids": 0, "count_Gymnosperms": 0, "count_Mosses": 0, "count_Mammals": 1, "count_Molluscs": 0, "count_Birds": 0, "count_Sac Fungi": 0, "count_Reptiles": 0, "count_Amphibians": 0, "unique_species_count": 1.0, "countryCode": "NZ" }, "geometry": { "type": "MultiPolygon", "coordinates": [ [ [ [ 179.752110576375742, -26.899434428127567 ], [ 179.817832263251347, -26.422179503426925 ], [ 180.0, -26.344261361959241 ], [ 180.0, -27.037219805352375 ], [ 179.752110576375742, -26.899434428127567 ] ] ], [ [ [ -179.662698655950493, -26.199988318269003 ], [ -179.206156261074, -26.453944404589684 ], [ -179.26653750717665, -26.931225724444975 ], [ -179.788866191888559, -27.154575160696783 ], [ -180.0, -27.037219805352375 ], [ -180.0, -26.344261361959241 ], [ -179.662698655950493, -26.199988318269003 ] ] ] ] } },
{ "type": "Feature", "properties": { "geogrid_id": "7426706100178746478", "seqnum": 62952.0, "lat_c": -26.706100394413056, "lon_c": -178.74647800789788, "res": 8.0, "count_Ferns": 0, "count_Flowering Plants": 0, "count_Basidiomycota": 0, "count_Insects": 0, "count_Arachnids": 0, "count_Gymnosperms": 0, "count_Mosses": 0, "count_Mammals": 1, "count_Molluscs": 0, "count_Birds": 1, "count_Sac Fungi": 0, "count_Reptiles": 0, "count_Amphibians": 0, "unique_species_count": 2.0, "countryCode": "NZ" }, "geometry": { "type": "MultiPolygon", "coordinates": [ [ [ [ -178.228661262009155, -26.479221701233904 ], [ -178.283554349372253, -26.956318944251645 ], [ -178.803994535644875, -27.182996639051108 ], [ -179.26653750717665, -26.931225724444975 ], [ -179.206156261074, -26.453944404589684 ], [ -178.688651605837862, -26.228557137180761 ], [ -178.228661262009155, -26.479221701233904 ] ] ] ] } },
{ "type": "Feature", "properties": { "geogrid_id": "7426727882177765360", "seqnum": 63034.0, "lat_c": -26.72788232231602, "lon_c": -177.7653595555347, "res": 8.0, "count_Ferns": 0, "count_Flowering Plants": 0, "count_Basidiomycota": 0, "count_Insects": 0, "count_Arachnids": 0, "count_Gymnosperms": 0, "count_Mosses": 0, "count_Mammals": 1, "count_Molluscs": 0, "count_Birds": 0, "count_Sac Fungi": 0, "count_Reptiles": 0, "count_Amphibians": 0, "unique_species_count": 1.0, "countryCode": "NZ" }, "geometry": { "type": "MultiPolygon", "coordinates": [ [ [ [ -177.249379935905438, -26.497706718684228 ], [ -177.298627225308877, -26.974368123244737 ], [ -177.817272967671101, -27.204444855699208 ], [ -178.283554349372253, -26.956318944251645 ], [ -178.228661262009155, -26.479221701233904 ], [ -177.713060185282785, -26.250611635932248 ], [ -177.249379935905438, -26.497706718684228 ] ] ] ] } },
{ "type": "Feature", "properties": { "geogrid_id": "7426742535176782187", "seqnum": 63116.0, "lat_c": -26.742534868057906, "lon_c": -176.78218671129997, "res": 8.0, "count_Ferns": 0, "count_Flowering Plants": 0, "count_Basidiomycota": 0, "count_Insects": 0, "count_Arachnids": 0, "count_Gymnosperms": 0, "count_Mosses": 0, "count_Mammals": 1, "count_Molluscs": 0, "count_Birds": 2, "count_Sac Fungi": 0, "count_Reptiles": 0, "count_Amphibians": 0, "unique_species_count": 3.0, "countryCode": "NZ" }, "geometry": { "type": "MultiPolygon", "coordinates": [ [ [ [ -176.267914453853876, -26.508959140700334 ], [ -176.311350277531517, -26.984878198567838 ], [ -176.828342430522582, -27.218484075340015 ], [ -177.298627225308877, -26.974368123244737 ], [ -177.249379935905438, -26.497706718684228 ], [ -176.735583964781142, -26.265810936339076 ], [ -176.267914453853876, -26.508959140700334 ] ] ] ] } },
{ "type": "Feature", "properties": { "geogrid_id": "7426749491175796498", "seqnum": 63198.0, "lat_c": -26.749490758054844, "lon_c": -175.79649834169359, "res": 8.0, "count_Ferns": 0, "count_Flowering Plants": 0, "count_Basidiomycota": 0, "count_Insects": 0, "count_Arachnids": 0, "count_Gymnosperms": 0, "count_Mosses": 0, "count_Mammals": 1, "count_Molluscs": 0, "count_Birds": 0, "count_Sac Fungi": 0, "count_Reptiles": 0, "count_Amphibians": 0, "unique_species_count": 1.0, "countryCode": "NZ" }, "geometry": { "type": "MultiPolygon", "coordinates": [ [ [ [ -175.283737760148284, -26.512322728873603 ], [ -175.321193628052839, -26.987119877567572 ], [ -175.836738526949659, -27.224485209226536 ], [ -176.311350277531517, -26.984878198567838 ], [ -176.267914453853876, -26.508959140700334 ], [ -175.755770711316671, -26.27365222293464 ], [ -175.283737760148284, -26.512322728873603 ] ] ] ] } },
{ "type": "Feature", "properties": { "geogrid_id": "7427407895179326709", "seqnum": 62951.0, "lat_c": -27.40789450920137, "lon_c": -179.32670922523593, "res": 8.0, "count_Ferns": 0, "count_Flowering Plants": 0, "count_Basidiomycota": 0, "count_Insects": 0, "count_Arachnids": 0, "count_Gymnosperms": 0, "count_Mosses": 0, "count_Mammals": 1, "count_Molluscs": 0, "count_Birds": 0, "count_Sac Fungi": 0, "count_Reptiles": 0, "count_Amphibians": 0, "unique_species_count": 1.0, "countryCode": "NZ" }, "geometry": { "type": "MultiPolygon", "coordinates": [ [ [ [ -178.803994535644875, -27.182996639051108 ], [ -178.861317335443289, -27.659262212198414 ], [ -179.386780317000529, -27.883965590323623 ], [ -179.851726567592408, -27.630990844724089 ], [ -179.788866191888559, -27.154575160696783 ], [ -179.26653750717665, -26.931225724444975 ], [ -178.803994535644875, -27.182996639051108 ] ] ] ] } },
{ "type": "Feature", "properties": { "geogrid_id": "7427432749178338159", "seqnum": 63033.0, "lat_c": -27.432748859724288, "lon_c": -178.33815869185017, "res": 8.0, "count_Ferns": 0, "count_Flowering Plants": 0, "count_Basidiomycota": 0, "count_Insects": 0, "count_Arachnids": 0, "count_Gymnosperms": 0, "count_Mosses": 0, "count_Mammals": 1, "count_Molluscs": 0, "count_Birds": 0, "count_Sac Fungi": 0, "count_Reptiles": 0, "count_Amphibians": 0, "unique_species_count": 1.0, "countryCode": "NZ" }, "geometry": { "type": "MultiPolygon", "coordinates": [ [ [ [ -177.817272967671101, -27.204444855699208 ], [ -177.868921501364952, -27.680322755403484 ], [ -178.392587390286451, -27.908532503588201 ], [ -178.861317335443289, -27.659262212198414 ], [ -178.803994535644875, -27.182996639051108 ], [ -178.283554349372253, -26.956318944251645 ], [ -177.817272967671101, -27.204444855699208 ] ] ] ] } },
{ "type": "Feature", "properties": { "geogrid_id": "7427450302177347519", "seqnum": 63115.0, "lat_c": -27.450302267223098, "lon_c": -177.3475192067672, "res": 8.0, "count_Ferns": 0, "count_Flowering Plants": 0, "count_Basidiomycota": 0, "count_Insects": 0, "count_Arachnids": 0, "count_Gymnosperms": 0, "count_Mosses": 0, "count_Mammals": 1, "count_Molluscs": 0, "count_Birds": 0, "count_Sac Fungi": 0, "count_Reptiles": 0, "count_Amphibians": 0, "unique_species_count": 1.0, "countryCode": "NZ" }, "geometry": { "type": "MultiPolygon", "coordinates": [ [ [ [ -176.828342430522582, -27.218484075340015 ], [ -176.874176697330881, -27.693691344184455 ], [ -177.396172871756818, -27.925538157648568 ], [ -177.868921501364952, -27.680322755403484 ], [ -177.817272967671101, -27.204444855699208 ], [ -177.298627225308877, -26.974368123244737 ], [ -176.828342430522582, -27.218484075340015 ] ] ] ] } },
{ "type": "Feature", "properties": { "geogrid_id": "7427460007176354382", "seqnum": 63197.0, "lat_c": -27.460006907050595, "lon_c": -176.35438152778406, "res": 8.0, "count_Ferns": 0, "count_Flowering Plants": 0, "count_Basidiomycota": 0, "count_Insects": 0, "count_Arachnids": 0, "count_Gymnosperms": 0, "count_Mosses": 0, "count_Mammals": 1, "count_Molluscs": 0, "count_Birds": 1, "count_Sac Fungi": 0, "count_Reptiles": 0, "count_Amphibians": 0, "unique_species_count": 2.0, "countryCode": "NZ" }, "geometry": { "type": "MultiPolygon", "coordinates": [ [ [ [ -175.836738526949659, -27.224485209226536 ], [ -175.876620173035349, -27.698680226981004 ], [ -176.397128231700407, -27.934384367591136 ], [ -176.874176697330881, -27.693691344184455 ], [ -176.828342430522582, -27.218484075340015 ], [ -176.311350277531517, -26.984878198567838 ], [ -175.836738526949659, -27.224485209226536 ] ] ] ] } },
{ "type": "Feature", "properties": { "geogrid_id": "7427461065175358219", "seqnum": 63279.0, "lat_c": -27.461064621845242, "lon_c": -175.35821888858416, "res": 8.0, "count_Ferns": 0, "count_Flowering Plants": 0, "count_Basidiomycota": 0, "count_Insects": 0, "count_Arachnids": 0, "count_Gymnosperms": 0, "count_Mosses": 0, "count_Mammals": 1, "count_Molluscs": 0, "count_Birds": 0, "count_Sac Fungi": 0, "count_Reptiles": 0, "count_Amphibians": 0, "unique_species_count": 1.0, "countryCode": "NZ" }, "geometry": { "type": "MultiPolygon", "coordinates": [ [ [ [ -174.841858245335118, -27.221512217517148 ], [ -174.875660309949609, -27.694277942303778 ], [ -175.394934850054653, -27.934208694340221 ], [ -175.876620173035349, -27.698680226981004 ], [ -175.836738526949659, -27.224485209226536 ], [ -175.321193628052839, -26.987119877567572 ], [ -174.841858245335118, -27.221512217517148 ] ] ] ] } },
{ "type": "Feature", "properties": { "geogrid_id": "7428106839179914578", "seqnum": 62950.0, "lat_c": -28.106838505985831, "lon_c": -179.91457775672976, "res": 8.0, "count_Ferns": 0, "count_Flowering Plants": 0, "count_Basidiomycota": 0, "count_Insects": 0, "count_Arachnids": 0, "count_Gymnosperms": 0, "count_Mosses": 0, "count_Mammals": 1, "count_Molluscs": 0, "count_Birds": 1, "count_Sac Fungi": 0, "count_Reptiles": 0, "count_Amphibians": 0, "unique_species_count": 2.0, "countryCode": "NZ" }, "geometry": { "type": "MultiPolygon", "coordinates": [ [ [ [ 179.555261358482483, -28.327859481134848 ], [ 179.62092614261968, -27.852263227100487 ], [ 180.0, -27.693205662676693 ], [ 180.0, -28.569896934717125 ], [ 179.555261358482483, -28.327859481134848 ] ] ], [ [ [ -179.851726567592408, -27.630990844724089 ], [ -179.386780317000529, -27.883965590323623 ], [ -179.446851104218581, -28.359456170733552 ], [ -179.977514986072492, -28.582133819500076 ], [ -180.0, -28.569896934717125 ], [ -180.0, -27.693205662676693 ], [ -179.851726567592408, -27.630990844724089 ] ] ] ] } },
{ "type": "Feature", "properties": { "geogrid_id": "7428134916178918553", "seqnum": 63032.0, "lat_c": -28.134916090288907, "lon_c": -178.91855264269503, "res": 8.0, "count_Ferns": 0, "count_Flowering Plants": 0, "count_Basidiomycota": 0, "count_Insects": 0, "count_Arachnids": 0, "count_Gymnosperms": 0, "count_Mosses": 0, "count_Mammals": 1, "count_Molluscs": 2, "count_Birds": 0, "count_Sac Fungi": 0, "count_Reptiles": 0, "count_Amphibians": 0, "unique_species_count": 3.0, "countryCode": "NZ" }, "geometry": { "type": "MultiPolygon", "coordinates": [ [ [ [ -178.392587390286451, -27.908532503588201 ], [ -178.446943613436048, -28.383693073667821 ], [ -178.975798086177974, -28.609979211883228 ], [ -179.446851104218581, -28.359456170733552 ], [ -179.386780317000529, -27.883965590323623 ], [ -178.861317335443289, -27.659262212198414 ], [ -178.392587390286451, -27.908532503588201 ] ] ] ] } },
{ "type": "Feature", "properties": { "geogrid_id": "7428155542177920415", "seqnum": 63114.0, "lat_c": -28.155541875572851, "lon_c": -177.92041473398794, "res": 8.0, "count_Ferns": 0, "count_Flowering Plants": 0, "count_Basidiomycota": 0, "count_Insects": 0, "count_Arachnids": 0, "count_Gymnosperms": 0, "count_Mosses": 0, "count_Mammals": 1, "count_Molluscs": 0, "count_Birds": 0, "count_Sac Fungi": 0, "count_Reptiles": 0, "count_Amphibians": 0, "unique_species_count": 1.0, "countryCode": "NZ" }, "geometry": { "type": "MultiPolygon", "coordinates": [ [ [ [ -177.396172871756818, -27.925538157648568 ], [ -177.444693762742446, -28.400106475118083 ], [ -177.971852339772397, -28.630129669367335 ], [ -178.446943613436048, -28.383693073667821 ], [ -178.392587390286451, -27.908532503588201 ], [ -177.868921501364952, -27.680322755403484 ], [ -177.396172871756818, -27.925538157648568 ] ] ] ] } },
{ "type": "Feature", "properties": { "geogrid_id": "7428166251174909205", "seqnum": 63360.0, "lat_c": -28.166251031526144, "lon_c": -174.90920495828783, "res": 8.0, "count_Ferns": 0, "count_Flowering Plants": 0, "count_Basidiomycota": 0, "count_Insects": 0, "count_Arachnids": 0, "count_Gymnosperms": 0, "count_Mosses": 0, "count_Mammals": 1, "count_Molluscs": 1, "count_Birds": 0, "count_Sac Fungi": 0, "count_Reptiles": 0, "count_Amphibians": 0, "unique_species_count": 2.0, "countryCode": "NZ" }, "geometry": { "type": "MultiPolygon", "coordinates": [ [ [ [ -174.388935998347506, -27.923730452835922 ], [ -174.41931563326068, -28.39441162610321 ], [ -174.94259069646742, -28.637488095115589 ], [ -175.431448025775865, -28.406603286228272 ], [ -175.394934850054653, -27.934208694340221 ], [ -174.875660309949609, -27.694277942303778 ], [ -174.388935998347506, -27.923730452835922 ] ] ] ] } },
{ "type": "Feature", "properties": { "geogrid_id": "7428168191176919802", "seqnum": 63196.0, "lat_c": -28.168191186564346, "lon_c": -176.91980179755609, "res": 8.0, "count_Ferns": 0, "count_Flowering Plants": 0, "count_Basidiomycota": 0, "count_Insects": 0, "count_Arachnids": 0, "count_Gymnosperms": 0, "count_Mosses": 0, "count_Mammals": 1, "count_Molluscs": 1, "count_Birds": 0, "count_Sac Fungi": 0, "count_Reptiles": 0, "count_Amphibians": 0, "unique_species_count": 2.0, "countryCode": "NZ" }, "geometry": { "type": "MultiPolygon", "coordinates": [ [ [ [ -176.397128231700407, -27.934384367591136 ], [ -176.439697316013991, -28.408050521218136 ], [ -176.965318697061946, -28.642019067455774 ], [ -177.444693762742446, -28.400106475118083 ], [ -177.396172871756818, -27.925538157648568 ], [ -176.874176697330881, -27.693691344184455 ], [ -176.397128231700407, -27.934384367591136 ] ] ] ] } },
{ "type": "Feature", "properties": { "geogrid_id": "7428172121175916257", "seqnum": 63278.0, "lat_c": -28.172121100686528, "lon_c": -175.91625696323862, "res": 8.0, "count_Ferns": 0, "count_Flowering Plants": 0, "count_Basidiomycota": 0, "count_Insects": 0, "count_Arachnids": 0, "count_Gymnosperms": 0, "count_Mosses": 0, "count_Mammals": 1, "count_Molluscs": 0, "count_Birds": 0, "count_Sac Fungi": 0, "count_Reptiles": 0, "count_Amphibians": 0, "unique_species_count": 1.0, "countryCode": "NZ" }, "geometry": { "type": "MultiPolygon", "coordinates": [ [ [ [ -175.394934850054653, -27.934208694340221 ], [ -175.431448025775865, -28.406603286228272 ], [ -175.95574978397903, -28.644853007242833 ], [ -176.439697316013991, -28.408050521218136 ], [ -176.397128231700407, -27.934384367591136 ], [ -175.876620173035349, -27.698680226981004 ], [ -175.394934850054653, -27.934208694340221 ] ] ] ] } },
{ "type": "Feature", "properties": { "geogrid_id": "7428834385179507014", "seqnum": 63031.0, "lat_c": -28.834385249501249, "lon_c": -179.50701442965473, "res": 8.0, "count_Ferns": 0, "count_Flowering Plants": 0, "count_Basidiomycota": 0, "count_Insects": 0, "count_Arachnids": 0, "count_Gymnosperms": 0, "count_Mosses": 0, "count_Mammals": 1, "count_Molluscs": 1, "count_Birds": 0, "count_Sac Fungi": 0, "count_Reptiles": 0, "count_Amphibians": 0, "unique_species_count": 2.0, "countryCode": "NZ" }, "geometry": { "type": "MultiPolygon", "coordinates": [ [ [ [ 179.959373030116012, -29.056894103991926 ], [ 180.0, -28.751277474386779 ], [ 180.0, -29.078516169553904 ], [ 179.959373030116012, -29.056894103991926 ] ] ], [ [ [ -179.977514986072492, -28.582133819500076 ], [ -179.446851104218581, -28.359456170733552 ], [ -178.975798086177974, -28.609979211883228 ], [ -179.033143816556162, -29.084473936868029 ], [ -179.567356616727778, -29.30877315462515 ], [ -180.0, -29.078516169553904 ], [ -180.0, -28.751277474386779 ], [ -179.977514986072492, -28.582133819500076 ] ] ] ] } },
{ "type": "Feature", "properties": { "geogrid_id": "7428858255178501322", "seqnum": 63113.0, "lat_c": -28.858255280522759, "lon_c": -178.50132193569632, "res": 8.0, "count_Ferns": 0, "count_Flowering Plants": 0, "count_Basidiomycota": 0, "count_Insects": 0, "count_Arachnids": 0, "count_Gymnosperms": 0, "count_Mosses": 0, "count_Mammals": 1, "count_Molluscs": 0, "count_Birds": 0, "count_Sac Fungi": 0, "count_Reptiles": 0, "count_Amphibians": 0, "unique_species_count": 1.0, "countryCode": "NZ" }, "geometry": { "type": "MultiPolygon", "coordinates": [ [ [ [ -177.971852339772397, -28.630129669367335 ], [ -178.023325455885754, -29.104114613987619 ], [ -178.555809489403231, -29.332244848915188 ], [ -179.033143816556162, -29.084473936868029 ], [ -178.975798086177974, -28.609979211883228 ], [ -178.446943613436048, -28.383693073667821 ], [ -177.971852339772397, -28.630129669367335 ] ] ] ] } },
{ "type": "Feature", "properties": { "geogrid_id": "7428864380174449581", "seqnum": 63441.0, "lat_c": -28.864380307562218, "lon_c": -174.44958126111516, "res": 8.0, "count_Ferns": 0, "count_Flowering Plants": 0, "count_Basidiomycota": 0, "count_Insects": 0, "count_Arachnids": 0, "count_Gymnosperms": 0, "count_Mosses": 0, "count_Mammals": 1, "count_Molluscs": 0, "count_Birds": 0, "count_Sac Fungi": 0, "count_Reptiles": 0, "count_Amphibians": 0, "unique_species_count": 1.0, "countryCode": "NZ" }, "geometry": { "type": "MultiPolygon", "coordinates": [ [ [ [ -173.925161525879219, -28.618230410697123 ], [ -173.952326787203503, -29.086822959723232 ], [ -174.479811506575999, -29.333694614804696 ], [ -174.975904244209033, -29.108043590934845 ], [ -174.94259069646742, -28.637488095115589 ], [ -174.41931563326068, -28.39441162610321 ], [ -173.925161525879219, -28.618230410697123 ] ] ] ] } },
{ "type": "Feature", "properties": { "geogrid_id": "7428874039177493178", "seqnum": 63195.0, "lat_c": -28.874038908246039, "lon_c": -177.493177606118, "res": 8.0, "count_Ferns": 0, "count_Flowering Plants": 0, "count_Basidiomycota": 0, "count_Insects": 1, "count_Arachnids": 0, "count_Gymnosperms": 0, "count_Mosses": 0, "count_Mammals": 1, "count_Molluscs": 7, "count_Birds": 1, "count_Sac Fungi": 0, "count_Reptiles": 0, "count_Amphibians": 0, "unique_species_count": 10.0, "countryCode": "NZ" }, "geometry": { "type": "MultiPolygon", "coordinates": [ [ [ [ -176.965318697061946, -28.642019067455774 ], [ -177.010818699351063, -29.11521082400019 ], [ -177.541711700056823, -29.347367643825375 ], [ -178.023325455885754, -29.104114613987619 ], [ -177.971852339772397, -28.630129669367335 ], [ -177.444693762742446, -28.400106475118083 ], [ -176.965318697061946, -28.642019067455774 ] ] ] ] } },
{ "type": "Feature", "properties": { "geogrid_id": "7428878298175467853", "seqnum": 63359.0, "lat_c": -28.878298472039887, "lon_c": -175.46785256547932, "res": 8.0, "count_Ferns": 0, "count_Flowering Plants": 0, "count_Basidiomycota": 0, "count_Insects": 0, "count_Arachnids": 0, "count_Gymnosperms": 0, "count_Mosses": 0, "count_Mammals": 1, "count_Molluscs": 1, "count_Birds": 0, "count_Sac Fungi": 0, "count_Reptiles": 0, "count_Amphibians": 0, "unique_species_count": 2.0, "countryCode": "NZ" }, "geometry": { "type": "MultiPolygon", "coordinates": [ [ [ [ -174.94259069646742, -28.637488095115589 ], [ -174.975904244209033, -29.108043590934845 ], [ -175.504232253370702, -29.349342832337019 ], [ -175.995188732202507, -29.116920481497921 ], [ -175.95574978397903, -28.644853007242833 ], [ -175.431448025775865, -28.406603286228272 ], [ -174.94259069646742, -28.637488095115589 ] ] ] ] } },
{ "type": "Feature", "properties": { "geogrid_id": "7428881045176482185", "seqnum": 63277.0, "lat_c": -28.881045487142661, "lon_c": -176.48218460352402, "res": 8.0, "count_Ferns": 0, "count_Flowering Plants": 0, "count_Basidiomycota": 0, "count_Insects": 0, "count_Arachnids": 0, "count_Gymnosperms": 0, "count_Mosses": 0, "count_Mammals": 1, "count_Molluscs": 0, "count_Birds": 1, "count_Sac Fungi": 0, "count_Reptiles": 0, "count_Amphibians": 0, "unique_species_count": 2.0, "countryCode": "NZ" }, "geometry": { "type": "MultiPolygon", "coordinates": [ [ [ [ -175.95574978397903, -28.644853007242833 ], [ -175.995188732202507, -29.116920481497921 ], [ -176.524676483790415, -29.353409081894661 ], [ -177.010818699351063, -29.11521082400019 ], [ -176.965318697061946, -28.642019067455774 ], [ -176.439697316013991, -28.408050521218136 ], [ -175.95574978397903, -28.644853007242833 ] ] ] ] } },
{ "type": "Feature", "properties": { "geogrid_id": "7429554799173979493", "seqnum": 63522.0, "lat_c": -29.554798729949656, "lon_c": -173.9794928811765, "res": 8.0, "count_Ferns": 0, "count_Flowering Plants": 0, "count_Basidiomycota": 0, "count_Insects": 0, "count_Arachnids": 0, "count_Gymnosperms": 0, "count_Mosses": 0, "count_Mammals": 1, "count_Molluscs": 0, "count_Birds": 0, "count_Sac Fungi": 0, "count_Reptiles": 0, "count_Amphibians": 0, "unique_species_count": 1.0, "countryCode": "NZ" }, "geometry": { "type": "MultiPolygon", "coordinates": [ [ [ [ -173.450750069642481, -29.304286129765138 ], [ -173.474883571931798, -29.770833773038184 ], [ -174.006721381698753, -30.022214530463554 ], [ -174.510075841921974, -29.802409459653003 ], [ -174.479811506575999, -29.333694614804696 ], [ -173.952326787203503, -29.086822959723232 ], [ -173.450750069642481, -29.304286129765138 ] ] ] ] } },
{ "type": "Feature", "properties": { "geogrid_id": "7429558424179090673", "seqnum": 63112.0, "lat_c": -29.558423612569005, "lon_c": -179.09067348600618, "res": 8.0, "count_Ferns": 0, "count_Flowering Plants": 0, "count_Basidiomycota": 0, "count_Insects": 0, "count_Arachnids": 0, "count_Gymnosperms": 0, "count_Mosses": 0, "count_Mammals": 1, "count_Molluscs": 0, "count_Birds": 0, "count_Sac Fungi": 0, "count_Reptiles": 0, "count_Amphibians": 0, "unique_species_count": 1.0, "countryCode": "NZ" }, "geometry": { "type": "MultiPolygon", "coordinates": [ [ [ [ -178.555809489403231, -29.332244848915188 ], [ -178.610486960885567, -29.805688123762458 ], [ -179.148465101478735, -30.031852226316964 ], [ -179.627958308611596, -29.782641163959457 ], [ -179.567356616727778, -29.30877315462515 ], [ -179.033143816556162, -29.084473936868029 ], [ -178.555809489403231, -29.332244848915188 ] ] ] ] } },
{ "type": "Feature", "properties": { "geogrid_id": "7429577526178074918", "seqnum": 63194.0, "lat_c": -29.577525762811039, "lon_c": -178.07491785370996, "res": 8.0, "count_Ferns": 14, "count_Flowering Plants": 100, "count_Basidiomycota": 24, "count_Insects": 104, "count_Arachnids": 7, "count_Gymnosperms": 1, "count_Mosses": 60, "count_Mammals": 2, "count_Molluscs": 204, "count_Birds": 17, "count_Sac Fungi": 7, "count_Reptiles": 2, "count_Amphibians": 0, "unique_species_count": 542.0, "countryCode": "NZ" }, "geometry": { "type": "MultiPolygon", "coordinates": [ [ [ [ -177.541711700056823, -29.347367643825375 ], [ -177.590376098710578, -29.820124978564682 ], [ -178.126706946843115, -30.050392398116813 ], [ -178.610486960885567, -29.805688123762458 ], [ -178.555809489403231, -29.332244848915188 ], [ -178.023325455885754, -29.104114613987619 ], [ -177.541711700056823, -29.347367643825375 ] ] ] ] } },
{ "type": "Feature", "properties": { "geogrid_id": "7429577970175009222", "seqnum": 63440.0, "lat_c": -29.577969619165057, "lon_c": -175.00922249895774, "res": 8.0, "count_Ferns": 0, "count_Flowering Plants": 0, "count_Basidiomycota": 0, "count_Insects": 0, "count_Arachnids": 0, "count_Gymnosperms": 0, "count_Mosses": 0, "count_Mammals": 1, "count_Molluscs": 0, "count_Birds": 0, "count_Sac Fungi": 0, "count_Reptiles": 0, "count_Amphibians": 0, "unique_species_count": 1.0, "countryCode": "NZ" }, "geometry": { "type": "MultiPolygon", "coordinates": [ [ [ [ -174.479811506575999, -29.333694614804696 ], [ -174.510075841921974, -29.802409459653003 ], [ -175.042614147419926, -30.047315832439445 ], [ -175.540662158905945, -29.819783219225908 ], [ -175.504232253370702, -29.349342832337019 ], [ -174.975904244209033, -29.108043590934845 ], [ -174.479811506575999, -29.333694614804696 ] ] ] ] } },
{ "type": "Feature", "properties": { "geogrid_id": "7429587802177056385", "seqnum": 63276.0, "lat_c": -29.587802232420117, "lon_c": -177.05638484687302, "res": 8.0, "count_Ferns": 0, "count_Flowering Plants": 0, "count_Basidiomycota": 0, "count_Insects": 0, "count_Arachnids": 0, "count_Gymnosperms": 0, "count_Mosses": 0, "count_Mammals": 1, "count_Molluscs": 0, "count_Birds": 0, "count_Sac Fungi": 0, "count_Reptiles": 0, "count_Amphibians": 0, "unique_species_count": 1.0, "countryCode": "NZ" }, "geometry": { "type": "MultiPolygon", "coordinates": [ [ [ [ -176.524676483790415, -29.353409081894661 ], [ -176.567251317605042, -29.825180474982261 ], [ -177.102093110653527, -30.059828688639964 ], [ -177.590376098710578, -29.820124978564682 ], [ -177.541711700056823, -29.347367643825375 ], [ -177.010818699351063, -29.11521082400019 ], [ -176.524676483790415, -29.353409081894661 ] ] ] ] } },
{ "type": "Feature", "properties": { "geogrid_id": "7429588367176034655", "seqnum": 63358.0, "lat_c": -29.588367050959288, "lon_c": -176.03465478481229, "res": 8.0, "count_Ferns": 0, "count_Flowering Plants": 0, "count_Basidiomycota": 0, "count_Insects": 0, "count_Arachnids": 0, "count_Gymnosperms": 0, "count_Mosses": 0, "count_Mammals": 1, "count_Molluscs": 0, "count_Birds": 0, "count_Sac Fungi": 0, "count_Reptiles": 0, "count_Amphibians": 0, "unique_species_count": 1.0, "countryCode": "NZ" }, "geometry": { "type": "MultiPolygon", "coordinates": [ [ [ [ -175.504232253370702, -29.349342832337019 ], [ -175.540662158905945, -29.819783219225908 ], [ -176.074221193828919, -30.059234992114646 ], [ -176.567251317605042, -29.825180474982261 ], [ -176.524676483790415, -29.353409081894661 ], [ -175.995188732202507, -29.116920481497921 ], [ -175.504232253370702, -29.349342832337019 ] ] ] ] } },
{ "type": "Feature", "properties": { "geogrid_id": "7430256011179688895", "seqnum": 63111.0, "lat_c": -30.256011198120515, "lon_c": -179.68889520436105, "res": 8.0, "count_Ferns": 0, "count_Flowering Plants": 0, "count_Basidiomycota": 0, "count_Insects": 0, "count_Arachnids": 0, "count_Gymnosperms": 0, "count_Mosses": 0, "count_Mammals": 0, "count_Molluscs": 1, "count_Birds": 0, "count_Sac Fungi": 0, "count_Reptiles": 0, "count_Amphibians": 0, "unique_species_count": 1.0, "countryCode": "NZ" }, "geometry": { "type": "MultiPolygon", "coordinates": [ [ [ [ 179.768182503716787, -30.478154607410534 ], [ 179.832297669304609, -30.004884718778065 ], [ 180.0, -29.935832055663393 ], [ 180.0, -30.59885855479677 ], [ 179.768182503716787, -30.478154607410534 ] ] ], [ [ [ -179.627958308611596, -29.782641163959457 ], [ -179.148465101478735, -30.031852226316964 ], [ -179.206591770469544, -30.504784128003699 ], [ -179.75023870690012, -30.728905572234211 ], [ -180.0, -30.59885855479677 ], [ -180.0, -29.935832055663393 ], [ -179.627958308611596, -29.782641163959457 ] ] ] ] } },
{ "type": "Feature", "properties": { "geogrid_id": "7430270577174540436", "seqnum": 63521.0, "lat_c": -30.270576613890828, "lon_c": -174.5404361356025, "res": 8.0, "count_Ferns": 0, "count_Flowering Plants": 0, "count_Basidiomycota": 0, "count_Insects": 0, "count_Arachnids": 0, "count_Gymnosperms": 0, "count_Mosses": 0, "count_Mammals": 2, "count_Molluscs": 0, "count_Birds": 0, "count_Sac Fungi": 0, "count_Reptiles": 0, "count_Amphibians": 0, "unique_species_count": 2.0, "countryCode": "NZ" }, "geometry": { "type": "MultiPolygon", "coordinates": [ [ [ [ -174.006721381698753, -30.022214530463554 ], [ -174.03406696900359, -30.489123395987779 ], [ -174.570947921329861, -30.738244827190059 ], [ -175.07614099533626, -30.516129425498832 ], [ -175.042614147419926, -30.047315832439445 ], [ -174.510075841921974, -29.802409459653003 ], [ -174.006721381698753, -30.022214530463554 ] ] ] ] } },
{ "type": "Feature", "properties": { "geogrid_id": "7430278612178665429", "seqnum": 63193.0, "lat_c": -30.278611759771731, "lon_c": -178.66542945453409, "res": 8.0, "count_Ferns": 11, "count_Flowering Plants": 43, "count_Basidiomycota": 0, "count_Insects": 11, "count_Arachnids": 3, "count_Gymnosperms": 0, "count_Mosses": 11, "count_Mammals": 2, "count_Molluscs": 16, "count_Birds": 8, "count_Sac Fungi": 9, "count_Reptiles": 0, "count_Amphibians": 0, "unique_species_count": 114.0, "countryCode": "NZ" }, "geometry": { "type": "MultiPolygon", "coordinates": [ [ [ [ -178.126706946843115, -30.050392398116813 ], [ -178.178764661854615, -30.5227437634843 ], [ -178.720707245103171, -30.751042478157274 ], [ -179.206591770469544, -30.504784128003699 ], [ -179.148465101478735, -30.031852226316964 ], [ -178.610486960885567, -29.805688123762458 ], [ -178.126706946843115, -30.050392398116813 ] ] ] ] } },
{ "type": "Feature", "properties": { "geogrid_id": "7430289665175577210", "seqnum": 63439.0, "lat_c": -30.289664624544589, "lon_c": -175.57721000784062, "res": 8.0, "count_Ferns": 0, "count_Flowering Plants": 0, "count_Basidiomycota": 0, "count_Insects": 0, "count_Arachnids": 0, "count_Gymnosperms": 0, "count_Mosses": 0, "count_Mammals": 1, "count_Molluscs": 0, "count_Birds": 1, "count_Sac Fungi": 0, "count_Reptiles": 0, "count_Amphibians": 0, "unique_species_count": 2.0, "countryCode": "NZ" }, "geometry": { "type": "MultiPolygon", "coordinates": [ [ [ [ -175.042614147419926, -30.047315832439445 ], [ -175.07614099533626, -30.516129425498832 ], [ -175.613937326856586, -30.759030121349365 ], [ -176.113954657969629, -30.5295651765448 ], [ -176.074221193828919, -30.059234992114646 ], [ -175.540662158905945, -29.819783219225908 ], [ -175.042614147419926, -30.047315832439445 ] ] ] ] } },
{ "type": "Feature", "properties": { "geogrid_id": "7430292343177639245", "seqnum": 63275.0, "lat_c": -30.29234302582892, "lon_c": -177.63924462663755, "res": 8.0, "count_Ferns": 0, "count_Flowering Plants": 0, "count_Basidiomycota": 0, "count_Insects": 0, "count_Arachnids": 0, "count_Gymnosperms": 0, "count_Mosses": 0, "count_Mammals": 1, "count_Molluscs": 3, "count_Birds": 1, "count_Sac Fungi": 0, "count_Reptiles": 0, "count_Amphibians": 0, "unique_species_count": 5.0, "countryCode": "NZ" }, "geometry": { "type": "MultiPolygon", "coordinates": [ [ [ [ -177.102093110653527, -30.059828688639964 ], [ -177.14801340447093, -30.531324976414879 ], [ -177.688385751265173, -30.764053496643495 ], [ -178.178764661854615, -30.5227437634843 ], [ -178.126706946843115, -30.050392398116813 ], [ -177.590376098710578, -29.820124978564682 ], [ -177.102093110653527, -30.059828688639964 ] ] ] ] } },
{ "type": "Feature", "properties": { "geogrid_id": "7430296398176609981", "seqnum": 63357.0, "lat_c": -30.296397947749551, "lon_c": -176.60998062298202, "res": 8.0, "count_Ferns": 0, "count_Flowering Plants": 0, "count_Basidiomycota": 0, "count_Insects": 0, "count_Arachnids": 0, "count_Gymnosperms": 0, "count_Mosses": 0, "count_Mammals": 1, "count_Molluscs": 1, "count_Birds": 0, "count_Sac Fungi": 0, "count_Reptiles": 0, "count_Amphibians": 0, "unique_species_count": 2.0, "countryCode": "NZ" }, "geometry": { "type": "MultiPolygon", "coordinates": [ [ [ [ -176.074221193828919, -30.059234992114646 ], [ -176.113954657969629, -30.5295651765448 ], [ -176.652930081147161, -30.767098730134649 ], [ -177.14801340447093, -30.531324976414879 ], [ -177.102093110653527, -30.059828688639964 ], [ -176.567251317605042, -29.825180474982261 ], [ -176.074221193828919, -30.059234992114646 ] ] ] ] } },
{ "type": "Feature", "properties": { "geogrid_id": "7430977244179265122", "seqnum": 63192.0, "lat_c": -30.977243809351119, "lon_c": -179.26512235516364, "res": 8.0, "count_Ferns": 0, "count_Flowering Plants": 0, "count_Basidiomycota": 0, "count_Insects": 0, "count_Arachnids": 0, "count_Gymnosperms": 0, "count_Mosses": 0, "count_Mammals": 1, "count_Molluscs": 1, "count_Birds": 0, "count_Sac Fungi": 0, "count_Reptiles": 0, "count_Amphibians": 0, "unique_species_count": 2.0, "countryCode": "NZ" }, "geometry": { "type": "MultiPolygon", "coordinates": [ [ [ [ -178.720707245103171, -30.751042478157274 ], [ -178.776386435147259, -31.223006877164678 ], [ -179.324122048323403, -31.449255729164008 ], [ -179.812056495438839, -31.201346795826733 ], [ -179.75023870690012, -30.728905572234211 ], [ -179.206591770469544, -30.504784128003699 ], [ -178.720707245103171, -30.751042478157274 ] ] ] ] } },
{ "type": "Feature", "properties": { "geogrid_id": "7430984455175109859", "seqnum": 63520.0, "lat_c": -30.984455178512672, "lon_c": -175.10985907087365, "res": 8.0, "count_Ferns": 0, "count_Flowering Plants": 0, "count_Basidiomycota": 0, "count_Insects": 0, "count_Arachnids": 0, "count_Gymnosperms": 0, "count_Mosses": 0, "count_Mammals": 2, "count_Molluscs": 0, "count_Birds": 0, "count_Sac Fungi": 0, "count_Reptiles": 0, "count_Amphibians": 0, "unique_species_count": 2.0, "countryCode": "NZ" }, "geometry": { "type": "MultiPolygon", "coordinates": [ [ [ [ -174.570947921329861, -30.738244827190059 ], [ -174.601661444390345, -31.205459976086296 ], [ -175.143819545202888, -31.452335535622588 ], [ -175.65090040405525, -31.227920857183804 ], [ -175.613937326856586, -30.759030121349365 ], [ -175.07614099533626, -30.516129425498832 ], [ -174.570947921329861, -30.738244827190059 ] ] ] ] } },
{ "type": "Feature", "properties": { "geogrid_id": "7430994609178231158", "seqnum": 63274.0, "lat_c": -30.994608859327954, "lon_c": -178.23115819336266, "res": 8.0, "count_Ferns": 0, "count_Flowering Plants": 0, "count_Basidiomycota": 0, "count_Insects": 0, "count_Arachnids": 0, "count_Gymnosperms": 0, "count_Mosses": 0, "count_Mammals": 1, "count_Molluscs": 7, "count_Birds": 9, "count_Sac Fungi": 0, "count_Reptiles": 0, "count_Amphibians": 0, "unique_species_count": 17.0, "countryCode": "NZ" }, "geometry": { "type": "MultiPolygon", "coordinates": [ [ [ [ -177.688385751265173, -30.764053496643495 ], [ -177.73786333628729, -31.235287538733878 ], [ -178.283950661368294, -31.466016288465823 ], [ -178.776386435147259, -31.223006877164678 ], [ -178.720707245103171, -30.751042478157274 ], [ -178.178764661854615, -30.5227437634843 ], [ -177.688385751265173, -30.764053496643495 ] ] ] ] } },
{ "type": "Feature", "properties": { "geogrid_id": "7430999397176153916", "seqnum": 63438.0, "lat_c": -30.999396983056656, "lon_c": -176.1539163111897, "res": 8.0, "count_Ferns": 0, "count_Flowering Plants": 0, "count_Basidiomycota": 0, "count_Insects": 0, "count_Arachnids": 0, "count_Gymnosperms": 0, "count_Mosses": 0, "count_Mammals": 2, "count_Molluscs": 0, "count_Birds": 0, "count_Sac Fungi": 0, "count_Reptiles": 0, "count_Amphibians": 0, "unique_species_count": 2.0, "countryCode": "NZ" }, "geometry": { "type": "MultiPolygon", "coordinates": [ [ [ [ -175.613937326856586, -30.759030121349365 ], [ -175.65090040405525, -31.227920857183804 ], [ -176.194162560767779, -31.468768258044609 ], [ -176.696160393677673, -31.237318896078175 ], [ -176.652930081147161, -30.767098730134649 ], [ -176.113954657969629, -30.5295651765448 ], [ -175.613937326856586, -30.759030121349365 ] ] ] ] } },
{ "type": "Feature", "properties": { "geogrid_id": "7431002325177194210", "seqnum": 63356.0, "lat_c": -31.002325102759009, "lon_c": -177.19421045311273, "res": 8.0, "count_Ferns": 0, "count_Flowering Plants": 0, "count_Basidiomycota": 0, "count_Insects": 0, "count_Arachnids": 0, "count_Gymnosperms": 0, "count_Mosses": 0, "count_Mammals": 1, "count_Molluscs": 0, "count_Birds": 0, "count_Sac Fungi": 0, "count_Reptiles": 0, "count_Amphibians": 0, "unique_species_count": 1.0, "countryCode": "NZ" }, "geometry": { "type": "MultiPolygon", "coordinates": [ [ [ [ -176.652930081147161, -30.767098730134649 ], [ -176.696160393677673, -31.237318896078175 ], [ -177.240744538881586, -31.472862185048559 ], [ -177.73786333628729, -31.235287538733878 ], [ -177.688385751265173, -30.764053496643495 ], [ -177.14801340447093, -30.531324976414879 ], [ -176.652930081147161, -30.767098730134649 ] ] ] ] } },
{ "type": "Feature", "properties": { "geogrid_id": "7431672265174632623", "seqnum": 63601.0, "lat_c": -31.672265229509115, "lon_c": -174.63262252937017, "res": 8.0, "count_Ferns": 0, "count_Flowering Plants": 0, "count_Basidiomycota": 0, "count_Insects": 0, "count_Arachnids": 0, "count_Gymnosperms": 0, "count_Mosses": 0, "count_Mammals": 1, "count_Molluscs": 0, "count_Birds": 0, "count_Sac Fungi": 0, "count_Reptiles": 0, "count_Amphibians": 0, "unique_species_count": 1.0, "countryCode": "NZ" }, "geometry": { "type": "MultiPolygon", "coordinates": [ [ [ [ -174.089300564549092, -31.421615087043683 ], [ -174.117273118580755, -31.887287368093045 ], [ -174.663873303973077, -32.138701221028001 ], [ -175.178069504733372, -31.919810705584226 ], [ -175.143819545202888, -31.452335535622588 ], [ -174.601661444390345, -31.205459976086296 ], [ -174.089300564549092, -31.421615087043683 ] ] ] ] } },
{ "type": "Feature", "properties": { "geogrid_id": "7431673357179874413", "seqnum": 63191.0, "lat_c": -31.673357412130603, "lon_c": -179.87441303299289, "res": 8.0, "count_Ferns": 0, "count_Flowering Plants": 0, "count_Basidiomycota": 0, "count_Insects": 0, "count_Arachnids": 0, "count_Gymnosperms": 0, "count_Mosses": 0, "count_Mammals": 2, "count_Molluscs": 0, "count_Birds": 5, "count_Sac Fungi": 0, "count_Reptiles": 0, "count_Amphibians": 0, "unique_species_count": 7.0, "countryCode": "NZ" }, "geometry": { "type": "MultiPolygon", "coordinates": [ [ [ [ 179.572695727147305, -31.895308859331237 ], [ 179.638446844327575, -31.423345900204083 ], [ 180.0, -31.277276810885208 ], [ 180.0, -32.113046121840682 ], [ 179.572695727147305, -31.895308859331237 ] ] ], [ [ [ -179.812056495438839, -31.201346795826733 ], [ -179.324122048323403, -31.449255729164008 ], [ -179.383652882224652, -31.920844175877807 ], [ -179.937370018095834, -32.144959869671446 ], [ -180.0, -32.113046121840682 ], [ -180.0, -31.277276810885208 ], [ -179.812056495438839, -31.201346795826733 ] ] ] ] } },
{ "type": "Feature", "properties": { "geogrid_id": "7431694531178832530", "seqnum": 63273.0, "lat_c": -31.694531285761972, "lon_c": -178.83252953176662, "res": 8.0, "count_Ferns": 0, "count_Flowering Plants": 7, "count_Basidiomycota": 0, "count_Insects": 0, "count_Arachnids": 0, "count_Gymnosperms": 0, "count_Mosses": 1, "count_Mammals": 2, "count_Molluscs": 6, "count_Birds": 6, "count_Sac Fungi": 6, "count_Reptiles": 0, "count_Amphibians": 0, "unique_species_count": 28.0, "countryCode": "NZ" }, "geometry": { "type": "MultiPolygon", "coordinates": [ [ [ [ -178.283950661368294, -31.466016288465823 ], [ -178.33720168580453, -31.936994141316763 ], [ -178.889195954586398, -32.165641651952889 ], [ -179.383652882224652, -31.920844175877807 ], [ -179.324122048323403, -31.449255729164008 ], [ -178.776386435147259, -31.223006877164678 ], [ -178.283950661368294, -31.466016288465823 ] ] ] ] } },
{ "type": "Feature", "properties": { "geogrid_id": "7431696376175688151", "seqnum": 63519.0, "lat_c": -31.696376083362857, "lon_c": -175.68815109904489, "res": 8.0, "count_Ferns": 0, "count_Flowering Plants": 0, "count_Basidiomycota": 0, "count_Insects": 0, "count_Arachnids": 0, "count_Gymnosperms": 0, "count_Mosses": 0, "count_Mammals": 1, "count_Molluscs": 0, "count_Birds": 0, "count_Sac Fungi": 0, "count_Reptiles": 0, "count_Amphibians": 0, "unique_species_count": 1.0, "countryCode": "NZ" }, "geometry": { "type": "MultiPolygon", "coordinates": [ [ [ [ -175.143819545202888, -31.452335535622588 ], [ -175.178069504733372, -31.919810705584226 ], [ -175.72573752965954, -32.164433208724709 ], [ -176.234745801243264, -31.937715310749617 ], [ -176.194162560767779, -31.468768258044609 ], [ -175.65090040405525, -31.227920857183804 ], [ -175.143819545202888, -31.452335535622588 ] ] ] ] } },
{ "type": "Feature", "properties": { "geogrid_id": "7431706076177787737", "seqnum": 63355.0, "lat_c": -31.706075620875946, "lon_c": -177.78773729492616, "res": 8.0, "count_Ferns": 0, "count_Flowering Plants": 0, "count_Basidiomycota": 0, "count_Insects": 0, "count_Arachnids": 0, "count_Gymnosperms": 0, "count_Mosses": 0, "count_Mammals": 1, "count_Molluscs": 0, "count_Birds": 0, "count_Sac Fungi": 0, "count_Reptiles": 0, "count_Amphibians": 0, "unique_species_count": 1.0, "countryCode": "NZ" }, "geometry": { "type": "MultiPolygon", "coordinates": [ [ [ [ -177.240744538881586, -31.472862185048559 ], [ -177.287672146210269, -31.942968377695905 ], [ -177.838064158762933, -32.176447452559891 ], [ -178.33720168580453, -31.936994141316763 ], [ -178.283950661368294, -31.466016288465823 ], [ -177.73786333628729, -31.235287538733878 ], [ -177.240744538881586, -31.472862185048559 ] ] ] ] } },
{ "type": "Feature", "properties": { "geogrid_id": "7431707093176739728", "seqnum": 63437.0, "lat_c": -31.707093302906706, "lon_c": -176.73972801611851, "res": 8.0, "count_Ferns": 0, "count_Flowering Plants": 0, "count_Basidiomycota": 0, "count_Insects": 0, "count_Arachnids": 0, "count_Gymnosperms": 0, "count_Mosses": 0, "count_Mammals": 2, "count_Molluscs": 0, "count_Birds": 1, "count_Sac Fungi": 0, "count_Reptiles": 0, "count_Amphibians": 0, "unique_species_count": 3.0, "countryCode": "NZ" }, "geometry": { "type": "MultiPolygon", "coordinates": [ [ [ [ -176.194162560767779, -31.468768258044609 ], [ -176.234745801243264, -31.937715310749617 ], [ -176.783685788755633, -32.176455563487472 ], [ -177.287672146210269, -31.942968377695905 ], [ -177.240744538881586, -31.472862185048559 ], [ -176.696160393677673, -31.237318896078175 ], [ -176.194162560767779, -31.468768258044609 ] ] ] ] } },
{ "type": "Feature", "properties": { "geogrid_id": "7432386919175212653", "seqnum": 63600.0, "lat_c": -32.386918775209502, "lon_c": -175.21265260243032, "res": 8.0, "count_Ferns": 0, "count_Flowering Plants": 0, "count_Basidiomycota": 0, "count_Insects": 0, "count_Arachnids": 0, "count_Gymnosperms": 0, "count_Mosses": 0, "count_Mammals": 1, "count_Molluscs": 0, "count_Birds": 0, "count_Sac Fungi": 0, "count_Reptiles": 0, "count_Amphibians": 0, "unique_species_count": 1.0, "countryCode": "NZ" }, "geometry": { "type": "MultiPolygon", "coordinates": [ [ [ [ -174.663873303973077, -32.138701221028001 ], [ -174.695452806303308, -32.604806221234242 ], [ -175.247609610152466, -32.853695829069267 ], [ -175.763704657092347, -32.63212786940948 ], [ -175.72573752965954, -32.164433208724709 ], [ -175.178069504733372, -31.919810705584226 ], [ -174.663873303973077, -32.138701221028001 ] ] ] ] } },
{ "type": "Feature", "properties": { "geogrid_id": "7432392033179443774", "seqnum": 63272.0, "lat_c": -32.392033160352177, "lon_c": -179.44377418022259, "res": 8.0, "count_Ferns": 0, "count_Flowering Plants": 0, "count_Basidiomycota": 0, "count_Insects": 0, "count_Arachnids": 0, "count_Gymnosperms": 0, "count_Mosses": 0, "count_Mammals": 1, "count_Molluscs": 3, "count_Birds": 1, "count_Sac Fungi": 0, "count_Reptiles": 0, "count_Amphibians": 0, "unique_species_count": 5.0, "countryCode": "NZ" }, "geometry": { "type": "MultiPolygon", "coordinates": [ [ [ [ 179.999013211532997, -32.616176420293172 ], [ 180.0, -32.60886716748292 ], [ 180.0, -32.616666729590605 ], [ 179.999013211532997, -32.616176420293172 ] ] ], [ [ [ -179.937370018095834, -32.144959869671446 ], [ -179.383652882224652, -31.920844175877807 ], [ -178.889195954586398, -32.165641651952889 ], [ -178.946442485030047, -32.636363458838012 ], [ -179.504542959097222, -32.862846333181508 ], [ -180.0, -32.616666729590605 ], [ -180.0, -32.60886716748292 ], [ -179.937370018095834, -32.144959869671446 ] ] ] ] } },
{ "type": "Feature", "properties": { "geogrid_id": "7432406273176275715", "seqnum": 63518.0, "lat_c": -32.406272933424624, "lon_c": -176.27571502554653, "res": 8.0, "count_Ferns": 0, "count_Flowering Plants": 0, "count_Basidiomycota": 0, "count_Insects": 0, "count_Arachnids": 0, "count_Gymnosperms": 0, "count_Mosses": 0, "count_Mammals": 2, "count_Molluscs": 3, "count_Birds": 1, "count_Sac Fungi": 0, "count_Reptiles": 0, "count_Amphibians": 0, "unique_species_count": 6.0, "countryCode": "NZ" }, "geometry": { "type": "MultiPolygon", "coordinates": [ [ [ [ -175.72573752965954, -32.164433208724709 ], [ -175.763704657092347, -32.63212786940948 ], [ -176.317116350710648, -32.874474438921553 ], [ -176.828083481501153, -32.645438042593504 ], [ -176.783685788755633, -32.176455563487472 ], [ -176.234745801243264, -31.937715310749617 ], [ -175.72573752965954, -32.164433208724709 ] ] ] ] } },
{ "type": "Feature", "properties": { "geogrid_id": "7432407570178390968", "seqnum": 63354.0, "lat_c": -32.407569912449176, "lon_c": -178.39096789082143, "res": 8.0, "count_Ferns": 0, "count_Flowering Plants": 0, "count_Basidiomycota": 0, "count_Insects": 0, "count_Arachnids": 0, "count_Gymnosperms": 0, "count_Mosses": 0, "count_Mammals": 1, "count_Molluscs": 0, "count_Birds": 0, "count_Sac Fungi": 0, "count_Reptiles": 0, "count_Amphibians": 0, "unique_species_count": 1.0, "countryCode": "NZ" }, "geometry": { "type": "MultiPolygon", "coordinates": [ [ [ [ -177.838064158762933, -32.176447452559891 ], [ -177.888897575211473, -32.646431931100558 ], [ -178.445303349321108, -32.877770441885438 ], [ -178.946442485030047, -32.636363458838012 ], [ -178.889195954586398, -32.165641651952889 ], [ -178.33720168580453, -31.936994141316763 ], [ -177.838064158762933, -32.176447452559891 ] ] ] ] } },
{ "type": "Feature", "properties": { "geogrid_id": "7432412675177335047", "seqnum": 63436.0, "lat_c": -32.412674829003706, "lon_c": -177.33504652076624, "res": 8.0, "count_Ferns": 0, "count_Flowering Plants": 0, "count_Basidiomycota": 0, "count_Insects": 0, "count_Arachnids": 0, "count_Gymnosperms": 0, "count_Mosses": 0, "count_Mammals": 1, "count_Molluscs": 5, "count_Birds": 1, "count_Sac Fungi": 0, "count_Reptiles": 0, "count_Amphibians": 0, "unique_species_count": 7.0, "countryCode": "NZ" }, "geometry": { "type": "MultiPolygon", "coordinates": [ [ [ [ -176.783685788755633, -32.176455563487472 ], [ -176.828083481501153, -32.645438042593504 ], [ -177.38291815660844, -32.882011660904233 ], [ -177.888897575211473, -32.646431931100558 ], [ -177.838064158762933, -32.176447452559891 ], [ -177.287672146210269, -31.942968377695905 ], [ -176.783685788755633, -32.176455563487472 ] ] ] ] } },
{ "type": "Feature", "properties": { "geogrid_id": "7433099494175802095", "seqnum": 63599.0, "lat_c": -33.09949400851611, "lon_c": -175.80209478707721, "res": 8.0, "count_Ferns": 0, "count_Flowering Plants": 0, "count_Basidiomycota": 0, "count_Insects": 0, "count_Arachnids": 0, "count_Gymnosperms": 0, "count_Mosses": 0, "count_Mammals": 2, "count_Molluscs": 0, "count_Birds": 0, "count_Sac Fungi": 0, "count_Reptiles": 0, "count_Amphibians": 0, "unique_species_count": 2.0, "countryCode": "NZ" }, "geometry": { "type": "MultiPolygon", "coordinates": [ [ [ [ -175.247609610152466, -32.853695829069267 ], [ -175.28297888965119, -33.320176070906086 ], [ -175.840948001462891, -33.566563961183235 ], [ -176.358993472395866, -33.34235171010139 ], [ -176.317116350710648, -32.874474438921553 ], [ -175.763704657092347, -32.63212786940948 ], [ -175.247609610152466, -32.853695829069267 ] ] ] ] } },
{ "type": "Feature", "properties": { "geogrid_id": "7433106722179004324", "seqnum": 63353.0, "lat_c": -33.10672166288419, "lon_c": -179.00432366540537, "res": 8.0, "count_Ferns": 0, "count_Flowering Plants": 0, "count_Basidiomycota": 0, "count_Insects": 0, "count_Arachnids": 0, "count_Gymnosperms": 0, "count_Mosses": 0, "count_Mammals": 1, "count_Molluscs": 3, "count_Birds": 0, "count_Sac Fungi": 0, "count_Reptiles": 0, "count_Amphibians": 0, "unique_species_count": 4.0, "countryCode": "NZ" }, "geometry": { "type": "MultiPolygon", "coordinates": [ [ [ [ -178.445303349321108, -32.877770441885438 ], [ -178.500259976600745, -33.347621875898895 ], [ -179.062892155035257, -33.576740649932049 ], [ -179.566014289127054, -33.333306921858821 ], [ -179.504542959097222, -32.862846333181508 ], [ -178.946442485030047, -32.636363458838012 ], [ -178.445303349321108, -32.877770441885438 ] ] ] ] } },
{ "type": "Feature", "properties": { "geogrid_id": "7433114072176872968", "seqnum": 63517.0, "lat_c": -33.114071870936172, "lon_c": -176.87296826684982, "res": 8.0, "count_Ferns": 0, "count_Flowering Plants": 0, "count_Basidiomycota": 0, "count_Insects": 0, "count_Arachnids": 0, "count_Gymnosperms": 0, "count_Mosses": 0, "count_Mammals": 1, "count_Molluscs": 0, "count_Birds": 0, "count_Sac Fungi": 0, "count_Reptiles": 0, "count_Amphibians": 0, "unique_species_count": 1.0, "countryCode": "NZ" }, "geometry": { "type": "MultiPolygon", "coordinates": [ [ [ [ -176.317116350710648, -32.874474438921553 ], [ -176.358993472395866, -33.34235171010139 ], [ -176.918385132446815, -33.582386971866448 ], [ -177.4313352226701, -33.351007965913468 ], [ -177.38291815660844, -32.882011660904233 ], [ -176.828083481501153, -32.645438042593504 ], [ -176.317116350710648, -32.874474438921553 ] ] ] ] } },
{ "type": "Feature", "properties": { "geogrid_id": "7433116057177940289", "seqnum": 63435.0, "lat_c": -33.116057109995303, "lon_c": -177.94028874455879, "res": 8.0, "count_Ferns": 0, "count_Flowering Plants": 0, "count_Basidiomycota": 0, "count_Insects": 0, "count_Arachnids": 0, "count_Gymnosperms": 0, "count_Mosses": 0, "count_Mammals": 1, "count_Molluscs": 0, "count_Birds": 0, "count_Sac Fungi": 0, "count_Reptiles": 0, "count_Amphibians": 0, "unique_species_count": 1.0, "countryCode": "NZ" }, "geometry": { "type": "MultiPolygon", "coordinates": [ [ [ [ -177.38291815660844, -32.882011660904233 ], [ -177.4313352226701, -33.351007965913468 ], [ -177.992286805732135, -33.585350183639726 ], [ -178.500259976600745, -33.347621875898895 ], [ -178.445303349321108, -32.877770441885438 ], [ -177.888897575211473, -32.646431931100558 ], [ -177.38291815660844, -32.882011660904233 ] ] ] ] } },
{ "type": "Feature", "properties": { "geogrid_id": "7433803438179628242", "seqnum": 63352.0, "lat_c": -33.803437683991568, "lon_c": -179.62824161783783, "res": 8.0, "count_Ferns": 0, "count_Flowering Plants": 0, "count_Basidiomycota": 0, "count_Insects": 0, "count_Arachnids": 0, "count_Gymnosperms": 0, "count_Mosses": 0, "count_Mammals": 1, "count_Molluscs": 1, "count_Birds": 8, "count_Sac Fungi": 0, "count_Reptiles": 0, "count_Amphibians": 0, "unique_species_count": 10.0, "countryCode": "NZ" }, "geometry": { "type": "MultiPolygon", "coordinates": [ [ [ [ 179.803638860969613, -34.02772863268472 ], [ 179.869572630227736, -33.557539360484533 ], [ 180.0, -33.505722618118924 ], [ 180.0, -34.1231840087531 ], [ 179.803638860969613, -34.02772863268472 ] ] ], [ [ [ -179.566014289127054, -33.333306921858821 ], [ -179.062892155035257, -33.576740649932049 ], [ -179.122199049596162, -34.04644420532945 ], [ -179.69127706252965, -34.273260873466171 ], [ -180.0, -34.1231840087531 ], [ -180.0, -33.505722618118924 ], [ -179.566014289127054, -33.333306921858821 ] ] ] ] } },
{ "type": "Feature", "properties": { "geogrid_id": "7433817150178555888", "seqnum": 63434.0, "lat_c": -33.817149643098588, "lon_c": -178.55588788059325, "res": 8.0, "count_Ferns": 0, "count_Flowering Plants": 0, "count_Basidiomycota": 0, "count_Insects": 0, "count_Arachnids": 0, "count_Gymnosperms": 0, "count_Mosses": 0, "count_Mammals": 1, "count_Molluscs": 0, "count_Birds": 0, "count_Sac Fungi": 0, "count_Reptiles": 0, "count_Amphibians": 0, "unique_species_count": 1.0, "countryCode": "NZ" }, "geometry": { "type": "MultiPolygon", "coordinates": [ [ [ [ -177.992286805732135, -33.585350183639726 ], [ -178.044939178500812, -34.054337484542351 ], [ -178.612235675059338, -34.286378442439783 ], [ -179.122199049596162, -34.04644420532945 ], [ -179.062892155035257, -33.576740649932049 ], [ -178.500259976600745, -33.347621875898895 ], [ -177.992286805732135, -33.585350183639726 ] ] ] ] } },
{ "type": "Feature", "properties": { "geogrid_id": "7433819692177480344", "seqnum": 63516.0, "lat_c": -33.819691816890852, "lon_c": -177.48034393797212, "res": 8.0, "count_Ferns": 0, "count_Flowering Plants": 0, "count_Basidiomycota": 0, "count_Insects": 0, "count_Arachnids": 0, "count_Gymnosperms": 0, "count_Mosses": 0, "count_Mammals": 1, "count_Molluscs": 0, "count_Birds": 8, "count_Sac Fungi": 0, "count_Reptiles": 0, "count_Amphibians": 0, "unique_species_count": 9.0, "countryCode": "NZ" }, "geometry": { "type": "MultiPolygon", "coordinates": [ [ [ [ -176.918385132446815, -33.582386971866448 ], [ -176.964377242843682, -34.050412096930515 ], [ -177.529988903444121, -34.288090286177983 ], [ -178.044939178500812, -34.054337484542351 ], [ -177.992286805732135, -33.585350183639726 ], [ -177.4313352226701, -33.351007965913468 ], [ -176.918385132446815, -33.582386971866448 ] ] ] ] } },
{ "type": "Feature", "properties": { "geogrid_id": "7434515855179182294", "seqnum": 63433.0, "lat_c": -34.515855495269491, "lon_c": -179.18229416893237, "res": 8.0, "count_Ferns": 0, "count_Flowering Plants": 0, "count_Basidiomycota": 0, "count_Insects": 0, "count_Arachnids": 0, "count_Gymnosperms": 0, "count_Mosses": 0, "count_Mammals": 1, "count_Molluscs": 0, "count_Birds": 1, "count_Sac Fungi": 0, "count_Reptiles": 0, "count_Amphibians": 0, "unique_species_count": 2.0, "countryCode": "NZ" }, "geometry": { "type": "MultiPolygon", "coordinates": [ [ [ [ -178.612235675059338, -34.286378442439783 ], [ -178.669350761139242, -34.755332240470359 ], [ -179.243226317865407, -34.984997056967927 ], [ -179.755171675977351, -34.742798217025452 ], [ -179.69127706252965, -34.273260873466171 ], [ -179.122199049596162, -34.04644420532945 ], [ -178.612235675059338, -34.286378442439783 ] ] ] ] } },
{ "type": "Feature", "properties": { "geogrid_id": "7434518175177010986", "seqnum": 63597.0, "lat_c": -34.518174867375969, "lon_c": -177.01098625842525, "res": 8.0, "count_Ferns": 0, "count_Flowering Plants": 0, "count_Basidiomycota": 0, "count_Insects": 0, "count_Arachnids": 0, "count_Gymnosperms": 0, "count_Mosses": 0, "count_Mammals": 0, "count_Molluscs": 0, "count_Birds": 1, "count_Sac Fungi": 0, "count_Reptiles": 0, "count_Amphibians": 0, "unique_species_count": 1.0, "countryCode": "NZ" }, "geometry": { "type": "MultiPolygon", "coordinates": [ [ [ [ -176.44434010149169, -34.277254277888893 ], [ -176.487888207534638, -34.744336724219423 ], [ -177.058252618185151, -34.985701819404845 ], [ -177.58031339697564, -34.75622947145505 ], [ -177.529988903444121, -34.288090286177983 ], [ -176.964377242843682, -34.050412096930515 ], [ -176.44434010149169, -34.277254277888893 ] ] ] ] } },
{ "type": "Feature", "properties": { "geogrid_id": "7435212071179819976", "seqnum": 63432.0, "lat_c": -35.212070899184653, "lon_c": -179.81997568910285, "res": 8.0, "count_Ferns": 0, "count_Flowering Plants": 0, "count_Basidiomycota": 0, "count_Insects": 0, "count_Arachnids": 0, "count_Gymnosperms": 0, "count_Mosses": 0, "count_Mammals": 1, "count_Molluscs": 0, "count_Birds": 0, "count_Sac Fungi": 0, "count_Reptiles": 0, "count_Amphibians": 0, "unique_species_count": 1.0, "countryCode": "NZ" }, "geometry": { "type": "MultiPolygon", "coordinates": [ [ [ [ 179.600347288318375, -35.436576112264213 ], [ 179.669078197289338, -34.967226871057818 ], [ 180.0, -34.8382328312411 ], [ 180.0, -35.62673333838034 ], [ 179.600347288318375, -35.436576112264213 ] ] ], [ [ [ -179.755171675977351, -34.742798217025452 ], [ -179.243226317865407, -34.984997056967927 ], [ -179.305043523890305, -35.453890795764451 ], [ -179.885738733913882, -35.681099553787782 ], [ -180.0, -35.62673333838034 ], [ -180.0, -34.8382328312411 ], [ -179.755171675977351, -34.742798217025452 ] ] ] ] } },
{ "type": "Feature", "properties": { "geogrid_id": "7435224034178727280", "seqnum": 63514.0, "lat_c": -35.224034275660337, "lon_c": -178.7272795818869, "res": 8.0, "count_Ferns": 0, "count_Flowering Plants": 0, "count_Basidiomycota": 0, "count_Insects": 0, "count_Arachnids": 0, "count_Gymnosperms": 0, "count_Mosses": 0, "count_Mammals": 0, "count_Molluscs": 4, "count_Birds": 0, "count_Sac Fungi": 0, "count_Reptiles": 0, "count_Amphibians": 0, "unique_species_count": 4.0, "countryCode": "NZ" }, "geometry": { "type": "MultiPolygon", "coordinates": [ [ [ [ -178.152389741453476, -34.99149583577168 ], [ -178.207276768717804, -35.459715335027688 ], [ -178.786067853750325, -35.692507068091992 ], [ -179.305043523890305, -35.453890795764451 ], [ -179.243226317865407, -34.984997056967927 ], [ -178.669350761139242, -34.755332240470359 ], [ -178.152389741453476, -34.99149583577168 ] ] ] ] } },
{ "type": "Feature", "properties": { "geogrid_id": "7435922558179367793", "seqnum": 63513.0, "lat_c": -35.922557987595496, "lon_c": -179.36779325512171, "res": 8.0, "count_Ferns": 0, "count_Flowering Plants": 0, "count_Basidiomycota": 0, "count_Insects": 0, "count_Arachnids": 0, "count_Gymnosperms": 0, "count_Mosses": 0, "count_Mammals": 1, "count_Molluscs": 0, "count_Birds": 0, "count_Sac Fungi": 0, "count_Reptiles": 0, "count_Amphibians": 0, "unique_species_count": 1.0, "countryCode": "NZ" }, "geometry": { "type": "MultiPolygon", "coordinates": [ [ [ [ -178.786067853750325, -35.692507068091992 ], [ -178.845760778412568, -36.160772433132621 ], [ -179.431522621409556, -36.391019285580583 ], [ -179.952510049579416, -36.149904260812825 ], [ -179.885738733913882, -35.681099553787782 ], [ -179.305043523890305, -35.453890795764451 ], [ -178.786067853750325, -35.692507068091992 ] ] ] ] } },
{ "type": "Feature", "properties": { "geogrid_id": "7435927726178262996", "seqnum": 63595.0, "lat_c": -35.927726000791665, "lon_c": -178.26299625245036, "res": 8.0, "count_Ferns": 0, "count_Flowering Plants": 0, "count_Basidiomycota": 0, "count_Insects": 0, "count_Arachnids": 0, "count_Gymnosperms": 0, "count_Mosses": 0, "count_Mammals": 0, "count_Molluscs": 6, "count_Birds": 0, "count_Sac Fungi": 0, "count_Reptiles": 0, "count_Amphibians": 0, "unique_species_count": 6.0, "countryCode": "NZ" }, "geometry": { "type": "MultiPolygon", "coordinates": [ [ [ [ -177.683169021351802, -35.691829693521896 ], [ -177.735782339415437, -36.159338341040844 ], [ -178.319591029553663, -36.395550070989749 ], [ -178.845760778412568, -36.160772433132621 ], [ -178.786067853750325, -35.692507068091992 ], [ -178.207276768717804, -35.459715335027688 ], [ -177.683169021351802, -35.691829693521896 ] ] ] ] } },
{ "type": "Feature", "properties": { "geogrid_id": "7436626683177789240", "seqnum": 63676.0, "lat_c": -36.626682997704627, "lon_c": -177.78923997103055, "res": 8.0, "count_Ferns": 0, "count_Flowering Plants": 0, "count_Basidiomycota": 0, "count_Insects": 0, "count_Arachnids": 0, "count_Gymnosperms": 0, "count_Mosses": 0, "count_Mammals": 0, "count_Molluscs": 1, "count_Birds": 2, "count_Sac Fungi": 0, "count_Reptiles": 0, "count_Amphibians": 0, "unique_species_count": 3.0, "countryCode": "NZ" }, "geometry": { "type": "MultiPolygon", "coordinates": [ [ [ [ -177.204386951944144, -36.387117850297074 ], [ -177.254670964386122, -36.853946857802981 ], [ -177.843582065091027, -37.093885389993225 ], [ -178.377103659936978, -36.863209035012957 ], [ -178.319591029553663, -36.395550070989749 ], [ -177.735782339415437, -36.159338341040844 ], [ -177.204386951944144, -36.387117850297074 ] ] ] ] } },
{ "type": "Feature", "properties": { "geogrid_id": "7436628851178906403", "seqnum": 63594.0, "lat_c": -36.628851497988649, "lon_c": -178.90640323794582, "res": 8.0, "count_Ferns": 0, "count_Flowering Plants": 0, "count_Basidiomycota": 0, "count_Insects": 0, "count_Arachnids": 0, "count_Gymnosperms": 0, "count_Mosses": 0, "count_Mammals": 0, "count_Molluscs": 8, "count_Birds": 1, "count_Sac Fungi": 0, "count_Reptiles": 0, "count_Amphibians": 0, "unique_species_count": 9.0, "countryCode": "NZ" }, "geometry": { "type": "MultiPolygon", "coordinates": [ [ [ [ -178.319591029553663, -36.395550070989749 ], [ -178.377103659936978, -36.863209035012957 ], [ -178.968039975844619, -37.096764720262193 ], [ -179.496278561169163, -36.85929472970286 ], [ -179.431522621409556, -36.391019285580583 ], [ -178.845760778412568, -36.160772433132621 ], [ -178.319591029553663, -36.395550070989749 ] ] ] ] } },
{ "type": "Feature", "properties": { "geogrid_id": "7437320658177305804", "seqnum": 63757.0, "lat_c": -37.320658120370155, "lon_c": -177.30580420038731, "res": 8.0, "count_Ferns": 0, "count_Flowering Plants": 0, "count_Basidiomycota": 0, "count_Insects": 0, "count_Arachnids": 0, "count_Gymnosperms": 0, "count_Mosses": 0, "count_Mammals": 0, "count_Molluscs": 0, "count_Birds": 1, "count_Sac Fungi": 0, "count_Reptiles": 0, "count_Amphibians": 0, "unique_species_count": 1.0, "countryCode": "NZ" }, "geometry": { "type": "MultiPolygon", "coordinates": [ [ [ [ -176.715856101338659, -37.077099340551136 ], [ -176.763744696695909, -37.543287431398937 ], [ -177.357824292982798, -37.787272659510066 ], [ -177.898848706401623, -37.560966478069297 ], [ -177.843582065091027, -37.093885389993225 ], [ -177.254670964386122, -36.853946857802981 ], [ -176.715856101338659, -37.077099340551136 ] ] ] ] } },
{ "type": "Feature", "properties": { "geogrid_id": "7437327404179562108", "seqnum": 63593.0, "lat_c": -37.327403758758045, "lon_c": -179.56210801615532, "res": 8.0, "count_Ferns": 0, "count_Flowering Plants": 0, "count_Basidiomycota": 0, "count_Insects": 0, "count_Arachnids": 0, "count_Gymnosperms": 0, "count_Mosses": 0, "count_Mammals": 1, "count_Molluscs": 0, "count_Birds": 1, "count_Sac Fungi": 0, "count_Reptiles": 0, "count_Amphibians": 0, "unique_species_count": 2.0, "countryCode": "NZ" }, "geometry": { "type": "MultiPolygon", "coordinates": [ [ [ [ 179.840635936126546, -37.555167228841491 ], [ 179.910726375863334, -37.086919391365853 ], [ 180.0, -37.052651182811388 ], [ 180.0, -37.627349951565115 ], [ 179.840635936126546, -37.555167228841491 ] ] ], [ [ [ -179.496278561169163, -36.85929472970286 ], [ -178.968039975844619, -37.096764720262193 ], [ -179.030715766177906, -37.564531907809773 ], [ -179.629058096143524, -37.795365223903467 ], [ -180.0, -37.627349951565115 ], [ -180.0, -37.052651182811388 ], [ -179.496278561169163, -36.85929472970286 ] ] ] ] } },
{ "type": "Feature", "properties": { "geogrid_id": "7437330724178435577", "seqnum": 63675.0, "lat_c": -37.330723661131245, "lon_c": -178.43557660080589, "res": 8.0, "count_Ferns": 0, "count_Flowering Plants": 0, "count_Basidiomycota": 0, "count_Insects": 0, "count_Arachnids": 0, "count_Gymnosperms": 0, "count_Mosses": 0, "count_Mammals": 0, "count_Molluscs": 0, "count_Birds": 2, "count_Sac Fungi": 0, "count_Reptiles": 0, "count_Amphibians": 0, "unique_species_count": 2.0, "countryCode": "NZ" }, "geometry": { "type": "MultiPolygon", "coordinates": [ [ [ [ -177.843582065091027, -37.093885389993225 ], [ -177.898848706401623, -37.560966478069297 ], [ -178.495052369338225, -37.798114024191612 ], [ -179.030715766177906, -37.564531907809773 ], [ -178.968039975844619, -37.096764720262193 ], [ -178.377103659936978, -36.863209035012957 ], [ -177.843582065091027, -37.093885389993225 ] ] ] ] } },
{ "type": "Feature", "properties": { "geogrid_id": "7438027946177955080", "seqnum": 63756.0, "lat_c": -38.02794649110465, "lon_c": -177.9550800710025, "res": 8.0, "count_Ferns": 0, "count_Flowering Plants": 0, "count_Basidiomycota": 0, "count_Insects": 0, "count_Arachnids": 0, "count_Gymnosperms": 0, "count_Mosses": 0, "count_Mammals": 0, "count_Molluscs": 0, "count_Birds": 1, "count_Sac Fungi": 0, "count_Reptiles": 0, "count_Amphibians": 0, "unique_species_count": 1.0, "countryCode": "NZ" }, "geometry": { "type": "MultiPolygon", "coordinates": [ [ [ [ -177.357824292982798, -37.787272659510066 ], [ -177.410768999144551, -38.253810735614643 ], [ -178.012316572179117, -38.494844961538917 ], [ -178.555573695703174, -38.265399533168157 ], [ -178.495052369338225, -37.798114024191612 ], [ -177.898848706401623, -37.560966478069297 ], [ -177.357824292982798, -37.787272659510066 ] ] ] ] } },
{ "type": "Feature", "properties": { "geogrid_id": "7438032172179094476", "seqnum": 63674.0, "lat_c": -38.032172239346423, "lon_c": -179.09447557282724, "res": 8.0, "count_Ferns": 0, "count_Flowering Plants": 0, "count_Basidiomycota": 0, "count_Insects": 0, "count_Arachnids": 0, "count_Gymnosperms": 0, "count_Mosses": 0, "count_Mammals": 1, "count_Molluscs": 0, "count_Birds": 0, "count_Sac Fungi": 0, "count_Reptiles": 0, "count_Amphibians": 0, "unique_species_count": 1.0, "countryCode": "NZ" }, "geometry": { "type": "MultiPolygon", "coordinates": [ [ [ [ -178.495052369338225, -37.798114024191612 ], [ -178.555573695703174, -38.265399533168157 ], [ -179.159364700547684, -38.49970428535422 ], [ -179.697176235257302, -38.263197403266446 ], [ -179.629058096143524, -37.795365223903467 ], [ -179.030715766177906, -37.564531907809773 ], [ -178.495052369338225, -37.798114024191612 ] ] ] ] } },
{ "type": "Feature", "properties": { "geogrid_id": "7438720292177464676", "seqnum": 63837.0, "lat_c": -38.72029188853783, "lon_c": -177.46467633799068, "res": 8.0, "count_Ferns": 0, "count_Flowering Plants": 0, "count_Basidiomycota": 0, "count_Insects": 0, "count_Arachnids": 0, "count_Gymnosperms": 0, "count_Mosses": 0, "count_Mammals": 0, "count_Molluscs": 0, "count_Birds": 1, "count_Sac Fungi": 0, "count_Reptiles": 0, "count_Amphibians": 0, "unique_species_count": 1.0, "countryCode": "NZ" }, "geometry": { "type": "MultiPolygon", "coordinates": [ [ [ [ -176.862098447079575, -38.475471970742916 ], [ -176.912634424759318, -38.941508000326998 ], [ -177.519584721766478, -39.186734976094144 ], [ -178.070598998853598, -38.961680758057724 ], [ -178.012316572179117, -38.494844961538917 ], [ -177.410768999144551, -38.253810735614643 ], [ -176.862098447079575, -38.475471970742916 ] ] ] ] } },
{ "type": "Feature", "properties": { "geogrid_id": "7438730918179766510", "seqnum": 63673.0, "lat_c": -38.730918017175263, "lon_c": -179.76651034149145, "res": 8.0, "count_Ferns": 0, "count_Flowering Plants": 0, "count_Basidiomycota": 0, "count_Insects": 0, "count_Arachnids": 0, "count_Gymnosperms": 0, "count_Mosses": 0, "count_Mammals": 1, "count_Molluscs": 0, "count_Birds": 1, "count_Sac Fungi": 0, "count_Reptiles": 0, "count_Amphibians": 0, "unique_species_count": 2.0, "countryCode": "NZ" }, "geometry": { "type": "MultiPolygon", "coordinates": [ [ [ [ 179.622934485678826, -38.95908510597318 ], [ 179.696790232401241, -38.491232966140053 ], [ 180.0, -38.377142562996816 ], [ 180.0, -39.126305559140079 ], [ 179.622934485678826, -38.95908510597318 ] ] ], [ [ [ -179.697176235257302, -38.263197403266446 ], [ -179.159364700547684, -38.49970428535422 ], [ -179.225428939395982, -38.967146028946757 ], [ -179.837108940822475, -39.198544243660301 ], [ -180.0, -39.126305559140079 ], [ -180.0, -38.377142562996816 ], [ -179.697176235257302, -38.263197403266446 ] ] ] ] } },
{ "type": "Feature", "properties": { "geogrid_id": "7438732599178617184", "seqnum": 63755.0, "lat_c": -38.732598958232458, "lon_c": -178.61718366814702, "res": 8.0, "count_Ferns": 0, "count_Flowering Plants": 0, "count_Basidiomycota": 0, "count_Insects": 0, "count_Arachnids": 0, "count_Gymnosperms": 0, "count_Mosses": 0, "count_Mammals": 0, "count_Molluscs": 6, "count_Birds": 1, "count_Sac Fungi": 0, "count_Reptiles": 0, "count_Amphibians": 0, "unique_species_count": 7.0, "countryCode": "NZ" }, "geometry": { "type": "MultiPolygon", "coordinates": [ [ [ [ -178.012316572179117, -38.494844961538917 ], [ -178.070598998853598, -38.961680758057724 ], [ -178.679925871673163, -39.199730457092649 ], [ -179.225428939395982, -38.967146028946757 ], [ -179.159364700547684, -38.49970428535422 ], [ -178.555573695703174, -38.265399533168157 ], [ -178.012316572179117, -38.494844961538917 ] ] ] ] } },
{ "type": "Feature", "properties": { "geogrid_id": "7439434515179292715", "seqnum": 63754.0, "lat_c": -39.434514886415798, "lon_c": -179.2927147039083, "res": 8.0, "count_Ferns": 0, "count_Flowering Plants": 0, "count_Basidiomycota": 0, "count_Insects": 0, "count_Arachnids": 0, "count_Gymnosperms": 0, "count_Mosses": 0, "count_Mammals": 0, "count_Molluscs": 0, "count_Birds": 1, "count_Sac Fungi": 0, "count_Reptiles": 0, "count_Amphibians": 0, "unique_species_count": 1.0, "countryCode": "NZ" }, "geometry": { "type": "MultiPolygon", "coordinates": [ [ [ [ -178.679925871673163, -39.199730457092649 ], [ -178.743844521681183, -39.666811600412416 ], [ -179.361269168275243, -39.901827727245852 ], [ -179.909021317164246, -39.666092733941319 ], [ -179.837108940822475, -39.198544243660301 ], [ -179.225428939395982, -38.967146028946757 ], [ -178.679925871673163, -39.199730457092649 ] ] ] ] } },
{ "type": "Feature", "properties": { "geogrid_id": "7440133859178808985", "seqnum": 63835.0, "lat_c": -40.133859396170834, "lon_c": -178.80898459379395, "res": 8.0, "count_Ferns": 0, "count_Flowering Plants": 0, "count_Basidiomycota": 0, "count_Insects": 0, "count_Arachnids": 0, "count_Gymnosperms": 0, "count_Mosses": 0, "count_Mammals": 1, "count_Molluscs": 0, "count_Birds": 0, "count_Sac Fungi": 0, "count_Reptiles": 0, "count_Amphibians": 0, "unique_species_count": 1.0, "countryCode": "NZ" }, "geometry": { "type": "MultiPolygon", "coordinates": [ [ [ [ -178.190467451423871, -39.895236673094075 ], [ -178.252138101094147, -40.361991486469478 ], [ -178.875391950989183, -40.60089031286256 ], [ -179.431140398650001, -40.369100893430307 ], [ -179.361269168275243, -39.901827727245852 ], [ -178.743844521681183, -39.666811600412416 ], [ -178.190467451423871, -39.895236673094075 ] ] ] ] } },
{ "type": "Feature", "properties": { "geogrid_id": "7440707214174736084", "seqnum": 64162.0, "lat_c": -40.707213837068814, "lon_c": -174.73608414878331, "res": 8.0, "count_Ferns": 0, "count_Flowering Plants": 0, "count_Basidiomycota": 0, "count_Insects": 0, "count_Arachnids": 0, "count_Gymnosperms": 0, "count_Mosses": 0, "count_Mammals": 1, "count_Molluscs": 0, "count_Birds": 0, "count_Sac Fungi": 0, "count_Reptiles": 0, "count_Amphibians": 0, "unique_species_count": 1.0, "countryCode": "NZ" }, "geometry": { "type": "MultiPolygon", "coordinates": [ [ [ [ -174.120402863828019, -40.438385044902098 ], [ -174.154912075896704, -40.902190980811035 ], [ -174.775057578294366, -41.17161541479603 ], [ -175.355559063593915, -40.971385550927579 ], [ -175.312887995241084, -40.506552916665136 ], [ -174.697903655998061, -40.242945245230032 ], [ -174.120402863828019, -40.438385044902098 ] ] ] ] } },
{ "type": "Feature", "properties": { "geogrid_id": "7440805707177124685", "seqnum": 63998.0, "lat_c": -40.805706972725019, "lon_c": -177.12468542316807, "res": 8.0, "count_Ferns": 0, "count_Flowering Plants": 0, "count_Basidiomycota": 0, "count_Insects": 0, "count_Arachnids": 0, "count_Gymnosperms": 0, "count_Mosses": 0, "count_Mammals": 1, "count_Molluscs": 0, "count_Birds": 0, "count_Sac Fungi": 0, "count_Reptiles": 0, "count_Amphibians": 0, "unique_species_count": 1.0, "countryCode": "NZ" }, "geometry": { "type": "MultiPolygon", "coordinates": [ [ [ [ -176.503119512267148, -40.555100878097996 ], [ -176.554068065393295, -41.020830032482536 ], [ -177.180362708533494, -41.271856372350101 ], [ -177.750017606346404, -41.052481935406021 ], [ -177.690708761333951, -40.58601494319123 ], [ -177.070112277492484, -40.339614051905897 ], [ -176.503119512267148, -40.555100878097996 ] ] ] ] } },
{ "type": "Feature", "properties": { "geogrid_id": "7440828753178315024", "seqnum": 63916.0, "lat_c": -40.82875307090238, "lon_c": -178.31502416913887, "res": 8.0, "count_Ferns": 0, "count_Flowering Plants": 0, "count_Basidiomycota": 0, "count_Insects": 0, "count_Arachnids": 0, "count_Gymnosperms": 0, "count_Mosses": 0, "count_Mammals": 2, "count_Molluscs": 0, "count_Birds": 1, "count_Sac Fungi": 0, "count_Reptiles": 0, "count_Amphibians": 0, "unique_species_count": 3.0, "countryCode": "NZ" }, "geometry": { "type": "MultiPolygon", "coordinates": [ [ [ [ -177.690708761333951, -40.58601494319123 ], [ -177.750017606346404, -41.052481935406021 ], [ -178.379170228480177, -41.295537418296369 ], [ -178.943113469060137, -41.067920301468334 ], [ -178.875391950989183, -40.60089031286256 ], [ -178.252138101094147, -40.361991486469478 ], [ -177.690708761333951, -40.58601494319123 ] ] ] ] } },
{ "type": "Feature", "properties": { "geogrid_id": "7440836350179502377", "seqnum": 63834.0, "lat_c": -40.836350217960316, "lon_c": -179.50237748363315, "res": 8.0, "count_Ferns": 0, "count_Flowering Plants": 0, "count_Basidiomycota": 0, "count_Insects": 0, "count_Arachnids": 0, "count_Gymnosperms": 0, "count_Mosses": 0, "count_Mammals": 1, "count_Molluscs": 0, "count_Birds": 1, "count_Sac Fungi": 0, "count_Reptiles": 0, "count_Amphibians": 0, "unique_species_count": 2.0, "countryCode": "NZ" }, "geometry": { "type": "MultiPolygon", "coordinates": [ [ [ [ 179.866851820312405, -41.068430714611416 ], [ 179.943010854039841, -40.601020567760585 ], [ 180.0, -40.579902199739166 ], [ 180.0, -41.124532106688619 ], [ 179.866851820312405, -41.068430714611416 ] ] ], [ [ [ -179.431140398650001, -40.369100893430307 ], [ -178.875391950989183, -40.60089031286256 ], [ -178.943113469060137, -41.067920301468334 ], [ -179.575030663902567, -41.303591042388142 ], [ -180.0, -41.124532106688619 ], [ -180.0, -40.579902199739166 ], [ -179.431140398650001, -40.369100893430307 ] ] ] ] } },
{ "type": "Feature", "properties": { "geogrid_id": "7441366158174190148", "seqnum": 64243.0, "lat_c": -41.366158475309142, "lon_c": -174.19014844974362, "res": 8.0, "count_Ferns": 0, "count_Flowering Plants": 0, "count_Basidiomycota": 0, "count_Insects": 0, "count_Arachnids": 0, "count_Gymnosperms": 0, "count_Mosses": 0, "count_Mammals": 1, "count_Molluscs": 0, "count_Birds": 7, "count_Sac Fungi": 0, "count_Reptiles": 0, "count_Amphibians": 0, "unique_species_count": 8.0, "countryCode": "NZ" }, "geometry": { "type": "MultiPolygon", "coordinates": [ [ [ [ -173.569450062024117, -41.091141357704494 ], [ -173.600911785179022, -41.554678695860069 ], [ -174.226136767641947, -41.830302200165839 ], [ -174.814851438644041, -41.636165295535285 ], [ -174.775057578294366, -41.17161541479603 ], [ -174.154912075896704, -40.902190980811035 ], [ -173.569450062024117, -41.091141357704494 ] ] ] ] } },
{ "type": "Feature", "properties": { "geogrid_id": "7441436339175399116", "seqnum": 64161.0, "lat_c": -41.436338716105261, "lon_c": -175.39911606152353, "res": 8.0, "count_Ferns": 0, "count_Flowering Plants": 0, "count_Basidiomycota": 0, "count_Insects": 0, "count_Arachnids": 0, "count_Gymnosperms": 0, "count_Mosses": 0, "count_Mammals": 0, "count_Molluscs": 0, "count_Birds": 2, "count_Sac Fungi": 0, "count_Reptiles": 0, "count_Amphibians": 0, "unique_species_count": 2.0, "countryCode": "NZ" }, "geometry": { "type": "MultiPolygon", "coordinates": [ [ [ [ -174.775057578294366, -41.17161541479603 ], [ -174.814851438644041, -41.636165295535285 ], [ -175.443589959208111, -41.901427782763534 ], [ -176.027127319180181, -41.696587542508723 ], [ -175.978869302899881, -41.231130742892979 ], [ -175.355559063593915, -40.971385550927579 ], [ -174.775057578294366, -41.17161541479603 ] ] ] ] } },
{ "type": "Feature", "properties": { "geogrid_id": "7441486642176606061", "seqnum": 64079.0, "lat_c": -41.486641595015186, "lon_c": -176.60606115046019, "res": 8.0, "count_Ferns": 0, "count_Flowering Plants": 0, "count_Basidiomycota": 0, "count_Insects": 0, "count_Arachnids": 0, "count_Gymnosperms": 0, "count_Mosses": 0, "count_Mammals": 0, "count_Molluscs": 0, "count_Birds": 1, "count_Sac Fungi": 0, "count_Reptiles": 0, "count_Amphibians": 0, "unique_species_count": 1.0, "countryCode": "NZ" }, "geometry": { "type": "MultiPolygon", "coordinates": [ [ [ [ -175.978869302899881, -41.231130742892979 ], [ -176.027127319180181, -41.696587542508723 ], [ -176.659135929749482, -41.952551176241037 ], [ -177.237183845107296, -41.738078075869318 ], [ -177.180362708533494, -41.271856372350101 ], [ -176.554068065393295, -41.020830032482536 ], [ -175.978869302899881, -41.231130742892979 ] ] ] ] } },
{ "type": "Feature", "properties": { "geogrid_id": "7441518996177810530", "seqnum": 63997.0, "lat_c": -41.518996120180198, "lon_c": -177.81052970397761, "res": 8.0, "count_Ferns": 0, "count_Flowering Plants": 0, "count_Basidiomycota": 0, "count_Insects": 0, "count_Arachnids": 0, "count_Gymnosperms": 0, "count_Mosses": 0, "count_Mammals": 1, "count_Molluscs": 0, "count_Birds": 0, "count_Sac Fungi": 0, "count_Reptiles": 0, "count_Amphibians": 0, "unique_species_count": 1.0, "countryCode": "NZ" }, "geometry": { "type": "MultiPolygon", "coordinates": [ [ [ [ -177.180362708533494, -41.271856372350101 ], [ -177.237183845107296, -41.738078075869318 ], [ -177.872288336693572, -41.985572953788619 ], [ -178.444621972046662, -41.762360022398191 ], [ -178.379170228480177, -41.295537418296369 ], [ -177.750017606346404, -41.052481935406021 ], [ -177.180362708533494, -41.271856372350101 ] ] ] ] } },
{ "type": "Feature", "properties": { "geogrid_id": "7442018420173633054", "seqnum": 64324.0, "lat_c": -42.018420067316832, "lon_c": -173.63305390557213, "res": 8.0, "count_Ferns": 0, "count_Flowering Plants": 0, "count_Basidiomycota": 0, "count_Insects": 0, "count_Arachnids": 0, "count_Gymnosperms": 0, "count_Mosses": 0, "count_Mammals": 1, "count_Molluscs": 0, "count_Birds": 5, "count_Sac Fungi": 0, "count_Reptiles": 0, "count_Amphibians": 0, "unique_species_count": 6.0, "countryCode": "NZ" }, "geometry": { "type": "MultiPolygon", "coordinates": [ [ [ [ -173.007450940463315, -41.736816301462504 ], [ -173.03570776460279, -42.200166887471468 ], [ -173.665899158242354, -42.482379036343723 ], [ -174.262902546609013, -42.29463640606501 ], [ -174.226136767641947, -41.830302200165839 ], [ -173.600911785179022, -41.554678695860069 ], [ -173.007450940463315, -41.736816301462504 ] ] ] ] } },
{ "type": "Feature", "properties": { "geogrid_id": "7442100878174855494", "seqnum": 64242.0, "lat_c": -42.100878334949471, "lon_c": -174.85549399489906, "res": 8.0, "count_Ferns": 0, "count_Flowering Plants": 0, "count_Basidiomycota": 0, "count_Insects": 0, "count_Arachnids": 0, "count_Gymnosperms": 0, "count_Mosses": 0, "count_Mammals": 1, "count_Molluscs": 0, "count_Birds": 7, "count_Sac Fungi": 0, "count_Reptiles": 0, "count_Amphibians": 0, "unique_species_count": 8.0, "countryCode": "NZ" }, "geometry": { "type": "MultiPolygon", "coordinates": [ [ [ [ -174.226136767641947, -41.830302200165839 ], [ -174.262902546609013, -42.29463640606501 ], [ -174.897014360158892, -42.565768961719805 ], [ -175.489012612723656, -42.366667662154498 ], [ -175.443589959208111, -41.901427782763534 ], [ -174.814851438644041, -41.636165295535285 ], [ -174.226136767641947, -41.830302200165839 ] ] ] ] } },
{ "type": "Feature", "properties": { "geogrid_id": "7442229236178511426", "seqnum": 63996.0, "lat_c": -42.229235900768153, "lon_c": -178.51142633242407, "res": 8.0, "count_Ferns": 0, "count_Flowering Plants": 0, "count_Basidiomycota": 0, "count_Insects": 0, "count_Arachnids": 0, "count_Gymnosperms": 0, "count_Mosses": 0, "count_Mammals": 1, "count_Molluscs": 4, "count_Birds": 1, "count_Sac Fungi": 0, "count_Reptiles": 0, "count_Amphibians": 0, "unique_species_count": 6.0, "countryCode": "NZ" }, "geometry": { "type": "MultiPolygon", "coordinates": [ [ [ [ -177.872288336693572, -41.985572953788619 ], [ -177.935337999925338, -42.452227421801702 ], [ -178.579631602622982, -42.696179615172731 ], [ -179.154649560241921, -42.469156871274862 ], [ -179.082692303683956, -42.00203883363087 ], [ -178.444621972046662, -41.762360022398191 ], [ -177.872288336693572, -41.985572953788619 ] ] ] ] } },
{ "type": "Feature", "properties": { "geogrid_id": "7442238106179724793", "seqnum": 63914.0, "lat_c": -42.238106198270124, "lon_c": -179.72479281241556, "res": 8.0, "count_Ferns": 0, "count_Flowering Plants": 0, "count_Basidiomycota": 0, "count_Insects": 0, "count_Arachnids": 0, "count_Gymnosperms": 0, "count_Mosses": 0, "count_Mammals": 1, "count_Molluscs": 4, "count_Birds": 0, "count_Sac Fungi": 0, "count_Reptiles": 0, "count_Amphibians": 0, "unique_species_count": 5.0, "countryCode": "NZ" }, "geometry": { "type": "MultiPolygon", "coordinates": [ [ [ [ 179.629025491907356, -42.470621041288645 ], [ 179.709915026998402, -42.003216938244073 ], [ 180.0, -41.898042892643552 ], [ 180.0, -42.623706489815653 ], [ 179.629025491907356, -42.470621041288645 ] ] ], [ [ [ -179.64915146189702, -41.770838233389746 ], [ -179.082692303683956, -42.00203883363087 ], [ -179.154649560241921, -42.469156871274862 ], [ -179.802009194959197, -42.705408899368621 ], [ -180.0, -42.623706489815653 ], [ -180.0, -41.898042892643552 ], [ -179.64915146189702, -41.770838233389746 ] ] ] ] } },
{ "type": "Feature", "properties": { "geogrid_id": "7442543016171828778", "seqnum": 64487.0, "lat_c": -42.543015916183151, "lon_c": -171.8287776391594, "res": 8.0, "count_Ferns": 0, "count_Flowering Plants": 0, "count_Basidiomycota": 0, "count_Insects": 0, "count_Arachnids": 0, "count_Gymnosperms": 0, "count_Mosses": 0, "count_Mammals": 1, "count_Molluscs": 2, "count_Birds": 0, "count_Sac Fungi": 0, "count_Reptiles": 0, "count_Amphibians": 0, "unique_species_count": 3.0, "countryCode": "NZ" }, "geometry": { "type": "MultiPolygon", "coordinates": [ [ [ [ -171.203168562485388, -42.240940495813497 ], [ -171.219545388987711, -42.70328514482226 ], [ -171.849612518101139, -43.005950987403573 ], [ -172.4591078490146, -42.838416492082992 ], [ -172.434229108851781, -42.375166324689133 ], [ -171.808404047030166, -42.080374840413363 ], [ -171.203168562485388, -42.240940495813497 ] ] ] ] } },
{ "type": "Feature", "properties": { "geogrid_id": "7442663762173064590", "seqnum": 64405.0, "lat_c": -42.663761648031659, "lon_c": -173.06459025475414, "res": 8.0, "count_Ferns": 0, "count_Flowering Plants": 0, "count_Basidiomycota": 0, "count_Insects": 0, "count_Arachnids": 0, "count_Gymnosperms": 0, "count_Mosses": 0, "count_Mammals": 1, "count_Molluscs": 1, "count_Birds": 1, "count_Sac Fungi": 0, "count_Reptiles": 0, "count_Amphibians": 0, "unique_species_count": 3.0, "countryCode": "NZ" }, "geometry": { "type": "MultiPolygon", "coordinates": [ [ [ [ -172.434229108851781, -42.375166324689133 ], [ -172.4591078490146, -42.838416492082992 ], [ -173.094119030310765, -43.127613104377673 ], [ -173.699471029763686, -42.946568826031459 ], [ -173.665899158242354, -42.482379036343723 ], [ -173.03570776460279, -42.200166887471468 ], [ -172.434229108851781, -42.375166324689133 ] ] ] ] } },
{ "type": "Feature", "properties": { "geogrid_id": "7442759175174300472", "seqnum": 64323.0, "lat_c": -42.759174956162219, "lon_c": -174.30047210717922, "res": 8.0, "count_Ferns": 0, "count_Flowering Plants": 0, "count_Basidiomycota": 0, "count_Insects": 0, "count_Arachnids": 0, "count_Gymnosperms": 0, "count_Mosses": 0, "count_Mammals": 1, "count_Molluscs": 8, "count_Birds": 1, "count_Sac Fungi": 0, "count_Reptiles": 0, "count_Amphibians": 0, "unique_species_count": 10.0, "countryCode": "NZ" }, "geometry": { "type": "MultiPolygon", "coordinates": [ [ [ [ -173.665899158242354, -42.482379036343723 ], [ -173.699471029763686, -42.946568826031459 ], [ -174.338872642990111, -43.22393135664273 ], [ -174.939442573250489, -43.030851209032662 ], [ -174.897014360158892, -42.565768961719805 ], [ -174.262902546609013, -42.29463640606501 ], [ -173.665899158242354, -42.482379036343723 ] ] ] ] } },
{ "type": "Feature", "properties": { "geogrid_id": "7442832073175535417", "seqnum": 64241.0, "lat_c": -42.832072837879281, "lon_c": -175.53541684961453, "res": 8.0, "count_Ferns": 0, "count_Flowering Plants": 0, "count_Basidiomycota": 0, "count_Insects": 0, "count_Arachnids": 0, "count_Gymnosperms": 0, "count_Mosses": 0, "count_Mammals": 2, "count_Molluscs": 13, "count_Birds": 2, "count_Sac Fungi": 0, "count_Reptiles": 0, "count_Amphibians": 0, "unique_species_count": 17.0, "countryCode": "NZ" }, "geometry": { "type": "MultiPolygon", "coordinates": [ [ [ [ -174.897014360158892, -42.565768961719805 ], [ -174.939442573250489, -43.030851209032662 ], [ -175.582836555518469, -43.297657394881853 ], [ -176.17814483047232, -43.093762324968218 ], [ -176.126728977814338, -42.627888693464506 ], [ -175.489012612723656, -42.366667662154498 ], [ -174.897014360158892, -42.565768961719805 ] ] ] ] } },
{ "type": "Feature", "properties": { "geogrid_id": "7442884724176768685", "seqnum": 64159.0, "lat_c": -42.884724499481699, "lon_c": -176.76868454663528, "res": 8.0, "count_Ferns": 0, "count_Flowering Plants": 0, "count_Basidiomycota": 0, "count_Insects": 0, "count_Arachnids": 0, "count_Gymnosperms": 0, "count_Mosses": 0, "count_Mammals": 2, "count_Molluscs": 13, "count_Birds": 13, "count_Sac Fungi": 0, "count_Reptiles": 0, "count_Amphibians": 0, "unique_species_count": 28.0, "countryCode": "NZ" }, "geometry": { "type": "MultiPolygon", "coordinates": [ [ [ [ -176.126728977814338, -42.627888693464506 ], [ -176.17814483047232, -43.093762324968218 ], [ -176.825238340018018, -43.351017205796431 ], [ -177.414924238522701, -43.137328114687293 ], [ -177.35442199687202, -42.670799287465087 ], [ -176.71333061062856, -42.418573913684426 ], [ -176.126728977814338, -42.627888693464506 ] ] ] ] } },
{ "type": "Feature", "properties": { "geogrid_id": "7442918974177999725", "seqnum": 64077.0, "lat_c": -42.91897406151822, "lon_c": -177.99972451721317, "res": 8.0, "count_Ferns": 0, "count_Flowering Plants": 0, "count_Basidiomycota": 0, "count_Insects": 0, "count_Arachnids": 0, "count_Gymnosperms": 0, "count_Mosses": 0, "count_Mammals": 0, "count_Molluscs": 16, "count_Birds": 6, "count_Sac Fungi": 0, "count_Reptiles": 0, "count_Amphibians": 0, "unique_species_count": 22.0, "countryCode": "NZ" }, "geometry": { "type": "MultiPolygon", "coordinates": [ [ [ [ -177.35442199687202, -42.670799287465087 ], [ -177.414924238522701, -43.137328114687293 ], [ -178.065495157338177, -43.385826982646797 ], [ -178.649287558751325, -43.163205290428778 ], [ -178.579631602622982, -42.696179615172731 ], [ -177.935337999925338, -42.452227421801702 ], [ -177.35442199687202, -42.670799287465087 ] ] ] ] } },
{ "type": "Feature", "properties": { "geogrid_id": "7442936333179228121", "seqnum": 63995.0, "lat_c": -42.936333003807881, "lon_c": -179.22812111135016, "res": 8.0, "count_Ferns": 0, "count_Flowering Plants": 0, "count_Basidiomycota": 0, "count_Insects": 0, "count_Arachnids": 0, "count_Gymnosperms": 0, "count_Mosses": 0, "count_Mammals": 2, "count_Molluscs": 17, "count_Birds": 3, "count_Sac Fungi": 0, "count_Reptiles": 0, "count_Amphibians": 0, "unique_species_count": 22.0, "countryCode": "NZ" }, "geometry": { "type": "MultiPolygon", "coordinates": [ [ [ [ -178.579631602622982, -42.696179615172731 ], [ -178.649287558751325, -43.163205290428778 ], [ -179.303160783810313, -43.403580878730821 ], [ -179.880856768618685, -43.172759867332161 ], [ -179.802009194959197, -42.705408899368621 ], [ -179.154649560241921, -42.469156871274862 ], [ -178.579631602622982, -42.696179615172731 ] ] ] ] } },
{ "type": "Feature", "properties": { "geogrid_id": "7443301948172484549", "seqnum": 64486.0, "lat_c": -43.3019482399841, "lon_c": -172.48454936089664, "res": 8.0, "count_Ferns": 0, "count_Flowering Plants": 3, "count_Basidiomycota": 0, "count_Insects": 0, "count_Arachnids": 0, "count_Gymnosperms": 0, "count_Mosses": 0, "count_Mammals": 1, "count_Molluscs": 1, "count_Birds": 0, "count_Sac Fungi": 0, "count_Reptiles": 0, "count_Amphibians": 0, "unique_species_count": 5.0, "countryCode": "NZ" }, "geometry": { "type": "MultiPolygon", "coordinates": [ [ [ [ -171.849612518101139, -43.005950987403573 ], [ -171.870923498919552, -43.469191065151712 ], [ -172.510572037864762, -43.765773136458925 ], [ -173.12431545494826, -43.591733515540007 ], [ -173.094119030310765, -43.127613104377673 ], [ -172.4591078490146, -42.838416492082992 ], [ -171.849612518101139, -43.005950987403573 ] ] ] ] } },
{ "type": "Feature", "properties": { "geogrid_id": "7443411002173733794", "seqnum": 64404.0, "lat_c": -43.411002347131713, "lon_c": -173.73379381957386, "res": 8.0, "count_Ferns": 0, "count_Flowering Plants": 0, "count_Basidiomycota": 0, "count_Insects": 0, "count_Arachnids": 0, "count_Gymnosperms": 0, "count_Mosses": 0, "count_Mammals": 1, "count_Molluscs": 8, "count_Birds": 2, "count_Sac Fungi": 0, "count_Reptiles": 0, "count_Amphibians": 0, "unique_species_count": 11.0, "countryCode": "NZ" }, "geometry": { "type": "MultiPolygon", "coordinates": [ [ [ [ -173.094119030310765, -43.127613104377673 ], [ -173.12431545494826, -43.591733515540007 ], [ -173.7688927027408, -43.875692224273102 ], [ -174.378132291701945, -43.688918784561231 ], [ -174.338872642990111, -43.22393135664273 ], [ -173.699471029763686, -42.946568826031459 ], [ -173.094119030310765, -43.127613104377673 ] ] ] ] } },
{ "type": "Feature", "properties": { "geogrid_id": "7443496139174982810", "seqnum": 64322.0, "lat_c": -43.496138743335983, "lon_c": -174.98280967762551, "res": 8.0, "count_Ferns": 0, "count_Flowering Plants": 0, "count_Basidiomycota": 0, "count_Insects": 0, "count_Arachnids": 0, "count_Gymnosperms": 0, "count_Mosses": 0, "count_Mammals": 1, "count_Molluscs": 10, "count_Birds": 2, "count_Sac Fungi": 0, "count_Reptiles": 0, "count_Amphibians": 0, "unique_species_count": 13.0, "countryCode": "NZ" }, "geometry": { "type": "MultiPolygon", "coordinates": [ [ [ [ -174.338872642990111, -43.22393135664273 ], [ -174.378132291701945, -43.688918784561231 ], [ -175.027147802020465, -43.96164489059931 ], [ -175.631306762463538, -43.763435045984636 ], [ -175.582836555518469, -43.297657394881853 ], [ -174.939442573250489, -43.030851209032662 ], [ -174.338872642990111, -43.22393135664273 ] ] ] ] } },
{ "type": "Feature", "properties": { "geogrid_id": "7443559803176230687", "seqnum": 64240.0, "lat_c": -43.559803498779885, "lon_c": -176.23068744295185, "res": 8.0, "count_Ferns": 37, "count_Flowering Plants": 403, "count_Basidiomycota": 48, "count_Insects": 191, "count_Arachnids": 13, "count_Gymnosperms": 2, "count_Mosses": 8, "count_Mammals": 16, "count_Molluscs": 200, "count_Birds": 44, "count_Sac Fungi": 62, "count_Reptiles": 0, "count_Amphibians": 0, "unique_species_count": 1024.0, "countryCode": "NZ" }, "geometry": { "type": "MultiPolygon", "coordinates": [ [ [ [ -175.582836555518469, -43.297657394881853 ], [ -175.631306762463538, -43.763435045984636 ], [ -176.284395972114055, -44.026025869411548 ], [ -176.883033946420113, -43.817465908151398 ], [ -176.825238340018018, -43.351017205796431 ], [ -176.17814483047232, -43.093762324968218 ], [ -175.582836555518469, -43.297657394881853 ] ] ] ] } },
{ "type": "Feature", "properties": { "geogrid_id": "7443603988177476741", "seqnum": 64158.0, "lat_c": -43.603987930417205, "lon_c": -177.47674100449353, "res": 8.0, "count_Ferns": 0, "count_Flowering Plants": 0, "count_Basidiomycota": 0, "count_Insects": 0, "count_Arachnids": 0, "count_Gymnosperms": 0, "count_Mosses": 0, "count_Mammals": 2, "count_Molluscs": 9, "count_Birds": 5, "count_Sac Fungi": 0, "count_Reptiles": 0, "count_Amphibians": 0, "unique_species_count": 16.0, "countryCode": "NZ" }, "geometry": { "type": "MultiPolygon", "coordinates": [ [ [ [ -176.825238340018018, -43.351017205796431 ], [ -176.883033946420113, -43.817465908151398 ], [ -177.539918471737991, -44.070792367874482 ], [ -178.132698754180524, -43.852799886299749 ], [ -178.065495157338177, -43.385826982646797 ], [ -177.414924238522701, -43.137328114687293 ], [ -176.825238340018018, -43.351017205796431 ] ] ] ] } },
{ "type": "Feature", "properties": { "geogrid_id": "7443630327178720446", "seqnum": 64076.0, "lat_c": -43.630326631731243, "lon_c": -178.72044558535694, "res": 8.0, "count_Ferns": 0, "count_Flowering Plants": 0, "count_Basidiomycota": 0, "count_Insects": 0, "count_Arachnids": 0, "count_Gymnosperms": 0, "count_Mosses": 0, "count_Mammals": 0, "count_Molluscs": 13, "count_Birds": 7, "count_Sac Fungi": 0, "count_Reptiles": 0, "count_Amphibians": 0, "unique_species_count": 20.0, "countryCode": "NZ" }, "geometry": { "type": "MultiPolygon", "coordinates": [ [ [ [ -178.065495157338177, -43.385826982646797 ], [ -178.132698754180524, -43.852799886299749 ], [ -178.793158804193752, -44.097556940496801 ], [ -179.379824184639602, -43.870913730398257 ], [ -179.303160783810313, -43.403580878730821 ], [ -178.649287558751325, -43.163205290428778 ], [ -178.065495157338177, -43.385826982646797 ] ] ] ] } },
{ "type": "Feature", "properties": { "geogrid_id": "7443640172179961394", "seqnum": 63994.0, "lat_c": -43.640172213231779, "lon_c": -179.96139351029635, "res": 8.0, "count_Ferns": 0, "count_Flowering Plants": 0, "count_Basidiomycota": 0, "count_Insects": 0, "count_Arachnids": 0, "count_Gymnosperms": 0, "count_Mosses": 0, "count_Mammals": 2, "count_Molluscs": 16, "count_Birds": 4, "count_Sac Fungi": 0, "count_Reptiles": 0, "count_Amphibians": 0, "unique_species_count": 22.0, "countryCode": "NZ" }, "geometry": { "type": "MultiPolygon", "coordinates": [ [ [ [ 179.956320642953784, -44.107658639502993 ], [ 179.375965785763071, -43.873036366457846 ], [ 179.462112100401129, -43.405518028215212 ], [ 180.0, -43.214967242463089 ], [ 180.0, -44.092081649455345 ], [ 179.956320642953784, -44.107658639502993 ] ] ], [ [ [ -179.880856768618685, -43.172759867332161 ], [ -179.303160783810313, -43.403580878730821 ], [ -179.379824184639602, -43.870913730398257 ], [ -180.0, -44.092081649455345 ], [ -180.0, -43.214967242463089 ], [ -179.880856768618685, -43.172759867332161 ] ] ] ] } },
{ "type": "Feature", "properties": { "geogrid_id": "7443932747171892726", "seqnum": 64567.0, "lat_c": -43.93274701030191, "lon_c": -171.89272597614834, "res": 8.0, "count_Ferns": 0, "count_Flowering Plants": 0, "count_Basidiomycota": 0, "count_Insects": 0, "count_Arachnids": 0, "count_Gymnosperms": 0, "count_Mosses": 0, "count_Mammals": 1, "count_Molluscs": 0, "count_Birds": 0, "count_Sac Fungi": 0, "count_Reptiles": 0, "count_Amphibians": 0, "unique_species_count": 1.0, "countryCode": "NZ" }, "geometry": { "type": "MultiPolygon", "coordinates": [ [ [ [ -171.253434293134234, -43.628933163782349 ], [ -171.270970631424802, -44.09225696144793 ], [ -171.915035961893039, -44.396629550863445 ], [ -172.537194986231611, -44.229902562851599 ], [ -172.510572037864762, -43.765773136458925 ], [ -171.870923498919552, -43.469191065151712 ], [ -171.253434293134234, -43.628933163782349 ] ] ] ] } },
{ "type": "Feature", "properties": { "geogrid_id": "7444056135173155202", "seqnum": 64485.0, "lat_c": -44.056134902231456, "lon_c": -173.15520169114441, "res": 8.0, "count_Ferns": 0, "count_Flowering Plants": 0, "count_Basidiomycota": 0, "count_Insects": 0, "count_Arachnids": 0, "count_Gymnosperms": 0, "count_Mosses": 0, "count_Mammals": 1, "count_Molluscs": 0, "count_Birds": 6, "count_Sac Fungi": 0, "count_Reptiles": 0, "count_Amphibians": 0, "unique_species_count": 7.0, "countryCode": "NZ" }, "geometry": { "type": "MultiPolygon", "coordinates": [ [ [ [ -172.510572037864762, -43.765773136458925 ], [ -172.537194986231611, -44.229902562851599 ], [ -173.186800756571046, -44.52082906854401 ], [ -173.804793794600329, -44.340650819809618 ], [ -173.7688927027408, -43.875692224273102 ], [ -173.12431545494826, -43.591733515540007 ], [ -172.510572037864762, -43.765773136458925 ] ] ] ] } },
{ "type": "Feature", "properties": { "geogrid_id": "7444154150174418280", "seqnum": 64403.0, "lat_c": -44.154150113213156, "lon_c": -174.41828020774929, "res": 8.0, "count_Ferns": 0, "count_Flowering Plants": 0, "count_Basidiomycota": 0, "count_Insects": 0, "count_Arachnids": 0, "count_Gymnosperms": 0, "count_Mosses": 0, "count_Mammals": 2, "count_Molluscs": 11, "count_Birds": 13, "count_Sac Fungi": 0, "count_Reptiles": 0, "count_Amphibians": 0, "unique_species_count": 26.0, "countryCode": "NZ" }, "geometry": { "type": "MultiPolygon", "coordinates": [ [ [ [ -173.7688927027408, -43.875692224273102 ], [ -173.804793794600329, -44.340650819809618 ], [ -174.459346637411045, -44.619637935259405 ], [ -175.072490243422408, -44.42738266028698 ], [ -175.027147802020465, -43.96164489059931 ], [ -174.378132291701945, -43.688918784561231 ], [ -173.7688927027408, -43.875692224273102 ] ] ] ] } },
{ "type": "Feature", "properties": { "geogrid_id": "7444229419175680864", "seqnum": 64321.0, "lat_c": -44.229419156155814, "lon_c": -175.68086373943356, "res": 8.0, "count_Ferns": 26, "count_Flowering Plants": 160, "count_Basidiomycota": 11, "count_Insects": 133, "count_Arachnids": 5, "count_Gymnosperms": 0, "count_Mosses": 58, "count_Mammals": 9, "count_Molluscs": 40, "count_Birds": 46, "count_Sac Fungi": 34, "count_Reptiles": 0, "count_Amphibians": 0, "unique_species_count": 522.0, "countryCode": "NZ" }, "geometry": { "type": "MultiPolygon", "coordinates": [ [ [ [ -175.027147802020465, -43.96164489059931 ], [ -175.072490243422408, -44.42738266028698 ], [ -175.731545085786792, -44.695622764678859 ], [ -176.339310973978428, -44.4924427388084 ], [ -176.284395972114055, -44.026025869411548 ], [ -175.631306762463538, -43.763435045984636 ], [ -175.027147802020465, -43.96164489059931 ] ] ] ] } },
{ "type": "Feature", "properties": { "geogrid_id": "7444284084176942115", "seqnum": 64239.0, "lat_c": -44.284084106800414, "lon_c": -176.94211478238086, "res": 8.0, "count_Ferns": 37, "count_Flowering Plants": 343, "count_Basidiomycota": 23, "count_Insects": 228, "count_Arachnids": 14, "count_Gymnosperms": 3, "count_Mosses": 30, "count_Mammals": 17, "count_Molluscs": 252, "count_Birds": 32, "count_Sac Fungi": 39, "count_Reptiles": 1, "count_Amphibians": 0, "unique_species_count": 1019.0, "countryCode": "NZ" }, "geometry": { "type": "MultiPolygon", "coordinates": [ [ [ [ -176.284395972114055, -44.026025869411548 ], [ -176.339310973978428, -44.4924427388084 ], [ -177.00252583631692, -44.750884946252349 ], [ -177.604504450650126, -44.537754684998546 ], [ -177.539918471737991, -44.070792367874482 ], [ -176.883033946420113, -43.817465908151398 ], [ -176.284395972114055, -44.026025869411548 ] ] ] ] } },
{ "type": "Feature", "properties": { "geogrid_id": "7444319906178201386", "seqnum": 64157.0, "lat_c": -44.319906082359736, "lon_c": -178.20138583003231, "res": 8.0, "count_Ferns": 0, "count_Flowering Plants": 0, "count_Basidiomycota": 0, "count_Insects": 0, "count_Arachnids": 0, "count_Gymnosperms": 0, "count_Mosses": 0, "count_Mammals": 2, "count_Molluscs": 12, "count_Birds": 8, "count_Sac Fungi": 0, "count_Reptiles": 0, "count_Amphibians": 0, "unique_species_count": 22.0, "countryCode": "NZ" }, "geometry": { "type": "MultiPolygon", "coordinates": [ [ [ [ -177.539918471737991, -44.070792367874482 ], [ -177.604504450650126, -44.537754684998546 ], [ -178.271608723091617, -44.787158505275173 ], [ -178.867482207160663, -44.564909128754508 ], [ -178.793158804193752, -44.097556940496801 ], [ -178.132698754180524, -43.852799886299749 ], [ -177.539918471737991, -44.070792367874482 ] ] ] ] } },
{ "type": "Feature", "properties": { "geogrid_id": "7444338344179458169", "seqnum": 64075.0, "lat_c": -44.338344392778595, "lon_c": -179.45816883895776, "res": 8.0, "count_Ferns": 0, "count_Flowering Plants": 0, "count_Basidiomycota": 0, "count_Insects": 0, "count_Arachnids": 0, "count_Gymnosperms": 0, "count_Mosses": 0, "count_Mammals": 1, "count_Molluscs": 14, "count_Birds": 4, "count_Sac Fungi": 0, "count_Reptiles": 0, "count_Amphibians": 0, "unique_species_count": 19.0, "countryCode": "NZ" }, "geometry": { "type": "MultiPolygon", "coordinates": [ [ [ [ 179.872223646680823, -44.575231449693945 ], [ 179.956320642953784, -44.107658639502993 ], [ 180.0, -44.092081649455345 ], [ 180.0, -44.625224678510037 ], [ 179.872223646680823, -44.575231449693945 ] ] ], [ [ [ -179.379824184639602, -43.870913730398257 ], [ -178.793158804193752, -44.097556940496801 ], [ -178.867482207160663, -44.564909128754508 ], [ -179.538254332798431, -44.805885310900962 ], [ -180.0, -44.625224678510037 ], [ -180.0, -44.092081649455345 ], [ -179.379824184639602, -43.870913730398257 ] ] ] ] } },
{ "type": "Feature", "properties": { "geogrid_id": "7444694348172564438", "seqnum": 64566.0, "lat_c": -44.694347732743545, "lon_c": -172.56443807334554, "res": 8.0, "count_Ferns": 0, "count_Flowering Plants": 0, "count_Basidiomycota": 0, "count_Insects": 0, "count_Arachnids": 0, "count_Gymnosperms": 0, "count_Mosses": 0, "count_Mammals": 1, "count_Molluscs": 0, "count_Birds": 0, "count_Sac Fungi": 0, "count_Reptiles": 0, "count_Amphibians": 0, "unique_species_count": 1.0, "countryCode": "NZ" }, "geometry": { "type": "MultiPolygon", "coordinates": [ [ [ [ -171.915035961893039, -44.396629550863445 ], [ -171.937870125639648, -44.860849297711347 ], [ -172.592321977801618, -45.159119709182562 ], [ -173.219136582720523, -44.98582762167598 ], [ -173.186800756571046, -44.52082906854401 ], [ -172.537194986231611, -44.229902562851599 ], [ -171.915035961893039, -44.396629550863445 ] ] ] ] } },
{ "type": "Feature", "properties": { "geogrid_id": "7444805890173841524", "seqnum": 64484.0, "lat_c": -44.805890255527089, "lon_c": -173.84152421769164, "res": 8.0, "count_Ferns": 0, "count_Flowering Plants": 0, "count_Basidiomycota": 0, "count_Insects": 0, "count_Arachnids": 0, "count_Gymnosperms": 0, "count_Mosses": 0, "count_Mammals": 2, "count_Molluscs": 0, "count_Birds": 0, "count_Sac Fungi": 0, "count_Reptiles": 0, "count_Amphibians": 0, "unique_species_count": 2.0, "countryCode": "NZ" }, "geometry": { "type": "MultiPolygon", "coordinates": [ [ [ [ -173.186800756571046, -44.52082906854401 ], [ -173.219136582720523, -44.98582762167598 ], [ -173.879112171413709, -45.271422432407142 ], [ -174.501362996678722, -45.085394583801559 ], [ -174.459346637411045, -44.619637935259405 ], [ -173.804793794600329, -44.340650819809618 ], [ -173.186800756571046, -44.52082906854401 ] ] ] ] } },
{ "type": "Feature", "properties": { "geogrid_id": "7444893365175118872", "seqnum": 64402.0, "lat_c": -44.893364767231482, "lon_c": -175.11887155287519, "res": 8.0, "count_Ferns": 0, "count_Flowering Plants": 0, "count_Basidiomycota": 0, "count_Insects": 0, "count_Arachnids": 0, "count_Gymnosperms": 0, "count_Mosses": 0, "count_Mammals": 4, "count_Molluscs": 5, "count_Birds": 1, "count_Sac Fungi": 0, "count_Reptiles": 0, "count_Amphibians": 0, "unique_species_count": 10.0, "countryCode": "NZ" }, "geometry": { "type": "MultiPolygon", "coordinates": [ [ [ [ -174.459346637411045, -44.619637935259405 ], [ -174.501362996678722, -45.085394583801559 ], [ -175.166327624658749, -45.359603651573941 ], [ -175.783389828108966, -45.162058605377482 ], [ -175.731545085786792, -44.695622764678859 ], [ -175.072490243422408, -44.42738266028698 ], [ -174.459346637411045, -44.619637935259405 ] ] ] ] } },
{ "type": "Feature", "properties": { "geogrid_id": "7444959067176395475", "seqnum": 64320.0, "lat_c": -44.959067076424439, "lon_c": -176.39547450785344, "res": 8.0, "count_Ferns": 0, "count_Flowering Plants": 0, "count_Basidiomycota": 0, "count_Insects": 0, "count_Arachnids": 0, "count_Gymnosperms": 0, "count_Mosses": 0, "count_Mammals": 2, "count_Molluscs": 15, "count_Birds": 2, "count_Sac Fungi": 0, "count_Reptiles": 0, "count_Amphibians": 0, "unique_species_count": 19.0, "countryCode": "NZ" }, "geometry": { "type": "MultiPolygon", "coordinates": [ [ [ [ -175.731545085786792, -44.695622764678859 ], [ -175.783389828108966, -45.162058605377482 ], [ -176.452930244563021, -45.42591153750471 ], [ -177.064313783649112, -45.217881233049084 ], [ -177.00252583631692, -44.750884946252349 ], [ -176.339310973978428, -44.4924427388084 ], [ -175.731545085786792, -44.695622764678859 ] ] ] ] } },
{ "type": "Feature", "properties": { "geogrid_id": "7445004888177670549", "seqnum": 64238.0, "lat_c": -45.004887781385676, "lon_c": -177.6705485066185, "res": 8.0, "count_Ferns": 0, "count_Flowering Plants": 0, "count_Basidiomycota": 0, "count_Insects": 0, "count_Arachnids": 0, "count_Gymnosperms": 0, "count_Mosses": 0, "count_Mammals": 2, "count_Molluscs": 5, "count_Birds": 3, "count_Sac Fungi": 0, "count_Reptiles": 0, "count_Amphibians": 0, "unique_species_count": 10.0, "countryCode": "NZ" }, "geometry": { "type": "MultiPolygon", "coordinates": [ [ [ [ -177.00252583631692, -44.750884946252349 ], [ -177.064313783649112, -45.217881233049084 ], [ -177.738102086457957, -45.472204213627819 ], [ -178.343421719869553, -45.25456972833593 ], [ -178.271608723091617, -44.787158505275173 ], [ -177.604504450650126, -44.537754684998546 ], [ -177.00252583631692, -44.750884946252349 ] ] ] ] } },
{ "type": "Feature", "properties": { "geogrid_id": "7445032396178943473", "seqnum": 64156.0, "lat_c": -45.032395732112867, "lon_c": -178.94347279416857, "res": 8.0, "count_Ferns": 0, "count_Flowering Plants": 0, "count_Basidiomycota": 0, "count_Insects": 0, "count_Arachnids": 0, "count_Gymnosperms": 0, "count_Mosses": 0, "count_Mammals": 2, "count_Molluscs": 3, "count_Birds": 0, "count_Sac Fungi": 0, "count_Reptiles": 0, "count_Amphibians": 0, "unique_species_count": 5.0, "countryCode": "NZ" }, "geometry": { "type": "MultiPolygon", "coordinates": [ [ [ [ -178.271608723091617, -44.787158505275173 ], [ -178.343421719869553, -45.25456972833593 ], [ -179.021189716703788, -45.500028921329296 ], [ -179.620142461631161, -45.273548550994477 ], [ -179.538254332798431, -44.805885310900962 ], [ -178.867482207160663, -44.564909128754508 ], [ -178.271608723091617, -44.787158505275173 ] ] ] ] } },
{ "type": "Feature", "properties": { "geogrid_id": "7445325417171961246", "seqnum": 64647.0, "lat_c": -45.325416758886526, "lon_c": -171.96124583601036, "res": 8.0, "count_Ferns": 0, "count_Flowering Plants": 0, "count_Basidiomycota": 0, "count_Insects": 0, "count_Arachnids": 0, "count_Gymnosperms": 0, "count_Mosses": 0, "count_Mammals": 0, "count_Molluscs": 0, "count_Birds": 4, "count_Sac Fungi": 0, "count_Reptiles": 0, "count_Amphibians": 0, "unique_species_count": 4.0, "countryCode": "NZ" }, "geometry": { "type": "MultiPolygon", "coordinates": [ [ [ [ -171.307291531220557, -45.019954589125291 ], [ -171.32610352567113, -45.484348407467429 ], [ -171.985181204713257, -45.790342352619042 ], [ -172.620868242079609, -45.6242294203592 ], [ -172.592321977801618, -45.159119709182562 ], [ -171.937870125639648, -44.860849297711347 ], [ -171.307291531220557, -45.019954589125291 ] ] ] ] } },
{ "type": "Feature", "properties": { "geogrid_id": "7445551432174544362", "seqnum": 64483.0, "lat_c": -45.55143215158234, "lon_c": -174.54436195240484, "res": 8.0, "count_Ferns": 0, "count_Flowering Plants": 0, "count_Basidiomycota": 0, "count_Insects": 0, "count_Arachnids": 0, "count_Gymnosperms": 0, "count_Mosses": 0, "count_Mammals": 1, "count_Molluscs": 0, "count_Birds": 1, "count_Sac Fungi": 0, "count_Reptiles": 0, "count_Amphibians": 0, "unique_species_count": 2.0, "countryCode": "NZ" }, "geometry": { "type": "MultiPolygon", "coordinates": [ [ [ [ -173.879112171413709, -45.271422432407142 ], [ -173.917587004829016, -45.737259048624701 ], [ -174.588377507219946, -46.017762508466333 ], [ -175.214895789381046, -45.826111496920028 ], [ -175.166327624658749, -45.359603651573941 ], [ -174.501362996678722, -45.085394583801559 ], [ -173.879112171413709, -45.271422432407142 ] ] ] ] } },
{ "type": "Feature", "properties": { "geogrid_id": "7445628739175836439", "seqnum": 64401.0, "lat_c": -45.628739125032759, "lon_c": -175.8364385210856, "res": 8.0, "count_Ferns": 0, "count_Flowering Plants": 0, "count_Basidiomycota": 0, "count_Insects": 0, "count_Arachnids": 0, "count_Gymnosperms": 0, "count_Mosses": 0, "count_Mammals": 1, "count_Molluscs": 0, "count_Birds": 0, "count_Sac Fungi": 0, "count_Reptiles": 0, "count_Amphibians": 0, "unique_species_count": 1.0, "countryCode": "NZ" }, "geometry": { "type": "MultiPolygon", "coordinates": [ [ [ [ -175.166327624658749, -45.359603651573941 ], [ -175.214895789381046, -45.826111496920028 ], [ -175.890733352990168, -46.095676500114536 ], [ -176.511723579405384, -45.892988479682273 ], [ -176.452930244563021, -45.42591153750471 ], [ -175.783389828108966, -45.162058605377482 ], [ -175.166327624658749, -45.359603651573941 ] ] ] ] } },
{ "type": "Feature", "properties": { "geogrid_id": "7445685085177127527", "seqnum": 64319.0, "lat_c": -45.685085451888796, "lon_c": -177.12752710674812, "res": 8.0, "count_Ferns": 0, "count_Flowering Plants": 0, "count_Basidiomycota": 0, "count_Insects": 0, "count_Arachnids": 0, "count_Gymnosperms": 0, "count_Mosses": 0, "count_Mammals": 1, "count_Molluscs": 0, "count_Birds": 1, "count_Sac Fungi": 0, "count_Reptiles": 0, "count_Amphibians": 0, "unique_species_count": 2.0, "countryCode": "NZ" }, "geometry": { "type": "MultiPolygon", "coordinates": [ [ [ [ -176.452930244563021, -45.42591153750471 ], [ -176.511723579405384, -45.892988479682273 ], [ -177.192216220388389, -46.152509780175933 ], [ -177.807218650439751, -45.93971620911767 ], [ -177.738102086457957, -45.472204213627819 ], [ -177.064313783649112, -45.217881233049084 ], [ -176.452930244563021, -45.42591153750471 ] ] ] ] } },
{ "type": "Feature", "properties": { "geogrid_id": "7445722152178416881", "seqnum": 64237.0, "lat_c": -45.722151976474841, "lon_c": -178.4168811932575, "res": 8.0, "count_Ferns": 0, "count_Flowering Plants": 0, "count_Basidiomycota": 0, "count_Insects": 0, "count_Arachnids": 0, "count_Gymnosperms": 0, "count_Mosses": 0, "count_Mammals": 2, "count_Molluscs": 0, "count_Birds": 3, "count_Sac Fungi": 0, "count_Reptiles": 0, "count_Amphibians": 0, "unique_species_count": 5.0, "countryCode": "NZ" }, "geometry": { "type": "MultiPolygon", "coordinates": [ [ [ [ -177.738102086457957, -45.472204213627819 ], [ -177.807218650439751, -45.93971620911767 ], [ -178.492045747023639, -46.189917137635042 ], [ -179.10069442787821, -45.967820512504211 ], [ -179.021189716703788, -45.500028921329296 ], [ -178.343421719869553, -45.25456972833593 ], [ -177.738102086457957, -45.472204213627819 ] ] ] ] } },
{ "type": "Feature", "properties": { "geogrid_id": "7445741346179703897", "seqnum": 64155.0, "lat_c": -45.74134580932391, "lon_c": -179.70389738539987, "res": 8.0, "count_Ferns": 0, "count_Flowering Plants": 0, "count_Basidiomycota": 0, "count_Insects": 0, "count_Arachnids": 0, "count_Gymnosperms": 0, "count_Mosses": 0, "count_Mammals": 2, "count_Molluscs": 0, "count_Birds": 0, "count_Sac Fungi": 0, "count_Reptiles": 0, "count_Amphibians": 0, "unique_species_count": 2.0, "countryCode": "NZ" }, "geometry": { "type": "MultiPolygon", "coordinates": [ [ [ [ 179.608410446816208, -45.978585406750625 ], [ 179.698336566557771, -45.510683491615438 ], [ 180.0, -45.405719824559469 ], [ 180.0, -46.128652392091738 ], [ 179.608410446816208, -45.978585406750625 ] ] ], [ [ [ -179.620142461631161, -45.273548550994477 ], [ -179.021189716703788, -45.500028921329296 ], [ -179.10069442787821, -45.967820512504211 ], [ -179.789585790913662, -46.209288419722697 ], [ -180.0, -46.128652392091738 ], [ -180.0, -45.405719824559469 ], [ -179.620142461631161, -45.273548550994477 ] ] ] ] } },
{ "type": "Feature", "properties": { "geogrid_id": "7446203412173956979", "seqnum": 64564.0, "lat_c": -46.203411615934591, "lon_c": -173.9569792930514, "res": 8.0, "count_Ferns": 0, "count_Flowering Plants": 0, "count_Basidiomycota": 0, "count_Insects": 0, "count_Arachnids": 0, "count_Gymnosperms": 0, "count_Mosses": 0, "count_Mammals": 1, "count_Molluscs": 0, "count_Birds": 0, "count_Sac Fungi": 0, "count_Reptiles": 0, "count_Amphibians": 0, "unique_species_count": 1.0, "countryCode": "NZ" }, "geometry": { "type": "MultiPolygon", "coordinates": [ [ [ [ -173.286119182587584, -45.916783438819969 ], [ -173.320818954658989, -46.382763086432142 ], [ -173.997320917667992, -46.669891474584283 ], [ -174.633445088721345, -46.484397317337979 ], [ -174.588377507219946, -46.017762508466333 ], [ -173.917587004829016, -45.737259048624701 ], [ -173.286119182587584, -45.916783438819969 ] ] ] ] } },
{ "type": "Feature", "properties": { "geogrid_id": "7446292900175264615", "seqnum": 64482.0, "lat_c": -46.292900246843288, "lon_c": -175.2646149115331, "res": 8.0, "count_Ferns": 0, "count_Flowering Plants": 0, "count_Basidiomycota": 0, "count_Insects": 0, "count_Arachnids": 0, "count_Gymnosperms": 0, "count_Mosses": 0, "count_Mammals": 2, "count_Molluscs": 0, "count_Birds": 6, "count_Sac Fungi": 0, "count_Reptiles": 0, "count_Amphibians": 0, "unique_species_count": 8.0, "countryCode": "NZ" }, "geometry": { "type": "MultiPolygon", "coordinates": [ [ [ [ -174.588377507219946, -46.017762508466333 ], [ -174.633445088721345, -46.484397317337979 ], [ -175.315525492078194, -46.759981619852347 ], [ -175.946318256402321, -46.562882651935091 ], [ -175.890733352990168, -46.095676500114536 ], [ -175.214895789381046, -45.826111496920028 ], [ -174.588377507219946, -46.017762508466333 ] ] ] ] } },
{ "type": "Feature", "properties": { "geogrid_id": "7446360310176571902", "seqnum": 64400.0, "lat_c": -46.360309977986134, "lon_c": -176.57190175049897, "res": 8.0, "count_Ferns": 0, "count_Flowering Plants": 0, "count_Basidiomycota": 0, "count_Insects": 0, "count_Arachnids": 0, "count_Gymnosperms": 0, "count_Mosses": 0, "count_Mammals": 0, "count_Molluscs": 0, "count_Birds": 7, "count_Sac Fungi": 0, "count_Reptiles": 0, "count_Amphibians": 0, "unique_species_count": 7.0, "countryCode": "NZ" }, "geometry": { "type": "MultiPolygon", "coordinates": [ [ [ [ -175.890733352990168, -46.095676500114536 ], [ -175.946318256402321, -46.562882651935091 ], [ -176.633513963194133, -46.827887838344914 ], [ -177.258433603424436, -46.6201661010696 ], [ -177.192216220388389, -46.152509780175933 ], [ -176.511723579405384, -45.892988479682273 ], [ -175.890733352990168, -46.095676500114536 ] ] ] ] } },
{ "type": "Feature", "properties": { "geogrid_id": "7446407436177877954", "seqnum": 64318.0, "lat_c": -46.407435678376473, "lon_c": -177.87795381066377, "res": 8.0, "count_Ferns": 0, "count_Flowering Plants": 0, "count_Basidiomycota": 0, "count_Insects": 0, "count_Arachnids": 0, "count_Gymnosperms": 0, "count_Mosses": 0, "count_Mammals": 1, "count_Molluscs": 0, "count_Birds": 0, "count_Sac Fungi": 0, "count_Reptiles": 0, "count_Amphibians": 0, "unique_species_count": 1.0, "countryCode": "NZ" }, "geometry": { "type": "MultiPolygon", "coordinates": [ [ [ [ -177.192216220388389, -46.152509780175933 ], [ -177.258433603424436, -46.6201661010696 ], [ -177.950365476547461, -46.875374225953159 ], [ -178.5689763675378, -46.657876772736756 ], [ -178.492045747023639, -46.189917137635042 ], [ -177.807218650439751, -45.93971620911767 ], [ -177.192216220388389, -46.152509780175933 ] ] ] ] } },
{ "type": "Feature", "properties": { "geogrid_id": "7446435782179182051", "seqnum": 64236.0, "lat_c": -46.435781975917372, "lon_c": -179.18205083978512, "res": 8.0, "count_Ferns": 0, "count_Flowering Plants": 0, "count_Basidiomycota": 0, "count_Insects": 0, "count_Arachnids": 0, "count_Gymnosperms": 0, "count_Mosses": 0, "count_Mammals": 0, "count_Molluscs": 1, "count_Birds": 1, "count_Sac Fungi": 0, "count_Reptiles": 0, "count_Amphibians": 0, "unique_species_count": 2.0, "countryCode": "NZ" }, "geometry": { "type": "MultiPolygon", "coordinates": [ [ [ [ -178.492045747023639, -46.189917137635042 ], [ -178.5689763675378, -46.657876772736756 ], [ -179.265325489018437, -46.903924443519017 ], [ -179.877277062461133, -46.67738735982072 ], [ -179.789585790913662, -46.209288419722697 ], [ -179.10069442787821, -45.967820512504211 ], [ -178.492045747023639, -46.189917137635042 ] ] ] ] } },
{ "type": "Feature", "properties": { "geogrid_id": "7447030369176003239", "seqnum": 64481.0, "lat_c": -47.030369260320448, "lon_c": -176.00323902479545, "res": 8.0, "count_Ferns": 0, "count_Flowering Plants": 0, "count_Basidiomycota": 0, "count_Insects": 0, "count_Arachnids": 0, "count_Gymnosperms": 0, "count_Mosses": 0, "count_Mammals": 1, "count_Molluscs": 0, "count_Birds": 8, "count_Sac Fungi": 0, "count_Reptiles": 0, "count_Amphibians": 0, "unique_species_count": 9.0, "countryCode": "NZ" }, "geometry": { "type": "MultiPolygon", "coordinates": [ [ [ [ -175.315525492078194, -46.759981619852347 ], [ -175.36766977666997, -47.227367122924804 ], [ -176.061543435665214, -47.498147775882686 ], [ -176.696611521261218, -47.295733609660161 ], [ -176.633513963194133, -46.827887838344914 ], [ -175.946318256402321, -46.562882651935091 ], [ -175.315525492078194, -46.759981619852347 ] ] ] ] } },
{ "type": "Feature", "properties": { "geogrid_id": "7447088066177326234", "seqnum": 64399.0, "lat_c": -47.088066015092508, "lon_c": -177.32623393743387, "res": 8.0, "count_Ferns": 0, "count_Flowering Plants": 0, "count_Basidiomycota": 0, "count_Insects": 0, "count_Arachnids": 0, "count_Gymnosperms": 0, "count_Mosses": 0, "count_Mammals": 1, "count_Molluscs": 0, "count_Birds": 0, "count_Sac Fungi": 0, "count_Reptiles": 0, "count_Amphibians": 0, "unique_species_count": 1.0, "countryCode": "NZ" }, "geometry": { "type": "MultiPolygon", "coordinates": [ [ [ [ -176.633513963194133, -46.827887838344914 ], [ -176.696611521261218, -47.295733609660161 ], [ -177.395674253112134, -47.556220850353647 ], [ -178.02451400824495, -47.343543159935621 ], [ -177.950365476547461, -46.875374225953159 ], [ -177.258433603424436, -46.6201661010696 ], [ -176.633513963194133, -46.827887838344914 ] ] ] ] } },
{ "type": "Feature", "properties": { "geogrid_id": "7447145653179967043", "seqnum": 64235.0, "lat_c": -47.14565325595985, "lon_c": -179.96704346156534, "res": 8.0, "count_Ferns": 0, "count_Flowering Plants": 0, "count_Basidiomycota": 0, "count_Insects": 0, "count_Arachnids": 0, "count_Gymnosperms": 0, "count_Mosses": 0, "count_Mammals": 1, "count_Molluscs": 3, "count_Birds": 0, "count_Sac Fungi": 0, "count_Reptiles": 0, "count_Amphibians": 0, "unique_species_count": 4.0, "countryCode": "NZ" }, "geometry": { "type": "MultiPolygon", "coordinates": [ [ [ [ 179.943424937831367, -47.617579895464431 ], [ 179.330687146048831, -47.3909352178772 ], [ 179.425092357299263, -46.918979447032186 ], [ 180.0, -46.719886773505472 ], [ 180.0, -47.597920816568084 ], [ 179.943424937831367, -47.617579895464431 ] ] ], [ [ [ -179.877277062461133, -46.67738735982072 ], [ -179.265325489018437, -46.903924443519017 ], [ -179.350587711257617, -47.372258715082687 ], [ -180.0, -47.597920816568084 ], [ -180.0, -46.719886773505472 ], [ -179.877277062461133, -46.67738735982072 ] ] ] ] } },
{ "type": "Feature", "properties": { "geogrid_id": "7447695068175421092", "seqnum": 64562.0, "lat_c": -47.695068063697747, "lon_c": -175.4210918701273, "res": 8.0, "count_Ferns": 0, "count_Flowering Plants": 0, "count_Basidiomycota": 0, "count_Insects": 0, "count_Arachnids": 0, "count_Gymnosperms": 0, "count_Mosses": 0, "count_Mammals": 0, "count_Molluscs": 0, "count_Birds": 1, "count_Sac Fungi": 0, "count_Reptiles": 0, "count_Amphibians": 0, "unique_species_count": 1.0, "countryCode": "NZ" }, "geometry": { "type": "MultiPolygon", "coordinates": [ [ [ [ -174.726885736240121, -47.418625992944172 ], [ -174.775337655408123, -47.886242273791304 ], [ -175.475837857830811, -48.163095561393085 ], [ -176.12128138090884, -47.966229430965434 ], [ -176.061543435665214, -47.498147775882686 ], [ -175.36766977666997, -47.227367122924804 ], [ -174.726885736240121, -47.418625992944172 ] ] ] ] } },
{ "type": "Feature", "properties": { "geogrid_id": "7447763859176761248", "seqnum": 64480.0, "lat_c": -47.76385859451311, "lon_c": -176.76124796560464, "res": 8.0, "count_Ferns": 0, "count_Flowering Plants": 0, "count_Basidiomycota": 0, "count_Insects": 0, "count_Arachnids": 0, "count_Gymnosperms": 0, "count_Mosses": 0, "count_Mammals": 0, "count_Molluscs": 0, "count_Birds": 1, "count_Sac Fungi": 0, "count_Reptiles": 0, "count_Amphibians": 0, "unique_species_count": 1.0, "countryCode": "NZ" }, "geometry": { "type": "MultiPolygon", "coordinates": [ [ [ [ -176.061543435665214, -47.498147775882686 ], [ -176.12128138090884, -47.966229430965434 ], [ -176.827479221299313, -48.232273858558607 ], [ -177.466814085248899, -48.024641671428689 ], [ -177.395674253112134, -47.556220850353647 ], [ -176.696611521261218, -47.295733609660161 ], [ -176.061543435665214, -47.498147775882686 ] ] ] ] } },
{ "type": "Feature", "properties": { "geogrid_id": "7447840795179437910", "seqnum": 64316.0, "lat_c": -47.840795263020489, "lon_c": -179.43790982587609, "res": 8.0, "count_Ferns": 0, "count_Flowering Plants": 0, "count_Basidiomycota": 0, "count_Insects": 0, "count_Arachnids": 0, "count_Gymnosperms": 0, "count_Mosses": 0, "count_Mammals": 1, "count_Molluscs": 5, "count_Birds": 2, "count_Sac Fungi": 0, "count_Reptiles": 0, "count_Amphibians": 0, "unique_species_count": 8.0, "countryCode": "NZ" }, "geometry": { "type": "MultiPolygon", "coordinates": [ [ [ [ 179.850641724678866, -48.089050557880057 ], [ 179.943424937831367, -47.617579895464431 ], [ 180.0, -47.597920816568084 ], [ 180.0, -48.142486446053937 ], [ 179.850641724678866, -48.089050557880057 ] ] ], [ [ [ -179.350587711257617, -47.372258715082687 ], [ -178.728392634996482, -47.594424123537685 ], [ -178.811013651501924, -48.06303339654967 ], [ -179.525566477391834, -48.312224457593778 ], [ -180.0, -48.142486446053937 ], [ -180.0, -47.597920816568084 ], [ -179.350587711257617, -47.372258715082687 ] ] ] ] } },
{ "type": "Feature", "properties": { "geogrid_id": "7449218739178339779", "seqnum": 64478.0, "lat_c": -49.218738965163745, "lon_c": -178.33977913543643, "res": 8.0, "count_Ferns": 0, "count_Flowering Plants": 0, "count_Basidiomycota": 0, "count_Insects": 0, "count_Arachnids": 0, "count_Gymnosperms": 0, "count_Mosses": 0, "count_Mammals": 0, "count_Molluscs": 0, "count_Birds": 2, "count_Sac Fungi": 0, "count_Reptiles": 0, "count_Amphibians": 0, "unique_species_count": 2.0, "countryCode": "NZ" }, "geometry": { "type": "MultiPolygon", "coordinates": [ [ [ [ -177.614443955619578, -48.962324255816952 ], [ -177.691067117031025, -49.431606892392125 ], [ -178.423359959898676, -49.688978516326401 ], [ -179.070604627860348, -49.47305119604092 ], [ -178.981347666598793, -49.002747380374039 ], [ -178.258024636127999, -48.749541076264052 ], [ -177.614443955619578, -48.962324255816952 ] ] ] ] } },
{ "type": "Feature", "properties": { "geogrid_id": "7450579076177184703", "seqnum": 64640.0, "lat_c": -50.579076000845127, "lon_c": -177.18470250586145, "res": 8.0, "count_Ferns": 0, "count_Flowering Plants": 0, "count_Basidiomycota": 0, "count_Insects": 0, "count_Arachnids": 0, "count_Gymnosperms": 0, "count_Mosses": 0, "count_Mammals": 0, "count_Molluscs": 0, "count_Birds": 1, "count_Sac Fungi": 0, "count_Reptiles": 0, "count_Amphibians": 0, "unique_species_count": 1.0, "countryCode": "NZ" }, "geometry": { "type": "MultiPolygon", "coordinates": [ [ [ [ -176.443386556708759, -50.311563771672837 ], [ -176.512910468218024, -50.781688990131997 ], [ -177.263714592952397, -51.047861013506164 ], [ -177.936320701738623, -50.839613111829706 ], [ -177.851019183117756, -50.370743018450433 ], [ -177.109563343306633, -50.109051148043513 ], [ -176.443386556708759, -50.311563771672837 ] ] ] ] } },
{ "type": "Feature", "properties": { "geogrid_id": "7451307722178025912", "seqnum": 58981.0, "lat_c": -51.30772212638351, "lon_c": -178.02591245517041, "res": 8.0, "count_Ferns": 0, "count_Flowering Plants": 0, "count_Basidiomycota": 0, "count_Insects": 0, "count_Arachnids": 0, "count_Gymnosperms": 0, "count_Mosses": 0, "count_Mammals": 0, "count_Molluscs": 0, "count_Birds": 1, "count_Sac Fungi": 0, "count_Reptiles": 0, "count_Amphibians": 0, "unique_species_count": 1.0, "countryCode": "NZ" }, "geometry": { "type": "MultiPolygon", "coordinates": [ [ [ [ -177.936320701738623, -50.839613111829706 ], [ -177.263714592952397, -51.047861013506164 ], [ -177.346855375340056, -51.515912736590209 ], [ -178.120173028155619, -51.774976882060088 ], [ -178.798696383834965, -51.562893535777889 ], [ -178.697994090222551, -51.095649800612335 ], [ -177.936320701738623, -50.839613111829706 ] ] ] ] } },
{ "type": "Feature", "properties": { "geogrid_id": "7451346967179470088", "seqnum": 58900.0, "lat_c": -51.346967347844348, "lon_c": -179.47008758211416, "res": 8.0, "count_Ferns": 0, "count_Flowering Plants": 0, "count_Basidiomycota": 0, "count_Insects": 0, "count_Arachnids": 0, "count_Gymnosperms": 0, "count_Mosses": 0, "count_Mammals": 0, "count_Molluscs": 0, "count_Birds": 2, "count_Sac Fungi": 0, "count_Reptiles": 0, "count_Amphibians": 0, "unique_species_count": 2.0, "countryCode": "NZ" }, "geometry": { "type": "MultiPolygon", "coordinates": [ [ [ [ 179.747008795541831, -51.593323314745028 ], [ 179.865627299369294, -51.127272734240812 ], [ 180.0, -51.084151002979375 ], [ 180.0, -51.676258342037727 ], [ 179.747008795541831, -51.593323314745028 ] ] ], [ [ [ -179.363120746310074, -50.879769191088293 ], [ -178.697994090222551, -51.095649800612335 ], [ -178.798696383834965, -51.562893535777889 ], [ -179.582462139108969, -51.813134696940651 ], [ -180.0, -51.676258342037727 ], [ -180.0, -51.084151002979375 ], [ -179.363120746310074, -50.879769191088293 ] ] ] ] } }
]
}
