{
"type": "FeatureCollection",
"name": "VE",
"crs": { "type": "name", "properties": { "name": "urn:ogc:def:crs:OGC:1.3:CRS84" } },
"features": [
{ "type": "Feature", "properties": { "geogrid_id": "5200407167066321534", "seqnum": 10467.0, "lat_c": 0.40716688323807998, "lon_c": -66.321533562156645, "res": 8.0, "count_Insects": 0, "count_Basidiomycota": 0, "count_Birds": 0, "count_Molluscs": 0, "count_Flowering Plants": 1, "count_Amphibians": 0, "count_Reptiles": 0, "count_Mammals": 0, "count_Arachnids": 0, "count_Sac Fungi": 0, "count_Mosses": 0, "count_Ferns": 0, "count_Gymnosperms": 0, "unique_species_count": 1.0, "countryCode": "VE" }, "geometry": { "type": "MultiPolygon", "coordinates": [ [ [ [ -65.806820358042401, 0.407296280439456 ], [ -66.064983522485903, -0.000000001629789 ], [ -66.579710185408089, -0.00000000166996 ], [ -66.836411118517177, 0.407028886503642 ], [ -66.576673822728893, 0.81411832347587 ], [ -66.061678269542639, 0.814374639023955 ], [ -65.806820358042401, 0.407296280439456 ] ] ] ] } },
{ "type": "Feature", "properties": { "geogrid_id": "5200814611065546818", "seqnum": 10468.0, "lat_c": 0.81461137627806601, "lon_c": -65.54681807080668, "res": 8.0, "count_Insects": 0, "count_Basidiomycota": 1, "count_Birds": 0, "count_Molluscs": 0, "count_Flowering Plants": 6, "count_Amphibians": 0, "count_Reptiles": 0, "count_Mammals": 0, "count_Arachnids": 0, "count_Sac Fungi": 6, "count_Mosses": 4, "count_Ferns": 1, "count_Gymnosperms": 0, "unique_species_count": 18.0, "countryCode": "VE" }, "geometry": { "type": "MultiPolygon", "coordinates": [ [ [ [ -65.032076123823757, 0.81482764538747 ], [ -65.292259515771633, 0.407416989552008 ], [ -65.806820358042401, 0.407296280439456 ], [ -66.061678269542639, 0.814374639023955 ], [ -65.799919637558759, 1.221500719225818 ], [ -65.284724503180627, 1.221803744310029 ], [ -65.032076123823757, 0.81482764538747 ] ] ] ] } },
{ "type": "Feature", "properties": { "geogrid_id": "5201221161066315200", "seqnum": 10386.0, "lat_c": 1.2211611987311981, "lon_c": -66.315199621090116, "res": 8.0, "count_Insects": 4, "count_Basidiomycota": 0, "count_Birds": 0, "count_Molluscs": 0, "count_Flowering Plants": 16, "count_Amphibians": 0, "count_Reptiles": 0, "count_Mammals": 0, "count_Arachnids": 0, "count_Sac Fungi": 1, "count_Mosses": 1, "count_Ferns": 1, "count_Gymnosperms": 0, "unique_species_count": 23.0, "countryCode": "VE" }, "geometry": { "type": "MultiPolygon", "coordinates": [ [ [ [ -65.799919637558759, 1.221500719225818 ], [ -66.061678269542639, 0.814374639023955 ], [ -66.576673822728893, 0.81411832347587 ], [ -66.830587992531164, 1.220787759855925 ], [ -66.567567020683711, 1.627600380400784 ], [ -66.051765809845023, 1.628024368680248 ], [ -65.799919637558759, 1.221500719225818 ] ] ] ] } },
{ "type": "Feature", "properties": { "geogrid_id": "5201627124067083443", "seqnum": 10304.0, "lat_c": 1.627124138524108, "lon_c": -67.083442663780829, "res": 8.0, "count_Insects": 3, "count_Basidiomycota": 0, "count_Birds": 4, "count_Molluscs": 0, "count_Flowering Plants": 41, "count_Amphibians": 1, "count_Reptiles": 1, "count_Mammals": 0, "count_Arachnids": 1, "count_Sac Fungi": 1, "count_Mosses": 1, "count_Ferns": 0, "count_Gymnosperms": 0, "unique_species_count": 53.0, "countryCode": "VE" }, "geometry": { "type": "MultiPolygon", "coordinates": [ [ [ [ -66.567567020683711, 1.627600380400784 ], [ -66.830587992531164, 1.220787759855925 ], [ -67.346105516194598, 1.220382295283042 ], [ -67.599419418827836, 1.626599532607837 ], [ -67.335389527149758, 2.033088756686797 ], [ -66.8189455007399, 2.033650967292855 ], [ -66.567567020683711, 1.627600380400784 ] ] ] ] } },
{ "type": "Feature", "properties": { "geogrid_id": "5202034138066302537", "seqnum": 10305.0, "lat_c": 2.0341384952625399, "lon_c": -66.302537248225974, "res": 8.0, "count_Insects": 2, "count_Basidiomycota": 0, "count_Birds": 0, "count_Molluscs": 0, "count_Flowering Plants": 20, "count_Amphibians": 0, "count_Reptiles": 0, "count_Mammals": 0, "count_Arachnids": 1, "count_Sac Fungi": 0, "count_Mosses": 0, "count_Ferns": 0, "count_Gymnosperms": 0, "unique_species_count": 23.0, "countryCode": "VE" }, "geometry": { "type": "MultiPolygon", "coordinates": [ [ [ [ -65.78612605468112, 2.034542537496885 ], [ -66.051765809845023, 1.628024368680248 ], [ -66.567567020683711, 1.627600380400784 ], [ -66.8189455007399, 2.033650967292855 ], [ -66.552396633833609, 2.439812262469768 ], [ -66.035256032213056, 2.440227338686857 ], [ -65.78612605468112, 2.034542537496885 ] ] ] ] } },
{ "type": "Feature", "properties": { "geogrid_id": "5202035048064753099", "seqnum": 10388.0, "lat_c": 2.0350477877120219, "lon_c": -64.753098715919549, "res": 8.0, "count_Insects": 0, "count_Basidiomycota": 0, "count_Birds": 3, "count_Molluscs": 0, "count_Flowering Plants": 1, "count_Amphibians": 0, "count_Reptiles": 0, "count_Mammals": 0, "count_Arachnids": 0, "count_Sac Fungi": 0, "count_Mosses": 0, "count_Ferns": 0, "count_Gymnosperms": 0, "unique_species_count": 4.0, "countryCode": "VE" }, "geometry": { "type": "MultiPolygon", "coordinates": [ [ [ [ -64.236354013804473, 2.035109071427017 ], [ -64.504468491259658, 1.628919757574348 ], [ -65.02025722604138, 1.628692679882618 ], [ -65.269665518852335, 2.034851146015196 ], [ -65.000580789782319, 2.44063788281969 ], [ -64.482890700837473, 2.440575413726725 ], [ -64.236354013804473, 2.035109071427017 ] ] ] ] } },
{ "type": "Feature", "properties": { "geogrid_id": "5202439283067069485", "seqnum": 10223.0, "lat_c": 2.4392830242691468, "lon_c": -67.069484861444266, "res": 8.0, "count_Insects": 1, "count_Basidiomycota": 0, "count_Birds": 0, "count_Molluscs": 0, "count_Flowering Plants": 0, "count_Amphibians": 0, "count_Reptiles": 0, "count_Mammals": 0, "count_Arachnids": 0, "count_Sac Fungi": 0, "count_Mosses": 0, "count_Ferns": 0, "count_Gymnosperms": 0, "unique_species_count": 1.0, "countryCode": "VE" }, "geometry": { "type": "MultiPolygon", "coordinates": [ [ [ [ -66.552396633833609, 2.439812262469768 ], [ -66.8189455007399, 2.033650967292855 ], [ -67.335389527149758, 2.033088756686797 ], [ -67.586567256140825, 2.43865275581591 ], [ -67.319321668453966, 2.844475476333578 ], [ -66.801491159610805, 2.845024866787129 ], [ -66.552396633833609, 2.439812262469768 ] ] ] ] } },
{ "type": "Feature", "properties": { "geogrid_id": "5202440275063964825", "seqnum": 10389.0, "lat_c": 2.4402748571047268, "lon_c": -63.964825157976286, "res": 8.0, "count_Insects": 0, "count_Basidiomycota": 1, "count_Birds": 0, "count_Molluscs": 1, "count_Flowering Plants": 0, "count_Amphibians": 0, "count_Reptiles": 0, "count_Mammals": 0, "count_Arachnids": 0, "count_Sac Fungi": 0, "count_Mosses": 0, "count_Ferns": 0, "count_Gymnosperms": 0, "unique_species_count": 2.0, "countryCode": "VE" }, "geometry": { "type": "MultiPolygon", "coordinates": [ [ [ [ -63.446236331554296, 2.439665099304632 ], [ -63.719338734737121, 2.03500104359235 ], [ -64.236354013804473, 2.035109071427017 ], [ -64.482890700837473, 2.440575413726725 ], [ -64.209227542521504, 2.844901077715553 ], [ -63.689403419352125, 2.843950665034695 ], [ -63.446236331554296, 2.439665099304632 ] ] ] ] } },
{ "type": "Feature", "properties": { "geogrid_id": "5202440511065518007", "seqnum": 10306.0, "lat_c": 2.440510600402666, "lon_c": -65.518007037246392, "res": 8.0, "count_Insects": 0, "count_Basidiomycota": 0, "count_Birds": 0, "count_Molluscs": 0, "count_Flowering Plants": 1, "count_Amphibians": 0, "count_Reptiles": 0, "count_Mammals": 0, "count_Arachnids": 0, "count_Sac Fungi": 0, "count_Mosses": 0, "count_Ferns": 0, "count_Gymnosperms": 0, "unique_species_count": 1.0, "countryCode": "VE" }, "geometry": { "type": "MultiPolygon", "coordinates": [ [ [ [ -65.000580789782319, 2.44063788281969 ], [ -65.269665518852335, 2.034851146015196 ], [ -65.78612605468112, 2.034542537496885 ], [ -66.035256032213056, 2.440227338686857 ], [ -65.765455300252754, 2.845652487428261 ], [ -65.247104595113768, 2.845674028529018 ], [ -65.000580789782319, 2.44063788281969 ] ] ] ] } },
{ "type": "Feature", "properties": { "geogrid_id": "5202843795067837103", "seqnum": 10141.0, "lat_c": 2.843795123008217, "lon_c": -67.83710312886214, "res": 8.0, "count_Insects": 2, "count_Basidiomycota": 0, "count_Birds": 7, "count_Molluscs": 0, "count_Flowering Plants": 6, "count_Amphibians": 0, "count_Reptiles": 0, "count_Mammals": 0, "count_Arachnids": 0, "count_Sac Fungi": 0, "count_Mosses": 0, "count_Ferns": 0, "count_Gymnosperms": 0, "unique_species_count": 15.0, "countryCode": "VE" }, "geometry": { "type": "MultiPolygon", "coordinates": [ [ [ [ -67.319321668453966, 2.844475476333578 ], [ -67.586567256140825, 2.43865275581591 ], [ -68.103683243302299, 2.437931383589965 ], [ -68.35488129316596, 2.842997575142593 ], [ -68.087114427202025, 3.248501092729811 ], [ -67.568580960652838, 3.249214199134664 ], [ -67.319321668453966, 2.844475476333578 ] ] ] ] } },
{ "type": "Feature", "properties": { "geogrid_id": "5202845425066283557", "seqnum": 10224.0, "lat_c": 2.8454252271199278, "lon_c": -66.283557450496389, "res": 8.0, "count_Insects": 4, "count_Basidiomycota": 0, "count_Birds": 3, "count_Molluscs": 0, "count_Flowering Plants": 0, "count_Amphibians": 0, "count_Reptiles": 0, "count_Mammals": 2, "count_Arachnids": 0, "count_Sac Fungi": 0, "count_Mosses": 0, "count_Ferns": 0, "count_Gymnosperms": 0, "unique_species_count": 9.0, "countryCode": "VE" }, "geometry": { "type": "MultiPolygon", "coordinates": [ [ [ [ -65.765455300252754, 2.845652487428261 ], [ -66.035256032213056, 2.440227338686857 ], [ -66.552396633833609, 2.439812262469768 ], [ -66.801491159610805, 2.845024866787129 ], [ -66.531174074351838, 3.250124765271952 ], [ -66.012165388729542, 3.250267794270481 ], [ -65.765455300252754, 2.845652487428261 ] ] ] ] } },
{ "type": "Feature", "properties": { "geogrid_id": "5202845445064728405", "seqnum": 10307.0, "lat_c": 2.8454447806044718, "lon_c": -64.728404914212206, "res": 8.0, "count_Insects": 0, "count_Basidiomycota": 0, "count_Birds": 6, "count_Molluscs": 0, "count_Flowering Plants": 0, "count_Amphibians": 0, "count_Reptiles": 1, "count_Mammals": 1, "count_Arachnids": 0, "count_Sac Fungi": 0, "count_Mosses": 0, "count_Ferns": 0, "count_Gymnosperms": 0, "unique_species_count": 8.0, "countryCode": "VE" }, "geometry": { "type": "MultiPolygon", "coordinates": [ [ [ [ -64.209227542521504, 2.844901077715553 ], [ -64.482890700837473, 2.440575413726725 ], [ -65.000580789782319, 2.44063788281969 ], [ -65.247104595113768, 2.845674028529018 ], [ -64.973079287138589, 3.249716750170319 ], [ -64.452745165360199, 3.248886493730909 ], [ -64.209227542521504, 2.844901077715553 ] ] ] ] } },
{ "type": "Feature", "properties": { "geogrid_id": "5203249763067049955", "seqnum": 10142.0, "lat_c": 3.249763240335533, "lon_c": -67.049954638081516, "res": 8.0, "count_Insects": 1, "count_Basidiomycota": 0, "count_Birds": 0, "count_Molluscs": 0, "count_Flowering Plants": 3, "count_Amphibians": 0, "count_Reptiles": 1, "count_Mammals": 0, "count_Arachnids": 0, "count_Sac Fungi": 0, "count_Mosses": 0, "count_Ferns": 0, "count_Gymnosperms": 0, "unique_species_count": 5.0, "countryCode": "VE" }, "geometry": { "type": "MultiPolygon", "coordinates": [ [ [ [ -66.531174074351838, 3.250124765271952 ], [ -66.801491159610805, 2.845024866787129 ], [ -67.319321668453966, 2.844475476333578 ], [ -67.568580960652838, 3.249214199134664 ], [ -67.297909290502233, 3.65402026193068 ], [ -66.778236233899335, 3.654320988798255 ], [ -66.531174074351838, 3.250124765271952 ] ] ] ] } },
{ "type": "Feature", "properties": { "geogrid_id": "5203250151065492838", "seqnum": 10225.0, "lat_c": 3.2501507394228542, "lon_c": -65.492838097635186, "res": 8.0, "count_Insects": 3, "count_Basidiomycota": 0, "count_Birds": 2, "count_Molluscs": 0, "count_Flowering Plants": 14, "count_Amphibians": 1, "count_Reptiles": 5, "count_Mammals": 0, "count_Arachnids": 0, "count_Sac Fungi": 1, "count_Mosses": 2, "count_Ferns": 0, "count_Gymnosperms": 0, "unique_species_count": 28.0, "countryCode": "VE" }, "geometry": { "type": "MultiPolygon", "coordinates": [ [ [ [ -64.973079287138589, 3.249716750170319 ], [ -65.247104595113768, 2.845674028529018 ], [ -65.765455300252754, 2.845652487428261 ], [ -66.012165388729542, 3.250267794270481 ], [ -65.737930847126052, 3.654070004237522 ], [ -65.217074657200399, 3.653398729464787 ], [ -64.973079287138589, 3.249716750170319 ] ] ] ] } },
{ "type": "Feature", "properties": { "geogrid_id": "5203653491067817378", "seqnum": 10060.0, "lat_c": 3.6534905086908571, "lon_c": -67.817377714218225, "res": 8.0, "count_Insects": 1, "count_Basidiomycota": 0, "count_Birds": 2, "count_Molluscs": 0, "count_Flowering Plants": 7, "count_Amphibians": 1, "count_Reptiles": 0, "count_Mammals": 0, "count_Arachnids": 0, "count_Sac Fungi": 1, "count_Mosses": 0, "count_Ferns": 0, "count_Gymnosperms": 0, "unique_species_count": 12.0, "countryCode": "VE" }, "geometry": { "type": "MultiPolygon", "coordinates": [ [ [ [ -67.297909290502233, 3.65402026193068 ], [ -67.568580960652838, 3.249214199134664 ], [ -68.087114427202025, 3.248501092729811 ], [ -68.336709647013464, 3.65276086524024 ], [ -68.065818101433592, 4.057299963692413 ], [ -67.54546727059126, 4.057793360065855 ], [ -67.297909290502233, 3.65402026193068 ] ] ] ] } },
{ "type": "Feature", "properties": { "geogrid_id": "5203654355066258277", "seqnum": 10143.0, "lat_c": 3.654354504762769, "lon_c": -66.258276709107548, "res": 8.0, "count_Insects": 0, "count_Basidiomycota": 2, "count_Birds": 6, "count_Molluscs": 0, "count_Flowering Plants": 0, "count_Amphibians": 1, "count_Reptiles": 0, "count_Mammals": 2, "count_Arachnids": 0, "count_Sac Fungi": 1, "count_Mosses": 0, "count_Ferns": 0, "count_Gymnosperms": 0, "unique_species_count": 12.0, "countryCode": "VE" }, "geometry": { "type": "MultiPolygon", "coordinates": [ [ [ [ -65.737930847126052, 3.654070004237522 ], [ -66.012165388729542, 3.250267794270481 ], [ -66.531174074351838, 3.250124765271952 ], [ -66.778236233899335, 3.654320988798255 ], [ -66.503915293835817, 4.057915685695266 ], [ -65.982516850885602, 4.057439045002898 ], [ -65.737930847126052, 3.654070004237522 ] ] ] ] } },
{ "type": "Feature", "properties": { "geogrid_id": "5204056503065460534", "seqnum": 10144.0, "lat_c": 4.0565033394549097, "lon_c": -65.460533698692842, "res": 8.0, "count_Insects": 1, "count_Basidiomycota": 0, "count_Birds": 0, "count_Molluscs": 0, "count_Flowering Plants": 3, "count_Amphibians": 0, "count_Reptiles": 0, "count_Mammals": 0, "count_Arachnids": 0, "count_Sac Fungi": 0, "count_Mosses": 0, "count_Ferns": 0, "count_Gymnosperms": 0, "unique_species_count": 4.0, "countryCode": "VE" }, "geometry": { "type": "MultiPolygon", "coordinates": [ [ [ [ -64.937797944160067, 4.054998673338456 ], [ -65.217074657200399, 3.653398729464787 ], [ -65.737930847126052, 3.654070004237522 ], [ -65.982516850885602, 4.057439045002898 ], [ -65.703583874373464, 4.459046549238887 ], [ -65.179619376422053, 4.457167493791377 ], [ -64.937797944160067, 4.054998673338456 ] ] ] ] } },
{ "type": "Feature", "properties": { "geogrid_id": "5204058014067024863", "seqnum": 10061.0, "lat_c": 4.0580137727206314, "lon_c": -67.024862687020189, "res": 8.0, "count_Insects": 1, "count_Basidiomycota": 0, "count_Birds": 1, "count_Molluscs": 0, "count_Flowering Plants": 5, "count_Amphibians": 1, "count_Reptiles": 4, "count_Mammals": 3, "count_Arachnids": 1, "count_Sac Fungi": 0, "count_Mosses": 0, "count_Ferns": 0, "count_Gymnosperms": 0, "unique_species_count": 16.0, "countryCode": "VE" }, "geometry": { "type": "MultiPolygon", "coordinates": [ [ [ [ -66.503915293835817, 4.057915685695266 ], [ -66.778236233899335, 3.654320988798255 ], [ -67.297909290502233, 3.65402026193068 ], [ -67.54546727059126, 4.057793360065855 ], [ -67.271162194567893, 4.461206574815307 ], [ -66.749195724606381, 4.46095804496379 ], [ -66.503915293835817, 4.057915685695266 ] ] ] ] } },
{ "type": "Feature", "properties": { "geogrid_id": "5204394774061456355", "seqnum": 10311.0, "lat_c": 4.3947735609800924, "lon_c": -61.456355384672349, "res": 8.0, "count_Insects": 12, "count_Basidiomycota": 1, "count_Birds": 92, "count_Molluscs": 1, "count_Flowering Plants": 29, "count_Amphibians": 4, "count_Reptiles": 3, "count_Mammals": 3, "count_Arachnids": 0, "count_Sac Fungi": 0, "count_Mosses": 1, "count_Ferns": 1, "count_Gymnosperms": 0, "unique_species_count": 147.0, "countryCode": "VE" }, "geometry": { "type": "MultiPolygon", "coordinates": [ [ [ [ -60.905725180281046, 4.365022498584898 ], [ -61.225811971058405, 3.999643088325803 ], [ -61.766805139200216, 4.017928692529944 ], [ -61.999165064063604, 4.414696234603452 ], [ -61.686966397811688, 4.78957431441389 ], [ -61.134868573218938, 4.758356717024404 ], [ -60.905725180281046, 4.365022498584898 ] ] ] ] } },
{ "type": "Feature", "properties": { "geogrid_id": "5204454460064654599", "seqnum": 10145.0, "lat_c": 4.454460457760983, "lon_c": -64.654598636789586, "res": 8.0, "count_Insects": 0, "count_Basidiomycota": 0, "count_Birds": 0, "count_Molluscs": 0, "count_Flowering Plants": 1, "count_Amphibians": 0, "count_Reptiles": 0, "count_Mammals": 0, "count_Arachnids": 0, "count_Sac Fungi": 0, "count_Mosses": 0, "count_Ferns": 0, "count_Gymnosperms": 0, "unique_species_count": 1.0, "countryCode": "VE" }, "geometry": { "type": "MultiPolygon", "coordinates": [ [ [ [ -64.128230955296729, 4.450684724308593 ], [ -64.414094742470098, 4.052771953906757 ], [ -64.937797944160067, 4.054998673338456 ], [ -65.179619376422053, 4.457167493791377 ], [ -64.89479450864043, 4.855573911603686 ], [ -64.367019523098847, 4.851179068393425 ], [ -64.128230955296729, 4.450684724308593 ] ] ] ] } },
{ "type": "Feature", "properties": { "geogrid_id": "5204460269066226717", "seqnum": 10062.0, "lat_c": 4.4602686696223124, "lon_c": -66.226716944506848, "res": 8.0, "count_Insects": 0, "count_Basidiomycota": 1, "count_Birds": 0, "count_Molluscs": 0, "count_Flowering Plants": 0, "count_Amphibians": 0, "count_Reptiles": 1, "count_Mammals": 0, "count_Arachnids": 0, "count_Sac Fungi": 0, "count_Mosses": 0, "count_Ferns": 0, "count_Gymnosperms": 0, "unique_species_count": 2.0, "countryCode": "VE" }, "geometry": { "type": "MultiPolygon", "coordinates": [ [ [ [ -65.703583874373464, 4.459046549238887 ], [ -65.982516850885602, 4.057439045002898 ], [ -66.503915293835817, 4.057915685695266 ], [ -66.749195724606381, 4.46095804496379 ], [ -66.470640757756911, 4.862572059492579 ], [ -65.946339848330069, 4.861046345056804 ], [ -65.703583874373464, 4.459046549238887 ] ] ] ] } },
{ "type": "Feature", "properties": { "geogrid_id": "5204461083067792732", "seqnum": 9979.0, "lat_c": 4.4610834193128293, "lon_c": -67.792731966538184, "res": 8.0, "count_Insects": 8, "count_Basidiomycota": 0, "count_Birds": 8, "count_Molluscs": 0, "count_Flowering Plants": 2, "count_Amphibians": 3, "count_Reptiles": 3, "count_Mammals": 1, "count_Arachnids": 0, "count_Sac Fungi": 0, "count_Mosses": 0, "count_Ferns": 0, "count_Gymnosperms": 0, "unique_species_count": 25.0, "countryCode": "VE" }, "geometry": { "type": "MultiPolygon", "coordinates": [ [ [ [ -67.271162194567893, 4.461206574815307 ], [ -67.54546727059126, 4.057793360065855 ], [ -68.065818101433592, 4.057299963692413 ], [ -68.314000576214454, 4.460641413476665 ], [ -68.03979911726465, 4.863893922556906 ], [ -67.517234857674325, 4.863905467310437 ], [ -67.271162194567893, 4.461206574815307 ] ] ] ] } },
{ "type": "Feature", "properties": { "geogrid_id": "5204710930060571875", "seqnum": 10312.0, "lat_c": 4.7109302102237773, "lon_c": -60.571874540963165, "res": 8.0, "count_Insects": 2, "count_Basidiomycota": 0, "count_Birds": 0, "count_Molluscs": 0, "count_Flowering Plants": 3, "count_Amphibians": 2, "count_Reptiles": 0, "count_Mammals": 0, "count_Arachnids": 0, "count_Sac Fungi": 1, "count_Mosses": 0, "count_Ferns": 0, "count_Gymnosperms": 0, "unique_species_count": 8.0, "countryCode": "VE" }, "geometry": { "type": "MultiPolygon", "coordinates": [ [ [ [ -60.104733051879862, 4.827968198014902 ], [ -60.343569061555236, 4.318353988969712 ], [ -60.905725180281046, 4.365022498584898 ], [ -61.134868573218938, 4.758356717024404 ], [ -60.800481010466846, 5.103505758951057 ], [ -60.333629513570692, 5.221534855893984 ], [ -60.104733051879862, 4.827968198014902 ] ] ] ] } },
{ "type": "Feature", "properties": { "geogrid_id": "5204811003062231464", "seqnum": 10229.0, "lat_c": 4.8110029623684376, "lon_c": -62.231464071522588, "res": 8.0, "count_Insects": 0, "count_Basidiomycota": 1, "count_Birds": 0, "count_Molluscs": 2, "count_Flowering Plants": 1, "count_Amphibians": 3, "count_Reptiles": 1, "count_Mammals": 0, "count_Arachnids": 0, "count_Sac Fungi": 0, "count_Mosses": 0, "count_Ferns": 0, "count_Gymnosperms": 0, "unique_species_count": 8.0, "countryCode": "VE" }, "geometry": { "type": "MultiPolygon", "coordinates": [ [ [ [ -61.686966397811688, 4.78957431441389 ], [ -61.999165064063604, 4.414696234603452 ], [ -62.536471129319516, 4.428525085543444 ], [ -62.770492737730955, 4.826175452740157 ], [ -62.463795309842737, 5.206908333494582 ], [ -61.917717629632939, 5.18409587048237 ], [ -61.686966397811688, 4.78957431441389 ] ] ] ] } },
{ "type": "Feature", "properties": { "geogrid_id": "5204863491066994223", "seqnum": 9980.0, "lat_c": 4.8634908434824711, "lon_c": -66.994222747196588, "res": 8.0, "count_Insects": 0, "count_Basidiomycota": 0, "count_Birds": 0, "count_Molluscs": 0, "count_Flowering Plants": 0, "count_Amphibians": 1, "count_Reptiles": 1, "count_Mammals": 0, "count_Arachnids": 0, "count_Sac Fungi": 0, "count_Mosses": 0, "count_Ferns": 0, "count_Gymnosperms": 0, "unique_species_count": 2.0, "countryCode": "VE" }, "geometry": { "type": "MultiPolygon", "coordinates": [ [ [ [ -66.470640757756911, 4.862572059492579 ], [ -66.749195724606381, 4.46095804496379 ], [ -67.271162194567893, 4.461206574815307 ], [ -67.517234857674325, 4.863905467310437 ], [ -67.239092633174636, 5.265525073502912 ], [ -66.714388352745814, 5.264363877581291 ], [ -66.470640757756911, 4.862572059492579 ] ] ] ] } },
{ "type": "Feature", "properties": { "geogrid_id": "5205151574061364263", "seqnum": 10230.0, "lat_c": 5.1515737645384041, "lon_c": -61.364262838297527, "res": 8.0, "count_Insects": 20, "count_Basidiomycota": 1, "count_Birds": 30, "count_Molluscs": 0, "count_Flowering Plants": 35, "count_Amphibians": 14, "count_Reptiles": 6, "count_Mammals": 0, "count_Arachnids": 3, "count_Sac Fungi": 1, "count_Mosses": 0, "count_Ferns": 0, "count_Gymnosperms": 0, "unique_species_count": 110.0, "countryCode": "VE" }, "geometry": { "type": "MultiPolygon", "coordinates": [ [ [ [ -60.800481010466846, 5.103505758951057 ], [ -61.134868573218938, 4.758356717024404 ], [ -61.686966397811688, 4.78957431441389 ], [ -61.917717629632939, 5.18409587048237 ], [ -61.593948088591858, 5.544693137737009 ], [ -61.029414128018125, 5.496080451799351 ], [ -60.800481010466846, 5.103505758951057 ] ] ] ] } },
{ "type": "Feature", "properties": { "geogrid_id": "5205223347063004460", "seqnum": 10147.0, "lat_c": 5.2233470359992769, "lon_c": -63.004459554626123, "res": 8.0, "count_Insects": 1, "count_Basidiomycota": 0, "count_Birds": 0, "count_Molluscs": 0, "count_Flowering Plants": 1, "count_Amphibians": 0, "count_Reptiles": 0, "count_Mammals": 1, "count_Arachnids": 0, "count_Sac Fungi": 1, "count_Mosses": 0, "count_Ferns": 0, "count_Gymnosperms": 0, "unique_species_count": 4.0, "countryCode": "VE" }, "geometry": { "type": "MultiPolygon", "coordinates": [ [ [ [ -62.463795309842737, 5.206908333494582 ], [ -62.770492737730955, 4.826175452740157 ], [ -63.305481582877704, 4.837157897047176 ], [ -63.541059468518618, 5.235423491371888 ], [ -63.23846225381125, 5.620089980367697 ], [ -62.696238168758811, 5.60246172057311 ], [ -62.463795309842737, 5.206908333494582 ] ] ] ] } },
{ "type": "Feature", "properties": { "geogrid_id": "5205251125064605622", "seqnum": 10064.0, "lat_c": 5.2511252510972639, "lon_c": -64.60562210150988, "res": 8.0, "count_Insects": 8, "count_Basidiomycota": 0, "count_Birds": 0, "count_Molluscs": 0, "count_Flowering Plants": 1, "count_Amphibians": 0, "count_Reptiles": 0, "count_Mammals": 0, "count_Arachnids": 0, "count_Sac Fungi": 0, "count_Mosses": 0, "count_Ferns": 0, "count_Gymnosperms": 0, "unique_species_count": 9.0, "countryCode": "VE" }, "geometry": { "type": "MultiPolygon", "coordinates": [ [ [ [ -64.074549329821139, 5.244406058049004 ], [ -64.367019523098847, 4.851179068393425 ], [ -64.89479450864043, 4.855573911603686 ], [ -65.134792976162487, 5.256142684808717 ], [ -64.844138955327807, 5.650558295070693 ], [ -64.311616299932936, 5.643089697159814 ], [ -64.074549329821139, 5.244406058049004 ] ] ] ] } },
{ "type": "Feature", "properties": { "geogrid_id": "5205262522066188905", "seqnum": 9981.0, "lat_c": 5.2625217830273359, "lon_c": -66.188905469673003, "res": 8.0, "count_Insects": 2, "count_Basidiomycota": 0, "count_Birds": 3, "count_Molluscs": 0, "count_Flowering Plants": 0, "count_Amphibians": 0, "count_Reptiles": 0, "count_Mammals": 0, "count_Arachnids": 0, "count_Sac Fungi": 0, "count_Mosses": 1, "count_Ferns": 0, "count_Gymnosperms": 0, "unique_species_count": 6.0, "countryCode": "VE" }, "geometry": { "type": "MultiPolygon", "coordinates": [ [ [ [ -65.662453166748577, 5.259848825761227 ], [ -65.946339848330069, 4.861046345056804 ], [ -66.470640757756911, 4.862572059492579 ], [ -66.714388352745814, 5.264363877581291 ], [ -66.431375412466593, 5.663492318371743 ], [ -65.903670190374214, 5.660409655729504 ], [ -65.662453166748577, 5.259848825761227 ] ] ] ] } },
{ "type": "Feature", "properties": { "geogrid_id": "5205266118067763173", "seqnum": 9898.0, "lat_c": 5.2661183898405959, "lon_c": -67.763173257338735, "res": 8.0, "count_Insects": 12, "count_Basidiomycota": 1, "count_Birds": 77, "count_Molluscs": 19, "count_Flowering Plants": 21, "count_Amphibians": 10, "count_Reptiles": 5, "count_Mammals": 2, "count_Arachnids": 2, "count_Sac Fungi": 11, "count_Mosses": 0, "count_Ferns": 2, "count_Gymnosperms": 0, "unique_species_count": 162.0, "countryCode": "VE" }, "geometry": { "type": "MultiPolygon", "coordinates": [ [ [ [ -67.239092633174636, 5.265525073502912 ], [ -67.517234857674325, 4.863905467310437 ], [ -68.03979911726465, 4.863893922556906 ], [ -68.2867577726131, 5.266230277209943 ], [ -68.009063429128574, 5.66785457282031 ], [ -67.483894332971516, 5.667072838342229 ], [ -67.239092633174636, 5.265525073502912 ] ] ] ] } },
{ "type": "Feature", "properties": { "geogrid_id": "5205578378062148671", "seqnum": 10148.0, "lat_c": 5.5783784787775179, "lon_c": -62.148671122313402, "res": 8.0, "count_Insects": 4, "count_Basidiomycota": 9, "count_Birds": 4, "count_Molluscs": 2, "count_Flowering Plants": 53, "count_Amphibians": 11, "count_Reptiles": 7, "count_Mammals": 1, "count_Arachnids": 2, "count_Sac Fungi": 5, "count_Mosses": 1, "count_Ferns": 3, "count_Gymnosperms": 1, "unique_species_count": 103.0, "countryCode": "VE" }, "geometry": { "type": "MultiPolygon", "coordinates": [ [ [ [ -61.593948088591858, 5.544693137737009 ], [ -61.917717629632939, 5.18409587048237 ], [ -62.463795309842737, 5.206908333494582 ], [ -62.696238168758811, 5.60246172057311 ], [ -62.379881240342719, 5.972454536557294 ], [ -61.823961141219023, 5.937729824222689 ], [ -61.593948088591858, 5.544693137737009 ] ] ] ] } },
{ "type": "Feature", "properties": { "geogrid_id": "5205614988060562783", "seqnum": 10231.0, "lat_c": 5.6149884164879813, "lon_c": -60.562782959343672, "res": 8.0, "count_Insects": 9, "count_Basidiomycota": 0, "count_Birds": 11, "count_Molluscs": 1, "count_Flowering Plants": 87, "count_Amphibians": 4, "count_Reptiles": 9, "count_Mammals": 1, "count_Arachnids": 1, "count_Sac Fungi": 1, "count_Mosses": 0, "count_Ferns": 4, "count_Gymnosperms": 0, "unique_species_count": 128.0, "countryCode": "VE" }, "geometry": { "type": "MultiPolygon", "coordinates": [ [ [ [ -60.086698322285983, 5.714743058851212 ], [ -60.333629513570692, 5.221534855893984 ], [ -60.800481010466846, 5.103505758951057 ], [ -61.029414128018125, 5.496080451799351 ], [ -60.792229058896851, 6.008351001208423 ], [ -60.316681711363252, 6.109913774903109 ], [ -60.086698322285983, 5.714743058851212 ] ] ] ] } },
{ "type": "Feature", "properties": { "geogrid_id": "5205633213063776616", "seqnum": 10065.0, "lat_c": 5.633213385404078, "lon_c": -63.776616063451556, "res": 8.0, "count_Insects": 0, "count_Basidiomycota": 0, "count_Birds": 2, "count_Molluscs": 0, "count_Flowering Plants": 0, "count_Amphibians": 1, "count_Reptiles": 0, "count_Mammals": 0, "count_Arachnids": 0, "count_Sac Fungi": 1, "count_Mosses": 0, "count_Ferns": 0, "count_Gymnosperms": 0, "unique_species_count": 4.0, "countryCode": "VE" }, "geometry": { "type": "MultiPolygon", "coordinates": [ [ [ [ -63.23846225381125, 5.620089980367697 ], [ -63.541059468518618, 5.235423491371888 ], [ -64.074549329821139, 5.244406058049004 ], [ -64.311616299932936, 5.643089697159814 ], [ -64.012236814470725, 6.030568759476044 ], [ -63.472580049127302, 6.016447482504969 ], [ -63.23846225381125, 5.620089980367697 ] ] ] ] } },
{ "type": "Feature", "properties": { "geogrid_id": "5205665660066958052", "seqnum": 9899.0, "lat_c": 5.6656596135374464, "lon_c": -66.958051595578212, "res": 8.0, "count_Insects": 1, "count_Basidiomycota": 0, "count_Birds": 0, "count_Molluscs": 0, "count_Flowering Plants": 0, "count_Amphibians": 0, "count_Reptiles": 2, "count_Mammals": 0, "count_Arachnids": 0, "count_Sac Fungi": 0, "count_Mosses": 0, "count_Ferns": 0, "count_Gymnosperms": 0, "unique_species_count": 3.0, "countryCode": "VE" }, "geometry": { "type": "MultiPolygon", "coordinates": [ [ [ [ -66.431375412466593, 5.663492318371743 ], [ -66.714388352745814, 5.264363877581291 ], [ -67.239092633174636, 5.265525073502912 ], [ -67.483894332971516, 5.667072838342229 ], [ -67.201715310233126, 6.06647510473299 ], [ -66.673836538779597, 6.063977334497853 ], [ -66.431375412466593, 5.663492318371743 ] ] ] ] } },
{ "type": "Feature", "properties": { "geogrid_id": "5205888654061258700", "seqnum": 10149.0, "lat_c": 5.8886540744102671, "lon_c": -61.258699691070539, "res": 8.0, "count_Insects": 25, "count_Basidiomycota": 0, "count_Birds": 144, "count_Molluscs": 0, "count_Flowering Plants": 23, "count_Amphibians": 3, "count_Reptiles": 2, "count_Mammals": 7, "count_Arachnids": 5, "count_Sac Fungi": 3, "count_Mosses": 0, "count_Ferns": 0, "count_Gymnosperms": 0, "unique_species_count": 212.0, "countryCode": "VE" }, "geometry": { "type": "MultiPolygon", "coordinates": [ [ [ [ -60.792229058896851, 6.008351001208423 ], [ -61.029414128018125, 5.496080451799351 ], [ -61.593948088591858, 5.544693137737009 ], [ -61.823961141219023, 5.937729824222689 ], [ -61.488363647850534, 6.281226378858503 ], [ -61.022001477107231, 6.401639482107028 ], [ -60.792229058896851, 6.008351001208423 ] ] ] ] } },
{ "type": "Feature", "properties": { "geogrid_id": "5205997704062928862", "seqnum": 10066.0, "lat_c": 5.9977043473078506, "lon_c": -62.928861689107826, "res": 8.0, "count_Insects": 29, "count_Basidiomycota": 1, "count_Birds": 30, "count_Molluscs": 2, "count_Flowering Plants": 58, "count_Amphibians": 4, "count_Reptiles": 11, "count_Mammals": 0, "count_Arachnids": 3, "count_Sac Fungi": 0, "count_Mosses": 7, "count_Ferns": 1, "count_Gymnosperms": 0, "unique_species_count": 146.0, "countryCode": "VE" }, "geometry": { "type": "MultiPolygon", "coordinates": [ [ [ [ -62.379881240342719, 5.972454536557294 ], [ -62.696238168758811, 5.60246172057311 ], [ -63.23846225381125, 5.620089980367697 ], [ -63.472580049127302, 6.016447482504969 ], [ -63.161727025418763, 6.392670819204998 ], [ -62.611396685373947, 6.366350362394361 ], [ -62.379881240342719, 5.972454536557294 ] ] ] ] } },
{ "type": "Feature", "properties": { "geogrid_id": "5206041309064548711", "seqnum": 9983.0, "lat_c": 6.0413089875205941, "lon_c": -64.548711003223346, "res": 8.0, "count_Insects": 11, "count_Basidiomycota": 0, "count_Birds": 1, "count_Molluscs": 0, "count_Flowering Plants": 1, "count_Amphibians": 1, "count_Reptiles": 2, "count_Mammals": 0, "count_Arachnids": 0, "count_Sac Fungi": 0, "count_Mosses": 0, "count_Ferns": 0, "count_Gymnosperms": 0, "unique_species_count": 16.0, "countryCode": "VE" }, "geometry": { "type": "MultiPolygon", "coordinates": [ [ [ [ -64.012236814470725, 6.030568759476044 ], [ -64.311616299932936, 5.643089697159814 ], [ -64.844138955327807, 5.650558295070693 ], [ -65.082659992219618, 6.04951075477874 ], [ -64.785913131326041, 6.439097602768289 ], [ -64.247997931881017, 6.427526045719927 ], [ -64.012236814470725, 6.030568759476044 ] ] ] ] } },
{ "type": "Feature", "properties": { "geogrid_id": "5206060482066144875", "seqnum": 9900.0, "lat_c": 6.0604820072281722, "lon_c": -66.144874931739466, "res": 8.0, "count_Insects": 1, "count_Basidiomycota": 0, "count_Birds": 0, "count_Molluscs": 0, "count_Flowering Plants": 0, "count_Amphibians": 0, "count_Reptiles": 0, "count_Mammals": 0, "count_Arachnids": 0, "count_Sac Fungi": 0, "count_Mosses": 1, "count_Ferns": 0, "count_Gymnosperms": 0, "unique_species_count": 2.0, "countryCode": "VE" }, "geometry": { "type": "MultiPolygon", "coordinates": [ [ [ [ -65.614584989842783, 6.055761835823249 ], [ -65.903670190374214, 5.660409655729504 ], [ -66.431375412466593, 5.663492318371743 ], [ -66.673836538779597, 6.063977334497853 ], [ -66.386148644664132, 6.460088348908019 ], [ -65.854549970455423, 6.454866264803373 ], [ -65.614584989842783, 6.055761835823249 ] ] ] ] } },
{ "type": "Feature", "properties": { "geogrid_id": "5206068147067728710", "seqnum": 9817.0, "lat_c": 6.0681468848988622, "lon_c": -67.728710456307596, "res": 8.0, "count_Insects": 2, "count_Basidiomycota": 0, "count_Birds": 13, "count_Molluscs": 0, "count_Flowering Plants": 7, "count_Amphibians": 1, "count_Reptiles": 1, "count_Mammals": 0, "count_Arachnids": 1, "count_Sac Fungi": 1, "count_Mosses": 0, "count_Ferns": 0, "count_Gymnosperms": 0, "unique_species_count": 26.0, "countryCode": "VE" }, "geometry": { "type": "MultiPolygon", "coordinates": [ [ [ [ -67.201715310233126, 6.06647510473299 ], [ -67.483894332971516, 5.667072838342229 ], [ -68.009063429128574, 5.66785457282031 ], [ -68.254985699896096, 6.069124092506231 ], [ -67.973618109190781, 6.468760252403266 ], [ -67.4454582536831, 6.466826188235167 ], [ -67.201715310233126, 6.06647510473299 ] ] ] ] } },
{ "type": "Feature", "properties": { "geogrid_id": "5206330696062054336", "seqnum": 10067.0, "lat_c": 6.3306954982894146, "lon_c": -62.054336500018685, "res": 8.0, "count_Insects": 2, "count_Basidiomycota": 0, "count_Birds": 17, "count_Molluscs": 0, "count_Flowering Plants": 0, "count_Amphibians": 10, "count_Reptiles": 1, "count_Mammals": 0, "count_Arachnids": 0, "count_Sac Fungi": 0, "count_Mosses": 0, "count_Ferns": 0, "count_Gymnosperms": 0, "unique_species_count": 30.0, "countryCode": "VE" }, "geometry": { "type": "MultiPolygon", "coordinates": [ [ [ [ -61.488363647850534, 6.281226378858503 ], [ -61.823961141219023, 5.937729824222689 ], [ -62.379881240342719, 5.972454536557294 ], [ -62.611396685373947, 6.366350362394361 ], [ -62.285107027128291, 6.723599351909943 ], [ -61.718432108750605, 6.673797081051199 ], [ -61.488363647850534, 6.281226378858503 ] ] ] ] } },
{ "type": "Feature", "properties": { "geogrid_id": "5206412457063706883", "seqnum": 9984.0, "lat_c": 6.4124568305645324, "lon_c": -63.706883192566963, "res": 8.0, "count_Insects": 0, "count_Basidiomycota": 0, "count_Birds": 0, "count_Molluscs": 0, "count_Flowering Plants": 0, "count_Amphibians": 0, "count_Reptiles": 0, "count_Mammals": 0, "count_Arachnids": 0, "count_Sac Fungi": 0, "count_Mosses": 0, "count_Ferns": 2, "count_Gymnosperms": 0, "unique_species_count": 2.0, "countryCode": "VE" }, "geometry": { "type": "MultiPolygon", "coordinates": [ [ [ [ -63.161727025418763, 6.392670819204998 ], [ -63.472580049127302, 6.016447482504969 ], [ -64.012236814470725, 6.030568759476044 ], [ -64.247997931881017, 6.427526045719927 ], [ -63.941434863041614, 6.808150289200855 ], [ -63.394889254939379, 6.787390334878219 ], [ -63.161727025418763, 6.392670819204998 ] ] ] ] } },
{ "type": "Feature", "properties": { "geogrid_id": "5206463996066916369", "seqnum": 9818.0, "lat_c": 6.4639958168601392, "lon_c": -66.916369037517384, "res": 8.0, "count_Insects": 3, "count_Basidiomycota": 0, "count_Birds": 5, "count_Molluscs": 0, "count_Flowering Plants": 3, "count_Amphibians": 5, "count_Reptiles": 0, "count_Mammals": 21, "count_Arachnids": 0, "count_Sac Fungi": 0, "count_Mosses": 0, "count_Ferns": 0, "count_Gymnosperms": 0, "unique_species_count": 37.0, "countryCode": "VE" }, "geometry": { "type": "MultiPolygon", "coordinates": [ [ [ [ -66.386148644664132, 6.460088348908019 ], [ -66.673836538779597, 6.063977334497853 ], [ -67.201715310233126, 6.06647510473299 ], [ -67.4454582536831, 6.466826188235167 ], [ -67.15904738073381, 6.863566131786096 ], [ -66.627566377552057, 6.859250055124362 ], [ -66.386148644664132, 6.460088348908019 ] ] ] ] } },
{ "type": "Feature", "properties": { "geogrid_id": "5206469938068501015", "seqnum": 9735.0, "lat_c": 6.4699375281078746, "lon_c": -68.501015408632497, "res": 8.0, "count_Insects": 0, "count_Basidiomycota": 0, "count_Birds": 0, "count_Molluscs": 2, "count_Flowering Plants": 2, "count_Amphibians": 0, "count_Reptiles": 1, "count_Mammals": 0, "count_Arachnids": 0, "count_Sac Fungi": 0, "count_Mosses": 0, "count_Ferns": 0, "count_Gymnosperms": 0, "unique_species_count": 5.0, "countryCode": "VE" }, "geometry": { "type": "MultiPolygon", "coordinates": [ [ [ [ -67.973618109190781, 6.468760252403266 ], [ -68.254985699896096, 6.069124092506231 ], [ -68.780677211945203, 6.069508727411161 ], [ -69.027789569236745, 6.470467033671866 ], [ -68.74722352971007, 6.870305698167261 ], [ -68.218689611300391, 6.86892600979612 ], [ -67.973618109190781, 6.468760252403266 ] ] ] ] } },
{ "type": "Feature", "properties": { "geogrid_id": "5206760088062843262", "seqnum": 9985.0, "lat_c": 6.7600875124754642, "lon_c": -62.843261926904248, "res": 8.0, "count_Insects": 0, "count_Basidiomycota": 49, "count_Birds": 0, "count_Molluscs": 0, "count_Flowering Plants": 7, "count_Amphibians": 1, "count_Reptiles": 0, "count_Mammals": 0, "count_Arachnids": 0, "count_Sac Fungi": 0, "count_Mosses": 0, "count_Ferns": 0, "count_Gymnosperms": 0, "unique_species_count": 57.0, "countryCode": "VE" }, "geometry": { "type": "MultiPolygon", "coordinates": [ [ [ [ -62.285107027128291, 6.723599351909943 ], [ -62.611396685373947, 6.366350362394361 ], [ -63.161727025418763, 6.392670819204998 ], [ -63.394889254939379, 6.787390334878219 ], [ -63.075518238114121, 7.153683769263723 ], [ -62.516304413853163, 7.116448683958322 ], [ -62.285107027128291, 6.723599351909943 ] ] ] ] } },
{ "type": "Feature", "properties": { "geogrid_id": "5206794867061252132", "seqnum": 10068.0, "lat_c": 6.7948669195736624, "lon_c": -61.252132437573678, "res": 8.0, "count_Insects": 32, "count_Basidiomycota": 3, "count_Birds": 27, "count_Molluscs": 0, "count_Flowering Plants": 3, "count_Amphibians": 0, "count_Reptiles": 0, "count_Mammals": 2, "count_Arachnids": 0, "count_Sac Fungi": 0, "count_Mosses": 0, "count_Ferns": 0, "count_Gymnosperms": 0, "unique_species_count": 67.0, "countryCode": "VE" }, "geometry": { "type": "MultiPolygon", "coordinates": [ [ [ [ -60.777428828091324, 6.899548414819144 ], [ -61.022001477107231, 6.401639482107028 ], [ -61.488363647850534, 6.281226378858503 ], [ -61.718432108750605, 6.673797081051199 ], [ -61.482653126073394, 7.188043548156833 ], [ -61.008270794999916, 7.294085660676344 ], [ -60.777428828091324, 6.899548414819144 ] ] ] ] } },
{ "type": "Feature", "properties": { "geogrid_id": "5206824117064483968", "seqnum": 9902.0, "lat_c": 6.8241174736861634, "lon_c": -64.483968191412004, "res": 8.0, "count_Insects": 7, "count_Basidiomycota": 0, "count_Birds": 0, "count_Molluscs": 0, "count_Flowering Plants": 0, "count_Amphibians": 0, "count_Reptiles": 0, "count_Mammals": 0, "count_Arachnids": 0, "count_Sac Fungi": 0, "count_Mosses": 0, "count_Ferns": 0, "count_Gymnosperms": 0, "unique_species_count": 7.0, "countryCode": "VE" }, "geometry": { "type": "MultiPolygon", "coordinates": [ [ [ [ -63.941434863041614, 6.808150289200855 ], [ -64.247997931881017, 6.427526045719927 ], [ -64.785913131326041, 6.439097602768289 ], [ -65.023294989348884, 6.836485932636332 ], [ -64.720210344998364, 7.220371567897673 ], [ -64.176292612580653, 7.203555845737533 ], [ -63.941434863041614, 6.808150289200855 ] ] ] ] } },
{ "type": "Feature", "properties": { "geogrid_id": "5206853534066094663", "seqnum": 9819.0, "lat_c": 6.8535338582810361, "lon_c": -66.094663241974786, "res": 8.0, "count_Insects": 3, "count_Basidiomycota": 0, "count_Birds": 0, "count_Molluscs": 0, "count_Flowering Plants": 434, "count_Amphibians": 0, "count_Reptiles": 0, "count_Mammals": 0, "count_Arachnids": 0, "count_Sac Fungi": 17, "count_Mosses": 114, "count_Ferns": 201, "count_Gymnosperms": 0, "unique_species_count": 769.0, "countryCode": "VE" }, "geometry": { "type": "MultiPolygon", "coordinates": [ [ [ [ -65.56003294150004, 6.846091748447446 ], [ -65.854549970455423, 6.454866264803373 ], [ -66.386148644664132, 6.460088348908019 ], [ -66.627566377552057, 6.859250055124362 ], [ -66.334994233222389, 7.251787437099804 ], [ -65.799027453820585, 7.243773239813045 ], [ -65.56003294150004, 6.846091748447446 ] ] ] ] } },
{ "type": "Feature", "properties": { "geogrid_id": "5206866728067689354", "seqnum": 9736.0, "lat_c": 6.8667284504018147, "lon_c": -67.689353943619409, "res": 8.0, "count_Insects": 0, "count_Basidiomycota": 0, "count_Birds": 71, "count_Molluscs": 0, "count_Flowering Plants": 7, "count_Amphibians": 0, "count_Reptiles": 2, "count_Mammals": 1, "count_Arachnids": 0, "count_Sac Fungi": 0, "count_Mosses": 0, "count_Ferns": 0, "count_Gymnosperms": 0, "unique_species_count": 81.0, "countryCode": "VE" }, "geometry": { "type": "MultiPolygon", "coordinates": [ [ [ [ -67.15904738073381, 6.863566131786096 ], [ -67.4454582536831, 6.466826188235167 ], [ -67.973618109190781, 6.468760252403266 ], [ -68.218689611300391, 6.86892600979612 ], [ -67.933471364120479, 7.266197049334073 ], [ -67.401941130619377, 7.262705881362572 ], [ -67.15904738073381, 6.863566131786096 ] ] ] ] } },
{ "type": "Feature", "properties": { "geogrid_id": "5206869633070855884", "seqnum": 9570.0, "lat_c": 6.8696325310938073, "lon_c": -70.855883592002002, "res": 8.0, "count_Insects": 0, "count_Basidiomycota": 0, "count_Birds": 6, "count_Molluscs": 0, "count_Flowering Plants": 3, "count_Amphibians": 0, "count_Reptiles": 0, "count_Mammals": 0, "count_Arachnids": 0, "count_Sac Fungi": 0, "count_Mosses": 0, "count_Ferns": 0, "count_Gymnosperms": 0, "unique_species_count": 9.0, "countryCode": "VE" }, "geometry": { "type": "MultiPolygon", "coordinates": [ [ [ [ -70.329331643436362, 6.87057975367023 ], [ -70.605467711593064, 6.468947643274536 ], [ -71.130770017238106, 6.467592978309715 ], [ -71.382166224640258, 6.868256879391545 ], [ -71.106622394242564, 7.269889012587673 ], [ -70.579041967638986, 7.27081947019856 ], [ -70.329331643436362, 6.87057975367023 ] ] ] ] } },
{ "type": "Feature", "properties": { "geogrid_id": "5206870983069275098", "seqnum": 9653.0, "lat_c": 6.8709830276045452, "lon_c": -69.275097744130832, "res": 8.0, "count_Insects": 0, "count_Basidiomycota": 0, "count_Birds": 80, "count_Molluscs": 0, "count_Flowering Plants": 1, "count_Amphibians": 0, "count_Reptiles": 0, "count_Mammals": 0, "count_Arachnids": 0, "count_Sac Fungi": 0, "count_Mosses": 0, "count_Ferns": 0, "count_Gymnosperms": 0, "unique_species_count": 81.0, "countryCode": "VE" }, "geometry": { "type": "MultiPolygon", "coordinates": [ [ [ [ -68.74722352971007, 6.870305698167261 ], [ -69.027789569236745, 6.470467033671866 ], [ -69.554058352089598, 6.470434921976442 ], [ -69.802432731679176, 6.871049813865976 ], [ -69.522667785115317, 7.271065723555114 ], [ -68.99367721362016, 7.270239458631237 ], [ -68.74722352971007, 6.870305698167261 ] ] ] ] } },
{ "type": "Feature", "properties": { "geogrid_id": "5207066366061948931", "seqnum": 9986.0, "lat_c": 7.066365858084203, "lon_c": -61.948931357853851, "res": 8.0, "count_Insects": 0, "count_Basidiomycota": 1, "count_Birds": 1, "count_Molluscs": 0, "count_Flowering Plants": 8, "count_Amphibians": 1, "count_Reptiles": 3, "count_Mammals": 1, "count_Arachnids": 0, "count_Sac Fungi": 0, "count_Mosses": 0, "count_Ferns": 0, "count_Gymnosperms": 0, "unique_species_count": 15.0, "countryCode": "VE" }, "geometry": { "type": "MultiPolygon", "coordinates": [ [ [ [ -61.482653126073394, 7.188043548156833 ], [ -61.718432108750605, 6.673797081051199 ], [ -62.285107027128291, 6.723599351909943 ], [ -62.516304413853163, 7.116448683958322 ], [ -62.17988786459938, 7.458932345551991 ], [ -61.713593985232301, 7.581177467568252 ], [ -61.482653126073394, 7.188043548156833 ] ] ] ] } },
{ "type": "Feature", "properties": { "geogrid_id": "5207181888063628399", "seqnum": 9903.0, "lat_c": 7.1818876476813358, "lon_c": -63.628398727325177, "res": 8.0, "count_Insects": 0, "count_Basidiomycota": 0, "count_Birds": 0, "count_Molluscs": 0, "count_Flowering Plants": 2, "count_Amphibians": 0, "count_Reptiles": 0, "count_Mammals": 0, "count_Arachnids": 0, "count_Sac Fungi": 0, "count_Mosses": 0, "count_Ferns": 0, "count_Gymnosperms": 0, "unique_species_count": 2.0, "countryCode": "VE" }, "geometry": { "type": "MultiPolygon", "coordinates": [ [ [ [ -63.075518238114121, 7.153683769263723 ], [ -63.394889254939379, 6.787390334878219 ], [ -63.941434863041614, 6.808150289200855 ], [ -64.176292612580653, 7.203555845737533 ], [ -63.862302086106688, 7.576183832509991 ], [ -63.308204459276276, 7.547153892538539 ], [ -63.075518238114121, 7.153683769263723 ] ] ] ] } },
{ "type": "Feature", "properties": { "geogrid_id": "5207233501065260923", "seqnum": 9820.0, "lat_c": 7.2335013635236161, "lon_c": -65.260922804658449, "res": 8.0, "count_Insects": 39, "count_Basidiomycota": 0, "count_Birds": 46, "count_Molluscs": 0, "count_Flowering Plants": 34, "count_Amphibians": 1, "count_Reptiles": 3, "count_Mammals": 8, "count_Arachnids": 2, "count_Sac Fungi": 0, "count_Mosses": 0, "count_Ferns": 1, "count_Gymnosperms": 0, "unique_species_count": 134.0, "countryCode": "VE" }, "geometry": { "type": "MultiPolygon", "coordinates": [ [ [ [ -64.720210344998364, 7.220371567897673 ], [ -65.023294989348884, 6.836485932636332 ], [ -65.56003294150004, 6.846091748447446 ], [ -65.799027453820585, 7.243773239813045 ], [ -65.498857780173765, 7.6301685539599 ], [ -64.956782236211168, 7.616313592121272 ], [ -64.720210344998364, 7.220371567897673 ] ] ] ] } },
{ "type": "Feature", "properties": { "geogrid_id": "5207257987066869198", "seqnum": 9737.0, "lat_c": 7.2579873145150309, "lon_c": -66.869197894821141, "res": 8.0, "count_Insects": 2, "count_Basidiomycota": 2, "count_Birds": 1, "count_Molluscs": 0, "count_Flowering Plants": 10, "count_Amphibians": 0, "count_Reptiles": 0, "count_Mammals": 0, "count_Arachnids": 0, "count_Sac Fungi": 5, "count_Mosses": 0, "count_Ferns": 0, "count_Gymnosperms": 0, "unique_species_count": 20.0, "countryCode": "VE" }, "geometry": { "type": "MultiPolygon", "coordinates": [ [ [ [ -66.334994233222389, 7.251787437099804 ], [ -66.627566377552057, 6.859250055124362 ], [ -67.15904738073381, 6.863566131786096 ], [ -67.401941130619377, 7.262705881362572 ], [ -67.111108449754965, 7.656319090662808 ], [ -66.575607608535037, 7.649648154582714 ], [ -66.334994233222389, 7.251787437099804 ] ] ] ] } },
{ "type": "Feature", "properties": { "geogrid_id": "5207268494071633909", "seqnum": 9488.0, "lat_c": 7.268493839046684, "lon_c": -71.633908655532238, "res": 8.0, "count_Insects": 0, "count_Basidiomycota": 0, "count_Birds": 6, "count_Molluscs": 1, "count_Flowering Plants": 4, "count_Amphibians": 1, "count_Reptiles": 0, "count_Mammals": 1, "count_Arachnids": 1, "count_Sac Fungi": 0, "count_Mosses": 0, "count_Ferns": 0, "count_Gymnosperms": 0, "unique_species_count": 14.0, "countryCode": "VE" }, "geometry": { "type": "MultiPolygon", "coordinates": [ [ [ [ -71.106622394242564, 7.269889012587673 ], [ -71.382166224640258, 6.868256879391545 ], [ -71.90824775594352, 6.86649289068221 ], [ -72.16097102913902, 7.26667711446888 ], [ -71.886056500370756, 7.668307651359555 ], [ -71.357744267846101, 7.669721989592054 ], [ -71.106622394242564, 7.269889012587673 ] ] ] ] } },
{ "type": "Feature", "properties": { "geogrid_id": "5207268657068463993", "seqnum": 9654.0, "lat_c": 7.2686570607940633, "lon_c": -68.463993113242466, "res": 8.0, "count_Insects": 2, "count_Basidiomycota": 2, "count_Birds": 97, "count_Molluscs": 0, "count_Flowering Plants": 0, "count_Amphibians": 0, "count_Reptiles": 8, "count_Mammals": 4, "count_Arachnids": 0, "count_Sac Fungi": 0, "count_Mosses": 0, "count_Ferns": 0, "count_Gymnosperms": 0, "unique_species_count": 113.0, "countryCode": "VE" }, "geometry": { "type": "MultiPolygon", "coordinates": [ [ [ [ -67.933471364120479, 7.266197049334073 ], [ -68.218689611300391, 6.86892600979612 ], [ -68.74722352971007, 6.870305698167261 ], [ -68.99367721362016, 7.270239458631237 ], [ -68.709593129684023, 7.667966000698361 ], [ -68.177875569822746, 7.665246591698074 ], [ -67.933471364120479, 7.266197049334073 ] ] ] ] } },
{ "type": "Feature", "properties": { "geogrid_id": "5207271233070051088", "seqnum": 9571.0, "lat_c": 7.271232950913463, "lon_c": -70.051087554729847, "res": 8.0, "count_Insects": 1, "count_Basidiomycota": 0, "count_Birds": 0, "count_Molluscs": 0, "count_Flowering Plants": 0, "count_Amphibians": 0, "count_Reptiles": 1, "count_Mammals": 1, "count_Arachnids": 0, "count_Sac Fungi": 3, "count_Mosses": 0, "count_Ferns": 0, "count_Gymnosperms": 0, "unique_species_count": 6.0, "countryCode": "VE" }, "geometry": { "type": "MultiPolygon", "coordinates": [ [ [ [ -69.522667785115317, 7.271065723555114 ], [ -69.802432731679176, 6.871049813865976 ], [ -70.329331643436362, 6.87057975367023 ], [ -70.579041967638986, 7.27081947019856 ], [ -70.300084877822371, 7.670991849589599 ], [ -69.770562655312077, 7.670724168899768 ], [ -69.522667785115317, 7.271065723555114 ] ] ] ] } },
{ "type": "Feature", "properties": { "geogrid_id": "5207386870060527988", "seqnum": 10069.0, "lat_c": 7.3868699325130658, "lon_c": -60.52798813838983, "res": 8.0, "count_Insects": 1, "count_Basidiomycota": 0, "count_Birds": 0, "count_Molluscs": 0, "count_Flowering Plants": 0, "count_Amphibians": 0, "count_Reptiles": 0, "count_Mammals": 1, "count_Arachnids": 0, "count_Sac Fungi": 0, "count_Mosses": 0, "count_Ferns": 0, "count_Gymnosperms": 0, "unique_species_count": 2.0, "countryCode": "VE" }, "geometry": { "type": "MultiPolygon", "coordinates": [ [ [ [ -60.043484239569047, 7.468367698504472 ], [ -60.296730710514453, 6.990467041029463 ], [ -60.777428828091324, 6.899548414819144 ], [ -61.008270794999916, 7.294085660676344 ], [ -60.759551709983711, 7.782983331758241 ], [ -60.275391229274391, 7.866518023117787 ], [ -60.043484239569047, 7.468367698504472 ] ] ] ] } },
{ "type": "Feature", "properties": { "geogrid_id": "5207509249062747960", "seqnum": 9904.0, "lat_c": 7.5092493255154542, "lon_c": -62.74795951865886, "res": 8.0, "count_Insects": 4, "count_Basidiomycota": 0, "count_Birds": 7, "count_Molluscs": 0, "count_Flowering Plants": 1, "count_Amphibians": 1, "count_Reptiles": 4, "count_Mammals": 0, "count_Arachnids": 1, "count_Sac Fungi": 0, "count_Mosses": 0, "count_Ferns": 0, "count_Gymnosperms": 0, "unique_species_count": 18.0, "countryCode": "VE" }, "geometry": { "type": "MultiPolygon", "coordinates": [ [ [ [ -62.17988786459938, 7.458932345551991 ], [ -62.516304413853163, 7.116448683958322 ], [ -63.075518238114121, 7.153683769263723 ], [ -63.308204459276276, 7.547153892538539 ], [ -62.980102615155246, 7.902005951762257 ], [ -62.411328295598409, 7.851496134807926 ], [ -62.17988786459938, 7.458932345551991 ] ] ] ] } },
{ "type": "Feature", "properties": { "geogrid_id": "5207598698064411509", "seqnum": 9821.0, "lat_c": 7.598697836329201, "lon_c": -64.411509486739547, "res": 8.0, "count_Insects": 15, "count_Basidiomycota": 0, "count_Birds": 1, "count_Molluscs": 0, "count_Flowering Plants": 1, "count_Amphibians": 0, "count_Reptiles": 0, "count_Mammals": 0, "count_Arachnids": 1, "count_Sac Fungi": 1, "count_Mosses": 0, "count_Ferns": 0, "count_Gymnosperms": 0, "unique_species_count": 19.0, "countryCode": "VE" }, "geometry": { "type": "MultiPolygon", "coordinates": [ [ [ [ -63.862302086106688, 7.576183832509991 ], [ -64.176292612580653, 7.203555845737533 ], [ -64.720210344998364, 7.220371567897673 ], [ -64.956782236211168, 7.616313592121272 ], [ -64.647134902189251, 7.99359747044752 ], [ -64.096643052063229, 7.970296900342605 ], [ -63.862302086106688, 7.576183832509991 ] ] ] ] } },
{ "type": "Feature", "properties": { "geogrid_id": "5207641080066038313", "seqnum": 9738.0, "lat_c": 7.6410803126429192, "lon_c": -66.038313494164598, "res": 8.0, "count_Insects": 7, "count_Basidiomycota": 74, "count_Birds": 30, "count_Molluscs": 8, "count_Flowering Plants": 10, "count_Amphibians": 0, "count_Reptiles": 7, "count_Mammals": 0, "count_Arachnids": 1, "count_Sac Fungi": 61, "count_Mosses": 0, "count_Ferns": 0, "count_Gymnosperms": 0, "unique_species_count": 198.0, "countryCode": "VE" }, "geometry": { "type": "MultiPolygon", "coordinates": [ [ [ [ -65.498857780173765, 7.6301685539599 ], [ -65.799027453820585, 7.243773239813045 ], [ -66.334994233222389, 7.251787437099804 ], [ -66.575607608535037, 7.649648154582714 ], [ -66.27795029326721, 8.038034084130448 ], [ -65.737156948753139, 8.026509695132445 ], [ -65.498857780173765, 7.6301685539599 ] ] ] ] } },
{ "type": "Feature", "properties": { "geogrid_id": "5207661432067645116", "seqnum": 9655.0, "lat_c": 7.6614318133087833, "lon_c": -67.645115623733773, "res": 8.0, "count_Insects": 1, "count_Basidiomycota": 0, "count_Birds": 65, "count_Molluscs": 0, "count_Flowering Plants": 6, "count_Amphibians": 2, "count_Reptiles": 7, "count_Mammals": 6, "count_Arachnids": 0, "count_Sac Fungi": 0, "count_Mosses": 0, "count_Ferns": 0, "count_Gymnosperms": 0, "unique_species_count": 87.0, "countryCode": "VE" }, "geometry": { "type": "MultiPolygon", "coordinates": [ [ [ [ -67.111108449754965, 7.656319090662808 ], [ -67.401941130619377, 7.262705881362572 ], [ -67.933471364120479, 7.266197049334073 ], [ -68.177875569822746, 7.665246591698074 ], [ -67.888632553856198, 8.059759770422767 ], [ -67.353359436129836, 8.054263118287494 ], [ -67.111108449754965, 7.656319090662808 ] ] ] ] } },
{ "type": "Feature", "properties": { "geogrid_id": "5207666438072414123", "seqnum": 9406.0, "lat_c": 7.6664383792811437, "lon_c": -72.414123129745647, "res": 8.0, "count_Insects": 183, "count_Basidiomycota": 2, "count_Birds": 83, "count_Molluscs": 4, "count_Flowering Plants": 105, "count_Amphibians": 2, "count_Reptiles": 12, "count_Mammals": 7, "count_Arachnids": 6, "count_Sac Fungi": 16, "count_Mosses": 3, "count_Ferns": 0, "count_Gymnosperms": 0, "unique_species_count": 423.0, "countryCode": "VE" }, "geometry": { "type": "MultiPolygon", "coordinates": [ [ [ [ -71.886056500370756, 7.668307651359555 ], [ -72.16097102913902, 7.26667711446888 ], [ -72.687871855953418, 7.264474728218703 ], [ -72.942008254749979, 7.664152661193887 ], [ -72.667760506924637, 8.06577974752312 ], [ -72.138666994746984, 8.06770233491495 ], [ -71.886056500370756, 7.668307651359555 ] ] ] ] } },
{ "type": "Feature", "properties": { "geogrid_id": "5207669750069240440", "seqnum": 9572.0, "lat_c": 7.6697495490053162, "lon_c": -69.240440257754969, "res": 8.0, "count_Insects": 16, "count_Basidiomycota": 0, "count_Birds": 173, "count_Molluscs": 0, "count_Flowering Plants": 12, "count_Amphibians": 6, "count_Reptiles": 17, "count_Mammals": 13, "count_Arachnids": 0, "count_Sac Fungi": 1, "count_Mosses": 0, "count_Ferns": 0, "count_Gymnosperms": 0, "unique_species_count": 238.0, "countryCode": "VE" }, "geometry": { "type": "MultiPolygon", "coordinates": [ [ [ [ -68.709593129684023, 7.667966000698361 ], [ -68.99367721362016, 7.270239458631237 ], [ -69.522667785115317, 7.271065723555114 ], [ -69.770562655312077, 7.670724168899768 ], [ -69.487573517690166, 8.068846476013018 ], [ -68.955551001565823, 8.066865012762978 ], [ -68.709593129684023, 7.667966000698361 ] ] ] ] } },
{ "type": "Feature", "properties": { "geogrid_id": "5207670635070829114", "seqnum": 9489.0, "lat_c": 7.6706352672883993, "lon_c": -70.829114306788455, "res": 8.0, "count_Insects": 8, "count_Basidiomycota": 1, "count_Birds": 7, "count_Molluscs": 2, "count_Flowering Plants": 14, "count_Amphibians": 2, "count_Reptiles": 2, "count_Mammals": 0, "count_Arachnids": 2, "count_Sac Fungi": 1, "count_Mosses": 0, "count_Ferns": 2, "count_Gymnosperms": 0, "unique_species_count": 41.0, "countryCode": "VE" }, "geometry": { "type": "MultiPolygon", "coordinates": [ [ [ [ -70.300084877822371, 7.670991849589599 ], [ -70.579041967638986, 7.27081947019856 ], [ -71.106622394242564, 7.269889012587673 ], [ -71.357744267846101, 7.669721989592054 ], [ -71.07960746135906, 8.070033392463774 ], [ -70.549484249452888, 8.070334048559882 ], [ -70.300084877822371, 7.670991849589599 ] ] ] ] } },
{ "type": "Feature", "properties": { "geogrid_id": "5207688473061239474", "seqnum": 9987.0, "lat_c": 7.68847346144259, "lon_c": -61.239474061112993, "res": 8.0, "count_Insects": 2, "count_Basidiomycota": 19, "count_Birds": 29, "count_Molluscs": 0, "count_Flowering Plants": 3, "count_Amphibians": 1, "count_Reptiles": 1, "count_Mammals": 1, "count_Arachnids": 0, "count_Sac Fungi": 0, "count_Mosses": 0, "count_Ferns": 0, "count_Gymnosperms": 0, "unique_species_count": 56.0, "countryCode": "VE" }, "geometry": { "type": "MultiPolygon", "coordinates": [ [ [ [ -60.759551709983711, 7.782983331758241 ], [ -61.008270794999916, 7.294085660676344 ], [ -61.482653126073394, 7.188043548156833 ], [ -61.713593985232301, 7.581177467568252 ], [ -61.471073628126952, 8.082733384776885 ], [ -60.991459356060702, 8.178846568445612 ], [ -60.759551709983711, 7.782983331758241 ] ] ] ] } },
{ "type": "Feature", "properties": { "geogrid_id": "5207940510063541358", "seqnum": 9822.0, "lat_c": 7.9405101960128226, "lon_c": -63.541357569681836, "res": 8.0, "count_Insects": 2, "count_Basidiomycota": 2, "count_Birds": 48, "count_Molluscs": 2, "count_Flowering Plants": 18, "count_Amphibians": 0, "count_Reptiles": 3, "count_Mammals": 2, "count_Arachnids": 1, "count_Sac Fungi": 5, "count_Mosses": 0, "count_Ferns": 0, "count_Gymnosperms": 1, "unique_species_count": 84.0, "countryCode": "VE" }, "geometry": { "type": "MultiPolygon", "coordinates": [ [ [ [ -62.980102615155246, 7.902005951762257 ], [ -63.308204459276276, 7.547153892538539 ], [ -63.862302086106688, 7.576183832509991 ], [ -64.096643052063229, 7.970296900342605 ], [ -63.775013122711307, 8.333762994431243 ], [ -63.212763577859263, 8.294722313951866 ], [ -62.980102615155246, 7.902005951762257 ] ] ] ] } },
{ "type": "Feature", "properties": { "geogrid_id": "5207974275061944985", "seqnum": 9905.0, "lat_c": 7.9742751365185676, "lon_c": -61.944984933936084, "res": 8.0, "count_Insects": 5, "count_Basidiomycota": 1, "count_Birds": 6, "count_Molluscs": 1, "count_Flowering Plants": 5, "count_Amphibians": 1, "count_Reptiles": 4, "count_Mammals": 1, "count_Arachnids": 1, "count_Sac Fungi": 0, "count_Mosses": 0, "count_Ferns": 0, "count_Gymnosperms": 0, "unique_species_count": 25.0, "countryCode": "VE" }, "geometry": { "type": "MultiPolygon", "coordinates": [ [ [ [ -61.471073628126952, 8.082733384776885 ], [ -61.713593985232301, 7.581177467568252 ], [ -62.17988786459938, 7.458932345551991 ], [ -62.411328295598409, 7.851496134807926 ], [ -62.176855533806091, 8.367341731748127 ], [ -61.703103443978662, 8.476883190573748 ], [ -61.471073628126952, 8.082733384776885 ] ] ] ] } },
{ "type": "Feature", "properties": { "geogrid_id": "5208047136066816564", "seqnum": 9656.0, "lat_c": 8.0471355580426707, "lon_c": -66.81656399129669, "res": 8.0, "count_Insects": 0, "count_Basidiomycota": 0, "count_Birds": 1, "count_Molluscs": 0, "count_Flowering Plants": 1, "count_Amphibians": 0, "count_Reptiles": 0, "count_Mammals": 0, "count_Arachnids": 0, "count_Sac Fungi": 0, "count_Mosses": 0, "count_Ferns": 0, "count_Gymnosperms": 0, "unique_species_count": 2.0, "countryCode": "VE" }, "geometry": { "type": "MultiPolygon", "coordinates": [ [ [ [ -66.27795029326721, 8.038034084130448 ], [ -66.575607608535037, 7.649648154582714 ], [ -67.111108449754965, 7.656319090662808 ], [ -67.353359436129836, 8.054263118287494 ], [ -67.057920570518604, 8.444267665639597 ], [ -66.517993581182139, 8.434653794447001 ], [ -66.27795029326721, 8.038034084130448 ] ] ] ] } },
{ "type": "Feature", "properties": { "geogrid_id": "5208063891068422628", "seqnum": 9573.0, "lat_c": 8.0638910500645, "lon_c": -68.422628205349852, "res": 8.0, "count_Insects": 3, "count_Basidiomycota": 2, "count_Birds": 127, "count_Molluscs": 0, "count_Flowering Plants": 0, "count_Amphibians": 1, "count_Reptiles": 5, "count_Mammals": 3, "count_Arachnids": 0, "count_Sac Fungi": 1, "count_Mosses": 0, "count_Ferns": 0, "count_Gymnosperms": 0, "unique_species_count": 142.0, "countryCode": "VE" }, "geometry": { "type": "MultiPolygon", "coordinates": [ [ [ [ -67.888632553856198, 8.059759770422767 ], [ -68.177875569822746, 7.665246591698074 ], [ -68.709593129684023, 7.667966000698361 ], [ -68.955551001565823, 8.066865012762978 ], [ -68.667787953716356, 8.462143710357902 ], [ -68.132550470733193, 8.457704668299648 ], [ -67.888632553856198, 8.059759770422767 ] ] ] ] } },
{ "type": "Feature", "properties": { "geogrid_id": "5208069137071609307", "seqnum": 9407.0, "lat_c": 8.0691365392013399, "lon_c": -71.609307236471082, "res": 8.0, "count_Insects": 27, "count_Basidiomycota": 1, "count_Birds": 41, "count_Molluscs": 0, "count_Flowering Plants": 28, "count_Amphibians": 4, "count_Reptiles": 0, "count_Mammals": 2, "count_Arachnids": 2, "count_Sac Fungi": 19, "count_Mosses": 39, "count_Ferns": 0, "count_Gymnosperms": 1, "unique_species_count": 164.0, "countryCode": "VE" }, "geometry": { "type": "MultiPolygon", "coordinates": [ [ [ [ -71.07960746135906, 8.070033392463774 ], [ -71.357744267846101, 7.669721989592054 ], [ -71.886056500370756, 7.668307651359555 ], [ -72.138666994746984, 8.06770233491495 ], [ -71.861367433069574, 8.468137813292829 ], [ -71.330578182570648, 8.469020101260284 ], [ -71.07960746135906, 8.070033392463774 ] ] ] ] } },
{ "type": "Feature", "properties": { "geogrid_id": "5208069967070018843", "seqnum": 9490.0, "lat_c": 8.0699673210058105, "lon_c": -70.018842598797121, "res": 8.0, "count_Insects": 2, "count_Basidiomycota": 1, "count_Birds": 17, "count_Molluscs": 0, "count_Flowering Plants": 2, "count_Amphibians": 0, "count_Reptiles": 3, "count_Mammals": 2, "count_Arachnids": 0, "count_Sac Fungi": 0, "count_Mosses": 0, "count_Ferns": 0, "count_Gymnosperms": 0, "unique_species_count": 27.0, "countryCode": "VE" }, "geometry": { "type": "MultiPolygon", "coordinates": [ [ [ [ -69.487573517690166, 8.068846476013018 ], [ -69.770562655312077, 7.670724168899768 ], [ -70.300084877822371, 7.670991849589599 ], [ -70.549484249452888, 8.070334048559882 ], [ -70.26756546387935, 8.468803951876776 ], [ -69.735135267711456, 8.467540426517642 ], [ -69.487573517690166, 8.068846476013018 ] ] ] ] } },
{ "type": "Feature", "properties": { "geogrid_id": "5208244057062643280", "seqnum": 9823.0, "lat_c": 8.2440567701714631, "lon_c": -62.643279526610769, "res": 8.0, "count_Insects": 50, "count_Basidiomycota": 1, "count_Birds": 64, "count_Molluscs": 1, "count_Flowering Plants": 46, "count_Amphibians": 4, "count_Reptiles": 10, "count_Mammals": 11, "count_Arachnids": 6, "count_Sac Fungi": 0, "count_Mosses": 0, "count_Ferns": 0, "count_Gymnosperms": 0, "unique_species_count": 193.0, "countryCode": "VE" }, "geometry": { "type": "MultiPolygon", "coordinates": [ [ [ [ -62.176855533806091, 8.367341731748127 ], [ -62.411328295598409, 7.851496134807926 ], [ -62.980102615155246, 7.902005951762257 ], [ -63.212763577859263, 8.294722313951866 ], [ -62.87576865469196, 8.636613746078819 ], [ -62.409235117870999, 8.760381413049528 ], [ -62.176855533806091, 8.367341731748127 ] ] ] ] } },
{ "type": "Feature", "properties": { "geogrid_id": "5208264283060507603", "seqnum": 9988.0, "lat_c": 8.2642834877679263, "lon_c": -60.507602693965268, "res": 8.0, "count_Insects": 3, "count_Basidiomycota": 0, "count_Birds": 0, "count_Molluscs": 0, "count_Flowering Plants": 0, "count_Amphibians": 0, "count_Reptiles": 0, "count_Mammals": 0, "count_Arachnids": 0, "count_Sac Fungi": 0, "count_Mosses": 0, "count_Ferns": 0, "count_Gymnosperms": 0, "unique_species_count": 3.0, "countryCode": "VE" }, "geometry": { "type": "MultiPolygon", "coordinates": [ [ [ [ -60.020646910013305, 8.340455859305719 ], [ -60.275391229274391, 7.866518023117787 ], [ -60.759551709983711, 7.782983331758241 ], [ -60.991459356060702, 8.178846568445612 ], [ -60.740155461000654, 8.661711879612586 ], [ -60.253408737725266, 8.739856326820542 ], [ -60.020646910013305, 8.340455859305719 ] ] ] ] } },
{ "type": "Feature", "properties": { "geogrid_id": "5208364242064331463", "seqnum": 9740.0, "lat_c": 8.3642422933881804, "lon_c": -64.331463031488298, "res": 8.0, "count_Insects": 0, "count_Basidiomycota": 1, "count_Birds": 3, "count_Molluscs": 1, "count_Flowering Plants": 1, "count_Amphibians": 1, "count_Reptiles": 0, "count_Mammals": 0, "count_Arachnids": 0, "count_Sac Fungi": 0, "count_Mosses": 0, "count_Ferns": 0, "count_Gymnosperms": 0, "unique_species_count": 7.0, "countryCode": "VE" }, "geometry": { "type": "MultiPolygon", "coordinates": [ [ [ [ -63.775013122711307, 8.333762994431243 ], [ -64.096643052063229, 7.970296900342605 ], [ -64.647134902189251, 7.99359747044752 ], [ -64.883215341247521, 8.388273270172707 ], [ -64.566801594035766, 8.758033286194649 ], [ -64.009205581601222, 8.726920953430014 ], [ -63.775013122711307, 8.333762994431243 ] ] ] ] } },
{ "type": "Feature", "properties": { "geogrid_id": "5208422545065975874", "seqnum": 9657.0, "lat_c": 8.4225447516620626, "lon_c": -65.975873871467556, "res": 8.0, "count_Insects": 0, "count_Basidiomycota": 0, "count_Birds": 1, "count_Molluscs": 0, "count_Flowering Plants": 1, "count_Amphibians": 0, "count_Reptiles": 2, "count_Mammals": 1, "count_Arachnids": 0, "count_Sac Fungi": 1, "count_Mosses": 0, "count_Ferns": 0, "count_Gymnosperms": 0, "unique_species_count": 6.0, "countryCode": "VE" }, "geometry": { "type": "MultiPolygon", "coordinates": [ [ [ [ -65.43112723103178, 8.407348482467228 ], [ -65.737156948753139, 8.026509695132445 ], [ -66.27795029326721, 8.038034084130448 ], [ -66.517993581182139, 8.434653794447001 ], [ -66.215059212412797, 8.81829168081901 ], [ -65.66899866173766, 8.802478855904749 ], [ -65.43112723103178, 8.407348482467228 ] ] ] ] } },
{ "type": "Feature", "properties": { "geogrid_id": "5208451836067596009", "seqnum": 9574.0, "lat_c": 8.45183592321108, "lon_c": -67.596008940428419, "res": 8.0, "count_Insects": 26, "count_Basidiomycota": 2, "count_Birds": 113, "count_Molluscs": 0, "count_Flowering Plants": 10, "count_Amphibians": 11, "count_Reptiles": 14, "count_Mammals": 7, "count_Arachnids": 4, "count_Sac Fungi": 0, "count_Mosses": 0, "count_Ferns": 0, "count_Gymnosperms": 0, "unique_species_count": 187.0, "countryCode": "VE" }, "geometry": { "type": "MultiPolygon", "coordinates": [ [ [ [ -67.057920570518604, 8.444267665639597 ], [ -67.353359436129836, 8.054263118287494 ], [ -67.888632553856198, 8.059759770422767 ], [ -68.132550470733193, 8.457704668299648 ], [ -67.839112212129578, 8.849052857750458 ], [ -67.29973161220596, 8.841061050944743 ], [ -67.057920570518604, 8.444267665639597 ] ] ] ] } },
{ "type": "Feature", "properties": { "geogrid_id": "5208465366069201925", "seqnum": 9491.0, "lat_c": 8.465365794783354, "lon_c": -69.201925298319281, "res": 8.0, "count_Insects": 2, "count_Basidiomycota": 1, "count_Birds": 34, "count_Molluscs": 0, "count_Flowering Plants": 3, "count_Amphibians": 1, "count_Reptiles": 12, "count_Mammals": 9, "count_Arachnids": 0, "count_Sac Fungi": 2, "count_Mosses": 0, "count_Ferns": 0, "count_Gymnosperms": 0, "unique_species_count": 64.0, "countryCode": "VE" }, "geometry": { "type": "MultiPolygon", "coordinates": [ [ [ [ -68.667787953716356, 8.462143710357902 ], [ -68.955551001565823, 8.066865012762978 ], [ -69.487573517690166, 8.068846476013018 ], [ -69.735135267711456, 8.467540426517642 ], [ -69.448772169164528, 8.863479508728162 ], [ -68.913410924980411, 8.860017141575728 ], [ -68.667787953716356, 8.462143710357902 ] ] ] ] } },
{ "type": "Feature", "properties": { "geogrid_id": "5208466682072391796", "seqnum": 9325.0, "lat_c": 8.4666820343585645, "lon_c": -72.391795631798871, "res": 8.0, "count_Insects": 10, "count_Basidiomycota": 2, "count_Birds": 0, "count_Molluscs": 1, "count_Flowering Plants": 6, "count_Amphibians": 0, "count_Reptiles": 1, "count_Mammals": 0, "count_Arachnids": 1, "count_Sac Fungi": 1, "count_Mosses": 0, "count_Ferns": 0, "count_Gymnosperms": 0, "unique_species_count": 22.0, "countryCode": "VE" }, "geometry": { "type": "MultiPolygon", "coordinates": [ [ [ [ -71.861367433069574, 8.468137813292829 ], [ -72.138666994746984, 8.06770233491495 ], [ -72.667760506924637, 8.06577974752312 ], [ -72.921938005481721, 8.464704446177377 ], [ -72.645496354353824, 8.865250938406795 ], [ -72.113979311584444, 8.866730955961367 ], [ -71.861367433069574, 8.468137813292829 ] ] ] ] } },
{ "type": "Feature", "properties": { "geogrid_id": "5208469267070799343", "seqnum": 9408.0, "lat_c": 8.4692670090236248, "lon_c": -70.799343000245685, "res": 8.0, "count_Insects": 179, "count_Basidiomycota": 40, "count_Birds": 164, "count_Molluscs": 18, "count_Flowering Plants": 217, "count_Amphibians": 9, "count_Reptiles": 16, "count_Mammals": 13, "count_Arachnids": 14, "count_Sac Fungi": 52, "count_Mosses": 136, "count_Ferns": 16, "count_Gymnosperms": 2, "unique_species_count": 876.0, "countryCode": "VE" }, "geometry": { "type": "MultiPolygon", "coordinates": [ [ [ [ -70.26756546387935, 8.468803951876776 ], [ -70.549484249452888, 8.070334048559882 ], [ -71.07960746135906, 8.070033392463774 ], [ -71.330578182570648, 8.469020101260284 ], [ -71.049716501412021, 8.86779803582149 ], [ -70.516786989288946, 8.867242574772895 ], [ -70.26756546387935, 8.468803951876776 ] ] ] ] } },
{ "type": "Feature", "properties": { "geogrid_id": "5208574492061223748", "seqnum": 9906.0, "lat_c": 8.5744924768310664, "lon_c": -61.223747862793424, "res": 8.0, "count_Insects": 0, "count_Basidiomycota": 0, "count_Birds": 5, "count_Molluscs": 2, "count_Flowering Plants": 14, "count_Amphibians": 0, "count_Reptiles": 1, "count_Mammals": 1, "count_Arachnids": 0, "count_Sac Fungi": 0, "count_Mosses": 0, "count_Ferns": 0, "count_Gymnosperms": 0, "unique_species_count": 23.0, "countryCode": "VE" }, "geometry": { "type": "MultiPolygon", "coordinates": [ [ [ [ -60.740155461000654, 8.661711879612586 ], [ -60.991459356060702, 8.178846568445612 ], [ -61.471073628126952, 8.082733384776885 ], [ -61.703103443978662, 8.476883190573748 ], [ -61.456453046495284, 8.969948651122888 ], [ -60.973085820543709, 9.058843796989978 ], [ -60.740155461000654, 8.661711879612586 ] ] ] ] } },
{ "type": "Feature", "properties": { "geogrid_id": "5208687401063445972", "seqnum": 9741.0, "lat_c": 8.6874014141155822, "lon_c": -63.445972024158536, "res": 8.0, "count_Insects": 1, "count_Basidiomycota": 1, "count_Birds": 12, "count_Molluscs": 0, "count_Flowering Plants": 4, "count_Amphibians": 0, "count_Reptiles": 0, "count_Mammals": 0, "count_Arachnids": 0, "count_Sac Fungi": 0, "count_Mosses": 0, "count_Ferns": 0, "count_Gymnosperms": 0, "unique_species_count": 18.0, "countryCode": "VE" }, "geometry": { "type": "MultiPolygon", "coordinates": [ [ [ [ -62.87576865469196, 8.636613746078819 ], [ -63.212763577859263, 8.294722313951866 ], [ -63.775013122711307, 8.333762994431243 ], [ -64.009205581601222, 8.726920953430014 ], [ -63.679757424940789, 9.080045638105929 ], [ -63.108823010520915, 9.029166504173507 ], [ -62.87576865469196, 8.636613746078819 ] ] ] ] } },
{ "type": "Feature", "properties": { "geogrid_id": "5208782741065119795", "seqnum": 9658.0, "lat_c": 8.7827414385207465, "lon_c": -65.119794906938125, "res": 8.0, "count_Insects": 4, "count_Basidiomycota": 0, "count_Birds": 1, "count_Molluscs": 0, "count_Flowering Plants": 0, "count_Amphibians": 0, "count_Reptiles": 0, "count_Mammals": 0, "count_Arachnids": 0, "count_Sac Fungi": 0, "count_Mosses": 0, "count_Ferns": 0, "count_Gymnosperms": 0, "unique_species_count": 5.0, "countryCode": "VE" }, "geometry": { "type": "MultiPolygon", "coordinates": [ [ [ [ -64.566801594035766, 8.758033286194649 ], [ -64.883215341247521, 8.388273270172707 ], [ -65.43112723103178, 8.407348482467228 ], [ -65.66899866173766, 8.802478855904749 ], [ -65.35691577074148, 9.177016168818344 ], [ -64.802696852299732, 9.151681312309542 ], [ -64.566801594035766, 8.758033286194649 ] ] ] ] } },
{ "type": "Feature", "properties": { "geogrid_id": "5208830957066758496", "seqnum": 9575.0, "lat_c": 8.8309569529353169, "lon_c": -66.758496135512971, "res": 8.0, "count_Insects": 0, "count_Basidiomycota": 0, "count_Birds": 3, "count_Molluscs": 1, "count_Flowering Plants": 2, "count_Amphibians": 0, "count_Reptiles": 4, "count_Mammals": 2, "count_Arachnids": 0, "count_Sac Fungi": 0, "count_Mosses": 3, "count_Ferns": 0, "count_Gymnosperms": 0, "unique_species_count": 15.0, "countryCode": "VE" }, "geometry": { "type": "MultiPolygon", "coordinates": [ [ [ [ -66.215059212412797, 8.81829168081901 ], [ -66.517993581182139, 8.434653794447001 ], [ -67.057920570518604, 8.444267665639597 ], [ -67.29973161220596, 8.841061050944743 ], [ -66.99950824120522, 9.226959476729562 ], [ -66.454761215185115, 9.213766630121887 ], [ -66.215059212412797, 8.81829168081901 ] ] ] ] } },
{ "type": "Feature", "properties": { "geogrid_id": "5208855280068376925", "seqnum": 9492.0, "lat_c": 8.8552804930213185, "lon_c": -68.37692520876233, "res": 8.0, "count_Insects": 27, "count_Basidiomycota": 1, "count_Birds": 100, "count_Molluscs": 0, "count_Flowering Plants": 3, "count_Amphibians": 0, "count_Reptiles": 9, "count_Mammals": 8, "count_Arachnids": 0, "count_Sac Fungi": 0, "count_Mosses": 0, "count_Ferns": 0, "count_Gymnosperms": 0, "unique_species_count": 148.0, "countryCode": "VE" }, "geometry": { "type": "MultiPolygon", "coordinates": [ [ [ [ -67.839112212129578, 8.849052857750458 ], [ -68.132550470733193, 8.457704668299648 ], [ -68.667787953716356, 8.462143710357902 ], [ -68.913410924980411, 8.860017141575728 ], [ -68.621810257069811, 9.252500312717043 ], [ -68.082722066173332, 9.245928145626443 ], [ -67.839112212129578, 8.849052857750458 ] ] ] ] } },
{ "type": "Feature", "properties": { "geogrid_id": "5208865841069983182", "seqnum": 9409.0, "lat_c": 8.8658412032639529, "lon_c": -69.983181517918823, "res": 8.0, "count_Insects": 104, "count_Basidiomycota": 10, "count_Birds": 92, "count_Molluscs": 3, "count_Flowering Plants": 84, "count_Amphibians": 11, "count_Reptiles": 29, "count_Mammals": 14, "count_Arachnids": 11, "count_Sac Fungi": 8, "count_Mosses": 4, "count_Ferns": 10, "count_Gymnosperms": 0, "unique_species_count": 380.0, "countryCode": "VE" }, "geometry": { "type": "MultiPolygon", "coordinates": [ [ [ [ -69.448772169164528, 8.863479508728162 ], [ -69.735135267711456, 8.467540426517642 ], [ -70.26756546387935, 8.468803951876776 ], [ -70.516786989288946, 8.867242574772895 ], [ -70.231766294079549, 9.263758178391972 ], [ -69.696145651057492, 9.261216747884577 ], [ -69.448772169164528, 8.863479508728162 ] ] ] ] } },
{ "type": "Feature", "properties": { "geogrid_id": "5208867602071582081", "seqnum": 9326.0, "lat_c": 8.8676015755090809, "lon_c": -71.582081406101608, "res": 8.0, "count_Insects": 135, "count_Basidiomycota": 14, "count_Birds": 165, "count_Molluscs": 1, "count_Flowering Plants": 45, "count_Amphibians": 4, "count_Reptiles": 15, "count_Mammals": 6, "count_Arachnids": 14, "count_Sac Fungi": 6, "count_Mosses": 24, "count_Ferns": 4, "count_Gymnosperms": 0, "unique_species_count": 433.0, "countryCode": "VE" }, "geometry": { "type": "MultiPolygon", "coordinates": [ [ [ [ -71.049716501412021, 8.86779803582149 ], [ -71.330578182570648, 8.469020101260284 ], [ -71.861367433069574, 8.468137813292829 ], [ -72.113979311584444, 8.866730955961367 ], [ -71.834170461967361, 9.265783857427772 ], [ -71.300658395604387, 9.265934215274241 ], [ -71.049716501412021, 8.86779803582149 ] ] ] ] } },
{ "type": "Feature", "properties": { "geogrid_id": "5208870938061935597", "seqnum": 9824.0, "lat_c": 8.8709376026310096, "lon_c": -61.935596637027686, "res": 8.0, "count_Insects": 8, "count_Basidiomycota": 0, "count_Birds": 109, "count_Molluscs": 0, "count_Flowering Plants": 13, "count_Amphibians": 0, "count_Reptiles": 0, "count_Mammals": 3, "count_Arachnids": 6, "count_Sac Fungi": 0, "count_Mosses": 0, "count_Ferns": 0, "count_Gymnosperms": 0, "unique_species_count": 139.0, "countryCode": "VE" }, "geometry": { "type": "MultiPolygon", "coordinates": [ [ [ [ -61.456453046495284, 8.969948651122888 ], [ -61.703103443978662, 8.476883190573748 ], [ -62.176855533806091, 8.367341731748127 ], [ -62.409235117870999, 8.760381413049528 ], [ -62.168585706773086, 9.264908896927203 ], [ -61.689609915644397, 9.365238418626221 ], [ -61.456453046495284, 8.969948651122888 ] ] ] ] } },
{ "type": "Feature", "properties": { "geogrid_id": "5209119991064243969", "seqnum": 9659.0, "lat_c": 9.1199913656289571, "lon_c": -64.243968582156285, "res": 8.0, "count_Insects": 2, "count_Basidiomycota": 1, "count_Birds": 10, "count_Molluscs": 0, "count_Flowering Plants": 16, "count_Amphibians": 1, "count_Reptiles": 2, "count_Mammals": 0, "count_Arachnids": 0, "count_Sac Fungi": 0, "count_Mosses": 0, "count_Ferns": 0, "count_Gymnosperms": 0, "unique_species_count": 32.0, "countryCode": "VE" }, "geometry": { "type": "MultiPolygon", "coordinates": [ [ [ [ -63.679757424940789, 9.080045638105929 ], [ -64.009205581601222, 8.726920953430014 ], [ -64.566801594035766, 8.758033286194649 ], [ -64.802696852299732, 9.151681312309542 ], [ -64.479335141040863, 9.512980370207579 ], [ -63.914149192480295, 9.472656857902027 ], [ -63.679757424940789, 9.080045638105929 ] ] ] ] } },
{ "type": "Feature", "properties": { "geogrid_id": "5209138850060486521", "seqnum": 9907.0, "lat_c": 9.1388503102311578, "lon_c": -60.48652095809264, "res": 8.0, "count_Insects": 1, "count_Basidiomycota": 0, "count_Birds": 4, "count_Molluscs": 1, "count_Flowering Plants": 0, "count_Amphibians": 0, "count_Reptiles": 0, "count_Mammals": 2, "count_Arachnids": 0, "count_Sac Fungi": 0, "count_Mosses": 0, "count_Ferns": 0, "count_Gymnosperms": 0, "unique_species_count": 8.0, "countryCode": "VE" }, "geometry": { "type": "MultiPolygon", "coordinates": [ [ [ [ -59.997579431134312, 9.211023714095377 ], [ -60.253408737725266, 8.739856326820542 ], [ -60.740155461000654, 8.661711879612586 ], [ -60.973085820543709, 9.058843796989978 ], [ -60.720018051294666, 9.537483077665964 ], [ -60.23116218070335, 9.611539259524385 ], [ -59.997579431134312, 9.211023714095377 ] ] ] ] } },
{ "type": "Feature", "properties": { "geogrid_id": "5209153398062642153", "seqnum": 9742.0, "lat_c": 9.1533975215511312, "lon_c": -62.642152891862281, "res": 8.0, "count_Insects": 2, "count_Basidiomycota": 0, "count_Birds": 14, "count_Molluscs": 0, "count_Flowering Plants": 0, "count_Amphibians": 1, "count_Reptiles": 0, "count_Mammals": 3, "count_Arachnids": 1, "count_Sac Fungi": 0, "count_Mosses": 0, "count_Ferns": 0, "count_Gymnosperms": 0, "unique_species_count": 21.0, "countryCode": "VE" }, "geometry": { "type": "MultiPolygon", "coordinates": [ [ [ [ -62.168585706773086, 9.264908896927203 ], [ -62.409235117870999, 8.760381413049528 ], [ -62.87576865469196, 8.636613746078819 ], [ -63.108823010520915, 9.029166504173507 ], [ -62.875638015433616, 9.546392729846163 ], [ -62.402102680316986, 9.658807355141288 ], [ -62.168585706773086, 9.264908896927203 ] ] ] ] } },
{ "type": "Feature", "properties": { "geogrid_id": "5209197373065907398", "seqnum": 9576.0, "lat_c": 9.1973727306723081, "lon_c": -65.907397541853399, "res": 8.0, "count_Insects": 6, "count_Basidiomycota": 3, "count_Birds": 1, "count_Molluscs": 0, "count_Flowering Plants": 6, "count_Amphibians": 0, "count_Reptiles": 0, "count_Mammals": 0, "count_Arachnids": 0, "count_Sac Fungi": 0, "count_Mosses": 0, "count_Ferns": 0, "count_Gymnosperms": 0, "unique_species_count": 16.0, "countryCode": "VE" }, "geometry": { "type": "MultiPolygon", "coordinates": [ [ [ [ -65.35691577074148, 9.177016168818344 ], [ -65.66899866173766, 8.802478855904749 ], [ -66.215059212412797, 8.81829168081901 ], [ -66.454761215185115, 9.213766630121887 ], [ -66.146367579069818, 9.592044030296758 ], [ -65.594618537030613, 9.571109905134906 ], [ -65.35691577074148, 9.177016168818344 ] ] ] ] } },
{ "type": "Feature", "properties": { "geogrid_id": "5209237531067542049", "seqnum": 9493.0, "lat_c": 9.2375309301179556, "lon_c": -67.542048892795606, "res": 8.0, "count_Insects": 12, "count_Basidiomycota": 0, "count_Birds": 19, "count_Molluscs": 0, "count_Flowering Plants": 14, "count_Amphibians": 0, "count_Reptiles": 4, "count_Mammals": 0, "count_Arachnids": 1, "count_Sac Fungi": 0, "count_Mosses": 0, "count_Ferns": 0, "count_Gymnosperms": 0, "unique_species_count": 50.0, "countryCode": "VE" }, "geometry": { "type": "MultiPolygon", "coordinates": [ [ [ [ -66.99950824120522, 9.226959476729562 ], [ -67.29973161220596, 8.841061050944743 ], [ -67.839112212129578, 8.849052857750458 ], [ -68.082722066173332, 9.245928145626443 ], [ -67.784922068489081, 9.633691248358987 ], [ -67.241078078460106, 9.622675820062907 ], [ -66.99950824120522, 9.226959476729562 ] ] ] ] } },
{ "type": "Feature", "properties": { "geogrid_id": "5209257523069159551", "seqnum": 9410.0, "lat_c": 9.2575231818605523, "lon_c": -69.159550994451052, "res": 8.0, "count_Insects": 10, "count_Basidiomycota": 0, "count_Birds": 87, "count_Molluscs": 0, "count_Flowering Plants": 30, "count_Amphibians": 1, "count_Reptiles": 19, "count_Mammals": 9, "count_Arachnids": 0, "count_Sac Fungi": 0, "count_Mosses": 0, "count_Ferns": 1, "count_Gymnosperms": 0, "unique_species_count": 157.0, "countryCode": "VE" }, "geometry": { "type": "MultiPolygon", "coordinates": [ [ [ [ -68.621810257069811, 9.252500312717043 ], [ -68.913410924980411, 8.860017141575728 ], [ -69.448772169164528, 8.863479508728162 ], [ -69.696145651057492, 9.261216747884577 ], [ -69.406260098161667, 9.65467293645524 ], [ -68.867257080376277, 9.649376298513292 ], [ -68.621810257069811, 9.252500312717043 ] ] ] ] } },
{ "type": "Feature", "properties": { "geogrid_id": "5209264921072367196", "seqnum": 9244.0, "lat_c": 9.2649210357249441, "lon_c": -72.367195838016315, "res": 8.0, "count_Insects": 0, "count_Basidiomycota": 0, "count_Birds": 11, "count_Molluscs": 1, "count_Flowering Plants": 3, "count_Amphibians": 0, "count_Reptiles": 1, "count_Mammals": 0, "count_Arachnids": 1, "count_Sac Fungi": 0, "count_Mosses": 0, "count_Ferns": 1, "count_Gymnosperms": 0, "unique_species_count": 18.0, "countryCode": "VE" }, "geometry": { "type": "MultiPolygon", "coordinates": [ [ [ [ -71.834170461967361, 9.265783857427772 ], [ -72.113979311584444, 8.866730955961367 ], [ -72.645496354353824, 8.865250938406795 ], [ -72.899821729166263, 9.263413211551049 ], [ -72.621068663325985, 9.662712989916638 ], [ -72.086897263520129, 9.663572796609051 ], [ -71.834170461967361, 9.265783857427772 ] ] ] ] } },
{ "type": "Feature", "properties": { "geogrid_id": "5209265291070766561", "seqnum": 9327.0, "lat_c": 9.2652913882693273, "lon_c": -70.766561058325479, "res": 8.0, "count_Insects": 248, "count_Basidiomycota": 17, "count_Birds": 133, "count_Molluscs": 12, "count_Flowering Plants": 169, "count_Amphibians": 8, "count_Reptiles": 22, "count_Mammals": 17, "count_Arachnids": 18, "count_Sac Fungi": 19, "count_Mosses": 4, "count_Ferns": 4, "count_Gymnosperms": 1, "unique_species_count": 672.0, "countryCode": "VE" }, "geometry": { "type": "MultiPolygon", "coordinates": [ [ [ [ -70.231766294079549, 9.263758178391972 ], [ -70.516786989288946, 8.867242574772895 ], [ -71.049716501412021, 8.86779803582149 ], [ -71.300658395604387, 9.265934215274241 ], [ -71.016939925262889, 9.662958234137532 ], [ -70.480941885439549, 9.661300260759342 ], [ -70.231766294079549, 9.263758178391972 ] ] ] ] } },
{ "type": "Feature", "properties": { "geogrid_id": "5209421714063342470", "seqnum": 9660.0, "lat_c": 9.4217144303330969, "lon_c": -63.342470170918929, "res": 8.0, "count_Insects": 17, "count_Basidiomycota": 0, "count_Birds": 11, "count_Molluscs": 2, "count_Flowering Plants": 16, "count_Amphibians": 1, "count_Reptiles": 2, "count_Mammals": 3, "count_Arachnids": 0, "count_Sac Fungi": 3, "count_Mosses": 1, "count_Ferns": 0, "count_Gymnosperms": 0, "unique_species_count": 56.0, "countryCode": "VE" }, "geometry": { "type": "MultiPolygon", "coordinates": [ [ [ [ -62.875638015433616, 9.546392729846163 ], [ -63.108823010520915, 9.029166504173507 ], [ -63.679757424940789, 9.080045638105929 ], [ -63.914149192480295, 9.472656857902027 ], [ -63.576737971570381, 9.814256851628405 ], [ -63.109719668489731, 9.939369156858529 ], [ -62.875638015433616, 9.546392729846163 ] ] ] ] } },
{ "type": "Feature", "properties": { "geogrid_id": "5209455714061206430", "seqnum": 9825.0, "lat_c": 9.4557139190285842, "lon_c": -61.206429530255576, "res": 8.0, "count_Insects": 0, "count_Basidiomycota": 0, "count_Birds": 0, "count_Molluscs": 0, "count_Flowering Plants": 0, "count_Amphibians": 0, "count_Reptiles": 0, "count_Mammals": 0, "count_Arachnids": 2, "count_Sac Fungi": 0, "count_Mosses": 0, "count_Ferns": 0, "count_Gymnosperms": 0, "unique_species_count": 2.0, "countryCode": "VE" }, "geometry": { "type": "MultiPolygon", "coordinates": [ [ [ [ -60.720018051294666, 9.537483077665964 ], [ -60.973085820543709, 9.058843796989978 ], [ -61.456453046495284, 8.969948651122888 ], [ -61.689609915644397, 9.365238418626221 ], [ -61.440221853255984, 9.852352014449666 ], [ -60.953934516094641, 9.935793827273006 ], [ -60.720018051294666, 9.537483077665964 ] ] ] ] } },
{ "type": "Feature", "properties": { "geogrid_id": "5209545196065039186", "seqnum": 9577.0, "lat_c": 9.5451962316826187, "lon_c": -65.039185766562085, "res": 8.0, "count_Insects": 1, "count_Basidiomycota": 0, "count_Birds": 0, "count_Molluscs": 0, "count_Flowering Plants": 4, "count_Amphibians": 0, "count_Reptiles": 0, "count_Mammals": 0, "count_Arachnids": 0, "count_Sac Fungi": 0, "count_Mosses": 0, "count_Ferns": 0, "count_Gymnosperms": 0, "unique_species_count": 5.0, "countryCode": "VE" }, "geometry": { "type": "MultiPolygon", "coordinates": [ [ [ [ -64.479335141040863, 9.512980370207579 ], [ -64.802696852299732, 9.151681312309542 ], [ -65.35691577074148, 9.177016168818344 ], [ -65.594618537030613, 9.571109905134906 ], [ -65.276304391991815, 9.938586550637595 ], [ -64.715337823066065, 9.905893128777569 ], [ -64.479335141040863, 9.512980370207579 ] ] ] ] } },
{ "type": "Feature", "properties": { "geogrid_id": "5209608984066695026", "seqnum": 9494.0, "lat_c": 9.6089841142438654, "lon_c": -66.695026100506013, "res": 8.0, "count_Insects": 17, "count_Basidiomycota": 3, "count_Birds": 0, "count_Molluscs": 0, "count_Flowering Plants": 7, "count_Amphibians": 2, "count_Reptiles": 3, "count_Mammals": 0, "count_Arachnids": 1, "count_Sac Fungi": 0, "count_Mosses": 0, "count_Ferns": 0, "count_Gymnosperms": 0, "unique_species_count": 33.0, "countryCode": "VE" }, "geometry": { "type": "MultiPolygon", "coordinates": [ [ [ [ -66.146367579069818, 9.592044030296758 ], [ -66.454761215185115, 9.213766630121887 ], [ -66.99950824120522, 9.226959476729562 ], [ -67.241078078460106, 9.622675820062907 ], [ -66.93589840022257, 10.003957172658042 ], [ -66.385950955426793, 9.986505126578894 ], [ -66.146367579069818, 9.592044030296758 ] ] ] ] } },
{ "type": "Feature", "properties": { "geogrid_id": "5209642475068326889", "seqnum": 9411.0, "lat_c": 9.6424749322206704, "lon_c": -68.326889229025568, "res": 8.0, "count_Insects": 49, "count_Basidiomycota": 0, "count_Birds": 25, "count_Molluscs": 1, "count_Flowering Plants": 13, "count_Amphibians": 6, "count_Reptiles": 9, "count_Mammals": 8, "count_Arachnids": 9, "count_Sac Fungi": 0, "count_Mosses": 4, "count_Ferns": 0, "count_Gymnosperms": 0, "unique_species_count": 124.0, "countryCode": "VE" }, "geometry": { "type": "MultiPolygon", "coordinates": [ [ [ [ -67.784922068489081, 9.633691248358987 ], [ -68.082722066173332, 9.245928145626443 ], [ -68.621810257069811, 9.252500312717043 ], [ -68.867257080376277, 9.649376298513292 ], [ -68.571662637646554, 10.038705337262501 ], [ -68.028398991600966, 10.029554763503468 ], [ -67.784922068489081, 9.633691248358987 ] ] ] ] } },
{ "type": "Feature", "properties": { "geogrid_id": "5209658588069944098", "seqnum": 9328.0, "lat_c": 9.6585875172492024, "lon_c": -69.944097939618388, "res": 8.0, "count_Insects": 67, "count_Basidiomycota": 2, "count_Birds": 92, "count_Molluscs": 2, "count_Flowering Plants": 37, "count_Amphibians": 2, "count_Reptiles": 5, "count_Mammals": 4, "count_Arachnids": 3, "count_Sac Fungi": 4, "count_Mosses": 4, "count_Ferns": 3, "count_Gymnosperms": 0, "unique_species_count": 225.0, "countryCode": "VE" }, "geometry": { "type": "MultiPolygon", "coordinates": [ [ [ [ -69.406260098161667, 9.65467293645524 ], [ -69.696145651057492, 9.261216747884577 ], [ -70.231766294079549, 9.263758178391972 ], [ -70.480941885439549, 9.661300260759342 ], [ -70.192679628357965, 10.055601223866043 ], [ -69.653588492024355, 10.051476784161945 ], [ -69.406260098161667, 9.65467293645524 ] ] ] ] } },
{ "type": "Feature", "properties": { "geogrid_id": "5209661173073154823", "seqnum": 9162.0, "lat_c": 9.661172937168848, "lon_c": -73.154823105316154, "res": 8.0, "count_Insects": 15, "count_Basidiomycota": 1, "count_Birds": 1, "count_Molluscs": 2, "count_Flowering Plants": 1, "count_Amphibians": 1, "count_Reptiles": 2, "count_Mammals": 3, "count_Arachnids": 0, "count_Sac Fungi": 0, "count_Mosses": 0, "count_Ferns": 0, "count_Gymnosperms": 0, "unique_species_count": 26.0, "countryCode": "VE" }, "geometry": { "type": "MultiPolygon", "coordinates": [ [ [ [ -72.621068663325985, 9.662712989916638 ], [ -72.899821729166263, 9.263413211551049 ], [ -73.432125757300938, 9.26131709571438 ], [ -73.688239175281581, 9.659011660873011 ], [ -73.41055075857696, 10.058534070138119 ], [ -72.8756482803187, 10.060111579130856 ], [ -72.621068663325985, 9.662712989916638 ] ] ] ] } },
{ "type": "Feature", "properties": { "geogrid_id": "5209663682071552221", "seqnum": 9245.0, "lat_c": 9.6636823664963991, "lon_c": -71.552220803723088, "res": 8.0, "count_Insects": 2, "count_Basidiomycota": 0, "count_Birds": 5, "count_Molluscs": 8, "count_Flowering Plants": 0, "count_Amphibians": 0, "count_Reptiles": 1, "count_Mammals": 0, "count_Arachnids": 0, "count_Sac Fungi": 0, "count_Mosses": 0, "count_Ferns": 0, "count_Gymnosperms": 0, "unique_species_count": 16.0, "countryCode": "VE" }, "geometry": { "type": "MultiPolygon", "coordinates": [ [ [ [ -71.016939925262889, 9.662958234137532 ], [ -71.300658395604387, 9.265934215274241 ], [ -71.834170461967361, 9.265783857427772 ], [ -72.086897263520129, 9.663572796609051 ], [ -71.80445451073227, 10.061049003553059 ], [ -71.267974417678317, 10.060250566164564 ], [ -71.016939925262889, 9.662958234137532 ] ] ] ] } },
{ "type": "Feature", "properties": { "geogrid_id": "5209760382061923253", "seqnum": 9743.0, "lat_c": 9.7603816015554763, "lon_c": -61.923252817247878, "res": 8.0, "count_Insects": 2, "count_Basidiomycota": 0, "count_Birds": 2, "count_Molluscs": 0, "count_Flowering Plants": 0, "count_Amphibians": 0, "count_Reptiles": 0, "count_Mammals": 0, "count_Arachnids": 0, "count_Sac Fungi": 0, "count_Mosses": 0, "count_Ferns": 0, "count_Gymnosperms": 0, "unique_species_count": 4.0, "countryCode": "VE" }, "geometry": { "type": "MultiPolygon", "coordinates": [ [ [ [ -61.440221853255984, 9.852352014449666 ], [ -61.689609915644397, 9.365238418626221 ], [ -62.168585706773086, 9.264908896927203 ], [ -62.402102680316986, 9.658807355141288 ], [ -62.157415567219054, 10.155395118833797 ], [ -61.674497613873008, 10.248783749424776 ], [ -61.440221853255984, 9.852352014449666 ] ] ] ] } },
{ "type": "Feature", "properties": { "geogrid_id": "5209865237064149177", "seqnum": 9578.0, "lat_c": 9.8652365109430331, "lon_c": -64.149176751603463, "res": 8.0, "count_Insects": 3, "count_Basidiomycota": 0, "count_Birds": 1, "count_Molluscs": 0, "count_Flowering Plants": 1, "count_Amphibians": 4, "count_Reptiles": 8, "count_Mammals": 0, "count_Arachnids": 1, "count_Sac Fungi": 1, "count_Mosses": 0, "count_Ferns": 0, "count_Gymnosperms": 0, "unique_species_count": 19.0, "countryCode": "VE" }, "geometry": { "type": "MultiPolygon", "coordinates": [ [ [ [ -63.576737971570381, 9.814256851628405 ], [ -63.914149192480295, 9.472656857902027 ], [ -64.479335141040863, 9.512980370207579 ], [ -64.715337823066065, 9.905893128777569 ], [ -64.384869598420693, 10.257785662086583 ], [ -63.811654519956022, 10.20679303321122 ], [ -63.576737971570381, 9.814256851628405 ] ] ] ] } },
{ "type": "Feature", "properties": { "geogrid_id": "5209965034065832943", "seqnum": 9495.0, "lat_c": 9.9650335620512855, "lon_c": -65.832942542274438, "res": 8.0, "count_Insects": 16, "count_Basidiomycota": 4, "count_Birds": 68, "count_Molluscs": 3, "count_Flowering Plants": 8, "count_Amphibians": 0, "count_Reptiles": 4, "count_Mammals": 1, "count_Arachnids": 0, "count_Sac Fungi": 0, "count_Mosses": 0, "count_Ferns": 0, "count_Gymnosperms": 0, "unique_species_count": 104.0, "countryCode": "VE" }, "geometry": { "type": "MultiPolygon", "coordinates": [ [ [ [ -65.276304391991815, 9.938586550637595 ], [ -65.594618537030613, 9.571109905134906 ], [ -66.146367579069818, 9.592044030296758 ], [ -66.385950955426793, 9.986505126578894 ], [ -66.071926102765858, 10.358796710588367 ], [ -65.514088081186813, 10.331859603666183 ], [ -65.276304391991815, 9.938586550637595 ] ] ] ] } },
{ "type": "Feature", "properties": { "geogrid_id": "5210011643060465145", "seqnum": 9826.0, "lat_c": 10.011643171269665, "lon_c": -60.465144892857467, "res": 8.0, "count_Insects": 0, "count_Basidiomycota": 0, "count_Birds": 0, "count_Molluscs": 0, "count_Flowering Plants": 0, "count_Amphibians": 1, "count_Reptiles": 0, "count_Mammals": 0, "count_Arachnids": 0, "count_Sac Fungi": 0, "count_Mosses": 0, "count_Ferns": 0, "count_Gymnosperms": 0, "unique_species_count": 1.0, "countryCode": "VE" }, "geometry": { "type": "MultiPolygon", "coordinates": [ [ [ [ -59.974467500132228, 10.080716319633543 ], [ -60.23116218070335, 9.611539259524385 ], [ -60.720018051294666, 9.537483077665964 ], [ -60.953934516094641, 9.935793827273006 ], [ -60.699560218093737, 10.411377144962936 ], [ -60.208858166178814, 10.482239586000688 ], [ -59.974467500132228, 10.080716319633543 ] ] ] ] } },
{ "type": "Feature", "properties": { "geogrid_id": "5210018119067483252", "seqnum": 9412.0, "lat_c": 10.018119093520317, "lon_c": -67.483252051910299, "res": 8.0, "count_Insects": 265, "count_Basidiomycota": 13, "count_Birds": 227, "count_Molluscs": 4, "count_Flowering Plants": 114, "count_Amphibians": 24, "count_Reptiles": 41, "count_Mammals": 34, "count_Arachnids": 26, "count_Sac Fungi": 16, "count_Mosses": 13, "count_Ferns": 2, "count_Gymnosperms": 0, "unique_species_count": 779.0, "countryCode": "VE" }, "geometry": { "type": "MultiPolygon", "coordinates": [ [ [ [ -66.93589840022257, 10.003957172658042 ], [ -67.241078078460106, 9.622675820062907 ], [ -67.784922068489081, 9.633691248358987 ], [ -68.028398991600966, 10.029554763503468 ], [ -67.72607507154747, 10.413301173122994 ], [ -67.177421239665904, 10.3986975096731 ], [ -66.93589840022257, 10.003957172658042 ] ] ] ] } },
{ "type": "Feature", "properties": { "geogrid_id": "5210045920069113315", "seqnum": 9329.0, "lat_c": 10.04591975158583, "lon_c": -69.113315398387215, "res": 8.0, "count_Insects": 105, "count_Basidiomycota": 11, "count_Birds": 208, "count_Molluscs": 2, "count_Flowering Plants": 105, "count_Amphibians": 9, "count_Reptiles": 20, "count_Mammals": 10, "count_Arachnids": 6, "count_Sac Fungi": 8, "count_Mosses": 3, "count_Ferns": 3, "count_Gymnosperms": 0, "unique_species_count": 490.0, "countryCode": "VE" }, "geometry": { "type": "MultiPolygon", "coordinates": [ [ [ [ -68.571662637646554, 10.038705337262501 ], [ -68.867257080376277, 9.649376298513292 ], [ -69.406260098161667, 9.65467293645524 ], [ -69.653588492024355, 10.051476784161945 ], [ -69.360033430105403, 10.442141133911324 ], [ -68.817089698975522, 10.434630507926483 ], [ -68.571662637646554, 10.038705337262501 ] ] ] ] } },
{ "type": "Feature", "properties": { "geogrid_id": "5210052642062636179", "seqnum": 9661.0, "lat_c": 10.052641617860456, "lon_c": -62.636179241804271, "res": 8.0, "count_Insects": 6, "count_Basidiomycota": 0, "count_Birds": 5, "count_Molluscs": 1, "count_Flowering Plants": 0, "count_Amphibians": 0, "count_Reptiles": 2, "count_Mammals": 2, "count_Arachnids": 0, "count_Sac Fungi": 0, "count_Mosses": 0, "count_Ferns": 0, "count_Gymnosperms": 0, "unique_species_count": 16.0, "countryCode": "VE" }, "geometry": { "type": "MultiPolygon", "coordinates": [ [ [ [ -62.157415567219054, 10.155395118833797 ], [ -62.402102680316986, 9.658807355141288 ], [ -62.875638015433616, 9.546392729846163 ], [ -63.109719668489731, 9.939369156858529 ], [ -62.870846840487829, 10.44641896222012 ], [ -62.392131565706556, 10.550293465475155 ], [ -62.157415567219054, 10.155395118833797 ] ] ] ] } },
{ "type": "Feature", "properties": { "geogrid_id": "5210058476070730759", "seqnum": 9246.0, "lat_c": 10.058475873954327, "lon_c": -70.730759064903324, "res": 8.0, "count_Insects": 4, "count_Basidiomycota": 0, "count_Birds": 1, "count_Molluscs": 1, "count_Flowering Plants": 5, "count_Amphibians": 0, "count_Reptiles": 2, "count_Mammals": 0, "count_Arachnids": 0, "count_Sac Fungi": 0, "count_Mosses": 0, "count_Ferns": 0, "count_Gymnosperms": 0, "unique_species_count": 13.0, "countryCode": "VE" }, "geometry": { "type": "MultiPolygon", "coordinates": [ [ [ [ -70.192679628357965, 10.055601223866043 ], [ -70.480941885439549, 9.661300260759342 ], [ -71.016939925262889, 9.662958234137532 ], [ -71.267974417678317, 10.060250566164564 ], [ -70.981267285328457, 10.4552929425431 ], [ -70.441939920680056, 10.452266674559633 ], [ -70.192679628357965, 10.055601223866043 ] ] ] ] } },
{ "type": "Feature", "properties": { "geogrid_id": "5210060974072340312", "seqnum": 9163.0, "lat_c": 10.060974007530147, "lon_c": -72.340312478126535, "res": 8.0, "count_Insects": 8, "count_Basidiomycota": 0, "count_Birds": 19, "count_Molluscs": 2, "count_Flowering Plants": 3, "count_Amphibians": 1, "count_Reptiles": 4, "count_Mammals": 1, "count_Arachnids": 0, "count_Sac Fungi": 0, "count_Mosses": 0, "count_Ferns": 0, "count_Gymnosperms": 0, "unique_species_count": 38.0, "countryCode": "VE" }, "geometry": { "type": "MultiPolygon", "coordinates": [ [ [ [ -71.80445451073227, 10.061049003553059 ], [ -72.086897263520129, 9.663572796609051 ], [ -72.621068663325985, 9.662712989916638 ], [ -72.8756482803187, 10.060111579130856 ], [ -72.594465681739663, 10.457992835637377 ], [ -72.057409133118412, 10.458040306328785 ], [ -71.80445451073227, 10.061049003553059 ] ] ] ] } },
{ "type": "Feature", "properties": { "geogrid_id": "5210298734064952009", "seqnum": 9496.0, "lat_c": 10.298733967160947, "lon_c": -64.952008877258166, "res": 8.0, "count_Insects": 14, "count_Basidiomycota": 17, "count_Birds": 126, "count_Molluscs": 27, "count_Flowering Plants": 29, "count_Amphibians": 1, "count_Reptiles": 8, "count_Mammals": 6, "count_Arachnids": 2, "count_Sac Fungi": 3, "count_Mosses": 0, "count_Ferns": 0, "count_Gymnosperms": 0, "unique_species_count": 233.0, "countryCode": "VE" }, "geometry": { "type": "MultiPolygon", "coordinates": [ [ [ [ -64.384869598420693, 10.257785662086583 ], [ -64.715337823066065, 9.905893128777569 ], [ -65.276304391991815, 9.938586550637595 ], [ -65.514088081186813, 10.331859603666183 ], [ -65.189380348933625, 10.691506490347839 ], [ -64.621257349720224, 10.650305052277741 ], [ -64.384869598420693, 10.257785662086583 ] ] ] ] } },
{ "type": "Feature", "properties": { "geogrid_id": "5210332328063344427", "seqnum": 9579.0, "lat_c": 10.332328456531835, "lon_c": -63.34442710635907, "res": 8.0, "count_Insects": 84, "count_Basidiomycota": 5, "count_Birds": 144, "count_Molluscs": 28, "count_Flowering Plants": 9, "count_Amphibians": 2, "count_Reptiles": 12, "count_Mammals": 17, "count_Arachnids": 15, "count_Sac Fungi": 8, "count_Mosses": 17, "count_Ferns": 1, "count_Gymnosperms": 0, "unique_species_count": 342.0, "countryCode": "VE" }, "geometry": { "type": "MultiPolygon", "coordinates": [ [ [ [ -62.870846840487829, 10.44641896222012 ], [ -63.109719668489731, 9.939369156858529 ], [ -63.576737971570381, 9.814256851628405 ], [ -63.811654519956022, 10.20679303321122 ], [ -63.579789706534044, 10.72527188684095 ], [ -63.106136781831488, 10.840145521983798 ], [ -62.870846840487829, 10.44641896222012 ] ] ] ] } },
{ "type": "Feature", "properties": { "geogrid_id": "5210380767066626189", "seqnum": 9413.0, "lat_c": 10.380767007732693, "lon_c": -66.626188600150655, "res": 8.0, "count_Insects": 792, "count_Basidiomycota": 78, "count_Birds": 398, "count_Molluscs": 22, "count_Flowering Plants": 451, "count_Amphibians": 23, "count_Reptiles": 59, "count_Mammals": 24, "count_Arachnids": 48, "count_Sac Fungi": 76, "count_Mosses": 64, "count_Ferns": 6, "count_Gymnosperms": 2, "unique_species_count": 2043.0, "countryCode": "VE" }, "geometry": { "type": "MultiPolygon", "coordinates": [ [ [ [ -66.071926102765858, 10.358796710588367 ], [ -66.385950955426793, 9.986505126578894 ], [ -66.93589840022257, 10.003957172658042 ], [ -67.177421239665904, 10.3986975096731 ], [ -66.867120419614523, 10.774839424093916 ], [ -66.311606721434941, 10.752407735909433 ], [ -66.071926102765858, 10.358796710588367 ] ] ] ] } },
{ "type": "Feature", "properties": { "geogrid_id": "5210425133068272526", "seqnum": 9330.0, "lat_c": 10.425133125465626, "lon_c": -68.272525982915212, "res": 8.0, "count_Insects": 832, "count_Basidiomycota": 34, "count_Birds": 337, "count_Molluscs": 17, "count_Flowering Plants": 195, "count_Amphibians": 27, "count_Reptiles": 56, "count_Mammals": 21, "count_Arachnids": 33, "count_Sac Fungi": 7, "count_Mosses": 1, "count_Ferns": 7, "count_Gymnosperms": 0, "unique_species_count": 1567.0, "countryCode": "VE" }, "geometry": { "type": "MultiPolygon", "coordinates": [ [ [ [ -67.72607507154747, 10.413301173122994 ], [ -68.028398991600966, 10.029554763503468 ], [ -68.571662637646554, 10.038705337262501 ], [ -68.817089698975522, 10.434630507926483 ], [ -68.517348067360487, 10.820436950798285 ], [ -67.96959079382647, 10.808232799516212 ], [ -67.72607507154747, 10.413301173122994 ] ] ] ] } },
{ "type": "Feature", "properties": { "geogrid_id": "5210447944069901585", "seqnum": 9247.0, "lat_c": 10.447944389751548, "lon_c": -69.901584980021497, "res": 8.0, "count_Insects": 3, "count_Basidiomycota": 1, "count_Birds": 19, "count_Molluscs": 0, "count_Flowering Plants": 12, "count_Amphibians": 0, "count_Reptiles": 0, "count_Mammals": 0, "count_Arachnids": 1, "count_Sac Fungi": 3, "count_Mosses": 0, "count_Ferns": 0, "count_Gymnosperms": 0, "unique_species_count": 39.0, "countryCode": "VE" }, "geometry": { "type": "MultiPolygon", "coordinates": [ [ [ [ -69.360033430105403, 10.442141133911324 ], [ -69.653588492024355, 10.051476784161945 ], [ -70.192679628357965, 10.055601223866043 ], [ -70.441939920680056, 10.452266674559633 ], [ -70.150297115923578, 10.844084720396644 ], [ -69.607458108377571, 10.838050100971254 ], [ -69.360033430105403, 10.442141133911324 ] ] ] ] } },
{ "type": "Feature", "properties": { "geogrid_id": "5210457121073130984", "seqnum": 9081.0, "lat_c": 10.457121349961708, "lon_c": -73.130984166381566, "res": 8.0, "count_Insects": 8, "count_Basidiomycota": 1, "count_Birds": 2, "count_Molluscs": 0, "count_Flowering Plants": 12, "count_Amphibians": 0, "count_Reptiles": 0, "count_Mammals": 0, "count_Arachnids": 0, "count_Sac Fungi": 1, "count_Mosses": 0, "count_Ferns": 0, "count_Gymnosperms": 0, "unique_species_count": 24.0, "countryCode": "VE" }, "geometry": { "type": "MultiPolygon", "coordinates": [ [ [ [ -72.594465681739663, 10.457992835637377 ], [ -72.8756482803187, 10.060111579130856 ], [ -73.41055075857696, 10.058534070138119 ], [ -73.667054023338295, 10.455500397367885 ], [ -73.387124913709442, 10.853746604574566 ], [ -72.849405499291478, 10.854634330410249 ], [ -72.594465681739663, 10.457992835637377 ] ] ] ] } },
{ "type": "Feature", "properties": { "geogrid_id": "5210457175071519714", "seqnum": 9164.0, "lat_c": 10.45717542760314, "lon_c": -71.519714117841687, "res": 8.0, "count_Insects": 53, "count_Basidiomycota": 3, "count_Birds": 116, "count_Molluscs": 4, "count_Flowering Plants": 96, "count_Amphibians": 10, "count_Reptiles": 11, "count_Mammals": 6, "count_Arachnids": 6, "count_Sac Fungi": 0, "count_Mosses": 0, "count_Ferns": 1, "count_Gymnosperms": 2, "unique_species_count": 308.0, "countryCode": "VE" }, "geometry": { "type": "MultiPolygon", "coordinates": [ [ [ [ -70.981267285328457, 10.4552929425431 ], [ -71.267974417678317, 10.060250566164564 ], [ -71.80445451073227, 10.061049003553059 ], [ -72.057409133118412, 10.458040306328785 ], [ -71.77220752585751, 10.853739435404952 ], [ -71.232514855124833, 10.851758884613877 ], [ -70.981267285328457, 10.4552929425431 ] ] ] ] } },
{ "type": "Feature", "properties": { "geogrid_id": "5210599322064047248", "seqnum": 9497.0, "lat_c": 10.599322175126572, "lon_c": -64.047248208509984, "res": 8.0, "count_Insects": 445, "count_Basidiomycota": 4, "count_Birds": 116, "count_Molluscs": 91, "count_Flowering Plants": 173, "count_Amphibians": 14, "count_Reptiles": 45, "count_Mammals": 30, "count_Arachnids": 36, "count_Sac Fungi": 0, "count_Mosses": 0, "count_Ferns": 2, "count_Gymnosperms": 0, "unique_species_count": 956.0, "countryCode": "VE" }, "geometry": { "type": "MultiPolygon", "coordinates": [ [ [ [ -63.579789706534044, 10.72527188684095 ], [ -63.811654519956022, 10.20679303321122 ], [ -64.384869598420693, 10.257785662086583 ], [ -64.621257349720224, 10.650305052277741 ], [ -64.28354772801184, 10.991843409045421 ], [ -63.815837008989867, 11.118200363837982 ], [ -63.579789706534044, 10.72527188684095 ] ] ] ] } },
{ "type": "Feature", "properties": { "geogrid_id": "5210645031061909291", "seqnum": 9662.0, "lat_c": 10.645031339251208, "lon_c": -61.909291261810601, "res": 8.0, "count_Insects": 6, "count_Basidiomycota": 1, "count_Birds": 89, "count_Molluscs": 8, "count_Flowering Plants": 1, "count_Amphibians": 4, "count_Reptiles": 3, "count_Mammals": 3, "count_Arachnids": 0, "count_Sac Fungi": 0, "count_Mosses": 0, "count_Ferns": 0, "count_Gymnosperms": 0, "unique_species_count": 115.0, "countryCode": "VE" }, "geometry": { "type": "MultiPolygon", "coordinates": [ [ [ [ -61.423163199942202, 10.731581253888196 ], [ -61.674497613873008, 10.248783749424776 ], [ -62.157415567219054, 10.155395118833797 ], [ -62.392131565706556, 10.550293465475155 ], [ -62.144636939131857, 11.041114077630223 ], [ -61.658543975865804, 11.129113709498297 ], [ -61.423163199942202, 10.731581253888196 ] ] ] ] } },
{ "type": "Feature", "properties": { "geogrid_id": "5210725022065752572", "seqnum": 9414.0, "lat_c": 10.725021704321206, "lon_c": -65.752571651772442, "res": 8.0, "count_Insects": 6, "count_Basidiomycota": 1, "count_Birds": 18, "count_Molluscs": 9, "count_Flowering Plants": 19, "count_Amphibians": 0, "count_Reptiles": 1, "count_Mammals": 2, "count_Arachnids": 0, "count_Sac Fungi": 1, "count_Mosses": 0, "count_Ferns": 0, "count_Gymnosperms": 0, "unique_species_count": 57.0, "countryCode": "VE" }, "geometry": { "type": "MultiPolygon", "coordinates": [ [ [ [ -65.189380348933625, 10.691506490347839 ], [ -65.514088081186813, 10.331859603666183 ], [ -66.071926102765858, 10.358796710588367 ], [ -66.311606721434941, 10.752407735909433 ], [ -65.991789526448287, 11.118078270961082 ], [ -65.427484173175273, 11.084213676188638 ], [ -65.189380348933625, 10.691506490347839 ] ] ] ] } },
{ "type": "Feature", "properties": { "geogrid_id": "5210793216067419637", "seqnum": 9331.0, "lat_c": 10.793215618558863, "lon_c": -67.419636577861468, "res": 8.0, "count_Insects": 54, "count_Basidiomycota": 22, "count_Birds": 161, "count_Molluscs": 8, "count_Flowering Plants": 41, "count_Amphibians": 17, "count_Reptiles": 30, "count_Mammals": 11, "count_Arachnids": 4, "count_Sac Fungi": 6, "count_Mosses": 22, "count_Ferns": 3, "count_Gymnosperms": 1, "unique_species_count": 380.0, "countryCode": "VE" }, "geometry": { "type": "MultiPolygon", "coordinates": [ [ [ [ -66.867120419614523, 10.774839424093916 ], [ -67.177421239665904, 10.3986975096731 ], [ -67.72607507154747, 10.413301173122994 ], [ -67.96959079382647, 10.808232799516212 ], [ -67.662585413161494, 11.187520891411108 ], [ -67.108785492534707, 11.168731014484358 ], [ -66.867120419614523, 10.774839424093916 ] ] ] ] } },
{ "type": "Feature", "properties": { "geogrid_id": "5210830261069063217", "seqnum": 9248.0, "lat_c": 10.830260670966528, "lon_c": -69.063216516189371, "res": 8.0, "count_Insects": 9, "count_Basidiomycota": 1, "count_Birds": 45, "count_Molluscs": 2, "count_Flowering Plants": 5, "count_Amphibians": 0, "count_Reptiles": 2, "count_Mammals": 0, "count_Arachnids": 0, "count_Sac Fungi": 2, "count_Mosses": 0, "count_Ferns": 0, "count_Gymnosperms": 0, "unique_species_count": 66.0, "countryCode": "VE" }, "geometry": { "type": "MultiPolygon", "coordinates": [ [ [ [ -68.517348067360487, 10.820436950798285 ], [ -68.817089698975522, 10.434630507926483 ], [ -69.360033430105403, 10.442141133911324 ], [ -69.607458108377571, 10.838050100971254 ], [ -69.310088086901857, 11.225605182976249 ], [ -68.762909178977196, 11.215475892025896 ], [ -68.517348067360487, 10.820436950798285 ] ] ] ] } },
{ "type": "Feature", "properties": { "geogrid_id": "5210848592070691927", "seqnum": 9165.0, "lat_c": 10.848592079088405, "lon_c": -70.691926818445594, "res": 8.0, "count_Insects": 3, "count_Basidiomycota": 0, "count_Birds": 1, "count_Molluscs": 1, "count_Flowering Plants": 5, "count_Amphibians": 4, "count_Reptiles": 1, "count_Mammals": 0, "count_Arachnids": 0, "count_Sac Fungi": 0, "count_Mosses": 0, "count_Ferns": 0, "count_Gymnosperms": 0, "unique_species_count": 15.0, "countryCode": "VE" }, "geometry": { "type": "MultiPolygon", "coordinates": [ [ [ [ -70.150297115923578, 10.844084720396644 ], [ -70.441939920680056, 10.452266674559633 ], [ -70.981267285328457, 10.4552929425431 ], [ -71.232514855124833, 10.851758884613877 ], [ -70.942687290307006, 11.244585057190346 ], [ -70.399771382308145, 11.239906064677424 ], [ -70.150297115923578, 10.844084720396644 ] ] ] ] } },
{ "type": "Feature", "properties": { "geogrid_id": "5210854662072311133", "seqnum": 9082.0, "lat_c": 10.854662098380167, "lon_c": -72.311133270265586, "res": 8.0, "count_Insects": 2, "count_Basidiomycota": 0, "count_Birds": 1, "count_Molluscs": 2, "count_Flowering Plants": 2, "count_Amphibians": 0, "count_Reptiles": 2, "count_Mammals": 0, "count_Arachnids": 4, "count_Sac Fungi": 0, "count_Mosses": 0, "count_Ferns": 0, "count_Gymnosperms": 0, "unique_species_count": 13.0, "countryCode": "VE" }, "geometry": { "type": "MultiPolygon", "coordinates": [ [ [ [ -71.77220752585751, 10.853739435404952 ], [ -72.057409133118412, 10.458040306328785 ], [ -72.594465681739663, 10.457992835637377 ], [ -72.849405499291478, 10.854634330410249 ], [ -72.565674641715546, 11.250919830367891 ], [ -72.025502206873412, 11.249948769755687 ], [ -71.77220752585751, 10.853739435404952 ] ] ] ] } },
{ "type": "Feature", "properties": { "geogrid_id": "5210945089062627434", "seqnum": 9580.0, "lat_c": 10.945089097401938, "lon_c": -62.627433898853624, "res": 8.0, "count_Insects": 2, "count_Basidiomycota": 0, "count_Birds": 63, "count_Molluscs": 2, "count_Flowering Plants": 10, "count_Amphibians": 0, "count_Reptiles": 2, "count_Mammals": 2, "count_Arachnids": 1, "count_Sac Fungi": 0, "count_Mosses": 0, "count_Ferns": 0, "count_Gymnosperms": 0, "unique_species_count": 82.0, "countryCode": "VE" }, "geometry": { "type": "MultiPolygon", "coordinates": [ [ [ [ -62.144636939131857, 11.041114077630223 ], [ -62.392131565706556, 10.550293465475155 ], [ -62.870846840487829, 10.44641896222012 ], [ -63.106136781831488, 10.840145521983798 ], [ -62.863355428623514, 11.339792742550433 ], [ -62.380568546791622, 11.437048769272941 ], [ -62.144636939131857, 11.041114077630223 ] ] ] ] } },
{ "type": "Feature", "properties": { "geogrid_id": "5211042795064858370", "seqnum": 9415.0, "lat_c": 11.042795136945978, "lon_c": -64.858369785289284, "res": 8.0, "count_Insects": 1, "count_Basidiomycota": 0, "count_Birds": 2, "count_Molluscs": 2, "count_Flowering Plants": 1, "count_Amphibians": 0, "count_Reptiles": 1, "count_Mammals": 2, "count_Arachnids": 0, "count_Sac Fungi": 0, "count_Mosses": 0, "count_Ferns": 0, "count_Gymnosperms": 0, "unique_species_count": 9.0, "countryCode": "VE" }, "geometry": { "type": "MultiPolygon", "coordinates": [ [ [ [ -64.28354772801184, 10.991843409045421 ], [ -64.621257349720224, 10.650305052277741 ], [ -65.189380348933625, 10.691506490347839 ], [ -65.427484173175273, 11.084213676188638 ], [ -65.096236884841048, 11.435256116383217 ], [ -64.520582081225129, 11.384355794913477 ], [ -64.28354772801184, 10.991843409045421 ] ] ] ] } },
{ "type": "Feature", "properties": { "geogrid_id": "5211145874066552021", "seqnum": 9332.0, "lat_c": 11.145873971415275, "lon_c": -66.552021261922491, "res": 8.0, "count_Insects": 0, "count_Basidiomycota": 0, "count_Birds": 0, "count_Molluscs": 0, "count_Flowering Plants": 0, "count_Amphibians": 0, "count_Reptiles": 1, "count_Mammals": 2, "count_Arachnids": 0, "count_Sac Fungi": 0, "count_Mosses": 0, "count_Ferns": 0, "count_Gymnosperms": 0, "unique_species_count": 3.0, "countryCode": "VE" }, "geometry": { "type": "MultiPolygon", "coordinates": [ [ [ [ -65.991789526448287, 11.118078270961082 ], [ -66.311606721434941, 10.752407735909433 ], [ -66.867120419614523, 10.774839424093916 ], [ -67.108785492534707, 11.168731014484358 ], [ -66.793206096292266, 11.53920181303601 ], [ -66.231775851158645, 11.511033931916984 ], [ -65.991789526448287, 11.118078270961082 ] ] ] ] } },
{ "type": "Feature", "properties": { "geogrid_id": "5211202924068213842", "seqnum": 9249.0, "lat_c": 11.202923667756812, "lon_c": -68.213841829749228, "res": 8.0, "count_Insects": 51, "count_Basidiomycota": 1, "count_Birds": 125, "count_Molluscs": 6, "count_Flowering Plants": 23, "count_Amphibians": 4, "count_Reptiles": 12, "count_Mammals": 6, "count_Arachnids": 2, "count_Sac Fungi": 7, "count_Mosses": 0, "count_Ferns": 0, "count_Gymnosperms": 0, "unique_species_count": 237.0, "countryCode": "VE" }, "geometry": { "type": "MultiPolygon", "coordinates": [ [ [ [ -67.662585413161494, 11.187520891411108 ], [ -67.96959079382647, 10.808232799516212 ], [ -68.517348067360487, 10.820436950798285 ], [ -68.762909178977196, 11.215475892025896 ], [ -68.458869925452973, 11.597382508316013 ], [ -67.906307960372516, 11.58162171630172 ], [ -67.662585413161494, 11.187520891411108 ] ] ] ] } },
{ "type": "Feature", "properties": { "geogrid_id": "5211233656069855635", "seqnum": 9166.0, "lat_c": 11.233655535147589, "lon_c": -69.855635269103928, "res": 8.0, "count_Insects": 100, "count_Basidiomycota": 7, "count_Birds": 87, "count_Molluscs": 29, "count_Flowering Plants": 45, "count_Amphibians": 6, "count_Reptiles": 18, "count_Mammals": 3, "count_Arachnids": 2, "count_Sac Fungi": 2, "count_Mosses": 0, "count_Ferns": 0, "count_Gymnosperms": 0, "unique_species_count": 299.0, "countryCode": "VE" }, "geometry": { "type": "MultiPolygon", "coordinates": [ [ [ [ -69.310088086901857, 11.225605182976249 ], [ -69.607458108377571, 10.838050100971254 ], [ -70.150297115923578, 10.844084720396644 ], [ -70.399771382308145, 11.239906064677424 ], [ -70.104609818816044, 11.628965578911128 ], [ -69.557748477587594, 11.620672578196466 ], [ -69.310088086901857, 11.225605182976249 ] ] ] ] } },
{ "type": "Feature", "properties": { "geogrid_id": "5211233826063342080", "seqnum": 9498.0, "lat_c": 11.233826463326769, "lon_c": -63.342080305103195, "res": 8.0, "count_Insects": 0, "count_Basidiomycota": 0, "count_Birds": 9, "count_Molluscs": 5, "count_Flowering Plants": 6, "count_Amphibians": 0, "count_Reptiles": 7, "count_Mammals": 2, "count_Arachnids": 0, "count_Sac Fungi": 0, "count_Mosses": 0, "count_Ferns": 0, "count_Gymnosperms": 0, "unique_species_count": 29.0, "countryCode": "VE" }, "geometry": { "type": "MultiPolygon", "coordinates": [ [ [ [ -62.863355428623514, 11.339792742550433 ], [ -63.106136781831488, 10.840145521983798 ], [ -63.579789706534044, 10.72527188684095 ], [ -63.815837008989867, 11.118200363837982 ], [ -63.578708650168586, 11.627466126202716 ], [ -63.099928872291173, 11.734413654029447 ], [ -62.863355428623514, 11.339792742550433 ] ] ] ] } },
{ "type": "Feature", "properties": { "geogrid_id": "5211247881071484549", "seqnum": 9083.0, "lat_c": 11.247880609088719, "lon_c": -71.48454909588375, "res": 8.0, "count_Insects": 1, "count_Basidiomycota": 0, "count_Birds": 15, "count_Molluscs": 3, "count_Flowering Plants": 4, "count_Amphibians": 0, "count_Reptiles": 1, "count_Mammals": 2, "count_Arachnids": 0, "count_Sac Fungi": 0, "count_Mosses": 0, "count_Ferns": 0, "count_Gymnosperms": 0, "unique_species_count": 26.0, "countryCode": "VE" }, "geometry": { "type": "MultiPolygon", "coordinates": [ [ [ [ -70.942687290307006, 11.244585057190346 ], [ -71.232514855124833, 10.851758884613877 ], [ -71.77220752585751, 10.853739435404952 ], [ -72.025502206873412, 11.249948769755687 ], [ -71.737416484370968, 11.643664516595511 ], [ -71.194267422542339, 11.640252648339924 ], [ -70.942687290307006, 11.244585057190346 ] ] ] ] } },
{ "type": "Feature", "properties": { "geogrid_id": "5211476858065666352", "seqnum": 9333.0, "lat_c": 11.476857952097616, "lon_c": -65.666352253779706, "res": 8.0, "count_Insects": 0, "count_Basidiomycota": 0, "count_Birds": 0, "count_Molluscs": 0, "count_Flowering Plants": 0, "count_Amphibians": 0, "count_Reptiles": 2, "count_Mammals": 0, "count_Arachnids": 0, "count_Sac Fungi": 0, "count_Mosses": 0, "count_Ferns": 0, "count_Gymnosperms": 0, "unique_species_count": 2.0, "countryCode": "VE" }, "geometry": { "type": "MultiPolygon", "coordinates": [ [ [ [ -65.096236884841048, 11.435256116383217 ], [ -65.427484173175273, 11.084213676188638 ], [ -65.991789526448287, 11.118078270961082 ], [ -66.231775851158645, 11.511033931916984 ], [ -65.906016530777833, 11.869441258087075 ], [ -65.334888860805208, 11.827687959802208 ], [ -65.096236884841048, 11.435256116383217 ] ] ] ] } },
{ "type": "Feature", "properties": { "geogrid_id": "5211511115064052599", "seqnum": 9416.0, "lat_c": 11.511114504191157, "lon_c": -64.052598751583744, "res": 8.0, "count_Insects": 2, "count_Basidiomycota": 0, "count_Birds": 56, "count_Molluscs": 27, "count_Flowering Plants": 20, "count_Amphibians": 1, "count_Reptiles": 5, "count_Mammals": 6, "count_Arachnids": 2, "count_Sac Fungi": 0, "count_Mosses": 0, "count_Ferns": 0, "count_Gymnosperms": 0, "unique_species_count": 119.0, "countryCode": "VE" }, "geometry": { "type": "MultiPolygon", "coordinates": [ [ [ [ -63.578708650168586, 11.627466126202716 ], [ -63.815837008989867, 11.118200363837982 ], [ -64.28354772801184, 10.991843409045421 ], [ -64.520582081225129, 11.384355794913477 ], [ -64.290104901667959, 11.904014658784265 ], [ -63.816053115621429, 12.021068138728303 ], [ -63.578708650168586, 11.627466126202716 ] ] ] ] } },
{ "type": "Feature", "properties": { "geogrid_id": "5211526437061894481", "seqnum": 9581.0, "lat_c": 11.526436870981547, "lon_c": -61.894481237930563, "res": 8.0, "count_Insects": 0, "count_Basidiomycota": 0, "count_Birds": 0, "count_Molluscs": 0, "count_Flowering Plants": 0, "count_Amphibians": 0, "count_Reptiles": 0, "count_Mammals": 1, "count_Arachnids": 0, "count_Sac Fungi": 0, "count_Mosses": 0, "count_Ferns": 0, "count_Gymnosperms": 0, "unique_species_count": 1.0, "countryCode": "VE" }, "geometry": { "type": "MultiPolygon", "coordinates": [ [ [ [ -61.405733315261514, 11.608704842442613 ], [ -61.658543975865804, 11.129113709498297 ], [ -62.144636939131857, 11.041114077630223 ], [ -62.380568546791622, 11.437048769272941 ], [ -62.131009029701907, 11.923570867569067 ], [ -61.642211559516952, 12.007285061974795 ], [ -61.405733315261514, 11.608704842442613 ] ] ] ] } },
{ "type": "Feature", "properties": { "geogrid_id": "5211562449067351222", "seqnum": 9250.0, "lat_c": 11.562449415896111, "lon_c": -67.351222236826828, "res": 8.0, "count_Insects": 0, "count_Basidiomycota": 0, "count_Birds": 0, "count_Molluscs": 0, "count_Flowering Plants": 0, "count_Amphibians": 0, "count_Reptiles": 2, "count_Mammals": 0, "count_Arachnids": 0, "count_Sac Fungi": 0, "count_Mosses": 0, "count_Ferns": 0, "count_Gymnosperms": 0, "unique_species_count": 2.0, "countryCode": "VE" }, "geometry": { "type": "MultiPolygon", "coordinates": [ [ [ [ -66.793206096292266, 11.53920181303601 ], [ -67.108785492534707, 11.168731014484358 ], [ -67.662585413161494, 11.187520891411108 ], [ -67.906307960372516, 11.58162171630172 ], [ -67.594468553240503, 11.956001358785139 ], [ -67.035197231396353, 11.932396816857596 ], [ -66.793206096292266, 11.53920181303601 ] ] ] ] } },
{ "type": "Feature", "properties": { "geogrid_id": "5211610259069009252", "seqnum": 9167.0, "lat_c": 11.610258701663808, "lon_c": -69.009252340079598, "res": 8.0, "count_Insects": 1, "count_Basidiomycota": 0, "count_Birds": 38, "count_Molluscs": 0, "count_Flowering Plants": 1, "count_Amphibians": 0, "count_Reptiles": 2, "count_Mammals": 0, "count_Arachnids": 0, "count_Sac Fungi": 0, "count_Mosses": 0, "count_Ferns": 0, "count_Gymnosperms": 0, "unique_species_count": 42.0, "countryCode": "VE" }, "geometry": { "type": "MultiPolygon", "coordinates": [ [ [ [ -68.458869925452973, 11.597382508316013 ], [ -68.762909178977196, 11.215475892025896 ], [ -69.310088086901857, 11.225605182976249 ], [ -69.557748477587594, 11.620672578196466 ], [ -69.256419818656767, 12.004793291005356 ], [ -68.704716119811465, 11.991617159964386 ], [ -68.458869925452973, 11.597382508316013 ] ] ] ] } },
{ "type": "Feature", "properties": { "geogrid_id": "5211635416070650053", "seqnum": 9084.0, "lat_c": 11.635416053072646, "lon_c": -70.650053350065917, "res": 8.0, "count_Insects": 3, "count_Basidiomycota": 0, "count_Birds": 44, "count_Molluscs": 60, "count_Flowering Plants": 11, "count_Amphibians": 1, "count_Reptiles": 7, "count_Mammals": 0, "count_Arachnids": 1, "count_Sac Fungi": 0, "count_Mosses": 0, "count_Ferns": 0, "count_Gymnosperms": 0, "unique_species_count": 127.0, "countryCode": "VE" }, "geometry": { "type": "MultiPolygon", "coordinates": [ [ [ [ -70.104609818816044, 11.628965578911128 ], [ -70.399771382308145, 11.239906064677424 ], [ -70.942687290307006, 11.244585057190346 ], [ -71.194267422542339, 11.640252648339924 ], [ -70.901187821091412, 12.030621679124383 ], [ -70.354425883735971, 12.023987667171678 ], [ -70.104609818816044, 11.628965578911128 ] ] ] ] } },
{ "type": "Feature", "properties": { "geogrid_id": "5211645809072279645", "seqnum": 9001.0, "lat_c": 11.645809167722744, "lon_c": -72.279644924351174, "res": 8.0, "count_Insects": 1, "count_Basidiomycota": 0, "count_Birds": 1, "count_Molluscs": 0, "count_Flowering Plants": 2, "count_Amphibians": 0, "count_Reptiles": 1, "count_Mammals": 0, "count_Arachnids": 0, "count_Sac Fungi": 0, "count_Mosses": 0, "count_Ferns": 0, "count_Gymnosperms": 0, "unique_species_count": 5.0, "countryCode": "VE" }, "geometry": { "type": "MultiPolygon", "coordinates": [ [ [ [ -71.737416484370968, 11.643664516595511 ], [ -72.025502206873412, 11.249948769755687 ], [ -72.565674641715546, 11.250919830367891 ], [ -72.821080212020391, 11.646818567926317 ], [ -72.534681761125626, 12.041325920060602 ], [ -71.991162780888899, 12.039116502946918 ], [ -71.737416484370968, 11.643664516595511 ] ] ] ] } },
{ "type": "Feature", "properties": { "geogrid_id": "5211776858064758381", "seqnum": 9334.0, "lat_c": 11.776858317511795, "lon_c": -64.758380596794368, "res": 8.0, "count_Insects": 0, "count_Basidiomycota": 0, "count_Birds": 2, "count_Molluscs": 2, "count_Flowering Plants": 0, "count_Amphibians": 0, "count_Reptiles": 3, "count_Mammals": 1, "count_Arachnids": 0, "count_Sac Fungi": 0, "count_Mosses": 0, "count_Ferns": 0, "count_Gymnosperms": 0, "unique_species_count": 8.0, "countryCode": "VE" }, "geometry": { "type": "MultiPolygon", "coordinates": [ [ [ [ -64.290104901667959, 11.904014658784265 ], [ -64.520582081225129, 11.384355794913477 ], [ -65.096236884841048, 11.435256116383217 ], [ -65.334888860805208, 11.827687959802208 ], [ -64.996972943412487, 12.169349882924568 ], [ -64.528385684781696, 12.296900939303145 ], [ -64.290104901667959, 11.904014658784265 ] ] ] ] } },
{ "type": "Feature", "properties": { "geogrid_id": "5211903893066472565", "seqnum": 9251.0, "lat_c": 11.903892613734349, "lon_c": -66.472564595782401, "res": 8.0, "count_Insects": 0, "count_Basidiomycota": 0, "count_Birds": 12, "count_Molluscs": 19, "count_Flowering Plants": 5, "count_Amphibians": 0, "count_Reptiles": 6, "count_Mammals": 3, "count_Arachnids": 0, "count_Sac Fungi": 0, "count_Mosses": 0, "count_Ferns": 0, "count_Gymnosperms": 0, "unique_species_count": 45.0, "countryCode": "VE" }, "geometry": { "type": "MultiPolygon", "coordinates": [ [ [ [ -65.906016530777833, 11.869441258087075 ], [ -66.231775851158645, 11.511033931916984 ], [ -66.793206096292266, 11.53920181303601 ], [ -67.035197231396353, 11.932396816857596 ], [ -66.714189640773427, 12.296657615420648 ], [ -66.146509038913592, 12.26196509872671 ], [ -65.906016530777833, 11.869441258087075 ] ] ] ] } },
{ "type": "Feature", "properties": { "geogrid_id": "5211975526068150844", "seqnum": 9168.0, "lat_c": 11.975525563131782, "lon_c": -68.150843804278949, "res": 8.0, "count_Insects": 0, "count_Basidiomycota": 0, "count_Birds": 0, "count_Molluscs": 3, "count_Flowering Plants": 0, "count_Amphibians": 0, "count_Reptiles": 2, "count_Mammals": 0, "count_Arachnids": 0, "count_Sac Fungi": 0, "count_Mosses": 0, "count_Ferns": 0, "count_Gymnosperms": 0, "unique_species_count": 5.0, "countryCode": "VE" }, "geometry": { "type": "MultiPolygon", "coordinates": [ [ [ [ -67.594468553240503, 11.956001358785139 ], [ -67.906307960372516, 11.58162171630172 ], [ -68.458869925452973, 11.597382508316013 ], [ -68.704716119811465, 11.991617159964386 ], [ -68.396232033538865, 12.369239059468342 ], [ -67.838561949877871, 12.3493927499355 ], [ -67.594468553240503, 11.956001358785139 ] ] ] ] } },
{ "type": "Feature", "properties": { "geogrid_id": "5212015471069806241", "seqnum": 9085.0, "lat_c": 12.015470613527036, "lon_c": -69.806240977797842, "res": 8.0, "count_Insects": 10, "count_Basidiomycota": 0, "count_Birds": 46, "count_Molluscs": 6, "count_Flowering Plants": 9, "count_Amphibians": 3, "count_Reptiles": 9, "count_Mammals": 1, "count_Arachnids": 1, "count_Sac Fungi": 0, "count_Mosses": 0, "count_Ferns": 0, "count_Gymnosperms": 0, "unique_species_count": 85.0, "countryCode": "VE" }, "geometry": { "type": "MultiPolygon", "coordinates": [ [ [ [ -69.256419818656767, 12.004793291005356 ], [ -69.557748477587594, 11.620672578196466 ], [ -70.104609818816044, 11.628965578911128 ], [ -70.354425883735971, 12.023987667171678 ], [ -70.055608237149656, 12.410006310566956 ], [ -69.504453267362024, 12.399086783864821 ], [ -69.256419818656767, 12.004793291005356 ] ] ] ] } },
{ "type": "Feature", "properties": { "geogrid_id": "5212035601071446713", "seqnum": 9002.0, "lat_c": 12.035601323305031, "lon_c": -71.446712554717124, "res": 8.0, "count_Insects": 0, "count_Basidiomycota": 0, "count_Birds": 9, "count_Molluscs": 1, "count_Flowering Plants": 3, "count_Amphibians": 0, "count_Reptiles": 1, "count_Mammals": 0, "count_Arachnids": 0, "count_Sac Fungi": 0, "count_Mosses": 0, "count_Ferns": 0, "count_Gymnosperms": 0, "unique_species_count": 14.0, "countryCode": "VE" }, "geometry": { "type": "MultiPolygon", "coordinates": [ [ [ [ -70.901187821091412, 12.030621679124383 ], [ -71.194267422542339, 11.640252648339924 ], [ -71.737416484370968, 11.643664516595511 ], [ -71.991162780888899, 12.039116502946918 ], [ -71.700067402165828, 12.430636996802765 ], [ -71.153218956449692, 12.425529320676258 ], [ -70.901187821091412, 12.030621679124383 ] ] ] ] } },
{ "type": "Feature", "properties": { "geogrid_id": "5212128960063337187", "seqnum": 9417.0, "lat_c": 12.128959817361196, "lon_c": -63.337186873075389, "res": 8.0, "count_Insects": 0, "count_Basidiomycota": 0, "count_Birds": 0, "count_Molluscs": 0, "count_Flowering Plants": 0, "count_Amphibians": 0, "count_Reptiles": 0, "count_Mammals": 1, "count_Arachnids": 0, "count_Sac Fungi": 0, "count_Mosses": 0, "count_Ferns": 0, "count_Gymnosperms": 0, "unique_species_count": 1.0, "countryCode": "VE" }, "geometry": { "type": "MultiPolygon", "coordinates": [ [ [ [ -62.854324333789521, 12.228530858726021 ], [ -63.099928872291173, 11.734413654029447 ], [ -63.578708650168586, 11.627466126202716 ], [ -63.816053115621429, 12.021068138728303 ], [ -63.575162063225505, 12.523438121062174 ], [ -63.092215671513301, 12.624102325937022 ], [ -62.854324333789521, 12.228530858726021 ] ] ] ] } },
{ "type": "Feature", "properties": { "geogrid_id": "5212220090065574356", "seqnum": 9252.0, "lat_c": 12.220090424368832, "lon_c": -65.574356187935621, "res": 8.0, "count_Insects": 0, "count_Basidiomycota": 0, "count_Birds": 2, "count_Molluscs": 0, "count_Flowering Plants": 0, "count_Amphibians": 0, "count_Reptiles": 2, "count_Mammals": 1, "count_Arachnids": 0, "count_Sac Fungi": 0, "count_Mosses": 0, "count_Ferns": 0, "count_Gymnosperms": 0, "unique_species_count": 5.0, "countryCode": "VE" }, "geometry": { "type": "MultiPolygon", "coordinates": [ [ [ [ -64.996972943412487, 12.169349882924568 ], [ -65.334888860805208, 11.827687959802208 ], [ -65.906016530777833, 11.869441258087075 ], [ -66.146509038913592, 12.26196509872671 ], [ -65.814669630465389, 12.612463070201555 ], [ -65.2363891442712, 12.561829314909419 ], [ -64.996972943412487, 12.169349882924568 ] ] ] ] } },
{ "type": "Feature", "properties": { "geogrid_id": "5212325464067278030", "seqnum": 9169.0, "lat_c": 12.325463782677099, "lon_c": -67.278030417863292, "res": 8.0, "count_Insects": 0, "count_Basidiomycota": 0, "count_Birds": 2, "count_Molluscs": 1, "count_Flowering Plants": 0, "count_Amphibians": 0, "count_Reptiles": 3, "count_Mammals": 0, "count_Arachnids": 0, "count_Sac Fungi": 0, "count_Mosses": 0, "count_Ferns": 0, "count_Gymnosperms": 0, "unique_species_count": 6.0, "countryCode": "VE" }, "geometry": { "type": "MultiPolygon", "coordinates": [ [ [ [ -66.714189640773427, 12.296657615420648 ], [ -67.035197231396353, 11.932396816857596 ], [ -67.594468553240503, 11.956001358785139 ], [ -67.838561949877871, 12.3493927499355 ], [ -67.521741244873269, 12.718406825636414 ], [ -66.956684852451517, 12.689331671065169 ], [ -66.714189640773427, 12.296657615420648 ] ] ] ] } },
{ "type": "Feature", "properties": { "geogrid_id": "5212414636064054145", "seqnum": 9335.0, "lat_c": 12.414635510235236, "lon_c": -64.05414510994305, "res": 8.0, "count_Insects": 0, "count_Basidiomycota": 0, "count_Birds": 0, "count_Molluscs": 0, "count_Flowering Plants": 0, "count_Amphibians": 0, "count_Reptiles": 0, "count_Mammals": 1, "count_Arachnids": 0, "count_Sac Fungi": 0, "count_Mosses": 0, "count_Ferns": 0, "count_Gymnosperms": 0, "unique_species_count": 1.0, "countryCode": "VE" }, "geometry": { "type": "MultiPolygon", "coordinates": [ [ [ [ -63.575162063225505, 12.523438121062174 ], [ -63.816053115621429, 12.021068138728303 ], [ -64.290104901667959, 11.904014658784265 ], [ -64.528385684781696, 12.296900939303145 ], [ -64.293016197038042, 12.808170707321548 ], [ -63.813887120710888, 12.917854497746717 ], [ -63.575162063225505, 12.523438121062174 ] ] ] ] } },
{ "type": "Feature", "properties": { "geogrid_id": "5212418729070605127", "seqnum": 9003.0, "lat_c": 12.418728558358076, "lon_c": -70.605126942940132, "res": 8.0, "count_Insects": 0, "count_Basidiomycota": 0, "count_Birds": 1, "count_Molluscs": 8, "count_Flowering Plants": 0, "count_Amphibians": 0, "count_Reptiles": 1, "count_Mammals": 0, "count_Arachnids": 0, "count_Sac Fungi": 0, "count_Mosses": 0, "count_Ferns": 0, "count_Gymnosperms": 0, "unique_species_count": 10.0, "countryCode": "VE" }, "geometry": { "type": "MultiPolygon", "coordinates": [ [ [ [ -70.055608237149656, 12.410006310566956 ], [ -70.354425883735971, 12.023987667171678 ], [ -70.901187821091412, 12.030621679124383 ], [ -71.153218956449692, 12.425529320676258 ], [ -70.856755947847631, 12.813194363943014 ], [ -70.305892387590646, 12.80428599462339 ], [ -70.055608237149656, 12.410006310566956 ] ] ] ] } },
{ "type": "Feature", "properties": { "geogrid_id": "5212654431066387862", "seqnum": 9170.0, "lat_c": 12.654430586070708, "lon_c": -66.387861958931879, "res": 8.0, "count_Insects": 0, "count_Basidiomycota": 0, "count_Birds": 1, "count_Molluscs": 0, "count_Flowering Plants": 0, "count_Amphibians": 0, "count_Reptiles": 1, "count_Mammals": 0, "count_Arachnids": 0, "count_Sac Fungi": 0, "count_Mosses": 0, "count_Ferns": 0, "count_Gymnosperms": 0, "unique_species_count": 2.0, "countryCode": "VE" }, "geometry": { "type": "MultiPolygon", "coordinates": [ [ [ [ -65.814669630465389, 12.612463070201555 ], [ -66.146509038913592, 12.26196509872671 ], [ -66.714189640773427, 12.296657615420648 ], [ -66.956684852451517, 12.689331671065169 ], [ -66.630107663123269, 13.046838475170926 ], [ -66.055860267374044, 13.0048052721069 ], [ -65.814669630465389, 12.612463070201555 ] ] ] ] } },
{ "type": "Feature", "properties": { "geogrid_id": "5212742629068083540", "seqnum": 9087.0, "lat_c": 12.74262874457207, "lon_c": -68.083539650907497, "res": 8.0, "count_Insects": 0, "count_Basidiomycota": 0, "count_Birds": 0, "count_Molluscs": 0, "count_Flowering Plants": 0, "count_Amphibians": 0, "count_Reptiles": 3, "count_Mammals": 0, "count_Arachnids": 0, "count_Sac Fungi": 0, "count_Mosses": 0, "count_Ferns": 0, "count_Gymnosperms": 0, "unique_species_count": 3.0, "countryCode": "VE" }, "geometry": { "type": "MultiPolygon", "coordinates": [ [ [ [ -67.521741244873269, 12.718406825636414 ], [ -67.838561949877871, 12.3493927499355 ], [ -68.396232033538865, 12.369239059468342 ], [ -68.642511358196231, 12.762768057510327 ], [ -68.329438692160949, 13.13571380915603 ], [ -67.766365223258433, 13.111229437720427 ], [ -67.521741244873269, 12.718406825636414 ] ] ] ] } },
{ "type": "Feature", "properties": { "geogrid_id": "5212820145071406190", "seqnum": 8921.0, "lat_c": 12.820144760745769, "lon_c": -71.406190391971748, "res": 8.0, "count_Insects": 0, "count_Basidiomycota": 0, "count_Birds": 2, "count_Molluscs": 0, "count_Flowering Plants": 0, "count_Amphibians": 0, "count_Reptiles": 1, "count_Mammals": 0, "count_Arachnids": 0, "count_Sac Fungi": 0, "count_Mosses": 0, "count_Ferns": 0, "count_Gymnosperms": 0, "unique_species_count": 3.0, "countryCode": "VE" }, "geometry": { "type": "MultiPolygon", "coordinates": [ [ [ [ -70.856755947847631, 12.813194363943014 ], [ -71.153218956449692, 12.425529320676258 ], [ -71.700067402165828, 12.430636996802765 ], [ -71.954376167002138, 12.825365040716733 ], [ -71.660145342947899, 13.214473207713986 ], [ -71.109355429916334, 13.207390576235687 ], [ -70.856755947847631, 12.813194363943014 ] ] ] ] } },
{ "type": "Feature", "properties": { "geogrid_id": "5212954295065476660", "seqnum": 9171.0, "lat_c": 12.95429535116536, "lon_c": -65.476659591806907, "res": 8.0, "count_Insects": 0, "count_Basidiomycota": 0, "count_Birds": 2, "count_Molluscs": 0, "count_Flowering Plants": 0, "count_Amphibians": 0, "count_Reptiles": 1, "count_Mammals": 0, "count_Arachnids": 0, "count_Sac Fungi": 0, "count_Mosses": 0, "count_Ferns": 0, "count_Gymnosperms": 0, "unique_species_count": 3.0, "countryCode": "VE" }, "geometry": { "type": "MultiPolygon", "coordinates": [ [ [ [ -65.007393500072396, 13.082631250633055 ], [ -65.2363891442712, 12.561829314909419 ], [ -65.814669630465389, 12.612463070201555 ], [ -66.055860267374044, 13.0048052721069 ], [ -65.717815062755136, 13.346746639493345 ], [ -65.248182503916055, 13.475474476796617 ], [ -65.007393500072396, 13.082631250633055 ] ] ] ] } },
{ "type": "Feature", "properties": { "geogrid_id": "5213081917067200084", "seqnum": 9088.0, "lat_c": 13.081917002748941, "lon_c": -67.200084149082869, "res": 8.0, "count_Insects": 0, "count_Basidiomycota": 0, "count_Birds": 2, "count_Molluscs": 0, "count_Flowering Plants": 0, "count_Amphibians": 0, "count_Reptiles": 1, "count_Mammals": 0, "count_Arachnids": 0, "count_Sac Fungi": 0, "count_Mosses": 0, "count_Ferns": 0, "count_Gymnosperms": 0, "unique_species_count": 3.0, "countryCode": "VE" }, "geometry": { "type": "MultiPolygon", "coordinates": [ [ [ [ -66.630107663123269, 13.046838475170926 ], [ -66.956684852451517, 12.689331671065169 ], [ -67.521741244873269, 12.718406825636414 ], [ -67.766365223258433, 13.111229437720427 ], [ -67.444421559457354, 13.474415365307099 ], [ -66.873278756267766, 13.439189193466408 ], [ -66.630107663123269, 13.046838475170926 ] ] ] ] } },
{ "type": "Feature", "properties": { "geogrid_id": "5213198315070557135", "seqnum": 8922.0, "lat_c": 13.198315330710326, "lon_c": -70.557135153046914, "res": 8.0, "count_Insects": 0, "count_Basidiomycota": 0, "count_Birds": 0, "count_Molluscs": 0, "count_Flowering Plants": 0, "count_Amphibians": 0, "count_Reptiles": 3, "count_Mammals": 0, "count_Arachnids": 0, "count_Sac Fungi": 0, "count_Mosses": 0, "count_Ferns": 0, "count_Gymnosperms": 0, "unique_species_count": 3.0, "countryCode": "VE" }, "geometry": { "type": "MultiPolygon", "coordinates": [ [ [ [ -70.003282335982689, 13.186975327195448 ], [ -70.305892387590646, 12.80428599462339 ], [ -70.856755947847631, 12.813194363943014 ], [ -71.109355429916334, 13.207390576235687 ], [ -70.809377948235493, 13.592099356611323 ], [ -70.254159230276187, 13.580581106220404 ], [ -70.003282335982689, 13.186975327195448 ] ] ] ] } },
{ "type": "Feature", "properties": { "geogrid_id": "5213397116066297960", "seqnum": 9089.0, "lat_c": 13.397116228650329, "lon_c": -66.297959516208678, "res": 8.0, "count_Insects": 0, "count_Basidiomycota": 0, "count_Birds": 2, "count_Molluscs": 0, "count_Flowering Plants": 0, "count_Amphibians": 0, "count_Reptiles": 1, "count_Mammals": 0, "count_Arachnids": 0, "count_Sac Fungi": 0, "count_Mosses": 0, "count_Ferns": 0, "count_Gymnosperms": 0, "unique_species_count": 3.0, "countryCode": "VE" }, "geometry": { "type": "MultiPolygon", "coordinates": [ [ [ [ -65.717815062755136, 13.346746639493345 ], [ -66.055860267374044, 13.0048052721069 ], [ -66.630107663123269, 13.046838475170926 ], [ -66.873278756267766, 13.439189193466408 ], [ -66.540999155807029, 13.789394969033143 ], [ -65.959886733526844, 13.739181733844241 ], [ -65.717815062755136, 13.346746639493345 ] ] ] ] } },
{ "type": "Feature", "properties": { "geogrid_id": "5213503935068011938", "seqnum": 9006.0, "lat_c": 13.50393454060767, "lon_c": -68.011937858976992, "res": 8.0, "count_Insects": 0, "count_Basidiomycota": 0, "count_Birds": 0, "count_Molluscs": 0, "count_Flowering Plants": 0, "count_Amphibians": 0, "count_Reptiles": 1, "count_Mammals": 0, "count_Arachnids": 0, "count_Sac Fungi": 0, "count_Mosses": 0, "count_Ferns": 0, "count_Gymnosperms": 0, "unique_species_count": 1.0, "countryCode": "VE" }, "geometry": { "type": "MultiPolygon", "coordinates": [ [ [ [ -67.444421559457354, 13.474415365307099 ], [ -67.766365223258433, 13.111229437720427 ], [ -68.329438692160949, 13.13571380915603 ], [ -68.576296005803869, 13.528651776089287 ], [ -68.258494718624462, 13.896524531116572 ], [ -67.6897312753336, 13.866828084221892 ], [ -67.444421559457354, 13.474415365307099 ] ] ] ] } },
{ "type": "Feature", "properties": { "geogrid_id": "5213595152064773223", "seqnum": 9172.0, "lat_c": 13.595152094313525, "lon_c": -64.773222924545166, "res": 8.0, "count_Insects": 0, "count_Basidiomycota": 0, "count_Birds": 2, "count_Molluscs": 1, "count_Flowering Plants": 0, "count_Amphibians": 0, "count_Reptiles": 1, "count_Mammals": 0, "count_Arachnids": 0, "count_Sac Fungi": 0, "count_Mosses": 2, "count_Ferns": 0, "count_Gymnosperms": 0, "unique_species_count": 6.0, "countryCode": "VE" }, "geometry": { "type": "MultiPolygon", "coordinates": [ [ [ [ -64.293718081310089, 13.70652110502162 ], [ -64.532698137224244, 13.201675716251405 ], [ -65.007393500072396, 13.082631250633055 ], [ -65.248182503916055, 13.475474476796617 ], [ -65.014622821107039, 13.988601012187237 ], [ -64.534890008459826, 14.100779382805388 ], [ -64.293718081310089, 13.70652110502162 ] ] ] ] } },
{ "type": "Feature", "properties": { "geogrid_id": "5213601322071362968", "seqnum": 8840.0, "lat_c": 13.601322094344317, "lon_c": -71.362967598151243, "res": 8.0, "count_Insects": 0, "count_Basidiomycota": 0, "count_Birds": 0, "count_Molluscs": 0, "count_Flowering Plants": 0, "count_Amphibians": 0, "count_Reptiles": 3, "count_Mammals": 0, "count_Arachnids": 0, "count_Sac Fungi": 0, "count_Mosses": 0, "count_Ferns": 0, "count_Gymnosperms": 0, "unique_species_count": 3.0, "countryCode": "VE" }, "geometry": { "type": "MultiPolygon", "coordinates": [ [ [ [ -70.809377948235493, 13.592099356611323 ], [ -71.109355429916334, 13.207390576235687 ], [ -71.660145342947899, 13.214473207713986 ], [ -71.915126699350239, 13.60851931460911 ], [ -71.617634427795352, 13.994993248267734 ], [ -71.062661968152952, 13.985642513115456 ], [ -70.809377948235493, 13.592099356611323 ] ] ] ] } },
{ "type": "Feature", "properties": { "geogrid_id": "5213831483067117408", "seqnum": 9007.0, "lat_c": 13.831482865083784, "lon_c": -67.117408112884661, "res": 8.0, "count_Insects": 0, "count_Basidiomycota": 0, "count_Birds": 0, "count_Molluscs": 0, "count_Flowering Plants": 0, "count_Amphibians": 0, "count_Reptiles": 1, "count_Mammals": 0, "count_Arachnids": 0, "count_Sac Fungi": 0, "count_Mosses": 0, "count_Ferns": 0, "count_Gymnosperms": 0, "unique_species_count": 1.0, "countryCode": "VE" }, "geometry": { "type": "MultiPolygon", "coordinates": [ [ [ [ -66.540999155807029, 13.789394969033143 ], [ -66.873278756267766, 13.439189193466408 ], [ -67.444421559457354, 13.474415365307099 ], [ -67.6897312753336, 13.866828084221892 ], [ -67.362528911515255, 14.223719330882641 ], [ -66.785011348200399, 14.181640358147062 ], [ -66.540999155807029, 13.789394969033143 ] ] ] ] } },
{ "type": "Feature", "properties": { "geogrid_id": "5213868302065489870", "seqnum": 9090.0, "lat_c": 13.868302242718297, "lon_c": -65.48987012985674, "res": 8.0, "count_Insects": 0, "count_Basidiomycota": 0, "count_Birds": 1, "count_Molluscs": 0, "count_Flowering Plants": 0, "count_Amphibians": 0, "count_Reptiles": 1, "count_Mammals": 0, "count_Arachnids": 0, "count_Sac Fungi": 0, "count_Mosses": 0, "count_Ferns": 0, "count_Gymnosperms": 0, "unique_species_count": 2.0, "countryCode": "VE" }, "geometry": { "type": "MultiPolygon", "coordinates": [ [ [ [ -65.014622821107039, 13.988601012187237 ], [ -65.248182503916055, 13.475474476796617 ], [ -65.717815062755136, 13.346746639493345 ], [ -65.959886733526844, 13.739181733844241 ], [ -65.732488261805742, 14.261113702637616 ], [ -65.25693038901241, 14.38202328893588 ], [ -65.014622821107039, 13.988601012187237 ] ] ] ] } },
{ "type": "Feature", "properties": { "geogrid_id": "5213973967070506065", "seqnum": 8841.0, "lat_c": 13.973967322438453, "lon_c": -70.506064831199637, "res": 8.0, "count_Insects": 0, "count_Basidiomycota": 0, "count_Birds": 0, "count_Molluscs": 0, "count_Flowering Plants": 0, "count_Amphibians": 0, "count_Reptiles": 1, "count_Mammals": 0, "count_Arachnids": 0, "count_Sac Fungi": 0, "count_Mosses": 0, "count_Ferns": 0, "count_Gymnosperms": 0, "unique_species_count": 1.0, "countryCode": "VE" }, "geometry": { "type": "MultiPolygon", "coordinates": [ [ [ [ -69.94762157374781, 13.959647220032597 ], [ -70.254159230276187, 13.580581106220404 ], [ -70.809377948235493, 13.592099356611323 ], [ -71.062661968152952, 13.985642513115456 ], [ -70.759039326747924, 14.36713781088512 ], [ -70.199214147947629, 14.352658858322405 ], [ -69.94762157374781, 13.959647220032597 ] ] ] ] } },
{ "type": "Feature", "properties": { "geogrid_id": "5214131599066202906", "seqnum": 9008.0, "lat_c": 14.131599090248777, "lon_c": -66.202906195920306, "res": 8.0, "count_Insects": 0, "count_Basidiomycota": 0, "count_Birds": 1, "count_Molluscs": 0, "count_Flowering Plants": 0, "count_Amphibians": 0, "count_Reptiles": 1, "count_Mammals": 0, "count_Arachnids": 0, "count_Sac Fungi": 0, "count_Mosses": 0, "count_Ferns": 0, "count_Gymnosperms": 0, "unique_species_count": 2.0, "countryCode": "VE" }, "geometry": { "type": "MultiPolygon", "coordinates": [ [ [ [ -65.732488261805742, 14.261113702637616 ], [ -65.959886733526844, 13.739181733844241 ], [ -66.540999155807029, 13.789394969033143 ], [ -66.785011348200399, 14.181640358147062 ], [ -66.446905473182369, 14.523997062623899 ], [ -65.976069181423739, 14.653907845822737 ], [ -65.732488261805742, 14.261113702637616 ] ] ] ] } },
{ "type": "Feature", "properties": { "geogrid_id": "5214259156067936048", "seqnum": 8925.0, "lat_c": 14.259156087696578, "lon_c": -67.936047698860705, "res": 8.0, "count_Insects": 0, "count_Basidiomycota": 0, "count_Birds": 3, "count_Molluscs": 0, "count_Flowering Plants": 0, "count_Amphibians": 0, "count_Reptiles": 1, "count_Mammals": 0, "count_Arachnids": 0, "count_Sac Fungi": 0, "count_Mosses": 0, "count_Ferns": 0, "count_Gymnosperms": 0, "unique_species_count": 4.0, "countryCode": "VE" }, "geometry": { "type": "MultiPolygon", "coordinates": [ [ [ [ -67.362528911515255, 14.223719330882641 ], [ -67.6897312753336, 13.866828084221892 ], [ -68.258494718624462, 13.896524531116572 ], [ -68.506071488340069, 14.289001320288788 ], [ -68.183405485878168, 14.651399933776467 ], [ -67.608674666623926, 14.615898164921724 ], [ -67.362528911515255, 14.223719330882641 ] ] ] ] } },
{ "type": "Feature", "properties": { "geogrid_id": "5214378949071317028", "seqnum": 8759.0, "lat_c": 14.378948671556456, "lon_c": -71.317028269526446, "res": 8.0, "count_Insects": 0, "count_Basidiomycota": 0, "count_Birds": 0, "count_Molluscs": 0, "count_Flowering Plants": 0, "count_Amphibians": 0, "count_Reptiles": 1, "count_Mammals": 0, "count_Arachnids": 0, "count_Sac Fungi": 0, "count_Mosses": 0, "count_Ferns": 0, "count_Gymnosperms": 0, "unique_species_count": 1.0, "countryCode": "VE" }, "geometry": { "type": "MultiPolygon", "coordinates": [ [ [ [ -70.759039326747924, 14.36713781088512 ], [ -71.062661968152952, 13.985642513115456 ], [ -71.617634427795352, 13.994993248267734 ], [ -71.873397741377403, 14.388407821116028 ], [ -71.572517845326374, 14.772021158796246 ], [ -71.013122865047066, 14.760095851178422 ], [ -70.759039326747924, 14.36713781088512 ] ] ] ] } },
{ "type": "Feature", "properties": { "geogrid_id": "5214480195062582897", "seqnum": 9256.0, "lat_c": 14.480195259206756, "lon_c": -62.582897374213097, "res": 8.0, "count_Insects": 0, "count_Basidiomycota": 0, "count_Birds": 2, "count_Molluscs": 0, "count_Flowering Plants": 0, "count_Amphibians": 0, "count_Reptiles": 0, "count_Mammals": 0, "count_Arachnids": 0, "count_Sac Fungi": 0, "count_Mosses": 0, "count_Ferns": 0, "count_Gymnosperms": 0, "unique_species_count": 2.0, "countryCode": "VE" }, "geometry": { "type": "MultiPolygon", "coordinates": [ [ [ [ -62.088954639162104, 14.560248568237176 ], [ -62.342532412415217, 14.081440387188108 ], [ -62.834277231615808, 13.997186600447213 ], [ -63.074864044651477, 14.394679714818718 ], [ -62.824044825976976, 14.878784220780899 ], [ -62.32982709841427, 14.960123581236211 ], [ -62.088954639162104, 14.560248568237176 ] ] ] ] } },
{ "type": "Feature", "properties": { "geogrid_id": "5214573851067030029", "seqnum": 8926.0, "lat_c": 14.573851100101743, "lon_c": -67.030028659919353, "res": 8.0, "count_Insects": 0, "count_Basidiomycota": 0, "count_Birds": 0, "count_Molluscs": 0, "count_Flowering Plants": 0, "count_Amphibians": 0, "count_Reptiles": 1, "count_Mammals": 0, "count_Arachnids": 0, "count_Sac Fungi": 0, "count_Mosses": 0, "count_Ferns": 0, "count_Gymnosperms": 0, "unique_species_count": 1.0, "countryCode": "VE" }, "geometry": { "type": "MultiPolygon", "coordinates": [ [ [ [ -66.446905473182369, 14.523997062623899 ], [ -66.785011348200399, 14.181640358147062 ], [ -67.362528911515255, 14.223719330882641 ], [ -67.608674666623926, 14.615898164921724 ], [ -67.276084082883969, 14.966025740460887 ], [ -66.691917036433651, 14.916373898449693 ], [ -66.446905473182369, 14.523997062623899 ] ] ] ] } },
{ "type": "Feature", "properties": { "geogrid_id": "5214681366068754704", "seqnum": 8843.0, "lat_c": 14.68136636698453, "lon_c": -68.754704027223184, "res": 8.0, "count_Insects": 0, "count_Basidiomycota": 0, "count_Birds": 0, "count_Molluscs": 0, "count_Flowering Plants": 0, "count_Amphibians": 0, "count_Reptiles": 1, "count_Mammals": 0, "count_Arachnids": 0, "count_Sac Fungi": 0, "count_Mosses": 0, "count_Ferns": 0, "count_Gymnosperms": 0, "unique_species_count": 1.0, "countryCode": "VE" }, "geometry": { "type": "MultiPolygon", "coordinates": [ [ [ [ -68.183405485878168, 14.651399933776467 ], [ -68.506071488340069, 14.289001320288788 ], [ -69.073033106205813, 14.314098856142463 ], [ -69.322986881855755, 14.706612862774017 ], [ -69.004428416180176, 15.073620706726867 ], [ -68.431839585832051, 15.043559833234561 ], [ -68.183405485878168, 14.651399933776467 ] ] ] ] } },
{ "type": "Feature", "properties": { "geogrid_id": "5214745481070451902", "seqnum": 8760.0, "lat_c": 14.745480928048321, "lon_c": -70.451902146333794, "res": 8.0, "count_Insects": 0, "count_Basidiomycota": 0, "count_Birds": 0, "count_Molluscs": 0, "count_Flowering Plants": 0, "count_Amphibians": 0, "count_Reptiles": 1, "count_Mammals": 0, "count_Arachnids": 0, "count_Sac Fungi": 0, "count_Mosses": 0, "count_Ferns": 0, "count_Gymnosperms": 0, "unique_species_count": 1.0, "countryCode": "VE" }, "geometry": { "type": "MultiPolygon", "coordinates": [ [ [ [ -69.888614932175642, 14.72780301612036 ], [ -70.199214147947629, 14.352658858322405 ], [ -70.759039326747924, 14.36713781088512 ], [ -71.013122865047066, 14.760095851178422 ], [ -70.705724835143613, 15.138115992885432 ], [ -70.141044303846385, 15.120311134987944 ], [ -69.888614932175642, 14.72780301612036 ] ] ] ] } },
{ "type": "Feature", "properties": { "geogrid_id": "5214775419065500179", "seqnum": 9009.0, "lat_c": 14.775419420916046, "lon_c": -65.500178520358645, "res": 8.0, "count_Insects": 0, "count_Basidiomycota": 0, "count_Birds": 1, "count_Molluscs": 0, "count_Flowering Plants": 0, "count_Amphibians": 0, "count_Reptiles": 1, "count_Mammals": 0, "count_Arachnids": 0, "count_Sac Fungi": 0, "count_Mosses": 0, "count_Ferns": 0, "count_Gymnosperms": 0, "unique_species_count": 2.0, "countryCode": "VE" }, "geometry": { "type": "MultiPolygon", "coordinates": [ [ [ [ -65.01991345168048, 14.889161463646751 ], [ -65.25693038901241, 14.38202328893588 ], [ -65.732488261805742, 14.261113702637616 ], [ -65.976069181423739, 14.653907845822737 ], [ -65.744400465687065, 15.168789605634011 ], [ -65.263832455735567, 15.283289925791582 ], [ -65.01991345168048, 14.889161463646751 ] ] ] ] } },
{ "type": "Feature", "properties": { "geogrid_id": "5215008019067855879", "seqnum": 8844.0, "lat_c": 15.008018687896193, "lon_c": -67.855879258593774, "res": 8.0, "count_Insects": 0, "count_Basidiomycota": 0, "count_Birds": 0, "count_Molluscs": 0, "count_Flowering Plants": 0, "count_Amphibians": 0, "count_Reptiles": 1, "count_Mammals": 0, "count_Arachnids": 0, "count_Sac Fungi": 0, "count_Mosses": 0, "count_Ferns": 0, "count_Gymnosperms": 0, "unique_species_count": 1.0, "countryCode": "VE" }, "geometry": { "type": "MultiPolygon", "coordinates": [ [ [ [ -67.276084082883969, 14.966025740460887 ], [ -67.608674666623926, 14.615898164921724 ], [ -68.183405485878168, 14.651399933776467 ], [ -68.431839585832051, 15.043559833234561 ], [ -68.104176962205528, 15.400079977995874 ], [ -67.523211055027289, 15.3581626673759 ], [ -67.276084082883969, 14.966025740460887 ] ] ] ] } },
{ "type": "Feature", "properties": { "geogrid_id": "5215046684066220646", "seqnum": 8927.0, "lat_c": 15.046683500669639, "lon_c": -66.220645588828376, "res": 8.0, "count_Insects": 0, "count_Basidiomycota": 0, "count_Birds": 1, "count_Molluscs": 0, "count_Flowering Plants": 0, "count_Amphibians": 0, "count_Reptiles": 0, "count_Mammals": 0, "count_Arachnids": 0, "count_Sac Fungi": 0, "count_Mosses": 0, "count_Ferns": 0, "count_Gymnosperms": 0, "unique_species_count": 1.0, "countryCode": "VE" }, "geometry": { "type": "MultiPolygon", "coordinates": [ [ [ [ -65.744400465687065, 15.168789605634011 ], [ -65.976069181423739, 14.653907845822737 ], [ -66.446905473182369, 14.523997062623899 ], [ -66.691917036433651, 14.916373898449693 ], [ -66.466250623073705, 15.439439337412137 ], [ -65.989629861202559, 15.562133761379371 ], [ -65.744400465687065, 15.168789605634011 ] ] ] ] } },
{ "type": "Feature", "properties": { "geogrid_id": "5215095588064048576", "seqnum": 9092.0, "lat_c": 15.095588104116342, "lon_c": -64.048575686131571, "res": 8.0, "count_Insects": 0, "count_Basidiomycota": 0, "count_Birds": 1, "count_Molluscs": 0, "count_Flowering Plants": 0, "count_Amphibians": 0, "count_Reptiles": 0, "count_Mammals": 1, "count_Arachnids": 0, "count_Sac Fungi": 0, "count_Mosses": 0, "count_Ferns": 0, "count_Gymnosperms": 0, "unique_species_count": 2.0, "countryCode": "VE" }, "geometry": { "type": "MultiPolygon", "coordinates": [ [ [ [ -63.558487281857829, 15.189278614094036 ], [ -63.806096553432866, 14.699473407776649 ], [ -64.293151228687151, 14.600624869380972 ], [ -64.535871100954964, 14.995709173716797 ], [ -64.291953820483414, 15.491616593217721 ], [ -63.801593662698679, 15.586403606020031 ], [ -63.558487281857829, 15.189278614094036 ] ] ] ] } },
{ "type": "Feature", "properties": { "geogrid_id": "5215098990069574047", "seqnum": 8761.0, "lat_c": 15.098989626346517, "lon_c": -69.574047025238855, "res": 8.0, "count_Insects": 0, "count_Basidiomycota": 0, "count_Birds": 0, "count_Molluscs": 0, "count_Flowering Plants": 0, "count_Amphibians": 0, "count_Reptiles": 1, "count_Mammals": 0, "count_Arachnids": 0, "count_Sac Fungi": 0, "count_Mosses": 0, "count_Ferns": 0, "count_Gymnosperms": 0, "unique_species_count": 1.0, "countryCode": "VE" }, "geometry": { "type": "MultiPolygon", "coordinates": [ [ [ [ -69.004428416180176, 15.073620706726867 ], [ -69.322986881855755, 14.706612862774017 ], [ -69.888614932175642, 14.72780301612036 ], [ -70.141044303846385, 15.120311134987944 ], [ -69.826250947641867, 15.491230411901766 ], [ -69.255281002965162, 15.465764976417422 ], [ -69.004428416180176, 15.073620706726867 ] ] ] ] } },
{ "type": "Feature", "properties": { "geogrid_id": "5215152844071268356", "seqnum": 8678.0, "lat_c": 15.152844193829663, "lon_c": -71.268355621801945, "res": 8.0, "count_Insects": 0, "count_Basidiomycota": 0, "count_Birds": 0, "count_Molluscs": 0, "count_Flowering Plants": 0, "count_Amphibians": 0, "count_Reptiles": 1, "count_Mammals": 0, "count_Arachnids": 0, "count_Sac Fungi": 0, "count_Mosses": 0, "count_Ferns": 0, "count_Gymnosperms": 0, "unique_species_count": 1.0, "countryCode": "VE" }, "geometry": { "type": "MultiPolygon", "coordinates": [ [ [ [ -70.705724835143613, 15.138115992885432 ], [ -71.013122865047066, 14.760095851178422 ], [ -71.572517845326374, 14.772021158796246 ], [ -71.82917169328185, 15.164862779798252 ], [ -71.524777862470842, 15.545385083726684 ], [ -70.960721600627707, 15.530566116020802 ], [ -70.705724835143613, 15.138115992885432 ] ] ] ] } },
{ "type": "Feature", "properties": { "geogrid_id": "5215390732064779515", "seqnum": 9010.0, "lat_c": 15.390731810765946, "lon_c": -64.779515123982137, "res": 8.0, "count_Insects": 0, "count_Basidiomycota": 0, "count_Birds": 1, "count_Molluscs": 0, "count_Flowering Plants": 0, "count_Amphibians": 0, "count_Reptiles": 0, "count_Mammals": 0, "count_Arachnids": 0, "count_Sac Fungi": 0, "count_Mosses": 0, "count_Ferns": 0, "count_Gymnosperms": 0, "unique_species_count": 1.0, "countryCode": "VE" }, "geometry": { "type": "MultiPolygon", "coordinates": [ [ [ [ -64.291953820483414, 15.491616593217721 ], [ -64.535871100954964, 14.995709173716797 ], [ -65.01991345168048, 14.889161463646751 ], [ -65.263832455735567, 15.283289925791582 ], [ -65.02411806252374, 15.785696447786838 ], [ -64.536266126301953, 15.887564718857735 ], [ -64.291953820483414, 15.491616593217721 ] ] ] ] } },
{ "type": "Feature", "properties": { "geogrid_id": "5215675514063308827", "seqnum": 9093.0, "lat_c": 15.675513879305543, "lon_c": -63.308826595941134, "res": 8.0, "count_Insects": 2, "count_Basidiomycota": 0, "count_Birds": 1, "count_Molluscs": 4, "count_Flowering Plants": 0, "count_Amphibians": 0, "count_Reptiles": 2, "count_Mammals": 0, "count_Arachnids": 0, "count_Sac Fungi": 0, "count_Mosses": 0, "count_Ferns": 0, "count_Gymnosperms": 0, "unique_species_count": 9.0, "countryCode": "VE" }, "geometry": { "type": "MultiPolygon", "coordinates": [ [ [ [ -62.813997630252743, 15.759333530741944 ], [ -63.066009542334271, 15.277219956311262 ], [ -63.558487281857829, 15.189278614094036 ], [ -63.801593662698679, 15.586403606020031 ], [ -63.552531376223733, 16.073676251899997 ], [ -63.057365666733745, 16.158694498862289 ], [ -62.813997630252743, 15.759333530741944 ] ] ] ] } },
{ "type": "Feature", "properties": { "geogrid_id": "5216869642064042747", "seqnum": 8930.0, "lat_c": 16.869642250330131, "lon_c": -64.042747385307521, "res": 8.0, "count_Insects": 0, "count_Basidiomycota": 0, "count_Birds": 0, "count_Molluscs": 0, "count_Flowering Plants": 0, "count_Amphibians": 0, "count_Reptiles": 0, "count_Mammals": 1, "count_Arachnids": 0, "count_Sac Fungi": 0, "count_Mosses": 0, "count_Ferns": 0, "count_Gymnosperms": 0, "unique_species_count": 1.0, "countryCode": "VE" }, "geometry": { "type": "MultiPolygon", "coordinates": [ [ [ [ -63.546845080488296, 16.956984472214174 ], [ -63.797159610261836, 16.471716289173003 ], [ -64.290572911232928, 16.380345106110774 ], [ -64.536517511879936, 16.777175133208338 ], [ -64.289331172562868, 17.267461518519287 ], [ -63.793028791118495, 17.355932714303179 ], [ -63.546845080488296, 16.956984472214174 ] ] ] ] } }
]
}
