{
"type": "FeatureCollection",
"name": "VN",
"crs": { "type": "name", "properties": { "name": "urn:ogc:def:crs:OGC:1.3:CRS84" } },
"features": [
{ "type": "Feature", "properties": { "geogrid_id": "806449554105194205", "seqnum": 52946.0, "lat_c": 6.4495544532428672, "lon_c": 105.19420514346173, "res": 8.0, "count_Reptiles": 1, "count_Ferns": 0, "count_Insects": 0, "count_Birds": 0, "count_Flowering Plants": 0, "count_Amphibians": 0, "count_Mammals": 0, "count_Arachnids": 0, "count_Mosses": 0, "count_Molluscs": 0, "count_Gymnosperms": 0, "count_Basidiomycota": 0, "count_Sac Fungi": 0, "unique_species_count": 1.0, "countryCode": "VN" }, "geometry": { "type": "MultiPolygon", "coordinates": [ [ [ [ 105.462454190555974, 6.852837597371908 ], [ 105.71930077171379, 6.452906854707 ], [ 105.451428783666827, 6.049403375915457 ], [ 104.927017550194023, 6.04605246450209 ], [ 104.668981737531766, 6.445979998578919 ], [ 104.936505721627157, 6.84928020568072 ], [ 105.462454190555974, 6.852837597371908 ] ] ] ] } },
{ "type": "Feature", "properties": { "geogrid_id": "806458900106769241", "seqnum": 53109.0, "lat_c": 6.4589001415417924, "lon_c": 106.76924134414756, "res": 8.0, "count_Reptiles": 1, "count_Ferns": 0, "count_Insects": 0, "count_Birds": 0, "count_Flowering Plants": 0, "count_Amphibians": 0, "count_Mammals": 0, "count_Arachnids": 0, "count_Mosses": 0, "count_Molluscs": 0, "count_Gymnosperms": 0, "count_Basidiomycota": 0, "count_Sac Fungi": 0, "unique_species_count": 1.0, "countryCode": "VN" }, "geometry": { "type": "MultiPolygon", "coordinates": [ [ [ [ 107.039957391886063, 6.86192722992124 ], [ 107.294159882507358, 6.46151325566081 ], [ 107.023949815733147, 6.058199337517207 ], [ 106.49986250434641, 6.055487350218991 ], [ 106.244301104845476, 6.456026334152855 ], [ 106.514141751056613, 6.859176463153023 ], [ 107.039957391886063, 6.86192722992124 ] ] ] ] } },
{ "type": "Feature", "properties": { "geogrid_id": "806469910109920078", "seqnum": 53435.0, "lat_c": 6.4699099818011634, "lon_c": 109.92007777694388, "res": 8.0, "count_Reptiles": 1, "count_Ferns": 0, "count_Insects": 0, "count_Birds": 0, "count_Flowering Plants": 0, "count_Amphibians": 0, "count_Mammals": 1, "count_Arachnids": 0, "count_Mosses": 0, "count_Molluscs": 0, "count_Gymnosperms": 0, "count_Basidiomycota": 0, "count_Sac Fungi": 0, "unique_species_count": 2.0, "countryCode": "VN" }, "geometry": { "type": "MultiPolygon", "coordinates": [ [ [ [ 110.197567268775799, 6.871049816365926 ], [ 110.44594164834281, 6.470434924467361 ], [ 110.169250005763985, 6.068804245075377 ], [ 109.644687784693303, 6.06782974729724 ], [ 109.394532288823171, 6.468947645821872 ], [ 109.670668357010058, 6.870579756198852 ], [ 110.197567268775799, 6.871049816365926 ] ] ] ] } },
{ "type": "Feature", "properties": { "geogrid_id": "806845481104410441", "seqnum": 52865.0, "lat_c": 6.8454809496730906, "lon_c": 104.41044146988099, "res": 8.0, "count_Reptiles": 1, "count_Ferns": 0, "count_Insects": 0, "count_Birds": 0, "count_Flowering Plants": 0, "count_Amphibians": 0, "count_Mammals": 0, "count_Arachnids": 0, "count_Mosses": 0, "count_Molluscs": 0, "count_Gymnosperms": 0, "count_Basidiomycota": 0, "count_Sac Fungi": 0, "unique_species_count": 1.0, "countryCode": "VN" }, "geometry": { "type": "MultiPolygon", "coordinates": [ [ [ [ 104.678276115264083, 7.248578909029164 ], [ 104.936505721627157, 6.84928020568072 ], [ 104.668981737531766, 6.445979998578919 ], [ 104.143600396324715, 6.442192792076616 ], [ 103.884230079322236, 6.841450183881427 ], [ 104.151343159747498, 7.244553132782221 ], [ 104.678276115264083, 7.248578909029164 ] ] ] ] } },
{ "type": "Feature", "properties": { "geogrid_id": "806856141105988321", "seqnum": 53028.0, "lat_c": 6.8561410563339713, "lon_c": 105.98832066137578, "res": 8.0, "count_Reptiles": 1, "count_Ferns": 0, "count_Insects": 0, "count_Birds": 0, "count_Flowering Plants": 0, "count_Amphibians": 0, "count_Mammals": 0, "count_Arachnids": 0, "count_Mosses": 0, "count_Molluscs": 0, "count_Gymnosperms": 0, "count_Basidiomycota": 0, "count_Sac Fungi": 0, "unique_species_count": 1.0, "countryCode": "VN" }, "geometry": { "type": "MultiPolygon", "coordinates": [ [ [ [ 106.258593914129122, 7.25902830140398 ], [ 106.514141751056613, 6.859176463153023 ], [ 106.244301104845476, 6.456026334152855 ], [ 105.71930077171379, 6.452906854707 ], [ 105.462454190555974, 6.852837597371908 ], [ 105.731865004548297, 7.255830876466551 ], [ 106.258593914129122, 7.25902830140398 ] ] ] ] } },
{ "type": "Feature", "properties": { "geogrid_id": "806864374107565811", "seqnum": 53191.0, "lat_c": 6.8643737797543034, "lon_c": 107.56581141297679, "res": 8.0, "count_Reptiles": 1, "count_Ferns": 0, "count_Insects": 0, "count_Birds": 0, "count_Flowering Plants": 0, "count_Amphibians": 0, "count_Mammals": 0, "count_Arachnids": 0, "count_Mosses": 0, "count_Molluscs": 0, "count_Gymnosperms": 0, "count_Basidiomycota": 0, "count_Sac Fungi": 0, "unique_species_count": 1.0, "countryCode": "VN" }, "geometry": { "type": "MultiPolygon", "coordinates": [ [ [ [ 107.839028971305439, 7.266677117090856 ], [ 108.091752244479693, 6.866492893294271 ], [ 107.819098875593866, 6.463847896120395 ], [ 107.294159882507358, 6.46151325566081 ], [ 107.039957391886063, 6.86192722992124 ], [ 107.312128144483722, 7.264474730867977 ], [ 107.839028971305439, 7.266677117090856 ] ] ] ] } },
{ "type": "Feature", "properties": { "geogrid_id": "806869633109144116", "seqnum": 53354.0, "lat_c": 6.8696325336506314, "lon_c": 109.14411640843629, "res": 8.0, "count_Reptiles": 2, "count_Ferns": 0, "count_Insects": 0, "count_Birds": 0, "count_Flowering Plants": 0, "count_Amphibians": 0, "count_Mammals": 0, "count_Arachnids": 0, "count_Mosses": 0, "count_Molluscs": 0, "count_Gymnosperms": 0, "count_Basidiomycota": 0, "count_Sac Fungi": 0, "unique_species_count": 2.0, "countryCode": "VN" }, "geometry": { "type": "MultiPolygon", "coordinates": [ [ [ [ 109.420958032829404, 7.270819472736509 ], [ 109.670668357010058, 6.870579756198852 ], [ 109.394532288823171, 6.468947645821872 ], [ 108.869229983170655, 6.467592980884646 ], [ 108.617833775790317, 6.868256881976165 ], [ 108.89337760621747, 7.269889015154034 ], [ 109.420958032829404, 7.270819472736509 ] ] ] ] } },
{ "type": "Feature", "properties": { "geogrid_id": "806870983110724902", "seqnum": 53517.0, "lat_c": 6.8709830300752808, "lon_c": 110.72490225633321, "res": 8.0, "count_Reptiles": 1, "count_Ferns": 0, "count_Insects": 0, "count_Birds": 0, "count_Flowering Plants": 0, "count_Amphibians": 0, "count_Mammals": 0, "count_Arachnids": 0, "count_Mosses": 0, "count_Molluscs": 0, "count_Gymnosperms": 0, "count_Basidiomycota": 0, "count_Sac Fungi": 0, "unique_species_count": 1.0, "countryCode": "VN" }, "geometry": { "type": "MultiPolygon", "coordinates": [ [ [ [ 111.006322786876169, 7.270239461080718 ], [ 111.252776470763621, 6.870305700608142 ], [ 110.972210431204502, 6.470467036133824 ], [ 110.44594164834281, 6.470434924467361 ], [ 110.197567268775799, 6.871049816365926 ], [ 110.477332215371149, 7.271065726034709 ], [ 111.006322786876169, 7.270239461080718 ] ] ] ] } },
{ "type": "Feature", "properties": { "geogrid_id": "807252343105205105", "seqnum": 52947.0, "lat_c": 7.2523425819371807, "lon_c": 105.20510505642986, "res": 8.0, "count_Reptiles": 1, "count_Ferns": 0, "count_Insects": 0, "count_Birds": 0, "count_Flowering Plants": 0, "count_Amphibians": 0, "count_Mammals": 0, "count_Arachnids": 0, "count_Mosses": 0, "count_Molluscs": 0, "count_Gymnosperms": 0, "count_Basidiomycota": 0, "count_Sac Fungi": 0, "unique_species_count": 1.0, "countryCode": "VN" }, "geometry": { "type": "MultiPolygon", "coordinates": [ [ [ [ 105.474879386691001, 7.655095556854715 ], [ 105.731865004548297, 7.255830876466551 ], [ 105.462454190555974, 6.852837597371908 ], [ 104.936505721627157, 6.84928020568072 ], [ 104.678276115264083, 7.248578909029164 ], [ 104.947199410105242, 7.651420992057885 ], [ 105.474879386691001, 7.655095556854715 ] ] ] ] } },
{ "type": "Feature", "properties": { "geogrid_id": "807261917106785333", "seqnum": 53110.0, "lat_c": 7.2619167062564864, "lon_c": 106.78533316366635, "res": 8.0, "count_Reptiles": 2, "count_Ferns": 0, "count_Insects": 0, "count_Birds": 0, "count_Flowering Plants": 0, "count_Amphibians": 0, "count_Mammals": 0, "count_Arachnids": 0, "count_Mosses": 0, "count_Molluscs": 0, "count_Gymnosperms": 0, "count_Basidiomycota": 0, "count_Sac Fungi": 0, "unique_species_count": 2.0, "countryCode": "VN" }, "geometry": { "type": "MultiPolygon", "coordinates": [ [ [ [ 107.057991745707852, 7.664152663853286 ], [ 107.312128144483722, 7.264474730867977 ], [ 107.039957391886063, 6.86192722992124 ], [ 106.514141751056613, 6.859176463153023 ], [ 106.258593914129122, 7.25902830140398 ], [ 106.530230765898111, 7.661482803264346 ], [ 107.057991745707852, 7.664152663853286 ] ] ] ] } },
{ "type": "Feature", "properties": { "geogrid_id": "807268494108366091", "seqnum": 53273.0, "lat_c": 7.2684938416410363, "lon_c": 108.36609134491984, "res": 8.0, "count_Reptiles": 2, "count_Ferns": 0, "count_Insects": 0, "count_Birds": 0, "count_Flowering Plants": 0, "count_Amphibians": 0, "count_Mammals": 0, "count_Arachnids": 0, "count_Mosses": 0, "count_Molluscs": 0, "count_Gymnosperms": 0, "count_Basidiomycota": 0, "count_Sac Fungi": 0, "unique_species_count": 2.0, "countryCode": "VN" }, "geometry": { "type": "MultiPolygon", "coordinates": [ [ [ [ 108.642255732635348, 7.669721992168012 ], [ 108.89337760621747, 7.269889015154034 ], [ 108.617833775790317, 6.868256881976165 ], [ 108.091752244479693, 6.866492893294271 ], [ 107.839028971305439, 7.266677117090856 ], [ 108.113943500102494, 7.668307653963693 ], [ 108.642255732635348, 7.669721992168012 ] ] ] ] } },
{ "type": "Feature", "properties": { "geogrid_id": "807271233109948912", "seqnum": 53436.0, "lat_c": 7.2712329534225164, "lon_c": 109.94891244574733, "res": 8.0, "count_Reptiles": 1, "count_Ferns": 0, "count_Insects": 0, "count_Birds": 0, "count_Flowering Plants": 0, "count_Amphibians": 0, "count_Mammals": 1, "count_Arachnids": 0, "count_Mosses": 0, "count_Molluscs": 0, "count_Gymnosperms": 0, "count_Basidiomycota": 0, "count_Sac Fungi": 0, "unique_species_count": 2.0, "countryCode": "VN" }, "geometry": { "type": "MultiPolygon", "coordinates": [ [ [ [ 110.229437345196473, 7.670724171388311 ], [ 110.477332215371149, 7.271065726034709 ], [ 110.197567268775799, 6.871049816365926 ], [ 109.670668357010058, 6.870579756198852 ], [ 109.420958032829404, 7.270819472736509 ], [ 109.699915122676671, 7.67099185210783 ], [ 110.229437345196473, 7.670724171388311 ] ] ] ] } },
{ "type": "Feature", "properties": { "geogrid_id": "807666438107585877", "seqnum": 53192.0, "lat_c": 7.666438381913081, "lon_c": 107.58587687071974, "res": 8.0, "count_Reptiles": 1, "count_Ferns": 0, "count_Insects": 0, "count_Birds": 0, "count_Flowering Plants": 0, "count_Amphibians": 0, "count_Mammals": 0, "count_Arachnids": 0, "count_Mosses": 0, "count_Molluscs": 0, "count_Gymnosperms": 0, "count_Basidiomycota": 0, "count_Sac Fungi": 0, "unique_species_count": 1.0, "countryCode": "VN" }, "geometry": { "type": "MultiPolygon", "coordinates": [ [ [ [ 107.861333005747142, 8.067702337528935 ], [ 108.113943500102494, 7.668307653963693 ], [ 107.839028971305439, 7.266677117090856 ], [ 107.312128144483722, 7.264474730867977 ], [ 107.057991745707852, 7.664152663853286 ], [ 107.332239493561389, 8.065779750165074 ], [ 107.861333005747142, 8.067702337528935 ] ] ] ] } },
{ "type": "Feature", "properties": { "geogrid_id": "807669750110759560", "seqnum": 53518.0, "lat_c": 7.669749551463501, "lon_c": 110.75955974276364, "res": 8.0, "count_Reptiles": 0, "count_Ferns": 0, "count_Insects": 0, "count_Birds": 0, "count_Flowering Plants": 0, "count_Amphibians": 0, "count_Mammals": 1, "count_Arachnids": 0, "count_Mosses": 0, "count_Molluscs": 0, "count_Gymnosperms": 0, "count_Basidiomycota": 0, "count_Sac Fungi": 0, "unique_species_count": 1.0, "countryCode": "VN" }, "geometry": { "type": "MultiPolygon", "coordinates": [ [ [ [ 111.044448998985558, 8.066865015198591 ], [ 111.29040687084526, 7.6679660031254 ], [ 111.006322786876169, 7.270239461080718 ], [ 110.477332215371149, 7.271065726034709 ], [ 110.229437345196473, 7.670724171388311 ], [ 110.512426482850373, 8.068846478480017 ], [ 111.044448998985558, 8.066865015198591 ] ] ] ] } },
{ "type": "Feature", "properties": { "geogrid_id": "807670635109170886", "seqnum": 53355.0, "lat_c": 7.670635269835743, "lon_c": 109.17088569370158, "res": 8.0, "count_Reptiles": 3, "count_Ferns": 0, "count_Insects": 0, "count_Birds": 0, "count_Flowering Plants": 0, "count_Amphibians": 0, "count_Mammals": 1, "count_Arachnids": 0, "count_Mosses": 0, "count_Molluscs": 0, "count_Gymnosperms": 0, "count_Basidiomycota": 0, "count_Sac Fungi": 0, "unique_species_count": 4.0, "countryCode": "VN" }, "geometry": { "type": "MultiPolygon", "coordinates": [ [ [ [ 109.450515751067698, 8.070334051087379 ], [ 109.699915122676671, 7.67099185210783 ], [ 109.420958032829404, 7.270819472736509 ], [ 108.89337760621747, 7.269889015154034 ], [ 108.642255732635348, 7.669721992168012 ], [ 108.920392539152303, 8.070033395020589 ], [ 109.450515751067698, 8.070334051087379 ] ] ] ] } },
{ "type": "Feature", "properties": { "geogrid_id": "808069137108390693", "seqnum": 53274.0, "lat_c": 8.069136541786964, "lon_c": 108.39069276403147, "res": 8.0, "count_Reptiles": 0, "count_Ferns": 0, "count_Insects": 0, "count_Birds": 0, "count_Flowering Plants": 0, "count_Amphibians": 0, "count_Mammals": 1, "count_Arachnids": 0, "count_Mosses": 0, "count_Molluscs": 0, "count_Gymnosperms": 0, "count_Basidiomycota": 0, "count_Sac Fungi": 0, "unique_species_count": 1.0, "countryCode": "VN" }, "geometry": { "type": "MultiPolygon", "coordinates": [ [ [ [ 108.669421817961734, 8.469020103826654 ], [ 108.920392539152303, 8.070033395020589 ], [ 108.642255732635348, 7.669721992168012 ], [ 108.113943500102494, 7.668307653963693 ], [ 107.861333005747142, 8.067702337528935 ], [ 108.138632567453797, 8.468137815888193 ], [ 108.669421817961734, 8.469020103826654 ] ] ] ] } },
{ "type": "Feature", "properties": { "geogrid_id": "808069967109981157", "seqnum": 53437.0, "lat_c": 8.0699673235033984, "lon_c": 109.98115740173317, "res": 8.0, "count_Reptiles": 0, "count_Ferns": 0, "count_Insects": 0, "count_Birds": 0, "count_Flowering Plants": 0, "count_Amphibians": 0, "count_Mammals": 1, "count_Arachnids": 0, "count_Mosses": 0, "count_Molluscs": 0, "count_Gymnosperms": 0, "count_Basidiomycota": 0, "count_Sac Fungi": 0, "unique_species_count": 1.0, "countryCode": "VN" }, "geometry": { "type": "MultiPolygon", "coordinates": [ [ [ [ 110.264864732850668, 8.467540428993573 ], [ 110.512426482850373, 8.068846478480017 ], [ 110.229437345196473, 7.670724171388311 ], [ 109.699915122676671, 7.67099185210783 ], [ 109.450515751067698, 8.070334051087379 ], [ 109.732434536672358, 8.468803954383514 ], [ 110.264864732850668, 8.467540428993573 ] ] ] ] } },
{ "type": "Feature", "properties": { "geogrid_id": "808448296104429508", "seqnum": 52867.0, "lat_c": 8.448296294949456, "lon_c": 104.42950848160376, "res": 8.0, "count_Reptiles": 4, "count_Ferns": 2, "count_Insects": 15, "count_Birds": 27, "count_Flowering Plants": 14, "count_Amphibians": 2, "count_Mammals": 2, "count_Arachnids": 3, "count_Mosses": 0, "count_Molluscs": 1, "count_Gymnosperms": 0, "count_Basidiomycota": 0, "count_Sac Fungi": 0, "unique_species_count": 70.0, "countryCode": "VN" }, "geometry": { "type": "MultiPolygon", "coordinates": [ [ [ [ 104.700213665019021, 8.850340582826897 ], [ 104.959105531620594, 8.452350023804092 ], [ 104.688684464285629, 8.050072320737632 ], [ 104.160014594479023, 8.045890115769916 ], [ 103.899879376892358, 8.443900781470109 ], [ 104.169620661613251, 8.846092809561833 ], [ 104.700213665019021, 8.850340582826897 ] ] ] ] } },
{ "type": "Feature", "properties": { "geogrid_id": "808459351106018373", "seqnum": 53030.0, "lat_c": 8.4593507459054056, "lon_c": 106.01837315506884, "res": 8.0, "count_Reptiles": 1, "count_Ferns": 0, "count_Insects": 0, "count_Birds": 0, "count_Flowering Plants": 0, "count_Amphibians": 0, "count_Mammals": 0, "count_Arachnids": 0, "count_Mosses": 0, "count_Molluscs": 0, "count_Gymnosperms": 0, "count_Basidiomycota": 0, "count_Sac Fungi": 0, "unique_species_count": 1.0, "countryCode": "VN" }, "geometry": { "type": "MultiPolygon", "coordinates": [ [ [ [ 106.292314251372375, 8.860671227743431 ], [ 106.548138338485884, 8.462248463542577 ], [ 106.274595282661878, 8.060626939560981 ], [ 105.745932611515286, 8.057460453949695 ], [ 105.488712031786093, 8.456042418643573 ], [ 105.761512035573858, 8.857655989784099 ], [ 106.292314251372375, 8.860671227743431 ] ] ] ] } },
{ "type": "Feature", "properties": { "geogrid_id": "808465366110798075", "seqnum": 53519.0, "lat_c": 8.465365797227669, "lon_c": 110.79807470225387, "res": 8.0, "count_Reptiles": 1, "count_Ferns": 0, "count_Insects": 0, "count_Birds": 0, "count_Flowering Plants": 0, "count_Amphibians": 0, "count_Mammals": 0, "count_Arachnids": 0, "count_Mosses": 0, "count_Molluscs": 0, "count_Gymnosperms": 0, "count_Basidiomycota": 0, "count_Sac Fungi": 0, "unique_species_count": 1.0, "countryCode": "VN" }, "geometry": { "type": "MultiPolygon", "coordinates": [ [ [ [ 111.086589075625994, 8.860017143996101 ], [ 111.332212046868477, 8.462143712769654 ], [ 111.044448998985558, 8.066865015198591 ], [ 110.512426482850373, 8.068846478480017 ], [ 110.264864732850668, 8.467540428993573 ], [ 110.551227831430069, 8.863479511181316 ], [ 111.086589075625994, 8.860017143996101 ] ] ] ] } },
{ "type": "Feature", "properties": { "geogrid_id": "808466682107608204", "seqnum": 53193.0, "lat_c": 8.4666820369824656, "lon_c": 107.60820436871585, "res": 8.0, "count_Reptiles": 1, "count_Ferns": 0, "count_Insects": 0, "count_Birds": 0, "count_Flowering Plants": 0, "count_Amphibians": 0, "count_Mammals": 0, "count_Arachnids": 0, "count_Mosses": 0, "count_Molluscs": 0, "count_Gymnosperms": 0, "count_Basidiomycota": 0, "count_Sac Fungi": 0, "unique_species_count": 1.0, "countryCode": "VN" }, "geometry": { "type": "MultiPolygon", "coordinates": [ [ [ [ 107.886020688959448, 8.866730958566551 ], [ 108.138632567453797, 8.468137815888193 ], [ 107.861333005747142, 8.067702337528935 ], [ 107.332239493561389, 8.065779750165074 ], [ 107.078061995024683, 8.46470444882941 ], [ 107.3545036461812, 8.865250941040683 ], [ 107.886020688959448, 8.866730958566551 ] ] ] ] } },
{ "type": "Feature", "properties": { "geogrid_id": "808469267109200657", "seqnum": 53356.0, "lat_c": 8.4692670115604773, "lon_c": 109.20065700029613, "res": 8.0, "count_Reptiles": 2, "count_Ferns": 0, "count_Insects": 0, "count_Birds": 0, "count_Flowering Plants": 0, "count_Amphibians": 0, "count_Mammals": 1, "count_Arachnids": 0, "count_Mosses": 0, "count_Molluscs": 0, "count_Gymnosperms": 0, "count_Basidiomycota": 0, "count_Sac Fungi": 0, "unique_species_count": 3.0, "countryCode": "VN" }, "geometry": { "type": "MultiPolygon", "coordinates": [ [ [ [ 109.48321301128388, 8.86724257728889 ], [ 109.732434536672358, 8.468803954383514 ], [ 109.450515751067698, 8.070334051087379 ], [ 108.920392539152303, 8.070033395020589 ], [ 108.669421817961734, 8.469020103826654 ], [ 108.950283499150729, 8.867798038367797 ], [ 109.48321301128388, 8.86724257728889 ] ] ] ] } },
{ "type": "Feature", "properties": { "geogrid_id": "808854203105230829", "seqnum": 52949.0, "lat_c": 8.8542030446304114, "lon_c": 105.23082870145943, "res": 8.0, "count_Reptiles": 1, "count_Ferns": 0, "count_Insects": 9, "count_Birds": 18, "count_Flowering Plants": 18, "count_Amphibians": 0, "count_Mammals": 4, "count_Arachnids": 0, "count_Mosses": 0, "count_Molluscs": 1, "count_Gymnosperms": 0, "count_Basidiomycota": 0, "count_Sac Fungi": 0, "unique_species_count": 51.0, "countryCode": "VN" }, "geometry": { "type": "MultiPolygon", "coordinates": [ [ [ [ 105.503960654195367, 9.255544510604384 ], [ 105.761512035573858, 8.857655989784099 ], [ 105.488712031786093, 8.456042418643573 ], [ 104.959105531620594, 8.452350023804092 ], [ 104.700213665019021, 8.850340582826897 ], [ 104.972231790264544, 9.251943511295439 ], [ 105.503960654195367, 9.255544510604384 ] ] ] ] } },
{ "type": "Feature", "properties": { "geogrid_id": "808855280111623075", "seqnum": 53601.0, "lat_c": 8.8552804954077899, "lon_c": 111.62307479185662, "res": 8.0, "count_Reptiles": 1, "count_Ferns": 0, "count_Insects": 0, "count_Birds": 0, "count_Flowering Plants": 0, "count_Amphibians": 0, "count_Mammals": 0, "count_Arachnids": 0, "count_Mosses": 0, "count_Molluscs": 16, "count_Gymnosperms": 0, "count_Basidiomycota": 0, "count_Sac Fungi": 0, "unique_species_count": 17.0, "countryCode": "VN" }, "geometry": { "type": "MultiPolygon", "coordinates": [ [ [ [ 111.917277934480438, 9.245928147986065 ], [ 112.160887788502762, 8.849052860101695 ], [ 111.867449529864075, 8.457704670677714 ], [ 111.332212046868477, 8.462143712769654 ], [ 111.086589075625994, 8.860017143996101 ], [ 111.378189743570516, 9.252500315112091 ], [ 111.917277934480438, 9.245928147986065 ] ] ] ] } },
{ "type": "Feature", "properties": { "geogrid_id": "808863216106823291", "seqnum": 53112.0, "lat_c": 8.8632157890579109, "lon_c": 106.8232909598746, "res": 8.0, "count_Reptiles": 21, "count_Ferns": 1, "count_Insects": 47, "count_Birds": 23, "count_Flowering Plants": 57, "count_Amphibians": 7, "count_Mammals": 11, "count_Arachnids": 2, "count_Mosses": 0, "count_Molluscs": 12, "count_Gymnosperms": 1, "count_Basidiomycota": 0, "count_Sac Fungi": 0, "unique_species_count": 182.0, "countryCode": "VN" }, "geometry": { "type": "MultiPolygon", "coordinates": [ [ [ [ 107.100178271388813, 9.263413214195007 ], [ 107.3545036461812, 8.865250941040683 ], [ 107.078061995024683, 8.46470444882941 ], [ 106.548138338485884, 8.462248463542577 ], [ 106.292314251372375, 8.860671227743431 ], [ 106.56787424324537, 9.26131709838678 ], [ 107.100178271388813, 9.263413214195007 ] ] ] ] } },
{ "type": "Feature", "properties": { "geogrid_id": "808867602108417919", "seqnum": 53275.0, "lat_c": 8.8676015780850932, "lon_c": 108.41791859445152, "res": 8.0, "count_Reptiles": 1, "count_Ferns": 0, "count_Insects": 0, "count_Birds": 0, "count_Flowering Plants": 0, "count_Amphibians": 0, "count_Mammals": 1, "count_Arachnids": 0, "count_Mosses": 0, "count_Molluscs": 0, "count_Gymnosperms": 0, "count_Basidiomycota": 0, "count_Sac Fungi": 0, "unique_species_count": 2.0, "countryCode": "VN" }, "geometry": { "type": "MultiPolygon", "coordinates": [ [ [ [ 108.699341604979011, 9.265934217830104 ], [ 108.950283499150729, 8.867798038367797 ], [ 108.669421817961734, 8.469020103826654 ], [ 108.138632567453797, 8.468137815888193 ], [ 107.886020688959448, 8.866730958566551 ], [ 108.165829538606218, 9.265783860013519 ], [ 108.699341604979011, 9.265934217830104 ] ] ] ] } },
{ "type": "Feature", "properties": { "geogrid_id": "809233428102845676", "seqnum": 52705.0, "lat_c": 9.2334280664398065, "lon_c": 102.84567610431287, "res": 8.0, "count_Reptiles": 1, "count_Ferns": 0, "count_Insects": 0, "count_Birds": 0, "count_Flowering Plants": 0, "count_Amphibians": 0, "count_Mammals": 0, "count_Arachnids": 0, "count_Mosses": 0, "count_Molluscs": 0, "count_Gymnosperms": 0, "count_Basidiomycota": 0, "count_Sac Fungi": 0, "unique_species_count": 1.0, "countryCode": "VN" }, "geometry": { "type": "MultiPolygon", "coordinates": [ [ [ [ 103.114854141282521, 9.635345617266122 ], [ 103.37734836718235, 9.238629018237388 ], [ 103.108333819718368, 8.836521967082323 ], [ 102.577564148360537, 8.831232608075025 ], [ 102.313916861645595, 9.227875713097783 ], [ 102.582158195249121, 9.62989771831711 ], [ 103.114854141282521, 9.635345617266122 ] ] ] ] } },
{ "type": "Feature", "properties": { "geogrid_id": "809247907104440584", "seqnum": 52868.0, "lat_c": 9.2479074173262603, "lon_c": 104.44058434246364, "res": 8.0, "count_Reptiles": 1, "count_Ferns": 0, "count_Insects": 1, "count_Birds": 17, "count_Flowering Plants": 3, "count_Amphibians": 0, "count_Mammals": 2, "count_Arachnids": 0, "count_Mosses": 0, "count_Molluscs": 0, "count_Gymnosperms": 0, "count_Basidiomycota": 0, "count_Sac Fungi": 0, "unique_species_count": 24.0, "countryCode": "VN" }, "geometry": { "type": "MultiPolygon", "coordinates": [ [ [ [ 104.712871344421259, 9.649265033159111 ], [ 104.972231790264544, 9.251943511295439 ], [ 104.700213665019021, 8.850340582826897 ], [ 104.169620661613251, 8.846092809561833 ], [ 103.908971035906049, 9.243461869319722 ], [ 104.180167971870759, 9.645051145707644 ], [ 104.712871344421259, 9.649265033159111 ] ] ] ] } },
{ "type": "Feature", "properties": { "geogrid_id": "809257523110840449", "seqnum": 53520.0, "lat_c": 9.2575231842897008, "lon_c": 110.84044900617663, "res": 8.0, "count_Reptiles": 1, "count_Ferns": 0, "count_Insects": 0, "count_Birds": 0, "count_Flowering Plants": 0, "count_Amphibians": 0, "count_Mammals": 0, "count_Arachnids": 0, "count_Mosses": 0, "count_Molluscs": 0, "count_Gymnosperms": 0, "count_Basidiomycota": 0, "count_Sac Fungi": 0, "unique_species_count": 1.0, "countryCode": "VN" }, "geometry": { "type": "MultiPolygon", "coordinates": [ [ [ [ 111.132742920285125, 9.649376300917085 ], [ 111.378189743570516, 9.252500315112091 ], [ 111.086589075625994, 8.860017143996101 ], [ 110.551227831430069, 8.863479511181316 ], [ 110.30385434955825, 9.261216750346707 ], [ 110.593739902486988, 9.654672938893318 ], [ 111.132742920285125, 9.649376300917085 ] ] ] ] } },
{ "type": "Feature", "properties": { "geogrid_id": "809258681106035823", "seqnum": 53031.0, "lat_c": 9.2586806241224249, "lon_c": 106.03582257149222, "res": 8.0, "count_Reptiles": 9, "count_Ferns": 0, "count_Insects": 22, "count_Birds": 53, "count_Flowering Plants": 20, "count_Amphibians": 0, "count_Mammals": 8, "count_Arachnids": 1, "count_Mosses": 0, "count_Molluscs": 0, "count_Gymnosperms": 0, "count_Basidiomycota": 0, "count_Sac Fungi": 0, "unique_species_count": 113.0, "countryCode": "VN" }, "geometry": { "type": "MultiPolygon", "coordinates": [ [ [ [ 106.311760825284296, 9.65901166355571 ], [ 106.56787424324537, 9.26131709838678 ], [ 106.292314251372375, 8.860671227743431 ], [ 105.761512035573858, 8.857655989784099 ], [ 105.503960654195367, 9.255544510604386 ], [ 105.778612626004374, 9.656279197826917 ], [ 106.311760825284296, 9.65901166355571 ] ] ] ] } },
{ "type": "Feature", "properties": { "geogrid_id": "809265291109233439", "seqnum": 53357.0, "lat_c": 9.2652913907946903, "lon_c": 109.23343894226819, "res": 8.0, "count_Reptiles": 2, "count_Ferns": 0, "count_Insects": 0, "count_Birds": 0, "count_Flowering Plants": 0, "count_Amphibians": 0, "count_Mammals": 0, "count_Arachnids": 0, "count_Mosses": 0, "count_Molluscs": 0, "count_Gymnosperms": 0, "count_Basidiomycota": 0, "count_Sac Fungi": 0, "unique_species_count": 2.0, "countryCode": "VN" }, "geometry": { "type": "MultiPolygon", "coordinates": [ [ [ [ 109.519058115185587, 9.661300263262801 ], [ 109.768233706524867, 9.26375818088613 ], [ 109.48321301128388, 8.86724257728889 ], [ 108.950283499150729, 8.867798038367797 ], [ 108.699341604979011, 9.265934217830104 ], [ 108.983060075351332, 9.662958236672383 ], [ 109.519058115185587, 9.661300263262801 ] ] ] ] } },
{ "type": "Feature", "properties": { "geogrid_id": "809640404103647510", "seqnum": 52787.0, "lat_c": 9.6404035378015465, "lon_c": 103.64751037057401, "res": 8.0, "count_Reptiles": 2, "count_Ferns": 0, "count_Insects": 3, "count_Birds": 4, "count_Flowering Plants": 0, "count_Amphibians": 2, "count_Mammals": 0, "count_Arachnids": 0, "count_Mosses": 0, "count_Molluscs": 6, "count_Gymnosperms": 0, "count_Basidiomycota": 0, "count_Sac Fungi": 0, "unique_species_count": 17.0, "countryCode": "VN" }, "geometry": { "type": "MultiPolygon", "coordinates": [ [ [ [ 103.918915666701494, 10.04177238922243 ], [ 104.180167971870759, 9.645051145707644 ], [ 103.908971035906049, 9.243461869319722 ], [ 103.37734836718235, 9.238629018237388 ], [ 103.114854141282521, 9.635345617266122 ], [ 103.385190075312067, 10.036917892419261 ], [ 103.918915666701494, 10.04177238922243 ] ] ] ] } },
{ "type": "Feature", "properties": { "geogrid_id": "809642475111673111", "seqnum": 53602.0, "lat_c": 9.6424749345888667, "lon_c": 111.67311077164933, "res": 8.0, "count_Reptiles": 1, "count_Ferns": 0, "count_Insects": 0, "count_Birds": 0, "count_Flowering Plants": 0, "count_Amphibians": 0, "count_Mammals": 0, "count_Arachnids": 0, "count_Mosses": 0, "count_Molluscs": 0, "count_Gymnosperms": 0, "count_Basidiomycota": 0, "count_Sac Fungi": 0, "unique_species_count": 1.0, "countryCode": "VN" }, "geometry": { "type": "MultiPolygon", "coordinates": [ [ [ [ 111.971601009109207, 10.02955476584313 ], [ 112.215077932200202, 9.633691250690024 ], [ 111.917277934480438, 9.245928147986065 ], [ 111.378189743570516, 9.252500315112091 ], [ 111.132742920285125, 9.649376300917085 ], [ 111.428337363049209, 10.038705339639458 ], [ 111.971601009109207, 10.02955476584313 ] ] ] ] } },
{ "type": "Feature", "properties": { "geogrid_id": "809653018105245669", "seqnum": 52950.0, "lat_c": 9.6530181639254042, "lon_c": 105.24566869539574, "res": 8.0, "count_Reptiles": 1, "count_Ferns": 2, "count_Insects": 13, "count_Birds": 33, "count_Flowering Plants": 31, "count_Amphibians": 1, "count_Mammals": 4, "count_Arachnids": 0, "count_Mosses": 0, "count_Molluscs": 2, "count_Gymnosperms": 0, "count_Basidiomycota": 0, "count_Sac Fungi": 0, "unique_species_count": 87.0, "countryCode": "VN" }, "geometry": { "type": "MultiPolygon", "coordinates": [ [ [ [ 105.520634656519519, 10.053469436771396 ], [ 105.778612626004374, 9.656279197826917 ], [ 105.503960654195367, 9.255544510604386 ], [ 104.972231790264544, 9.251943511295439 ], [ 104.712871344421259, 9.649265033159111 ], [ 104.986586684514236, 10.05007877339108 ], [ 105.520634656519519, 10.053469436771396 ] ] ] ] } },
{ "type": "Feature", "properties": { "geogrid_id": "809661173106845177", "seqnum": 53113.0, "lat_c": 9.6611729398229542, "lon_c": 106.8451768952587, "res": 8.0, "count_Reptiles": 3, "count_Ferns": 0, "count_Insects": 2, "count_Birds": 10, "count_Flowering Plants": 9, "count_Amphibians": 0, "count_Mammals": 2, "count_Arachnids": 0, "count_Mosses": 0, "count_Molluscs": 1, "count_Gymnosperms": 0, "count_Basidiomycota": 0, "count_Sac Fungi": 0, "unique_species_count": 27.0, "countryCode": "VN" }, "geometry": { "type": "MultiPolygon", "coordinates": [ [ [ [ 107.124351720285162, 10.06011158176603 ], [ 107.378931337258152, 9.662712992541723 ], [ 107.100178271388813, 9.263413214195007 ], [ 106.56787424324537, 9.26131709838678 ], [ 106.311760825284296, 9.65901166355571 ], [ 106.589449242017423, 10.058534072802464 ], [ 107.124351720285162, 10.06011158176603 ] ] ] ] } },
{ "type": "Feature", "properties": { "geogrid_id": "809663682108447779", "seqnum": 53276.0, "lat_c": 9.6636823690619256, "lon_c": 108.44777919688069, "res": 8.0, "count_Reptiles": 1, "count_Ferns": 0, "count_Insects": 0, "count_Birds": 0, "count_Flowering Plants": 0, "count_Amphibians": 0, "count_Mammals": 0, "count_Arachnids": 0, "count_Mosses": 0, "count_Molluscs": 0, "count_Gymnosperms": 0, "count_Basidiomycota": 0, "count_Sac Fungi": 0, "unique_species_count": 1.0, "countryCode": "VN" }, "geometry": { "type": "MultiPolygon", "coordinates": [ [ [ [ 108.732025582956183, 10.060250568709018 ], [ 108.983060075351332, 9.662958236672383 ], [ 108.699341604979011, 9.265934217830104 ], [ 108.165829538606218, 9.265783860013519 ], [ 107.913102737073629, 9.663572799204632 ], [ 108.195545489891614, 10.061049006128355 ], [ 108.732025582956183, 10.060250568709018 ] ] ] ] } },
{ "type": "Feature", "properties": { "geogrid_id": "810046169104452698", "seqnum": 52869.0, "lat_c": 10.046168812576997, "lon_c": 104.45269818141247, "res": 8.0, "count_Reptiles": 20, "count_Ferns": 14, "count_Insects": 82, "count_Birds": 62, "count_Flowering Plants": 190, "count_Amphibians": 8, "count_Mammals": 9, "count_Arachnids": 7, "count_Mosses": 0, "count_Molluscs": 14, "count_Gymnosperms": 0, "count_Basidiomycota": 1, "count_Sac Fungi": 0, "unique_species_count": 407.0, "countryCode": "VN" }, "geometry": { "type": "MultiPolygon", "coordinates": [ [ [ [ 104.726665882767932, 10.446728089227756 ], [ 104.986586684514236, 10.05007877339108 ], [ 104.712871344421259, 9.649265033159111 ], [ 104.180167971870759, 9.645051145707644 ], [ 103.918915666701494, 10.04177238922243 ], [ 104.191663792352998, 10.442655998545217 ], [ 104.726665882767932, 10.446728089227756 ] ] ] ] } },
{ "type": "Feature", "properties": { "geogrid_id": "810056303106054901", "seqnum": 53032.0, "lat_c": 10.056302682236602, "lon_c": 106.05490067811083, "res": 8.0, "count_Reptiles": 15, "count_Ferns": 4, "count_Insects": 109, "count_Birds": 60, "count_Flowering Plants": 209, "count_Amphibians": 6, "count_Mammals": 7, "count_Arachnids": 9, "count_Mosses": 0, "count_Molluscs": 3, "count_Gymnosperms": 0, "count_Basidiomycota": 1, "count_Sac Fungi": 0, "unique_species_count": 423.0, "countryCode": "VN" }, "geometry": { "type": "MultiPolygon", "coordinates": [ [ [ [ 106.332945977275358, 10.45550040004256 ], [ 106.589449242017423, 10.058534072802464 ], [ 106.311760825284296, 9.65901166355571 ], [ 105.778612626004374, 9.656279197826917 ], [ 105.520634656519519, 10.053469436771396 ], [ 105.797244643743468, 10.453193222248613 ], [ 106.332945977275358, 10.45550040004256 ] ] ] ] } },
{ "type": "Feature", "properties": { "geogrid_id": "810058476109269241", "seqnum": 53358.0, "lat_c": 10.058475876467218, "lon_c": 109.26924093574225, "res": 8.0, "count_Reptiles": 1, "count_Ferns": 0, "count_Insects": 0, "count_Birds": 0, "count_Flowering Plants": 0, "count_Amphibians": 0, "count_Mammals": 0, "count_Arachnids": 0, "count_Mosses": 0, "count_Molluscs": 0, "count_Gymnosperms": 0, "count_Basidiomycota": 0, "count_Sac Fungi": 0, "unique_species_count": 1.0, "countryCode": "VN" }, "geometry": { "type": "MultiPolygon", "coordinates": [ [ [ [ 109.558060079997432, 10.452266677049538 ], [ 109.807320372299202, 10.055601226346546 ], [ 109.519058115185587, 9.661300263262801 ], [ 108.983060075351332, 9.662958236672383 ], [ 108.732025582956183, 10.060250568709018 ], [ 109.018732715337308, 10.455292945065553 ], [ 109.558060079997432, 10.452266677049538 ] ] ] ] } },
{ "type": "Feature", "properties": { "geogrid_id": "810060974107659688", "seqnum": 53195.0, "lat_c": 10.060974010135659, "lon_c": 107.65968752248716, "res": 8.0, "count_Reptiles": 2, "count_Ferns": 0, "count_Insects": 0, "count_Birds": 0, "count_Flowering Plants": 0, "count_Amphibians": 0, "count_Mammals": 0, "count_Arachnids": 0, "count_Mosses": 0, "count_Molluscs": 0, "count_Gymnosperms": 0, "count_Basidiomycota": 0, "count_Sac Fungi": 0, "unique_species_count": 2.0, "countryCode": "VN" }, "geometry": { "type": "MultiPolygon", "coordinates": [ [ [ [ 107.94259086752534, 10.458040308913967 ], [ 108.195545489891614, 10.061049006128355 ], [ 107.913102737073629, 9.663572799204632 ], [ 107.378931337258152, 9.662712992541723 ], [ 107.124351720285162, 10.06011158176603 ], [ 107.4055343188937, 10.457992838252927 ], [ 107.94259086752534, 10.458040308913967 ] ] ] ] } },
{ "type": "Feature", "properties": { "geogrid_id": "810425133111727474", "seqnum": 53603.0, "lat_c": 10.425133127814115, "lon_c": 111.72747401781557, "res": 8.0, "count_Reptiles": 2, "count_Ferns": 0, "count_Insects": 0, "count_Birds": 0, "count_Flowering Plants": 0, "count_Amphibians": 0, "count_Mammals": 0, "count_Arachnids": 0, "count_Mosses": 0, "count_Molluscs": 0, "count_Gymnosperms": 0, "count_Basidiomycota": 0, "count_Sac Fungi": 0, "unique_species_count": 2.0, "countryCode": "VN" }, "geometry": { "type": "MultiPolygon", "coordinates": [ [ [ [ 112.030409206939964, 10.808232801834439 ], [ 112.273924929198614, 10.41330117543227 ], [ 111.971601009109207, 10.02955476584313 ], [ 111.428337363049209, 10.038705339639458 ], [ 111.182910301740819, 10.434630510312385 ], [ 111.482651933390642, 10.820436953155797 ], [ 112.030409206939964, 10.808232801834439 ] ] ] ] } },
{ "type": "Feature", "properties": { "geogrid_id": "810438072103656779", "seqnum": 52788.0, "lat_c": 10.438071731379758, "lon_c": 103.65677915501259, "res": 8.0, "count_Reptiles": 23, "count_Ferns": 3, "count_Insects": 231, "count_Birds": 55, "count_Flowering Plants": 176, "count_Amphibians": 9, "count_Mammals": 12, "count_Arachnids": 17, "count_Mosses": 0, "count_Molluscs": 3, "count_Gymnosperms": 0, "count_Basidiomycota": 10, "count_Sac Fungi": 0, "unique_species_count": 539.0, "countryCode": "VN" }, "geometry": { "type": "MultiPolygon", "coordinates": [ [ [ [ 103.929720251197267, 10.838727650740797 ], [ 104.191663792352998, 10.442655998545217 ], [ 103.918915666701494, 10.04177238922243 ], [ 103.385190075312067, 10.036917892419261 ], [ 103.121962118530746, 10.433004984653897 ], [ 103.393710694600557, 10.833949682238076 ], [ 103.929720251197267, 10.838727650740797 ] ] ] ] } },
{ "type": "Feature", "properties": { "geogrid_id": "810447944110098415", "seqnum": 53440.0, "lat_c": 10.447944392207951, "lon_c": 110.0984150206683, "res": 8.0, "count_Reptiles": 1, "count_Ferns": 0, "count_Insects": 0, "count_Birds": 0, "count_Flowering Plants": 0, "count_Amphibians": 0, "count_Mammals": 0, "count_Arachnids": 0, "count_Mosses": 0, "count_Molluscs": 0, "count_Gymnosperms": 0, "count_Basidiomycota": 0, "count_Sac Fungi": 0, "unique_species_count": 1.0, "countryCode": "VN" }, "geometry": { "type": "MultiPolygon", "coordinates": [ [ [ [ 110.392541892345406, 10.838050103402306 ], [ 110.639966570597309, 10.442141136333122 ], [ 110.346411508645005, 10.051476786609108 ], [ 109.807320372299202, 10.055601226346546 ], [ 109.558060079997432, 10.452266677049538 ], [ 109.849702884786396, 10.844084722862442 ], [ 110.392541892345406, 10.838050103402306 ] ] ] ] } },
{ "type": "Feature", "properties": { "geogrid_id": "810450254105261840", "seqnum": 52951.0, "lat_c": 10.450253730228619, "lon_c": 105.26183970597745, "res": 8.0, "count_Reptiles": 9, "count_Ferns": 24, "count_Insects": 157, "count_Birds": 72, "count_Flowering Plants": 107, "count_Amphibians": 3, "count_Mammals": 1, "count_Arachnids": 22, "count_Mosses": 0, "count_Molluscs": 6, "count_Gymnosperms": 0, "count_Basidiomycota": 0, "count_Sac Fungi": 0, "unique_species_count": 401.0, "countryCode": "VN" }, "geometry": { "type": "MultiPolygon", "coordinates": [ [ [ [ 105.538744321803975, 10.849686187061749 ], [ 105.797244643743468, 10.453193222248613 ], [ 105.520634656519519, 10.053469436771396 ], [ 104.986586684514236, 10.05007877339108 ], [ 104.726665882767932, 10.446728089227756 ], [ 105.002179514188342, 10.846634333371073 ], [ 105.538744321803975, 10.849686187061749 ] ] ] ] } },
{ "type": "Feature", "properties": { "geogrid_id": "810457121106869016", "seqnum": 53114.0, "lat_c": 10.45712135260707, "lon_c": 106.86901583424178, "res": 8.0, "count_Reptiles": 44, "count_Ferns": 6, "count_Insects": 312, "count_Birds": 210, "count_Flowering Plants": 339, "count_Amphibians": 17, "count_Mammals": 43, "count_Arachnids": 43, "count_Mosses": 2, "count_Molluscs": 57, "count_Gymnosperms": 2, "count_Basidiomycota": 13, "count_Sac Fungi": 3, "unique_species_count": 1091.0, "countryCode": "VN" }, "geometry": { "type": "MultiPolygon", "coordinates": [ [ [ [ 107.150594501361311, 10.854634333035946 ], [ 107.4055343188937, 10.457992838252927 ], [ 107.124351720285162, 10.06011158176603 ], [ 106.589449242017423, 10.058534072802464 ], [ 106.332945977275358, 10.45550040004256 ], [ 106.612875086933144, 10.853746607230214 ], [ 107.150594501361311, 10.854634333035946 ] ] ] ] } },
{ "type": "Feature", "properties": { "geogrid_id": "810457175108480286", "seqnum": 53277.0, "lat_c": 10.457175430157319, "lon_c": 108.48028588281285, "res": 8.0, "count_Reptiles": 3, "count_Ferns": 0, "count_Insects": 1, "count_Birds": 0, "count_Flowering Plants": 3, "count_Amphibians": 0, "count_Mammals": 1, "count_Arachnids": 0, "count_Mosses": 0, "count_Molluscs": 0, "count_Gymnosperms": 0, "count_Basidiomycota": 0, "count_Sac Fungi": 0, "unique_species_count": 8.0, "countryCode": "VN" }, "geometry": { "type": "MultiPolygon", "coordinates": [ [ [ [ 108.767485145560855, 10.851758887146028 ], [ 109.018732715337308, 10.455292945065553 ], [ 108.732025582956183, 10.060250568709018 ], [ 108.195545489891614, 10.061049006128355 ], [ 107.94259086752534, 10.458040308913967 ], [ 108.227792474816795, 10.853739437968978 ], [ 108.767485145560855, 10.851758887146028 ] ] ] ] } },
{ "type": "Feature", "properties": { "geogrid_id": "810842968104465858", "seqnum": 52870.0, "lat_c": 10.842967752336619, "lon_c": 104.46585818994295, "res": 8.0, "count_Reptiles": 0, "count_Ferns": 0, "count_Insects": 0, "count_Birds": 3, "count_Flowering Plants": 0, "count_Amphibians": 0, "count_Mammals": 0, "count_Arachnids": 0, "count_Mosses": 0, "count_Molluscs": 0, "count_Gymnosperms": 0, "count_Basidiomycota": 0, "count_Sac Fungi": 0, "unique_species_count": 3.0, "countryCode": "VN" }, "geometry": { "type": "MultiPolygon", "coordinates": [ [ [ [ 104.74160642113182, 11.24261333684683 ], [ 105.002179514188342, 10.846634333371073 ], [ 104.726665882767932, 10.446728089227756 ], [ 104.191663792352998, 10.442655998545217 ], [ 103.929720251197267, 10.838727650740797 ], [ 104.204116053993658, 11.238799263152382 ], [ 104.74160642113182, 11.24261333684683 ] ] ] ] } },
{ "type": "Feature", "properties": { "geogrid_id": "810848592109308073", "seqnum": 53359.0, "lat_c": 10.848592081587853, "lon_c": 109.30807318225197, "res": 8.0, "count_Reptiles": 2, "count_Ferns": 0, "count_Insects": 0, "count_Birds": 0, "count_Flowering Plants": 0, "count_Amphibians": 0, "count_Mammals": 0, "count_Arachnids": 0, "count_Mosses": 0, "count_Molluscs": 0, "count_Gymnosperms": 0, "count_Basidiomycota": 0, "count_Sac Fungi": 0, "unique_species_count": 2.0, "countryCode": "VN" }, "geometry": { "type": "MultiPolygon", "coordinates": [ [ [ [ 109.600228618421767, 11.239906067152772 ], [ 109.849702884786396, 10.844084722862442 ], [ 109.558060079997432, 10.452266677049538 ], [ 109.018732715337308, 10.455292945065553 ], [ 108.767485145560855, 10.851758887146028 ], [ 109.057312710410386, 11.244585059699482 ], [ 109.600228618421767, 11.239906067152772 ] ] ] ] } },
{ "type": "Feature", "properties": { "geogrid_id": "810852076106075619", "seqnum": 53033.0, "lat_c": 10.852075507605345, "lon_c": 106.0756185871565, "res": 8.0, "count_Reptiles": 7, "count_Ferns": 0, "count_Insects": 36, "count_Birds": 15, "count_Flowering Plants": 66, "count_Amphibians": 5, "count_Mammals": 1, "count_Arachnids": 7, "count_Mosses": 0, "count_Molluscs": 1, "count_Gymnosperms": 0, "count_Basidiomycota": 1, "count_Sac Fungi": 0, "unique_species_count": 139.0, "countryCode": "VN" }, "geometry": { "type": "MultiPolygon", "coordinates": [ [ [ [ 106.3558816522104, 11.249991378566902 ], [ 106.612875086933144, 10.853746607230214 ], [ 106.332945977275358, 10.45550040004256 ], [ 105.797244643743468, 10.453193222248613 ], [ 105.538744321803975, 10.849686187061749 ], [ 105.817419267254863, 11.248262753310945 ], [ 106.3558816522104, 11.249991378566902 ] ] ] ] } },
{ "type": "Feature", "properties": { "geogrid_id": "810854662107688867", "seqnum": 53196.0, "lat_c": 10.854662100975348, "lon_c": 107.68886673039778, "res": 8.0, "count_Reptiles": 40, "count_Ferns": 3, "count_Insects": 83, "count_Birds": 129, "count_Flowering Plants": 72, "count_Amphibians": 14, "count_Mammals": 30, "count_Arachnids": 8, "count_Mosses": 0, "count_Molluscs": 5, "count_Gymnosperms": 0, "count_Basidiomycota": 0, "count_Sac Fungi": 2, "unique_species_count": 386.0, "countryCode": "VN" }, "geometry": { "type": "MultiPolygon", "coordinates": [ [ [ [ 107.974497793820433, 11.249948772329686 ], [ 108.227792474816795, 10.853739437968978 ], [ 107.94259086752534, 10.458040308913967 ], [ 107.4055343188937, 10.457992838252927 ], [ 107.150594501361311, 10.854634333035946 ], [ 107.434325358967172, 11.250919832973185 ], [ 107.974497793820433, 11.249948772329686 ] ] ] ] } },
{ "type": "Feature", "properties": { "geogrid_id": "811202924111786158", "seqnum": 53604.0, "lat_c": 11.2029236700842, "lon_c": 111.78615817103731, "res": 8.0, "count_Reptiles": 0, "count_Ferns": 0, "count_Insects": 0, "count_Birds": 0, "count_Flowering Plants": 0, "count_Amphibians": 0, "count_Mammals": 0, "count_Arachnids": 0, "count_Mosses": 0, "count_Molluscs": 1, "count_Gymnosperms": 0, "count_Basidiomycota": 0, "count_Sac Fungi": 0, "unique_species_count": 1.0, "countryCode": "VN" }, "geometry": { "type": "MultiPolygon", "coordinates": [ [ [ [ 112.093692040450051, 11.581621718597084 ], [ 112.337414587641248, 11.187520893697108 ], [ 112.030409206939964, 10.808232801834439 ], [ 111.482651933390642, 10.820436953155797 ], [ 111.237090821794055, 11.215475894392624 ], [ 111.54113007535345, 11.597382510652761 ], [ 112.093692040450051, 11.581621718597084 ] ] ] ] } },
{ "type": "Feature", "properties": { "geogrid_id": "811233656110144365", "seqnum": 53441.0, "lat_c": 11.233655537588062, "lon_c": 110.14436473163909, "res": 8.0, "count_Reptiles": 1, "count_Ferns": 0, "count_Insects": 0, "count_Birds": 0, "count_Flowering Plants": 0, "count_Amphibians": 0, "count_Mammals": 0, "count_Arachnids": 0, "count_Mosses": 0, "count_Molluscs": 0, "count_Gymnosperms": 0, "count_Basidiomycota": 0, "count_Sac Fungi": 0, "unique_species_count": 1.0, "countryCode": "VN" }, "geometry": { "type": "MultiPolygon", "coordinates": [ [ [ [ 110.442251523189043, 11.620672580610286 ], [ 110.689911913854914, 11.225605185380584 ], [ 110.392541892345406, 10.838050103402306 ], [ 109.849702884786396, 10.844084722862442 ], [ 109.600228618421767, 11.239906067152772 ], [ 109.895390181946766, 11.628965581361186 ], [ 110.442251523189043, 11.620672580610286 ] ] ] ] } },
{ "type": "Feature", "properties": { "geogrid_id": "811245784105279352", "seqnum": 52952.0, "lat_c": 11.24578428657947, "lon_c": 105.27935196594704, "res": 8.0, "count_Reptiles": 0, "count_Ferns": 0, "count_Insects": 0, "count_Birds": 0, "count_Flowering Plants": 1, "count_Amphibians": 0, "count_Mammals": 0, "count_Arachnids": 0, "count_Mosses": 0, "count_Molluscs": 0, "count_Gymnosperms": 0, "count_Basidiomycota": 0, "count_Sac Fungi": 0, "unique_species_count": 1.0, "countryCode": "VN" }, "geometry": { "type": "MultiPolygon", "coordinates": [ [ [ [ 105.558300820337337, 11.644065243896845 ], [ 105.817419267254863, 11.248262753310945 ], [ 105.538744321803975, 10.849686187061749 ], [ 105.002179514188342, 10.846634333371073 ], [ 104.74160642113182, 11.24261333684683 ], [ 105.019020388083348, 11.641490012347992 ], [ 105.558300820337337, 11.644065243896845 ] ] ] ] } },
{ "type": "Feature", "properties": { "geogrid_id": "811247881108515451", "seqnum": 53278.0, "lat_c": 11.247880611630698, "lon_c": 108.51545090482163, "res": 8.0, "count_Reptiles": 18, "count_Ferns": 0, "count_Insects": 58, "count_Birds": 40, "count_Flowering Plants": 60, "count_Amphibians": 4, "count_Mammals": 8, "count_Arachnids": 4, "count_Mosses": 0, "count_Molluscs": 17, "count_Gymnosperms": 0, "count_Basidiomycota": 1, "count_Sac Fungi": 0, "unique_species_count": 210.0, "countryCode": "VN" }, "geometry": { "type": "MultiPolygon", "coordinates": [ [ [ [ 108.805732578194636, 11.640252650858894 ], [ 109.057312710410386, 11.244585059699482 ], [ 108.767485145560855, 10.851758887146028 ], [ 108.227792474816795, 10.853739437968978 ], [ 107.974497793820433, 11.249948772329686 ], [ 108.262583516353871, 11.643664519147455 ], [ 108.805732578194636, 11.640252650858894 ] ] ] ] } },
{ "type": "Feature", "properties": { "geogrid_id": "811250903106894820", "seqnum": 53115.0, "lat_c": 11.250903226730529, "lon_c": 106.89482026808987, "res": 8.0, "count_Reptiles": 51, "count_Ferns": 8, "count_Insects": 238, "count_Birds": 134, "count_Flowering Plants": 174, "count_Amphibians": 24, "count_Mammals": 26, "count_Arachnids": 36, "count_Mosses": 1, "count_Molluscs": 10, "count_Gymnosperms": 1, "count_Basidiomycota": 6, "count_Sac Fungi": 0, "unique_species_count": 709.0, "countryCode": "VN" }, "geometry": { "type": "MultiPolygon", "coordinates": [ [ [ [ 107.178919788681469, 11.646818570541846 ], [ 107.434325358967172, 11.250919832973185 ], [ 107.150594501361311, 10.854634333035946 ], [ 106.612875086933144, 10.853746607230214 ], [ 106.3558816522104, 11.249991378566902 ], [ 106.638164523561628, 11.646803917672935 ], [ 107.178919788681469, 11.646818570541846 ] ] ] ] } },
{ "type": "Feature", "properties": { "geogrid_id": "811562449112648778", "seqnum": 53686.0, "lat_c": 11.562449418147722, "lon_c": 112.64877776401288, "res": 8.0, "count_Reptiles": 1, "count_Ferns": 0, "count_Insects": 0, "count_Birds": 0, "count_Flowering Plants": 0, "count_Amphibians": 0, "count_Mammals": 0, "count_Arachnids": 0, "count_Mosses": 0, "count_Molluscs": 0, "count_Gymnosperms": 0, "count_Basidiomycota": 0, "count_Sac Fungi": 0, "unique_species_count": 1.0, "countryCode": "VN" }, "geometry": { "type": "MultiPolygon", "coordinates": [ [ [ [ 112.964802769480926, 11.932396819072435 ], [ 113.206793904565629, 11.539201815241027 ], [ 112.891214508285273, 11.168731016726529 ], [ 112.337414587641248, 11.187520893697108 ], [ 112.093692040450051, 11.581621718597084 ], [ 112.405531447618728, 11.956001361046397 ], [ 112.964802769480926, 11.932396819072435 ] ] ] ] } },
{ "type": "Feature", "properties": { "geogrid_id": "811635416109349947", "seqnum": 53360.0, "lat_c": 11.635416055557698, "lon_c": 109.34994665068371, "res": 8.0, "count_Reptiles": 15, "count_Ferns": 6, "count_Insects": 28, "count_Birds": 14, "count_Flowering Plants": 190, "count_Amphibians": 3, "count_Mammals": 14, "count_Arachnids": 4, "count_Mosses": 0, "count_Molluscs": 17, "count_Gymnosperms": 0, "count_Basidiomycota": 0, "count_Sac Fungi": 0, "unique_species_count": 291.0, "countryCode": "VN" }, "geometry": { "type": "MultiPolygon", "coordinates": [ [ [ [ 109.645574117046422, 12.023987669631486 ], [ 109.895390181946766, 11.628965581361186 ], [ 109.600228618421767, 11.239906067152772 ], [ 109.057312710410386, 11.244585059699482 ], [ 108.805732578194636, 11.640252650858894 ], [ 109.098812179677694, 12.030621681619294 ], [ 109.645574117046422, 12.023987669631486 ] ] ] ] } },
{ "type": "Feature", "properties": { "geogrid_id": "811645809107720355", "seqnum": 53197.0, "lat_c": 11.645809170306842, "lon_c": 107.72035507636197, "res": 8.0, "count_Reptiles": 84, "count_Ferns": 14, "count_Insects": 634, "count_Birds": 318, "count_Flowering Plants": 240, "count_Amphibians": 36, "count_Mammals": 62, "count_Arachnids": 40, "count_Mosses": 16, "count_Molluscs": 12, "count_Gymnosperms": 0, "count_Basidiomycota": 17, "count_Sac Fungi": 3, "unique_species_count": 1476.0, "countryCode": "VN" }, "geometry": { "type": "MultiPolygon", "coordinates": [ [ [ [ 108.008837219855167, 12.039116505508963 ], [ 108.262583516353871, 11.643664519147455 ], [ 107.974497793820433, 11.249948772329686 ], [ 107.434325358967172, 11.250919832973185 ], [ 107.178919788681469, 11.646818570541846 ], [ 107.465318239606603, 12.041325922654929 ], [ 108.008837219855167, 12.039116505508963 ] ] ] ] } },
{ "type": "Feature", "properties": { "geogrid_id": "811645859106097988", "seqnum": 53034.0, "lat_c": 11.645859410127674, "lon_c": 106.09798836064846, "res": 8.0, "count_Reptiles": 5, "count_Ferns": 0, "count_Insects": 14, "count_Birds": 12, "count_Flowering Plants": 18, "count_Amphibians": 7, "count_Mammals": 11, "count_Arachnids": 1, "count_Mosses": 0, "count_Molluscs": 1, "count_Gymnosperms": 0, "count_Basidiomycota": 0, "count_Sac Fungi": 0, "unique_species_count": 69.0, "countryCode": "VN" }, "geometry": { "type": "MultiPolygon", "coordinates": [ [ [ [ 106.38058077145233, 12.04234045731709 ], [ 106.638164523561628, 11.646803917672935 ], [ 106.3558816522104, 11.249991378566902 ], [ 105.817419267254863, 11.248262753310945 ], [ 105.558300820337337, 11.644065243896845 ], [ 105.83914859894368, 12.041354139597484 ], [ 106.38058077145233, 12.04234045731709 ] ] ] ] } },
{ "type": "Feature", "properties": { "geogrid_id": "812035601108553287", "seqnum": 53279.0, "lat_c": 12.035601325833975, "lon_c": 108.55328744603922, "res": 8.0, "count_Reptiles": 47, "count_Ferns": 22, "count_Insects": 342, "count_Birds": 249, "count_Flowering Plants": 268, "count_Amphibians": 25, "count_Mammals": 44, "count_Arachnids": 11, "count_Mosses": 53, "count_Molluscs": 6, "count_Gymnosperms": 9, "count_Basidiomycota": 12, "count_Sac Fungi": 5, "unique_species_count": 1093.0, "countryCode": "VN" }, "geometry": { "type": "MultiPolygon", "coordinates": [ [ [ [ 108.846781044338684, 12.425529323181179 ], [ 109.098812179677694, 12.030621681619294 ], [ 108.805732578194636, 11.640252650858894 ], [ 108.262583516353871, 11.643664519147455 ], [ 108.008837219855167, 12.039116505508963 ], [ 108.299932598609658, 12.430636999341829 ], [ 108.846781044338684, 12.425529323181179 ] ] ] ] } },
{ "type": "Feature", "properties": { "geogrid_id": "812042363106922604", "seqnum": 53116.0, "lat_c": 12.042362985666475, "lon_c": 106.92260369604821, "res": 8.0, "count_Reptiles": 12, "count_Ferns": 1, "count_Insects": 59, "count_Birds": 33, "count_Flowering Plants": 29, "count_Amphibians": 2, "count_Mammals": 14, "count_Arachnids": 4, "count_Mosses": 0, "count_Molluscs": 1, "count_Gymnosperms": 0, "count_Basidiomycota": 5, "count_Sac Fungi": 0, "unique_species_count": 160.0, "countryCode": "VN" }, "geometry": { "type": "MultiPolygon", "coordinates": [ [ [ [ 107.209341771004787, 12.436503873011189 ], [ 107.465318239606603, 12.041325922654929 ], [ 107.178919788681469, 11.646818570541846 ], [ 106.638164523561628, 11.646803917672935 ], [ 106.38058077145233, 12.04234045731709 ], [ 106.665331294332944, 12.437557350809673 ], [ 107.209341771004787, 12.436503873011189 ] ] ] ] } },
{ "type": "Feature", "properties": { "geogrid_id": "812325464112721970", "seqnum": 53687.0, "lat_c": 12.325463784901968, "lon_c": 112.7219695830332, "res": 8.0, "count_Reptiles": 0, "count_Ferns": 0, "count_Insects": 0, "count_Birds": 2, "count_Flowering Plants": 0, "count_Amphibians": 0, "count_Mammals": 0, "count_Arachnids": 0, "count_Mosses": 0, "count_Molluscs": 0, "count_Gymnosperms": 0, "count_Basidiomycota": 0, "count_Sac Fungi": 0, "unique_species_count": 2.0, "countryCode": "VN" }, "geometry": { "type": "MultiPolygon", "coordinates": [ [ [ [ 113.04331514848279, 12.689331673251152 ], [ 113.285810360142023, 12.296657617596109 ], [ 112.964802769480926, 11.932396819072435 ], [ 112.405531447618728, 11.956001361046397 ], [ 112.161438051000715, 12.349392752206612 ], [ 112.478258756042266, 12.718406827871512 ], [ 113.04331514848279, 12.689331673251152 ] ] ] ] } },
{ "type": "Feature", "properties": { "geogrid_id": "812385635111048579", "seqnum": 53524.0, "lat_c": 12.38563463756986, "lon_c": 111.0485791180984, "res": 8.0, "count_Reptiles": 2, "count_Ferns": 0, "count_Insects": 0, "count_Birds": 0, "count_Flowering Plants": 0, "count_Amphibians": 0, "count_Mammals": 0, "count_Arachnids": 0, "count_Mosses": 0, "count_Molluscs": 0, "count_Gymnosperms": 0, "count_Basidiomycota": 0, "count_Sac Fungi": 0, "unique_species_count": 2.0, "countryCode": "VN" }, "geometry": { "type": "MultiPolygon", "coordinates": [ [ [ [ 111.357488642684686, 12.762768059834983 ], [ 111.603767967322781, 12.369239061783039 ], [ 111.29528388101464, 11.991617162310687 ], [ 110.743580182154048, 12.004793293391076 ], [ 110.495546733468274, 12.399086786260311 ], [ 110.800975763562263, 12.779441181338411 ], [ 111.357488642684686, 12.762768059834983 ] ] ] ] } },
{ "type": "Feature", "properties": { "geogrid_id": "812418729109394873", "seqnum": 53361.0, "lat_c": 12.418728560827796, "lon_c": 109.39487305786162, "res": 8.0, "count_Reptiles": 33, "count_Ferns": 5, "count_Insects": 165, "count_Birds": 95, "count_Flowering Plants": 314, "count_Amphibians": 9, "count_Mammals": 28, "count_Arachnids": 12, "count_Mosses": 1, "count_Molluscs": 184, "count_Gymnosperms": 1, "count_Basidiomycota": 4, "count_Sac Fungi": 1, "unique_species_count": 852.0, "countryCode": "VN" }, "geometry": { "type": "MultiPolygon", "coordinates": [ [ [ [ 109.694107613244284, 12.804285997066694 ], [ 109.944391763666061, 12.410006313000261 ], [ 109.645574117046422, 12.023987669631486 ], [ 109.098812179677694, 12.030621681619294 ], [ 108.846781044338684, 12.425529323181179 ], [ 109.143244052973273, 12.813194366422806 ], [ 109.694107613244284, 12.804285997066694 ] ] ] ] } },
{ "type": "Feature", "properties": { "geogrid_id": "812434242107754167", "seqnum": 53198.0, "lat_c": 12.434241967046482, "lon_c": 107.75416685502874, "res": 8.0, "count_Reptiles": 23, "count_Ferns": 2, "count_Insects": 56, "count_Birds": 99, "count_Flowering Plants": 26, "count_Amphibians": 18, "count_Mammals": 20, "count_Arachnids": 1, "count_Mosses": 0, "count_Molluscs": 0, "count_Gymnosperms": 0, "count_Basidiomycota": 0, "count_Sac Fungi": 0, "unique_species_count": 245.0, "countryCode": "VN" }, "geometry": { "type": "MultiPolygon", "coordinates": [ [ [ [ 108.045623833792291, 12.825365043266062 ], [ 108.299932598609658, 12.430636999341829 ], [ 108.008837219855167, 12.039116505508963 ], [ 107.465318239606603, 12.041325922654929 ], [ 107.209341771004787, 12.436503873011189 ], [ 107.498527755538817, 12.82904580720589 ], [ 108.045623833792291, 12.825365043266062 ] ] ] ] } },
{ "type": "Feature", "properties": { "geogrid_id": "812742629111916460", "seqnum": 53606.0, "lat_c": 12.74262874685323, "lon_c": 111.91646034999027, "res": 8.0, "count_Reptiles": 1, "count_Ferns": 0, "count_Insects": 0, "count_Birds": 1, "count_Flowering Plants": 0, "count_Amphibians": 0, "count_Mammals": 0, "count_Arachnids": 0, "count_Mosses": 0, "count_Molluscs": 0, "count_Gymnosperms": 0, "count_Basidiomycota": 0, "count_Sac Fungi": 0, "unique_species_count": 2.0, "countryCode": "VN" }, "geometry": { "type": "MultiPolygon", "coordinates": [ [ [ [ 112.233634777676002, 13.111229439965943 ], [ 112.478258756042266, 12.718406827871512 ], [ 112.161438051000715, 12.349392752206612 ], [ 111.603767967322781, 12.369239061783039 ], [ 111.357488642684686, 12.762768059834983 ], [ 111.670561308755836, 13.135713811447435 ], [ 112.233634777676002, 13.111229439965943 ] ] ] ] } },
{ "type": "Feature", "properties": { "geogrid_id": "812793146110246606", "seqnum": 53443.0, "lat_c": 12.793145567933337, "lon_c": 110.24660615397192, "res": 8.0, "count_Reptiles": 1, "count_Ferns": 0, "count_Insects": 0, "count_Birds": 0, "count_Flowering Plants": 0, "count_Amphibians": 0, "count_Mammals": 0, "count_Arachnids": 0, "count_Mosses": 0, "count_Molluscs": 1, "count_Gymnosperms": 0, "count_Basidiomycota": 0, "count_Sac Fungi": 0, "unique_species_count": 2.0, "countryCode": "VN" }, "geometry": { "type": "MultiPolygon", "coordinates": [ [ [ [ 110.552434132890411, 13.173042323410215 ], [ 110.800975763562263, 12.779441181338411 ], [ 110.495546733468274, 12.399086786260311 ], [ 109.944391763666061, 12.410006313000261 ], [ 109.694107613244284, 12.804285997066694 ], [ 109.996717664885963, 13.186975329611009 ], [ 110.552434132890411, 13.173042323410215 ] ] ] ] } },
{ "type": "Feature", "properties": { "geogrid_id": "812820145108593810", "seqnum": 53280.0, "lat_c": 12.820144763260855, "lon_c": 108.59380960883568, "res": 8.0, "count_Reptiles": 20, "count_Ferns": 0, "count_Insects": 57, "count_Birds": 5, "count_Flowering Plants": 14, "count_Amphibians": 36, "count_Mammals": 12, "count_Arachnids": 4, "count_Mosses": 0, "count_Molluscs": 0, "count_Gymnosperms": 0, "count_Basidiomycota": 4, "count_Sac Fungi": 0, "unique_species_count": 152.0, "countryCode": "VN" }, "geometry": { "type": "MultiPolygon", "coordinates": [ [ [ [ 108.890644570923541, 13.207390578725711 ], [ 109.143244052973273, 12.813194366422806 ], [ 108.846781044338684, 12.425529323181179 ], [ 108.299932598609658, 12.430636999341829 ], [ 108.045623833792291, 12.825365043266062 ], [ 108.339854657878377, 13.214473210239383 ], [ 108.890644570923541, 13.207390578725711 ] ] ] ] } },
{ "type": "Feature", "properties": { "geogrid_id": "813156118111110280", "seqnum": 53525.0, "lat_c": 13.156117695535698, "lon_c": 111.11027978743111, "res": 8.0, "count_Reptiles": 1, "count_Ferns": 0, "count_Insects": 0, "count_Birds": 0, "count_Flowering Plants": 0, "count_Amphibians": 0, "count_Mammals": 0, "count_Arachnids": 0, "count_Mosses": 0, "count_Molluscs": 0, "count_Gymnosperms": 0, "count_Basidiomycota": 0, "count_Sac Fungi": 0, "unique_species_count": 1.0, "countryCode": "VN" }, "geometry": { "type": "MultiPolygon", "coordinates": [ [ [ [ 111.423703995131788, 13.528651778391119 ], [ 111.670561308755836, 13.135713811447435 ], [ 111.357488642684686, 12.762768059834983 ], [ 110.800975763562263, 12.779441181338411 ], [ 110.552434132890411, 13.173042323410215 ], [ 110.862103148914784, 13.549292440730374 ], [ 111.423703995131788, 13.528651778391119 ] ] ] ] } },
{ "type": "Feature", "properties": { "geogrid_id": "813198315109442865", "seqnum": 53362.0, "lat_c": 13.198315333163796, "lon_c": 109.44286484780706, "res": 8.0, "count_Reptiles": 17, "count_Ferns": 0, "count_Insects": 32, "count_Birds": 14, "count_Flowering Plants": 28, "count_Amphibians": 3, "count_Mammals": 17, "count_Arachnids": 1, "count_Mosses": 0, "count_Molluscs": 7, "count_Gymnosperms": 0, "count_Basidiomycota": 0, "count_Sac Fungi": 0, "unique_species_count": 119.0, "countryCode": "VN" }, "geometry": { "type": "MultiPolygon", "coordinates": [ [ [ [ 109.745840770611366, 13.580581108646259 ], [ 109.996717664885963, 13.186975329611009 ], [ 109.694107613244284, 12.804285997066694 ], [ 109.143244052973273, 12.813194366422806 ], [ 108.890644570923541, 13.207390578725711 ], [ 109.190622052637323, 13.592099359075124 ], [ 109.745840770611366, 13.580581108646259 ] ] ] ] } },
{ "type": "Feature", "properties": { "geogrid_id": "813219790107790317", "seqnum": 53199.0, "lat_c": 13.219790300025885, "lon_c": 107.79031736168484, "res": 8.0, "count_Reptiles": 7, "count_Ferns": 0, "count_Insects": 34, "count_Birds": 90, "count_Flowering Plants": 16, "count_Amphibians": 1, "count_Mammals": 5, "count_Arachnids": 5, "count_Mosses": 1, "count_Molluscs": 0, "count_Gymnosperms": 0, "count_Basidiomycota": 2, "count_Sac Fungi": 0, "unique_species_count": 161.0, "countryCode": "VN" }, "geometry": { "type": "MultiPolygon", "coordinates": [ [ [ [ 108.08487330149471, 13.608519317144971 ], [ 108.339854657878377, 13.214473210239383 ], [ 108.045623833792291, 12.825365043266062 ], [ 107.498527755538817, 12.82904580720589 ], [ 107.241875652088453, 13.223532443939764 ], [ 107.533969712318779, 13.613917095787025 ], [ 108.08487330149471, 13.608519317144971 ] ] ] ] } },
{ "type": "Feature", "properties": { "geogrid_id": "813503935111988062", "seqnum": 53607.0, "lat_c": 13.503934542863789, "lon_c": 111.98806214197622, "res": 8.0, "count_Reptiles": 2, "count_Ferns": 0, "count_Insects": 0, "count_Birds": 0, "count_Flowering Plants": 0, "count_Amphibians": 0, "count_Mammals": 0, "count_Arachnids": 0, "count_Mosses": 0, "count_Molluscs": 0, "count_Gymnosperms": 0, "count_Basidiomycota": 0, "count_Sac Fungi": 0, "unique_species_count": 2.0, "countryCode": "VN" }, "geometry": { "type": "MultiPolygon", "coordinates": [ [ [ [ 112.310268725656542, 13.866828086440519 ], [ 112.555578441514299, 13.47441536751467 ], [ 112.233634777676002, 13.111229439965943 ], [ 111.670561308755836, 13.135713811447435 ], [ 111.423703995131788, 13.528651778391119 ], [ 111.741505282347376, 13.896524533383474 ], [ 112.310268725656542, 13.866828086440519 ] ] ] ] } },
{ "type": "Feature", "properties": { "geogrid_id": "813566443110302915", "seqnum": 53444.0, "lat_c": 13.566442925367591, "lon_c": 110.30291478335988, "res": 8.0, "count_Reptiles": 1, "count_Ferns": 0, "count_Insects": 0, "count_Birds": 0, "count_Flowering Plants": 0, "count_Amphibians": 0, "count_Mammals": 0, "count_Arachnids": 0, "count_Mosses": 0, "count_Molluscs": 0, "count_Gymnosperms": 0, "count_Basidiomycota": 0, "count_Sac Fungi": 0, "unique_species_count": 1.0, "countryCode": "VN" }, "geometry": { "type": "MultiPolygon", "coordinates": [ [ [ [ 110.612920574521738, 13.94229614916128 ], [ 110.862103148914784, 13.549292440730374 ], [ 110.552434132890411, 13.173042323410215 ], [ 109.996717664885963, 13.186975329611009 ], [ 109.745840770611366, 13.580581108646259 ], [ 110.052378427173849, 13.959647222429444 ], [ 110.612920574521738, 13.94229614916128 ] ] ] ] } },
{ "type": "Feature", "properties": { "geogrid_id": "813601322108637032", "seqnum": 53281.0, "lat_c": 13.601322096844731, "lon_c": 108.63703240270739, "res": 8.0, "count_Reptiles": 0, "count_Ferns": 0, "count_Insects": 2, "count_Birds": 6, "count_Flowering Plants": 18, "count_Amphibians": 0, "count_Mammals": 0, "count_Arachnids": 0, "count_Mosses": 0, "count_Molluscs": 0, "count_Gymnosperms": 0, "count_Basidiomycota": 0, "count_Sac Fungi": 0, "unique_species_count": 26.0, "countryCode": "VN" }, "geometry": { "type": "MultiPolygon", "coordinates": [ [ [ [ 108.937338032738538, 13.985642515589749 ], [ 109.190622052637323, 13.592099359075124 ], [ 108.890644570923541, 13.207390578725711 ], [ 108.339854657878377, 13.214473210239383 ], [ 108.08487330149471, 13.608519317144971 ], [ 108.382365573081856, 13.994993250778693 ], [ 108.937338032738538, 13.985642515589749 ] ] ] ] } },
{ "type": "Feature", "properties": { "geogrid_id": "813973967109493935", "seqnum": 53363.0, "lat_c": 13.973967324874772, "lon_c": 109.49393516970665, "res": 8.0, "count_Reptiles": 4, "count_Ferns": 0, "count_Insects": 29, "count_Birds": 17, "count_Flowering Plants": 29, "count_Amphibians": 1, "count_Mammals": 6, "count_Arachnids": 0, "count_Mosses": 0, "count_Molluscs": 6, "count_Gymnosperms": 0, "count_Basidiomycota": 0, "count_Sac Fungi": 0, "unique_species_count": 92.0, "countryCode": "VN" }, "geometry": { "type": "MultiPolygon", "coordinates": [ [ [ [ 109.800785852992632, 14.352658860729889 ], [ 110.052378427173849, 13.959647222429444 ], [ 109.745840770611366, 13.580581108646259 ], [ 109.190622052637323, 13.592099359075124 ], [ 108.937338032738538, 13.985642515589749 ], [ 109.240960674176918, 14.36713781333207 ], [ 109.800785852992632, 14.352658860729889 ] ] ] ] } },
{ "type": "Feature", "properties": { "geogrid_id": "814002287107828823", "seqnum": 53200.0, "lat_c": 14.002287199877692, "lon_c": 107.82882288804876, "res": 8.0, "count_Reptiles": 6, "count_Ferns": 0, "count_Insects": 75, "count_Birds": 42, "count_Flowering Plants": 22, "count_Amphibians": 0, "count_Mammals": 4, "count_Arachnids": 1, "count_Mosses": 0, "count_Molluscs": 0, "count_Gymnosperms": 0, "count_Basidiomycota": 0, "count_Sac Fungi": 0, "unique_species_count": 150.0, "countryCode": "VN" }, "geometry": { "type": "MultiPolygon", "coordinates": [ [ [ [ 108.126602259518194, 14.388407823637685 ], [ 108.382365573081856, 13.994993250778693 ], [ 108.08487330149471, 13.608519317144971 ], [ 107.533969712318779, 13.613917095787025 ], [ 107.276537651015815, 14.007749253282068 ], [ 107.571660924437651, 14.395780454276125 ], [ 108.126602259518194, 14.388407823637685 ] ] ] ] } },
{ "type": "Feature", "properties": { "geogrid_id": "814335132110362694", "seqnum": 53445.0, "lat_c": 14.335132096995768, "lon_c": 110.36269393734364, "res": 8.0, "count_Reptiles": 1, "count_Ferns": 0, "count_Insects": 0, "count_Birds": 0, "count_Flowering Plants": 0, "count_Amphibians": 0, "count_Mammals": 0, "count_Arachnids": 0, "count_Mosses": 0, "count_Molluscs": 0, "count_Gymnosperms": 0, "count_Basidiomycota": 0, "count_Sac Fungi": 0, "unique_species_count": 1.0, "countryCode": "VN" }, "geometry": { "type": "MultiPolygon", "coordinates": [ [ [ [ 110.677013119135623, 14.7066128651082 ], [ 110.926966894767133, 14.314098858465689 ], [ 110.612920574521738, 13.94229614916128 ], [ 110.052378427173849, 13.959647222429444 ], [ 109.800785852992632, 14.352658860729889 ], [ 110.11138506879908, 14.727803018497543 ], [ 110.677013119135623, 14.7066128651082 ] ] ] ] } },
{ "type": "Feature", "properties": { "geogrid_id": "814378949108682972", "seqnum": 53282.0, "lat_c": 14.378948674041403, "lon_c": 108.68297173138352, "res": 8.0, "count_Reptiles": 11, "count_Ferns": 8, "count_Insects": 159, "count_Birds": 59, "count_Flowering Plants": 51, "count_Amphibians": 18, "count_Mammals": 10, "count_Arachnids": 7, "count_Mosses": 1, "count_Molluscs": 0, "count_Gymnosperms": 1, "count_Basidiomycota": 2, "count_Sac Fungi": 2, "unique_species_count": 329.0, "countryCode": "VN" }, "geometry": { "type": "MultiPolygon", "coordinates": [ [ [ [ 108.986877135896165, 14.760095853636166 ], [ 109.240960674176918, 14.36713781333207 ], [ 108.937338032738538, 13.985642515589749 ], [ 108.382365573081856, 13.994993250778693 ], [ 108.126602259518194, 14.388407823637685 ], [ 108.427482155601908, 14.772021161292004 ], [ 108.986877135896165, 14.760095853636166 ] ] ] ] } },
{ "type": "Feature", "properties": { "geogrid_id": "814573851112969971", "seqnum": 53690.0, "lat_c": 14.573851102237976, "lon_c": 112.96997134114605, "res": 8.0, "count_Reptiles": 1, "count_Ferns": 0, "count_Insects": 0, "count_Birds": 0, "count_Flowering Plants": 0, "count_Amphibians": 0, "count_Mammals": 0, "count_Arachnids": 0, "count_Mosses": 0, "count_Molluscs": 0, "count_Gymnosperms": 0, "count_Basidiomycota": 0, "count_Sac Fungi": 0, "unique_species_count": 1.0, "countryCode": "VN" }, "geometry": { "type": "MultiPolygon", "coordinates": [ [ [ [ 113.308082964669964, 14.916373900540593 ], [ 113.553094527903681, 14.523997064701701 ], [ 113.214988652847097, 14.181640360271009 ], [ 112.637471089512303, 14.223719333061377 ], [ 112.391325334421737, 14.615898167112219 ], [ 112.723915918199253, 14.966025742609528 ], [ 113.308082964669964, 14.916373900540593 ] ] ] ] } },
{ "type": "Feature", "properties": { "geogrid_id": "814681366111245296", "seqnum": 53527.0, "lat_c": 14.681366369273517, "lon_c": 111.24529597378553, "res": 8.0, "count_Reptiles": 2, "count_Ferns": 0, "count_Insects": 1, "count_Birds": 0, "count_Flowering Plants": 0, "count_Amphibians": 0, "count_Mammals": 0, "count_Arachnids": 0, "count_Mosses": 0, "count_Molluscs": 0, "count_Gymnosperms": 0, "count_Basidiomycota": 0, "count_Sac Fungi": 0, "unique_species_count": 3.0, "countryCode": "VN" }, "geometry": { "type": "MultiPolygon", "coordinates": [ [ [ [ 111.568160415212901, 15.04355983548734 ], [ 111.816594515148623, 14.651399936017702 ], [ 111.493928512650271, 14.289001322566648 ], [ 110.926966894767133, 14.314098858465689 ], [ 110.677013119135623, 14.7066128651082 ], [ 110.995571584846786, 15.073620709027146 ], [ 111.568160415212901, 15.04355983548734 ] ] ] ] } },
{ "type": "Feature", "properties": { "geogrid_id": "814745481109548098", "seqnum": 53364.0, "lat_c": 14.745480930466609, "lon_c": 109.5480978546249, "res": 8.0, "count_Reptiles": 2, "count_Ferns": 0, "count_Insects": 1, "count_Birds": 0, "count_Flowering Plants": 1, "count_Amphibians": 0, "count_Mammals": 2, "count_Arachnids": 0, "count_Mosses": 0, "count_Molluscs": 3, "count_Gymnosperms": 0, "count_Basidiomycota": 0, "count_Sac Fungi": 0, "unique_species_count": 9.0, "countryCode": "VN" }, "geometry": { "type": "MultiPolygon", "coordinates": [ [ [ [ 109.858955697146641, 15.120311137376151 ], [ 110.11138506879908, 14.727803018497543 ], [ 109.800785852992632, 14.352658860729889 ], [ 109.240960674176918, 14.36713781333207 ], [ 108.986877135896165, 14.760095853636166 ], [ 109.294275165833355, 15.138115995314692 ], [ 109.858955697146641, 15.120311137376151 ] ] ] ] } },
{ "type": "Feature", "properties": { "geogrid_id": "814781569107869701", "seqnum": 53201.0, "lat_c": 14.781569072021425, "lon_c": 107.86970071778748, "res": 8.0, "count_Reptiles": 27, "count_Ferns": 4, "count_Insects": 107, "count_Birds": 90, "count_Flowering Plants": 43, "count_Amphibians": 8, "count_Mammals": 24, "count_Arachnids": 1, "count_Mosses": 0, "count_Molluscs": 7, "count_Gymnosperms": 1, "count_Basidiomycota": 1, "count_Sac Fungi": 5, "unique_species_count": 318.0, "countryCode": "VN" }, "geometry": { "type": "MultiPolygon", "coordinates": [ [ [ [ 108.170828307664564, 15.164862782304979 ], [ 108.427482155601908, 14.772021161292004 ], [ 108.126602259518194, 14.388407823637685 ], [ 107.571660924437651, 14.395780454276125 ], [ 107.313345002549482, 14.789002171966672 ], [ 107.611619213309083, 15.17447974460339 ], [ 108.170828307664564, 15.164862782304979 ] ] ] ] } },
{ "type": "Feature", "properties": { "geogrid_id": "815098990110425953", "seqnum": 53446.0, "lat_c": 15.098989628691827, "lon_c": 110.42595297577081, "res": 8.0, "count_Reptiles": 1, "count_Ferns": 0, "count_Insects": 0, "count_Birds": 0, "count_Flowering Plants": 0, "count_Amphibians": 0, "count_Mammals": 0, "count_Arachnids": 0, "count_Mosses": 0, "count_Molluscs": 0, "count_Gymnosperms": 0, "count_Basidiomycota": 0, "count_Sac Fungi": 0, "unique_species_count": 1.0, "countryCode": "VN" }, "geometry": { "type": "MultiPolygon", "coordinates": [ [ [ [ 110.744718998079946, 15.465764978729155 ], [ 110.995571584846786, 15.073620709027146 ], [ 110.677013119135623, 14.7066128651082 ], [ 110.11138506879908, 14.727803018497543 ], [ 109.858955697146641, 15.120311137376151 ], [ 110.173749053385976, 15.491230414258366 ], [ 110.744718998079946, 15.465764978729155 ] ] ] ] } },
{ "type": "Feature", "properties": { "geogrid_id": "815152844108731644", "seqnum": 53283.0, "lat_c": 15.152844196298362, "lon_c": 108.7316443791595, "res": 8.0, "count_Reptiles": 7, "count_Ferns": 1, "count_Insects": 32, "count_Birds": 18, "count_Flowering Plants": 14, "count_Amphibians": 1, "count_Mammals": 9, "count_Arachnids": 2, "count_Mosses": 0, "count_Molluscs": 9, "count_Gymnosperms": 1, "count_Basidiomycota": 0, "count_Sac Fungi": 0, "unique_species_count": 94.0, "countryCode": "VN" }, "geometry": { "type": "MultiPolygon", "coordinates": [ [ [ [ 109.039278400367394, 15.530566118461195 ], [ 109.294275165833355, 15.138115995314692 ], [ 108.986877135896165, 14.760095853636166 ], [ 108.427482155601908, 14.772021161292004 ], [ 108.170828307664564, 15.164862782304979 ], [ 108.47522213850867, 15.545385086206499 ], [ 109.039278400367394, 15.530566118461195 ] ] ] ] } },
{ "type": "Feature", "properties": { "geogrid_id": "815512658109605367", "seqnum": 53365.0, "lat_c": 15.512658194283206, "lon_c": 109.60536739099855, "res": 8.0, "count_Reptiles": 2, "count_Ferns": 0, "count_Insects": 10, "count_Birds": 22, "count_Flowering Plants": 5, "count_Amphibians": 0, "count_Mammals": 1, "count_Arachnids": 0, "count_Mosses": 1, "count_Molluscs": 0, "count_Gymnosperms": 0, "count_Basidiomycota": 0, "count_Sac Fungi": 0, "unique_species_count": 41.0, "countryCode": "VN" }, "geometry": { "type": "MultiPolygon", "coordinates": [ [ [ [ 109.920363684101943, 15.883336060433203 ], [ 110.173749053385976, 15.491230414258366 ], [ 109.858955697146641, 15.120311137376151 ], [ 109.294275165833355, 15.138115995314692 ], [ 109.039278400367394, 15.530566118461195 ], [ 109.350581507081529, 15.904845470865743 ], [ 109.920363684101943, 15.883336060433203 ] ] ] ] } },
{ "type": "Feature", "properties": { "geogrid_id": "815557476107912969", "seqnum": 53202.0, "lat_c": 15.557475840453204, "lon_c": 107.91296912175541, "res": 8.0, "count_Reptiles": 13, "count_Ferns": 5, "count_Insects": 133, "count_Birds": 57, "count_Flowering Plants": 39, "count_Amphibians": 3, "count_Mammals": 3, "count_Arachnids": 2, "count_Mosses": 0, "count_Molluscs": 0, "count_Gymnosperms": 0, "count_Basidiomycota": 8, "count_Sac Fungi": 1, "unique_species_count": 264.0, "countryCode": "VN" }, "geometry": { "type": "MultiPolygon", "coordinates": [ [ [ [ 108.217570001095964, 15.93772028350611 ], [ 108.47522213850867, 15.545385086206499 ], [ 108.170828307664564, 15.164862782304979 ], [ 107.611619213309083, 15.17447974460339 ], [ 107.352315957509276, 15.567142098981469 ], [ 107.653863405132569, 15.949862155702604 ], [ 108.217570001095964, 15.93772028350611 ] ] ] ] } },
{ "type": "Feature", "properties": { "geogrid_id": "815750260112228557", "seqnum": 53610.0, "lat_c": 15.750260113942931, "lon_c": 112.22855652034326, "res": 8.0, "count_Reptiles": 1, "count_Ferns": 0, "count_Insects": 0, "count_Birds": 0, "count_Flowering Plants": 0, "count_Amphibians": 0, "count_Mammals": 0, "count_Arachnids": 0, "count_Mosses": 0, "count_Molluscs": 0, "count_Gymnosperms": 0, "count_Basidiomycota": 0, "count_Sac Fungi": 0, "unique_species_count": 1.0, "countryCode": "VN" }, "geometry": { "type": "MultiPolygon", "coordinates": [ [ [ [ 112.566642774072221, 16.093358372382173 ], [ 112.81489075516771, 15.701056593413821 ], [ 112.476788946073711, 15.358162669537068 ], [ 111.895823038876102, 15.400079980210316 ], [ 111.646397527179005, 15.792080881780498 ], [ 111.979184249648142, 16.142316148875892 ], [ 112.566642774072221, 16.093358372382173 ] ] ] ] } },
{ "type": "Feature", "properties": { "geogrid_id": "815922833108783068", "seqnum": 53284.0, "lat_c": 15.92283288557848, "lon_c": 108.78306799646663, "res": 8.0, "count_Reptiles": 15, "count_Ferns": 2, "count_Insects": 109, "count_Birds": 128, "count_Flowering Plants": 134, "count_Amphibians": 6, "count_Mammals": 18, "count_Arachnids": 5, "count_Mosses": 0, "count_Molluscs": 11, "count_Gymnosperms": 0, "count_Basidiomycota": 1, "count_Sac Fungi": 0, "unique_species_count": 429.0, "countryCode": "VN" }, "geometry": { "type": "MultiPolygon", "coordinates": [ [ [ [ 109.094559141604421, 16.296873810735981 ], [ 109.350581507081529, 15.904845470865743 ], [ 109.039278400367394, 15.530566118461195 ], [ 108.47522213850867, 15.545385086206499 ], [ 108.217570001095964, 15.93772028350611 ], [ 108.52560416518935, 16.31491742502029 ], [ 109.094559141604421, 16.296873810735981 ] ] ] ] } },
{ "type": "Feature", "properties": { "geogrid_id": "815959558107091749", "seqnum": 53121.0, "lat_c": 15.959557916863455, "lon_c": 107.09174904853678, "res": 8.0, "count_Reptiles": 0, "count_Ferns": 0, "count_Insects": 23, "count_Birds": 6, "count_Flowering Plants": 4, "count_Amphibians": 4, "count_Mammals": 0, "count_Arachnids": 1, "count_Mosses": 0, "count_Molluscs": 0, "count_Gymnosperms": 0, "count_Basidiomycota": 2, "count_Sac Fungi": 0, "unique_species_count": 40.0, "countryCode": "VN" }, "geometry": { "type": "MultiPolygon", "coordinates": [ [ [ [ 107.393469783174766, 16.342023080806417 ], [ 107.653863405132569, 15.949862155702604 ], [ 107.352315957509276, 15.567142098981469 ], [ 106.793081672760039, 15.574640929031167 ], [ 106.531049284157191, 15.967061755760151 ], [ 106.829876415767515, 16.351728517659691 ], [ 107.393469783174766, 16.342023080806417 ] ] ] ] } },
{ "type": "Feature", "properties": { "geogrid_id": "816184020111395809", "seqnum": 53529.0, "lat_c": 16.184020012028828, "lon_c": 111.39580906288424, "res": 8.0, "count_Reptiles": 0, "count_Ferns": 0, "count_Insects": 0, "count_Birds": 0, "count_Flowering Plants": 0, "count_Amphibians": 0, "count_Mammals": 0, "count_Arachnids": 0, "count_Mosses": 0, "count_Molluscs": 1, "count_Gymnosperms": 0, "count_Basidiomycota": 0, "count_Sac Fungi": 0, "unique_species_count": 1.0, "countryCode": "VN" }, "geometry": { "type": "MultiPolygon", "coordinates": [ [ [ [ 111.728637235206548, 16.534328688138135 ], [ 111.979184249648142, 16.142316148875892 ], [ 111.646397527179005, 15.792080881780498 ], [ 111.067921790148404, 15.827627013628584 ], [ 110.816045574782237, 16.219533135407907 ], [ 111.144022027819815, 16.575895766151209 ], [ 111.728637235206548, 16.534328688138135 ] ] ] ] } },
{ "type": "Feature", "properties": { "geogrid_id": "816275307109665759", "seqnum": 53366.0, "lat_c": 16.275306999801767, "lon_c": 109.66575889895113, "res": 8.0, "count_Reptiles": 2, "count_Ferns": 0, "count_Insects": 0, "count_Birds": 0, "count_Flowering Plants": 0, "count_Amphibians": 0, "count_Mammals": 0, "count_Arachnids": 0, "count_Mosses": 0, "count_Molluscs": 0, "count_Gymnosperms": 0, "count_Basidiomycota": 0, "count_Sac Fungi": 0, "unique_species_count": 2.0, "countryCode": "VN" }, "geometry": { "type": "MultiPolygon", "coordinates": [ [ [ [ 109.985023709259423, 16.641538178913777 ], [ 110.2394822572154, 16.249723986007297 ], [ 109.920363684101943, 15.883336060433203 ], [ 109.350581507081529, 15.904845470865743 ], [ 109.094559141604421, 16.296873810735981 ], [ 109.409896386087752, 16.667143276407671 ], [ 109.985023709259423, 16.641538178913777 ] ] ] ] } },
{ "type": "Feature", "properties": { "geogrid_id": "816329851107958647", "seqnum": 53203.0, "lat_c": 16.329851082086336, "lon_c": 107.95864735295498, "res": 8.0, "count_Reptiles": 59, "count_Ferns": 8, "count_Insects": 356, "count_Birds": 219, "count_Flowering Plants": 286, "count_Amphibians": 22, "count_Mammals": 44, "count_Arachnids": 14, "count_Mosses": 0, "count_Molluscs": 45, "count_Gymnosperms": 2, "count_Basidiomycota": 3, "count_Sac Fungi": 1, "unique_species_count": 1059.0, "countryCode": "VN" }, "geometry": { "type": "MultiPolygon", "coordinates": [ [ [ [ 108.266846842011333, 16.706820425493831 ], [ 108.52560416518935, 16.31491742502029 ], [ 108.217570001095964, 15.93772028350611 ], [ 107.653863405132569, 15.949862155702604 ], [ 107.393469783174766, 16.342023080806417 ], [ 107.698413328632796, 16.721778325859312 ], [ 108.266846842011333, 16.706820425493831 ] ] ] ] } },
{ "type": "Feature", "properties": { "geogrid_id": "816359219106267693", "seqnum": 53040.0, "lat_c": 16.359218643472332, "lon_c": 106.26769286124512, "res": 8.0, "count_Reptiles": 1, "count_Ferns": 0, "count_Insects": 0, "count_Birds": 4, "count_Flowering Plants": 0, "count_Amphibians": 0, "count_Mammals": 0, "count_Arachnids": 0, "count_Mosses": 0, "count_Molluscs": 0, "count_Gymnosperms": 0, "count_Basidiomycota": 0, "count_Sac Fungi": 0, "unique_species_count": 5.0, "countryCode": "VN" }, "geometry": { "type": "MultiPolygon", "coordinates": [ [ [ [ 106.566655767602825, 16.743654770556315 ], [ 106.829876415767515, 16.351728517659691 ], [ 106.531049284157191, 15.967061755760151 ], [ 105.971605065334458, 15.972590505897271 ], [ 105.706762637258521, 16.364708370323115 ], [ 106.002969486556609, 16.751112356886651 ], [ 106.566655767602825, 16.743654770556315 ] ] ] ] } },
{ "type": "Feature", "properties": { "geogrid_id": "816688744108837261", "seqnum": 53285.0, "lat_c": 16.688743637672232, "lon_c": 108.83726108468682, "res": 8.0, "count_Reptiles": 1, "count_Ferns": 0, "count_Insects": 0, "count_Birds": 0, "count_Flowering Plants": 0, "count_Amphibians": 0, "count_Mammals": 0, "count_Arachnids": 0, "count_Mosses": 0, "count_Molluscs": 0, "count_Gymnosperms": 0, "count_Basidiomycota": 0, "count_Sac Fungi": 0, "unique_species_count": 1.0, "countryCode": "VN" }, "geometry": { "type": "MultiPolygon", "coordinates": [ [ [ [ 109.152737451267257, 17.058844560685479 ], [ 109.409896386087752, 16.667143276407671 ], [ 109.094559141604421, 16.296873810735981 ], [ 108.52560416518935, 16.31491742502029 ], [ 108.266846842011333, 16.706820425493831 ], [ 108.578647777380908, 17.08045497132662 ], [ 109.152737451267257, 17.058844560685479 ] ] ] ] } },
{ "type": "Feature", "properties": { "geogrid_id": "816733960107131747", "seqnum": 53122.0, "lat_c": 16.733959515637807, "lon_c": 107.1317466477891, "res": 8.0, "count_Reptiles": 5, "count_Ferns": 0, "count_Insects": 22, "count_Birds": 28, "count_Flowering Plants": 24, "count_Amphibians": 1, "count_Mammals": 3, "count_Arachnids": 3, "count_Mosses": 0, "count_Molluscs": 2, "count_Gymnosperms": 0, "count_Basidiomycota": 0, "count_Sac Fungi": 0, "unique_species_count": 88.0, "countryCode": "VN" }, "geometry": { "type": "MultiPolygon", "coordinates": [ [ [ [ 107.436826763711437, 17.113502423004544 ], [ 107.698413328632796, 16.721778325859312 ], [ 107.393469783174766, 16.342023080806417 ], [ 106.829876415767515, 16.351728517659691 ], [ 106.566655767602825, 16.743654770556315 ], [ 106.868652108723623, 17.125671919780434 ], [ 107.436826763711437, 17.113502423004544 ] ] ] ] } },
{ "type": "Feature", "properties": { "geogrid_id": "817033241109729288", "seqnum": 53367.0, "lat_c": 17.033241240350261, "lon_c": 109.7292881034667, "res": 8.0, "count_Reptiles": 0, "count_Ferns": 0, "count_Insects": 0, "count_Birds": 6, "count_Flowering Plants": 0, "count_Amphibians": 0, "count_Mammals": 0, "count_Arachnids": 0, "count_Mosses": 0, "count_Molluscs": 0, "count_Gymnosperms": 0, "count_Basidiomycota": 0, "count_Sac Fungi": 0, "unique_species_count": 6.0, "countryCode": "VN" }, "geometry": { "type": "MultiPolygon", "coordinates": [ [ [ [ 110.052950151296443, 17.394728637491838 ], [ 110.308596935248815, 17.003085376998499 ], [ 109.985023709259423, 16.641538178913777 ], [ 109.409896386087752, 16.667143276407671 ], [ 109.152737451267257, 17.058844560685479 ], [ 109.47223717615276, 17.424832073109137 ], [ 110.052950151296443, 17.394728637491838 ] ] ] ] } },
{ "type": "Feature", "properties": { "geogrid_id": "817135337106302045", "seqnum": 53041.0, "lat_c": 17.13533710514189, "lon_c": 106.30204454212796, "res": 8.0, "count_Reptiles": 13, "count_Ferns": 4, "count_Insects": 76, "count_Birds": 46, "count_Flowering Plants": 32, "count_Amphibians": 2, "count_Mammals": 23, "count_Arachnids": 4, "count_Mosses": 1, "count_Molluscs": 1, "count_Gymnosperms": 0, "count_Basidiomycota": 2, "count_Sac Fungi": 0, "unique_species_count": 204.0, "countryCode": "VN" }, "geometry": { "type": "MultiPolygon", "coordinates": [ [ [ [ 106.604143947386675, 17.51716032348811 ], [ 106.868652108723623, 17.125671919780434 ], [ 106.566655767602825, 16.743654770556315 ], [ 106.002969486556609, 16.751112356886651 ], [ 105.736835979746331, 17.142743225635776 ], [ 106.0359998602503, 17.526775520658106 ], [ 106.604143947386675, 17.51716032348811 ] ] ] ] } },
{ "type": "Feature", "properties": { "geogrid_id": "817505023107173846", "seqnum": 53123.0, "lat_c": 17.505023358333691, "lon_c": 107.1738461498084, "res": 8.0, "count_Reptiles": 6, "count_Ferns": 0, "count_Insects": 2, "count_Birds": 7, "count_Flowering Plants": 8, "count_Amphibians": 5, "count_Mammals": 2, "count_Arachnids": 0, "count_Mosses": 0, "count_Molluscs": 3, "count_Gymnosperms": 0, "count_Basidiomycota": 0, "count_Sac Fungi": 0, "unique_species_count": 33.0, "countryCode": "VN" }, "geometry": { "type": "MultiPolygon", "coordinates": [ [ [ [ 107.482408200619616, 17.881440793815131 ], [ 107.745289812673192, 17.490082456275477 ], [ 107.436826763711437, 17.113502423004544 ], [ 106.868652108723623, 17.125671919780434 ], [ 106.604143947386675, 17.51716032348811 ], [ 106.909429591698881, 17.896340703916032 ], [ 107.482408200619616, 17.881440793815131 ] ] ] ] } },
{ "type": "Feature", "properties": { "geogrid_id": "817534111105469249", "seqnum": 52960.0, "lat_c": 17.534111151649626, "lon_c": 105.46924885046066, "res": 8.0, "count_Reptiles": 1, "count_Ferns": 0, "count_Insects": 0, "count_Birds": 0, "count_Flowering Plants": 1, "count_Amphibians": 0, "count_Mammals": 1, "count_Arachnids": 0, "count_Mosses": 0, "count_Molluscs": 0, "count_Gymnosperms": 0, "count_Basidiomycota": 0, "count_Sac Fungi": 0, "unique_species_count": 3.0, "countryCode": "VN" }, "geometry": { "type": "MultiPolygon", "coordinates": [ [ [ [ 105.768478480982893, 17.917969593942157 ], [ 106.0359998602503, 17.526775520658106 ], [ 105.736835979746331, 17.142743225635776 ], [ 105.172874948359464, 17.14810114616731 ], [ 104.903741885495378, 17.539375976497809 ], [ 105.200164253304152, 17.925215615445321 ], [ 105.768478480982893, 17.917969593942157 ] ] ] ] } },
{ "type": "Feature", "properties": { "geogrid_id": "817908424106338180", "seqnum": 53042.0, "lat_c": 17.908424337116177, "lon_c": 106.33817957282396, "res": 8.0, "count_Reptiles": 27, "count_Ferns": 1, "count_Insects": 145, "count_Birds": 74, "count_Flowering Plants": 68, "count_Amphibians": 7, "count_Mammals": 14, "count_Arachnids": 5, "count_Mosses": 0, "count_Molluscs": 5, "count_Gymnosperms": 0, "count_Basidiomycota": 3, "count_Sac Fungi": 0, "unique_species_count": 349.0, "countryCode": "VN" }, "geometry": { "type": "MultiPolygon", "coordinates": [ [ [ [ 106.643534766246887, 18.287453628091036 ], [ 106.909429591698881, 17.896340703916032 ], [ 106.604143947386675, 17.51716032348811 ], [ 106.0359998602503, 17.526775520658106 ], [ 105.768478480982893, 17.917969593942157 ], [ 106.070715979547046, 18.299463159118819 ], [ 106.643534766246887, 18.287453628091036 ] ] ] ] } },
{ "type": "Feature", "properties": { "geogrid_id": "818308918105499437", "seqnum": 52961.0, "lat_c": 18.308918486124806, "lon_c": 105.49943675857824, "res": 8.0, "count_Reptiles": 4, "count_Ferns": 9, "count_Insects": 20, "count_Birds": 8, "count_Flowering Plants": 50, "count_Amphibians": 2, "count_Mammals": 7, "count_Arachnids": 1, "count_Mosses": 2, "count_Molluscs": 1, "count_Gymnosperms": 0, "count_Basidiomycota": 0, "count_Sac Fungi": 0, "unique_species_count": 104.0, "countryCode": "VN" }, "geometry": { "type": "MultiPolygon", "coordinates": [ [ [ [ 105.801709706943114, 18.690275582698479 ], [ 106.070715979547046, 18.299463159118819 ], [ 105.768478480982893, 17.917969593942157 ], [ 105.200164253304152, 17.925215615445321 ], [ 104.929537944622027, 18.316055681360339 ], [ 105.228830601251076, 18.699620948144037 ], [ 105.801709706943114, 18.690275582698479 ] ] ] ] } },
{ "type": "Feature", "properties": { "geogrid_id": "818678361106376119", "seqnum": 53043.0, "lat_c": 18.678360902981609, "lon_c": 106.37611888287091, "res": 8.0, "count_Reptiles": 0, "count_Ferns": 0, "count_Insects": 0, "count_Birds": 0, "count_Flowering Plants": 0, "count_Amphibians": 0, "count_Mammals": 1, "count_Arachnids": 0, "count_Mosses": 0, "count_Molluscs": 0, "count_Gymnosperms": 0, "count_Basidiomycota": 0, "count_Sac Fungi": 0, "unique_species_count": 1.0, "countryCode": "VN" }, "geometry": { "type": "MultiPolygon", "coordinates": [ [ [ [ 106.6848502018711, 19.05441273617965 ], [ 106.952230739290812, 18.663607439897469 ], [ 106.643534766246887, 18.287453628091036 ], [ 106.070715979547046, 18.299463159118819 ], [ 105.801709706943114, 18.690275582698479 ], [ 106.10713864530284, 19.069060910609831 ], [ 106.6848502018711, 19.05441273617965 ] ] ] ] } },
{ "type": "Feature", "properties": { "geogrid_id": "818706630104657325", "seqnum": 52880.0, "lat_c": 18.706630001765127, "lon_c": 104.65732524084969, "res": 8.0, "count_Reptiles": 10, "count_Ferns": 0, "count_Insects": 6, "count_Birds": 4, "count_Flowering Plants": 1, "count_Amphibians": 4, "count_Mammals": 2, "count_Arachnids": 1, "count_Mosses": 0, "count_Molluscs": 0, "count_Gymnosperms": 0, "count_Basidiomycota": 0, "count_Sac Fungi": 0, "unique_species_count": 28.0, "countryCode": "VN" }, "geometry": { "type": "MultiPolygon", "coordinates": [ [ [ [ 104.956615431258584, 19.090075325130027 ], [ 105.228830601251076, 18.699620948144037 ], [ 104.929537944622027, 18.316055681360339 ], [ 104.360875251885901, 18.321079177256347 ], [ 104.087051644305106, 18.711504968519531 ], [ 104.383480978207231, 19.096936820289997 ], [ 104.956615431258584, 19.090075325130027 ] ] ] ] } },
{ "type": "Feature", "properties": { "geogrid_id": "819080860105531117", "seqnum": 52962.0, "lat_c": 19.080860001185759, "lon_c": 105.53111680002768, "res": 8.0, "count_Reptiles": 1, "count_Ferns": 0, "count_Insects": 6, "count_Birds": 11, "count_Flowering Plants": 25, "count_Amphibians": 0, "count_Mammals": 2, "count_Arachnids": 1, "count_Mosses": 0, "count_Molluscs": 0, "count_Gymnosperms": 0, "count_Basidiomycota": 0, "count_Sac Fungi": 0, "unique_species_count": 46.0, "countryCode": "VN" }, "geometry": { "type": "MultiPolygon", "coordinates": [ [ [ [ 105.836550214426865, 19.459551647706231 ], [ 106.10713864530284, 19.069060910609831 ], [ 105.801709706943114, 18.690275582698479 ], [ 105.228830601251076, 18.699620948144037 ], [ 104.956615431258584, 19.090075325130027 ], [ 105.258892771328433, 19.471214412220732 ], [ 105.836550214426865, 19.459551647706231 ] ] ] ] } },
{ "type": "Feature", "properties": { "geogrid_id": "819101644103811574", "seqnum": 52799.0, "lat_c": 19.101644483940163, "lon_c": 103.81157371716969, "res": 8.0, "count_Reptiles": 0, "count_Ferns": 0, "count_Insects": 0, "count_Birds": 0, "count_Flowering Plants": 0, "count_Amphibians": 0, "count_Mammals": 4, "count_Arachnids": 0, "count_Mosses": 0, "count_Molluscs": 0, "count_Gymnosperms": 0, "count_Basidiomycota": 1, "count_Sac Fungi": 0, "unique_species_count": 5.0, "countryCode": "VN" }, "geometry": { "type": "MultiPolygon", "coordinates": [ [ [ [ 104.107959473541101, 19.486973974099431 ], [ 104.383480978207231, 19.096936820289997 ], [ 104.087051644305106, 18.711504968519531 ], [ 103.517880489056438, 18.714421984148242 ], [ 103.240766163309686, 19.104372868490582 ], [ 103.53439524079046, 19.491495410592599 ], [ 104.107959473541101, 19.486973974099431 ] ] ] ] } },
{ "type": "Feature", "properties": { "geogrid_id": "819480280104682746", "seqnum": 52881.0, "lat_c": 19.480279559712731, "lon_c": 104.68274614613209, "res": 8.0, "count_Reptiles": 0, "count_Ferns": 0, "count_Insects": 28, "count_Birds": 1, "count_Flowering Plants": 8, "count_Amphibians": 0, "count_Mammals": 17, "count_Arachnids": 1, "count_Mosses": 0, "count_Molluscs": 0, "count_Gymnosperms": 0, "count_Basidiomycota": 0, "count_Sac Fungi": 0, "unique_species_count": 55.0, "countryCode": "VN" }, "geometry": { "type": "MultiPolygon", "coordinates": [ [ [ [ 104.984992563712424, 19.861336420799883 ], [ 105.258892771328433, 19.471214412220732 ], [ 104.956615431258584, 19.090075325130027 ], [ 104.383480978207231, 19.096936820289997 ], [ 104.107959473541101, 19.486973974099431 ], [ 104.407177080876352, 19.870231194299151 ], [ 104.984992563712424, 19.861336420799883 ] ] ] ] } },
{ "type": "Feature", "properties": { "geogrid_id": "819849831105564309", "seqnum": 52963.0, "lat_c": 19.849830729293846, "lon_c": 105.5643091720092, "res": 8.0, "count_Reptiles": 3, "count_Ferns": 0, "count_Insects": 19, "count_Birds": 37, "count_Flowering Plants": 30, "count_Amphibians": 1, "count_Mammals": 28, "count_Arachnids": 1, "count_Mosses": 0, "count_Molluscs": 5, "count_Gymnosperms": 0, "count_Basidiomycota": 1, "count_Sac Fungi": 0, "unique_species_count": 125.0, "countryCode": "VN" }, "geometry": { "type": "MultiPolygon", "coordinates": [ [ [ [ 105.873021565300178, 20.22569065466325 ], [ 106.145289678517372, 19.835456956791912 ], [ 105.836550214426865, 19.459551647706231 ], [ 105.258892771328433, 19.471214412220732 ], [ 104.984992563712424, 19.861336420799883 ], [ 105.290370485151001, 20.239895391119301 ], [ 105.873021565300178, 20.22569065466325 ] ] ] ] } },
{ "type": "Feature", "properties": { "geogrid_id": "820133550108223928", "seqnum": 53208.0, "lat_c": 20.133550165068915, "lon_c": 108.22392782893556, "res": 8.0, "count_Reptiles": 0, "count_Ferns": 0, "count_Insects": 0, "count_Birds": 0, "count_Flowering Plants": 1, "count_Amphibians": 0, "count_Mammals": 0, "count_Arachnids": 0, "count_Mosses": 0, "count_Molluscs": 0, "count_Gymnosperms": 0, "count_Basidiomycota": 0, "count_Sac Fungi": 0, "unique_species_count": 1.0, "countryCode": "VN" }, "geometry": { "type": "MultiPolygon", "coordinates": [ [ [ [ 108.552005987647135, 20.490659723548308 ], [ 108.817859638411292, 20.099553660271212 ], [ 108.489728367878044, 19.742596405631627 ], [ 107.900101865027025, 19.771920198967894 ], [ 107.632727534607525, 20.162669147846181 ], [ 107.956512791860305, 20.524392913020254 ], [ 108.552005987647135, 20.490659723548308 ] ] ] ] } },
{ "type": "Feature", "properties": { "geogrid_id": "820208318106457499", "seqnum": 53045.0, "lat_c": 20.208317787264313, "lon_c": 106.45749922072694, "res": 8.0, "count_Reptiles": 15, "count_Ferns": 7, "count_Insects": 136, "count_Birds": 90, "count_Flowering Plants": 174, "count_Amphibians": 4, "count_Mammals": 13, "count_Arachnids": 6, "count_Mosses": 0, "count_Molluscs": 1, "count_Gymnosperms": 0, "count_Basidiomycota": 2, "count_Sac Fungi": 0, "unique_species_count": 448.0, "countryCode": "VN" }, "geometry": { "type": "MultiPolygon", "coordinates": [ [ [ [ 106.773348060861807, 20.577855194261346 ], [ 107.043996735904784, 20.187440525463757 ], [ 106.728113275481547, 19.817918611016228 ], [ 106.145289678517372, 19.835456956791912 ], [ 105.873021565300178, 20.22569065466325 ], [ 106.185191933425813, 20.598542084379297 ], [ 106.773348060861807, 20.577855194261346 ] ] ] ] } },
{ "type": "Feature", "properties": { "geogrid_id": "820251223104709371", "seqnum": 52882.0, "lat_c": 20.251223241246134, "lon_c": 104.70937051398893, "res": 8.0, "count_Reptiles": 4, "count_Ferns": 4, "count_Insects": 36, "count_Birds": 20, "count_Flowering Plants": 15, "count_Amphibians": 1, "count_Mammals": 37, "count_Arachnids": 2, "count_Mosses": 0, "count_Molluscs": 2, "count_Gymnosperms": 0, "count_Basidiomycota": 1, "count_Sac Fungi": 0, "unique_species_count": 122.0, "countryCode": "VN" }, "geometry": { "type": "MultiPolygon", "coordinates": [ [ [ [ 105.014688471314244, 20.629742490995 ], [ 105.290370485151001, 20.239895391119301 ], [ 104.984992563712424, 19.861336420799883 ], [ 104.407177080876352, 19.870231194299151 ], [ 104.129861970972073, 20.259927372363041 ], [ 104.43198031713797, 20.640871698153486 ], [ 105.014688471314244, 20.629742490995 ] ] ] ] } },
{ "type": "Feature", "properties": { "geogrid_id": "820553286107363712", "seqnum": 53127.0, "lat_c": 20.553286242001406, "lon_c": 107.36371167905334, "res": 8.0, "count_Reptiles": 35, "count_Ferns": 7, "count_Insects": 259, "count_Birds": 115, "count_Flowering Plants": 148, "count_Amphibians": 11, "count_Mammals": 23, "count_Arachnids": 19, "count_Mosses": 0, "count_Molluscs": 26, "count_Gymnosperms": 0, "count_Basidiomycota": 6, "count_Sac Fungi": 0, "unique_species_count": 649.0, "countryCode": "VN" }, "geometry": { "type": "MultiPolygon", "coordinates": [ [ [ [ 107.687440175549824, 20.915120737759253 ], [ 107.956512791860305, 20.524392913020254 ], [ 107.632727534607525, 20.162669147846181 ], [ 107.043996735904784, 20.187440525463757 ], [ 106.773348060861807, 20.577855194261346 ], [ 107.093010562665313, 20.943767705663138 ], [ 107.687440175549824, 20.915120737759253 ] ] ] ] } },
{ "type": "Feature", "properties": { "geogrid_id": "820615728105599035", "seqnum": 52964.0, "lat_c": 20.615727987851585, "lon_c": 105.59903505663374, "res": 8.0, "count_Reptiles": 54, "count_Ferns": 17, "count_Insects": 592, "count_Birds": 197, "count_Flowering Plants": 229, "count_Amphibians": 18, "count_Mammals": 28, "count_Arachnids": 20, "count_Mosses": 9, "count_Molluscs": 96, "count_Gymnosperms": 0, "count_Basidiomycota": 7, "count_Sac Fungi": 0, "unique_species_count": 1267.0, "countryCode": "VN" }, "geometry": { "type": "MultiPolygon", "coordinates": [ [ [ [ 105.911146341513657, 20.988587935996211 ], [ 106.185191933425813, 20.598542084379297 ], [ 105.873021565300178, 20.22569065466325 ], [ 105.290370485151001, 20.239895391119301 ], [ 105.014688471314244, 20.629742490995 ], [ 105.323284423997592, 21.005565436122854 ], [ 105.911146341513657, 20.988587935996211 ] ] ] ] } },
{ "type": "Feature", "properties": { "geogrid_id": "820649365103850754", "seqnum": 52801.0, "lat_c": 20.649364838785694, "lon_c": 103.85075391603436, "res": 8.0, "count_Reptiles": 0, "count_Ferns": 0, "count_Insects": 1, "count_Birds": 0, "count_Flowering Plants": 0, "count_Amphibians": 0, "count_Mammals": 0, "count_Arachnids": 0, "count_Mosses": 0, "count_Molluscs": 0, "count_Gymnosperms": 0, "count_Basidiomycota": 0, "count_Sac Fungi": 0, "unique_species_count": 1.0, "countryCode": "VN" }, "geometry": { "type": "MultiPolygon", "coordinates": [ [ [ [ 104.152774991029929, 21.030278226352159 ], [ 104.43198031713797, 20.640871698153486 ], [ 104.129861970972073, 20.259927372363041 ], [ 103.551699180335049, 20.266228611123918 ], [ 103.270866088834694, 20.655439744074751 ], [ 103.569805343994489, 21.038539939282465 ], [ 104.152774991029929, 21.030278226352159 ] ] ] ] } },
{ "type": "Feature", "properties": { "geogrid_id": "820881670108284524", "seqnum": 53209.0, "lat_c": 20.881670387692715, "lon_c": 108.28452363099083, "res": 8.0, "count_Reptiles": 0, "count_Ferns": 0, "count_Insects": 0, "count_Birds": 0, "count_Flowering Plants": 1, "count_Amphibians": 1, "count_Mammals": 2, "count_Arachnids": 0, "count_Mosses": 0, "count_Molluscs": 0, "count_Gymnosperms": 0, "count_Basidiomycota": 0, "count_Sac Fungi": 0, "unique_species_count": 4.0, "countryCode": "VN" }, "geometry": { "type": "MultiPolygon", "coordinates": [ [ [ [ 108.616955134525398, 21.234096736404346 ], [ 108.884534834340542, 20.842831138173342 ], [ 108.552005987647135, 20.490659723548308 ], [ 107.956512791860305, 20.524392913020254 ], [ 107.687440175549824, 20.915120737759253 ], [ 108.015369332976277, 21.272581382164947 ], [ 108.616955134525398, 21.234096736404346 ] ] ] ] } },
{ "type": "Feature", "properties": { "geogrid_id": "820968113106500987", "seqnum": 53046.0, "lat_c": 20.968112925181043, "lon_c": 106.50098730256346, "res": 8.0, "count_Reptiles": 22, "count_Ferns": 2, "count_Insects": 91, "count_Birds": 59, "count_Flowering Plants": 85, "count_Amphibians": 1, "count_Mammals": 11, "count_Arachnids": 7, "count_Mosses": 0, "count_Molluscs": 34, "count_Gymnosperms": 1, "count_Basidiomycota": 1, "count_Sac Fungi": 0, "unique_species_count": 314.0, "countryCode": "VN" }, "geometry": { "type": "MultiPolygon", "coordinates": [ [ [ [ 106.820579693831903, 21.334109466670128 ], [ 107.093010562665313, 20.943767705663138 ], [ 106.773348060861807, 20.577855194261346 ], [ 106.185191933425813, 20.598542084379297 ], [ 105.911146341513657, 20.988587935996211 ], [ 106.22686931127933, 21.358209741677683 ], [ 106.820579693831903, 21.334109466670128 ] ] ] ] } },
{ "type": "Feature", "properties": { "geogrid_id": "821019369104737217", "seqnum": 52883.0, "lat_c": 21.019368509109015, "lon_c": 104.73721676378696, "res": 8.0, "count_Reptiles": 16, "count_Ferns": 3, "count_Insects": 231, "count_Birds": 19, "count_Flowering Plants": 33, "count_Amphibians": 2, "count_Mammals": 18, "count_Arachnids": 4, "count_Mosses": 0, "count_Molluscs": 4, "count_Gymnosperms": 1, "count_Basidiomycota": 1, "count_Sac Fungi": 1, "unique_species_count": 333.0, "countryCode": "VN" }, "geometry": { "type": "MultiPolygon", "coordinates": [ [ [ [ 105.045723212677004, 21.395199116360377 ], [ 105.323284423997592, 21.005565436122854 ], [ 105.014688471314244, 20.629742490995 ], [ 104.43198031713797, 20.640871698153486 ], [ 104.152774991029929, 21.030278226352159 ], [ 104.457908277467041, 21.408769547352545 ], [ 105.045723212677004, 21.395199116360377 ] ] ] ] } },
{ "type": "Feature", "properties": { "geogrid_id": "821044369102988167", "seqnum": 52720.0, "lat_c": 21.044368510125345, "lon_c": 102.9881670765099, "res": 8.0, "count_Reptiles": 7, "count_Ferns": 0, "count_Insects": 12, "count_Birds": 4, "count_Flowering Plants": 13, "count_Amphibians": 0, "count_Mammals": 2, "count_Arachnids": 0, "count_Mosses": 0, "count_Molluscs": 0, "count_Gymnosperms": 0, "count_Basidiomycota": 0, "count_Sac Fungi": 0, "unique_species_count": 38.0, "countryCode": "VN" }, "geometry": { "type": "MultiPolygon", "coordinates": [ [ [ [ 103.286967975685513, 21.427448618945881 ], [ 103.569805343994489, 21.038539939282465 ], [ 103.270866088834694, 20.655439744074751 ], [ 102.69218567608138, 20.659287406375835 ], [ 102.407731054890107, 21.047952678735488 ], [ 102.703553304668915, 21.433010716922976 ], [ 103.286967975685513, 21.427448618945881 ] ] ] ] } },
{ "type": "Feature", "properties": { "geogrid_id": "821305729107416666", "seqnum": 53128.0, "lat_c": 21.305729459190555, "lon_c": 107.41666613300876, "res": 8.0, "count_Reptiles": 4, "count_Ferns": 0, "count_Insects": 11, "count_Birds": 7, "count_Flowering Plants": 8, "count_Amphibians": 2, "count_Mammals": 4, "count_Arachnids": 0, "count_Mosses": 0, "count_Molluscs": 6, "count_Gymnosperms": 0, "count_Basidiomycota": 0, "count_Sac Fungi": 0, "unique_species_count": 42.0, "countryCode": "VN" }, "geometry": { "type": "MultiPolygon", "coordinates": [ [ [ [ 107.744499057470179, 21.663388190786481 ], [ 108.015369332976277, 21.272581382164947 ], [ 107.687440175549824, 20.915120737759253 ], [ 107.093010562665313, 20.943767705663138 ], [ 106.820579693831903, 21.334109466670128 ], [ 107.144146023146519, 21.696214624396251 ], [ 107.744499057470179, 21.663388190786481 ] ] ] ] } },
{ "type": "Feature", "properties": { "geogrid_id": "821378451105635317", "seqnum": 52965.0, "lat_c": 21.378451431601768, "lon_c": 105.63531663762646, "res": 8.0, "count_Reptiles": 60, "count_Ferns": 14, "count_Insects": 332, "count_Birds": 182, "count_Flowering Plants": 256, "count_Amphibians": 24, "count_Mammals": 45, "count_Arachnids": 23, "count_Mosses": 5, "count_Molluscs": 36, "count_Gymnosperms": 2, "count_Basidiomycota": 17, "count_Sac Fungi": 2, "unique_species_count": 998.0, "countryCode": "VN" }, "geometry": { "type": "MultiPolygon", "coordinates": [ [ [ [ 105.950948160919268, 21.74814134293651 ], [ 106.22686931127933, 21.358209741677683 ], [ 105.911146341513657, 20.988587935996211 ], [ 105.323284423997592, 21.005565436122854 ], [ 105.045723212677004, 21.395199116360377 ], [ 105.357656246940863, 21.768128314738249 ], [ 105.950948160919268, 21.74814134293651 ] ] ] ] } },
{ "type": "Feature", "properties": { "geogrid_id": "821419439103871707", "seqnum": 52802.0, "lat_c": 21.419438869934716, "lon_c": 103.87170684151566, "res": 8.0, "count_Reptiles": 2, "count_Ferns": 0, "count_Insects": 5, "count_Birds": 26, "count_Flowering Plants": 12, "count_Amphibians": 0, "count_Mammals": 2, "count_Arachnids": 1, "count_Mosses": 0, "count_Molluscs": 1, "count_Gymnosperms": 0, "count_Basidiomycota": 0, "count_Sac Fungi": 0, "unique_species_count": 49.0, "countryCode": "VN" }, "geometry": { "type": "MultiPolygon", "coordinates": [ [ [ [ 104.176715174856412, 21.797941327708429 ], [ 104.457908277467041, 21.408769547352545 ], [ 104.152774991029929, 21.030278226352159 ], [ 103.569805343994489, 21.038539939282465 ], [ 103.286967975685513, 21.427448618945881 ], [ 103.588727427777457, 21.808349280378831 ], [ 104.176715174856412, 21.797941327708429 ] ] ] ] } },
{ "type": "Feature", "properties": { "geogrid_id": "821625276108347691", "seqnum": 53210.0, "lat_c": 21.625275627045873, "lon_c": 108.34769104885147, "res": 8.0, "count_Reptiles": 0, "count_Ferns": 0, "count_Insects": 0, "count_Birds": 1, "count_Flowering Plants": 0, "count_Amphibians": 0, "count_Mammals": 0, "count_Arachnids": 0, "count_Mosses": 0, "count_Molluscs": 0, "count_Gymnosperms": 0, "count_Basidiomycota": 0, "count_Sac Fungi": 0, "unique_species_count": 1.0, "countryCode": "VN" }, "geometry": { "type": "MultiPolygon", "coordinates": [ [ [ [ 108.684601670048195, 21.972778514710946 ], [ 108.954006987084583, 21.581233109560085 ], [ 108.616955134525398, 21.234096736404346 ], [ 108.015369332976277, 21.272581382164947 ], [ 107.744499057470179, 21.663388190786481 ], [ 108.076698260563674, 22.016363064789633 ], [ 108.684601670048195, 21.972778514710946 ] ] ] ] } },
{ "type": "Feature", "properties": { "geogrid_id": "821724307106546374", "seqnum": 53047.0, "lat_c": 21.724307153230168, "lon_c": 106.54637379540803, "res": 8.0, "count_Reptiles": 5, "count_Ferns": 1, "count_Insects": 52, "count_Birds": 13, "count_Flowering Plants": 24, "count_Amphibians": 2, "count_Mammals": 7, "count_Arachnids": 2, "count_Mosses": 0, "count_Molluscs": 12, "count_Gymnosperms": 0, "count_Basidiomycota": 0, "count_Sac Fungi": 0, "unique_species_count": 118.0, "countryCode": "VN" }, "geometry": { "type": "MultiPolygon", "coordinates": [ [ [ [ 106.869834382178681, 22.086571502519067 ], [ 107.144146023146519, 21.696214624396251 ], [ 106.820579693831903, 21.334109466670128 ], [ 106.22686931127933, 21.358209741677683 ], [ 105.950948160919268, 21.74814134293651 ], [ 106.270346774830699, 22.114356089899442 ], [ 106.869834382178681, 22.086571502519067 ] ] ] ] } },
{ "type": "Feature", "properties": { "geogrid_id": "821784625104766304", "seqnum": 52884.0, "lat_c": 21.784624780998026, "lon_c": 104.76630420858577, "res": 8.0, "count_Reptiles": 9, "count_Ferns": 0, "count_Insects": 120, "count_Birds": 17, "count_Flowering Plants": 25, "count_Amphibians": 2, "count_Mammals": 0, "count_Arachnids": 3, "count_Mosses": 0, "count_Molluscs": 131, "count_Gymnosperms": 0, "count_Basidiomycota": 3, "count_Sac Fungi": 1, "unique_species_count": 311.0, "countryCode": "VN" }, "geometry": { "type": "MultiPolygon", "coordinates": [ [ [ [ 105.078117794975626, 22.157613980305928 ], [ 105.357656246940863, 21.768128314738249 ], [ 105.045723212677004, 21.395199116360377 ], [ 104.457908277467041, 21.408769547352545 ], [ 104.176715174856412, 21.797941327708429 ], [ 104.484979405134681, 22.173837815540406 ], [ 105.078117794975626, 22.157613980305928 ] ] ] ] } },
{ "type": "Feature", "properties": { "geogrid_id": "821816086103002193", "seqnum": 52721.0, "lat_c": 21.816086419932496, "lon_c": 103.00219278972398, "res": 8.0, "count_Reptiles": 2, "count_Ferns": 2, "count_Insects": 8, "count_Birds": 11, "count_Flowering Plants": 28, "count_Amphibians": 0, "count_Mammals": 20, "count_Arachnids": 2, "count_Mosses": 0, "count_Molluscs": 0, "count_Gymnosperms": 0, "count_Basidiomycota": 0, "count_Sac Fungi": 0, "unique_species_count": 73.0, "countryCode": "VN" }, "geometry": { "type": "MultiPolygon", "coordinates": [ [ [ [ 103.303787527842658, 22.197004713797821 ], [ 103.588727427777457, 21.808349280378831 ], [ 103.286967975685513, 21.427448618945881 ], [ 102.703553304668915, 21.433010716922976 ], [ 102.416975195623067, 21.821361760860356 ], [ 102.715429987589772, 22.204448478317261 ], [ 103.303787527842658, 22.197004713797821 ] ] ] ] } },
{ "type": "Feature", "properties": { "geogrid_id": "822137903105673177", "seqnum": 52966.0, "lat_c": 22.137903100668147, "lon_c": 105.67317711792759, "res": 8.0, "count_Reptiles": 31, "count_Ferns": 3, "count_Insects": 147, "count_Birds": 45, "count_Flowering Plants": 21, "count_Amphibians": 4, "count_Mammals": 24, "count_Arachnids": 6, "count_Mosses": 0, "count_Molluscs": 14, "count_Gymnosperms": 0, "count_Basidiomycota": 0, "count_Sac Fungi": 0, "unique_species_count": 295.0, "countryCode": "VN" }, "geometry": { "type": "MultiPolygon", "coordinates": [ [ [ [ 105.992451693907384, 22.504251292816175 ], [ 106.270346774830699, 22.114356089899442 ], [ 105.950948160919268, 21.74814134293651 ], [ 105.357656246940863, 21.768128314738249 ], [ 105.078117794975626, 22.157613980305928 ], [ 105.393508609961259, 22.527490055083742 ], [ 105.992451693907384, 22.504251292816175 ] ] ] ] } },
{ "type": "Feature", "properties": { "geogrid_id": "822186879103893589", "seqnum": 52803.0, "lat_c": 22.186879189738708, "lon_c": 103.89358883216778, "res": 8.0, "count_Reptiles": 24, "count_Ferns": 15, "count_Insects": 383, "count_Birds": 130, "count_Flowering Plants": 210, "count_Amphibians": 10, "count_Mammals": 41, "count_Arachnids": 9, "count_Mosses": 14, "count_Molluscs": 5, "count_Gymnosperms": 3, "count_Basidiomycota": 7, "count_Sac Fungi": 0, "unique_species_count": 851.0, "countryCode": "VN" }, "geometry": { "type": "MultiPolygon", "coordinates": [ [ [ [ 104.201699970060147, 22.562833235207467 ], [ 104.484979405134681, 22.173837815540406 ], [ 104.176715174856412, 21.797941327708429 ], [ 103.588727427777457, 21.808349280378831 ], [ 103.303787527842658, 22.197004713797821 ], [ 103.608479805454948, 22.575578087203873 ], [ 104.201699970060147, 22.562833235207467 ] ] ] ] } },
{ "type": "Feature", "properties": { "geogrid_id": "822209417102128382", "seqnum": 52640.0, "lat_c": 22.209416623415493, "lon_c": 102.12838239747923, "res": 8.0, "count_Reptiles": 0, "count_Ferns": 0, "count_Insects": 0, "count_Birds": 0, "count_Flowering Plants": 1, "count_Amphibians": 0, "count_Mammals": 5, "count_Arachnids": 0, "count_Mosses": 0, "count_Molluscs": 0, "count_Gymnosperms": 0, "count_Basidiomycota": 0, "count_Sac Fungi": 0, "unique_species_count": 6.0, "countryCode": "VN" }, "geometry": { "type": "MultiPolygon", "coordinates": [ [ [ [ 102.426628958815684, 22.592529520135734 ], [ 102.715429987589772, 22.204448478317261 ], [ 102.416975195623067, 21.821361760860356 ], [ 101.832949428664719, 21.824359561372138 ], [ 101.542521433220088, 22.212091183762062 ], [ 101.83772374906772, 22.597169866719071 ], [ 102.426628958815684, 22.592529520135734 ] ] ] ] } },
{ "type": "Feature", "properties": { "geogrid_id": "822476795106593685", "seqnum": 53048.0, "lat_c": 22.476795079007836, "lon_c": 106.59368489458031, "res": 8.0, "count_Reptiles": 5, "count_Ferns": 4, "count_Insects": 97, "count_Birds": 9, "count_Flowering Plants": 27, "count_Amphibians": 1, "count_Mammals": 11, "count_Arachnids": 0, "count_Mosses": 0, "count_Molluscs": 5, "count_Gymnosperms": 0, "count_Basidiomycota": 0, "count_Sac Fungi": 0, "unique_species_count": 159.0, "countryCode": "VN" }, "geometry": { "type": "MultiPolygon", "coordinates": [ [ [ [ 106.921139416048248, 22.835134517768797 ], [ 107.197430261375317, 22.444669918810472 ], [ 106.869834382178681, 22.086571502519067 ], [ 106.270346774830699, 22.114356089899442 ], [ 105.992451693907384, 22.504251292816175 ], [ 106.315650363542559, 22.866880049245438 ], [ 106.921139416048248, 22.835134517768797 ] ] ] ] } },
{ "type": "Feature", "properties": { "geogrid_id": "822546903104796653", "seqnum": 52885.0, "lat_c": 22.546903471004047, "lon_c": 104.7966530752731, "res": 8.0, "count_Reptiles": 11, "count_Ferns": 4, "count_Insects": 125, "count_Birds": 11, "count_Flowering Plants": 47, "count_Amphibians": 3, "count_Mammals": 11, "count_Arachnids": 3, "count_Mosses": 0, "count_Molluscs": 6, "count_Gymnosperms": 1, "count_Basidiomycota": 0, "count_Sac Fungi": 0, "unique_species_count": 222.0, "countryCode": "VN" }, "geometry": { "type": "MultiPolygon", "coordinates": [ [ [ [ 105.111894194284204, 22.916896910083331 ], [ 105.393508609961259, 22.527490055083742 ], [ 105.078117794975626, 22.157613980305928 ], [ 104.484979405134681, 22.173837815540406 ], [ 104.201699970060147, 22.562833235207467 ], [ 104.513213016886723, 22.935991472944085 ], [ 105.111894194284204, 22.916896910083331 ] ] ] ] } },
{ "type": "Feature", "properties": { "geogrid_id": "822585400103016837", "seqnum": 52722.0, "lat_c": 22.58540002734571, "lon_c": 103.01683710417018, "res": 8.0, "count_Reptiles": 4, "count_Ferns": 0, "count_Insects": 6, "count_Birds": 11, "count_Flowering Plants": 10, "count_Amphibians": 0, "count_Mammals": 21, "count_Arachnids": 1, "count_Mosses": 2, "count_Molluscs": 2, "count_Gymnosperms": 0, "count_Basidiomycota": 0, "count_Sac Fungi": 0, "unique_species_count": 57.0, "countryCode": "VN" }, "geometry": { "type": "MultiPolygon", "coordinates": [ [ [ [ 103.321337796686265, 22.964032583841725 ], [ 103.608479805454948, 22.575578087203873 ], [ 103.303787527842658, 22.197004713797821 ], [ 102.715429987589772, 22.204448478317261 ], [ 102.426628958815684, 22.592529520135734 ], [ 102.727825269228703, 22.973529674799785 ], [ 103.321337796686265, 22.964032583841725 ] ] ] ] } },
{ "type": "Feature", "properties": { "geogrid_id": "822893987105712641", "seqnum": 52967.0, "lat_c": 22.893987464217417, "lon_c": 105.71264073821831, "res": 8.0, "count_Reptiles": 10, "count_Ferns": 1, "count_Insects": 254, "count_Birds": 18, "count_Flowering Plants": 34, "count_Amphibians": 4, "count_Mammals": 1, "count_Arachnids": 3, "count_Mosses": 0, "count_Molluscs": 2, "count_Gymnosperms": 1, "count_Basidiomycota": 3, "count_Sac Fungi": 1, "unique_species_count": 332.0, "countryCode": "VN" }, "geometry": { "type": "MultiPolygon", "coordinates": [ [ [ [ 106.035682680887845, 23.256820811574869 ], [ 106.315650363542559, 22.866880049245438 ], [ 105.992451693907384, 22.504251292816175 ], [ 105.393508609961259, 22.527490055083742 ], [ 105.111894194284204, 22.916896910083331 ], [ 105.430865186078577, 23.283558986262207 ], [ 106.035682680887845, 23.256820811574869 ] ] ] ] } },
{ "type": "Feature", "properties": { "geogrid_id": "822951606103916416", "seqnum": 52804.0, "lat_c": 22.951605680735273, "lon_c": 103.91641621213427, "res": 8.0, "count_Reptiles": 2, "count_Ferns": 0, "count_Insects": 6, "count_Birds": 4, "count_Flowering Plants": 10, "count_Amphibians": 1, "count_Mammals": 2, "count_Arachnids": 0, "count_Mosses": 0, "count_Molluscs": 0, "count_Gymnosperms": 1, "count_Basidiomycota": 1, "count_Sac Fungi": 1, "unique_species_count": 28.0, "countryCode": "VN" }, "geometry": { "type": "MultiPolygon", "coordinates": [ [ [ [ 104.227747651607274, 23.324872310463729 ], [ 104.513213016886723, 22.935991472944085 ], [ 104.201699970060147, 22.562833235207467 ], [ 103.608479805454948, 22.575578087203873 ], [ 103.321337796686265, 22.964032583841725 ], [ 103.629077547685256, 23.340149413359775 ], [ 104.227747651607274, 23.324872310463729 ] ] ] ] } },
{ "type": "Feature", "properties": { "geogrid_id": "823225474106642948", "seqnum": 53049.0, "lat_c": 23.225474274746357, "lon_c": 106.64294788603985, "res": 8.0, "count_Reptiles": 0, "count_Ferns": 4, "count_Insects": 23, "count_Birds": 12, "count_Flowering Plants": 9, "count_Amphibians": 0, "count_Mammals": 2, "count_Arachnids": 1, "count_Mosses": 0, "count_Molluscs": 3, "count_Gymnosperms": 0, "count_Basidiomycota": 0, "count_Sac Fungi": 0, "unique_species_count": 54.0, "countryCode": "VN" }, "geometry": { "type": "MultiPolygon", "coordinates": [ [ [ [ 106.974523178807274, 23.579694911988234 ], [ 107.252891496806342, 23.189025603685806 ], [ 106.921139416048248, 22.835134517768797 ], [ 106.315650363542559, 22.866880049245438 ], [ 106.035682680887845, 23.256820811574869 ], [ 106.362807209536172, 23.615683339758579 ], [ 106.974523178807274, 23.579694911988234 ] ] ] ] } },
{ "type": "Feature", "properties": { "geogrid_id": "823306118104828285", "seqnum": 52886.0, "lat_c": 23.306118027684935, "lon_c": 104.82828452581644, "res": 8.0, "count_Reptiles": 7, "count_Ferns": 2, "count_Insects": 73, "count_Birds": 17, "count_Flowering Plants": 46, "count_Amphibians": 1, "count_Mammals": 6, "count_Arachnids": 3, "count_Mosses": 0, "count_Molluscs": 1, "count_Gymnosperms": 2, "count_Basidiomycota": 0, "count_Sac Fungi": 0, "unique_species_count": 158.0, "countryCode": "VN" }, "geometry": { "type": "MultiPolygon", "coordinates": [ [ [ [ 105.147075377009841, 23.672959914179746 ], [ 105.430865186078577, 23.283558986262207 ], [ 105.111894194284204, 22.916896910083331 ], [ 104.513213016886723, 22.935991472944085 ], [ 104.227747651607274, 23.324872310463729 ], [ 104.542629324780734, 23.695147421716651 ], [ 105.147075377009841, 23.672959914179746 ] ] ] ] } }
]
}
